ForkPoolWorker-1: Calling delphi to calculate conformer GLU01A0697_001 in /tmp/pbe_data.data.home.granepura.5-kinases.cof_tpl_mg.run_prot2.3ug2_GLU01A0697_001
ForkPoolWorker-1: Calling delphi to calculate conformer GLU01A0697_002 in /tmp/pbe_data.data.home.granepura.5-kinases.cof_tpl_mg.run_prot2.3ug2_GLU01A0697_002
ForkPoolWorker-1: Calling delphi to calculate conformer GLU02A0697_003 in /tmp/pbe_data.data.home.granepura.5-kinases.cof_tpl_mg.run_prot2.3ug2_GLU02A0697_003
ForkPoolWorker-1: Calling delphi to calculate conformer GLU02A0697_004 in /tmp/pbe_data.data.home.granepura.5-kinases.cof_tpl_mg.run_prot2.3ug2_GLU02A0697_004
ForkPoolWorker-1: Calling delphi to calculate conformer GLU-1A0697_005 in /tmp/pbe_data.data.home.granepura.5-kinases.cof_tpl_mg.run_prot2.3ug2_GLU-1A0697_005
Skipping PBE solver for non-charge conformer ALA01A0698_001...
Skipping PBE solver for non-charge conformer PRO01A0699_001...
ForkPoolWorker-1: Calling delphi to calculate conformer ASN01A0700_001 in /tmp/pbe_data.data.home.granepura.5-kinases.cof_tpl_mg.run_prot2.3ug2_ASN01A0700_001
ForkPoolWorker-1: Calling delphi to calculate conformer ASN01A0700_002 in /tmp/pbe_data.data.home.granepura.5-kinases.cof_tpl_mg.run_prot2.3ug2_ASN01A0700_002
ForkPoolWorker-1: Calling delphi to calculate conformer ASN01A0700_003 in /tmp/pbe_data.data.home.granepura.5-kinases.cof_tpl_mg.run_prot2.3ug2_ASN01A0700_003
ForkPoolWorker-1: Calling delphi to calculate conformer GLN01A0701_001 in /tmp/pbe_data.data.home.granepura.5-kinases.cof_tpl_mg.run_prot2.3ug2_GLN01A0701_001
ForkPoolWorker-1: Calling delphi to calculate conformer GLN01A0701_002 in /tmp/pbe_data.data.home.granepura.5-kinases.cof_tpl_mg.run_prot2.3ug2_GLN01A0701_002
Skipping PBE solver for non-charge conformer ALA01A0702_001...
Skipping PBE solver for non-charge conformer LEU01A0703_001...
Skipping PBE solver for non-charge conformer LEU01A0704_001...
ForkPoolWorker-1: Calling delphi to calculate conformer ARG01A0705_001 in /tmp/pbe_data.data.home.granepura.5-kinases.cof_tpl_mg.run_prot2.3ug2_ARG01A0705_001
ForkPoolWorker-1: Calling delphi to calculate conformer ARG02A0705_002 in /tmp/pbe_data.data.home.granepura.5-kinases.cof_tpl_mg.run_prot2.3ug2_ARG02A0705_002
ForkPoolWorker-1: Calling delphi to calculate conformer ARG02A0705_003 in /tmp/pbe_data.data.home.granepura.5-kinases.cof_tpl_mg.run_prot2.3ug2_ARG02A0705_003
ForkPoolWorker-1: Calling delphi to calculate conformer ARG03A0705_004 in /tmp/pbe_data.data.home.granepura.5-kinases.cof_tpl_mg.run_prot2.3ug2_ARG03A0705_004
ForkPoolWorker-1: Calling delphi to calculate conformer ARG03A0705_005 in /tmp/pbe_data.data.home.granepura.5-kinases.cof_tpl_mg.run_prot2.3ug2_ARG03A0705_005
ForkPoolWorker-1: Calling delphi to calculate conformer ARG+1A0705_006 in /tmp/pbe_data.data.home.granepura.5-kinases.cof_tpl_mg.run_prot2.3ug2_ARG+1A0705_006
Skipping PBE solver for non-charge conformer ILE01A0706_001...
Skipping PBE solver for non-charge conformer LEU01A0707_001...
ForkPoolWorker-1: Calling delphi to calculate conformer LYS01A0708_001 in /tmp/pbe_data.data.home.granepura.5-kinases.cof_tpl_mg.run_prot2.3ug2_LYS01A0708_001
ForkPoolWorker-1: Calling delphi to calculate conformer LYS+1A0708_002 in /tmp/pbe_data.data.home.granepura.5-kinases.cof_tpl_mg.run_prot2.3ug2_LYS+1A0708_002
ForkPoolWorker-1: Calling delphi to calculate conformer GLU01A0709_001 in /tmp/pbe_data.data.home.granepura.5-kinases.cof_tpl_mg.run_prot2.3ug2_GLU01A0709_001
ForkPoolWorker-1: Calling delphi to calculate conformer GLU01A0709_002 in /tmp/pbe_data.data.home.granepura.5-kinases.cof_tpl_mg.run_prot2.3ug2_GLU01A0709_002
ForkPoolWorker-1: Calling delphi to calculate conformer GLU02A0709_003 in /tmp/pbe_data.data.home.granepura.5-kinases.cof_tpl_mg.run_prot2.3ug2_GLU02A0709_003
ForkPoolWorker-1: Calling delphi to calculate conformer GLU02A0709_004 in /tmp/pbe_data.data.home.granepura.5-kinases.cof_tpl_mg.run_prot2.3ug2_GLU02A0709_004
ForkPoolWorker-1: Calling delphi to calculate conformer GLU-1A0709_005 in /tmp/pbe_data.data.home.granepura.5-kinases.cof_tpl_mg.run_prot2.3ug2_GLU-1A0709_005
ForkPoolWorker-1: Calling delphi to calculate conformer THR01A0710_001 in /tmp/pbe_data.data.home.granepura.5-kinases.cof_tpl_mg.run_prot2.3ug2_THR01A0710_001
ForkPoolWorker-1: Calling delphi to calculate conformer GLU01A0711_001 in /tmp/pbe_data.data.home.granepura.5-kinases.cof_tpl_mg.run_prot2.3ug2_GLU01A0711_001
ForkPoolWorker-1: Calling delphi to calculate conformer GLU01A0711_002 in /tmp/pbe_data.data.home.granepura.5-kinases.cof_tpl_mg.run_prot2.3ug2_GLU01A0711_002
ForkPoolWorker-1: Calling delphi to calculate conformer GLU02A0711_003 in /tmp/pbe_data.data.home.granepura.5-kinases.cof_tpl_mg.run_prot2.3ug2_GLU02A0711_003
ForkPoolWorker-1: Calling delphi to calculate conformer GLU02A0711_004 in /tmp/pbe_data.data.home.granepura.5-kinases.cof_tpl_mg.run_prot2.3ug2_GLU02A0711_004
ForkPoolWorker-1: Calling delphi to calculate conformer GLU-1A0711_005 in /tmp/pbe_data.data.home.granepura.5-kinases.cof_tpl_mg.run_prot2.3ug2_GLU-1A0711_005
Skipping PBE solver for non-charge conformer PHE01A0712_001...
ForkPoolWorker-1: Calling delphi to calculate conformer LYS01A0713_001 in /tmp/pbe_data.data.home.granepura.5-kinases.cof_tpl_mg.run_prot2.3ug2_LYS01A0713_001
ForkPoolWorker-1: Calling delphi to calculate conformer LYS+1A0713_002 in /tmp/pbe_data.data.home.granepura.5-kinases.cof_tpl_mg.run_prot2.3ug2_LYS+1A0713_002
ForkPoolWorker-1: Calling delphi to calculate conformer LYS01A0714_001 in /tmp/pbe_data.data.home.granepura.5-kinases.cof_tpl_mg.run_prot2.3ug2_LYS01A0714_001
ForkPoolWorker-1: Calling delphi to calculate conformer LYS+1A0714_002 in /tmp/pbe_data.data.home.granepura.5-kinases.cof_tpl_mg.run_prot2.3ug2_LYS+1A0714_002
Skipping PBE solver for non-charge conformer ILE01A0715_001...
ForkPoolWorker-1: Calling delphi to calculate conformer LYS01A0716_001 in /tmp/pbe_data.data.home.granepura.5-kinases.cof_tpl_mg.run_prot2.3ug2_LYS01A0716_001
ForkPoolWorker-1: Calling delphi to calculate conformer LYS+1A0716_002 in /tmp/pbe_data.data.home.granepura.5-kinases.cof_tpl_mg.run_prot2.3ug2_LYS+1A0716_002
Skipping PBE solver for non-charge conformer VAL01A0717_001...
Skipping PBE solver for non-charge conformer LEU01A0718_001...
ForkPoolWorker-1: Calling delphi to calculate conformer SER01A0719_001 in /tmp/pbe_data.data.home.granepura.5-kinases.cof_tpl_mg.run_prot2.3ug2_SER01A0719_001
ForkPoolWorker-1: Calling delphi to calculate conformer SER01A0720_001 in /tmp/pbe_data.data.home.granepura.5-kinases.cof_tpl_mg.run_prot2.3ug2_SER01A0720_001
ForkPoolWorker-1: Calling delphi to calculate conformer SER01A0720_002 in /tmp/pbe_data.data.home.granepura.5-kinases.cof_tpl_mg.run_prot2.3ug2_SER01A0720_002
ForkPoolWorker-1: Calling delphi to calculate conformer THR01A0725_001 in /tmp/pbe_data.data.home.granepura.5-kinases.cof_tpl_mg.run_prot2.3ug2_THR01A0725_001
ForkPoolWorker-1: Calling delphi to calculate conformer THR01A0725_002 in /tmp/pbe_data.data.home.granepura.5-kinases.cof_tpl_mg.run_prot2.3ug2_THR01A0725_002
Skipping PBE solver for non-charge conformer VAL01A0726_001...
ForkPoolWorker-1: Calling delphi to calculate conformer TYR01A0727_001 in /tmp/pbe_data.data.home.granepura.5-kinases.cof_tpl_mg.run_prot2.3ug2_TYR01A0727_001
ForkPoolWorker-1: Calling delphi to calculate conformer TYR01A0727_002 in /tmp/pbe_data.data.home.granepura.5-kinases.cof_tpl_mg.run_prot2.3ug2_TYR01A0727_002
ForkPoolWorker-1: Calling delphi to calculate conformer TYR-1A0727_003 in /tmp/pbe_data.data.home.granepura.5-kinases.cof_tpl_mg.run_prot2.3ug2_TYR-1A0727_003
ForkPoolWorker-1: Calling delphi to calculate conformer LYS01A0728_001 in /tmp/pbe_data.data.home.granepura.5-kinases.cof_tpl_mg.run_prot2.3ug2_LYS01A0728_001
ForkPoolWorker-1: Calling delphi to calculate conformer LYS+1A0728_002 in /tmp/pbe_data.data.home.granepura.5-kinases.cof_tpl_mg.run_prot2.3ug2_LYS+1A0728_002
Skipping PBE solver for non-charge conformer LEU01A0730_001...
Skipping PBE solver for non-charge conformer TRP01A0731_001...
Skipping PBE solver for non-charge conformer ILE01A0732_001...
Skipping PBE solver for non-charge conformer PRO01A0733_001...
ForkPoolWorker-1: Calling delphi to calculate conformer GLU01A0734_001 in /tmp/pbe_data.data.home.granepura.5-kinases.cof_tpl_mg.run_prot2.3ug2_GLU01A0734_001
ForkPoolWorker-1: Calling delphi to calculate conformer GLU01A0734_002 in /tmp/pbe_data.data.home.granepura.5-kinases.cof_tpl_mg.run_prot2.3ug2_GLU01A0734_002
ForkPoolWorker-1: Calling delphi to calculate conformer GLU02A0734_003 in /tmp/pbe_data.data.home.granepura.5-kinases.cof_tpl_mg.run_prot2.3ug2_GLU02A0734_003
ForkPoolWorker-1: Calling delphi to calculate conformer GLU02A0734_004 in /tmp/pbe_data.data.home.granepura.5-kinases.cof_tpl_mg.run_prot2.3ug2_GLU02A0734_004
ForkPoolWorker-1: Calling delphi to calculate conformer GLU-1A0734_005 in /tmp/pbe_data.data.home.granepura.5-kinases.cof_tpl_mg.run_prot2.3ug2_GLU-1A0734_005
ForkPoolWorker-1: Calling delphi to calculate conformer GLU01A0736_001 in /tmp/pbe_data.data.home.granepura.5-kinases.cof_tpl_mg.run_prot2.3ug2_GLU01A0736_001
ForkPoolWorker-1: Calling delphi to calculate conformer GLU01A0736_002 in /tmp/pbe_data.data.home.granepura.5-kinases.cof_tpl_mg.run_prot2.3ug2_GLU01A0736_002
ForkPoolWorker-1: Calling delphi to calculate conformer GLU02A0736_003 in /tmp/pbe_data.data.home.granepura.5-kinases.cof_tpl_mg.run_prot2.3ug2_GLU02A0736_003
ForkPoolWorker-1: Calling delphi to calculate conformer GLU02A0736_004 in /tmp/pbe_data.data.home.granepura.5-kinases.cof_tpl_mg.run_prot2.3ug2_GLU02A0736_004
ForkPoolWorker-1: Calling delphi to calculate conformer GLU-1A0736_005 in /tmp/pbe_data.data.home.granepura.5-kinases.cof_tpl_mg.run_prot2.3ug2_GLU-1A0736_005
ForkPoolWorker-1: Calling delphi to calculate conformer LYS01A0737_001 in /tmp/pbe_data.data.home.granepura.5-kinases.cof_tpl_mg.run_prot2.3ug2_LYS01A0737_001
ForkPoolWorker-1: Calling delphi to calculate conformer LYS+1A0737_002 in /tmp/pbe_data.data.home.granepura.5-kinases.cof_tpl_mg.run_prot2.3ug2_LYS+1A0737_002
Skipping PBE solver for non-charge conformer VAL01A0738_001...
ForkPoolWorker-1: Calling delphi to calculate conformer LYS01A0739_001 in /tmp/pbe_data.data.home.granepura.5-kinases.cof_tpl_mg.run_prot2.3ug2_LYS01A0739_001
ForkPoolWorker-1: Calling delphi to calculate conformer LYS+1A0739_002 in /tmp/pbe_data.data.home.granepura.5-kinases.cof_tpl_mg.run_prot2.3ug2_LYS+1A0739_002
Skipping PBE solver for non-charge conformer ILE01A0740_001...
Skipping PBE solver for non-charge conformer PRO01A0741_001...
Skipping PBE solver for non-charge conformer VAL01A0742_001...
Skipping PBE solver for non-charge conformer ALA01A0743_001...
Skipping PBE solver for non-charge conformer ILE01A0744_001...
ForkPoolWorker-1: Calling delphi to calculate conformer LYS01A0745_001 in /tmp/pbe_data.data.home.granepura.5-kinases.cof_tpl_mg.run_prot2.3ug2_LYS01A0745_001
ForkPoolWorker-1: Calling delphi to calculate conformer LYS+1A0745_002 in /tmp/pbe_data.data.home.granepura.5-kinases.cof_tpl_mg.run_prot2.3ug2_LYS+1A0745_002
ForkPoolWorker-1: Calling delphi to calculate conformer GLU01A0746_001 in /tmp/pbe_data.data.home.granepura.5-kinases.cof_tpl_mg.run_prot2.3ug2_GLU01A0746_001
ForkPoolWorker-1: Calling delphi to calculate conformer GLU01A0746_002 in /tmp/pbe_data.data.home.granepura.5-kinases.cof_tpl_mg.run_prot2.3ug2_GLU01A0746_002
ForkPoolWorker-1: Calling delphi to calculate conformer GLU02A0746_003 in /tmp/pbe_data.data.home.granepura.5-kinases.cof_tpl_mg.run_prot2.3ug2_GLU02A0746_003
ForkPoolWorker-1: Calling delphi to calculate conformer GLU02A0746_004 in /tmp/pbe_data.data.home.granepura.5-kinases.cof_tpl_mg.run_prot2.3ug2_GLU02A0746_004
ForkPoolWorker-1: Calling delphi to calculate conformer GLU-1A0746_005 in /tmp/pbe_data.data.home.granepura.5-kinases.cof_tpl_mg.run_prot2.3ug2_GLU-1A0746_005
ForkPoolWorker-1: Calling delphi to calculate conformer SER01A0752_001 in /tmp/pbe_data.data.home.granepura.5-kinases.cof_tpl_mg.run_prot2.3ug2_SER01A0752_001
ForkPoolWorker-1: Calling delphi to calculate conformer SER01A0752_002 in /tmp/pbe_data.data.home.granepura.5-kinases.cof_tpl_mg.run_prot2.3ug2_SER01A0752_002
Skipping PBE solver for non-charge conformer PRO01A0753_001...
ForkPoolWorker-1: Calling delphi to calculate conformer LYS01A0754_001 in /tmp/pbe_data.data.home.granepura.5-kinases.cof_tpl_mg.run_prot2.3ug2_LYS01A0754_001
ForkPoolWorker-1: Calling delphi to calculate conformer LYS+1A0754_002 in /tmp/pbe_data.data.home.granepura.5-kinases.cof_tpl_mg.run_prot2.3ug2_LYS+1A0754_002
Skipping PBE solver for non-charge conformer ALA01A0755_001...
ForkPoolWorker-1: Calling delphi to calculate conformer ASN01A0756_001 in /tmp/pbe_data.data.home.granepura.5-kinases.cof_tpl_mg.run_prot2.3ug2_ASN01A0756_001
ForkPoolWorker-1: Calling delphi to calculate conformer ASN01A0756_002 in /tmp/pbe_data.data.home.granepura.5-kinases.cof_tpl_mg.run_prot2.3ug2_ASN01A0756_002
ForkPoolWorker-1: Calling delphi to calculate conformer LYS01A0757_001 in /tmp/pbe_data.data.home.granepura.5-kinases.cof_tpl_mg.run_prot2.3ug2_LYS01A0757_001
ForkPoolWorker-1: Calling delphi to calculate conformer LYS+1A0757_002 in /tmp/pbe_data.data.home.granepura.5-kinases.cof_tpl_mg.run_prot2.3ug2_LYS+1A0757_002
ForkPoolWorker-1: Calling delphi to calculate conformer GLU01A0758_001 in /tmp/pbe_data.data.home.granepura.5-kinases.cof_tpl_mg.run_prot2.3ug2_GLU01A0758_001
ForkPoolWorker-1: Calling delphi to calculate conformer GLU01A0758_002 in /tmp/pbe_data.data.home.granepura.5-kinases.cof_tpl_mg.run_prot2.3ug2_GLU01A0758_002
ForkPoolWorker-1: Calling delphi to calculate conformer GLU02A0758_003 in /tmp/pbe_data.data.home.granepura.5-kinases.cof_tpl_mg.run_prot2.3ug2_GLU02A0758_003
ForkPoolWorker-1: Calling delphi to calculate conformer GLU02A0758_004 in /tmp/pbe_data.data.home.granepura.5-kinases.cof_tpl_mg.run_prot2.3ug2_GLU02A0758_004
ForkPoolWorker-1: Calling delphi to calculate conformer GLU-1A0758_005 in /tmp/pbe_data.data.home.granepura.5-kinases.cof_tpl_mg.run_prot2.3ug2_GLU-1A0758_005
Skipping PBE solver for non-charge conformer ILE01A0759_001...
Skipping PBE solver for non-charge conformer LEU01A0760_001...
ForkPoolWorker-1: Calling delphi to calculate conformer ASP01A0761_001 in /tmp/pbe_data.data.home.granepura.5-kinases.cof_tpl_mg.run_prot2.3ug2_ASP01A0761_001
ForkPoolWorker-1: Calling delphi to calculate conformer ASP01A0761_002 in /tmp/pbe_data.data.home.granepura.5-kinases.cof_tpl_mg.run_prot2.3ug2_ASP01A0761_002
ForkPoolWorker-1: Calling delphi to calculate conformer ASP01A0761_003 in /tmp/pbe_data.data.home.granepura.5-kinases.cof_tpl_mg.run_prot2.3ug2_ASP01A0761_003
ForkPoolWorker-1: Calling delphi to calculate conformer ASP01A0761_004 in /tmp/pbe_data.data.home.granepura.5-kinases.cof_tpl_mg.run_prot2.3ug2_ASP01A0761_004
ForkPoolWorker-1: Calling delphi to calculate conformer ASP02A0761_005 in /tmp/pbe_data.data.home.granepura.5-kinases.cof_tpl_mg.run_prot2.3ug2_ASP02A0761_005
ForkPoolWorker-1: Calling delphi to calculate conformer ASP02A0761_006 in /tmp/pbe_data.data.home.granepura.5-kinases.cof_tpl_mg.run_prot2.3ug2_ASP02A0761_006
ForkPoolWorker-1: Calling delphi to calculate conformer ASP02A0761_007 in /tmp/pbe_data.data.home.granepura.5-kinases.cof_tpl_mg.run_prot2.3ug2_ASP02A0761_007
ForkPoolWorker-1: Calling delphi to calculate conformer ASP02A0761_008 in /tmp/pbe_data.data.home.granepura.5-kinases.cof_tpl_mg.run_prot2.3ug2_ASP02A0761_008
ForkPoolWorker-1: Calling delphi to calculate conformer ASP-1A0761_009 in /tmp/pbe_data.data.home.granepura.5-kinases.cof_tpl_mg.run_prot2.3ug2_ASP-1A0761_009
ForkPoolWorker-1: Calling delphi to calculate conformer ASP-1A0761_010 in /tmp/pbe_data.data.home.granepura.5-kinases.cof_tpl_mg.run_prot2.3ug2_ASP-1A0761_010
ForkPoolWorker-1: Calling delphi to calculate conformer GLU01A0762_001 in /tmp/pbe_data.data.home.granepura.5-kinases.cof_tpl_mg.run_prot2.3ug2_GLU01A0762_001
ForkPoolWorker-1: Calling delphi to calculate conformer GLU01A0762_002 in /tmp/pbe_data.data.home.granepura.5-kinases.cof_tpl_mg.run_prot2.3ug2_GLU01A0762_002
ForkPoolWorker-1: Calling delphi to calculate conformer GLU02A0762_003 in /tmp/pbe_data.data.home.granepura.5-kinases.cof_tpl_mg.run_prot2.3ug2_GLU02A0762_003
ForkPoolWorker-1: Calling delphi to calculate conformer GLU02A0762_004 in /tmp/pbe_data.data.home.granepura.5-kinases.cof_tpl_mg.run_prot2.3ug2_GLU02A0762_004
ForkPoolWorker-1: Calling delphi to calculate conformer GLU-1A0762_005 in /tmp/pbe_data.data.home.granepura.5-kinases.cof_tpl_mg.run_prot2.3ug2_GLU-1A0762_005
Skipping PBE solver for non-charge conformer ALA01A0763_001...
ForkPoolWorker-1: Calling delphi to calculate conformer TYR01A0764_001 in /tmp/pbe_data.data.home.granepura.5-kinases.cof_tpl_mg.run_prot2.3ug2_TYR01A0764_001
ForkPoolWorker-1: Calling delphi to calculate conformer TYR-1A0764_002 in /tmp/pbe_data.data.home.granepura.5-kinases.cof_tpl_mg.run_prot2.3ug2_TYR-1A0764_002
Skipping PBE solver for non-charge conformer VAL01A0765_001...
ForkPoolWorker-1: Calling delphi to calculate conformer MET01A0766_001 in /tmp/pbe_data.data.home.granepura.5-kinases.cof_tpl_mg.run_prot2.3ug2_MET01A0766_001
Skipping PBE solver for non-charge conformer ALA01A0767_001...
ForkPoolWorker-1: Calling delphi to calculate conformer SER01A0768_001 in /tmp/pbe_data.data.home.granepura.5-kinases.cof_tpl_mg.run_prot2.3ug2_SER01A0768_001
ForkPoolWorker-1: Calling delphi to calculate conformer SER01A0768_002 in /tmp/pbe_data.data.home.granepura.5-kinases.cof_tpl_mg.run_prot2.3ug2_SER01A0768_002
ForkPoolWorker-1: Calling delphi to calculate conformer SER01A0768_003 in /tmp/pbe_data.data.home.granepura.5-kinases.cof_tpl_mg.run_prot2.3ug2_SER01A0768_003
ForkPoolWorker-1: Calling delphi to calculate conformer SER01A0768_004 in /tmp/pbe_data.data.home.granepura.5-kinases.cof_tpl_mg.run_prot2.3ug2_SER01A0768_004
ForkPoolWorker-1: Calling delphi to calculate conformer SER01A0768_005 in /tmp/pbe_data.data.home.granepura.5-kinases.cof_tpl_mg.run_prot2.3ug2_SER01A0768_005
Skipping PBE solver for non-charge conformer VAL01A0769_001...
ForkPoolWorker-1: Calling delphi to calculate conformer ASP01A0770_001 in /tmp/pbe_data.data.home.granepura.5-kinases.cof_tpl_mg.run_prot2.3ug2_ASP01A0770_001
ForkPoolWorker-1: Calling delphi to calculate conformer ASP01A0770_002 in /tmp/pbe_data.data.home.granepura.5-kinases.cof_tpl_mg.run_prot2.3ug2_ASP01A0770_002
ForkPoolWorker-1: Calling delphi to calculate conformer ASP02A0770_003 in /tmp/pbe_data.data.home.granepura.5-kinases.cof_tpl_mg.run_prot2.3ug2_ASP02A0770_003
ForkPoolWorker-1: Calling delphi to calculate conformer ASP02A0770_004 in /tmp/pbe_data.data.home.granepura.5-kinases.cof_tpl_mg.run_prot2.3ug2_ASP02A0770_004
ForkPoolWorker-1: Calling delphi to calculate conformer ASP-1A0770_005 in /tmp/pbe_data.data.home.granepura.5-kinases.cof_tpl_mg.run_prot2.3ug2_ASP-1A0770_005
ForkPoolWorker-1: Calling delphi to calculate conformer ASN01A0771_001 in /tmp/pbe_data.data.home.granepura.5-kinases.cof_tpl_mg.run_prot2.3ug2_ASN01A0771_001
ForkPoolWorker-1: Calling delphi to calculate conformer ASN01A0771_002 in /tmp/pbe_data.data.home.granepura.5-kinases.cof_tpl_mg.run_prot2.3ug2_ASN01A0771_002
Skipping PBE solver for non-charge conformer PRO01A0772_001...
ForkPoolWorker-1: Calling delphi to calculate conformer HIS01A0773_001 in /tmp/pbe_data.data.home.granepura.5-kinases.cof_tpl_mg.run_prot2.3ug2_HIS01A0773_001
ForkPoolWorker-1: Calling delphi to calculate conformer HIS01A0773_002 in /tmp/pbe_data.data.home.granepura.5-kinases.cof_tpl_mg.run_prot2.3ug2_HIS01A0773_002
ForkPoolWorker-1: Calling delphi to calculate conformer HIS02A0773_003 in /tmp/pbe_data.data.home.granepura.5-kinases.cof_tpl_mg.run_prot2.3ug2_HIS02A0773_003
ForkPoolWorker-1: Calling delphi to calculate conformer HIS02A0773_004 in /tmp/pbe_data.data.home.granepura.5-kinases.cof_tpl_mg.run_prot2.3ug2_HIS02A0773_004
ForkPoolWorker-1: Calling delphi to calculate conformer HIS+1A0773_005 in /tmp/pbe_data.data.home.granepura.5-kinases.cof_tpl_mg.run_prot2.3ug2_HIS+1A0773_005
ForkPoolWorker-1: Calling delphi to calculate conformer HIS+1A0773_006 in /tmp/pbe_data.data.home.granepura.5-kinases.cof_tpl_mg.run_prot2.3ug2_HIS+1A0773_006
Skipping PBE solver for non-charge conformer VAL01A0774_001...
ForkPoolWorker-1: Calling delphi to calculate conformer CYS01A0775_001 in /tmp/pbe_data.data.home.granepura.5-kinases.cof_tpl_mg.run_prot2.3ug2_CYS01A0775_001
ForkPoolWorker-1: Calling delphi to calculate conformer CYS01A0775_002 in /tmp/pbe_data.data.home.granepura.5-kinases.cof_tpl_mg.run_prot2.3ug2_CYS01A0775_002
ForkPoolWorker-1: Calling delphi to calculate conformer CYS01A0775_003 in /tmp/pbe_data.data.home.granepura.5-kinases.cof_tpl_mg.run_prot2.3ug2_CYS01A0775_003
ForkPoolWorker-1: Calling delphi to calculate conformer CYS-1A0775_004 in /tmp/pbe_data.data.home.granepura.5-kinases.cof_tpl_mg.run_prot2.3ug2_CYS-1A0775_004
ForkPoolWorker-1: Calling delphi to calculate conformer ARG01A0776_001 in /tmp/pbe_data.data.home.granepura.5-kinases.cof_tpl_mg.run_prot2.3ug2_ARG01A0776_001
ForkPoolWorker-1: Calling delphi to calculate conformer ARG02A0776_002 in /tmp/pbe_data.data.home.granepura.5-kinases.cof_tpl_mg.run_prot2.3ug2_ARG02A0776_002
ForkPoolWorker-1: Calling delphi to calculate conformer ARG02A0776_003 in /tmp/pbe_data.data.home.granepura.5-kinases.cof_tpl_mg.run_prot2.3ug2_ARG02A0776_003
ForkPoolWorker-1: Calling delphi to calculate conformer ARG03A0776_004 in /tmp/pbe_data.data.home.granepura.5-kinases.cof_tpl_mg.run_prot2.3ug2_ARG03A0776_004
ForkPoolWorker-1: Calling delphi to calculate conformer ARG+1A0776_005 in /tmp/pbe_data.data.home.granepura.5-kinases.cof_tpl_mg.run_prot2.3ug2_ARG+1A0776_005
Skipping PBE solver for non-charge conformer LEU01A0777_001...
Skipping PBE solver for non-charge conformer LEU01A0778_001...
Skipping PBE solver for non-charge conformer ILE01A0780_001...
ForkPoolWorker-1: Calling delphi to calculate conformer CYS01A0781_001 in /tmp/pbe_data.data.home.granepura.5-kinases.cof_tpl_mg.run_prot2.3ug2_CYS01A0781_001
ForkPoolWorker-1: Calling delphi to calculate conformer CYS01A0781_002 in /tmp/pbe_data.data.home.granepura.5-kinases.cof_tpl_mg.run_prot2.3ug2_CYS01A0781_002
ForkPoolWorker-1: Calling delphi to calculate conformer CYS01A0781_003 in /tmp/pbe_data.data.home.granepura.5-kinases.cof_tpl_mg.run_prot2.3ug2_CYS01A0781_003
ForkPoolWorker-1: Calling delphi to calculate conformer CYS-1A0781_004 in /tmp/pbe_data.data.home.granepura.5-kinases.cof_tpl_mg.run_prot2.3ug2_CYS-1A0781_004
Skipping PBE solver for non-charge conformer LEU01A0782_001...
ForkPoolWorker-1: Calling delphi to calculate conformer THR01A0783_001 in /tmp/pbe_data.data.home.granepura.5-kinases.cof_tpl_mg.run_prot2.3ug2_THR01A0783_001
ForkPoolWorker-1: Calling delphi to calculate conformer THR01A0783_002 in /tmp/pbe_data.data.home.granepura.5-kinases.cof_tpl_mg.run_prot2.3ug2_THR01A0783_002
ForkPoolWorker-1: Calling delphi to calculate conformer THR01A0783_003 in /tmp/pbe_data.data.home.granepura.5-kinases.cof_tpl_mg.run_prot2.3ug2_THR01A0783_003
ForkPoolWorker-1: Calling delphi to calculate conformer SER01A0784_001 in /tmp/pbe_data.data.home.granepura.5-kinases.cof_tpl_mg.run_prot2.3ug2_SER01A0784_001
ForkPoolWorker-1: Calling delphi to calculate conformer THR01A0785_001 in /tmp/pbe_data.data.home.granepura.5-kinases.cof_tpl_mg.run_prot2.3ug2_THR01A0785_001
ForkPoolWorker-1: Calling delphi to calculate conformer THR01A0785_002 in /tmp/pbe_data.data.home.granepura.5-kinases.cof_tpl_mg.run_prot2.3ug2_THR01A0785_002
Skipping PBE solver for non-charge conformer VAL01A0786_001...
ForkPoolWorker-1: Calling delphi to calculate conformer GLN01A0787_001 in /tmp/pbe_data.data.home.granepura.5-kinases.cof_tpl_mg.run_prot2.3ug2_GLN01A0787_001
ForkPoolWorker-1: Calling delphi to calculate conformer GLN01A0787_002 in /tmp/pbe_data.data.home.granepura.5-kinases.cof_tpl_mg.run_prot2.3ug2_GLN01A0787_002
Skipping PBE solver for non-charge conformer LEU01A0788_001...
Skipping PBE solver for non-charge conformer ILE01A0789_001...
ForkPoolWorker-1: Calling delphi to calculate conformer MET01A0790_001 in /tmp/pbe_data.data.home.granepura.5-kinases.cof_tpl_mg.run_prot2.3ug2_MET01A0790_001
ForkPoolWorker-1: Calling delphi to calculate conformer GLN01A0791_001 in /tmp/pbe_data.data.home.granepura.5-kinases.cof_tpl_mg.run_prot2.3ug2_GLN01A0791_001
ForkPoolWorker-1: Calling delphi to calculate conformer GLN01A0791_002 in /tmp/pbe_data.data.home.granepura.5-kinases.cof_tpl_mg.run_prot2.3ug2_GLN01A0791_002
Skipping PBE solver for non-charge conformer LEU01A0792_001...
ForkPoolWorker-1: Calling delphi to calculate conformer MET01A0793_001 in /tmp/pbe_data.data.home.granepura.5-kinases.cof_tpl_mg.run_prot2.3ug2_MET01A0793_001
Skipping PBE solver for non-charge conformer PRO01A0794_001...
Skipping PBE solver for non-charge conformer PHE01A0795_001...
ForkPoolWorker-1: Calling delphi to calculate conformer CYS01A0797_001 in /tmp/pbe_data.data.home.granepura.5-kinases.cof_tpl_mg.run_prot2.3ug2_CYS01A0797_001
ForkPoolWorker-1: Calling delphi to calculate conformer CYS01A0797_002 in /tmp/pbe_data.data.home.granepura.5-kinases.cof_tpl_mg.run_prot2.3ug2_CYS01A0797_002
ForkPoolWorker-1: Calling delphi to calculate conformer CYS01A0797_003 in /tmp/pbe_data.data.home.granepura.5-kinases.cof_tpl_mg.run_prot2.3ug2_CYS01A0797_003
ForkPoolWorker-1: Calling delphi to calculate conformer CYS-1A0797_004 in /tmp/pbe_data.data.home.granepura.5-kinases.cof_tpl_mg.run_prot2.3ug2_CYS-1A0797_004
Skipping PBE solver for non-charge conformer LEU01A0798_001...
Skipping PBE solver for non-charge conformer LEU01A0799_001...
ForkPoolWorker-1: Calling delphi to calculate conformer ASP01A0800_001 in /tmp/pbe_data.data.home.granepura.5-kinases.cof_tpl_mg.run_prot2.3ug2_ASP01A0800_001
ForkPoolWorker-1: Calling delphi to calculate conformer ASP01A0800_002 in /tmp/pbe_data.data.home.granepura.5-kinases.cof_tpl_mg.run_prot2.3ug2_ASP01A0800_002
ForkPoolWorker-1: Calling delphi to calculate conformer ASP02A0800_003 in /tmp/pbe_data.data.home.granepura.5-kinases.cof_tpl_mg.run_prot2.3ug2_ASP02A0800_003
ForkPoolWorker-1: Calling delphi to calculate conformer ASP02A0800_004 in /tmp/pbe_data.data.home.granepura.5-kinases.cof_tpl_mg.run_prot2.3ug2_ASP02A0800_004
ForkPoolWorker-1: Calling delphi to calculate conformer ASP-1A0800_005 in /tmp/pbe_data.data.home.granepura.5-kinases.cof_tpl_mg.run_prot2.3ug2_ASP-1A0800_005
ForkPoolWorker-1: Calling delphi to calculate conformer TYR01A0801_001 in /tmp/pbe_data.data.home.granepura.5-kinases.cof_tpl_mg.run_prot2.3ug2_TYR01A0801_001
ForkPoolWorker-1: Calling delphi to calculate conformer TYR-1A0801_002 in /tmp/pbe_data.data.home.granepura.5-kinases.cof_tpl_mg.run_prot2.3ug2_TYR-1A0801_002
Skipping PBE solver for non-charge conformer VAL01A0802_001...
ForkPoolWorker-1: Calling delphi to calculate conformer ARG01A0803_001 in /tmp/pbe_data.data.home.granepura.5-kinases.cof_tpl_mg.run_prot2.3ug2_ARG01A0803_001
ForkPoolWorker-1: Calling delphi to calculate conformer ARG02A0803_002 in /tmp/pbe_data.data.home.granepura.5-kinases.cof_tpl_mg.run_prot2.3ug2_ARG02A0803_002
ForkPoolWorker-1: Calling delphi to calculate conformer ARG03A0803_003 in /tmp/pbe_data.data.home.granepura.5-kinases.cof_tpl_mg.run_prot2.3ug2_ARG03A0803_003
ForkPoolWorker-1: Calling delphi to calculate conformer ARG+1A0803_004 in /tmp/pbe_data.data.home.granepura.5-kinases.cof_tpl_mg.run_prot2.3ug2_ARG+1A0803_004
ForkPoolWorker-1: Calling delphi to calculate conformer GLU01A0804_001 in /tmp/pbe_data.data.home.granepura.5-kinases.cof_tpl_mg.run_prot2.3ug2_GLU01A0804_001
ForkPoolWorker-1: Calling delphi to calculate conformer GLU01A0804_002 in /tmp/pbe_data.data.home.granepura.5-kinases.cof_tpl_mg.run_prot2.3ug2_GLU01A0804_002
ForkPoolWorker-1: Calling delphi to calculate conformer GLU02A0804_003 in /tmp/pbe_data.data.home.granepura.5-kinases.cof_tpl_mg.run_prot2.3ug2_GLU02A0804_003
ForkPoolWorker-1: Calling delphi to calculate conformer GLU02A0804_004 in /tmp/pbe_data.data.home.granepura.5-kinases.cof_tpl_mg.run_prot2.3ug2_GLU02A0804_004
ForkPoolWorker-1: Calling delphi to calculate conformer GLU-1A0804_005 in /tmp/pbe_data.data.home.granepura.5-kinases.cof_tpl_mg.run_prot2.3ug2_GLU-1A0804_005
ForkPoolWorker-1: Calling delphi to calculate conformer HIS01A0805_001 in /tmp/pbe_data.data.home.granepura.5-kinases.cof_tpl_mg.run_prot2.3ug2_HIS01A0805_001
ForkPoolWorker-1: Calling delphi to calculate conformer HIS01A0805_002 in /tmp/pbe_data.data.home.granepura.5-kinases.cof_tpl_mg.run_prot2.3ug2_HIS01A0805_002
ForkPoolWorker-1: Calling delphi to calculate conformer HIS02A0805_003 in /tmp/pbe_data.data.home.granepura.5-kinases.cof_tpl_mg.run_prot2.3ug2_HIS02A0805_003
ForkPoolWorker-1: Calling delphi to calculate conformer HIS02A0805_004 in /tmp/pbe_data.data.home.granepura.5-kinases.cof_tpl_mg.run_prot2.3ug2_HIS02A0805_004
ForkPoolWorker-1: Calling delphi to calculate conformer HIS+1A0805_005 in /tmp/pbe_data.data.home.granepura.5-kinases.cof_tpl_mg.run_prot2.3ug2_HIS+1A0805_005
ForkPoolWorker-1: Calling delphi to calculate conformer HIS+1A0805_006 in /tmp/pbe_data.data.home.granepura.5-kinases.cof_tpl_mg.run_prot2.3ug2_HIS+1A0805_006
ForkPoolWorker-1: Calling delphi to calculate conformer LYS01A0806_001 in /tmp/pbe_data.data.home.granepura.5-kinases.cof_tpl_mg.run_prot2.3ug2_LYS01A0806_001
ForkPoolWorker-1: Calling delphi to calculate conformer LYS+1A0806_002 in /tmp/pbe_data.data.home.granepura.5-kinases.cof_tpl_mg.run_prot2.3ug2_LYS+1A0806_002
ForkPoolWorker-1: Calling delphi to calculate conformer ASP01A0807_001 in /tmp/pbe_data.data.home.granepura.5-kinases.cof_tpl_mg.run_prot2.3ug2_ASP01A0807_001
ForkPoolWorker-1: Calling delphi to calculate conformer ASP01A0807_002 in /tmp/pbe_data.data.home.granepura.5-kinases.cof_tpl_mg.run_prot2.3ug2_ASP01A0807_002
ForkPoolWorker-1: Calling delphi to calculate conformer ASP02A0807_003 in /tmp/pbe_data.data.home.granepura.5-kinases.cof_tpl_mg.run_prot2.3ug2_ASP02A0807_003
ForkPoolWorker-1: Calling delphi to calculate conformer ASP02A0807_004 in /tmp/pbe_data.data.home.granepura.5-kinases.cof_tpl_mg.run_prot2.3ug2_ASP02A0807_004
ForkPoolWorker-1: Calling delphi to calculate conformer ASP-1A0807_005 in /tmp/pbe_data.data.home.granepura.5-kinases.cof_tpl_mg.run_prot2.3ug2_ASP-1A0807_005
ForkPoolWorker-1: Calling delphi to calculate conformer ASN01A0808_001 in /tmp/pbe_data.data.home.granepura.5-kinases.cof_tpl_mg.run_prot2.3ug2_ASN01A0808_001
ForkPoolWorker-1: Calling delphi to calculate conformer ASN01A0808_002 in /tmp/pbe_data.data.home.granepura.5-kinases.cof_tpl_mg.run_prot2.3ug2_ASN01A0808_002
Skipping PBE solver for non-charge conformer ILE01A0809_001...
ForkPoolWorker-1: Calling delphi to calculate conformer SER01A0811_001 in /tmp/pbe_data.data.home.granepura.5-kinases.cof_tpl_mg.run_prot2.3ug2_SER01A0811_001
ForkPoolWorker-1: Calling delphi to calculate conformer SER01A0811_002 in /tmp/pbe_data.data.home.granepura.5-kinases.cof_tpl_mg.run_prot2.3ug2_SER01A0811_002
ForkPoolWorker-1: Calling delphi to calculate conformer SER01A0811_003 in /tmp/pbe_data.data.home.granepura.5-kinases.cof_tpl_mg.run_prot2.3ug2_SER01A0811_003
ForkPoolWorker-1: Calling delphi to calculate conformer SER01A0811_004 in /tmp/pbe_data.data.home.granepura.5-kinases.cof_tpl_mg.run_prot2.3ug2_SER01A0811_004
ForkPoolWorker-1: Calling delphi to calculate conformer GLN01A0812_001 in /tmp/pbe_data.data.home.granepura.5-kinases.cof_tpl_mg.run_prot2.3ug2_GLN01A0812_001
ForkPoolWorker-1: Calling delphi to calculate conformer GLN01A0812_002 in /tmp/pbe_data.data.home.granepura.5-kinases.cof_tpl_mg.run_prot2.3ug2_GLN01A0812_002
ForkPoolWorker-1: Calling delphi to calculate conformer TYR01A0813_001 in /tmp/pbe_data.data.home.granepura.5-kinases.cof_tpl_mg.run_prot2.3ug2_TYR01A0813_001
ForkPoolWorker-1: Calling delphi to calculate conformer TYR-1A0813_002 in /tmp/pbe_data.data.home.granepura.5-kinases.cof_tpl_mg.run_prot2.3ug2_TYR-1A0813_002
Skipping PBE solver for non-charge conformer LEU01A0814_001...
Skipping PBE solver for non-charge conformer LEU01A0815_001...
ForkPoolWorker-1: Calling delphi to calculate conformer ASN01A0816_001 in /tmp/pbe_data.data.home.granepura.5-kinases.cof_tpl_mg.run_prot2.3ug2_ASN01A0816_001
ForkPoolWorker-1: Calling delphi to calculate conformer ASN01A0816_002 in /tmp/pbe_data.data.home.granepura.5-kinases.cof_tpl_mg.run_prot2.3ug2_ASN01A0816_002
Skipping PBE solver for non-charge conformer TRP01A0817_001...
ForkPoolWorker-1: Calling delphi to calculate conformer CYS01A0818_001 in /tmp/pbe_data.data.home.granepura.5-kinases.cof_tpl_mg.run_prot2.3ug2_CYS01A0818_001
ForkPoolWorker-1: Calling delphi to calculate conformer CYS01A0818_002 in /tmp/pbe_data.data.home.granepura.5-kinases.cof_tpl_mg.run_prot2.3ug2_CYS01A0818_002
ForkPoolWorker-1: Calling delphi to calculate conformer CYS01A0818_003 in /tmp/pbe_data.data.home.granepura.5-kinases.cof_tpl_mg.run_prot2.3ug2_CYS01A0818_003
ForkPoolWorker-1: Calling delphi to calculate conformer CYS-1A0818_004 in /tmp/pbe_data.data.home.granepura.5-kinases.cof_tpl_mg.run_prot2.3ug2_CYS-1A0818_004
Skipping PBE solver for non-charge conformer VAL01A0819_001...
ForkPoolWorker-1: Calling delphi to calculate conformer GLN01A0820_001 in /tmp/pbe_data.data.home.granepura.5-kinases.cof_tpl_mg.run_prot2.3ug2_GLN01A0820_001
ForkPoolWorker-1: Calling delphi to calculate conformer GLN01A0820_002 in /tmp/pbe_data.data.home.granepura.5-kinases.cof_tpl_mg.run_prot2.3ug2_GLN01A0820_002
Skipping PBE solver for non-charge conformer ILE01A0821_001...
Skipping PBE solver for non-charge conformer ALA01A0822_001...
ForkPoolWorker-1: Calling delphi to calculate conformer LYS01A0823_001 in /tmp/pbe_data.data.home.granepura.5-kinases.cof_tpl_mg.run_prot2.3ug2_LYS01A0823_001
ForkPoolWorker-1: Calling delphi to calculate conformer LYS+1A0823_002 in /tmp/pbe_data.data.home.granepura.5-kinases.cof_tpl_mg.run_prot2.3ug2_LYS+1A0823_002
ForkPoolWorker-1: Calling delphi to calculate conformer MET01A0825_001 in /tmp/pbe_data.data.home.granepura.5-kinases.cof_tpl_mg.run_prot2.3ug2_MET01A0825_001
ForkPoolWorker-1: Calling delphi to calculate conformer ASN01A0826_001 in /tmp/pbe_data.data.home.granepura.5-kinases.cof_tpl_mg.run_prot2.3ug2_ASN01A0826_001
ForkPoolWorker-1: Calling delphi to calculate conformer ASN01A0826_002 in /tmp/pbe_data.data.home.granepura.5-kinases.cof_tpl_mg.run_prot2.3ug2_ASN01A0826_002
ForkPoolWorker-1: Calling delphi to calculate conformer TYR01A0827_001 in /tmp/pbe_data.data.home.granepura.5-kinases.cof_tpl_mg.run_prot2.3ug2_TYR01A0827_001
ForkPoolWorker-1: Calling delphi to calculate conformer TYR-1A0827_002 in /tmp/pbe_data.data.home.granepura.5-kinases.cof_tpl_mg.run_prot2.3ug2_TYR-1A0827_002
Skipping PBE solver for non-charge conformer LEU01A0828_001...
ForkPoolWorker-1: Calling delphi to calculate conformer GLU01A0829_001 in /tmp/pbe_data.data.home.granepura.5-kinases.cof_tpl_mg.run_prot2.3ug2_GLU01A0829_001
ForkPoolWorker-1: Calling delphi to calculate conformer GLU01A0829_002 in /tmp/pbe_data.data.home.granepura.5-kinases.cof_tpl_mg.run_prot2.3ug2_GLU01A0829_002
ForkPoolWorker-1: Calling delphi to calculate conformer GLU02A0829_003 in /tmp/pbe_data.data.home.granepura.5-kinases.cof_tpl_mg.run_prot2.3ug2_GLU02A0829_003
ForkPoolWorker-1: Calling delphi to calculate conformer GLU02A0829_004 in /tmp/pbe_data.data.home.granepura.5-kinases.cof_tpl_mg.run_prot2.3ug2_GLU02A0829_004
ForkPoolWorker-1: Calling delphi to calculate conformer GLU-1A0829_005 in /tmp/pbe_data.data.home.granepura.5-kinases.cof_tpl_mg.run_prot2.3ug2_GLU-1A0829_005
ForkPoolWorker-1: Calling delphi to calculate conformer ASP01A0830_001 in /tmp/pbe_data.data.home.granepura.5-kinases.cof_tpl_mg.run_prot2.3ug2_ASP01A0830_001
ForkPoolWorker-1: Calling delphi to calculate conformer ASP01A0830_002 in /tmp/pbe_data.data.home.granepura.5-kinases.cof_tpl_mg.run_prot2.3ug2_ASP01A0830_002
ForkPoolWorker-1: Calling delphi to calculate conformer ASP02A0830_003 in /tmp/pbe_data.data.home.granepura.5-kinases.cof_tpl_mg.run_prot2.3ug2_ASP02A0830_003
ForkPoolWorker-1: Calling delphi to calculate conformer ASP02A0830_004 in /tmp/pbe_data.data.home.granepura.5-kinases.cof_tpl_mg.run_prot2.3ug2_ASP02A0830_004
ForkPoolWorker-1: Calling delphi to calculate conformer ASP-1A0830_005 in /tmp/pbe_data.data.home.granepura.5-kinases.cof_tpl_mg.run_prot2.3ug2_ASP-1A0830_005
ForkPoolWorker-1: Calling delphi to calculate conformer ARG01A0831_001 in /tmp/pbe_data.data.home.granepura.5-kinases.cof_tpl_mg.run_prot2.3ug2_ARG01A0831_001
ForkPoolWorker-1: Calling delphi to calculate conformer ARG02A0831_002 in /tmp/pbe_data.data.home.granepura.5-kinases.cof_tpl_mg.run_prot2.3ug2_ARG02A0831_002
ForkPoolWorker-1: Calling delphi to calculate conformer ARG03A0831_003 in /tmp/pbe_data.data.home.granepura.5-kinases.cof_tpl_mg.run_prot2.3ug2_ARG03A0831_003
ForkPoolWorker-1: Calling delphi to calculate conformer ARG+1A0831_004 in /tmp/pbe_data.data.home.granepura.5-kinases.cof_tpl_mg.run_prot2.3ug2_ARG+1A0831_004
ForkPoolWorker-1: Calling delphi to calculate conformer ARG01A0832_001 in /tmp/pbe_data.data.home.granepura.5-kinases.cof_tpl_mg.run_prot2.3ug2_ARG01A0832_001
ForkPoolWorker-1: Calling delphi to calculate conformer ARG02A0832_002 in /tmp/pbe_data.data.home.granepura.5-kinases.cof_tpl_mg.run_prot2.3ug2_ARG02A0832_002
ForkPoolWorker-1: Calling delphi to calculate conformer ARG03A0832_003 in /tmp/pbe_data.data.home.granepura.5-kinases.cof_tpl_mg.run_prot2.3ug2_ARG03A0832_003
ForkPoolWorker-1: Calling delphi to calculate conformer ARG03A0832_004 in /tmp/pbe_data.data.home.granepura.5-kinases.cof_tpl_mg.run_prot2.3ug2_ARG03A0832_004
ForkPoolWorker-1: Calling delphi to calculate conformer ARG+1A0832_005 in /tmp/pbe_data.data.home.granepura.5-kinases.cof_tpl_mg.run_prot2.3ug2_ARG+1A0832_005
Skipping PBE solver for non-charge conformer LEU01A0833_001...
Skipping PBE solver for non-charge conformer VAL01A0834_001...
ForkPoolWorker-1: Calling delphi to calculate conformer HIS01A0835_001 in /tmp/pbe_data.data.home.granepura.5-kinases.cof_tpl_mg.run_prot2.3ug2_HIS01A0835_001
ForkPoolWorker-1: Calling delphi to calculate conformer HIS02A0835_002 in /tmp/pbe_data.data.home.granepura.5-kinases.cof_tpl_mg.run_prot2.3ug2_HIS02A0835_002
ForkPoolWorker-1: Calling delphi to calculate conformer HIS+1A0835_003 in /tmp/pbe_data.data.home.granepura.5-kinases.cof_tpl_mg.run_prot2.3ug2_HIS+1A0835_003
ForkPoolWorker-1: Calling delphi to calculate conformer ARG01A0836_001 in /tmp/pbe_data.data.home.granepura.5-kinases.cof_tpl_mg.run_prot2.3ug2_ARG01A0836_001
ForkPoolWorker-1: Calling delphi to calculate conformer ARG02A0836_002 in /tmp/pbe_data.data.home.granepura.5-kinases.cof_tpl_mg.run_prot2.3ug2_ARG02A0836_002
ForkPoolWorker-1: Calling delphi to calculate conformer ARG02A0836_003 in /tmp/pbe_data.data.home.granepura.5-kinases.cof_tpl_mg.run_prot2.3ug2_ARG02A0836_003
ForkPoolWorker-1: Calling delphi to calculate conformer ARG03A0836_004 in /tmp/pbe_data.data.home.granepura.5-kinases.cof_tpl_mg.run_prot2.3ug2_ARG03A0836_004
ForkPoolWorker-1: Calling delphi to calculate conformer ARG03A0836_005 in /tmp/pbe_data.data.home.granepura.5-kinases.cof_tpl_mg.run_prot2.3ug2_ARG03A0836_005
ForkPoolWorker-1: Calling delphi to calculate conformer ARG+1A0836_006 in /tmp/pbe_data.data.home.granepura.5-kinases.cof_tpl_mg.run_prot2.3ug2_ARG+1A0836_006
ForkPoolWorker-1: Calling delphi to calculate conformer ASP01A0837_001 in /tmp/pbe_data.data.home.granepura.5-kinases.cof_tpl_mg.run_prot2.3ug2_ASP01A0837_001
ForkPoolWorker-1: Calling delphi to calculate conformer ASP01A0837_002 in /tmp/pbe_data.data.home.granepura.5-kinases.cof_tpl_mg.run_prot2.3ug2_ASP01A0837_002
ForkPoolWorker-1: Calling delphi to calculate conformer ASP01A0837_003 in /tmp/pbe_data.data.home.granepura.5-kinases.cof_tpl_mg.run_prot2.3ug2_ASP01A0837_003
ForkPoolWorker-1: Calling delphi to calculate conformer ASP01A0837_004 in /tmp/pbe_data.data.home.granepura.5-kinases.cof_tpl_mg.run_prot2.3ug2_ASP01A0837_004
ForkPoolWorker-1: Calling delphi to calculate conformer ASP02A0837_005 in /tmp/pbe_data.data.home.granepura.5-kinases.cof_tpl_mg.run_prot2.3ug2_ASP02A0837_005
ForkPoolWorker-1: Calling delphi to calculate conformer ASP02A0837_006 in /tmp/pbe_data.data.home.granepura.5-kinases.cof_tpl_mg.run_prot2.3ug2_ASP02A0837_006
ForkPoolWorker-1: Calling delphi to calculate conformer ASP02A0837_007 in /tmp/pbe_data.data.home.granepura.5-kinases.cof_tpl_mg.run_prot2.3ug2_ASP02A0837_007
ForkPoolWorker-1: Calling delphi to calculate conformer ASP02A0837_008 in /tmp/pbe_data.data.home.granepura.5-kinases.cof_tpl_mg.run_prot2.3ug2_ASP02A0837_008
ForkPoolWorker-1: Calling delphi to calculate conformer ASP-1A0837_009 in /tmp/pbe_data.data.home.granepura.5-kinases.cof_tpl_mg.run_prot2.3ug2_ASP-1A0837_009
ForkPoolWorker-1: Calling delphi to calculate conformer ASP-1A0837_010 in /tmp/pbe_data.data.home.granepura.5-kinases.cof_tpl_mg.run_prot2.3ug2_ASP-1A0837_010
Skipping PBE solver for non-charge conformer LEU01A0838_001...
Skipping PBE solver for non-charge conformer ALA01A0839_001...
Skipping PBE solver for non-charge conformer ALA01A0840_001...
ForkPoolWorker-1: Calling delphi to calculate conformer ARG01A0841_001 in /tmp/pbe_data.data.home.granepura.5-kinases.cof_tpl_mg.run_prot2.3ug2_ARG01A0841_001
ForkPoolWorker-1: Calling delphi to calculate conformer ARG02A0841_002 in /tmp/pbe_data.data.home.granepura.5-kinases.cof_tpl_mg.run_prot2.3ug2_ARG02A0841_002
ForkPoolWorker-1: Calling delphi to calculate conformer ARG02A0841_003 in /tmp/pbe_data.data.home.granepura.5-kinases.cof_tpl_mg.run_prot2.3ug2_ARG02A0841_003
ForkPoolWorker-1: Calling delphi to calculate conformer ARG03A0841_004 in /tmp/pbe_data.data.home.granepura.5-kinases.cof_tpl_mg.run_prot2.3ug2_ARG03A0841_004
ForkPoolWorker-1: Calling delphi to calculate conformer ARG+1A0841_005 in /tmp/pbe_data.data.home.granepura.5-kinases.cof_tpl_mg.run_prot2.3ug2_ARG+1A0841_005
ForkPoolWorker-1: Calling delphi to calculate conformer ASN01A0842_001 in /tmp/pbe_data.data.home.granepura.5-kinases.cof_tpl_mg.run_prot2.3ug2_ASN01A0842_001
ForkPoolWorker-1: Calling delphi to calculate conformer ASN01A0842_002 in /tmp/pbe_data.data.home.granepura.5-kinases.cof_tpl_mg.run_prot2.3ug2_ASN01A0842_002
Skipping PBE solver for non-charge conformer VAL01A0843_001...
Skipping PBE solver for non-charge conformer LEU01A0844_001...
Skipping PBE solver for non-charge conformer VAL01A0845_001...
ForkPoolWorker-1: Calling delphi to calculate conformer LYS01A0846_001 in /tmp/pbe_data.data.home.granepura.5-kinases.cof_tpl_mg.run_prot2.3ug2_LYS01A0846_001
ForkPoolWorker-1: Calling delphi to calculate conformer LYS+1A0846_002 in /tmp/pbe_data.data.home.granepura.5-kinases.cof_tpl_mg.run_prot2.3ug2_LYS+1A0846_002
ForkPoolWorker-1: Calling delphi to calculate conformer THR01A0847_001 in /tmp/pbe_data.data.home.granepura.5-kinases.cof_tpl_mg.run_prot2.3ug2_THR01A0847_001
Skipping PBE solver for non-charge conformer PRO01A0848_001...
ForkPoolWorker-1: Calling delphi to calculate conformer GLN01A0849_001 in /tmp/pbe_data.data.home.granepura.5-kinases.cof_tpl_mg.run_prot2.3ug2_GLN01A0849_001
ForkPoolWorker-1: Calling delphi to calculate conformer GLN01A0849_002 in /tmp/pbe_data.data.home.granepura.5-kinases.cof_tpl_mg.run_prot2.3ug2_GLN01A0849_002
ForkPoolWorker-1: Calling delphi to calculate conformer HIS01A0850_001 in /tmp/pbe_data.data.home.granepura.5-kinases.cof_tpl_mg.run_prot2.3ug2_HIS01A0850_001
ForkPoolWorker-1: Calling delphi to calculate conformer HIS02A0850_002 in /tmp/pbe_data.data.home.granepura.5-kinases.cof_tpl_mg.run_prot2.3ug2_HIS02A0850_002
ForkPoolWorker-1: Calling delphi to calculate conformer HIS+1A0850_003 in /tmp/pbe_data.data.home.granepura.5-kinases.cof_tpl_mg.run_prot2.3ug2_HIS+1A0850_003
Skipping PBE solver for non-charge conformer VAL01A0851_001...
ForkPoolWorker-1: Calling delphi to calculate conformer LYS01A0852_001 in /tmp/pbe_data.data.home.granepura.5-kinases.cof_tpl_mg.run_prot2.3ug2_LYS01A0852_001
ForkPoolWorker-1: Calling delphi to calculate conformer LYS+1A0852_002 in /tmp/pbe_data.data.home.granepura.5-kinases.cof_tpl_mg.run_prot2.3ug2_LYS+1A0852_002
Skipping PBE solver for non-charge conformer ILE01A0853_001...
ForkPoolWorker-1: Calling delphi to calculate conformer THR01A0854_001 in /tmp/pbe_data.data.home.granepura.5-kinases.cof_tpl_mg.run_prot2.3ug2_THR01A0854_001
ForkPoolWorker-1: Calling delphi to calculate conformer THR01A0854_002 in /tmp/pbe_data.data.home.granepura.5-kinases.cof_tpl_mg.run_prot2.3ug2_THR01A0854_002
ForkPoolWorker-1: Calling delphi to calculate conformer THR01A0854_003 in /tmp/pbe_data.data.home.granepura.5-kinases.cof_tpl_mg.run_prot2.3ug2_THR01A0854_003
ForkPoolWorker-1: Calling delphi to calculate conformer ASP01A0855_001 in /tmp/pbe_data.data.home.granepura.5-kinases.cof_tpl_mg.run_prot2.3ug2_ASP01A0855_001
ForkPoolWorker-1: Calling delphi to calculate conformer ASP01A0855_002 in /tmp/pbe_data.data.home.granepura.5-kinases.cof_tpl_mg.run_prot2.3ug2_ASP01A0855_002
ForkPoolWorker-1: Calling delphi to calculate conformer ASP02A0855_003 in /tmp/pbe_data.data.home.granepura.5-kinases.cof_tpl_mg.run_prot2.3ug2_ASP02A0855_003
ForkPoolWorker-1: Calling delphi to calculate conformer ASP02A0855_004 in /tmp/pbe_data.data.home.granepura.5-kinases.cof_tpl_mg.run_prot2.3ug2_ASP02A0855_004
ForkPoolWorker-1: Calling delphi to calculate conformer ASP-1A0855_005 in /tmp/pbe_data.data.home.granepura.5-kinases.cof_tpl_mg.run_prot2.3ug2_ASP-1A0855_005
Skipping PBE solver for non-charge conformer PHE01A0856_001...
Skipping PBE solver for non-charge conformer LEU01A0858_001...
Skipping PBE solver for non-charge conformer ALA01A0859_001...
ForkPoolWorker-1: Calling delphi to calculate conformer LYS01A0860_001 in /tmp/pbe_data.data.home.granepura.5-kinases.cof_tpl_mg.run_prot2.3ug2_LYS01A0860_001
ForkPoolWorker-1: Calling delphi to calculate conformer LYS+1A0860_002 in /tmp/pbe_data.data.home.granepura.5-kinases.cof_tpl_mg.run_prot2.3ug2_LYS+1A0860_002
Skipping PBE solver for non-charge conformer LEU01A0861_001...
Skipping PBE solver for non-charge conformer LEU01A0862_001...
Skipping PBE solver for non-charge conformer ALA01A0864_001...
ForkPoolWorker-1: Calling delphi to calculate conformer GLU01A0865_001 in /tmp/pbe_data.data.home.granepura.5-kinases.cof_tpl_mg.run_prot2.3ug2_GLU01A0865_001
ForkPoolWorker-1: Calling delphi to calculate conformer GLU01A0865_002 in /tmp/pbe_data.data.home.granepura.5-kinases.cof_tpl_mg.run_prot2.3ug2_GLU01A0865_002
ForkPoolWorker-1: Calling delphi to calculate conformer GLU02A0865_003 in /tmp/pbe_data.data.home.granepura.5-kinases.cof_tpl_mg.run_prot2.3ug2_GLU02A0865_003
ForkPoolWorker-1: Calling delphi to calculate conformer GLU02A0865_004 in /tmp/pbe_data.data.home.granepura.5-kinases.cof_tpl_mg.run_prot2.3ug2_GLU02A0865_004
ForkPoolWorker-1: Calling delphi to calculate conformer GLU-1A0865_005 in /tmp/pbe_data.data.home.granepura.5-kinases.cof_tpl_mg.run_prot2.3ug2_GLU-1A0865_005
ForkPoolWorker-1: Calling delphi to calculate conformer GLU01A0866_001 in /tmp/pbe_data.data.home.granepura.5-kinases.cof_tpl_mg.run_prot2.3ug2_GLU01A0866_001
ForkPoolWorker-1: Calling delphi to calculate conformer GLU01A0866_002 in /tmp/pbe_data.data.home.granepura.5-kinases.cof_tpl_mg.run_prot2.3ug2_GLU01A0866_002
ForkPoolWorker-1: Calling delphi to calculate conformer GLU02A0866_003 in /tmp/pbe_data.data.home.granepura.5-kinases.cof_tpl_mg.run_prot2.3ug2_GLU02A0866_003
ForkPoolWorker-1: Calling delphi to calculate conformer GLU02A0866_004 in /tmp/pbe_data.data.home.granepura.5-kinases.cof_tpl_mg.run_prot2.3ug2_GLU02A0866_004
ForkPoolWorker-1: Calling delphi to calculate conformer GLU-1A0866_005 in /tmp/pbe_data.data.home.granepura.5-kinases.cof_tpl_mg.run_prot2.3ug2_GLU-1A0866_005
ForkPoolWorker-1: Calling delphi to calculate conformer LYS01A0867_001 in /tmp/pbe_data.data.home.granepura.5-kinases.cof_tpl_mg.run_prot2.3ug2_LYS01A0867_001
ForkPoolWorker-1: Calling delphi to calculate conformer LYS+1A0867_002 in /tmp/pbe_data.data.home.granepura.5-kinases.cof_tpl_mg.run_prot2.3ug2_LYS+1A0867_002
ForkPoolWorker-1: Calling delphi to calculate conformer GLU01A0868_001 in /tmp/pbe_data.data.home.granepura.5-kinases.cof_tpl_mg.run_prot2.3ug2_GLU01A0868_001
ForkPoolWorker-1: Calling delphi to calculate conformer GLU01A0868_002 in /tmp/pbe_data.data.home.granepura.5-kinases.cof_tpl_mg.run_prot2.3ug2_GLU01A0868_002
ForkPoolWorker-1: Calling delphi to calculate conformer GLU02A0868_003 in /tmp/pbe_data.data.home.granepura.5-kinases.cof_tpl_mg.run_prot2.3ug2_GLU02A0868_003
ForkPoolWorker-1: Calling delphi to calculate conformer GLU02A0868_004 in /tmp/pbe_data.data.home.granepura.5-kinases.cof_tpl_mg.run_prot2.3ug2_GLU02A0868_004
ForkPoolWorker-1: Calling delphi to calculate conformer GLU-1A0868_005 in /tmp/pbe_data.data.home.granepura.5-kinases.cof_tpl_mg.run_prot2.3ug2_GLU-1A0868_005
ForkPoolWorker-1: Calling delphi to calculate conformer TYR01A0869_001 in /tmp/pbe_data.data.home.granepura.5-kinases.cof_tpl_mg.run_prot2.3ug2_TYR01A0869_001
ForkPoolWorker-1: Calling delphi to calculate conformer TYR01A0869_002 in /tmp/pbe_data.data.home.granepura.5-kinases.cof_tpl_mg.run_prot2.3ug2_TYR01A0869_002
ForkPoolWorker-1: Calling delphi to calculate conformer TYR-1A0869_003 in /tmp/pbe_data.data.home.granepura.5-kinases.cof_tpl_mg.run_prot2.3ug2_TYR-1A0869_003
ForkPoolWorker-1: Calling delphi to calculate conformer HIS01A0870_001 in /tmp/pbe_data.data.home.granepura.5-kinases.cof_tpl_mg.run_prot2.3ug2_HIS01A0870_001
ForkPoolWorker-1: Calling delphi to calculate conformer HIS01A0870_002 in /tmp/pbe_data.data.home.granepura.5-kinases.cof_tpl_mg.run_prot2.3ug2_HIS01A0870_002
ForkPoolWorker-1: Calling delphi to calculate conformer HIS02A0870_003 in /tmp/pbe_data.data.home.granepura.5-kinases.cof_tpl_mg.run_prot2.3ug2_HIS02A0870_003
ForkPoolWorker-1: Calling delphi to calculate conformer HIS02A0870_004 in /tmp/pbe_data.data.home.granepura.5-kinases.cof_tpl_mg.run_prot2.3ug2_HIS02A0870_004
ForkPoolWorker-1: Calling delphi to calculate conformer HIS+1A0870_005 in /tmp/pbe_data.data.home.granepura.5-kinases.cof_tpl_mg.run_prot2.3ug2_HIS+1A0870_005
ForkPoolWorker-1: Calling delphi to calculate conformer HIS+1A0870_006 in /tmp/pbe_data.data.home.granepura.5-kinases.cof_tpl_mg.run_prot2.3ug2_HIS+1A0870_006
Skipping PBE solver for non-charge conformer ALA01A0871_001...
ForkPoolWorker-1: Calling delphi to calculate conformer GLU01A0872_001 in /tmp/pbe_data.data.home.granepura.5-kinases.cof_tpl_mg.run_prot2.3ug2_GLU01A0872_001
ForkPoolWorker-1: Calling delphi to calculate conformer GLU01A0872_002 in /tmp/pbe_data.data.home.granepura.5-kinases.cof_tpl_mg.run_prot2.3ug2_GLU01A0872_002
ForkPoolWorker-1: Calling delphi to calculate conformer GLU02A0872_003 in /tmp/pbe_data.data.home.granepura.5-kinases.cof_tpl_mg.run_prot2.3ug2_GLU02A0872_003
ForkPoolWorker-1: Calling delphi to calculate conformer GLU02A0872_004 in /tmp/pbe_data.data.home.granepura.5-kinases.cof_tpl_mg.run_prot2.3ug2_GLU02A0872_004
ForkPoolWorker-1: Calling delphi to calculate conformer GLU-1A0872_005 in /tmp/pbe_data.data.home.granepura.5-kinases.cof_tpl_mg.run_prot2.3ug2_GLU-1A0872_005
ForkPoolWorker-1: Calling delphi to calculate conformer LYS01A0875_001 in /tmp/pbe_data.data.home.granepura.5-kinases.cof_tpl_mg.run_prot2.3ug2_LYS01A0875_001
ForkPoolWorker-1: Calling delphi to calculate conformer LYS+1A0875_002 in /tmp/pbe_data.data.home.granepura.5-kinases.cof_tpl_mg.run_prot2.3ug2_LYS+1A0875_002
Skipping PBE solver for non-charge conformer VAL01A0876_001...
Skipping PBE solver for non-charge conformer PRO01A0877_001...
Skipping PBE solver for non-charge conformer ILE01A0878_001...
ForkPoolWorker-1: Calling delphi to calculate conformer LYS01A0879_001 in /tmp/pbe_data.data.home.granepura.5-kinases.cof_tpl_mg.run_prot2.3ug2_LYS01A0879_001
ForkPoolWorker-1: Calling delphi to calculate conformer LYS+1A0879_002 in /tmp/pbe_data.data.home.granepura.5-kinases.cof_tpl_mg.run_prot2.3ug2_LYS+1A0879_002
Skipping PBE solver for non-charge conformer TRP01A0880_001...
ForkPoolWorker-1: Calling delphi to calculate conformer MET01A0881_001 in /tmp/pbe_data.data.home.granepura.5-kinases.cof_tpl_mg.run_prot2.3ug2_MET01A0881_001
Skipping PBE solver for non-charge conformer ALA01A0882_001...
Skipping PBE solver for non-charge conformer LEU01A0883_001...
ForkPoolWorker-1: Calling delphi to calculate conformer GLU01A0884_001 in /tmp/pbe_data.data.home.granepura.5-kinases.cof_tpl_mg.run_prot2.3ug2_GLU01A0884_001
ForkPoolWorker-1: Calling delphi to calculate conformer GLU01A0884_002 in /tmp/pbe_data.data.home.granepura.5-kinases.cof_tpl_mg.run_prot2.3ug2_GLU01A0884_002
ForkPoolWorker-1: Calling delphi to calculate conformer GLU02A0884_003 in /tmp/pbe_data.data.home.granepura.5-kinases.cof_tpl_mg.run_prot2.3ug2_GLU02A0884_003
ForkPoolWorker-1: Calling delphi to calculate conformer GLU02A0884_004 in /tmp/pbe_data.data.home.granepura.5-kinases.cof_tpl_mg.run_prot2.3ug2_GLU02A0884_004
ForkPoolWorker-1: Calling delphi to calculate conformer GLU-1A0884_005 in /tmp/pbe_data.data.home.granepura.5-kinases.cof_tpl_mg.run_prot2.3ug2_GLU-1A0884_005
ForkPoolWorker-1: Calling delphi to calculate conformer SER01A0885_001 in /tmp/pbe_data.data.home.granepura.5-kinases.cof_tpl_mg.run_prot2.3ug2_SER01A0885_001
ForkPoolWorker-1: Calling delphi to calculate conformer SER01A0885_002 in /tmp/pbe_data.data.home.granepura.5-kinases.cof_tpl_mg.run_prot2.3ug2_SER01A0885_002
ForkPoolWorker-1: Calling delphi to calculate conformer SER01A0885_003 in /tmp/pbe_data.data.home.granepura.5-kinases.cof_tpl_mg.run_prot2.3ug2_SER01A0885_003
Skipping PBE solver for non-charge conformer ILE01A0886_001...
Skipping PBE solver for non-charge conformer LEU01A0887_001...
ForkPoolWorker-1: Calling delphi to calculate conformer HIS01A0888_001 in /tmp/pbe_data.data.home.granepura.5-kinases.cof_tpl_mg.run_prot2.3ug2_HIS01A0888_001
ForkPoolWorker-1: Calling delphi to calculate conformer HIS01A0888_002 in /tmp/pbe_data.data.home.granepura.5-kinases.cof_tpl_mg.run_prot2.3ug2_HIS01A0888_002
ForkPoolWorker-1: Calling delphi to calculate conformer HIS02A0888_003 in /tmp/pbe_data.data.home.granepura.5-kinases.cof_tpl_mg.run_prot2.3ug2_HIS02A0888_003
ForkPoolWorker-1: Calling delphi to calculate conformer HIS02A0888_004 in /tmp/pbe_data.data.home.granepura.5-kinases.cof_tpl_mg.run_prot2.3ug2_HIS02A0888_004
ForkPoolWorker-1: Calling delphi to calculate conformer HIS+1A0888_005 in /tmp/pbe_data.data.home.granepura.5-kinases.cof_tpl_mg.run_prot2.3ug2_HIS+1A0888_005
ForkPoolWorker-1: Calling delphi to calculate conformer HIS+1A0888_006 in /tmp/pbe_data.data.home.granepura.5-kinases.cof_tpl_mg.run_prot2.3ug2_HIS+1A0888_006
ForkPoolWorker-1: Calling delphi to calculate conformer ARG01A0889_001 in /tmp/pbe_data.data.home.granepura.5-kinases.cof_tpl_mg.run_prot2.3ug2_ARG01A0889_001
ForkPoolWorker-1: Calling delphi to calculate conformer ARG02A0889_002 in /tmp/pbe_data.data.home.granepura.5-kinases.cof_tpl_mg.run_prot2.3ug2_ARG02A0889_002
ForkPoolWorker-1: Calling delphi to calculate conformer ARG03A0889_003 in /tmp/pbe_data.data.home.granepura.5-kinases.cof_tpl_mg.run_prot2.3ug2_ARG03A0889_003
ForkPoolWorker-1: Calling delphi to calculate conformer ARG+1A0889_004 in /tmp/pbe_data.data.home.granepura.5-kinases.cof_tpl_mg.run_prot2.3ug2_ARG+1A0889_004
Skipping PBE solver for non-charge conformer ILE01A0890_001...
ForkPoolWorker-1: Calling delphi to calculate conformer TYR01A0891_001 in /tmp/pbe_data.data.home.granepura.5-kinases.cof_tpl_mg.run_prot2.3ug2_TYR01A0891_001
ForkPoolWorker-1: Calling delphi to calculate conformer TYR-1A0891_002 in /tmp/pbe_data.data.home.granepura.5-kinases.cof_tpl_mg.run_prot2.3ug2_TYR-1A0891_002
ForkPoolWorker-1: Calling delphi to calculate conformer THR01A0892_001 in /tmp/pbe_data.data.home.granepura.5-kinases.cof_tpl_mg.run_prot2.3ug2_THR01A0892_001
ForkPoolWorker-1: Calling delphi to calculate conformer THR01A0892_002 in /tmp/pbe_data.data.home.granepura.5-kinases.cof_tpl_mg.run_prot2.3ug2_THR01A0892_002
ForkPoolWorker-1: Calling delphi to calculate conformer HIS01A0893_001 in /tmp/pbe_data.data.home.granepura.5-kinases.cof_tpl_mg.run_prot2.3ug2_HIS01A0893_001
ForkPoolWorker-1: Calling delphi to calculate conformer HIS01A0893_002 in /tmp/pbe_data.data.home.granepura.5-kinases.cof_tpl_mg.run_prot2.3ug2_HIS01A0893_002
ForkPoolWorker-1: Calling delphi to calculate conformer HIS02A0893_003 in /tmp/pbe_data.data.home.granepura.5-kinases.cof_tpl_mg.run_prot2.3ug2_HIS02A0893_003
ForkPoolWorker-1: Calling delphi to calculate conformer HIS02A0893_004 in /tmp/pbe_data.data.home.granepura.5-kinases.cof_tpl_mg.run_prot2.3ug2_HIS02A0893_004
ForkPoolWorker-1: Calling delphi to calculate conformer HIS+1A0893_005 in /tmp/pbe_data.data.home.granepura.5-kinases.cof_tpl_mg.run_prot2.3ug2_HIS+1A0893_005
ForkPoolWorker-1: Calling delphi to calculate conformer HIS+1A0893_006 in /tmp/pbe_data.data.home.granepura.5-kinases.cof_tpl_mg.run_prot2.3ug2_HIS+1A0893_006
ForkPoolWorker-1: Calling delphi to calculate conformer GLN01A0894_001 in /tmp/pbe_data.data.home.granepura.5-kinases.cof_tpl_mg.run_prot2.3ug2_GLN01A0894_001
ForkPoolWorker-1: Calling delphi to calculate conformer GLN01A0894_002 in /tmp/pbe_data.data.home.granepura.5-kinases.cof_tpl_mg.run_prot2.3ug2_GLN01A0894_002
ForkPoolWorker-1: Calling delphi to calculate conformer SER01A0895_001 in /tmp/pbe_data.data.home.granepura.5-kinases.cof_tpl_mg.run_prot2.3ug2_SER01A0895_001
ForkPoolWorker-1: Calling delphi to calculate conformer SER01A0895_002 in /tmp/pbe_data.data.home.granepura.5-kinases.cof_tpl_mg.run_prot2.3ug2_SER01A0895_002
ForkPoolWorker-1: Calling delphi to calculate conformer ASP01A0896_001 in /tmp/pbe_data.data.home.granepura.5-kinases.cof_tpl_mg.run_prot2.3ug2_ASP01A0896_001
ForkPoolWorker-1: Calling delphi to calculate conformer ASP01A0896_002 in /tmp/pbe_data.data.home.granepura.5-kinases.cof_tpl_mg.run_prot2.3ug2_ASP01A0896_002
ForkPoolWorker-1: Calling delphi to calculate conformer ASP02A0896_003 in /tmp/pbe_data.data.home.granepura.5-kinases.cof_tpl_mg.run_prot2.3ug2_ASP02A0896_003
ForkPoolWorker-1: Calling delphi to calculate conformer ASP02A0896_004 in /tmp/pbe_data.data.home.granepura.5-kinases.cof_tpl_mg.run_prot2.3ug2_ASP02A0896_004
ForkPoolWorker-1: Calling delphi to calculate conformer ASP-1A0896_005 in /tmp/pbe_data.data.home.granepura.5-kinases.cof_tpl_mg.run_prot2.3ug2_ASP-1A0896_005
Skipping PBE solver for non-charge conformer VAL01A0897_001...
Skipping PBE solver for non-charge conformer TRP01A0898_001...
ForkPoolWorker-1: Calling delphi to calculate conformer SER01A0899_001 in /tmp/pbe_data.data.home.granepura.5-kinases.cof_tpl_mg.run_prot2.3ug2_SER01A0899_001
ForkPoolWorker-1: Calling delphi to calculate conformer SER01A0899_002 in /tmp/pbe_data.data.home.granepura.5-kinases.cof_tpl_mg.run_prot2.3ug2_SER01A0899_002
ForkPoolWorker-1: Calling delphi to calculate conformer TYR01A0900_001 in /tmp/pbe_data.data.home.granepura.5-kinases.cof_tpl_mg.run_prot2.3ug2_TYR01A0900_001
ForkPoolWorker-1: Calling delphi to calculate conformer TYR01A0900_002 in /tmp/pbe_data.data.home.granepura.5-kinases.cof_tpl_mg.run_prot2.3ug2_TYR01A0900_002
ForkPoolWorker-1: Calling delphi to calculate conformer TYR-1A0900_003 in /tmp/pbe_data.data.home.granepura.5-kinases.cof_tpl_mg.run_prot2.3ug2_TYR-1A0900_003
Skipping PBE solver for non-charge conformer VAL01A0902_001...
ForkPoolWorker-1: Calling delphi to calculate conformer THR01A0903_001 in /tmp/pbe_data.data.home.granepura.5-kinases.cof_tpl_mg.run_prot2.3ug2_THR01A0903_001
ForkPoolWorker-1: Calling delphi to calculate conformer THR01A0903_002 in /tmp/pbe_data.data.home.granepura.5-kinases.cof_tpl_mg.run_prot2.3ug2_THR01A0903_002
ForkPoolWorker-1: Calling delphi to calculate conformer THR01A0903_003 in /tmp/pbe_data.data.home.granepura.5-kinases.cof_tpl_mg.run_prot2.3ug2_THR01A0903_003
Skipping PBE solver for non-charge conformer VAL01A0904_001...
Skipping PBE solver for non-charge conformer TRP01A0905_001...
ForkPoolWorker-1: Calling delphi to calculate conformer GLU01A0906_001 in /tmp/pbe_data.data.home.granepura.5-kinases.cof_tpl_mg.run_prot2.3ug2_GLU01A0906_001
ForkPoolWorker-1: Calling delphi to calculate conformer GLU01A0906_002 in /tmp/pbe_data.data.home.granepura.5-kinases.cof_tpl_mg.run_prot2.3ug2_GLU01A0906_002
ForkPoolWorker-1: Calling delphi to calculate conformer GLU02A0906_003 in /tmp/pbe_data.data.home.granepura.5-kinases.cof_tpl_mg.run_prot2.3ug2_GLU02A0906_003
ForkPoolWorker-1: Calling delphi to calculate conformer GLU02A0906_004 in /tmp/pbe_data.data.home.granepura.5-kinases.cof_tpl_mg.run_prot2.3ug2_GLU02A0906_004
ForkPoolWorker-1: Calling delphi to calculate conformer GLU-1A0906_005 in /tmp/pbe_data.data.home.granepura.5-kinases.cof_tpl_mg.run_prot2.3ug2_GLU-1A0906_005
Skipping PBE solver for non-charge conformer LEU01A0907_001...
ForkPoolWorker-1: Calling delphi to calculate conformer MET01A0908_001 in /tmp/pbe_data.data.home.granepura.5-kinases.cof_tpl_mg.run_prot2.3ug2_MET01A0908_001
ForkPoolWorker-1: Calling delphi to calculate conformer THR01A0909_001 in /tmp/pbe_data.data.home.granepura.5-kinases.cof_tpl_mg.run_prot2.3ug2_THR01A0909_001
ForkPoolWorker-1: Calling delphi to calculate conformer THR01A0909_002 in /tmp/pbe_data.data.home.granepura.5-kinases.cof_tpl_mg.run_prot2.3ug2_THR01A0909_002
Skipping PBE solver for non-charge conformer PHE01A0910_001...
ForkPoolWorker-1: Calling delphi to calculate conformer SER01A0912_001 in /tmp/pbe_data.data.home.granepura.5-kinases.cof_tpl_mg.run_prot2.3ug2_SER01A0912_001
ForkPoolWorker-1: Calling delphi to calculate conformer SER01A0912_002 in /tmp/pbe_data.data.home.granepura.5-kinases.cof_tpl_mg.run_prot2.3ug2_SER01A0912_002
ForkPoolWorker-1: Calling delphi to calculate conformer SER01A0912_003 in /tmp/pbe_data.data.home.granepura.5-kinases.cof_tpl_mg.run_prot2.3ug2_SER01A0912_003
ForkPoolWorker-1: Calling delphi to calculate conformer LYS01A0913_001 in /tmp/pbe_data.data.home.granepura.5-kinases.cof_tpl_mg.run_prot2.3ug2_LYS01A0913_001
ForkPoolWorker-1: Calling delphi to calculate conformer LYS+1A0913_002 in /tmp/pbe_data.data.home.granepura.5-kinases.cof_tpl_mg.run_prot2.3ug2_LYS+1A0913_002
Skipping PBE solver for non-charge conformer PRO01A0914_001...
ForkPoolWorker-1: Calling delphi to calculate conformer TYR01A0915_001 in /tmp/pbe_data.data.home.granepura.5-kinases.cof_tpl_mg.run_prot2.3ug2_TYR01A0915_001
ForkPoolWorker-1: Calling delphi to calculate conformer TYR-1A0915_002 in /tmp/pbe_data.data.home.granepura.5-kinases.cof_tpl_mg.run_prot2.3ug2_TYR-1A0915_002
ForkPoolWorker-1: Calling delphi to calculate conformer ASP01A0916_001 in /tmp/pbe_data.data.home.granepura.5-kinases.cof_tpl_mg.run_prot2.3ug2_ASP01A0916_001
ForkPoolWorker-1: Calling delphi to calculate conformer ASP01A0916_002 in /tmp/pbe_data.data.home.granepura.5-kinases.cof_tpl_mg.run_prot2.3ug2_ASP01A0916_002
ForkPoolWorker-1: Calling delphi to calculate conformer ASP02A0916_003 in /tmp/pbe_data.data.home.granepura.5-kinases.cof_tpl_mg.run_prot2.3ug2_ASP02A0916_003
ForkPoolWorker-1: Calling delphi to calculate conformer ASP02A0916_004 in /tmp/pbe_data.data.home.granepura.5-kinases.cof_tpl_mg.run_prot2.3ug2_ASP02A0916_004
ForkPoolWorker-1: Calling delphi to calculate conformer ASP-1A0916_005 in /tmp/pbe_data.data.home.granepura.5-kinases.cof_tpl_mg.run_prot2.3ug2_ASP-1A0916_005
Skipping PBE solver for non-charge conformer ILE01A0918_001...
Skipping PBE solver for non-charge conformer PRO01A0919_001...
Skipping PBE solver for non-charge conformer ALA01A0920_001...
ForkPoolWorker-1: Calling delphi to calculate conformer SER01A0921_001 in /tmp/pbe_data.data.home.granepura.5-kinases.cof_tpl_mg.run_prot2.3ug2_SER01A0921_001
ForkPoolWorker-1: Calling delphi to calculate conformer GLU01A0922_001 in /tmp/pbe_data.data.home.granepura.5-kinases.cof_tpl_mg.run_prot2.3ug2_GLU01A0922_001
ForkPoolWorker-1: Calling delphi to calculate conformer GLU01A0922_002 in /tmp/pbe_data.data.home.granepura.5-kinases.cof_tpl_mg.run_prot2.3ug2_GLU01A0922_002
ForkPoolWorker-1: Calling delphi to calculate conformer GLU02A0922_003 in /tmp/pbe_data.data.home.granepura.5-kinases.cof_tpl_mg.run_prot2.3ug2_GLU02A0922_003
ForkPoolWorker-1: Calling delphi to calculate conformer GLU02A0922_004 in /tmp/pbe_data.data.home.granepura.5-kinases.cof_tpl_mg.run_prot2.3ug2_GLU02A0922_004
ForkPoolWorker-1: Calling delphi to calculate conformer GLU-1A0922_005 in /tmp/pbe_data.data.home.granepura.5-kinases.cof_tpl_mg.run_prot2.3ug2_GLU-1A0922_005
Skipping PBE solver for non-charge conformer ILE01A0923_001...
ForkPoolWorker-1: Calling delphi to calculate conformer SER01A0924_001 in /tmp/pbe_data.data.home.granepura.5-kinases.cof_tpl_mg.run_prot2.3ug2_SER01A0924_001
ForkPoolWorker-1: Calling delphi to calculate conformer SER01A0924_002 in /tmp/pbe_data.data.home.granepura.5-kinases.cof_tpl_mg.run_prot2.3ug2_SER01A0924_002
ForkPoolWorker-1: Calling delphi to calculate conformer SER01A0925_001 in /tmp/pbe_data.data.home.granepura.5-kinases.cof_tpl_mg.run_prot2.3ug2_SER01A0925_001
ForkPoolWorker-1: Calling delphi to calculate conformer SER01A0925_002 in /tmp/pbe_data.data.home.granepura.5-kinases.cof_tpl_mg.run_prot2.3ug2_SER01A0925_002
Skipping PBE solver for non-charge conformer ILE01A0926_001...
Skipping PBE solver for non-charge conformer LEU01A0927_001...
ForkPoolWorker-1: Calling delphi to calculate conformer GLU01A0928_001 in /tmp/pbe_data.data.home.granepura.5-kinases.cof_tpl_mg.run_prot2.3ug2_GLU01A0928_001
ForkPoolWorker-1: Calling delphi to calculate conformer GLU01A0928_002 in /tmp/pbe_data.data.home.granepura.5-kinases.cof_tpl_mg.run_prot2.3ug2_GLU01A0928_002
ForkPoolWorker-1: Calling delphi to calculate conformer GLU02A0928_003 in /tmp/pbe_data.data.home.granepura.5-kinases.cof_tpl_mg.run_prot2.3ug2_GLU02A0928_003
ForkPoolWorker-1: Calling delphi to calculate conformer GLU02A0928_004 in /tmp/pbe_data.data.home.granepura.5-kinases.cof_tpl_mg.run_prot2.3ug2_GLU02A0928_004
ForkPoolWorker-1: Calling delphi to calculate conformer GLU-1A0928_005 in /tmp/pbe_data.data.home.granepura.5-kinases.cof_tpl_mg.run_prot2.3ug2_GLU-1A0928_005
ForkPoolWorker-1: Calling delphi to calculate conformer LYS01A0929_001 in /tmp/pbe_data.data.home.granepura.5-kinases.cof_tpl_mg.run_prot2.3ug2_LYS01A0929_001
ForkPoolWorker-1: Calling delphi to calculate conformer LYS+1A0929_002 in /tmp/pbe_data.data.home.granepura.5-kinases.cof_tpl_mg.run_prot2.3ug2_LYS+1A0929_002
ForkPoolWorker-1: Calling delphi to calculate conformer GLU01A0931_001 in /tmp/pbe_data.data.home.granepura.5-kinases.cof_tpl_mg.run_prot2.3ug2_GLU01A0931_001
ForkPoolWorker-1: Calling delphi to calculate conformer GLU01A0931_002 in /tmp/pbe_data.data.home.granepura.5-kinases.cof_tpl_mg.run_prot2.3ug2_GLU01A0931_002
ForkPoolWorker-1: Calling delphi to calculate conformer GLU02A0931_003 in /tmp/pbe_data.data.home.granepura.5-kinases.cof_tpl_mg.run_prot2.3ug2_GLU02A0931_003
ForkPoolWorker-1: Calling delphi to calculate conformer GLU02A0931_004 in /tmp/pbe_data.data.home.granepura.5-kinases.cof_tpl_mg.run_prot2.3ug2_GLU02A0931_004
ForkPoolWorker-1: Calling delphi to calculate conformer GLU-1A0931_005 in /tmp/pbe_data.data.home.granepura.5-kinases.cof_tpl_mg.run_prot2.3ug2_GLU-1A0931_005
ForkPoolWorker-1: Calling delphi to calculate conformer ARG01A0932_001 in /tmp/pbe_data.data.home.granepura.5-kinases.cof_tpl_mg.run_prot2.3ug2_ARG01A0932_001
ForkPoolWorker-1: Calling delphi to calculate conformer ARG02A0932_002 in /tmp/pbe_data.data.home.granepura.5-kinases.cof_tpl_mg.run_prot2.3ug2_ARG02A0932_002
ForkPoolWorker-1: Calling delphi to calculate conformer ARG02A0932_003 in /tmp/pbe_data.data.home.granepura.5-kinases.cof_tpl_mg.run_prot2.3ug2_ARG02A0932_003
ForkPoolWorker-1: Calling delphi to calculate conformer ARG03A0932_004 in /tmp/pbe_data.data.home.granepura.5-kinases.cof_tpl_mg.run_prot2.3ug2_ARG03A0932_004
ForkPoolWorker-1: Calling delphi to calculate conformer ARG03A0932_005 in /tmp/pbe_data.data.home.granepura.5-kinases.cof_tpl_mg.run_prot2.3ug2_ARG03A0932_005
ForkPoolWorker-1: Calling delphi to calculate conformer ARG+1A0932_006 in /tmp/pbe_data.data.home.granepura.5-kinases.cof_tpl_mg.run_prot2.3ug2_ARG+1A0932_006
Skipping PBE solver for non-charge conformer LEU01A0933_001...
Skipping PBE solver for non-charge conformer PRO01A0934_001...
ForkPoolWorker-1: Calling delphi to calculate conformer GLN01A0935_001 in /tmp/pbe_data.data.home.granepura.5-kinases.cof_tpl_mg.run_prot2.3ug2_GLN01A0935_001
ForkPoolWorker-1: Calling delphi to calculate conformer GLN01A0935_002 in /tmp/pbe_data.data.home.granepura.5-kinases.cof_tpl_mg.run_prot2.3ug2_GLN01A0935_002
Skipping PBE solver for non-charge conformer PRO01A0936_001...
Skipping PBE solver for non-charge conformer PRO01A0937_001...
Skipping PBE solver for non-charge conformer ILE01A0938_001...
ForkPoolWorker-1: Calling delphi to calculate conformer CYS01A0939_001 in /tmp/pbe_data.data.home.granepura.5-kinases.cof_tpl_mg.run_prot2.3ug2_CYS01A0939_001
ForkPoolWorker-1: Calling delphi to calculate conformer CYS01A0939_002 in /tmp/pbe_data.data.home.granepura.5-kinases.cof_tpl_mg.run_prot2.3ug2_CYS01A0939_002
ForkPoolWorker-1: Calling delphi to calculate conformer CYS01A0939_003 in /tmp/pbe_data.data.home.granepura.5-kinases.cof_tpl_mg.run_prot2.3ug2_CYS01A0939_003
ForkPoolWorker-1: Calling delphi to calculate conformer CYS-1A0939_004 in /tmp/pbe_data.data.home.granepura.5-kinases.cof_tpl_mg.run_prot2.3ug2_CYS-1A0939_004
ForkPoolWorker-1: Calling delphi to calculate conformer THR01A0940_001 in /tmp/pbe_data.data.home.granepura.5-kinases.cof_tpl_mg.run_prot2.3ug2_THR01A0940_001
ForkPoolWorker-1: Calling delphi to calculate conformer THR01A0940_002 in /tmp/pbe_data.data.home.granepura.5-kinases.cof_tpl_mg.run_prot2.3ug2_THR01A0940_002
Skipping PBE solver for non-charge conformer ILE01A0941_001...
ForkPoolWorker-1: Calling delphi to calculate conformer ASP01A0942_001 in /tmp/pbe_data.data.home.granepura.5-kinases.cof_tpl_mg.run_prot2.3ug2_ASP01A0942_001
ForkPoolWorker-1: Calling delphi to calculate conformer ASP01A0942_002 in /tmp/pbe_data.data.home.granepura.5-kinases.cof_tpl_mg.run_prot2.3ug2_ASP01A0942_002
ForkPoolWorker-1: Calling delphi to calculate conformer ASP02A0942_003 in /tmp/pbe_data.data.home.granepura.5-kinases.cof_tpl_mg.run_prot2.3ug2_ASP02A0942_003
ForkPoolWorker-1: Calling delphi to calculate conformer ASP02A0942_004 in /tmp/pbe_data.data.home.granepura.5-kinases.cof_tpl_mg.run_prot2.3ug2_ASP02A0942_004
ForkPoolWorker-1: Calling delphi to calculate conformer ASP-1A0942_005 in /tmp/pbe_data.data.home.granepura.5-kinases.cof_tpl_mg.run_prot2.3ug2_ASP-1A0942_005
Skipping PBE solver for non-charge conformer VAL01A0943_001...
ForkPoolWorker-1: Calling delphi to calculate conformer TYR01A0944_001 in /tmp/pbe_data.data.home.granepura.5-kinases.cof_tpl_mg.run_prot2.3ug2_TYR01A0944_001
ForkPoolWorker-1: Calling delphi to calculate conformer TYR01A0944_002 in /tmp/pbe_data.data.home.granepura.5-kinases.cof_tpl_mg.run_prot2.3ug2_TYR01A0944_002
ForkPoolWorker-1: Calling delphi to calculate conformer TYR-1A0944_003 in /tmp/pbe_data.data.home.granepura.5-kinases.cof_tpl_mg.run_prot2.3ug2_TYR-1A0944_003
ForkPoolWorker-1: Calling delphi to calculate conformer MET01A0945_001 in /tmp/pbe_data.data.home.granepura.5-kinases.cof_tpl_mg.run_prot2.3ug2_MET01A0945_001
Skipping PBE solver for non-charge conformer ILE01A0946_001...
ForkPoolWorker-1: Calling delphi to calculate conformer MET01A0947_001 in /tmp/pbe_data.data.home.granepura.5-kinases.cof_tpl_mg.run_prot2.3ug2_MET01A0947_001
Skipping PBE solver for non-charge conformer VAL01A0948_001...
ForkPoolWorker-1: Calling delphi to calculate conformer LYS01A0949_001 in /tmp/pbe_data.data.home.granepura.5-kinases.cof_tpl_mg.run_prot2.3ug2_LYS01A0949_001
ForkPoolWorker-1: Calling delphi to calculate conformer LYS+1A0949_002 in /tmp/pbe_data.data.home.granepura.5-kinases.cof_tpl_mg.run_prot2.3ug2_LYS+1A0949_002
ForkPoolWorker-1: Calling delphi to calculate conformer CYS01A0950_001 in /tmp/pbe_data.data.home.granepura.5-kinases.cof_tpl_mg.run_prot2.3ug2_CYS01A0950_001
ForkPoolWorker-1: Calling delphi to calculate conformer CYS01A0950_002 in /tmp/pbe_data.data.home.granepura.5-kinases.cof_tpl_mg.run_prot2.3ug2_CYS01A0950_002
ForkPoolWorker-1: Calling delphi to calculate conformer CYS01A0950_003 in /tmp/pbe_data.data.home.granepura.5-kinases.cof_tpl_mg.run_prot2.3ug2_CYS01A0950_003
ForkPoolWorker-1: Calling delphi to calculate conformer CYS-1A0950_004 in /tmp/pbe_data.data.home.granepura.5-kinases.cof_tpl_mg.run_prot2.3ug2_CYS-1A0950_004
Skipping PBE solver for non-charge conformer TRP01A0951_001...
ForkPoolWorker-1: Calling delphi to calculate conformer MET01A0952_001 in /tmp/pbe_data.data.home.granepura.5-kinases.cof_tpl_mg.run_prot2.3ug2_MET01A0952_001
Skipping PBE solver for non-charge conformer ILE01A0953_001...
ForkPoolWorker-1: Calling delphi to calculate conformer ASP01A0954_001 in /tmp/pbe_data.data.home.granepura.5-kinases.cof_tpl_mg.run_prot2.3ug2_ASP01A0954_001
ForkPoolWorker-1: Calling delphi to calculate conformer ASP01A0954_002 in /tmp/pbe_data.data.home.granepura.5-kinases.cof_tpl_mg.run_prot2.3ug2_ASP01A0954_002
ForkPoolWorker-1: Calling delphi to calculate conformer ASP01A0954_003 in /tmp/pbe_data.data.home.granepura.5-kinases.cof_tpl_mg.run_prot2.3ug2_ASP01A0954_003
ForkPoolWorker-1: Calling delphi to calculate conformer ASP01A0954_004 in /tmp/pbe_data.data.home.granepura.5-kinases.cof_tpl_mg.run_prot2.3ug2_ASP01A0954_004
ForkPoolWorker-1: Calling delphi to calculate conformer ASP02A0954_005 in /tmp/pbe_data.data.home.granepura.5-kinases.cof_tpl_mg.run_prot2.3ug2_ASP02A0954_005
ForkPoolWorker-1: Calling delphi to calculate conformer ASP02A0954_006 in /tmp/pbe_data.data.home.granepura.5-kinases.cof_tpl_mg.run_prot2.3ug2_ASP02A0954_006
ForkPoolWorker-1: Calling delphi to calculate conformer ASP02A0954_007 in /tmp/pbe_data.data.home.granepura.5-kinases.cof_tpl_mg.run_prot2.3ug2_ASP02A0954_007
ForkPoolWorker-1: Calling delphi to calculate conformer ASP02A0954_008 in /tmp/pbe_data.data.home.granepura.5-kinases.cof_tpl_mg.run_prot2.3ug2_ASP02A0954_008
ForkPoolWorker-1: Calling delphi to calculate conformer ASP-1A0954_009 in /tmp/pbe_data.data.home.granepura.5-kinases.cof_tpl_mg.run_prot2.3ug2_ASP-1A0954_009
ForkPoolWorker-1: Calling delphi to calculate conformer ASP-1A0954_010 in /tmp/pbe_data.data.home.granepura.5-kinases.cof_tpl_mg.run_prot2.3ug2_ASP-1A0954_010
Skipping PBE solver for non-charge conformer ALA01A0955_001...
ForkPoolWorker-1: Calling delphi to calculate conformer ASP01A0956_001 in /tmp/pbe_data.data.home.granepura.5-kinases.cof_tpl_mg.run_prot2.3ug2_ASP01A0956_001
ForkPoolWorker-1: Calling delphi to calculate conformer ASP01A0956_002 in /tmp/pbe_data.data.home.granepura.5-kinases.cof_tpl_mg.run_prot2.3ug2_ASP01A0956_002
ForkPoolWorker-1: Calling delphi to calculate conformer ASP02A0956_003 in /tmp/pbe_data.data.home.granepura.5-kinases.cof_tpl_mg.run_prot2.3ug2_ASP02A0956_003
ForkPoolWorker-1: Calling delphi to calculate conformer ASP02A0956_004 in /tmp/pbe_data.data.home.granepura.5-kinases.cof_tpl_mg.run_prot2.3ug2_ASP02A0956_004
ForkPoolWorker-1: Calling delphi to calculate conformer ASP-1A0956_005 in /tmp/pbe_data.data.home.granepura.5-kinases.cof_tpl_mg.run_prot2.3ug2_ASP-1A0956_005
ForkPoolWorker-1: Calling delphi to calculate conformer SER01A0957_001 in /tmp/pbe_data.data.home.granepura.5-kinases.cof_tpl_mg.run_prot2.3ug2_SER01A0957_001
ForkPoolWorker-1: Calling delphi to calculate conformer SER01A0957_002 in /tmp/pbe_data.data.home.granepura.5-kinases.cof_tpl_mg.run_prot2.3ug2_SER01A0957_002
ForkPoolWorker-1: Calling delphi to calculate conformer SER01A0957_003 in /tmp/pbe_data.data.home.granepura.5-kinases.cof_tpl_mg.run_prot2.3ug2_SER01A0957_003
ForkPoolWorker-1: Calling delphi to calculate conformer SER01A0957_004 in /tmp/pbe_data.data.home.granepura.5-kinases.cof_tpl_mg.run_prot2.3ug2_SER01A0957_004
ForkPoolWorker-1: Calling delphi to calculate conformer SER01A0957_005 in /tmp/pbe_data.data.home.granepura.5-kinases.cof_tpl_mg.run_prot2.3ug2_SER01A0957_005
ForkPoolWorker-1: Calling delphi to calculate conformer SER01A0957_006 in /tmp/pbe_data.data.home.granepura.5-kinases.cof_tpl_mg.run_prot2.3ug2_SER01A0957_006
ForkPoolWorker-1: Calling delphi to calculate conformer ARG01A0958_001 in /tmp/pbe_data.data.home.granepura.5-kinases.cof_tpl_mg.run_prot2.3ug2_ARG01A0958_001
ForkPoolWorker-1: Calling delphi to calculate conformer ARG02A0958_002 in /tmp/pbe_data.data.home.granepura.5-kinases.cof_tpl_mg.run_prot2.3ug2_ARG02A0958_002
ForkPoolWorker-1: Calling delphi to calculate conformer ARG02A0958_003 in /tmp/pbe_data.data.home.granepura.5-kinases.cof_tpl_mg.run_prot2.3ug2_ARG02A0958_003
ForkPoolWorker-1: Calling delphi to calculate conformer ARG03A0958_004 in /tmp/pbe_data.data.home.granepura.5-kinases.cof_tpl_mg.run_prot2.3ug2_ARG03A0958_004
ForkPoolWorker-1: Calling delphi to calculate conformer ARG03A0958_005 in /tmp/pbe_data.data.home.granepura.5-kinases.cof_tpl_mg.run_prot2.3ug2_ARG03A0958_005
ForkPoolWorker-1: Calling delphi to calculate conformer ARG+1A0958_006 in /tmp/pbe_data.data.home.granepura.5-kinases.cof_tpl_mg.run_prot2.3ug2_ARG+1A0958_006
Skipping PBE solver for non-charge conformer PRO01A0959_001...
ForkPoolWorker-1: Calling delphi to calculate conformer LYS01A0960_001 in /tmp/pbe_data.data.home.granepura.5-kinases.cof_tpl_mg.run_prot2.3ug2_LYS01A0960_001
ForkPoolWorker-1: Calling delphi to calculate conformer LYS+1A0960_002 in /tmp/pbe_data.data.home.granepura.5-kinases.cof_tpl_mg.run_prot2.3ug2_LYS+1A0960_002
Skipping PBE solver for non-charge conformer PHE01A0961_001...
ForkPoolWorker-1: Calling delphi to calculate conformer ARG01A0962_001 in /tmp/pbe_data.data.home.granepura.5-kinases.cof_tpl_mg.run_prot2.3ug2_ARG01A0962_001
ForkPoolWorker-1: Calling delphi to calculate conformer ARG02A0962_002 in /tmp/pbe_data.data.home.granepura.5-kinases.cof_tpl_mg.run_prot2.3ug2_ARG02A0962_002
ForkPoolWorker-1: Calling delphi to calculate conformer ARG03A0962_003 in /tmp/pbe_data.data.home.granepura.5-kinases.cof_tpl_mg.run_prot2.3ug2_ARG03A0962_003
ForkPoolWorker-1: Calling delphi to calculate conformer ARG+1A0962_004 in /tmp/pbe_data.data.home.granepura.5-kinases.cof_tpl_mg.run_prot2.3ug2_ARG+1A0962_004
ForkPoolWorker-1: Calling delphi to calculate conformer GLU01A0963_001 in /tmp/pbe_data.data.home.granepura.5-kinases.cof_tpl_mg.run_prot2.3ug2_GLU01A0963_001
ForkPoolWorker-1: Calling delphi to calculate conformer GLU01A0963_002 in /tmp/pbe_data.data.home.granepura.5-kinases.cof_tpl_mg.run_prot2.3ug2_GLU01A0963_002
ForkPoolWorker-1: Calling delphi to calculate conformer GLU02A0963_003 in /tmp/pbe_data.data.home.granepura.5-kinases.cof_tpl_mg.run_prot2.3ug2_GLU02A0963_003
ForkPoolWorker-1: Calling delphi to calculate conformer GLU02A0963_004 in /tmp/pbe_data.data.home.granepura.5-kinases.cof_tpl_mg.run_prot2.3ug2_GLU02A0963_004
ForkPoolWorker-1: Calling delphi to calculate conformer GLU-1A0963_005 in /tmp/pbe_data.data.home.granepura.5-kinases.cof_tpl_mg.run_prot2.3ug2_GLU-1A0963_005
Skipping PBE solver for non-charge conformer LEU01A0964_001...
Skipping PBE solver for non-charge conformer ILE01A0965_001...
Skipping PBE solver for non-charge conformer ILE01A0966_001...
ForkPoolWorker-1: Calling delphi to calculate conformer GLU01A0967_001 in /tmp/pbe_data.data.home.granepura.5-kinases.cof_tpl_mg.run_prot2.3ug2_GLU01A0967_001
ForkPoolWorker-1: Calling delphi to calculate conformer GLU01A0967_002 in /tmp/pbe_data.data.home.granepura.5-kinases.cof_tpl_mg.run_prot2.3ug2_GLU01A0967_002
ForkPoolWorker-1: Calling delphi to calculate conformer GLU02A0967_003 in /tmp/pbe_data.data.home.granepura.5-kinases.cof_tpl_mg.run_prot2.3ug2_GLU02A0967_003
ForkPoolWorker-1: Calling delphi to calculate conformer GLU02A0967_004 in /tmp/pbe_data.data.home.granepura.5-kinases.cof_tpl_mg.run_prot2.3ug2_GLU02A0967_004
ForkPoolWorker-1: Calling delphi to calculate conformer GLU-1A0967_005 in /tmp/pbe_data.data.home.granepura.5-kinases.cof_tpl_mg.run_prot2.3ug2_GLU-1A0967_005
Skipping PBE solver for non-charge conformer PHE01A0968_001...
ForkPoolWorker-1: Calling delphi to calculate conformer SER01A0969_001 in /tmp/pbe_data.data.home.granepura.5-kinases.cof_tpl_mg.run_prot2.3ug2_SER01A0969_001
ForkPoolWorker-1: Calling delphi to calculate conformer SER01A0969_002 in /tmp/pbe_data.data.home.granepura.5-kinases.cof_tpl_mg.run_prot2.3ug2_SER01A0969_002
ForkPoolWorker-1: Calling delphi to calculate conformer LYS01A0970_001 in /tmp/pbe_data.data.home.granepura.5-kinases.cof_tpl_mg.run_prot2.3ug2_LYS01A0970_001
ForkPoolWorker-1: Calling delphi to calculate conformer LYS+1A0970_002 in /tmp/pbe_data.data.home.granepura.5-kinases.cof_tpl_mg.run_prot2.3ug2_LYS+1A0970_002
ForkPoolWorker-1: Calling delphi to calculate conformer MET01A0971_001 in /tmp/pbe_data.data.home.granepura.5-kinases.cof_tpl_mg.run_prot2.3ug2_MET01A0971_001
Skipping PBE solver for non-charge conformer ALA01A0972_001...
ForkPoolWorker-1: Calling delphi to calculate conformer ARG01A0973_001 in /tmp/pbe_data.data.home.granepura.5-kinases.cof_tpl_mg.run_prot2.3ug2_ARG01A0973_001
ForkPoolWorker-1: Calling delphi to calculate conformer ARG02A0973_002 in /tmp/pbe_data.data.home.granepura.5-kinases.cof_tpl_mg.run_prot2.3ug2_ARG02A0973_002
ForkPoolWorker-1: Calling delphi to calculate conformer ARG03A0973_003 in /tmp/pbe_data.data.home.granepura.5-kinases.cof_tpl_mg.run_prot2.3ug2_ARG03A0973_003
ForkPoolWorker-1: Calling delphi to calculate conformer ARG+1A0973_004 in /tmp/pbe_data.data.home.granepura.5-kinases.cof_tpl_mg.run_prot2.3ug2_ARG+1A0973_004
ForkPoolWorker-1: Calling delphi to calculate conformer ASP01A0974_001 in /tmp/pbe_data.data.home.granepura.5-kinases.cof_tpl_mg.run_prot2.3ug2_ASP01A0974_001
ForkPoolWorker-1: Calling delphi to calculate conformer ASP01A0974_002 in /tmp/pbe_data.data.home.granepura.5-kinases.cof_tpl_mg.run_prot2.3ug2_ASP01A0974_002
ForkPoolWorker-1: Calling delphi to calculate conformer ASP02A0974_003 in /tmp/pbe_data.data.home.granepura.5-kinases.cof_tpl_mg.run_prot2.3ug2_ASP02A0974_003
ForkPoolWorker-1: Calling delphi to calculate conformer ASP02A0974_004 in /tmp/pbe_data.data.home.granepura.5-kinases.cof_tpl_mg.run_prot2.3ug2_ASP02A0974_004
ForkPoolWorker-1: Calling delphi to calculate conformer ASP-1A0974_005 in /tmp/pbe_data.data.home.granepura.5-kinases.cof_tpl_mg.run_prot2.3ug2_ASP-1A0974_005
Skipping PBE solver for non-charge conformer PRO01A0975_001...
ForkPoolWorker-1: Calling delphi to calculate conformer GLN01A0976_001 in /tmp/pbe_data.data.home.granepura.5-kinases.cof_tpl_mg.run_prot2.3ug2_GLN01A0976_001
ForkPoolWorker-1: Calling delphi to calculate conformer GLN01A0976_002 in /tmp/pbe_data.data.home.granepura.5-kinases.cof_tpl_mg.run_prot2.3ug2_GLN01A0976_002
ForkPoolWorker-1: Calling delphi to calculate conformer ARG01A0977_001 in /tmp/pbe_data.data.home.granepura.5-kinases.cof_tpl_mg.run_prot2.3ug2_ARG01A0977_001
ForkPoolWorker-1: Calling delphi to calculate conformer ARG02A0977_002 in /tmp/pbe_data.data.home.granepura.5-kinases.cof_tpl_mg.run_prot2.3ug2_ARG02A0977_002
ForkPoolWorker-1: Calling delphi to calculate conformer ARG03A0977_003 in /tmp/pbe_data.data.home.granepura.5-kinases.cof_tpl_mg.run_prot2.3ug2_ARG03A0977_003
ForkPoolWorker-1: Calling delphi to calculate conformer ARG+1A0977_004 in /tmp/pbe_data.data.home.granepura.5-kinases.cof_tpl_mg.run_prot2.3ug2_ARG+1A0977_004
ForkPoolWorker-1: Calling delphi to calculate conformer TYR01A0978_001 in /tmp/pbe_data.data.home.granepura.5-kinases.cof_tpl_mg.run_prot2.3ug2_TYR01A0978_001
ForkPoolWorker-1: Calling delphi to calculate conformer TYR-1A0978_002 in /tmp/pbe_data.data.home.granepura.5-kinases.cof_tpl_mg.run_prot2.3ug2_TYR-1A0978_002
Skipping PBE solver for non-charge conformer LEU01A0979_001...
Skipping PBE solver for non-charge conformer VAL01A0980_001...
Skipping PBE solver for non-charge conformer ILE01A0981_001...
ForkPoolWorker-1: Calling delphi to calculate conformer GLN01A0982_001 in /tmp/pbe_data.data.home.granepura.5-kinases.cof_tpl_mg.run_prot2.3ug2_GLN01A0982_001
ForkPoolWorker-1: Calling delphi to calculate conformer ASP01A0984_001 in /tmp/pbe_data.data.home.granepura.5-kinases.cof_tpl_mg.run_prot2.3ug2_ASP01A0984_001
ForkPoolWorker-1: Calling delphi to calculate conformer ASP01A0984_002 in /tmp/pbe_data.data.home.granepura.5-kinases.cof_tpl_mg.run_prot2.3ug2_ASP01A0984_002
ForkPoolWorker-1: Calling delphi to calculate conformer ASP01A0984_003 in /tmp/pbe_data.data.home.granepura.5-kinases.cof_tpl_mg.run_prot2.3ug2_ASP01A0984_003
ForkPoolWorker-1: Calling delphi to calculate conformer ASP01A0984_004 in /tmp/pbe_data.data.home.granepura.5-kinases.cof_tpl_mg.run_prot2.3ug2_ASP01A0984_004
ForkPoolWorker-1: Calling delphi to calculate conformer ASP02A0984_005 in /tmp/pbe_data.data.home.granepura.5-kinases.cof_tpl_mg.run_prot2.3ug2_ASP02A0984_005
ForkPoolWorker-1: Calling delphi to calculate conformer ASP02A0984_006 in /tmp/pbe_data.data.home.granepura.5-kinases.cof_tpl_mg.run_prot2.3ug2_ASP02A0984_006
ForkPoolWorker-1: Calling delphi to calculate conformer ASP02A0984_007 in /tmp/pbe_data.data.home.granepura.5-kinases.cof_tpl_mg.run_prot2.3ug2_ASP02A0984_007
ForkPoolWorker-1: Calling delphi to calculate conformer ASP02A0984_008 in /tmp/pbe_data.data.home.granepura.5-kinases.cof_tpl_mg.run_prot2.3ug2_ASP02A0984_008
ForkPoolWorker-1: Calling delphi to calculate conformer ASP-1A0984_009 in /tmp/pbe_data.data.home.granepura.5-kinases.cof_tpl_mg.run_prot2.3ug2_ASP-1A0984_009
ForkPoolWorker-1: Calling delphi to calculate conformer ASP-1A0984_010 in /tmp/pbe_data.data.home.granepura.5-kinases.cof_tpl_mg.run_prot2.3ug2_ASP-1A0984_010
ForkPoolWorker-1: Calling delphi to calculate conformer GLU01A0985_001 in /tmp/pbe_data.data.home.granepura.5-kinases.cof_tpl_mg.run_prot2.3ug2_GLU01A0985_001
ForkPoolWorker-1: Calling delphi to calculate conformer GLU01A0985_002 in /tmp/pbe_data.data.home.granepura.5-kinases.cof_tpl_mg.run_prot2.3ug2_GLU01A0985_002
ForkPoolWorker-1: Calling delphi to calculate conformer GLU02A0985_003 in /tmp/pbe_data.data.home.granepura.5-kinases.cof_tpl_mg.run_prot2.3ug2_GLU02A0985_003
ForkPoolWorker-1: Calling delphi to calculate conformer GLU02A0985_004 in /tmp/pbe_data.data.home.granepura.5-kinases.cof_tpl_mg.run_prot2.3ug2_GLU02A0985_004
ForkPoolWorker-1: Calling delphi to calculate conformer GLU-1A0985_005 in /tmp/pbe_data.data.home.granepura.5-kinases.cof_tpl_mg.run_prot2.3ug2_GLU-1A0985_005
ForkPoolWorker-1: Calling delphi to calculate conformer ARG01A0986_001 in /tmp/pbe_data.data.home.granepura.5-kinases.cof_tpl_mg.run_prot2.3ug2_ARG01A0986_001
ForkPoolWorker-1: Calling delphi to calculate conformer ARG02A0986_002 in /tmp/pbe_data.data.home.granepura.5-kinases.cof_tpl_mg.run_prot2.3ug2_ARG02A0986_002
ForkPoolWorker-1: Calling delphi to calculate conformer ARG03A0986_003 in /tmp/pbe_data.data.home.granepura.5-kinases.cof_tpl_mg.run_prot2.3ug2_ARG03A0986_003
ForkPoolWorker-1: Calling delphi to calculate conformer ARG03A0986_004 in /tmp/pbe_data.data.home.granepura.5-kinases.cof_tpl_mg.run_prot2.3ug2_ARG03A0986_004
ForkPoolWorker-1: Calling delphi to calculate conformer ARG+1A0986_005 in /tmp/pbe_data.data.home.granepura.5-kinases.cof_tpl_mg.run_prot2.3ug2_ARG+1A0986_005
ForkPoolWorker-1: Calling delphi to calculate conformer MET01A0987_001 in /tmp/pbe_data.data.home.granepura.5-kinases.cof_tpl_mg.run_prot2.3ug2_MET01A0987_001
ForkPoolWorker-1: Calling delphi to calculate conformer HIS01A0988_001 in /tmp/pbe_data.data.home.granepura.5-kinases.cof_tpl_mg.run_prot2.3ug2_HIS01A0988_001
ForkPoolWorker-1: Calling delphi to calculate conformer HIS02A0988_002 in /tmp/pbe_data.data.home.granepura.5-kinases.cof_tpl_mg.run_prot2.3ug2_HIS02A0988_002
ForkPoolWorker-1: Calling delphi to calculate conformer HIS+1A0988_003 in /tmp/pbe_data.data.home.granepura.5-kinases.cof_tpl_mg.run_prot2.3ug2_HIS+1A0988_003
Skipping PBE solver for non-charge conformer LEU01A0989_001...
ForkPoolWorker-1: Calling delphi to calculate conformer GLU01A1005_001 in /tmp/pbe_data.data.home.granepura.5-kinases.cof_tpl_mg.run_prot2.3ug2_GLU01A1005_001
ForkPoolWorker-1: Calling delphi to calculate conformer GLU01A1005_002 in /tmp/pbe_data.data.home.granepura.5-kinases.cof_tpl_mg.run_prot2.3ug2_GLU01A1005_002
ForkPoolWorker-1: Calling delphi to calculate conformer GLU02A1005_003 in /tmp/pbe_data.data.home.granepura.5-kinases.cof_tpl_mg.run_prot2.3ug2_GLU02A1005_003
ForkPoolWorker-1: Calling delphi to calculate conformer GLU02A1005_004 in /tmp/pbe_data.data.home.granepura.5-kinases.cof_tpl_mg.run_prot2.3ug2_GLU02A1005_004
ForkPoolWorker-1: Calling delphi to calculate conformer GLU-1A1005_005 in /tmp/pbe_data.data.home.granepura.5-kinases.cof_tpl_mg.run_prot2.3ug2_GLU-1A1005_005
ForkPoolWorker-1: Calling delphi to calculate conformer ASP01A1006_001 in /tmp/pbe_data.data.home.granepura.5-kinases.cof_tpl_mg.run_prot2.3ug2_ASP01A1006_001
ForkPoolWorker-1: Calling delphi to calculate conformer ASP01A1006_002 in /tmp/pbe_data.data.home.granepura.5-kinases.cof_tpl_mg.run_prot2.3ug2_ASP01A1006_002
ForkPoolWorker-1: Calling delphi to calculate conformer ASP02A1006_003 in /tmp/pbe_data.data.home.granepura.5-kinases.cof_tpl_mg.run_prot2.3ug2_ASP02A1006_003
ForkPoolWorker-1: Calling delphi to calculate conformer ASP02A1006_004 in /tmp/pbe_data.data.home.granepura.5-kinases.cof_tpl_mg.run_prot2.3ug2_ASP02A1006_004
ForkPoolWorker-1: Calling delphi to calculate conformer ASP-1A1006_005 in /tmp/pbe_data.data.home.granepura.5-kinases.cof_tpl_mg.run_prot2.3ug2_ASP-1A1006_005
ForkPoolWorker-1: Calling delphi to calculate conformer MET01A1007_001 in /tmp/pbe_data.data.home.granepura.5-kinases.cof_tpl_mg.run_prot2.3ug2_MET01A1007_001
ForkPoolWorker-1: Calling delphi to calculate conformer ASP01A1008_001 in /tmp/pbe_data.data.home.granepura.5-kinases.cof_tpl_mg.run_prot2.3ug2_ASP01A1008_001
ForkPoolWorker-1: Calling delphi to calculate conformer ASP01A1008_002 in /tmp/pbe_data.data.home.granepura.5-kinases.cof_tpl_mg.run_prot2.3ug2_ASP01A1008_002
ForkPoolWorker-1: Calling delphi to calculate conformer ASP02A1008_003 in /tmp/pbe_data.data.home.granepura.5-kinases.cof_tpl_mg.run_prot2.3ug2_ASP02A1008_003
ForkPoolWorker-1: Calling delphi to calculate conformer ASP02A1008_004 in /tmp/pbe_data.data.home.granepura.5-kinases.cof_tpl_mg.run_prot2.3ug2_ASP02A1008_004
ForkPoolWorker-1: Calling delphi to calculate conformer ASP-1A1008_005 in /tmp/pbe_data.data.home.granepura.5-kinases.cof_tpl_mg.run_prot2.3ug2_ASP-1A1008_005
ForkPoolWorker-1: Calling delphi to calculate conformer ASP01A1009_001 in /tmp/pbe_data.data.home.granepura.5-kinases.cof_tpl_mg.run_prot2.3ug2_ASP01A1009_001
ForkPoolWorker-1: Calling delphi to calculate conformer ASP01A1009_002 in /tmp/pbe_data.data.home.granepura.5-kinases.cof_tpl_mg.run_prot2.3ug2_ASP01A1009_002
ForkPoolWorker-1: Calling delphi to calculate conformer ASP02A1009_003 in /tmp/pbe_data.data.home.granepura.5-kinases.cof_tpl_mg.run_prot2.3ug2_ASP02A1009_003
ForkPoolWorker-1: Calling delphi to calculate conformer ASP02A1009_004 in /tmp/pbe_data.data.home.granepura.5-kinases.cof_tpl_mg.run_prot2.3ug2_ASP02A1009_004
ForkPoolWorker-1: Calling delphi to calculate conformer ASP-1A1009_005 in /tmp/pbe_data.data.home.granepura.5-kinases.cof_tpl_mg.run_prot2.3ug2_ASP-1A1009_005
Skipping PBE solver for non-charge conformer VAL01A1010_001...
Skipping PBE solver for non-charge conformer VAL01A1011_001...
ForkPoolWorker-1: Calling delphi to calculate conformer ASP01A1012_001 in /tmp/pbe_data.data.home.granepura.5-kinases.cof_tpl_mg.run_prot2.3ug2_ASP01A1012_001
ForkPoolWorker-1: Calling delphi to calculate conformer ASP01A1012_002 in /tmp/pbe_data.data.home.granepura.5-kinases.cof_tpl_mg.run_prot2.3ug2_ASP01A1012_002
ForkPoolWorker-1: Calling delphi to calculate conformer ASP02A1012_003 in /tmp/pbe_data.data.home.granepura.5-kinases.cof_tpl_mg.run_prot2.3ug2_ASP02A1012_003
ForkPoolWorker-1: Calling delphi to calculate conformer ASP02A1012_004 in /tmp/pbe_data.data.home.granepura.5-kinases.cof_tpl_mg.run_prot2.3ug2_ASP02A1012_004
ForkPoolWorker-1: Calling delphi to calculate conformer ASP-1A1012_005 in /tmp/pbe_data.data.home.granepura.5-kinases.cof_tpl_mg.run_prot2.3ug2_ASP-1A1012_005
Skipping PBE solver for non-charge conformer ALA01A1013_001...
ForkPoolWorker-1: Calling delphi to calculate conformer ASP01A1014_001 in /tmp/pbe_data.data.home.granepura.5-kinases.cof_tpl_mg.run_prot2.3ug2_ASP01A1014_001
ForkPoolWorker-1: Calling delphi to calculate conformer ASP01A1014_002 in /tmp/pbe_data.data.home.granepura.5-kinases.cof_tpl_mg.run_prot2.3ug2_ASP01A1014_002
ForkPoolWorker-1: Calling delphi to calculate conformer ASP02A1014_003 in /tmp/pbe_data.data.home.granepura.5-kinases.cof_tpl_mg.run_prot2.3ug2_ASP02A1014_003
ForkPoolWorker-1: Calling delphi to calculate conformer ASP02A1014_004 in /tmp/pbe_data.data.home.granepura.5-kinases.cof_tpl_mg.run_prot2.3ug2_ASP02A1014_004
ForkPoolWorker-1: Calling delphi to calculate conformer ASP-1A1014_005 in /tmp/pbe_data.data.home.granepura.5-kinases.cof_tpl_mg.run_prot2.3ug2_ASP-1A1014_005
ForkPoolWorker-1: Calling delphi to calculate conformer GLU01A1015_001 in /tmp/pbe_data.data.home.granepura.5-kinases.cof_tpl_mg.run_prot2.3ug2_GLU01A1015_001
ForkPoolWorker-1: Calling delphi to calculate conformer GLU01A1015_002 in /tmp/pbe_data.data.home.granepura.5-kinases.cof_tpl_mg.run_prot2.3ug2_GLU01A1015_002
ForkPoolWorker-1: Calling delphi to calculate conformer GLU02A1015_003 in /tmp/pbe_data.data.home.granepura.5-kinases.cof_tpl_mg.run_prot2.3ug2_GLU02A1015_003
ForkPoolWorker-1: Calling delphi to calculate conformer GLU02A1015_004 in /tmp/pbe_data.data.home.granepura.5-kinases.cof_tpl_mg.run_prot2.3ug2_GLU02A1015_004
ForkPoolWorker-1: Calling delphi to calculate conformer GLU-1A1015_005 in /tmp/pbe_data.data.home.granepura.5-kinases.cof_tpl_mg.run_prot2.3ug2_GLU-1A1015_005
ForkPoolWorker-1: Calling delphi to calculate conformer TYR01A1016_001 in /tmp/pbe_data.data.home.granepura.5-kinases.cof_tpl_mg.run_prot2.3ug2_TYR01A1016_001
ForkPoolWorker-1: Calling delphi to calculate conformer TYR01A1016_002 in /tmp/pbe_data.data.home.granepura.5-kinases.cof_tpl_mg.run_prot2.3ug2_TYR01A1016_002
ForkPoolWorker-1: Calling delphi to calculate conformer TYR-1A1016_003 in /tmp/pbe_data.data.home.granepura.5-kinases.cof_tpl_mg.run_prot2.3ug2_TYR-1A1016_003
Skipping PBE solver for non-charge conformer LEU01A1017_001...
Skipping PBE solver for non-charge conformer ILE01A1018_001...
ForkPoolWorker-1: Calling delphi to calculate conformer GLU01A0697_001 in /tmp/pbe_data.data.home.granepura.5-kinases.cof_tpl_mg.run_prot2.3UG2_GLU01A0697_001
ForkPoolWorker-1: Calling delphi to calculate conformer GLU01A0697_002 in /tmp/pbe_data.data.home.granepura.5-kinases.cof_tpl_mg.run_prot2.3UG2_GLU01A0697_002
ForkPoolWorker-1: Calling delphi to calculate conformer GLU02A0697_003 in /tmp/pbe_data.data.home.granepura.5-kinases.cof_tpl_mg.run_prot2.3UG2_GLU02A0697_003
ForkPoolWorker-1: Calling delphi to calculate conformer GLU02A0697_004 in /tmp/pbe_data.data.home.granepura.5-kinases.cof_tpl_mg.run_prot2.3UG2_GLU02A0697_004
ForkPoolWorker-1: Calling delphi to calculate conformer GLU-1A0697_005 in /tmp/pbe_data.data.home.granepura.5-kinases.cof_tpl_mg.run_prot2.3UG2_GLU-1A0697_005
Skipping PBE solver for non-charge conformer ALA01A0698_001...
Skipping PBE solver for non-charge conformer PRO01A0699_001...
ForkPoolWorker-1: Calling delphi to calculate conformer ASN01A0700_001 in /tmp/pbe_data.data.home.granepura.5-kinases.cof_tpl_mg.run_prot2.3UG2_ASN01A0700_001
ForkPoolWorker-1: Calling delphi to calculate conformer ASN01A0700_002 in /tmp/pbe_data.data.home.granepura.5-kinases.cof_tpl_mg.run_prot2.3UG2_ASN01A0700_002
ForkPoolWorker-1: Calling delphi to calculate conformer ASN01A0700_003 in /tmp/pbe_data.data.home.granepura.5-kinases.cof_tpl_mg.run_prot2.3UG2_ASN01A0700_003
ForkPoolWorker-1: Calling delphi to calculate conformer GLN01A0701_001 in /tmp/pbe_data.data.home.granepura.5-kinases.cof_tpl_mg.run_prot2.3UG2_GLN01A0701_001
ForkPoolWorker-1: Calling delphi to calculate conformer GLN01A0701_002 in /tmp/pbe_data.data.home.granepura.5-kinases.cof_tpl_mg.run_prot2.3UG2_GLN01A0701_002
Skipping PBE solver for non-charge conformer ALA01A0702_001...
Skipping PBE solver for non-charge conformer LEU01A0703_001...
Skipping PBE solver for non-charge conformer LEU01A0704_001...
ForkPoolWorker-1: Calling delphi to calculate conformer ARG01A0705_001 in /tmp/pbe_data.data.home.granepura.5-kinases.cof_tpl_mg.run_prot2.3UG2_ARG01A0705_001
ForkPoolWorker-1: Calling delphi to calculate conformer ARG02A0705_002 in /tmp/pbe_data.data.home.granepura.5-kinases.cof_tpl_mg.run_prot2.3UG2_ARG02A0705_002
ForkPoolWorker-1: Calling delphi to calculate conformer ARG02A0705_003 in /tmp/pbe_data.data.home.granepura.5-kinases.cof_tpl_mg.run_prot2.3UG2_ARG02A0705_003
ForkPoolWorker-1: Calling delphi to calculate conformer ARG03A0705_004 in /tmp/pbe_data.data.home.granepura.5-kinases.cof_tpl_mg.run_prot2.3UG2_ARG03A0705_004
ForkPoolWorker-1: Calling delphi to calculate conformer ARG03A0705_005 in /tmp/pbe_data.data.home.granepura.5-kinases.cof_tpl_mg.run_prot2.3UG2_ARG03A0705_005
ForkPoolWorker-1: Calling delphi to calculate conformer ARG+1A0705_006 in /tmp/pbe_data.data.home.granepura.5-kinases.cof_tpl_mg.run_prot2.3UG2_ARG+1A0705_006
Skipping PBE solver for non-charge conformer ILE01A0706_001...
Skipping PBE solver for non-charge conformer LEU01A0707_001...
ForkPoolWorker-1: Calling delphi to calculate conformer LYS01A0708_001 in /tmp/pbe_data.data.home.granepura.5-kinases.cof_tpl_mg.run_prot2.3UG2_LYS01A0708_001
ForkPoolWorker-1: Calling delphi to calculate conformer LYS+1A0708_002 in /tmp/pbe_data.data.home.granepura.5-kinases.cof_tpl_mg.run_prot2.3UG2_LYS+1A0708_002
ForkPoolWorker-1: Calling delphi to calculate conformer GLU01A0709_001 in /tmp/pbe_data.data.home.granepura.5-kinases.cof_tpl_mg.run_prot2.3UG2_GLU01A0709_001
ForkPoolWorker-1: Calling delphi to calculate conformer GLU01A0709_002 in /tmp/pbe_data.data.home.granepura.5-kinases.cof_tpl_mg.run_prot2.3UG2_GLU01A0709_002
ForkPoolWorker-1: Calling delphi to calculate conformer GLU02A0709_003 in /tmp/pbe_data.data.home.granepura.5-kinases.cof_tpl_mg.run_prot2.3UG2_GLU02A0709_003
ForkPoolWorker-1: Calling delphi to calculate conformer GLU02A0709_004 in /tmp/pbe_data.data.home.granepura.5-kinases.cof_tpl_mg.run_prot2.3UG2_GLU02A0709_004
ForkPoolWorker-1: Calling delphi to calculate conformer GLU-1A0709_005 in /tmp/pbe_data.data.home.granepura.5-kinases.cof_tpl_mg.run_prot2.3UG2_GLU-1A0709_005
ForkPoolWorker-1: Calling delphi to calculate conformer THR01A0710_001 in /tmp/pbe_data.data.home.granepura.5-kinases.cof_tpl_mg.run_prot2.3UG2_THR01A0710_001
ForkPoolWorker-1: Calling delphi to calculate conformer GLU01A0711_001 in /tmp/pbe_data.data.home.granepura.5-kinases.cof_tpl_mg.run_prot2.3UG2_GLU01A0711_001
ForkPoolWorker-1: Calling delphi to calculate conformer GLU01A0711_002 in /tmp/pbe_data.data.home.granepura.5-kinases.cof_tpl_mg.run_prot2.3UG2_GLU01A0711_002
ForkPoolWorker-1: Calling delphi to calculate conformer GLU02A0711_003 in /tmp/pbe_data.data.home.granepura.5-kinases.cof_tpl_mg.run_prot2.3UG2_GLU02A0711_003
ForkPoolWorker-1: Calling delphi to calculate conformer GLU02A0711_004 in /tmp/pbe_data.data.home.granepura.5-kinases.cof_tpl_mg.run_prot2.3UG2_GLU02A0711_004
ForkPoolWorker-1: Calling delphi to calculate conformer GLU-1A0711_005 in /tmp/pbe_data.data.home.granepura.5-kinases.cof_tpl_mg.run_prot2.3UG2_GLU-1A0711_005
Skipping PBE solver for non-charge conformer PHE01A0712_001...
ForkPoolWorker-1: Calling delphi to calculate conformer LYS01A0713_001 in /tmp/pbe_data.data.home.granepura.5-kinases.cof_tpl_mg.run_prot2.3UG2_LYS01A0713_001
ForkPoolWorker-1: Calling delphi to calculate conformer LYS+1A0713_002 in /tmp/pbe_data.data.home.granepura.5-kinases.cof_tpl_mg.run_prot2.3UG2_LYS+1A0713_002
ForkPoolWorker-1: Calling delphi to calculate conformer LYS01A0714_001 in /tmp/pbe_data.data.home.granepura.5-kinases.cof_tpl_mg.run_prot2.3UG2_LYS01A0714_001
ForkPoolWorker-1: Calling delphi to calculate conformer LYS+1A0714_002 in /tmp/pbe_data.data.home.granepura.5-kinases.cof_tpl_mg.run_prot2.3UG2_LYS+1A0714_002
Skipping PBE solver for non-charge conformer ILE01A0715_001...
ForkPoolWorker-1: Calling delphi to calculate conformer LYS01A0716_001 in /tmp/pbe_data.data.home.granepura.5-kinases.cof_tpl_mg.run_prot2.3UG2_LYS01A0716_001
ForkPoolWorker-1: Calling delphi to calculate conformer LYS+1A0716_002 in /tmp/pbe_data.data.home.granepura.5-kinases.cof_tpl_mg.run_prot2.3UG2_LYS+1A0716_002
Skipping PBE solver for non-charge conformer VAL01A0717_001...
Skipping PBE solver for non-charge conformer LEU01A0718_001...
ForkPoolWorker-1: Calling delphi to calculate conformer SER01A0719_001 in /tmp/pbe_data.data.home.granepura.5-kinases.cof_tpl_mg.run_prot2.3UG2_SER01A0719_001
ForkPoolWorker-1: Calling delphi to calculate conformer SER01A0720_001 in /tmp/pbe_data.data.home.granepura.5-kinases.cof_tpl_mg.run_prot2.3UG2_SER01A0720_001
ForkPoolWorker-1: Calling delphi to calculate conformer SER01A0720_002 in /tmp/pbe_data.data.home.granepura.5-kinases.cof_tpl_mg.run_prot2.3UG2_SER01A0720_002
ForkPoolWorker-1: Calling delphi to calculate conformer THR01A0725_001 in /tmp/pbe_data.data.home.granepura.5-kinases.cof_tpl_mg.run_prot2.3UG2_THR01A0725_001
ForkPoolWorker-1: Calling delphi to calculate conformer THR01A0725_002 in /tmp/pbe_data.data.home.granepura.5-kinases.cof_tpl_mg.run_prot2.3UG2_THR01A0725_002
Skipping PBE solver for non-charge conformer VAL01A0726_001...
ForkPoolWorker-1: Calling delphi to calculate conformer TYR01A0727_001 in /tmp/pbe_data.data.home.granepura.5-kinases.cof_tpl_mg.run_prot2.3UG2_TYR01A0727_001
ForkPoolWorker-1: Calling delphi to calculate conformer TYR01A0727_002 in /tmp/pbe_data.data.home.granepura.5-kinases.cof_tpl_mg.run_prot2.3UG2_TYR01A0727_002
ForkPoolWorker-1: Calling delphi to calculate conformer TYR-1A0727_003 in /tmp/pbe_data.data.home.granepura.5-kinases.cof_tpl_mg.run_prot2.3UG2_TYR-1A0727_003
ForkPoolWorker-1: Calling delphi to calculate conformer LYS01A0728_001 in /tmp/pbe_data.data.home.granepura.5-kinases.cof_tpl_mg.run_prot2.3UG2_LYS01A0728_001
ForkPoolWorker-1: Calling delphi to calculate conformer LYS+1A0728_002 in /tmp/pbe_data.data.home.granepura.5-kinases.cof_tpl_mg.run_prot2.3UG2_LYS+1A0728_002
Skipping PBE solver for non-charge conformer LEU01A0730_001...
Skipping PBE solver for non-charge conformer TRP01A0731_001...
Skipping PBE solver for non-charge conformer ILE01A0732_001...
Skipping PBE solver for non-charge conformer PRO01A0733_001...
ForkPoolWorker-1: Calling delphi to calculate conformer GLU01A0734_001 in /tmp/pbe_data.data.home.granepura.5-kinases.cof_tpl_mg.run_prot2.3UG2_GLU01A0734_001
ForkPoolWorker-1: Calling delphi to calculate conformer GLU01A0734_002 in /tmp/pbe_data.data.home.granepura.5-kinases.cof_tpl_mg.run_prot2.3UG2_GLU01A0734_002
ForkPoolWorker-1: Calling delphi to calculate conformer GLU02A0734_003 in /tmp/pbe_data.data.home.granepura.5-kinases.cof_tpl_mg.run_prot2.3UG2_GLU02A0734_003
ForkPoolWorker-1: Calling delphi to calculate conformer GLU02A0734_004 in /tmp/pbe_data.data.home.granepura.5-kinases.cof_tpl_mg.run_prot2.3UG2_GLU02A0734_004
ForkPoolWorker-1: Calling delphi to calculate conformer GLU-1A0734_005 in /tmp/pbe_data.data.home.granepura.5-kinases.cof_tpl_mg.run_prot2.3UG2_GLU-1A0734_005
ForkPoolWorker-1: Calling delphi to calculate conformer GLU01A0736_001 in /tmp/pbe_data.data.home.granepura.5-kinases.cof_tpl_mg.run_prot2.3UG2_GLU01A0736_001
ForkPoolWorker-1: Calling delphi to calculate conformer GLU01A0736_002 in /tmp/pbe_data.data.home.granepura.5-kinases.cof_tpl_mg.run_prot2.3UG2_GLU01A0736_002
ForkPoolWorker-1: Calling delphi to calculate conformer GLU02A0736_003 in /tmp/pbe_data.data.home.granepura.5-kinases.cof_tpl_mg.run_prot2.3UG2_GLU02A0736_003
ForkPoolWorker-1: Calling delphi to calculate conformer GLU02A0736_004 in /tmp/pbe_data.data.home.granepura.5-kinases.cof_tpl_mg.run_prot2.3UG2_GLU02A0736_004
ForkPoolWorker-1: Calling delphi to calculate conformer GLU-1A0736_005 in /tmp/pbe_data.data.home.granepura.5-kinases.cof_tpl_mg.run_prot2.3UG2_GLU-1A0736_005
ForkPoolWorker-1: Calling delphi to calculate conformer LYS01A0737_001 in /tmp/pbe_data.data.home.granepura.5-kinases.cof_tpl_mg.run_prot2.3UG2_LYS01A0737_001
ForkPoolWorker-1: Calling delphi to calculate conformer LYS+1A0737_002 in /tmp/pbe_data.data.home.granepura.5-kinases.cof_tpl_mg.run_prot2.3UG2_LYS+1A0737_002
Skipping PBE solver for non-charge conformer VAL01A0738_001...
ForkPoolWorker-1: Calling delphi to calculate conformer LYS01A0739_001 in /tmp/pbe_data.data.home.granepura.5-kinases.cof_tpl_mg.run_prot2.3UG2_LYS01A0739_001
ForkPoolWorker-1: Calling delphi to calculate conformer LYS+1A0739_002 in /tmp/pbe_data.data.home.granepura.5-kinases.cof_tpl_mg.run_prot2.3UG2_LYS+1A0739_002
Skipping PBE solver for non-charge conformer ILE01A0740_001...
Skipping PBE solver for non-charge conformer PRO01A0741_001...
Skipping PBE solver for non-charge conformer VAL01A0742_001...
Skipping PBE solver for non-charge conformer ALA01A0743_001...
Skipping PBE solver for non-charge conformer ILE01A0744_001...
ForkPoolWorker-1: Calling delphi to calculate conformer LYS01A0745_001 in /tmp/pbe_data.data.home.granepura.5-kinases.cof_tpl_mg.run_prot2.3UG2_LYS01A0745_001
ForkPoolWorker-1: Calling delphi to calculate conformer LYS+1A0745_002 in /tmp/pbe_data.data.home.granepura.5-kinases.cof_tpl_mg.run_prot2.3UG2_LYS+1A0745_002
ForkPoolWorker-1: Calling delphi to calculate conformer GLU01A0746_001 in /tmp/pbe_data.data.home.granepura.5-kinases.cof_tpl_mg.run_prot2.3UG2_GLU01A0746_001
ForkPoolWorker-1: Calling delphi to calculate conformer GLU01A0746_002 in /tmp/pbe_data.data.home.granepura.5-kinases.cof_tpl_mg.run_prot2.3UG2_GLU01A0746_002
ForkPoolWorker-1: Calling delphi to calculate conformer GLU02A0746_003 in /tmp/pbe_data.data.home.granepura.5-kinases.cof_tpl_mg.run_prot2.3UG2_GLU02A0746_003
ForkPoolWorker-1: Calling delphi to calculate conformer GLU02A0746_004 in /tmp/pbe_data.data.home.granepura.5-kinases.cof_tpl_mg.run_prot2.3UG2_GLU02A0746_004
ForkPoolWorker-1: Calling delphi to calculate conformer GLU-1A0746_005 in /tmp/pbe_data.data.home.granepura.5-kinases.cof_tpl_mg.run_prot2.3UG2_GLU-1A0746_005
ForkPoolWorker-1: Calling delphi to calculate conformer SER01A0752_001 in /tmp/pbe_data.data.home.granepura.5-kinases.cof_tpl_mg.run_prot2.3UG2_SER01A0752_001
ForkPoolWorker-1: Calling delphi to calculate conformer SER01A0752_002 in /tmp/pbe_data.data.home.granepura.5-kinases.cof_tpl_mg.run_prot2.3UG2_SER01A0752_002
Skipping PBE solver for non-charge conformer PRO01A0753_001...
ForkPoolWorker-1: Calling delphi to calculate conformer LYS01A0754_001 in /tmp/pbe_data.data.home.granepura.5-kinases.cof_tpl_mg.run_prot2.3UG2_LYS01A0754_001
ForkPoolWorker-1: Calling delphi to calculate conformer LYS+1A0754_002 in /tmp/pbe_data.data.home.granepura.5-kinases.cof_tpl_mg.run_prot2.3UG2_LYS+1A0754_002
Skipping PBE solver for non-charge conformer ALA01A0755_001...
ForkPoolWorker-1: Calling delphi to calculate conformer ASN01A0756_001 in /tmp/pbe_data.data.home.granepura.5-kinases.cof_tpl_mg.run_prot2.3UG2_ASN01A0756_001
ForkPoolWorker-1: Calling delphi to calculate conformer ASN01A0756_002 in /tmp/pbe_data.data.home.granepura.5-kinases.cof_tpl_mg.run_prot2.3UG2_ASN01A0756_002
ForkPoolWorker-1: Calling delphi to calculate conformer LYS01A0757_001 in /tmp/pbe_data.data.home.granepura.5-kinases.cof_tpl_mg.run_prot2.3UG2_LYS01A0757_001
ForkPoolWorker-1: Calling delphi to calculate conformer LYS+1A0757_002 in /tmp/pbe_data.data.home.granepura.5-kinases.cof_tpl_mg.run_prot2.3UG2_LYS+1A0757_002
ForkPoolWorker-1: Calling delphi to calculate conformer GLU01A0758_001 in /tmp/pbe_data.data.home.granepura.5-kinases.cof_tpl_mg.run_prot2.3UG2_GLU01A0758_001
ForkPoolWorker-1: Calling delphi to calculate conformer GLU01A0758_002 in /tmp/pbe_data.data.home.granepura.5-kinases.cof_tpl_mg.run_prot2.3UG2_GLU01A0758_002
ForkPoolWorker-1: Calling delphi to calculate conformer GLU02A0758_003 in /tmp/pbe_data.data.home.granepura.5-kinases.cof_tpl_mg.run_prot2.3UG2_GLU02A0758_003
ForkPoolWorker-1: Calling delphi to calculate conformer GLU02A0758_004 in /tmp/pbe_data.data.home.granepura.5-kinases.cof_tpl_mg.run_prot2.3UG2_GLU02A0758_004
ForkPoolWorker-1: Calling delphi to calculate conformer GLU-1A0758_005 in /tmp/pbe_data.data.home.granepura.5-kinases.cof_tpl_mg.run_prot2.3UG2_GLU-1A0758_005
Skipping PBE solver for non-charge conformer ILE01A0759_001...
Skipping PBE solver for non-charge conformer LEU01A0760_001...
ForkPoolWorker-1: Calling delphi to calculate conformer ASP01A0761_001 in /tmp/pbe_data.data.home.granepura.5-kinases.cof_tpl_mg.run_prot2.3UG2_ASP01A0761_001
ForkPoolWorker-1: Calling delphi to calculate conformer ASP01A0761_002 in /tmp/pbe_data.data.home.granepura.5-kinases.cof_tpl_mg.run_prot2.3UG2_ASP01A0761_002
ForkPoolWorker-1: Calling delphi to calculate conformer ASP01A0761_003 in /tmp/pbe_data.data.home.granepura.5-kinases.cof_tpl_mg.run_prot2.3UG2_ASP01A0761_003
ForkPoolWorker-1: Calling delphi to calculate conformer ASP01A0761_004 in /tmp/pbe_data.data.home.granepura.5-kinases.cof_tpl_mg.run_prot2.3UG2_ASP01A0761_004
ForkPoolWorker-1: Calling delphi to calculate conformer ASP02A0761_005 in /tmp/pbe_data.data.home.granepura.5-kinases.cof_tpl_mg.run_prot2.3UG2_ASP02A0761_005
ForkPoolWorker-1: Calling delphi to calculate conformer ASP02A0761_006 in /tmp/pbe_data.data.home.granepura.5-kinases.cof_tpl_mg.run_prot2.3UG2_ASP02A0761_006
ForkPoolWorker-1: Calling delphi to calculate conformer ASP02A0761_007 in /tmp/pbe_data.data.home.granepura.5-kinases.cof_tpl_mg.run_prot2.3UG2_ASP02A0761_007
ForkPoolWorker-1: Calling delphi to calculate conformer ASP02A0761_008 in /tmp/pbe_data.data.home.granepura.5-kinases.cof_tpl_mg.run_prot2.3UG2_ASP02A0761_008
ForkPoolWorker-1: Calling delphi to calculate conformer ASP-1A0761_009 in /tmp/pbe_data.data.home.granepura.5-kinases.cof_tpl_mg.run_prot2.3UG2_ASP-1A0761_009
ForkPoolWorker-1: Calling delphi to calculate conformer ASP-1A0761_010 in /tmp/pbe_data.data.home.granepura.5-kinases.cof_tpl_mg.run_prot2.3UG2_ASP-1A0761_010
ForkPoolWorker-1: Calling delphi to calculate conformer GLU01A0762_001 in /tmp/pbe_data.data.home.granepura.5-kinases.cof_tpl_mg.run_prot2.3UG2_GLU01A0762_001
ForkPoolWorker-1: Calling delphi to calculate conformer GLU01A0762_002 in /tmp/pbe_data.data.home.granepura.5-kinases.cof_tpl_mg.run_prot2.3UG2_GLU01A0762_002
ForkPoolWorker-1: Calling delphi to calculate conformer GLU02A0762_003 in /tmp/pbe_data.data.home.granepura.5-kinases.cof_tpl_mg.run_prot2.3UG2_GLU02A0762_003
ForkPoolWorker-1: Calling delphi to calculate conformer GLU02A0762_004 in /tmp/pbe_data.data.home.granepura.5-kinases.cof_tpl_mg.run_prot2.3UG2_GLU02A0762_004
ForkPoolWorker-1: Calling delphi to calculate conformer GLU-1A0762_005 in /tmp/pbe_data.data.home.granepura.5-kinases.cof_tpl_mg.run_prot2.3UG2_GLU-1A0762_005
Skipping PBE solver for non-charge conformer ALA01A0763_001...
ForkPoolWorker-1: Calling delphi to calculate conformer TYR01A0764_001 in /tmp/pbe_data.data.home.granepura.5-kinases.cof_tpl_mg.run_prot2.3UG2_TYR01A0764_001
ForkPoolWorker-1: Calling delphi to calculate conformer TYR-1A0764_002 in /tmp/pbe_data.data.home.granepura.5-kinases.cof_tpl_mg.run_prot2.3UG2_TYR-1A0764_002
Skipping PBE solver for non-charge conformer VAL01A0765_001...
ForkPoolWorker-1: Calling delphi to calculate conformer MET01A0766_001 in /tmp/pbe_data.data.home.granepura.5-kinases.cof_tpl_mg.run_prot2.3UG2_MET01A0766_001
Skipping PBE solver for non-charge conformer ALA01A0767_001...
ForkPoolWorker-1: Calling delphi to calculate conformer SER01A0768_001 in /tmp/pbe_data.data.home.granepura.5-kinases.cof_tpl_mg.run_prot2.3UG2_SER01A0768_001
ForkPoolWorker-1: Calling delphi to calculate conformer SER01A0768_002 in /tmp/pbe_data.data.home.granepura.5-kinases.cof_tpl_mg.run_prot2.3UG2_SER01A0768_002
ForkPoolWorker-1: Calling delphi to calculate conformer SER01A0768_003 in /tmp/pbe_data.data.home.granepura.5-kinases.cof_tpl_mg.run_prot2.3UG2_SER01A0768_003
ForkPoolWorker-1: Calling delphi to calculate conformer SER01A0768_004 in /tmp/pbe_data.data.home.granepura.5-kinases.cof_tpl_mg.run_prot2.3UG2_SER01A0768_004
ForkPoolWorker-1: Calling delphi to calculate conformer SER01A0768_005 in /tmp/pbe_data.data.home.granepura.5-kinases.cof_tpl_mg.run_prot2.3UG2_SER01A0768_005
Skipping PBE solver for non-charge conformer VAL01A0769_001...
ForkPoolWorker-1: Calling delphi to calculate conformer ASP01A0770_001 in /tmp/pbe_data.data.home.granepura.5-kinases.cof_tpl_mg.run_prot2.3UG2_ASP01A0770_001
ForkPoolWorker-1: Calling delphi to calculate conformer ASP01A0770_002 in /tmp/pbe_data.data.home.granepura.5-kinases.cof_tpl_mg.run_prot2.3UG2_ASP01A0770_002
ForkPoolWorker-1: Calling delphi to calculate conformer ASP02A0770_003 in /tmp/pbe_data.data.home.granepura.5-kinases.cof_tpl_mg.run_prot2.3UG2_ASP02A0770_003
ForkPoolWorker-1: Calling delphi to calculate conformer ASP02A0770_004 in /tmp/pbe_data.data.home.granepura.5-kinases.cof_tpl_mg.run_prot2.3UG2_ASP02A0770_004
ForkPoolWorker-1: Calling delphi to calculate conformer ASP-1A0770_005 in /tmp/pbe_data.data.home.granepura.5-kinases.cof_tpl_mg.run_prot2.3UG2_ASP-1A0770_005
ForkPoolWorker-1: Calling delphi to calculate conformer ASN01A0771_001 in /tmp/pbe_data.data.home.granepura.5-kinases.cof_tpl_mg.run_prot2.3UG2_ASN01A0771_001
ForkPoolWorker-1: Calling delphi to calculate conformer ASN01A0771_002 in /tmp/pbe_data.data.home.granepura.5-kinases.cof_tpl_mg.run_prot2.3UG2_ASN01A0771_002
Skipping PBE solver for non-charge conformer PRO01A0772_001...
ForkPoolWorker-1: Calling delphi to calculate conformer HIS01A0773_001 in /tmp/pbe_data.data.home.granepura.5-kinases.cof_tpl_mg.run_prot2.3UG2_HIS01A0773_001
ForkPoolWorker-1: Calling delphi to calculate conformer HIS01A0773_002 in /tmp/pbe_data.data.home.granepura.5-kinases.cof_tpl_mg.run_prot2.3UG2_HIS01A0773_002
ForkPoolWorker-1: Calling delphi to calculate conformer HIS02A0773_003 in /tmp/pbe_data.data.home.granepura.5-kinases.cof_tpl_mg.run_prot2.3UG2_HIS02A0773_003
ForkPoolWorker-1: Calling delphi to calculate conformer HIS02A0773_004 in /tmp/pbe_data.data.home.granepura.5-kinases.cof_tpl_mg.run_prot2.3UG2_HIS02A0773_004
ForkPoolWorker-1: Calling delphi to calculate conformer HIS+1A0773_005 in /tmp/pbe_data.data.home.granepura.5-kinases.cof_tpl_mg.run_prot2.3UG2_HIS+1A0773_005
ForkPoolWorker-1: Calling delphi to calculate conformer HIS+1A0773_006 in /tmp/pbe_data.data.home.granepura.5-kinases.cof_tpl_mg.run_prot2.3UG2_HIS+1A0773_006
Skipping PBE solver for non-charge conformer VAL01A0774_001...
ForkPoolWorker-1: Calling delphi to calculate conformer CYS01A0775_001 in /tmp/pbe_data.data.home.granepura.5-kinases.cof_tpl_mg.run_prot2.3UG2_CYS01A0775_001
ForkPoolWorker-1: Calling delphi to calculate conformer CYS01A0775_002 in /tmp/pbe_data.data.home.granepura.5-kinases.cof_tpl_mg.run_prot2.3UG2_CYS01A0775_002
ForkPoolWorker-1: Calling delphi to calculate conformer CYS01A0775_003 in /tmp/pbe_data.data.home.granepura.5-kinases.cof_tpl_mg.run_prot2.3UG2_CYS01A0775_003
ForkPoolWorker-1: Calling delphi to calculate conformer CYS-1A0775_004 in /tmp/pbe_data.data.home.granepura.5-kinases.cof_tpl_mg.run_prot2.3UG2_CYS-1A0775_004
ForkPoolWorker-1: Calling delphi to calculate conformer ARG01A0776_001 in /tmp/pbe_data.data.home.granepura.5-kinases.cof_tpl_mg.run_prot2.3UG2_ARG01A0776_001
ForkPoolWorker-1: Calling delphi to calculate conformer ARG02A0776_002 in /tmp/pbe_data.data.home.granepura.5-kinases.cof_tpl_mg.run_prot2.3UG2_ARG02A0776_002
ForkPoolWorker-1: Calling delphi to calculate conformer ARG02A0776_003 in /tmp/pbe_data.data.home.granepura.5-kinases.cof_tpl_mg.run_prot2.3UG2_ARG02A0776_003
ForkPoolWorker-1: Calling delphi to calculate conformer ARG03A0776_004 in /tmp/pbe_data.data.home.granepura.5-kinases.cof_tpl_mg.run_prot2.3UG2_ARG03A0776_004
ForkPoolWorker-1: Calling delphi to calculate conformer ARG+1A0776_005 in /tmp/pbe_data.data.home.granepura.5-kinases.cof_tpl_mg.run_prot2.3UG2_ARG+1A0776_005
Skipping PBE solver for non-charge conformer LEU01A0777_001...
Skipping PBE solver for non-charge conformer LEU01A0778_001...
Skipping PBE solver for non-charge conformer ILE01A0780_001...
ForkPoolWorker-1: Calling delphi to calculate conformer CYS01A0781_001 in /tmp/pbe_data.data.home.granepura.5-kinases.cof_tpl_mg.run_prot2.3UG2_CYS01A0781_001
ForkPoolWorker-1: Calling delphi to calculate conformer CYS01A0781_002 in /tmp/pbe_data.data.home.granepura.5-kinases.cof_tpl_mg.run_prot2.3UG2_CYS01A0781_002
ForkPoolWorker-1: Calling delphi to calculate conformer CYS01A0781_003 in /tmp/pbe_data.data.home.granepura.5-kinases.cof_tpl_mg.run_prot2.3UG2_CYS01A0781_003
ForkPoolWorker-1: Calling delphi to calculate conformer CYS-1A0781_004 in /tmp/pbe_data.data.home.granepura.5-kinases.cof_tpl_mg.run_prot2.3UG2_CYS-1A0781_004
Skipping PBE solver for non-charge conformer LEU01A0782_001...
ForkPoolWorker-1: Calling delphi to calculate conformer THR01A0783_001 in /tmp/pbe_data.data.home.granepura.5-kinases.cof_tpl_mg.run_prot2.3UG2_THR01A0783_001
ForkPoolWorker-1: Calling delphi to calculate conformer THR01A0783_002 in /tmp/pbe_data.data.home.granepura.5-kinases.cof_tpl_mg.run_prot2.3UG2_THR01A0783_002
ForkPoolWorker-1: Calling delphi to calculate conformer THR01A0783_003 in /tmp/pbe_data.data.home.granepura.5-kinases.cof_tpl_mg.run_prot2.3UG2_THR01A0783_003
ForkPoolWorker-1: Calling delphi to calculate conformer SER01A0784_001 in /tmp/pbe_data.data.home.granepura.5-kinases.cof_tpl_mg.run_prot2.3UG2_SER01A0784_001
ForkPoolWorker-1: Calling delphi to calculate conformer THR01A0785_001 in /tmp/pbe_data.data.home.granepura.5-kinases.cof_tpl_mg.run_prot2.3UG2_THR01A0785_001
ForkPoolWorker-1: Calling delphi to calculate conformer THR01A0785_002 in /tmp/pbe_data.data.home.granepura.5-kinases.cof_tpl_mg.run_prot2.3UG2_THR01A0785_002
Skipping PBE solver for non-charge conformer VAL01A0786_001...
ForkPoolWorker-1: Calling delphi to calculate conformer GLN01A0787_001 in /tmp/pbe_data.data.home.granepura.5-kinases.cof_tpl_mg.run_prot2.3UG2_GLN01A0787_001
ForkPoolWorker-1: Calling delphi to calculate conformer GLN01A0787_002 in /tmp/pbe_data.data.home.granepura.5-kinases.cof_tpl_mg.run_prot2.3UG2_GLN01A0787_002
Skipping PBE solver for non-charge conformer LEU01A0788_001...
Skipping PBE solver for non-charge conformer ILE01A0789_001...
ForkPoolWorker-1: Calling delphi to calculate conformer MET01A0790_001 in /tmp/pbe_data.data.home.granepura.5-kinases.cof_tpl_mg.run_prot2.3UG2_MET01A0790_001
ForkPoolWorker-1: Calling delphi to calculate conformer GLN01A0791_001 in /tmp/pbe_data.data.home.granepura.5-kinases.cof_tpl_mg.run_prot2.3UG2_GLN01A0791_001
ForkPoolWorker-1: Calling delphi to calculate conformer GLN01A0791_002 in /tmp/pbe_data.data.home.granepura.5-kinases.cof_tpl_mg.run_prot2.3UG2_GLN01A0791_002
Skipping PBE solver for non-charge conformer LEU01A0792_001...
ForkPoolWorker-1: Calling delphi to calculate conformer MET01A0793_001 in /tmp/pbe_data.data.home.granepura.5-kinases.cof_tpl_mg.run_prot2.3UG2_MET01A0793_001
Skipping PBE solver for non-charge conformer PRO01A0794_001...
Skipping PBE solver for non-charge conformer PHE01A0795_001...
ForkPoolWorker-1: Calling delphi to calculate conformer CYS01A0797_001 in /tmp/pbe_data.data.home.granepura.5-kinases.cof_tpl_mg.run_prot2.3UG2_CYS01A0797_001
ForkPoolWorker-1: Calling delphi to calculate conformer CYS01A0797_002 in /tmp/pbe_data.data.home.granepura.5-kinases.cof_tpl_mg.run_prot2.3UG2_CYS01A0797_002
ForkPoolWorker-1: Calling delphi to calculate conformer CYS01A0797_003 in /tmp/pbe_data.data.home.granepura.5-kinases.cof_tpl_mg.run_prot2.3UG2_CYS01A0797_003
ForkPoolWorker-1: Calling delphi to calculate conformer CYS-1A0797_004 in /tmp/pbe_data.data.home.granepura.5-kinases.cof_tpl_mg.run_prot2.3UG2_CYS-1A0797_004
Skipping PBE solver for non-charge conformer LEU01A0798_001...
Skipping PBE solver for non-charge conformer LEU01A0799_001...
ForkPoolWorker-1: Calling delphi to calculate conformer ASP01A0800_001 in /tmp/pbe_data.data.home.granepura.5-kinases.cof_tpl_mg.run_prot2.3UG2_ASP01A0800_001
ForkPoolWorker-1: Calling delphi to calculate conformer ASP01A0800_002 in /tmp/pbe_data.data.home.granepura.5-kinases.cof_tpl_mg.run_prot2.3UG2_ASP01A0800_002
ForkPoolWorker-1: Calling delphi to calculate conformer ASP02A0800_003 in /tmp/pbe_data.data.home.granepura.5-kinases.cof_tpl_mg.run_prot2.3UG2_ASP02A0800_003
ForkPoolWorker-1: Calling delphi to calculate conformer ASP02A0800_004 in /tmp/pbe_data.data.home.granepura.5-kinases.cof_tpl_mg.run_prot2.3UG2_ASP02A0800_004
ForkPoolWorker-1: Calling delphi to calculate conformer ASP-1A0800_005 in /tmp/pbe_data.data.home.granepura.5-kinases.cof_tpl_mg.run_prot2.3UG2_ASP-1A0800_005
ForkPoolWorker-1: Calling delphi to calculate conformer TYR01A0801_001 in /tmp/pbe_data.data.home.granepura.5-kinases.cof_tpl_mg.run_prot2.3UG2_TYR01A0801_001
ForkPoolWorker-1: Calling delphi to calculate conformer TYR-1A0801_002 in /tmp/pbe_data.data.home.granepura.5-kinases.cof_tpl_mg.run_prot2.3UG2_TYR-1A0801_002
Skipping PBE solver for non-charge conformer VAL01A0802_001...
ForkPoolWorker-1: Calling delphi to calculate conformer ARG01A0803_001 in /tmp/pbe_data.data.home.granepura.5-kinases.cof_tpl_mg.run_prot2.3UG2_ARG01A0803_001
ForkPoolWorker-1: Calling delphi to calculate conformer ARG02A0803_002 in /tmp/pbe_data.data.home.granepura.5-kinases.cof_tpl_mg.run_prot2.3UG2_ARG02A0803_002
ForkPoolWorker-1: Calling delphi to calculate conformer ARG03A0803_003 in /tmp/pbe_data.data.home.granepura.5-kinases.cof_tpl_mg.run_prot2.3UG2_ARG03A0803_003
ForkPoolWorker-1: Calling delphi to calculate conformer ARG+1A0803_004 in /tmp/pbe_data.data.home.granepura.5-kinases.cof_tpl_mg.run_prot2.3UG2_ARG+1A0803_004
ForkPoolWorker-1: Calling delphi to calculate conformer GLU01A0804_001 in /tmp/pbe_data.data.home.granepura.5-kinases.cof_tpl_mg.run_prot2.3UG2_GLU01A0804_001
ForkPoolWorker-1: Calling delphi to calculate conformer GLU01A0804_002 in /tmp/pbe_data.data.home.granepura.5-kinases.cof_tpl_mg.run_prot2.3UG2_GLU01A0804_002
ForkPoolWorker-1: Calling delphi to calculate conformer GLU02A0804_003 in /tmp/pbe_data.data.home.granepura.5-kinases.cof_tpl_mg.run_prot2.3UG2_GLU02A0804_003
ForkPoolWorker-1: Calling delphi to calculate conformer GLU02A0804_004 in /tmp/pbe_data.data.home.granepura.5-kinases.cof_tpl_mg.run_prot2.3UG2_GLU02A0804_004
ForkPoolWorker-1: Calling delphi to calculate conformer GLU-1A0804_005 in /tmp/pbe_data.data.home.granepura.5-kinases.cof_tpl_mg.run_prot2.3UG2_GLU-1A0804_005
ForkPoolWorker-1: Calling delphi to calculate conformer HIS01A0805_001 in /tmp/pbe_data.data.home.granepura.5-kinases.cof_tpl_mg.run_prot2.3UG2_HIS01A0805_001
ForkPoolWorker-1: Calling delphi to calculate conformer HIS01A0805_002 in /tmp/pbe_data.data.home.granepura.5-kinases.cof_tpl_mg.run_prot2.3UG2_HIS01A0805_002
ForkPoolWorker-1: Calling delphi to calculate conformer HIS02A0805_003 in /tmp/pbe_data.data.home.granepura.5-kinases.cof_tpl_mg.run_prot2.3UG2_HIS02A0805_003
ForkPoolWorker-1: Calling delphi to calculate conformer HIS02A0805_004 in /tmp/pbe_data.data.home.granepura.5-kinases.cof_tpl_mg.run_prot2.3UG2_HIS02A0805_004
ForkPoolWorker-1: Calling delphi to calculate conformer HIS+1A0805_005 in /tmp/pbe_data.data.home.granepura.5-kinases.cof_tpl_mg.run_prot2.3UG2_HIS+1A0805_005
ForkPoolWorker-1: Calling delphi to calculate conformer HIS+1A0805_006 in /tmp/pbe_data.data.home.granepura.5-kinases.cof_tpl_mg.run_prot2.3UG2_HIS+1A0805_006
ForkPoolWorker-1: Calling delphi to calculate conformer LYS01A0806_001 in /tmp/pbe_data.data.home.granepura.5-kinases.cof_tpl_mg.run_prot2.3UG2_LYS01A0806_001
ForkPoolWorker-1: Calling delphi to calculate conformer LYS+1A0806_002 in /tmp/pbe_data.data.home.granepura.5-kinases.cof_tpl_mg.run_prot2.3UG2_LYS+1A0806_002
ForkPoolWorker-1: Calling delphi to calculate conformer ASP01A0807_001 in /tmp/pbe_data.data.home.granepura.5-kinases.cof_tpl_mg.run_prot2.3UG2_ASP01A0807_001
ForkPoolWorker-1: Calling delphi to calculate conformer ASP01A0807_002 in /tmp/pbe_data.data.home.granepura.5-kinases.cof_tpl_mg.run_prot2.3UG2_ASP01A0807_002
ForkPoolWorker-1: Calling delphi to calculate conformer ASP02A0807_003 in /tmp/pbe_data.data.home.granepura.5-kinases.cof_tpl_mg.run_prot2.3UG2_ASP02A0807_003
ForkPoolWorker-1: Calling delphi to calculate conformer ASP02A0807_004 in /tmp/pbe_data.data.home.granepura.5-kinases.cof_tpl_mg.run_prot2.3UG2_ASP02A0807_004
ForkPoolWorker-1: Calling delphi to calculate conformer ASP-1A0807_005 in /tmp/pbe_data.data.home.granepura.5-kinases.cof_tpl_mg.run_prot2.3UG2_ASP-1A0807_005
ForkPoolWorker-1: Calling delphi to calculate conformer ASN01A0808_001 in /tmp/pbe_data.data.home.granepura.5-kinases.cof_tpl_mg.run_prot2.3UG2_ASN01A0808_001
ForkPoolWorker-1: Calling delphi to calculate conformer ASN01A0808_002 in /tmp/pbe_data.data.home.granepura.5-kinases.cof_tpl_mg.run_prot2.3UG2_ASN01A0808_002
Skipping PBE solver for non-charge conformer ILE01A0809_001...
ForkPoolWorker-1: Calling delphi to calculate conformer SER01A0811_001 in /tmp/pbe_data.data.home.granepura.5-kinases.cof_tpl_mg.run_prot2.3UG2_SER01A0811_001
ForkPoolWorker-1: Calling delphi to calculate conformer SER01A0811_002 in /tmp/pbe_data.data.home.granepura.5-kinases.cof_tpl_mg.run_prot2.3UG2_SER01A0811_002
ForkPoolWorker-1: Calling delphi to calculate conformer SER01A0811_003 in /tmp/pbe_data.data.home.granepura.5-kinases.cof_tpl_mg.run_prot2.3UG2_SER01A0811_003
ForkPoolWorker-1: Calling delphi to calculate conformer SER01A0811_004 in /tmp/pbe_data.data.home.granepura.5-kinases.cof_tpl_mg.run_prot2.3UG2_SER01A0811_004
ForkPoolWorker-1: Calling delphi to calculate conformer GLN01A0812_001 in /tmp/pbe_data.data.home.granepura.5-kinases.cof_tpl_mg.run_prot2.3UG2_GLN01A0812_001
ForkPoolWorker-1: Calling delphi to calculate conformer GLN01A0812_002 in /tmp/pbe_data.data.home.granepura.5-kinases.cof_tpl_mg.run_prot2.3UG2_GLN01A0812_002
ForkPoolWorker-1: Calling delphi to calculate conformer TYR01A0813_001 in /tmp/pbe_data.data.home.granepura.5-kinases.cof_tpl_mg.run_prot2.3UG2_TYR01A0813_001
ForkPoolWorker-1: Calling delphi to calculate conformer TYR-1A0813_002 in /tmp/pbe_data.data.home.granepura.5-kinases.cof_tpl_mg.run_prot2.3UG2_TYR-1A0813_002
Skipping PBE solver for non-charge conformer LEU01A0814_001...
Skipping PBE solver for non-charge conformer LEU01A0815_001...
ForkPoolWorker-1: Calling delphi to calculate conformer ASN01A0816_001 in /tmp/pbe_data.data.home.granepura.5-kinases.cof_tpl_mg.run_prot2.3UG2_ASN01A0816_001
ForkPoolWorker-1: Calling delphi to calculate conformer ASN01A0816_002 in /tmp/pbe_data.data.home.granepura.5-kinases.cof_tpl_mg.run_prot2.3UG2_ASN01A0816_002
Skipping PBE solver for non-charge conformer TRP01A0817_001...
ForkPoolWorker-1: Calling delphi to calculate conformer CYS01A0818_001 in /tmp/pbe_data.data.home.granepura.5-kinases.cof_tpl_mg.run_prot2.3UG2_CYS01A0818_001
ForkPoolWorker-1: Calling delphi to calculate conformer CYS01A0818_002 in /tmp/pbe_data.data.home.granepura.5-kinases.cof_tpl_mg.run_prot2.3UG2_CYS01A0818_002
ForkPoolWorker-1: Calling delphi to calculate conformer CYS01A0818_003 in /tmp/pbe_data.data.home.granepura.5-kinases.cof_tpl_mg.run_prot2.3UG2_CYS01A0818_003
ForkPoolWorker-1: Calling delphi to calculate conformer CYS-1A0818_004 in /tmp/pbe_data.data.home.granepura.5-kinases.cof_tpl_mg.run_prot2.3UG2_CYS-1A0818_004
Skipping PBE solver for non-charge conformer VAL01A0819_001...
ForkPoolWorker-1: Calling delphi to calculate conformer GLN01A0820_001 in /tmp/pbe_data.data.home.granepura.5-kinases.cof_tpl_mg.run_prot2.3UG2_GLN01A0820_001
ForkPoolWorker-1: Calling delphi to calculate conformer GLN01A0820_002 in /tmp/pbe_data.data.home.granepura.5-kinases.cof_tpl_mg.run_prot2.3UG2_GLN01A0820_002
Skipping PBE solver for non-charge conformer ILE01A0821_001...
Skipping PBE solver for non-charge conformer ALA01A0822_001...
ForkPoolWorker-1: Calling delphi to calculate conformer LYS01A0823_001 in /tmp/pbe_data.data.home.granepura.5-kinases.cof_tpl_mg.run_prot2.3UG2_LYS01A0823_001
ForkPoolWorker-1: Calling delphi to calculate conformer LYS+1A0823_002 in /tmp/pbe_data.data.home.granepura.5-kinases.cof_tpl_mg.run_prot2.3UG2_LYS+1A0823_002
ForkPoolWorker-1: Calling delphi to calculate conformer MET01A0825_001 in /tmp/pbe_data.data.home.granepura.5-kinases.cof_tpl_mg.run_prot2.3UG2_MET01A0825_001
ForkPoolWorker-1: Calling delphi to calculate conformer ASN01A0826_001 in /tmp/pbe_data.data.home.granepura.5-kinases.cof_tpl_mg.run_prot2.3UG2_ASN01A0826_001
ForkPoolWorker-1: Calling delphi to calculate conformer ASN01A0826_002 in /tmp/pbe_data.data.home.granepura.5-kinases.cof_tpl_mg.run_prot2.3UG2_ASN01A0826_002
ForkPoolWorker-1: Calling delphi to calculate conformer TYR01A0827_001 in /tmp/pbe_data.data.home.granepura.5-kinases.cof_tpl_mg.run_prot2.3UG2_TYR01A0827_001
ForkPoolWorker-1: Calling delphi to calculate conformer TYR-1A0827_002 in /tmp/pbe_data.data.home.granepura.5-kinases.cof_tpl_mg.run_prot2.3UG2_TYR-1A0827_002
Skipping PBE solver for non-charge conformer LEU01A0828_001...
ForkPoolWorker-1: Calling delphi to calculate conformer GLU01A0829_001 in /tmp/pbe_data.data.home.granepura.5-kinases.cof_tpl_mg.run_prot2.3UG2_GLU01A0829_001
ForkPoolWorker-1: Calling delphi to calculate conformer GLU01A0829_002 in /tmp/pbe_data.data.home.granepura.5-kinases.cof_tpl_mg.run_prot2.3UG2_GLU01A0829_002
ForkPoolWorker-1: Calling delphi to calculate conformer GLU02A0829_003 in /tmp/pbe_data.data.home.granepura.5-kinases.cof_tpl_mg.run_prot2.3UG2_GLU02A0829_003
ForkPoolWorker-1: Calling delphi to calculate conformer GLU02A0829_004 in /tmp/pbe_data.data.home.granepura.5-kinases.cof_tpl_mg.run_prot2.3UG2_GLU02A0829_004
ForkPoolWorker-1: Calling delphi to calculate conformer GLU-1A0829_005 in /tmp/pbe_data.data.home.granepura.5-kinases.cof_tpl_mg.run_prot2.3UG2_GLU-1A0829_005
ForkPoolWorker-1: Calling delphi to calculate conformer ASP01A0830_001 in /tmp/pbe_data.data.home.granepura.5-kinases.cof_tpl_mg.run_prot2.3UG2_ASP01A0830_001
ForkPoolWorker-1: Calling delphi to calculate conformer ASP01A0830_002 in /tmp/pbe_data.data.home.granepura.5-kinases.cof_tpl_mg.run_prot2.3UG2_ASP01A0830_002
ForkPoolWorker-1: Calling delphi to calculate conformer ASP02A0830_003 in /tmp/pbe_data.data.home.granepura.5-kinases.cof_tpl_mg.run_prot2.3UG2_ASP02A0830_003
ForkPoolWorker-1: Calling delphi to calculate conformer ASP02A0830_004 in /tmp/pbe_data.data.home.granepura.5-kinases.cof_tpl_mg.run_prot2.3UG2_ASP02A0830_004
ForkPoolWorker-1: Calling delphi to calculate conformer ASP-1A0830_005 in /tmp/pbe_data.data.home.granepura.5-kinases.cof_tpl_mg.run_prot2.3UG2_ASP-1A0830_005
ForkPoolWorker-1: Calling delphi to calculate conformer ARG01A0831_001 in /tmp/pbe_data.data.home.granepura.5-kinases.cof_tpl_mg.run_prot2.3UG2_ARG01A0831_001
ForkPoolWorker-1: Calling delphi to calculate conformer ARG02A0831_002 in /tmp/pbe_data.data.home.granepura.5-kinases.cof_tpl_mg.run_prot2.3UG2_ARG02A0831_002
ForkPoolWorker-1: Calling delphi to calculate conformer ARG03A0831_003 in /tmp/pbe_data.data.home.granepura.5-kinases.cof_tpl_mg.run_prot2.3UG2_ARG03A0831_003
ForkPoolWorker-1: Calling delphi to calculate conformer ARG+1A0831_004 in /tmp/pbe_data.data.home.granepura.5-kinases.cof_tpl_mg.run_prot2.3UG2_ARG+1A0831_004
ForkPoolWorker-1: Calling delphi to calculate conformer ARG01A0832_001 in /tmp/pbe_data.data.home.granepura.5-kinases.cof_tpl_mg.run_prot2.3UG2_ARG01A0832_001
ForkPoolWorker-1: Calling delphi to calculate conformer ARG02A0832_002 in /tmp/pbe_data.data.home.granepura.5-kinases.cof_tpl_mg.run_prot2.3UG2_ARG02A0832_002
ForkPoolWorker-1: Calling delphi to calculate conformer ARG03A0832_003 in /tmp/pbe_data.data.home.granepura.5-kinases.cof_tpl_mg.run_prot2.3UG2_ARG03A0832_003
ForkPoolWorker-1: Calling delphi to calculate conformer ARG03A0832_004 in /tmp/pbe_data.data.home.granepura.5-kinases.cof_tpl_mg.run_prot2.3UG2_ARG03A0832_004
ForkPoolWorker-1: Calling delphi to calculate conformer ARG+1A0832_005 in /tmp/pbe_data.data.home.granepura.5-kinases.cof_tpl_mg.run_prot2.3UG2_ARG+1A0832_005
Skipping PBE solver for non-charge conformer LEU01A0833_001...
Skipping PBE solver for non-charge conformer VAL01A0834_001...
ForkPoolWorker-1: Calling delphi to calculate conformer HIS01A0835_001 in /tmp/pbe_data.data.home.granepura.5-kinases.cof_tpl_mg.run_prot2.3UG2_HIS01A0835_001
ForkPoolWorker-1: Calling delphi to calculate conformer HIS02A0835_002 in /tmp/pbe_data.data.home.granepura.5-kinases.cof_tpl_mg.run_prot2.3UG2_HIS02A0835_002
ForkPoolWorker-1: Calling delphi to calculate conformer HIS+1A0835_003 in /tmp/pbe_data.data.home.granepura.5-kinases.cof_tpl_mg.run_prot2.3UG2_HIS+1A0835_003
ForkPoolWorker-1: Calling delphi to calculate conformer ARG01A0836_001 in /tmp/pbe_data.data.home.granepura.5-kinases.cof_tpl_mg.run_prot2.3UG2_ARG01A0836_001
ForkPoolWorker-1: Calling delphi to calculate conformer ARG02A0836_002 in /tmp/pbe_data.data.home.granepura.5-kinases.cof_tpl_mg.run_prot2.3UG2_ARG02A0836_002
ForkPoolWorker-1: Calling delphi to calculate conformer ARG02A0836_003 in /tmp/pbe_data.data.home.granepura.5-kinases.cof_tpl_mg.run_prot2.3UG2_ARG02A0836_003
ForkPoolWorker-1: Calling delphi to calculate conformer ARG03A0836_004 in /tmp/pbe_data.data.home.granepura.5-kinases.cof_tpl_mg.run_prot2.3UG2_ARG03A0836_004
ForkPoolWorker-1: Calling delphi to calculate conformer ARG03A0836_005 in /tmp/pbe_data.data.home.granepura.5-kinases.cof_tpl_mg.run_prot2.3UG2_ARG03A0836_005
ForkPoolWorker-1: Calling delphi to calculate conformer ARG+1A0836_006 in /tmp/pbe_data.data.home.granepura.5-kinases.cof_tpl_mg.run_prot2.3UG2_ARG+1A0836_006
ForkPoolWorker-1: Calling delphi to calculate conformer ASP01A0837_001 in /tmp/pbe_data.data.home.granepura.5-kinases.cof_tpl_mg.run_prot2.3UG2_ASP01A0837_001
ForkPoolWorker-1: Calling delphi to calculate conformer ASP01A0837_002 in /tmp/pbe_data.data.home.granepura.5-kinases.cof_tpl_mg.run_prot2.3UG2_ASP01A0837_002
ForkPoolWorker-1: Calling delphi to calculate conformer ASP01A0837_003 in /tmp/pbe_data.data.home.granepura.5-kinases.cof_tpl_mg.run_prot2.3UG2_ASP01A0837_003
ForkPoolWorker-1: Calling delphi to calculate conformer ASP01A0837_004 in /tmp/pbe_data.data.home.granepura.5-kinases.cof_tpl_mg.run_prot2.3UG2_ASP01A0837_004
ForkPoolWorker-1: Calling delphi to calculate conformer ASP02A0837_005 in /tmp/pbe_data.data.home.granepura.5-kinases.cof_tpl_mg.run_prot2.3UG2_ASP02A0837_005
ForkPoolWorker-1: Calling delphi to calculate conformer ASP02A0837_006 in /tmp/pbe_data.data.home.granepura.5-kinases.cof_tpl_mg.run_prot2.3UG2_ASP02A0837_006
ForkPoolWorker-1: Calling delphi to calculate conformer ASP02A0837_007 in /tmp/pbe_data.data.home.granepura.5-kinases.cof_tpl_mg.run_prot2.3UG2_ASP02A0837_007
ForkPoolWorker-1: Calling delphi to calculate conformer ASP02A0837_008 in /tmp/pbe_data.data.home.granepura.5-kinases.cof_tpl_mg.run_prot2.3UG2_ASP02A0837_008
ForkPoolWorker-1: Calling delphi to calculate conformer ASP-1A0837_009 in /tmp/pbe_data.data.home.granepura.5-kinases.cof_tpl_mg.run_prot2.3UG2_ASP-1A0837_009
ForkPoolWorker-1: Calling delphi to calculate conformer ASP-1A0837_010 in /tmp/pbe_data.data.home.granepura.5-kinases.cof_tpl_mg.run_prot2.3UG2_ASP-1A0837_010
Skipping PBE solver for non-charge conformer LEU01A0838_001...
Skipping PBE solver for non-charge conformer ALA01A0839_001...
Skipping PBE solver for non-charge conformer ALA01A0840_001...
ForkPoolWorker-1: Calling delphi to calculate conformer ARG01A0841_001 in /tmp/pbe_data.data.home.granepura.5-kinases.cof_tpl_mg.run_prot2.3UG2_ARG01A0841_001
ForkPoolWorker-1: Calling delphi to calculate conformer ARG02A0841_002 in /tmp/pbe_data.data.home.granepura.5-kinases.cof_tpl_mg.run_prot2.3UG2_ARG02A0841_002
ForkPoolWorker-1: Calling delphi to calculate conformer ARG02A0841_003 in /tmp/pbe_data.data.home.granepura.5-kinases.cof_tpl_mg.run_prot2.3UG2_ARG02A0841_003
ForkPoolWorker-1: Calling delphi to calculate conformer ARG03A0841_004 in /tmp/pbe_data.data.home.granepura.5-kinases.cof_tpl_mg.run_prot2.3UG2_ARG03A0841_004
ForkPoolWorker-1: Calling delphi to calculate conformer ARG+1A0841_005 in /tmp/pbe_data.data.home.granepura.5-kinases.cof_tpl_mg.run_prot2.3UG2_ARG+1A0841_005
ForkPoolWorker-1: Calling delphi to calculate conformer ASN01A0842_001 in /tmp/pbe_data.data.home.granepura.5-kinases.cof_tpl_mg.run_prot2.3UG2_ASN01A0842_001
ForkPoolWorker-1: Calling delphi to calculate conformer ASN01A0842_002 in /tmp/pbe_data.data.home.granepura.5-kinases.cof_tpl_mg.run_prot2.3UG2_ASN01A0842_002
Skipping PBE solver for non-charge conformer VAL01A0843_001...
Skipping PBE solver for non-charge conformer LEU01A0844_001...
Skipping PBE solver for non-charge conformer VAL01A0845_001...
ForkPoolWorker-1: Calling delphi to calculate conformer LYS01A0846_001 in /tmp/pbe_data.data.home.granepura.5-kinases.cof_tpl_mg.run_prot2.3UG2_LYS01A0846_001
ForkPoolWorker-1: Calling delphi to calculate conformer LYS+1A0846_002 in /tmp/pbe_data.data.home.granepura.5-kinases.cof_tpl_mg.run_prot2.3UG2_LYS+1A0846_002
ForkPoolWorker-1: Calling delphi to calculate conformer THR01A0847_001 in /tmp/pbe_data.data.home.granepura.5-kinases.cof_tpl_mg.run_prot2.3UG2_THR01A0847_001
Skipping PBE solver for non-charge conformer PRO01A0848_001...
ForkPoolWorker-1: Calling delphi to calculate conformer GLN01A0849_001 in /tmp/pbe_data.data.home.granepura.5-kinases.cof_tpl_mg.run_prot2.3UG2_GLN01A0849_001
ForkPoolWorker-1: Calling delphi to calculate conformer GLN01A0849_002 in /tmp/pbe_data.data.home.granepura.5-kinases.cof_tpl_mg.run_prot2.3UG2_GLN01A0849_002
ForkPoolWorker-1: Calling delphi to calculate conformer HIS01A0850_001 in /tmp/pbe_data.data.home.granepura.5-kinases.cof_tpl_mg.run_prot2.3UG2_HIS01A0850_001
ForkPoolWorker-1: Calling delphi to calculate conformer HIS02A0850_002 in /tmp/pbe_data.data.home.granepura.5-kinases.cof_tpl_mg.run_prot2.3UG2_HIS02A0850_002
ForkPoolWorker-1: Calling delphi to calculate conformer HIS+1A0850_003 in /tmp/pbe_data.data.home.granepura.5-kinases.cof_tpl_mg.run_prot2.3UG2_HIS+1A0850_003
Skipping PBE solver for non-charge conformer VAL01A0851_001...
ForkPoolWorker-1: Calling delphi to calculate conformer LYS01A0852_001 in /tmp/pbe_data.data.home.granepura.5-kinases.cof_tpl_mg.run_prot2.3UG2_LYS01A0852_001
ForkPoolWorker-1: Calling delphi to calculate conformer LYS+1A0852_002 in /tmp/pbe_data.data.home.granepura.5-kinases.cof_tpl_mg.run_prot2.3UG2_LYS+1A0852_002
Skipping PBE solver for non-charge conformer ILE01A0853_001...
ForkPoolWorker-1: Calling delphi to calculate conformer THR01A0854_001 in /tmp/pbe_data.data.home.granepura.5-kinases.cof_tpl_mg.run_prot2.3UG2_THR01A0854_001
ForkPoolWorker-1: Calling delphi to calculate conformer THR01A0854_002 in /tmp/pbe_data.data.home.granepura.5-kinases.cof_tpl_mg.run_prot2.3UG2_THR01A0854_002
ForkPoolWorker-1: Calling delphi to calculate conformer THR01A0854_003 in /tmp/pbe_data.data.home.granepura.5-kinases.cof_tpl_mg.run_prot2.3UG2_THR01A0854_003
ForkPoolWorker-1: Calling delphi to calculate conformer ASP01A0855_001 in /tmp/pbe_data.data.home.granepura.5-kinases.cof_tpl_mg.run_prot2.3UG2_ASP01A0855_001
ForkPoolWorker-1: Calling delphi to calculate conformer ASP01A0855_002 in /tmp/pbe_data.data.home.granepura.5-kinases.cof_tpl_mg.run_prot2.3UG2_ASP01A0855_002
ForkPoolWorker-1: Calling delphi to calculate conformer ASP02A0855_003 in /tmp/pbe_data.data.home.granepura.5-kinases.cof_tpl_mg.run_prot2.3UG2_ASP02A0855_003
ForkPoolWorker-1: Calling delphi to calculate conformer ASP02A0855_004 in /tmp/pbe_data.data.home.granepura.5-kinases.cof_tpl_mg.run_prot2.3UG2_ASP02A0855_004
ForkPoolWorker-1: Calling delphi to calculate conformer ASP-1A0855_005 in /tmp/pbe_data.data.home.granepura.5-kinases.cof_tpl_mg.run_prot2.3UG2_ASP-1A0855_005
Skipping PBE solver for non-charge conformer PHE01A0856_001...
Skipping PBE solver for non-charge conformer LEU01A0858_001...
Skipping PBE solver for non-charge conformer ALA01A0859_001...
ForkPoolWorker-1: Calling delphi to calculate conformer LYS01A0860_001 in /tmp/pbe_data.data.home.granepura.5-kinases.cof_tpl_mg.run_prot2.3UG2_LYS01A0860_001
ForkPoolWorker-1: Calling delphi to calculate conformer LYS+1A0860_002 in /tmp/pbe_data.data.home.granepura.5-kinases.cof_tpl_mg.run_prot2.3UG2_LYS+1A0860_002
Skipping PBE solver for non-charge conformer LEU01A0861_001...
Skipping PBE solver for non-charge conformer LEU01A0862_001...
Skipping PBE solver for non-charge conformer ALA01A0864_001...
ForkPoolWorker-1: Calling delphi to calculate conformer GLU01A0865_001 in /tmp/pbe_data.data.home.granepura.5-kinases.cof_tpl_mg.run_prot2.3UG2_GLU01A0865_001
ForkPoolWorker-1: Calling delphi to calculate conformer GLU01A0865_002 in /tmp/pbe_data.data.home.granepura.5-kinases.cof_tpl_mg.run_prot2.3UG2_GLU01A0865_002
ForkPoolWorker-1: Calling delphi to calculate conformer GLU02A0865_003 in /tmp/pbe_data.data.home.granepura.5-kinases.cof_tpl_mg.run_prot2.3UG2_GLU02A0865_003
ForkPoolWorker-1: Calling delphi to calculate conformer GLU02A0865_004 in /tmp/pbe_data.data.home.granepura.5-kinases.cof_tpl_mg.run_prot2.3UG2_GLU02A0865_004
ForkPoolWorker-1: Calling delphi to calculate conformer GLU-1A0865_005 in /tmp/pbe_data.data.home.granepura.5-kinases.cof_tpl_mg.run_prot2.3UG2_GLU-1A0865_005
ForkPoolWorker-1: Calling delphi to calculate conformer GLU01A0866_001 in /tmp/pbe_data.data.home.granepura.5-kinases.cof_tpl_mg.run_prot2.3UG2_GLU01A0866_001
ForkPoolWorker-1: Calling delphi to calculate conformer GLU01A0866_002 in /tmp/pbe_data.data.home.granepura.5-kinases.cof_tpl_mg.run_prot2.3UG2_GLU01A0866_002
ForkPoolWorker-1: Calling delphi to calculate conformer GLU02A0866_003 in /tmp/pbe_data.data.home.granepura.5-kinases.cof_tpl_mg.run_prot2.3UG2_GLU02A0866_003
ForkPoolWorker-1: Calling delphi to calculate conformer GLU02A0866_004 in /tmp/pbe_data.data.home.granepura.5-kinases.cof_tpl_mg.run_prot2.3UG2_GLU02A0866_004
ForkPoolWorker-1: Calling delphi to calculate conformer GLU-1A0866_005 in /tmp/pbe_data.data.home.granepura.5-kinases.cof_tpl_mg.run_prot2.3UG2_GLU-1A0866_005
ForkPoolWorker-1: Calling delphi to calculate conformer LYS01A0867_001 in /tmp/pbe_data.data.home.granepura.5-kinases.cof_tpl_mg.run_prot2.3UG2_LYS01A0867_001
ForkPoolWorker-1: Calling delphi to calculate conformer LYS+1A0867_002 in /tmp/pbe_data.data.home.granepura.5-kinases.cof_tpl_mg.run_prot2.3UG2_LYS+1A0867_002
ForkPoolWorker-1: Calling delphi to calculate conformer GLU01A0868_001 in /tmp/pbe_data.data.home.granepura.5-kinases.cof_tpl_mg.run_prot2.3UG2_GLU01A0868_001
ForkPoolWorker-1: Calling delphi to calculate conformer GLU01A0868_002 in /tmp/pbe_data.data.home.granepura.5-kinases.cof_tpl_mg.run_prot2.3UG2_GLU01A0868_002
ForkPoolWorker-1: Calling delphi to calculate conformer GLU02A0868_003 in /tmp/pbe_data.data.home.granepura.5-kinases.cof_tpl_mg.run_prot2.3UG2_GLU02A0868_003
ForkPoolWorker-1: Calling delphi to calculate conformer GLU02A0868_004 in /tmp/pbe_data.data.home.granepura.5-kinases.cof_tpl_mg.run_prot2.3UG2_GLU02A0868_004
ForkPoolWorker-1: Calling delphi to calculate conformer GLU-1A0868_005 in /tmp/pbe_data.data.home.granepura.5-kinases.cof_tpl_mg.run_prot2.3UG2_GLU-1A0868_005
ForkPoolWorker-1: Calling delphi to calculate conformer TYR01A0869_001 in /tmp/pbe_data.data.home.granepura.5-kinases.cof_tpl_mg.run_prot2.3UG2_TYR01A0869_001
ForkPoolWorker-1: Calling delphi to calculate conformer TYR01A0869_002 in /tmp/pbe_data.data.home.granepura.5-kinases.cof_tpl_mg.run_prot2.3UG2_TYR01A0869_002
ForkPoolWorker-1: Calling delphi to calculate conformer TYR-1A0869_003 in /tmp/pbe_data.data.home.granepura.5-kinases.cof_tpl_mg.run_prot2.3UG2_TYR-1A0869_003
ForkPoolWorker-1: Calling delphi to calculate conformer HIS01A0870_001 in /tmp/pbe_data.data.home.granepura.5-kinases.cof_tpl_mg.run_prot2.3UG2_HIS01A0870_001
ForkPoolWorker-1: Calling delphi to calculate conformer HIS01A0870_002 in /tmp/pbe_data.data.home.granepura.5-kinases.cof_tpl_mg.run_prot2.3UG2_HIS01A0870_002
ForkPoolWorker-1: Calling delphi to calculate conformer HIS02A0870_003 in /tmp/pbe_data.data.home.granepura.5-kinases.cof_tpl_mg.run_prot2.3UG2_HIS02A0870_003
ForkPoolWorker-1: Calling delphi to calculate conformer HIS02A0870_004 in /tmp/pbe_data.data.home.granepura.5-kinases.cof_tpl_mg.run_prot2.3UG2_HIS02A0870_004
ForkPoolWorker-1: Calling delphi to calculate conformer HIS+1A0870_005 in /tmp/pbe_data.data.home.granepura.5-kinases.cof_tpl_mg.run_prot2.3UG2_HIS+1A0870_005
ForkPoolWorker-1: Calling delphi to calculate conformer HIS+1A0870_006 in /tmp/pbe_data.data.home.granepura.5-kinases.cof_tpl_mg.run_prot2.3UG2_HIS+1A0870_006
Skipping PBE solver for non-charge conformer ALA01A0871_001...
ForkPoolWorker-1: Calling delphi to calculate conformer GLU01A0872_001 in /tmp/pbe_data.data.home.granepura.5-kinases.cof_tpl_mg.run_prot2.3UG2_GLU01A0872_001
ForkPoolWorker-1: Calling delphi to calculate conformer GLU01A0872_002 in /tmp/pbe_data.data.home.granepura.5-kinases.cof_tpl_mg.run_prot2.3UG2_GLU01A0872_002
ForkPoolWorker-1: Calling delphi to calculate conformer GLU02A0872_003 in /tmp/pbe_data.data.home.granepura.5-kinases.cof_tpl_mg.run_prot2.3UG2_GLU02A0872_003
ForkPoolWorker-1: Calling delphi to calculate conformer GLU02A0872_004 in /tmp/pbe_data.data.home.granepura.5-kinases.cof_tpl_mg.run_prot2.3UG2_GLU02A0872_004
ForkPoolWorker-1: Calling delphi to calculate conformer GLU-1A0872_005 in /tmp/pbe_data.data.home.granepura.5-kinases.cof_tpl_mg.run_prot2.3UG2_GLU-1A0872_005
ForkPoolWorker-1: Calling delphi to calculate conformer LYS01A0875_001 in /tmp/pbe_data.data.home.granepura.5-kinases.cof_tpl_mg.run_prot2.3UG2_LYS01A0875_001
ForkPoolWorker-1: Calling delphi to calculate conformer LYS+1A0875_002 in /tmp/pbe_data.data.home.granepura.5-kinases.cof_tpl_mg.run_prot2.3UG2_LYS+1A0875_002
Skipping PBE solver for non-charge conformer VAL01A0876_001...
Skipping PBE solver for non-charge conformer PRO01A0877_001...
Skipping PBE solver for non-charge conformer ILE01A0878_001...
ForkPoolWorker-1: Calling delphi to calculate conformer LYS01A0879_001 in /tmp/pbe_data.data.home.granepura.5-kinases.cof_tpl_mg.run_prot2.3UG2_LYS01A0879_001
ForkPoolWorker-1: Calling delphi to calculate conformer LYS+1A0879_002 in /tmp/pbe_data.data.home.granepura.5-kinases.cof_tpl_mg.run_prot2.3UG2_LYS+1A0879_002
Skipping PBE solver for non-charge conformer TRP01A0880_001...
ForkPoolWorker-1: Calling delphi to calculate conformer MET01A0881_001 in /tmp/pbe_data.data.home.granepura.5-kinases.cof_tpl_mg.run_prot2.3UG2_MET01A0881_001
Skipping PBE solver for non-charge conformer ALA01A0882_001...
Skipping PBE solver for non-charge conformer LEU01A0883_001...
ForkPoolWorker-1: Calling delphi to calculate conformer GLU01A0884_001 in /tmp/pbe_data.data.home.granepura.5-kinases.cof_tpl_mg.run_prot2.3UG2_GLU01A0884_001
ForkPoolWorker-1: Calling delphi to calculate conformer GLU01A0884_002 in /tmp/pbe_data.data.home.granepura.5-kinases.cof_tpl_mg.run_prot2.3UG2_GLU01A0884_002
ForkPoolWorker-1: Calling delphi to calculate conformer GLU02A0884_003 in /tmp/pbe_data.data.home.granepura.5-kinases.cof_tpl_mg.run_prot2.3UG2_GLU02A0884_003
ForkPoolWorker-1: Calling delphi to calculate conformer GLU02A0884_004 in /tmp/pbe_data.data.home.granepura.5-kinases.cof_tpl_mg.run_prot2.3UG2_GLU02A0884_004
ForkPoolWorker-1: Calling delphi to calculate conformer GLU-1A0884_005 in /tmp/pbe_data.data.home.granepura.5-kinases.cof_tpl_mg.run_prot2.3UG2_GLU-1A0884_005
ForkPoolWorker-1: Calling delphi to calculate conformer SER01A0885_001 in /tmp/pbe_data.data.home.granepura.5-kinases.cof_tpl_mg.run_prot2.3UG2_SER01A0885_001
ForkPoolWorker-1: Calling delphi to calculate conformer SER01A0885_002 in /tmp/pbe_data.data.home.granepura.5-kinases.cof_tpl_mg.run_prot2.3UG2_SER01A0885_002
ForkPoolWorker-1: Calling delphi to calculate conformer SER01A0885_003 in /tmp/pbe_data.data.home.granepura.5-kinases.cof_tpl_mg.run_prot2.3UG2_SER01A0885_003
Skipping PBE solver for non-charge conformer ILE01A0886_001...
Skipping PBE solver for non-charge conformer LEU01A0887_001...
ForkPoolWorker-1: Calling delphi to calculate conformer HIS01A0888_001 in /tmp/pbe_data.data.home.granepura.5-kinases.cof_tpl_mg.run_prot2.3UG2_HIS01A0888_001
ForkPoolWorker-1: Calling delphi to calculate conformer HIS01A0888_002 in /tmp/pbe_data.data.home.granepura.5-kinases.cof_tpl_mg.run_prot2.3UG2_HIS01A0888_002
ForkPoolWorker-1: Calling delphi to calculate conformer HIS02A0888_003 in /tmp/pbe_data.data.home.granepura.5-kinases.cof_tpl_mg.run_prot2.3UG2_HIS02A0888_003
ForkPoolWorker-1: Calling delphi to calculate conformer HIS02A0888_004 in /tmp/pbe_data.data.home.granepura.5-kinases.cof_tpl_mg.run_prot2.3UG2_HIS02A0888_004
ForkPoolWorker-1: Calling delphi to calculate conformer HIS+1A0888_005 in /tmp/pbe_data.data.home.granepura.5-kinases.cof_tpl_mg.run_prot2.3UG2_HIS+1A0888_005
ForkPoolWorker-1: Calling delphi to calculate conformer HIS+1A0888_006 in /tmp/pbe_data.data.home.granepura.5-kinases.cof_tpl_mg.run_prot2.3UG2_HIS+1A0888_006
ForkPoolWorker-1: Calling delphi to calculate conformer ARG01A0889_001 in /tmp/pbe_data.data.home.granepura.5-kinases.cof_tpl_mg.run_prot2.3UG2_ARG01A0889_001
ForkPoolWorker-1: Calling delphi to calculate conformer ARG02A0889_002 in /tmp/pbe_data.data.home.granepura.5-kinases.cof_tpl_mg.run_prot2.3UG2_ARG02A0889_002
ForkPoolWorker-1: Calling delphi to calculate conformer ARG03A0889_003 in /tmp/pbe_data.data.home.granepura.5-kinases.cof_tpl_mg.run_prot2.3UG2_ARG03A0889_003
ForkPoolWorker-1: Calling delphi to calculate conformer ARG+1A0889_004 in /tmp/pbe_data.data.home.granepura.5-kinases.cof_tpl_mg.run_prot2.3UG2_ARG+1A0889_004
Skipping PBE solver for non-charge conformer ILE01A0890_001...
ForkPoolWorker-1: Calling delphi to calculate conformer TYR01A0891_001 in /tmp/pbe_data.data.home.granepura.5-kinases.cof_tpl_mg.run_prot2.3UG2_TYR01A0891_001
ForkPoolWorker-1: Calling delphi to calculate conformer TYR-1A0891_002 in /tmp/pbe_data.data.home.granepura.5-kinases.cof_tpl_mg.run_prot2.3UG2_TYR-1A0891_002
ForkPoolWorker-1: Calling delphi to calculate conformer THR01A0892_001 in /tmp/pbe_data.data.home.granepura.5-kinases.cof_tpl_mg.run_prot2.3UG2_THR01A0892_001
ForkPoolWorker-1: Calling delphi to calculate conformer THR01A0892_002 in /tmp/pbe_data.data.home.granepura.5-kinases.cof_tpl_mg.run_prot2.3UG2_THR01A0892_002
ForkPoolWorker-1: Calling delphi to calculate conformer HIS01A0893_001 in /tmp/pbe_data.data.home.granepura.5-kinases.cof_tpl_mg.run_prot2.3UG2_HIS01A0893_001
ForkPoolWorker-1: Calling delphi to calculate conformer HIS01A0893_002 in /tmp/pbe_data.data.home.granepura.5-kinases.cof_tpl_mg.run_prot2.3UG2_HIS01A0893_002
ForkPoolWorker-1: Calling delphi to calculate conformer HIS02A0893_003 in /tmp/pbe_data.data.home.granepura.5-kinases.cof_tpl_mg.run_prot2.3UG2_HIS02A0893_003
ForkPoolWorker-1: Calling delphi to calculate conformer HIS02A0893_004 in /tmp/pbe_data.data.home.granepura.5-kinases.cof_tpl_mg.run_prot2.3UG2_HIS02A0893_004
ForkPoolWorker-1: Calling delphi to calculate conformer HIS+1A0893_005 in /tmp/pbe_data.data.home.granepura.5-kinases.cof_tpl_mg.run_prot2.3UG2_HIS+1A0893_005
ForkPoolWorker-1: Calling delphi to calculate conformer HIS+1A0893_006 in /tmp/pbe_data.data.home.granepura.5-kinases.cof_tpl_mg.run_prot2.3UG2_HIS+1A0893_006
ForkPoolWorker-1: Calling delphi to calculate conformer GLN01A0894_001 in /tmp/pbe_data.data.home.granepura.5-kinases.cof_tpl_mg.run_prot2.3UG2_GLN01A0894_001
ForkPoolWorker-1: Calling delphi to calculate conformer GLN01A0894_002 in /tmp/pbe_data.data.home.granepura.5-kinases.cof_tpl_mg.run_prot2.3UG2_GLN01A0894_002
ForkPoolWorker-1: Calling delphi to calculate conformer SER01A0895_001 in /tmp/pbe_data.data.home.granepura.5-kinases.cof_tpl_mg.run_prot2.3UG2_SER01A0895_001
ForkPoolWorker-1: Calling delphi to calculate conformer SER01A0895_002 in /tmp/pbe_data.data.home.granepura.5-kinases.cof_tpl_mg.run_prot2.3UG2_SER01A0895_002
ForkPoolWorker-1: Calling delphi to calculate conformer ASP01A0896_001 in /tmp/pbe_data.data.home.granepura.5-kinases.cof_tpl_mg.run_prot2.3UG2_ASP01A0896_001
ForkPoolWorker-1: Calling delphi to calculate conformer ASP01A0896_002 in /tmp/pbe_data.data.home.granepura.5-kinases.cof_tpl_mg.run_prot2.3UG2_ASP01A0896_002
ForkPoolWorker-1: Calling delphi to calculate conformer ASP02A0896_003 in /tmp/pbe_data.data.home.granepura.5-kinases.cof_tpl_mg.run_prot2.3UG2_ASP02A0896_003
ForkPoolWorker-1: Calling delphi to calculate conformer ASP02A0896_004 in /tmp/pbe_data.data.home.granepura.5-kinases.cof_tpl_mg.run_prot2.3UG2_ASP02A0896_004
ForkPoolWorker-1: Calling delphi to calculate conformer ASP-1A0896_005 in /tmp/pbe_data.data.home.granepura.5-kinases.cof_tpl_mg.run_prot2.3UG2_ASP-1A0896_005
Skipping PBE solver for non-charge conformer VAL01A0897_001...
Skipping PBE solver for non-charge conformer TRP01A0898_001...
ForkPoolWorker-1: Calling delphi to calculate conformer SER01A0899_001 in /tmp/pbe_data.data.home.granepura.5-kinases.cof_tpl_mg.run_prot2.3UG2_SER01A0899_001
ForkPoolWorker-1: Calling delphi to calculate conformer SER01A0899_002 in /tmp/pbe_data.data.home.granepura.5-kinases.cof_tpl_mg.run_prot2.3UG2_SER01A0899_002
ForkPoolWorker-1: Calling delphi to calculate conformer TYR01A0900_001 in /tmp/pbe_data.data.home.granepura.5-kinases.cof_tpl_mg.run_prot2.3UG2_TYR01A0900_001
ForkPoolWorker-1: Calling delphi to calculate conformer TYR01A0900_002 in /tmp/pbe_data.data.home.granepura.5-kinases.cof_tpl_mg.run_prot2.3UG2_TYR01A0900_002
ForkPoolWorker-1: Calling delphi to calculate conformer TYR-1A0900_003 in /tmp/pbe_data.data.home.granepura.5-kinases.cof_tpl_mg.run_prot2.3UG2_TYR-1A0900_003
Skipping PBE solver for non-charge conformer VAL01A0902_001...
ForkPoolWorker-1: Calling delphi to calculate conformer THR01A0903_001 in /tmp/pbe_data.data.home.granepura.5-kinases.cof_tpl_mg.run_prot2.3UG2_THR01A0903_001
ForkPoolWorker-1: Calling delphi to calculate conformer THR01A0903_002 in /tmp/pbe_data.data.home.granepura.5-kinases.cof_tpl_mg.run_prot2.3UG2_THR01A0903_002
ForkPoolWorker-1: Calling delphi to calculate conformer THR01A0903_003 in /tmp/pbe_data.data.home.granepura.5-kinases.cof_tpl_mg.run_prot2.3UG2_THR01A0903_003
Skipping PBE solver for non-charge conformer VAL01A0904_001...
Skipping PBE solver for non-charge conformer TRP01A0905_001...
ForkPoolWorker-1: Calling delphi to calculate conformer GLU01A0906_001 in /tmp/pbe_data.data.home.granepura.5-kinases.cof_tpl_mg.run_prot2.3UG2_GLU01A0906_001
ForkPoolWorker-1: Calling delphi to calculate conformer GLU01A0906_002 in /tmp/pbe_data.data.home.granepura.5-kinases.cof_tpl_mg.run_prot2.3UG2_GLU01A0906_002
ForkPoolWorker-1: Calling delphi to calculate conformer GLU02A0906_003 in /tmp/pbe_data.data.home.granepura.5-kinases.cof_tpl_mg.run_prot2.3UG2_GLU02A0906_003
ForkPoolWorker-1: Calling delphi to calculate conformer GLU02A0906_004 in /tmp/pbe_data.data.home.granepura.5-kinases.cof_tpl_mg.run_prot2.3UG2_GLU02A0906_004
ForkPoolWorker-1: Calling delphi to calculate conformer GLU-1A0906_005 in /tmp/pbe_data.data.home.granepura.5-kinases.cof_tpl_mg.run_prot2.3UG2_GLU-1A0906_005
Skipping PBE solver for non-charge conformer LEU01A0907_001...
ForkPoolWorker-1: Calling delphi to calculate conformer MET01A0908_001 in /tmp/pbe_data.data.home.granepura.5-kinases.cof_tpl_mg.run_prot2.3UG2_MET01A0908_001
ForkPoolWorker-1: Calling delphi to calculate conformer THR01A0909_001 in /tmp/pbe_data.data.home.granepura.5-kinases.cof_tpl_mg.run_prot2.3UG2_THR01A0909_001
ForkPoolWorker-1: Calling delphi to calculate conformer THR01A0909_002 in /tmp/pbe_data.data.home.granepura.5-kinases.cof_tpl_mg.run_prot2.3UG2_THR01A0909_002
Skipping PBE solver for non-charge conformer PHE01A0910_001...
ForkPoolWorker-1: Calling delphi to calculate conformer SER01A0912_001 in /tmp/pbe_data.data.home.granepura.5-kinases.cof_tpl_mg.run_prot2.3UG2_SER01A0912_001
ForkPoolWorker-1: Calling delphi to calculate conformer SER01A0912_002 in /tmp/pbe_data.data.home.granepura.5-kinases.cof_tpl_mg.run_prot2.3UG2_SER01A0912_002
ForkPoolWorker-1: Calling delphi to calculate conformer SER01A0912_003 in /tmp/pbe_data.data.home.granepura.5-kinases.cof_tpl_mg.run_prot2.3UG2_SER01A0912_003
ForkPoolWorker-1: Calling delphi to calculate conformer LYS01A0913_001 in /tmp/pbe_data.data.home.granepura.5-kinases.cof_tpl_mg.run_prot2.3UG2_LYS01A0913_001
ForkPoolWorker-1: Calling delphi to calculate conformer LYS+1A0913_002 in /tmp/pbe_data.data.home.granepura.5-kinases.cof_tpl_mg.run_prot2.3UG2_LYS+1A0913_002
Skipping PBE solver for non-charge conformer PRO01A0914_001...
ForkPoolWorker-1: Calling delphi to calculate conformer TYR01A0915_001 in /tmp/pbe_data.data.home.granepura.5-kinases.cof_tpl_mg.run_prot2.3UG2_TYR01A0915_001
ForkPoolWorker-1: Calling delphi to calculate conformer TYR-1A0915_002 in /tmp/pbe_data.data.home.granepura.5-kinases.cof_tpl_mg.run_prot2.3UG2_TYR-1A0915_002
ForkPoolWorker-1: Calling delphi to calculate conformer ASP01A0916_001 in /tmp/pbe_data.data.home.granepura.5-kinases.cof_tpl_mg.run_prot2.3UG2_ASP01A0916_001
ForkPoolWorker-1: Calling delphi to calculate conformer ASP01A0916_002 in /tmp/pbe_data.data.home.granepura.5-kinases.cof_tpl_mg.run_prot2.3UG2_ASP01A0916_002
ForkPoolWorker-1: Calling delphi to calculate conformer ASP02A0916_003 in /tmp/pbe_data.data.home.granepura.5-kinases.cof_tpl_mg.run_prot2.3UG2_ASP02A0916_003
ForkPoolWorker-1: Calling delphi to calculate conformer ASP02A0916_004 in /tmp/pbe_data.data.home.granepura.5-kinases.cof_tpl_mg.run_prot2.3UG2_ASP02A0916_004
ForkPoolWorker-1: Calling delphi to calculate conformer ASP-1A0916_005 in /tmp/pbe_data.data.home.granepura.5-kinases.cof_tpl_mg.run_prot2.3UG2_ASP-1A0916_005
Skipping PBE solver for non-charge conformer ILE01A0918_001...
Skipping PBE solver for non-charge conformer PRO01A0919_001...
Skipping PBE solver for non-charge conformer ALA01A0920_001...
ForkPoolWorker-1: Calling delphi to calculate conformer SER01A0921_001 in /tmp/pbe_data.data.home.granepura.5-kinases.cof_tpl_mg.run_prot2.3UG2_SER01A0921_001
ForkPoolWorker-1: Calling delphi to calculate conformer GLU01A0922_001 in /tmp/pbe_data.data.home.granepura.5-kinases.cof_tpl_mg.run_prot2.3UG2_GLU01A0922_001
ForkPoolWorker-1: Calling delphi to calculate conformer GLU01A0922_002 in /tmp/pbe_data.data.home.granepura.5-kinases.cof_tpl_mg.run_prot2.3UG2_GLU01A0922_002
ForkPoolWorker-1: Calling delphi to calculate conformer GLU02A0922_003 in /tmp/pbe_data.data.home.granepura.5-kinases.cof_tpl_mg.run_prot2.3UG2_GLU02A0922_003
ForkPoolWorker-1: Calling delphi to calculate conformer GLU02A0922_004 in /tmp/pbe_data.data.home.granepura.5-kinases.cof_tpl_mg.run_prot2.3UG2_GLU02A0922_004
ForkPoolWorker-1: Calling delphi to calculate conformer GLU-1A0922_005 in /tmp/pbe_data.data.home.granepura.5-kinases.cof_tpl_mg.run_prot2.3UG2_GLU-1A0922_005
Skipping PBE solver for non-charge conformer ILE01A0923_001...
ForkPoolWorker-1: Calling delphi to calculate conformer SER01A0924_001 in /tmp/pbe_data.data.home.granepura.5-kinases.cof_tpl_mg.run_prot2.3UG2_SER01A0924_001
ForkPoolWorker-1: Calling delphi to calculate conformer SER01A0924_002 in /tmp/pbe_data.data.home.granepura.5-kinases.cof_tpl_mg.run_prot2.3UG2_SER01A0924_002
ForkPoolWorker-1: Calling delphi to calculate conformer SER01A0925_001 in /tmp/pbe_data.data.home.granepura.5-kinases.cof_tpl_mg.run_prot2.3UG2_SER01A0925_001
ForkPoolWorker-1: Calling delphi to calculate conformer SER01A0925_002 in /tmp/pbe_data.data.home.granepura.5-kinases.cof_tpl_mg.run_prot2.3UG2_SER01A0925_002
Skipping PBE solver for non-charge conformer ILE01A0926_001...
Skipping PBE solver for non-charge conformer LEU01A0927_001...
ForkPoolWorker-1: Calling delphi to calculate conformer GLU01A0928_001 in /tmp/pbe_data.data.home.granepura.5-kinases.cof_tpl_mg.run_prot2.3UG2_GLU01A0928_001
ForkPoolWorker-1: Calling delphi to calculate conformer GLU01A0928_002 in /tmp/pbe_data.data.home.granepura.5-kinases.cof_tpl_mg.run_prot2.3UG2_GLU01A0928_002
ForkPoolWorker-1: Calling delphi to calculate conformer GLU02A0928_003 in /tmp/pbe_data.data.home.granepura.5-kinases.cof_tpl_mg.run_prot2.3UG2_GLU02A0928_003
ForkPoolWorker-1: Calling delphi to calculate conformer GLU02A0928_004 in /tmp/pbe_data.data.home.granepura.5-kinases.cof_tpl_mg.run_prot2.3UG2_GLU02A0928_004
ForkPoolWorker-1: Calling delphi to calculate conformer GLU-1A0928_005 in /tmp/pbe_data.data.home.granepura.5-kinases.cof_tpl_mg.run_prot2.3UG2_GLU-1A0928_005
ForkPoolWorker-1: Calling delphi to calculate conformer LYS01A0929_001 in /tmp/pbe_data.data.home.granepura.5-kinases.cof_tpl_mg.run_prot2.3UG2_LYS01A0929_001
ForkPoolWorker-1: Calling delphi to calculate conformer LYS+1A0929_002 in /tmp/pbe_data.data.home.granepura.5-kinases.cof_tpl_mg.run_prot2.3UG2_LYS+1A0929_002
ForkPoolWorker-1: Calling delphi to calculate conformer GLU01A0931_001 in /tmp/pbe_data.data.home.granepura.5-kinases.cof_tpl_mg.run_prot2.3UG2_GLU01A0931_001
ForkPoolWorker-1: Calling delphi to calculate conformer GLU01A0931_002 in /tmp/pbe_data.data.home.granepura.5-kinases.cof_tpl_mg.run_prot2.3UG2_GLU01A0931_002
ForkPoolWorker-1: Calling delphi to calculate conformer GLU02A0931_003 in /tmp/pbe_data.data.home.granepura.5-kinases.cof_tpl_mg.run_prot2.3UG2_GLU02A0931_003
ForkPoolWorker-1: Calling delphi to calculate conformer GLU02A0931_004 in /tmp/pbe_data.data.home.granepura.5-kinases.cof_tpl_mg.run_prot2.3UG2_GLU02A0931_004
ForkPoolWorker-1: Calling delphi to calculate conformer GLU-1A0931_005 in /tmp/pbe_data.data.home.granepura.5-kinases.cof_tpl_mg.run_prot2.3UG2_GLU-1A0931_005
ForkPoolWorker-1: Calling delphi to calculate conformer ARG01A0932_001 in /tmp/pbe_data.data.home.granepura.5-kinases.cof_tpl_mg.run_prot2.3UG2_ARG01A0932_001
ForkPoolWorker-1: Calling delphi to calculate conformer ARG02A0932_002 in /tmp/pbe_data.data.home.granepura.5-kinases.cof_tpl_mg.run_prot2.3UG2_ARG02A0932_002
ForkPoolWorker-1: Calling delphi to calculate conformer ARG02A0932_003 in /tmp/pbe_data.data.home.granepura.5-kinases.cof_tpl_mg.run_prot2.3UG2_ARG02A0932_003
ForkPoolWorker-1: Calling delphi to calculate conformer ARG03A0932_004 in /tmp/pbe_data.data.home.granepura.5-kinases.cof_tpl_mg.run_prot2.3UG2_ARG03A0932_004
ForkPoolWorker-1: Calling delphi to calculate conformer ARG03A0932_005 in /tmp/pbe_data.data.home.granepura.5-kinases.cof_tpl_mg.run_prot2.3UG2_ARG03A0932_005
ForkPoolWorker-1: Calling delphi to calculate conformer ARG+1A0932_006 in /tmp/pbe_data.data.home.granepura.5-kinases.cof_tpl_mg.run_prot2.3UG2_ARG+1A0932_006
Skipping PBE solver for non-charge conformer LEU01A0933_001...
Skipping PBE solver for non-charge conformer PRO01A0934_001...
ForkPoolWorker-1: Calling delphi to calculate conformer GLN01A0935_001 in /tmp/pbe_data.data.home.granepura.5-kinases.cof_tpl_mg.run_prot2.3UG2_GLN01A0935_001
ForkPoolWorker-1: Calling delphi to calculate conformer GLN01A0935_002 in /tmp/pbe_data.data.home.granepura.5-kinases.cof_tpl_mg.run_prot2.3UG2_GLN01A0935_002
Skipping PBE solver for non-charge conformer PRO01A0936_001...
Skipping PBE solver for non-charge conformer PRO01A0937_001...
Skipping PBE solver for non-charge conformer ILE01A0938_001...
ForkPoolWorker-1: Calling delphi to calculate conformer CYS01A0939_001 in /tmp/pbe_data.data.home.granepura.5-kinases.cof_tpl_mg.run_prot2.3UG2_CYS01A0939_001
ForkPoolWorker-1: Calling delphi to calculate conformer CYS01A0939_002 in /tmp/pbe_data.data.home.granepura.5-kinases.cof_tpl_mg.run_prot2.3UG2_CYS01A0939_002
ForkPoolWorker-1: Calling delphi to calculate conformer CYS01A0939_003 in /tmp/pbe_data.data.home.granepura.5-kinases.cof_tpl_mg.run_prot2.3UG2_CYS01A0939_003
ForkPoolWorker-1: Calling delphi to calculate conformer CYS-1A0939_004 in /tmp/pbe_data.data.home.granepura.5-kinases.cof_tpl_mg.run_prot2.3UG2_CYS-1A0939_004
ForkPoolWorker-1: Calling delphi to calculate conformer THR01A0940_001 in /tmp/pbe_data.data.home.granepura.5-kinases.cof_tpl_mg.run_prot2.3UG2_THR01A0940_001
ForkPoolWorker-1: Calling delphi to calculate conformer THR01A0940_002 in /tmp/pbe_data.data.home.granepura.5-kinases.cof_tpl_mg.run_prot2.3UG2_THR01A0940_002
Skipping PBE solver for non-charge conformer ILE01A0941_001...
ForkPoolWorker-1: Calling delphi to calculate conformer ASP01A0942_001 in /tmp/pbe_data.data.home.granepura.5-kinases.cof_tpl_mg.run_prot2.3UG2_ASP01A0942_001
ForkPoolWorker-1: Calling delphi to calculate conformer ASP01A0942_002 in /tmp/pbe_data.data.home.granepura.5-kinases.cof_tpl_mg.run_prot2.3UG2_ASP01A0942_002
ForkPoolWorker-1: Calling delphi to calculate conformer ASP02A0942_003 in /tmp/pbe_data.data.home.granepura.5-kinases.cof_tpl_mg.run_prot2.3UG2_ASP02A0942_003
ForkPoolWorker-1: Calling delphi to calculate conformer ASP02A0942_004 in /tmp/pbe_data.data.home.granepura.5-kinases.cof_tpl_mg.run_prot2.3UG2_ASP02A0942_004
ForkPoolWorker-1: Calling delphi to calculate conformer ASP-1A0942_005 in /tmp/pbe_data.data.home.granepura.5-kinases.cof_tpl_mg.run_prot2.3UG2_ASP-1A0942_005
Skipping PBE solver for non-charge conformer VAL01A0943_001...
ForkPoolWorker-1: Calling delphi to calculate conformer TYR01A0944_001 in /tmp/pbe_data.data.home.granepura.5-kinases.cof_tpl_mg.run_prot2.3UG2_TYR01A0944_001
ForkPoolWorker-1: Calling delphi to calculate conformer TYR01A0944_002 in /tmp/pbe_data.data.home.granepura.5-kinases.cof_tpl_mg.run_prot2.3UG2_TYR01A0944_002
ForkPoolWorker-1: Calling delphi to calculate conformer TYR-1A0944_003 in /tmp/pbe_data.data.home.granepura.5-kinases.cof_tpl_mg.run_prot2.3UG2_TYR-1A0944_003
ForkPoolWorker-1: Calling delphi to calculate conformer MET01A0945_001 in /tmp/pbe_data.data.home.granepura.5-kinases.cof_tpl_mg.run_prot2.3UG2_MET01A0945_001
Skipping PBE solver for non-charge conformer ILE01A0946_001...
ForkPoolWorker-1: Calling delphi to calculate conformer MET01A0947_001 in /tmp/pbe_data.data.home.granepura.5-kinases.cof_tpl_mg.run_prot2.3UG2_MET01A0947_001
Skipping PBE solver for non-charge conformer VAL01A0948_001...
ForkPoolWorker-1: Calling delphi to calculate conformer LYS01A0949_001 in /tmp/pbe_data.data.home.granepura.5-kinases.cof_tpl_mg.run_prot2.3UG2_LYS01A0949_001
ForkPoolWorker-1: Calling delphi to calculate conformer LYS+1A0949_002 in /tmp/pbe_data.data.home.granepura.5-kinases.cof_tpl_mg.run_prot2.3UG2_LYS+1A0949_002
ForkPoolWorker-1: Calling delphi to calculate conformer CYS01A0950_001 in /tmp/pbe_data.data.home.granepura.5-kinases.cof_tpl_mg.run_prot2.3UG2_CYS01A0950_001
ForkPoolWorker-1: Calling delphi to calculate conformer CYS01A0950_002 in /tmp/pbe_data.data.home.granepura.5-kinases.cof_tpl_mg.run_prot2.3UG2_CYS01A0950_002
ForkPoolWorker-1: Calling delphi to calculate conformer CYS01A0950_003 in /tmp/pbe_data.data.home.granepura.5-kinases.cof_tpl_mg.run_prot2.3UG2_CYS01A0950_003
ForkPoolWorker-1: Calling delphi to calculate conformer CYS-1A0950_004 in /tmp/pbe_data.data.home.granepura.5-kinases.cof_tpl_mg.run_prot2.3UG2_CYS-1A0950_004
Skipping PBE solver for non-charge conformer TRP01A0951_001...
ForkPoolWorker-1: Calling delphi to calculate conformer MET01A0952_001 in /tmp/pbe_data.data.home.granepura.5-kinases.cof_tpl_mg.run_prot2.3UG2_MET01A0952_001
Skipping PBE solver for non-charge conformer ILE01A0953_001...
ForkPoolWorker-1: Calling delphi to calculate conformer ASP01A0954_001 in /tmp/pbe_data.data.home.granepura.5-kinases.cof_tpl_mg.run_prot2.3UG2_ASP01A0954_001
ForkPoolWorker-1: Calling delphi to calculate conformer ASP01A0954_002 in /tmp/pbe_data.data.home.granepura.5-kinases.cof_tpl_mg.run_prot2.3UG2_ASP01A0954_002
ForkPoolWorker-1: Calling delphi to calculate conformer ASP01A0954_003 in /tmp/pbe_data.data.home.granepura.5-kinases.cof_tpl_mg.run_prot2.3UG2_ASP01A0954_003
ForkPoolWorker-1: Calling delphi to calculate conformer ASP01A0954_004 in /tmp/pbe_data.data.home.granepura.5-kinases.cof_tpl_mg.run_prot2.3UG2_ASP01A0954_004
ForkPoolWorker-1: Calling delphi to calculate conformer ASP02A0954_005 in /tmp/pbe_data.data.home.granepura.5-kinases.cof_tpl_mg.run_prot2.3UG2_ASP02A0954_005
ForkPoolWorker-1: Calling delphi to calculate conformer ASP02A0954_006 in /tmp/pbe_data.data.home.granepura.5-kinases.cof_tpl_mg.run_prot2.3UG2_ASP02A0954_006
ForkPoolWorker-1: Calling delphi to calculate conformer ASP02A0954_007 in /tmp/pbe_data.data.home.granepura.5-kinases.cof_tpl_mg.run_prot2.3UG2_ASP02A0954_007
ForkPoolWorker-1: Calling delphi to calculate conformer ASP02A0954_008 in /tmp/pbe_data.data.home.granepura.5-kinases.cof_tpl_mg.run_prot2.3UG2_ASP02A0954_008
ForkPoolWorker-1: Calling delphi to calculate conformer ASP-1A0954_009 in /tmp/pbe_data.data.home.granepura.5-kinases.cof_tpl_mg.run_prot2.3UG2_ASP-1A0954_009
ForkPoolWorker-1: Calling delphi to calculate conformer ASP-1A0954_010 in /tmp/pbe_data.data.home.granepura.5-kinases.cof_tpl_mg.run_prot2.3UG2_ASP-1A0954_010
Skipping PBE solver for non-charge conformer ALA01A0955_001...
ForkPoolWorker-1: Calling delphi to calculate conformer ASP01A0956_001 in /tmp/pbe_data.data.home.granepura.5-kinases.cof_tpl_mg.run_prot2.3UG2_ASP01A0956_001
ForkPoolWorker-1: Calling delphi to calculate conformer ASP01A0956_002 in /tmp/pbe_data.data.home.granepura.5-kinases.cof_tpl_mg.run_prot2.3UG2_ASP01A0956_002
ForkPoolWorker-1: Calling delphi to calculate conformer ASP02A0956_003 in /tmp/pbe_data.data.home.granepura.5-kinases.cof_tpl_mg.run_prot2.3UG2_ASP02A0956_003
ForkPoolWorker-1: Calling delphi to calculate conformer ASP02A0956_004 in /tmp/pbe_data.data.home.granepura.5-kinases.cof_tpl_mg.run_prot2.3UG2_ASP02A0956_004
ForkPoolWorker-1: Calling delphi to calculate conformer ASP-1A0956_005 in /tmp/pbe_data.data.home.granepura.5-kinases.cof_tpl_mg.run_prot2.3UG2_ASP-1A0956_005
ForkPoolWorker-1: Calling delphi to calculate conformer SER01A0957_001 in /tmp/pbe_data.data.home.granepura.5-kinases.cof_tpl_mg.run_prot2.3UG2_SER01A0957_001
ForkPoolWorker-1: Calling delphi to calculate conformer SER01A0957_002 in /tmp/pbe_data.data.home.granepura.5-kinases.cof_tpl_mg.run_prot2.3UG2_SER01A0957_002
ForkPoolWorker-1: Calling delphi to calculate conformer SER01A0957_003 in /tmp/pbe_data.data.home.granepura.5-kinases.cof_tpl_mg.run_prot2.3UG2_SER01A0957_003
ForkPoolWorker-1: Calling delphi to calculate conformer SER01A0957_004 in /tmp/pbe_data.data.home.granepura.5-kinases.cof_tpl_mg.run_prot2.3UG2_SER01A0957_004
ForkPoolWorker-1: Calling delphi to calculate conformer SER01A0957_005 in /tmp/pbe_data.data.home.granepura.5-kinases.cof_tpl_mg.run_prot2.3UG2_SER01A0957_005
ForkPoolWorker-1: Calling delphi to calculate conformer SER01A0957_006 in /tmp/pbe_data.data.home.granepura.5-kinases.cof_tpl_mg.run_prot2.3UG2_SER01A0957_006
ForkPoolWorker-1: Calling delphi to calculate conformer ARG01A0958_001 in /tmp/pbe_data.data.home.granepura.5-kinases.cof_tpl_mg.run_prot2.3UG2_ARG01A0958_001
ForkPoolWorker-1: Calling delphi to calculate conformer ARG02A0958_002 in /tmp/pbe_data.data.home.granepura.5-kinases.cof_tpl_mg.run_prot2.3UG2_ARG02A0958_002
ForkPoolWorker-1: Calling delphi to calculate conformer ARG02A0958_003 in /tmp/pbe_data.data.home.granepura.5-kinases.cof_tpl_mg.run_prot2.3UG2_ARG02A0958_003
ForkPoolWorker-1: Calling delphi to calculate conformer ARG03A0958_004 in /tmp/pbe_data.data.home.granepura.5-kinases.cof_tpl_mg.run_prot2.3UG2_ARG03A0958_004
ForkPoolWorker-1: Calling delphi to calculate conformer ARG03A0958_005 in /tmp/pbe_data.data.home.granepura.5-kinases.cof_tpl_mg.run_prot2.3UG2_ARG03A0958_005
ForkPoolWorker-1: Calling delphi to calculate conformer ARG+1A0958_006 in /tmp/pbe_data.data.home.granepura.5-kinases.cof_tpl_mg.run_prot2.3UG2_ARG+1A0958_006
Skipping PBE solver for non-charge conformer PRO01A0959_001...
ForkPoolWorker-1: Calling delphi to calculate conformer LYS01A0960_001 in /tmp/pbe_data.data.home.granepura.5-kinases.cof_tpl_mg.run_prot2.3UG2_LYS01A0960_001
ForkPoolWorker-1: Calling delphi to calculate conformer LYS+1A0960_002 in /tmp/pbe_data.data.home.granepura.5-kinases.cof_tpl_mg.run_prot2.3UG2_LYS+1A0960_002
Skipping PBE solver for non-charge conformer PHE01A0961_001...
ForkPoolWorker-1: Calling delphi to calculate conformer ARG01A0962_001 in /tmp/pbe_data.data.home.granepura.5-kinases.cof_tpl_mg.run_prot2.3UG2_ARG01A0962_001
ForkPoolWorker-1: Calling delphi to calculate conformer ARG02A0962_002 in /tmp/pbe_data.data.home.granepura.5-kinases.cof_tpl_mg.run_prot2.3UG2_ARG02A0962_002
ForkPoolWorker-1: Calling delphi to calculate conformer ARG03A0962_003 in /tmp/pbe_data.data.home.granepura.5-kinases.cof_tpl_mg.run_prot2.3UG2_ARG03A0962_003
ForkPoolWorker-1: Calling delphi to calculate conformer ARG+1A0962_004 in /tmp/pbe_data.data.home.granepura.5-kinases.cof_tpl_mg.run_prot2.3UG2_ARG+1A0962_004
ForkPoolWorker-1: Calling delphi to calculate conformer GLU01A0963_001 in /tmp/pbe_data.data.home.granepura.5-kinases.cof_tpl_mg.run_prot2.3UG2_GLU01A0963_001
ForkPoolWorker-1: Calling delphi to calculate conformer GLU01A0963_002 in /tmp/pbe_data.data.home.granepura.5-kinases.cof_tpl_mg.run_prot2.3UG2_GLU01A0963_002
ForkPoolWorker-1: Calling delphi to calculate conformer GLU02A0963_003 in /tmp/pbe_data.data.home.granepura.5-kinases.cof_tpl_mg.run_prot2.3UG2_GLU02A0963_003
ForkPoolWorker-1: Calling delphi to calculate conformer GLU02A0963_004 in /tmp/pbe_data.data.home.granepura.5-kinases.cof_tpl_mg.run_prot2.3UG2_GLU02A0963_004
ForkPoolWorker-1: Calling delphi to calculate conformer GLU-1A0963_005 in /tmp/pbe_data.data.home.granepura.5-kinases.cof_tpl_mg.run_prot2.3UG2_GLU-1A0963_005
Skipping PBE solver for non-charge conformer LEU01A0964_001...
Skipping PBE solver for non-charge conformer ILE01A0965_001...
Skipping PBE solver for non-charge conformer ILE01A0966_001...
ForkPoolWorker-1: Calling delphi to calculate conformer GLU01A0967_001 in /tmp/pbe_data.data.home.granepura.5-kinases.cof_tpl_mg.run_prot2.3UG2_GLU01A0967_001
ForkPoolWorker-1: Calling delphi to calculate conformer GLU01A0967_002 in /tmp/pbe_data.data.home.granepura.5-kinases.cof_tpl_mg.run_prot2.3UG2_GLU01A0967_002
ForkPoolWorker-1: Calling delphi to calculate conformer GLU02A0967_003 in /tmp/pbe_data.data.home.granepura.5-kinases.cof_tpl_mg.run_prot2.3UG2_GLU02A0967_003
ForkPoolWorker-1: Calling delphi to calculate conformer GLU02A0967_004 in /tmp/pbe_data.data.home.granepura.5-kinases.cof_tpl_mg.run_prot2.3UG2_GLU02A0967_004
ForkPoolWorker-1: Calling delphi to calculate conformer GLU-1A0967_005 in /tmp/pbe_data.data.home.granepura.5-kinases.cof_tpl_mg.run_prot2.3UG2_GLU-1A0967_005
Skipping PBE solver for non-charge conformer PHE01A0968_001...
ForkPoolWorker-1: Calling delphi to calculate conformer SER01A0969_001 in /tmp/pbe_data.data.home.granepura.5-kinases.cof_tpl_mg.run_prot2.3UG2_SER01A0969_001
ForkPoolWorker-1: Calling delphi to calculate conformer SER01A0969_002 in /tmp/pbe_data.data.home.granepura.5-kinases.cof_tpl_mg.run_prot2.3UG2_SER01A0969_002
ForkPoolWorker-1: Calling delphi to calculate conformer LYS01A0970_001 in /tmp/pbe_data.data.home.granepura.5-kinases.cof_tpl_mg.run_prot2.3UG2_LYS01A0970_001
ForkPoolWorker-1: Calling delphi to calculate conformer LYS+1A0970_002 in /tmp/pbe_data.data.home.granepura.5-kinases.cof_tpl_mg.run_prot2.3UG2_LYS+1A0970_002
ForkPoolWorker-1: Calling delphi to calculate conformer MET01A0971_001 in /tmp/pbe_data.data.home.granepura.5-kinases.cof_tpl_mg.run_prot2.3UG2_MET01A0971_001
Skipping PBE solver for non-charge conformer ALA01A0972_001...
ForkPoolWorker-1: Calling delphi to calculate conformer ARG01A0973_001 in /tmp/pbe_data.data.home.granepura.5-kinases.cof_tpl_mg.run_prot2.3UG2_ARG01A0973_001
ForkPoolWorker-1: Calling delphi to calculate conformer ARG02A0973_002 in /tmp/pbe_data.data.home.granepura.5-kinases.cof_tpl_mg.run_prot2.3UG2_ARG02A0973_002
ForkPoolWorker-1: Calling delphi to calculate conformer ARG03A0973_003 in /tmp/pbe_data.data.home.granepura.5-kinases.cof_tpl_mg.run_prot2.3UG2_ARG03A0973_003
ForkPoolWorker-1: Calling delphi to calculate conformer ARG+1A0973_004 in /tmp/pbe_data.data.home.granepura.5-kinases.cof_tpl_mg.run_prot2.3UG2_ARG+1A0973_004
ForkPoolWorker-1: Calling delphi to calculate conformer ASP01A0974_001 in /tmp/pbe_data.data.home.granepura.5-kinases.cof_tpl_mg.run_prot2.3UG2_ASP01A0974_001
ForkPoolWorker-1: Calling delphi to calculate conformer ASP01A0974_002 in /tmp/pbe_data.data.home.granepura.5-kinases.cof_tpl_mg.run_prot2.3UG2_ASP01A0974_002
ForkPoolWorker-1: Calling delphi to calculate conformer ASP02A0974_003 in /tmp/pbe_data.data.home.granepura.5-kinases.cof_tpl_mg.run_prot2.3UG2_ASP02A0974_003
ForkPoolWorker-1: Calling delphi to calculate conformer ASP02A0974_004 in /tmp/pbe_data.data.home.granepura.5-kinases.cof_tpl_mg.run_prot2.3UG2_ASP02A0974_004
ForkPoolWorker-1: Calling delphi to calculate conformer ASP-1A0974_005 in /tmp/pbe_data.data.home.granepura.5-kinases.cof_tpl_mg.run_prot2.3UG2_ASP-1A0974_005
Skipping PBE solver for non-charge conformer PRO01A0975_001...
ForkPoolWorker-1: Calling delphi to calculate conformer GLN01A0976_001 in /tmp/pbe_data.data.home.granepura.5-kinases.cof_tpl_mg.run_prot2.3UG2_GLN01A0976_001
ForkPoolWorker-1: Calling delphi to calculate conformer GLN01A0976_002 in /tmp/pbe_data.data.home.granepura.5-kinases.cof_tpl_mg.run_prot2.3UG2_GLN01A0976_002
ForkPoolWorker-1: Calling delphi to calculate conformer ARG01A0977_001 in /tmp/pbe_data.data.home.granepura.5-kinases.cof_tpl_mg.run_prot2.3UG2_ARG01A0977_001
ForkPoolWorker-1: Calling delphi to calculate conformer ARG02A0977_002 in /tmp/pbe_data.data.home.granepura.5-kinases.cof_tpl_mg.run_prot2.3UG2_ARG02A0977_002
ForkPoolWorker-1: Calling delphi to calculate conformer ARG03A0977_003 in /tmp/pbe_data.data.home.granepura.5-kinases.cof_tpl_mg.run_prot2.3UG2_ARG03A0977_003
ForkPoolWorker-1: Calling delphi to calculate conformer ARG+1A0977_004 in /tmp/pbe_data.data.home.granepura.5-kinases.cof_tpl_mg.run_prot2.3UG2_ARG+1A0977_004
ForkPoolWorker-1: Calling delphi to calculate conformer TYR01A0978_001 in /tmp/pbe_data.data.home.granepura.5-kinases.cof_tpl_mg.run_prot2.3UG2_TYR01A0978_001
ForkPoolWorker-1: Calling delphi to calculate conformer TYR-1A0978_002 in /tmp/pbe_data.data.home.granepura.5-kinases.cof_tpl_mg.run_prot2.3UG2_TYR-1A0978_002
Skipping PBE solver for non-charge conformer LEU01A0979_001...
Skipping PBE solver for non-charge conformer VAL01A0980_001...
Skipping PBE solver for non-charge conformer ILE01A0981_001...
ForkPoolWorker-1: Calling delphi to calculate conformer GLN01A0982_001 in /tmp/pbe_data.data.home.granepura.5-kinases.cof_tpl_mg.run_prot2.3UG2_GLN01A0982_001
ForkPoolWorker-1: Calling delphi to calculate conformer ASP01A0984_001 in /tmp/pbe_data.data.home.granepura.5-kinases.cof_tpl_mg.run_prot2.3UG2_ASP01A0984_001
ForkPoolWorker-1: Calling delphi to calculate conformer ASP01A0984_002 in /tmp/pbe_data.data.home.granepura.5-kinases.cof_tpl_mg.run_prot2.3UG2_ASP01A0984_002
ForkPoolWorker-1: Calling delphi to calculate conformer ASP01A0984_003 in /tmp/pbe_data.data.home.granepura.5-kinases.cof_tpl_mg.run_prot2.3UG2_ASP01A0984_003
ForkPoolWorker-1: Calling delphi to calculate conformer ASP01A0984_004 in /tmp/pbe_data.data.home.granepura.5-kinases.cof_tpl_mg.run_prot2.3UG2_ASP01A0984_004
ForkPoolWorker-1: Calling delphi to calculate conformer ASP02A0984_005 in /tmp/pbe_data.data.home.granepura.5-kinases.cof_tpl_mg.run_prot2.3UG2_ASP02A0984_005
ForkPoolWorker-1: Calling delphi to calculate conformer ASP02A0984_006 in /tmp/pbe_data.data.home.granepura.5-kinases.cof_tpl_mg.run_prot2.3UG2_ASP02A0984_006
ForkPoolWorker-1: Calling delphi to calculate conformer ASP02A0984_007 in /tmp/pbe_data.data.home.granepura.5-kinases.cof_tpl_mg.run_prot2.3UG2_ASP02A0984_007
ForkPoolWorker-1: Calling delphi to calculate conformer ASP02A0984_008 in /tmp/pbe_data.data.home.granepura.5-kinases.cof_tpl_mg.run_prot2.3UG2_ASP02A0984_008
ForkPoolWorker-1: Calling delphi to calculate conformer ASP-1A0984_009 in /tmp/pbe_data.data.home.granepura.5-kinases.cof_tpl_mg.run_prot2.3UG2_ASP-1A0984_009
ForkPoolWorker-1: Calling delphi to calculate conformer ASP-1A0984_010 in /tmp/pbe_data.data.home.granepura.5-kinases.cof_tpl_mg.run_prot2.3UG2_ASP-1A0984_010
ForkPoolWorker-1: Calling delphi to calculate conformer GLU01A0985_001 in /tmp/pbe_data.data.home.granepura.5-kinases.cof_tpl_mg.run_prot2.3UG2_GLU01A0985_001
ForkPoolWorker-1: Calling delphi to calculate conformer GLU01A0985_002 in /tmp/pbe_data.data.home.granepura.5-kinases.cof_tpl_mg.run_prot2.3UG2_GLU01A0985_002
ForkPoolWorker-1: Calling delphi to calculate conformer GLU02A0985_003 in /tmp/pbe_data.data.home.granepura.5-kinases.cof_tpl_mg.run_prot2.3UG2_GLU02A0985_003
ForkPoolWorker-1: Calling delphi to calculate conformer GLU02A0985_004 in /tmp/pbe_data.data.home.granepura.5-kinases.cof_tpl_mg.run_prot2.3UG2_GLU02A0985_004
ForkPoolWorker-1: Calling delphi to calculate conformer GLU-1A0985_005 in /tmp/pbe_data.data.home.granepura.5-kinases.cof_tpl_mg.run_prot2.3UG2_GLU-1A0985_005
ForkPoolWorker-1: Calling delphi to calculate conformer ARG01A0986_001 in /tmp/pbe_data.data.home.granepura.5-kinases.cof_tpl_mg.run_prot2.3UG2_ARG01A0986_001
ForkPoolWorker-1: Calling delphi to calculate conformer ARG02A0986_002 in /tmp/pbe_data.data.home.granepura.5-kinases.cof_tpl_mg.run_prot2.3UG2_ARG02A0986_002
ForkPoolWorker-1: Calling delphi to calculate conformer ARG03A0986_003 in /tmp/pbe_data.data.home.granepura.5-kinases.cof_tpl_mg.run_prot2.3UG2_ARG03A0986_003
ForkPoolWorker-1: Calling delphi to calculate conformer ARG03A0986_004 in /tmp/pbe_data.data.home.granepura.5-kinases.cof_tpl_mg.run_prot2.3UG2_ARG03A0986_004
ForkPoolWorker-1: Calling delphi to calculate conformer ARG+1A0986_005 in /tmp/pbe_data.data.home.granepura.5-kinases.cof_tpl_mg.run_prot2.3UG2_ARG+1A0986_005
ForkPoolWorker-1: Calling delphi to calculate conformer MET01A0987_001 in /tmp/pbe_data.data.home.granepura.5-kinases.cof_tpl_mg.run_prot2.3UG2_MET01A0987_001
ForkPoolWorker-1: Calling delphi to calculate conformer HIS01A0988_001 in /tmp/pbe_data.data.home.granepura.5-kinases.cof_tpl_mg.run_prot2.3UG2_HIS01A0988_001
ForkPoolWorker-1: Calling delphi to calculate conformer HIS02A0988_002 in /tmp/pbe_data.data.home.granepura.5-kinases.cof_tpl_mg.run_prot2.3UG2_HIS02A0988_002
ForkPoolWorker-1: Calling delphi to calculate conformer HIS+1A0988_003 in /tmp/pbe_data.data.home.granepura.5-kinases.cof_tpl_mg.run_prot2.3UG2_HIS+1A0988_003
Skipping PBE solver for non-charge conformer LEU01A0989_001...
ForkPoolWorker-1: Calling delphi to calculate conformer GLU01A1005_001 in /tmp/pbe_data.data.home.granepura.5-kinases.cof_tpl_mg.run_prot2.3UG2_GLU01A1005_001
ForkPoolWorker-1: Calling delphi to calculate conformer GLU01A1005_002 in /tmp/pbe_data.data.home.granepura.5-kinases.cof_tpl_mg.run_prot2.3UG2_GLU01A1005_002
ForkPoolWorker-1: Calling delphi to calculate conformer GLU02A1005_003 in /tmp/pbe_data.data.home.granepura.5-kinases.cof_tpl_mg.run_prot2.3UG2_GLU02A1005_003
ForkPoolWorker-1: Calling delphi to calculate conformer GLU02A1005_004 in /tmp/pbe_data.data.home.granepura.5-kinases.cof_tpl_mg.run_prot2.3UG2_GLU02A1005_004
ForkPoolWorker-1: Calling delphi to calculate conformer GLU-1A1005_005 in /tmp/pbe_data.data.home.granepura.5-kinases.cof_tpl_mg.run_prot2.3UG2_GLU-1A1005_005
ForkPoolWorker-1: Calling delphi to calculate conformer ASP01A1006_001 in /tmp/pbe_data.data.home.granepura.5-kinases.cof_tpl_mg.run_prot2.3UG2_ASP01A1006_001
ForkPoolWorker-1: Calling delphi to calculate conformer ASP01A1006_002 in /tmp/pbe_data.data.home.granepura.5-kinases.cof_tpl_mg.run_prot2.3UG2_ASP01A1006_002
ForkPoolWorker-1: Calling delphi to calculate conformer ASP02A1006_003 in /tmp/pbe_data.data.home.granepura.5-kinases.cof_tpl_mg.run_prot2.3UG2_ASP02A1006_003
ForkPoolWorker-1: Calling delphi to calculate conformer ASP02A1006_004 in /tmp/pbe_data.data.home.granepura.5-kinases.cof_tpl_mg.run_prot2.3UG2_ASP02A1006_004
ForkPoolWorker-1: Calling delphi to calculate conformer ASP-1A1006_005 in /tmp/pbe_data.data.home.granepura.5-kinases.cof_tpl_mg.run_prot2.3UG2_ASP-1A1006_005
ForkPoolWorker-1: Calling delphi to calculate conformer MET01A1007_001 in /tmp/pbe_data.data.home.granepura.5-kinases.cof_tpl_mg.run_prot2.3UG2_MET01A1007_001
ForkPoolWorker-1: Calling delphi to calculate conformer ASP01A1008_001 in /tmp/pbe_data.data.home.granepura.5-kinases.cof_tpl_mg.run_prot2.3UG2_ASP01A1008_001
ForkPoolWorker-1: Calling delphi to calculate conformer ASP01A1008_002 in /tmp/pbe_data.data.home.granepura.5-kinases.cof_tpl_mg.run_prot2.3UG2_ASP01A1008_002
ForkPoolWorker-1: Calling delphi to calculate conformer ASP02A1008_003 in /tmp/pbe_data.data.home.granepura.5-kinases.cof_tpl_mg.run_prot2.3UG2_ASP02A1008_003
ForkPoolWorker-1: Calling delphi to calculate conformer ASP02A1008_004 in /tmp/pbe_data.data.home.granepura.5-kinases.cof_tpl_mg.run_prot2.3UG2_ASP02A1008_004
ForkPoolWorker-1: Calling delphi to calculate conformer ASP-1A1008_005 in /tmp/pbe_data.data.home.granepura.5-kinases.cof_tpl_mg.run_prot2.3UG2_ASP-1A1008_005
ForkPoolWorker-1: Calling delphi to calculate conformer ASP01A1009_001 in /tmp/pbe_data.data.home.granepura.5-kinases.cof_tpl_mg.run_prot2.3UG2_ASP01A1009_001
ForkPoolWorker-1: Calling delphi to calculate conformer ASP01A1009_002 in /tmp/pbe_data.data.home.granepura.5-kinases.cof_tpl_mg.run_prot2.3UG2_ASP01A1009_002
ForkPoolWorker-1: Calling delphi to calculate conformer ASP02A1009_003 in /tmp/pbe_data.data.home.granepura.5-kinases.cof_tpl_mg.run_prot2.3UG2_ASP02A1009_003
ForkPoolWorker-1: Calling delphi to calculate conformer ASP02A1009_004 in /tmp/pbe_data.data.home.granepura.5-kinases.cof_tpl_mg.run_prot2.3UG2_ASP02A1009_004
ForkPoolWorker-1: Calling delphi to calculate conformer ASP-1A1009_005 in /tmp/pbe_data.data.home.granepura.5-kinases.cof_tpl_mg.run_prot2.3UG2_ASP-1A1009_005
Skipping PBE solver for non-charge conformer VAL01A1010_001...
Skipping PBE solver for non-charge conformer VAL01A1011_001...
ForkPoolWorker-1: Calling delphi to calculate conformer ASP01A1012_001 in /tmp/pbe_data.data.home.granepura.5-kinases.cof_tpl_mg.run_prot2.3UG2_ASP01A1012_001
ForkPoolWorker-1: Calling delphi to calculate conformer ASP01A1012_002 in /tmp/pbe_data.data.home.granepura.5-kinases.cof_tpl_mg.run_prot2.3UG2_ASP01A1012_002
ForkPoolWorker-1: Calling delphi to calculate conformer ASP02A1012_003 in /tmp/pbe_data.data.home.granepura.5-kinases.cof_tpl_mg.run_prot2.3UG2_ASP02A1012_003
ForkPoolWorker-1: Calling delphi to calculate conformer ASP02A1012_004 in /tmp/pbe_data.data.home.granepura.5-kinases.cof_tpl_mg.run_prot2.3UG2_ASP02A1012_004
ForkPoolWorker-1: Calling delphi to calculate conformer ASP-1A1012_005 in /tmp/pbe_data.data.home.granepura.5-kinases.cof_tpl_mg.run_prot2.3UG2_ASP-1A1012_005
Skipping PBE solver for non-charge conformer ALA01A1013_001...
ForkPoolWorker-1: Calling delphi to calculate conformer ASP01A1014_001 in /tmp/pbe_data.data.home.granepura.5-kinases.cof_tpl_mg.run_prot2.3UG2_ASP01A1014_001
ForkPoolWorker-1: Calling delphi to calculate conformer ASP01A1014_002 in /tmp/pbe_data.data.home.granepura.5-kinases.cof_tpl_mg.run_prot2.3UG2_ASP01A1014_002
ForkPoolWorker-1: Calling delphi to calculate conformer ASP02A1014_003 in /tmp/pbe_data.data.home.granepura.5-kinases.cof_tpl_mg.run_prot2.3UG2_ASP02A1014_003
ForkPoolWorker-1: Calling delphi to calculate conformer ASP02A1014_004 in /tmp/pbe_data.data.home.granepura.5-kinases.cof_tpl_mg.run_prot2.3UG2_ASP02A1014_004
ForkPoolWorker-1: Calling delphi to calculate conformer ASP-1A1014_005 in /tmp/pbe_data.data.home.granepura.5-kinases.cof_tpl_mg.run_prot2.3UG2_ASP-1A1014_005
ForkPoolWorker-1: Calling delphi to calculate conformer GLU01A1015_001 in /tmp/pbe_data.data.home.granepura.5-kinases.cof_tpl_mg.run_prot2.3UG2_GLU01A1015_001
ForkPoolWorker-1: Calling delphi to calculate conformer GLU01A1015_002 in /tmp/pbe_data.data.home.granepura.5-kinases.cof_tpl_mg.run_prot2.3UG2_GLU01A1015_002
ForkPoolWorker-1: Calling delphi to calculate conformer GLU02A1015_003 in /tmp/pbe_data.data.home.granepura.5-kinases.cof_tpl_mg.run_prot2.3UG2_GLU02A1015_003
ForkPoolWorker-1: Calling delphi to calculate conformer GLU02A1015_004 in /tmp/pbe_data.data.home.granepura.5-kinases.cof_tpl_mg.run_prot2.3UG2_GLU02A1015_004
ForkPoolWorker-1: Calling delphi to calculate conformer GLU-1A1015_005 in /tmp/pbe_data.data.home.granepura.5-kinases.cof_tpl_mg.run_prot2.3UG2_GLU-1A1015_005
ForkPoolWorker-1: Calling delphi to calculate conformer TYR01A1016_001 in /tmp/pbe_data.data.home.granepura.5-kinases.cof_tpl_mg.run_prot2.3UG2_TYR01A1016_001
ForkPoolWorker-1: Calling delphi to calculate conformer TYR01A1016_002 in /tmp/pbe_data.data.home.granepura.5-kinases.cof_tpl_mg.run_prot2.3UG2_TYR01A1016_002
ForkPoolWorker-1: Calling delphi to calculate conformer TYR-1A1016_003 in /tmp/pbe_data.data.home.granepura.5-kinases.cof_tpl_mg.run_prot2.3UG2_TYR-1A1016_003
Skipping PBE solver for non-charge conformer LEU01A1017_001...
Skipping PBE solver for non-charge conformer ILE01A1018_001...
ForkPoolWorker-1: Calling delphi to calculate conformer (1/669) GLU01A0697_001 in /tmp/pbe_data.data.home.schowdhury.Project_kinases.cof_tpl_mg.run_prot2.3UG2_GLU01A0697_001
ForkPoolWorker-1: Calling delphi to calculate conformer (2/669) GLU01A0697_002 in /tmp/pbe_data.data.home.schowdhury.Project_kinases.cof_tpl_mg.run_prot2.3UG2_GLU01A0697_002
ForkPoolWorker-1: Calling delphi to calculate conformer (3/669) GLU02A0697_003 in /tmp/pbe_data.data.home.schowdhury.Project_kinases.cof_tpl_mg.run_prot2.3UG2_GLU02A0697_003
ForkPoolWorker-1: Calling delphi to calculate conformer (4/669) GLU02A0697_004 in /tmp/pbe_data.data.home.schowdhury.Project_kinases.cof_tpl_mg.run_prot2.3UG2_GLU02A0697_004
ForkPoolWorker-1: Calling delphi to calculate conformer (5/669) GLU-1A0697_005 in /tmp/pbe_data.data.home.schowdhury.Project_kinases.cof_tpl_mg.run_prot2.3UG2_GLU-1A0697_005
Skipping PBE solver for non-charge conformer (6/669) ALA01A0698_001...
Skipping PBE solver for non-charge conformer (7/669) PRO01A0699_001...
ForkPoolWorker-1: Calling delphi to calculate conformer (8/669) ASN01A0700_001 in /tmp/pbe_data.data.home.schowdhury.Project_kinases.cof_tpl_mg.run_prot2.3UG2_ASN01A0700_001
ForkPoolWorker-1: Calling delphi to calculate conformer (9/669) ASN01A0700_002 in /tmp/pbe_data.data.home.schowdhury.Project_kinases.cof_tpl_mg.run_prot2.3UG2_ASN01A0700_002
ForkPoolWorker-1: Calling delphi to calculate conformer (10/669) ASN01A0700_003 in /tmp/pbe_data.data.home.schowdhury.Project_kinases.cof_tpl_mg.run_prot2.3UG2_ASN01A0700_003
ForkPoolWorker-1: Calling delphi to calculate conformer (11/669) GLN01A0701_001 in /tmp/pbe_data.data.home.schowdhury.Project_kinases.cof_tpl_mg.run_prot2.3UG2_GLN01A0701_001
ForkPoolWorker-1: Calling delphi to calculate conformer (12/669) GLN01A0701_002 in /tmp/pbe_data.data.home.schowdhury.Project_kinases.cof_tpl_mg.run_prot2.3UG2_GLN01A0701_002
Skipping PBE solver for non-charge conformer (13/669) ALA01A0702_001...
Skipping PBE solver for non-charge conformer (14/669) LEU01A0703_001...
Skipping PBE solver for non-charge conformer (15/669) LEU01A0704_001...
ForkPoolWorker-1: Calling delphi to calculate conformer (16/669) ARG01A0705_001 in /tmp/pbe_data.data.home.schowdhury.Project_kinases.cof_tpl_mg.run_prot2.3UG2_ARG01A0705_001
ForkPoolWorker-1: Calling delphi to calculate conformer (17/669) ARG02A0705_002 in /tmp/pbe_data.data.home.schowdhury.Project_kinases.cof_tpl_mg.run_prot2.3UG2_ARG02A0705_002
ForkPoolWorker-1: Calling delphi to calculate conformer (18/669) ARG02A0705_003 in /tmp/pbe_data.data.home.schowdhury.Project_kinases.cof_tpl_mg.run_prot2.3UG2_ARG02A0705_003
ForkPoolWorker-1: Calling delphi to calculate conformer (19/669) ARG03A0705_004 in /tmp/pbe_data.data.home.schowdhury.Project_kinases.cof_tpl_mg.run_prot2.3UG2_ARG03A0705_004
ForkPoolWorker-1: Calling delphi to calculate conformer (20/669) ARG03A0705_005 in /tmp/pbe_data.data.home.schowdhury.Project_kinases.cof_tpl_mg.run_prot2.3UG2_ARG03A0705_005
ForkPoolWorker-1: Calling delphi to calculate conformer (21/669) ARG+1A0705_006 in /tmp/pbe_data.data.home.schowdhury.Project_kinases.cof_tpl_mg.run_prot2.3UG2_ARG+1A0705_006
Skipping PBE solver for non-charge conformer (22/669) ILE01A0706_001...
Skipping PBE solver for non-charge conformer (23/669) LEU01A0707_001...
ForkPoolWorker-1: Calling delphi to calculate conformer (24/669) LYS01A0708_001 in /tmp/pbe_data.data.home.schowdhury.Project_kinases.cof_tpl_mg.run_prot2.3UG2_LYS01A0708_001
ForkPoolWorker-1: Calling delphi to calculate conformer (25/669) LYS+1A0708_002 in /tmp/pbe_data.data.home.schowdhury.Project_kinases.cof_tpl_mg.run_prot2.3UG2_LYS+1A0708_002
ForkPoolWorker-1: Calling delphi to calculate conformer (26/669) GLU01A0709_001 in /tmp/pbe_data.data.home.schowdhury.Project_kinases.cof_tpl_mg.run_prot2.3UG2_GLU01A0709_001
ForkPoolWorker-1: Calling delphi to calculate conformer (27/669) GLU01A0709_002 in /tmp/pbe_data.data.home.schowdhury.Project_kinases.cof_tpl_mg.run_prot2.3UG2_GLU01A0709_002
ForkPoolWorker-1: Calling delphi to calculate conformer (28/669) GLU02A0709_003 in /tmp/pbe_data.data.home.schowdhury.Project_kinases.cof_tpl_mg.run_prot2.3UG2_GLU02A0709_003
ForkPoolWorker-1: Calling delphi to calculate conformer (29/669) GLU02A0709_004 in /tmp/pbe_data.data.home.schowdhury.Project_kinases.cof_tpl_mg.run_prot2.3UG2_GLU02A0709_004
ForkPoolWorker-1: Calling delphi to calculate conformer (30/669) GLU-1A0709_005 in /tmp/pbe_data.data.home.schowdhury.Project_kinases.cof_tpl_mg.run_prot2.3UG2_GLU-1A0709_005
ForkPoolWorker-1: Calling delphi to calculate conformer (31/669) THR01A0710_001 in /tmp/pbe_data.data.home.schowdhury.Project_kinases.cof_tpl_mg.run_prot2.3UG2_THR01A0710_001
ForkPoolWorker-1: Calling delphi to calculate conformer (32/669) GLU01A0711_001 in /tmp/pbe_data.data.home.schowdhury.Project_kinases.cof_tpl_mg.run_prot2.3UG2_GLU01A0711_001
ForkPoolWorker-1: Calling delphi to calculate conformer (33/669) GLU01A0711_002 in /tmp/pbe_data.data.home.schowdhury.Project_kinases.cof_tpl_mg.run_prot2.3UG2_GLU01A0711_002
ForkPoolWorker-1: Calling delphi to calculate conformer (34/669) GLU02A0711_003 in /tmp/pbe_data.data.home.schowdhury.Project_kinases.cof_tpl_mg.run_prot2.3UG2_GLU02A0711_003
ForkPoolWorker-1: Calling delphi to calculate conformer (35/669) GLU02A0711_004 in /tmp/pbe_data.data.home.schowdhury.Project_kinases.cof_tpl_mg.run_prot2.3UG2_GLU02A0711_004
ForkPoolWorker-1: Calling delphi to calculate conformer (36/669) GLU-1A0711_005 in /tmp/pbe_data.data.home.schowdhury.Project_kinases.cof_tpl_mg.run_prot2.3UG2_GLU-1A0711_005
Skipping PBE solver for non-charge conformer (37/669) PHE01A0712_001...
ForkPoolWorker-1: Calling delphi to calculate conformer (38/669) LYS01A0713_001 in /tmp/pbe_data.data.home.schowdhury.Project_kinases.cof_tpl_mg.run_prot2.3UG2_LYS01A0713_001
ForkPoolWorker-1: Calling delphi to calculate conformer (39/669) LYS+1A0713_002 in /tmp/pbe_data.data.home.schowdhury.Project_kinases.cof_tpl_mg.run_prot2.3UG2_LYS+1A0713_002
ForkPoolWorker-1: Calling delphi to calculate conformer (40/669) LYS01A0714_001 in /tmp/pbe_data.data.home.schowdhury.Project_kinases.cof_tpl_mg.run_prot2.3UG2_LYS01A0714_001
ForkPoolWorker-1: Calling delphi to calculate conformer (41/669) LYS+1A0714_002 in /tmp/pbe_data.data.home.schowdhury.Project_kinases.cof_tpl_mg.run_prot2.3UG2_LYS+1A0714_002
Skipping PBE solver for non-charge conformer (42/669) ILE01A0715_001...
ForkPoolWorker-1: Calling delphi to calculate conformer (43/669) LYS01A0716_001 in /tmp/pbe_data.data.home.schowdhury.Project_kinases.cof_tpl_mg.run_prot2.3UG2_LYS01A0716_001
ForkPoolWorker-1: Calling delphi to calculate conformer (44/669) LYS+1A0716_002 in /tmp/pbe_data.data.home.schowdhury.Project_kinases.cof_tpl_mg.run_prot2.3UG2_LYS+1A0716_002
Skipping PBE solver for non-charge conformer (45/669) VAL01A0717_001...
Skipping PBE solver for non-charge conformer (46/669) LEU01A0718_001...
ForkPoolWorker-1: Calling delphi to calculate conformer (47/669) SER01A0719_001 in /tmp/pbe_data.data.home.schowdhury.Project_kinases.cof_tpl_mg.run_prot2.3UG2_SER01A0719_001
ForkPoolWorker-1: Calling delphi to calculate conformer (48/669) SER01A0720_001 in /tmp/pbe_data.data.home.schowdhury.Project_kinases.cof_tpl_mg.run_prot2.3UG2_SER01A0720_001
ForkPoolWorker-1: Calling delphi to calculate conformer (49/669) SER01A0720_002 in /tmp/pbe_data.data.home.schowdhury.Project_kinases.cof_tpl_mg.run_prot2.3UG2_SER01A0720_002
ForkPoolWorker-1: Calling delphi to calculate conformer (50/669) THR01A0725_001 in /tmp/pbe_data.data.home.schowdhury.Project_kinases.cof_tpl_mg.run_prot2.3UG2_THR01A0725_001
ForkPoolWorker-1: Calling delphi to calculate conformer (51/669) THR01A0725_002 in /tmp/pbe_data.data.home.schowdhury.Project_kinases.cof_tpl_mg.run_prot2.3UG2_THR01A0725_002
Skipping PBE solver for non-charge conformer (52/669) VAL01A0726_001...
ForkPoolWorker-1: Calling delphi to calculate conformer (53/669) TYR01A0727_001 in /tmp/pbe_data.data.home.schowdhury.Project_kinases.cof_tpl_mg.run_prot2.3UG2_TYR01A0727_001
ForkPoolWorker-1: Calling delphi to calculate conformer (54/669) TYR01A0727_002 in /tmp/pbe_data.data.home.schowdhury.Project_kinases.cof_tpl_mg.run_prot2.3UG2_TYR01A0727_002
ForkPoolWorker-1: Calling delphi to calculate conformer (55/669) TYR-1A0727_003 in /tmp/pbe_data.data.home.schowdhury.Project_kinases.cof_tpl_mg.run_prot2.3UG2_TYR-1A0727_003
ForkPoolWorker-1: Calling delphi to calculate conformer (56/669) LYS01A0728_001 in /tmp/pbe_data.data.home.schowdhury.Project_kinases.cof_tpl_mg.run_prot2.3UG2_LYS01A0728_001
ForkPoolWorker-1: Calling delphi to calculate conformer (57/669) LYS+1A0728_002 in /tmp/pbe_data.data.home.schowdhury.Project_kinases.cof_tpl_mg.run_prot2.3UG2_LYS+1A0728_002
Skipping PBE solver for non-charge conformer (58/669) LEU01A0730_001...
Skipping PBE solver for non-charge conformer (59/669) TRP01A0731_001...
Skipping PBE solver for non-charge conformer (60/669) ILE01A0732_001...
Skipping PBE solver for non-charge conformer (61/669) PRO01A0733_001...
ForkPoolWorker-1: Calling delphi to calculate conformer (62/669) GLU01A0734_001 in /tmp/pbe_data.data.home.schowdhury.Project_kinases.cof_tpl_mg.run_prot2.3UG2_GLU01A0734_001
ForkPoolWorker-1: Calling delphi to calculate conformer (63/669) GLU01A0734_002 in /tmp/pbe_data.data.home.schowdhury.Project_kinases.cof_tpl_mg.run_prot2.3UG2_GLU01A0734_002
ForkPoolWorker-1: Calling delphi to calculate conformer (64/669) GLU02A0734_003 in /tmp/pbe_data.data.home.schowdhury.Project_kinases.cof_tpl_mg.run_prot2.3UG2_GLU02A0734_003
ForkPoolWorker-1: Calling delphi to calculate conformer (65/669) GLU02A0734_004 in /tmp/pbe_data.data.home.schowdhury.Project_kinases.cof_tpl_mg.run_prot2.3UG2_GLU02A0734_004
ForkPoolWorker-1: Calling delphi to calculate conformer (66/669) GLU-1A0734_005 in /tmp/pbe_data.data.home.schowdhury.Project_kinases.cof_tpl_mg.run_prot2.3UG2_GLU-1A0734_005
ForkPoolWorker-1: Calling delphi to calculate conformer (67/669) GLU01A0736_001 in /tmp/pbe_data.data.home.schowdhury.Project_kinases.cof_tpl_mg.run_prot2.3UG2_GLU01A0736_001
ForkPoolWorker-1: Calling delphi to calculate conformer (68/669) GLU01A0736_002 in /tmp/pbe_data.data.home.schowdhury.Project_kinases.cof_tpl_mg.run_prot2.3UG2_GLU01A0736_002
ForkPoolWorker-1: Calling delphi to calculate conformer (69/669) GLU02A0736_003 in /tmp/pbe_data.data.home.schowdhury.Project_kinases.cof_tpl_mg.run_prot2.3UG2_GLU02A0736_003
ForkPoolWorker-1: Calling delphi to calculate conformer (70/669) GLU02A0736_004 in /tmp/pbe_data.data.home.schowdhury.Project_kinases.cof_tpl_mg.run_prot2.3UG2_GLU02A0736_004
ForkPoolWorker-1: Calling delphi to calculate conformer (71/669) GLU-1A0736_005 in /tmp/pbe_data.data.home.schowdhury.Project_kinases.cof_tpl_mg.run_prot2.3UG2_GLU-1A0736_005
ForkPoolWorker-1: Calling delphi to calculate conformer (72/669) LYS01A0737_001 in /tmp/pbe_data.data.home.schowdhury.Project_kinases.cof_tpl_mg.run_prot2.3UG2_LYS01A0737_001
ForkPoolWorker-1: Calling delphi to calculate conformer (73/669) LYS+1A0737_002 in /tmp/pbe_data.data.home.schowdhury.Project_kinases.cof_tpl_mg.run_prot2.3UG2_LYS+1A0737_002
Skipping PBE solver for non-charge conformer (74/669) VAL01A0738_001...
ForkPoolWorker-1: Calling delphi to calculate conformer (75/669) LYS01A0739_001 in /tmp/pbe_data.data.home.schowdhury.Project_kinases.cof_tpl_mg.run_prot2.3UG2_LYS01A0739_001
ForkPoolWorker-1: Calling delphi to calculate conformer (76/669) LYS+1A0739_002 in /tmp/pbe_data.data.home.schowdhury.Project_kinases.cof_tpl_mg.run_prot2.3UG2_LYS+1A0739_002
Skipping PBE solver for non-charge conformer (77/669) ILE01A0740_001...
Skipping PBE solver for non-charge conformer (78/669) PRO01A0741_001...
Skipping PBE solver for non-charge conformer (79/669) VAL01A0742_001...
Skipping PBE solver for non-charge conformer (80/669) ALA01A0743_001...
Skipping PBE solver for non-charge conformer (81/669) ILE01A0744_001...
ForkPoolWorker-1: Calling delphi to calculate conformer (82/669) LYS01A0745_001 in /tmp/pbe_data.data.home.schowdhury.Project_kinases.cof_tpl_mg.run_prot2.3UG2_LYS01A0745_001
ForkPoolWorker-1: Calling delphi to calculate conformer (83/669) LYS+1A0745_002 in /tmp/pbe_data.data.home.schowdhury.Project_kinases.cof_tpl_mg.run_prot2.3UG2_LYS+1A0745_002
ForkPoolWorker-1: Calling delphi to calculate conformer (84/669) GLU01A0746_001 in /tmp/pbe_data.data.home.schowdhury.Project_kinases.cof_tpl_mg.run_prot2.3UG2_GLU01A0746_001
ForkPoolWorker-1: Calling delphi to calculate conformer (85/669) GLU01A0746_002 in /tmp/pbe_data.data.home.schowdhury.Project_kinases.cof_tpl_mg.run_prot2.3UG2_GLU01A0746_002
ForkPoolWorker-1: Calling delphi to calculate conformer (86/669) GLU02A0746_003 in /tmp/pbe_data.data.home.schowdhury.Project_kinases.cof_tpl_mg.run_prot2.3UG2_GLU02A0746_003
ForkPoolWorker-1: Calling delphi to calculate conformer (87/669) GLU02A0746_004 in /tmp/pbe_data.data.home.schowdhury.Project_kinases.cof_tpl_mg.run_prot2.3UG2_GLU02A0746_004
ForkPoolWorker-1: Calling delphi to calculate conformer (88/669) GLU-1A0746_005 in /tmp/pbe_data.data.home.schowdhury.Project_kinases.cof_tpl_mg.run_prot2.3UG2_GLU-1A0746_005
ForkPoolWorker-1: Calling delphi to calculate conformer (89/669) SER01A0752_001 in /tmp/pbe_data.data.home.schowdhury.Project_kinases.cof_tpl_mg.run_prot2.3UG2_SER01A0752_001
ForkPoolWorker-1: Calling delphi to calculate conformer (90/669) SER01A0752_002 in /tmp/pbe_data.data.home.schowdhury.Project_kinases.cof_tpl_mg.run_prot2.3UG2_SER01A0752_002
Skipping PBE solver for non-charge conformer (91/669) PRO01A0753_001...
ForkPoolWorker-1: Calling delphi to calculate conformer (92/669) LYS01A0754_001 in /tmp/pbe_data.data.home.schowdhury.Project_kinases.cof_tpl_mg.run_prot2.3UG2_LYS01A0754_001
ForkPoolWorker-1: Calling delphi to calculate conformer (93/669) LYS+1A0754_002 in /tmp/pbe_data.data.home.schowdhury.Project_kinases.cof_tpl_mg.run_prot2.3UG2_LYS+1A0754_002
Skipping PBE solver for non-charge conformer (94/669) ALA01A0755_001...
ForkPoolWorker-1: Calling delphi to calculate conformer (95/669) ASN01A0756_001 in /tmp/pbe_data.data.home.schowdhury.Project_kinases.cof_tpl_mg.run_prot2.3UG2_ASN01A0756_001
ForkPoolWorker-1: Calling delphi to calculate conformer (96/669) ASN01A0756_002 in /tmp/pbe_data.data.home.schowdhury.Project_kinases.cof_tpl_mg.run_prot2.3UG2_ASN01A0756_002
ForkPoolWorker-1: Calling delphi to calculate conformer (97/669) LYS01A0757_001 in /tmp/pbe_data.data.home.schowdhury.Project_kinases.cof_tpl_mg.run_prot2.3UG2_LYS01A0757_001
ForkPoolWorker-1: Calling delphi to calculate conformer (98/669) LYS+1A0757_002 in /tmp/pbe_data.data.home.schowdhury.Project_kinases.cof_tpl_mg.run_prot2.3UG2_LYS+1A0757_002
ForkPoolWorker-1: Calling delphi to calculate conformer (99/669) GLU01A0758_001 in /tmp/pbe_data.data.home.schowdhury.Project_kinases.cof_tpl_mg.run_prot2.3UG2_GLU01A0758_001
ForkPoolWorker-1: Calling delphi to calculate conformer (100/669) GLU01A0758_002 in /tmp/pbe_data.data.home.schowdhury.Project_kinases.cof_tpl_mg.run_prot2.3UG2_GLU01A0758_002
ForkPoolWorker-1: Calling delphi to calculate conformer (101/669) GLU02A0758_003 in /tmp/pbe_data.data.home.schowdhury.Project_kinases.cof_tpl_mg.run_prot2.3UG2_GLU02A0758_003
ForkPoolWorker-1: Calling delphi to calculate conformer (102/669) GLU02A0758_004 in /tmp/pbe_data.data.home.schowdhury.Project_kinases.cof_tpl_mg.run_prot2.3UG2_GLU02A0758_004
ForkPoolWorker-1: Calling delphi to calculate conformer (103/669) GLU-1A0758_005 in /tmp/pbe_data.data.home.schowdhury.Project_kinases.cof_tpl_mg.run_prot2.3UG2_GLU-1A0758_005
Skipping PBE solver for non-charge conformer (104/669) ILE01A0759_001...
Skipping PBE solver for non-charge conformer (105/669) LEU01A0760_001...
ForkPoolWorker-1: Calling delphi to calculate conformer (106/669) ASP01A0761_001 in /tmp/pbe_data.data.home.schowdhury.Project_kinases.cof_tpl_mg.run_prot2.3UG2_ASP01A0761_001
ForkPoolWorker-1: Calling delphi to calculate conformer (107/669) ASP01A0761_002 in /tmp/pbe_data.data.home.schowdhury.Project_kinases.cof_tpl_mg.run_prot2.3UG2_ASP01A0761_002
ForkPoolWorker-1: Calling delphi to calculate conformer (108/669) ASP01A0761_003 in /tmp/pbe_data.data.home.schowdhury.Project_kinases.cof_tpl_mg.run_prot2.3UG2_ASP01A0761_003
ForkPoolWorker-1: Calling delphi to calculate conformer (109/669) ASP01A0761_004 in /tmp/pbe_data.data.home.schowdhury.Project_kinases.cof_tpl_mg.run_prot2.3UG2_ASP01A0761_004
ForkPoolWorker-1: Calling delphi to calculate conformer (110/669) ASP02A0761_005 in /tmp/pbe_data.data.home.schowdhury.Project_kinases.cof_tpl_mg.run_prot2.3UG2_ASP02A0761_005
ForkPoolWorker-1: Calling delphi to calculate conformer (111/669) ASP02A0761_006 in /tmp/pbe_data.data.home.schowdhury.Project_kinases.cof_tpl_mg.run_prot2.3UG2_ASP02A0761_006
ForkPoolWorker-1: Calling delphi to calculate conformer (112/669) ASP02A0761_007 in /tmp/pbe_data.data.home.schowdhury.Project_kinases.cof_tpl_mg.run_prot2.3UG2_ASP02A0761_007
ForkPoolWorker-1: Calling delphi to calculate conformer (113/669) ASP02A0761_008 in /tmp/pbe_data.data.home.schowdhury.Project_kinases.cof_tpl_mg.run_prot2.3UG2_ASP02A0761_008
ForkPoolWorker-1: Calling delphi to calculate conformer (114/669) ASP-1A0761_009 in /tmp/pbe_data.data.home.schowdhury.Project_kinases.cof_tpl_mg.run_prot2.3UG2_ASP-1A0761_009
ForkPoolWorker-1: Calling delphi to calculate conformer (115/669) ASP-1A0761_010 in /tmp/pbe_data.data.home.schowdhury.Project_kinases.cof_tpl_mg.run_prot2.3UG2_ASP-1A0761_010
ForkPoolWorker-1: Calling delphi to calculate conformer (116/669) GLU01A0762_001 in /tmp/pbe_data.data.home.schowdhury.Project_kinases.cof_tpl_mg.run_prot2.3UG2_GLU01A0762_001
ForkPoolWorker-1: Calling delphi to calculate conformer (117/669) GLU01A0762_002 in /tmp/pbe_data.data.home.schowdhury.Project_kinases.cof_tpl_mg.run_prot2.3UG2_GLU01A0762_002
ForkPoolWorker-1: Calling delphi to calculate conformer (118/669) GLU02A0762_003 in /tmp/pbe_data.data.home.schowdhury.Project_kinases.cof_tpl_mg.run_prot2.3UG2_GLU02A0762_003
ForkPoolWorker-1: Calling delphi to calculate conformer (119/669) GLU02A0762_004 in /tmp/pbe_data.data.home.schowdhury.Project_kinases.cof_tpl_mg.run_prot2.3UG2_GLU02A0762_004
ForkPoolWorker-1: Calling delphi to calculate conformer (120/669) GLU-1A0762_005 in /tmp/pbe_data.data.home.schowdhury.Project_kinases.cof_tpl_mg.run_prot2.3UG2_GLU-1A0762_005
Skipping PBE solver for non-charge conformer (121/669) ALA01A0763_001...
ForkPoolWorker-1: Calling delphi to calculate conformer (122/669) TYR01A0764_001 in /tmp/pbe_data.data.home.schowdhury.Project_kinases.cof_tpl_mg.run_prot2.3UG2_TYR01A0764_001
ForkPoolWorker-1: Calling delphi to calculate conformer (123/669) TYR-1A0764_002 in /tmp/pbe_data.data.home.schowdhury.Project_kinases.cof_tpl_mg.run_prot2.3UG2_TYR-1A0764_002
Skipping PBE solver for non-charge conformer (124/669) VAL01A0765_001...
ForkPoolWorker-1: Calling delphi to calculate conformer (125/669) MET01A0766_001 in /tmp/pbe_data.data.home.schowdhury.Project_kinases.cof_tpl_mg.run_prot2.3UG2_MET01A0766_001
Skipping PBE solver for non-charge conformer (126/669) ALA01A0767_001...
ForkPoolWorker-1: Calling delphi to calculate conformer (127/669) SER01A0768_001 in /tmp/pbe_data.data.home.schowdhury.Project_kinases.cof_tpl_mg.run_prot2.3UG2_SER01A0768_001
ForkPoolWorker-1: Calling delphi to calculate conformer (128/669) SER01A0768_002 in /tmp/pbe_data.data.home.schowdhury.Project_kinases.cof_tpl_mg.run_prot2.3UG2_SER01A0768_002
ForkPoolWorker-1: Calling delphi to calculate conformer (129/669) SER01A0768_003 in /tmp/pbe_data.data.home.schowdhury.Project_kinases.cof_tpl_mg.run_prot2.3UG2_SER01A0768_003
ForkPoolWorker-1: Calling delphi to calculate conformer (130/669) SER01A0768_004 in /tmp/pbe_data.data.home.schowdhury.Project_kinases.cof_tpl_mg.run_prot2.3UG2_SER01A0768_004
ForkPoolWorker-1: Calling delphi to calculate conformer (131/669) SER01A0768_005 in /tmp/pbe_data.data.home.schowdhury.Project_kinases.cof_tpl_mg.run_prot2.3UG2_SER01A0768_005
Skipping PBE solver for non-charge conformer (132/669) VAL01A0769_001...
ForkPoolWorker-1: Calling delphi to calculate conformer (133/669) ASP01A0770_001 in /tmp/pbe_data.data.home.schowdhury.Project_kinases.cof_tpl_mg.run_prot2.3UG2_ASP01A0770_001
ForkPoolWorker-1: Calling delphi to calculate conformer (134/669) ASP01A0770_002 in /tmp/pbe_data.data.home.schowdhury.Project_kinases.cof_tpl_mg.run_prot2.3UG2_ASP01A0770_002
ForkPoolWorker-1: Calling delphi to calculate conformer (135/669) ASP02A0770_003 in /tmp/pbe_data.data.home.schowdhury.Project_kinases.cof_tpl_mg.run_prot2.3UG2_ASP02A0770_003
ForkPoolWorker-1: Calling delphi to calculate conformer (136/669) ASP02A0770_004 in /tmp/pbe_data.data.home.schowdhury.Project_kinases.cof_tpl_mg.run_prot2.3UG2_ASP02A0770_004
ForkPoolWorker-1: Calling delphi to calculate conformer (137/669) ASP-1A0770_005 in /tmp/pbe_data.data.home.schowdhury.Project_kinases.cof_tpl_mg.run_prot2.3UG2_ASP-1A0770_005
ForkPoolWorker-1: Calling delphi to calculate conformer (138/669) ASN01A0771_001 in /tmp/pbe_data.data.home.schowdhury.Project_kinases.cof_tpl_mg.run_prot2.3UG2_ASN01A0771_001
ForkPoolWorker-1: Calling delphi to calculate conformer (139/669) ASN01A0771_002 in /tmp/pbe_data.data.home.schowdhury.Project_kinases.cof_tpl_mg.run_prot2.3UG2_ASN01A0771_002
Skipping PBE solver for non-charge conformer (140/669) PRO01A0772_001...
ForkPoolWorker-1: Calling delphi to calculate conformer (141/669) HIS01A0773_001 in /tmp/pbe_data.data.home.schowdhury.Project_kinases.cof_tpl_mg.run_prot2.3UG2_HIS01A0773_001
ForkPoolWorker-1: Calling delphi to calculate conformer (142/669) HIS01A0773_002 in /tmp/pbe_data.data.home.schowdhury.Project_kinases.cof_tpl_mg.run_prot2.3UG2_HIS01A0773_002
ForkPoolWorker-1: Calling delphi to calculate conformer (143/669) HIS02A0773_003 in /tmp/pbe_data.data.home.schowdhury.Project_kinases.cof_tpl_mg.run_prot2.3UG2_HIS02A0773_003
ForkPoolWorker-1: Calling delphi to calculate conformer (144/669) HIS02A0773_004 in /tmp/pbe_data.data.home.schowdhury.Project_kinases.cof_tpl_mg.run_prot2.3UG2_HIS02A0773_004
ForkPoolWorker-1: Calling delphi to calculate conformer (145/669) HIS+1A0773_005 in /tmp/pbe_data.data.home.schowdhury.Project_kinases.cof_tpl_mg.run_prot2.3UG2_HIS+1A0773_005
ForkPoolWorker-1: Calling delphi to calculate conformer (146/669) HIS+1A0773_006 in /tmp/pbe_data.data.home.schowdhury.Project_kinases.cof_tpl_mg.run_prot2.3UG2_HIS+1A0773_006
Skipping PBE solver for non-charge conformer (147/669) VAL01A0774_001...
ForkPoolWorker-1: Calling delphi to calculate conformer (148/669) CYS01A0775_001 in /tmp/pbe_data.data.home.schowdhury.Project_kinases.cof_tpl_mg.run_prot2.3UG2_CYS01A0775_001
ForkPoolWorker-1: Calling delphi to calculate conformer (149/669) CYS01A0775_002 in /tmp/pbe_data.data.home.schowdhury.Project_kinases.cof_tpl_mg.run_prot2.3UG2_CYS01A0775_002
ForkPoolWorker-1: Calling delphi to calculate conformer (150/669) CYS01A0775_003 in /tmp/pbe_data.data.home.schowdhury.Project_kinases.cof_tpl_mg.run_prot2.3UG2_CYS01A0775_003
ForkPoolWorker-1: Calling delphi to calculate conformer (151/669) CYS-1A0775_004 in /tmp/pbe_data.data.home.schowdhury.Project_kinases.cof_tpl_mg.run_prot2.3UG2_CYS-1A0775_004
ForkPoolWorker-1: Calling delphi to calculate conformer (152/669) ARG01A0776_001 in /tmp/pbe_data.data.home.schowdhury.Project_kinases.cof_tpl_mg.run_prot2.3UG2_ARG01A0776_001
ForkPoolWorker-1: Calling delphi to calculate conformer (153/669) ARG02A0776_002 in /tmp/pbe_data.data.home.schowdhury.Project_kinases.cof_tpl_mg.run_prot2.3UG2_ARG02A0776_002
ForkPoolWorker-1: Calling delphi to calculate conformer (154/669) ARG02A0776_003 in /tmp/pbe_data.data.home.schowdhury.Project_kinases.cof_tpl_mg.run_prot2.3UG2_ARG02A0776_003
ForkPoolWorker-1: Calling delphi to calculate conformer (155/669) ARG03A0776_004 in /tmp/pbe_data.data.home.schowdhury.Project_kinases.cof_tpl_mg.run_prot2.3UG2_ARG03A0776_004
ForkPoolWorker-1: Calling delphi to calculate conformer (156/669) ARG+1A0776_005 in /tmp/pbe_data.data.home.schowdhury.Project_kinases.cof_tpl_mg.run_prot2.3UG2_ARG+1A0776_005
Skipping PBE solver for non-charge conformer (157/669) LEU01A0777_001...
Skipping PBE solver for non-charge conformer (158/669) LEU01A0778_001...
Skipping PBE solver for non-charge conformer (159/669) ILE01A0780_001...
ForkPoolWorker-1: Calling delphi to calculate conformer (160/669) CYS01A0781_001 in /tmp/pbe_data.data.home.schowdhury.Project_kinases.cof_tpl_mg.run_prot2.3UG2_CYS01A0781_001
ForkPoolWorker-1: Calling delphi to calculate conformer (161/669) CYS01A0781_002 in /tmp/pbe_data.data.home.schowdhury.Project_kinases.cof_tpl_mg.run_prot2.3UG2_CYS01A0781_002
ForkPoolWorker-1: Calling delphi to calculate conformer (162/669) CYS01A0781_003 in /tmp/pbe_data.data.home.schowdhury.Project_kinases.cof_tpl_mg.run_prot2.3UG2_CYS01A0781_003
ForkPoolWorker-1: Calling delphi to calculate conformer (163/669) CYS-1A0781_004 in /tmp/pbe_data.data.home.schowdhury.Project_kinases.cof_tpl_mg.run_prot2.3UG2_CYS-1A0781_004
Skipping PBE solver for non-charge conformer (164/669) LEU01A0782_001...
ForkPoolWorker-1: Calling delphi to calculate conformer (165/669) THR01A0783_001 in /tmp/pbe_data.data.home.schowdhury.Project_kinases.cof_tpl_mg.run_prot2.3UG2_THR01A0783_001
ForkPoolWorker-1: Calling delphi to calculate conformer (166/669) THR01A0783_002 in /tmp/pbe_data.data.home.schowdhury.Project_kinases.cof_tpl_mg.run_prot2.3UG2_THR01A0783_002
ForkPoolWorker-1: Calling delphi to calculate conformer (167/669) THR01A0783_003 in /tmp/pbe_data.data.home.schowdhury.Project_kinases.cof_tpl_mg.run_prot2.3UG2_THR01A0783_003
ForkPoolWorker-1: Calling delphi to calculate conformer (168/669) SER01A0784_001 in /tmp/pbe_data.data.home.schowdhury.Project_kinases.cof_tpl_mg.run_prot2.3UG2_SER01A0784_001
ForkPoolWorker-1: Calling delphi to calculate conformer (169/669) THR01A0785_001 in /tmp/pbe_data.data.home.schowdhury.Project_kinases.cof_tpl_mg.run_prot2.3UG2_THR01A0785_001
ForkPoolWorker-1: Calling delphi to calculate conformer (170/669) THR01A0785_002 in /tmp/pbe_data.data.home.schowdhury.Project_kinases.cof_tpl_mg.run_prot2.3UG2_THR01A0785_002
Skipping PBE solver for non-charge conformer (171/669) VAL01A0786_001...
ForkPoolWorker-1: Calling delphi to calculate conformer (172/669) GLN01A0787_001 in /tmp/pbe_data.data.home.schowdhury.Project_kinases.cof_tpl_mg.run_prot2.3UG2_GLN01A0787_001
ForkPoolWorker-1: Calling delphi to calculate conformer (173/669) GLN01A0787_002 in /tmp/pbe_data.data.home.schowdhury.Project_kinases.cof_tpl_mg.run_prot2.3UG2_GLN01A0787_002
Skipping PBE solver for non-charge conformer (174/669) LEU01A0788_001...
Skipping PBE solver for non-charge conformer (175/669) ILE01A0789_001...
ForkPoolWorker-1: Calling delphi to calculate conformer (176/669) MET01A0790_001 in /tmp/pbe_data.data.home.schowdhury.Project_kinases.cof_tpl_mg.run_prot2.3UG2_MET01A0790_001
ForkPoolWorker-1: Calling delphi to calculate conformer (177/669) GLN01A0791_001 in /tmp/pbe_data.data.home.schowdhury.Project_kinases.cof_tpl_mg.run_prot2.3UG2_GLN01A0791_001
ForkPoolWorker-1: Calling delphi to calculate conformer (178/669) GLN01A0791_002 in /tmp/pbe_data.data.home.schowdhury.Project_kinases.cof_tpl_mg.run_prot2.3UG2_GLN01A0791_002
Skipping PBE solver for non-charge conformer (179/669) LEU01A0792_001...
ForkPoolWorker-1: Calling delphi to calculate conformer (180/669) MET01A0793_001 in /tmp/pbe_data.data.home.schowdhury.Project_kinases.cof_tpl_mg.run_prot2.3UG2_MET01A0793_001
Skipping PBE solver for non-charge conformer (181/669) PRO01A0794_001...
Skipping PBE solver for non-charge conformer (182/669) PHE01A0795_001...
ForkPoolWorker-1: Calling delphi to calculate conformer (183/669) CYS01A0797_001 in /tmp/pbe_data.data.home.schowdhury.Project_kinases.cof_tpl_mg.run_prot2.3UG2_CYS01A0797_001
ForkPoolWorker-1: Calling delphi to calculate conformer (184/669) CYS01A0797_002 in /tmp/pbe_data.data.home.schowdhury.Project_kinases.cof_tpl_mg.run_prot2.3UG2_CYS01A0797_002
ForkPoolWorker-1: Calling delphi to calculate conformer (185/669) CYS01A0797_003 in /tmp/pbe_data.data.home.schowdhury.Project_kinases.cof_tpl_mg.run_prot2.3UG2_CYS01A0797_003
ForkPoolWorker-1: Calling delphi to calculate conformer (186/669) CYS-1A0797_004 in /tmp/pbe_data.data.home.schowdhury.Project_kinases.cof_tpl_mg.run_prot2.3UG2_CYS-1A0797_004
Skipping PBE solver for non-charge conformer (187/669) LEU01A0798_001...
Skipping PBE solver for non-charge conformer (188/669) LEU01A0799_001...
ForkPoolWorker-1: Calling delphi to calculate conformer (189/669) ASP01A0800_001 in /tmp/pbe_data.data.home.schowdhury.Project_kinases.cof_tpl_mg.run_prot2.3UG2_ASP01A0800_001
ForkPoolWorker-1: Calling delphi to calculate conformer (190/669) ASP01A0800_002 in /tmp/pbe_data.data.home.schowdhury.Project_kinases.cof_tpl_mg.run_prot2.3UG2_ASP01A0800_002
ForkPoolWorker-1: Calling delphi to calculate conformer (191/669) ASP02A0800_003 in /tmp/pbe_data.data.home.schowdhury.Project_kinases.cof_tpl_mg.run_prot2.3UG2_ASP02A0800_003
ForkPoolWorker-1: Calling delphi to calculate conformer (192/669) ASP02A0800_004 in /tmp/pbe_data.data.home.schowdhury.Project_kinases.cof_tpl_mg.run_prot2.3UG2_ASP02A0800_004
ForkPoolWorker-1: Calling delphi to calculate conformer (193/669) ASP-1A0800_005 in /tmp/pbe_data.data.home.schowdhury.Project_kinases.cof_tpl_mg.run_prot2.3UG2_ASP-1A0800_005
ForkPoolWorker-1: Calling delphi to calculate conformer (194/669) TYR01A0801_001 in /tmp/pbe_data.data.home.schowdhury.Project_kinases.cof_tpl_mg.run_prot2.3UG2_TYR01A0801_001
ForkPoolWorker-1: Calling delphi to calculate conformer (195/669) TYR-1A0801_002 in /tmp/pbe_data.data.home.schowdhury.Project_kinases.cof_tpl_mg.run_prot2.3UG2_TYR-1A0801_002
Skipping PBE solver for non-charge conformer (196/669) VAL01A0802_001...
ForkPoolWorker-1: Calling delphi to calculate conformer (197/669) ARG01A0803_001 in /tmp/pbe_data.data.home.schowdhury.Project_kinases.cof_tpl_mg.run_prot2.3UG2_ARG01A0803_001
ForkPoolWorker-1: Calling delphi to calculate conformer (198/669) ARG02A0803_002 in /tmp/pbe_data.data.home.schowdhury.Project_kinases.cof_tpl_mg.run_prot2.3UG2_ARG02A0803_002
ForkPoolWorker-1: Calling delphi to calculate conformer (199/669) ARG03A0803_003 in /tmp/pbe_data.data.home.schowdhury.Project_kinases.cof_tpl_mg.run_prot2.3UG2_ARG03A0803_003
ForkPoolWorker-1: Calling delphi to calculate conformer (200/669) ARG+1A0803_004 in /tmp/pbe_data.data.home.schowdhury.Project_kinases.cof_tpl_mg.run_prot2.3UG2_ARG+1A0803_004
ForkPoolWorker-1: Calling delphi to calculate conformer (201/669) GLU01A0804_001 in /tmp/pbe_data.data.home.schowdhury.Project_kinases.cof_tpl_mg.run_prot2.3UG2_GLU01A0804_001
ForkPoolWorker-1: Calling delphi to calculate conformer (202/669) GLU01A0804_002 in /tmp/pbe_data.data.home.schowdhury.Project_kinases.cof_tpl_mg.run_prot2.3UG2_GLU01A0804_002
ForkPoolWorker-1: Calling delphi to calculate conformer (203/669) GLU02A0804_003 in /tmp/pbe_data.data.home.schowdhury.Project_kinases.cof_tpl_mg.run_prot2.3UG2_GLU02A0804_003
ForkPoolWorker-1: Calling delphi to calculate conformer (204/669) GLU02A0804_004 in /tmp/pbe_data.data.home.schowdhury.Project_kinases.cof_tpl_mg.run_prot2.3UG2_GLU02A0804_004
ForkPoolWorker-1: Calling delphi to calculate conformer (205/669) GLU-1A0804_005 in /tmp/pbe_data.data.home.schowdhury.Project_kinases.cof_tpl_mg.run_prot2.3UG2_GLU-1A0804_005
ForkPoolWorker-1: Calling delphi to calculate conformer (206/669) HIS01A0805_001 in /tmp/pbe_data.data.home.schowdhury.Project_kinases.cof_tpl_mg.run_prot2.3UG2_HIS01A0805_001
ForkPoolWorker-1: Calling delphi to calculate conformer (207/669) HIS01A0805_002 in /tmp/pbe_data.data.home.schowdhury.Project_kinases.cof_tpl_mg.run_prot2.3UG2_HIS01A0805_002
ForkPoolWorker-1: Calling delphi to calculate conformer (208/669) HIS02A0805_003 in /tmp/pbe_data.data.home.schowdhury.Project_kinases.cof_tpl_mg.run_prot2.3UG2_HIS02A0805_003
ForkPoolWorker-1: Calling delphi to calculate conformer (209/669) HIS02A0805_004 in /tmp/pbe_data.data.home.schowdhury.Project_kinases.cof_tpl_mg.run_prot2.3UG2_HIS02A0805_004
ForkPoolWorker-1: Calling delphi to calculate conformer (210/669) HIS+1A0805_005 in /tmp/pbe_data.data.home.schowdhury.Project_kinases.cof_tpl_mg.run_prot2.3UG2_HIS+1A0805_005
ForkPoolWorker-1: Calling delphi to calculate conformer (211/669) HIS+1A0805_006 in /tmp/pbe_data.data.home.schowdhury.Project_kinases.cof_tpl_mg.run_prot2.3UG2_HIS+1A0805_006
ForkPoolWorker-1: Calling delphi to calculate conformer (212/669) LYS01A0806_001 in /tmp/pbe_data.data.home.schowdhury.Project_kinases.cof_tpl_mg.run_prot2.3UG2_LYS01A0806_001
ForkPoolWorker-1: Calling delphi to calculate conformer (213/669) LYS+1A0806_002 in /tmp/pbe_data.data.home.schowdhury.Project_kinases.cof_tpl_mg.run_prot2.3UG2_LYS+1A0806_002
ForkPoolWorker-1: Calling delphi to calculate conformer (214/669) ASP01A0807_001 in /tmp/pbe_data.data.home.schowdhury.Project_kinases.cof_tpl_mg.run_prot2.3UG2_ASP01A0807_001
ForkPoolWorker-1: Calling delphi to calculate conformer (215/669) ASP01A0807_002 in /tmp/pbe_data.data.home.schowdhury.Project_kinases.cof_tpl_mg.run_prot2.3UG2_ASP01A0807_002
ForkPoolWorker-1: Calling delphi to calculate conformer (216/669) ASP02A0807_003 in /tmp/pbe_data.data.home.schowdhury.Project_kinases.cof_tpl_mg.run_prot2.3UG2_ASP02A0807_003
ForkPoolWorker-1: Calling delphi to calculate conformer (217/669) ASP02A0807_004 in /tmp/pbe_data.data.home.schowdhury.Project_kinases.cof_tpl_mg.run_prot2.3UG2_ASP02A0807_004
ForkPoolWorker-1: Calling delphi to calculate conformer (218/669) ASP-1A0807_005 in /tmp/pbe_data.data.home.schowdhury.Project_kinases.cof_tpl_mg.run_prot2.3UG2_ASP-1A0807_005
ForkPoolWorker-1: Calling delphi to calculate conformer (219/669) ASN01A0808_001 in /tmp/pbe_data.data.home.schowdhury.Project_kinases.cof_tpl_mg.run_prot2.3UG2_ASN01A0808_001
ForkPoolWorker-1: Calling delphi to calculate conformer (220/669) ASN01A0808_002 in /tmp/pbe_data.data.home.schowdhury.Project_kinases.cof_tpl_mg.run_prot2.3UG2_ASN01A0808_002
Skipping PBE solver for non-charge conformer (221/669) ILE01A0809_001...
ForkPoolWorker-1: Calling delphi to calculate conformer (222/669) SER01A0811_001 in /tmp/pbe_data.data.home.schowdhury.Project_kinases.cof_tpl_mg.run_prot2.3UG2_SER01A0811_001
ForkPoolWorker-1: Calling delphi to calculate conformer (223/669) SER01A0811_002 in /tmp/pbe_data.data.home.schowdhury.Project_kinases.cof_tpl_mg.run_prot2.3UG2_SER01A0811_002
ForkPoolWorker-1: Calling delphi to calculate conformer (224/669) SER01A0811_003 in /tmp/pbe_data.data.home.schowdhury.Project_kinases.cof_tpl_mg.run_prot2.3UG2_SER01A0811_003
ForkPoolWorker-1: Calling delphi to calculate conformer (225/669) SER01A0811_004 in /tmp/pbe_data.data.home.schowdhury.Project_kinases.cof_tpl_mg.run_prot2.3UG2_SER01A0811_004
ForkPoolWorker-1: Calling delphi to calculate conformer (226/669) GLN01A0812_001 in /tmp/pbe_data.data.home.schowdhury.Project_kinases.cof_tpl_mg.run_prot2.3UG2_GLN01A0812_001
ForkPoolWorker-1: Calling delphi to calculate conformer (227/669) GLN01A0812_002 in /tmp/pbe_data.data.home.schowdhury.Project_kinases.cof_tpl_mg.run_prot2.3UG2_GLN01A0812_002
ForkPoolWorker-1: Calling delphi to calculate conformer (228/669) TYR01A0813_001 in /tmp/pbe_data.data.home.schowdhury.Project_kinases.cof_tpl_mg.run_prot2.3UG2_TYR01A0813_001
ForkPoolWorker-1: Calling delphi to calculate conformer (229/669) TYR-1A0813_002 in /tmp/pbe_data.data.home.schowdhury.Project_kinases.cof_tpl_mg.run_prot2.3UG2_TYR-1A0813_002
Skipping PBE solver for non-charge conformer (230/669) LEU01A0814_001...
Skipping PBE solver for non-charge conformer (231/669) LEU01A0815_001...
ForkPoolWorker-1: Calling delphi to calculate conformer (232/669) ASN01A0816_001 in /tmp/pbe_data.data.home.schowdhury.Project_kinases.cof_tpl_mg.run_prot2.3UG2_ASN01A0816_001
ForkPoolWorker-1: Calling delphi to calculate conformer (233/669) ASN01A0816_002 in /tmp/pbe_data.data.home.schowdhury.Project_kinases.cof_tpl_mg.run_prot2.3UG2_ASN01A0816_002
Skipping PBE solver for non-charge conformer (234/669) TRP01A0817_001...
ForkPoolWorker-1: Calling delphi to calculate conformer (235/669) CYS01A0818_001 in /tmp/pbe_data.data.home.schowdhury.Project_kinases.cof_tpl_mg.run_prot2.3UG2_CYS01A0818_001
ForkPoolWorker-1: Calling delphi to calculate conformer (236/669) CYS01A0818_002 in /tmp/pbe_data.data.home.schowdhury.Project_kinases.cof_tpl_mg.run_prot2.3UG2_CYS01A0818_002
ForkPoolWorker-1: Calling delphi to calculate conformer (237/669) CYS01A0818_003 in /tmp/pbe_data.data.home.schowdhury.Project_kinases.cof_tpl_mg.run_prot2.3UG2_CYS01A0818_003
ForkPoolWorker-1: Calling delphi to calculate conformer (238/669) CYS-1A0818_004 in /tmp/pbe_data.data.home.schowdhury.Project_kinases.cof_tpl_mg.run_prot2.3UG2_CYS-1A0818_004
Skipping PBE solver for non-charge conformer (239/669) VAL01A0819_001...
ForkPoolWorker-1: Calling delphi to calculate conformer (240/669) GLN01A0820_001 in /tmp/pbe_data.data.home.schowdhury.Project_kinases.cof_tpl_mg.run_prot2.3UG2_GLN01A0820_001
ForkPoolWorker-1: Calling delphi to calculate conformer (241/669) GLN01A0820_002 in /tmp/pbe_data.data.home.schowdhury.Project_kinases.cof_tpl_mg.run_prot2.3UG2_GLN01A0820_002
Skipping PBE solver for non-charge conformer (242/669) ILE01A0821_001...
Skipping PBE solver for non-charge conformer (243/669) ALA01A0822_001...
ForkPoolWorker-1: Calling delphi to calculate conformer (244/669) LYS01A0823_001 in /tmp/pbe_data.data.home.schowdhury.Project_kinases.cof_tpl_mg.run_prot2.3UG2_LYS01A0823_001
ForkPoolWorker-1: Calling delphi to calculate conformer (245/669) LYS+1A0823_002 in /tmp/pbe_data.data.home.schowdhury.Project_kinases.cof_tpl_mg.run_prot2.3UG2_LYS+1A0823_002
ForkPoolWorker-1: Calling delphi to calculate conformer (246/669) MET01A0825_001 in /tmp/pbe_data.data.home.schowdhury.Project_kinases.cof_tpl_mg.run_prot2.3UG2_MET01A0825_001
ForkPoolWorker-1: Calling delphi to calculate conformer (247/669) ASN01A0826_001 in /tmp/pbe_data.data.home.schowdhury.Project_kinases.cof_tpl_mg.run_prot2.3UG2_ASN01A0826_001
ForkPoolWorker-1: Calling delphi to calculate conformer (248/669) ASN01A0826_002 in /tmp/pbe_data.data.home.schowdhury.Project_kinases.cof_tpl_mg.run_prot2.3UG2_ASN01A0826_002
ForkPoolWorker-1: Calling delphi to calculate conformer (249/669) TYR01A0827_001 in /tmp/pbe_data.data.home.schowdhury.Project_kinases.cof_tpl_mg.run_prot2.3UG2_TYR01A0827_001
ForkPoolWorker-1: Calling delphi to calculate conformer (250/669) TYR-1A0827_002 in /tmp/pbe_data.data.home.schowdhury.Project_kinases.cof_tpl_mg.run_prot2.3UG2_TYR-1A0827_002
Skipping PBE solver for non-charge conformer (251/669) LEU01A0828_001...
ForkPoolWorker-1: Calling delphi to calculate conformer (252/669) GLU01A0829_001 in /tmp/pbe_data.data.home.schowdhury.Project_kinases.cof_tpl_mg.run_prot2.3UG2_GLU01A0829_001
ForkPoolWorker-1: Calling delphi to calculate conformer (253/669) GLU01A0829_002 in /tmp/pbe_data.data.home.schowdhury.Project_kinases.cof_tpl_mg.run_prot2.3UG2_GLU01A0829_002
ForkPoolWorker-1: Calling delphi to calculate conformer (254/669) GLU02A0829_003 in /tmp/pbe_data.data.home.schowdhury.Project_kinases.cof_tpl_mg.run_prot2.3UG2_GLU02A0829_003
ForkPoolWorker-1: Calling delphi to calculate conformer (255/669) GLU02A0829_004 in /tmp/pbe_data.data.home.schowdhury.Project_kinases.cof_tpl_mg.run_prot2.3UG2_GLU02A0829_004
ForkPoolWorker-1: Calling delphi to calculate conformer (256/669) GLU-1A0829_005 in /tmp/pbe_data.data.home.schowdhury.Project_kinases.cof_tpl_mg.run_prot2.3UG2_GLU-1A0829_005
ForkPoolWorker-1: Calling delphi to calculate conformer (257/669) ASP01A0830_001 in /tmp/pbe_data.data.home.schowdhury.Project_kinases.cof_tpl_mg.run_prot2.3UG2_ASP01A0830_001
ForkPoolWorker-1: Calling delphi to calculate conformer (258/669) ASP01A0830_002 in /tmp/pbe_data.data.home.schowdhury.Project_kinases.cof_tpl_mg.run_prot2.3UG2_ASP01A0830_002
ForkPoolWorker-1: Calling delphi to calculate conformer (259/669) ASP02A0830_003 in /tmp/pbe_data.data.home.schowdhury.Project_kinases.cof_tpl_mg.run_prot2.3UG2_ASP02A0830_003
ForkPoolWorker-1: Calling delphi to calculate conformer (260/669) ASP02A0830_004 in /tmp/pbe_data.data.home.schowdhury.Project_kinases.cof_tpl_mg.run_prot2.3UG2_ASP02A0830_004
ForkPoolWorker-1: Calling delphi to calculate conformer (261/669) ASP-1A0830_005 in /tmp/pbe_data.data.home.schowdhury.Project_kinases.cof_tpl_mg.run_prot2.3UG2_ASP-1A0830_005
ForkPoolWorker-1: Calling delphi to calculate conformer (262/669) ARG01A0831_001 in /tmp/pbe_data.data.home.schowdhury.Project_kinases.cof_tpl_mg.run_prot2.3UG2_ARG01A0831_001
ForkPoolWorker-1: Calling delphi to calculate conformer (263/669) ARG02A0831_002 in /tmp/pbe_data.data.home.schowdhury.Project_kinases.cof_tpl_mg.run_prot2.3UG2_ARG02A0831_002
ForkPoolWorker-1: Calling delphi to calculate conformer (264/669) ARG03A0831_003 in /tmp/pbe_data.data.home.schowdhury.Project_kinases.cof_tpl_mg.run_prot2.3UG2_ARG03A0831_003
ForkPoolWorker-1: Calling delphi to calculate conformer (265/669) ARG+1A0831_004 in /tmp/pbe_data.data.home.schowdhury.Project_kinases.cof_tpl_mg.run_prot2.3UG2_ARG+1A0831_004
ForkPoolWorker-1: Calling delphi to calculate conformer (266/669) ARG01A0832_001 in /tmp/pbe_data.data.home.schowdhury.Project_kinases.cof_tpl_mg.run_prot2.3UG2_ARG01A0832_001
ForkPoolWorker-1: Calling delphi to calculate conformer (267/669) ARG02A0832_002 in /tmp/pbe_data.data.home.schowdhury.Project_kinases.cof_tpl_mg.run_prot2.3UG2_ARG02A0832_002
ForkPoolWorker-1: Calling delphi to calculate conformer (268/669) ARG03A0832_003 in /tmp/pbe_data.data.home.schowdhury.Project_kinases.cof_tpl_mg.run_prot2.3UG2_ARG03A0832_003
ForkPoolWorker-1: Calling delphi to calculate conformer (269/669) ARG03A0832_004 in /tmp/pbe_data.data.home.schowdhury.Project_kinases.cof_tpl_mg.run_prot2.3UG2_ARG03A0832_004
ForkPoolWorker-1: Calling delphi to calculate conformer (270/669) ARG+1A0832_005 in /tmp/pbe_data.data.home.schowdhury.Project_kinases.cof_tpl_mg.run_prot2.3UG2_ARG+1A0832_005
Skipping PBE solver for non-charge conformer (271/669) LEU01A0833_001...
Skipping PBE solver for non-charge conformer (272/669) VAL01A0834_001...
ForkPoolWorker-1: Calling delphi to calculate conformer (273/669) HIS01A0835_001 in /tmp/pbe_data.data.home.schowdhury.Project_kinases.cof_tpl_mg.run_prot2.3UG2_HIS01A0835_001
ForkPoolWorker-1: Calling delphi to calculate conformer (274/669) HIS02A0835_002 in /tmp/pbe_data.data.home.schowdhury.Project_kinases.cof_tpl_mg.run_prot2.3UG2_HIS02A0835_002
ForkPoolWorker-1: Calling delphi to calculate conformer (275/669) HIS+1A0835_003 in /tmp/pbe_data.data.home.schowdhury.Project_kinases.cof_tpl_mg.run_prot2.3UG2_HIS+1A0835_003
ForkPoolWorker-1: Calling delphi to calculate conformer (276/669) ARG01A0836_001 in /tmp/pbe_data.data.home.schowdhury.Project_kinases.cof_tpl_mg.run_prot2.3UG2_ARG01A0836_001
ForkPoolWorker-1: Calling delphi to calculate conformer (277/669) ARG02A0836_002 in /tmp/pbe_data.data.home.schowdhury.Project_kinases.cof_tpl_mg.run_prot2.3UG2_ARG02A0836_002
ForkPoolWorker-1: Calling delphi to calculate conformer (278/669) ARG02A0836_003 in /tmp/pbe_data.data.home.schowdhury.Project_kinases.cof_tpl_mg.run_prot2.3UG2_ARG02A0836_003
ForkPoolWorker-1: Calling delphi to calculate conformer (279/669) ARG03A0836_004 in /tmp/pbe_data.data.home.schowdhury.Project_kinases.cof_tpl_mg.run_prot2.3UG2_ARG03A0836_004
ForkPoolWorker-1: Calling delphi to calculate conformer (280/669) ARG03A0836_005 in /tmp/pbe_data.data.home.schowdhury.Project_kinases.cof_tpl_mg.run_prot2.3UG2_ARG03A0836_005
ForkPoolWorker-1: Calling delphi to calculate conformer (281/669) ARG+1A0836_006 in /tmp/pbe_data.data.home.schowdhury.Project_kinases.cof_tpl_mg.run_prot2.3UG2_ARG+1A0836_006
ForkPoolWorker-1: Calling delphi to calculate conformer (282/669) ASP01A0837_001 in /tmp/pbe_data.data.home.schowdhury.Project_kinases.cof_tpl_mg.run_prot2.3UG2_ASP01A0837_001
ForkPoolWorker-1: Calling delphi to calculate conformer (283/669) ASP01A0837_002 in /tmp/pbe_data.data.home.schowdhury.Project_kinases.cof_tpl_mg.run_prot2.3UG2_ASP01A0837_002
ForkPoolWorker-1: Calling delphi to calculate conformer (284/669) ASP01A0837_003 in /tmp/pbe_data.data.home.schowdhury.Project_kinases.cof_tpl_mg.run_prot2.3UG2_ASP01A0837_003
ForkPoolWorker-1: Calling delphi to calculate conformer (285/669) ASP01A0837_004 in /tmp/pbe_data.data.home.schowdhury.Project_kinases.cof_tpl_mg.run_prot2.3UG2_ASP01A0837_004
ForkPoolWorker-1: Calling delphi to calculate conformer (286/669) ASP02A0837_005 in /tmp/pbe_data.data.home.schowdhury.Project_kinases.cof_tpl_mg.run_prot2.3UG2_ASP02A0837_005
ForkPoolWorker-1: Calling delphi to calculate conformer (287/669) ASP02A0837_006 in /tmp/pbe_data.data.home.schowdhury.Project_kinases.cof_tpl_mg.run_prot2.3UG2_ASP02A0837_006
ForkPoolWorker-1: Calling delphi to calculate conformer (288/669) ASP02A0837_007 in /tmp/pbe_data.data.home.schowdhury.Project_kinases.cof_tpl_mg.run_prot2.3UG2_ASP02A0837_007
ForkPoolWorker-1: Calling delphi to calculate conformer (289/669) ASP02A0837_008 in /tmp/pbe_data.data.home.schowdhury.Project_kinases.cof_tpl_mg.run_prot2.3UG2_ASP02A0837_008
ForkPoolWorker-1: Calling delphi to calculate conformer (290/669) ASP-1A0837_009 in /tmp/pbe_data.data.home.schowdhury.Project_kinases.cof_tpl_mg.run_prot2.3UG2_ASP-1A0837_009
ForkPoolWorker-1: Calling delphi to calculate conformer (291/669) ASP-1A0837_010 in /tmp/pbe_data.data.home.schowdhury.Project_kinases.cof_tpl_mg.run_prot2.3UG2_ASP-1A0837_010
Skipping PBE solver for non-charge conformer (292/669) LEU01A0838_001...
Skipping PBE solver for non-charge conformer (293/669) ALA01A0839_001...
Skipping PBE solver for non-charge conformer (294/669) ALA01A0840_001...
ForkPoolWorker-1: Calling delphi to calculate conformer (295/669) ARG01A0841_001 in /tmp/pbe_data.data.home.schowdhury.Project_kinases.cof_tpl_mg.run_prot2.3UG2_ARG01A0841_001
ForkPoolWorker-1: Calling delphi to calculate conformer (296/669) ARG02A0841_002 in /tmp/pbe_data.data.home.schowdhury.Project_kinases.cof_tpl_mg.run_prot2.3UG2_ARG02A0841_002
ForkPoolWorker-1: Calling delphi to calculate conformer (297/669) ARG02A0841_003 in /tmp/pbe_data.data.home.schowdhury.Project_kinases.cof_tpl_mg.run_prot2.3UG2_ARG02A0841_003
ForkPoolWorker-1: Calling delphi to calculate conformer (298/669) ARG03A0841_004 in /tmp/pbe_data.data.home.schowdhury.Project_kinases.cof_tpl_mg.run_prot2.3UG2_ARG03A0841_004
ForkPoolWorker-1: Calling delphi to calculate conformer (299/669) ARG+1A0841_005 in /tmp/pbe_data.data.home.schowdhury.Project_kinases.cof_tpl_mg.run_prot2.3UG2_ARG+1A0841_005
ForkPoolWorker-1: Calling delphi to calculate conformer (300/669) ASN01A0842_001 in /tmp/pbe_data.data.home.schowdhury.Project_kinases.cof_tpl_mg.run_prot2.3UG2_ASN01A0842_001
ForkPoolWorker-1: Calling delphi to calculate conformer (301/669) ASN01A0842_002 in /tmp/pbe_data.data.home.schowdhury.Project_kinases.cof_tpl_mg.run_prot2.3UG2_ASN01A0842_002
Skipping PBE solver for non-charge conformer (302/669) VAL01A0843_001...
Skipping PBE solver for non-charge conformer (303/669) LEU01A0844_001...
Skipping PBE solver for non-charge conformer (304/669) VAL01A0845_001...
ForkPoolWorker-1: Calling delphi to calculate conformer (305/669) LYS01A0846_001 in /tmp/pbe_data.data.home.schowdhury.Project_kinases.cof_tpl_mg.run_prot2.3UG2_LYS01A0846_001
ForkPoolWorker-1: Calling delphi to calculate conformer (306/669) LYS+1A0846_002 in /tmp/pbe_data.data.home.schowdhury.Project_kinases.cof_tpl_mg.run_prot2.3UG2_LYS+1A0846_002
ForkPoolWorker-1: Calling delphi to calculate conformer (307/669) THR01A0847_001 in /tmp/pbe_data.data.home.schowdhury.Project_kinases.cof_tpl_mg.run_prot2.3UG2_THR01A0847_001
Skipping PBE solver for non-charge conformer (308/669) PRO01A0848_001...
ForkPoolWorker-1: Calling delphi to calculate conformer (309/669) GLN01A0849_001 in /tmp/pbe_data.data.home.schowdhury.Project_kinases.cof_tpl_mg.run_prot2.3UG2_GLN01A0849_001
ForkPoolWorker-1: Calling delphi to calculate conformer (310/669) GLN01A0849_002 in /tmp/pbe_data.data.home.schowdhury.Project_kinases.cof_tpl_mg.run_prot2.3UG2_GLN01A0849_002
ForkPoolWorker-1: Calling delphi to calculate conformer (311/669) HIS01A0850_001 in /tmp/pbe_data.data.home.schowdhury.Project_kinases.cof_tpl_mg.run_prot2.3UG2_HIS01A0850_001
ForkPoolWorker-1: Calling delphi to calculate conformer (312/669) HIS02A0850_002 in /tmp/pbe_data.data.home.schowdhury.Project_kinases.cof_tpl_mg.run_prot2.3UG2_HIS02A0850_002
ForkPoolWorker-1: Calling delphi to calculate conformer (313/669) HIS+1A0850_003 in /tmp/pbe_data.data.home.schowdhury.Project_kinases.cof_tpl_mg.run_prot2.3UG2_HIS+1A0850_003
Skipping PBE solver for non-charge conformer (314/669) VAL01A0851_001...
ForkPoolWorker-1: Calling delphi to calculate conformer (315/669) LYS01A0852_001 in /tmp/pbe_data.data.home.schowdhury.Project_kinases.cof_tpl_mg.run_prot2.3UG2_LYS01A0852_001
ForkPoolWorker-1: Calling delphi to calculate conformer (316/669) LYS+1A0852_002 in /tmp/pbe_data.data.home.schowdhury.Project_kinases.cof_tpl_mg.run_prot2.3UG2_LYS+1A0852_002
Skipping PBE solver for non-charge conformer (317/669) ILE01A0853_001...
ForkPoolWorker-1: Calling delphi to calculate conformer (318/669) THR01A0854_001 in /tmp/pbe_data.data.home.schowdhury.Project_kinases.cof_tpl_mg.run_prot2.3UG2_THR01A0854_001
ForkPoolWorker-1: Calling delphi to calculate conformer (319/669) THR01A0854_002 in /tmp/pbe_data.data.home.schowdhury.Project_kinases.cof_tpl_mg.run_prot2.3UG2_THR01A0854_002
ForkPoolWorker-1: Calling delphi to calculate conformer (320/669) THR01A0854_003 in /tmp/pbe_data.data.home.schowdhury.Project_kinases.cof_tpl_mg.run_prot2.3UG2_THR01A0854_003
ForkPoolWorker-1: Calling delphi to calculate conformer (321/669) ASP01A0855_001 in /tmp/pbe_data.data.home.schowdhury.Project_kinases.cof_tpl_mg.run_prot2.3UG2_ASP01A0855_001
ForkPoolWorker-1: Calling delphi to calculate conformer (322/669) ASP01A0855_002 in /tmp/pbe_data.data.home.schowdhury.Project_kinases.cof_tpl_mg.run_prot2.3UG2_ASP01A0855_002
ForkPoolWorker-1: Calling delphi to calculate conformer (323/669) ASP02A0855_003 in /tmp/pbe_data.data.home.schowdhury.Project_kinases.cof_tpl_mg.run_prot2.3UG2_ASP02A0855_003
ForkPoolWorker-1: Calling delphi to calculate conformer (324/669) ASP02A0855_004 in /tmp/pbe_data.data.home.schowdhury.Project_kinases.cof_tpl_mg.run_prot2.3UG2_ASP02A0855_004
ForkPoolWorker-1: Calling delphi to calculate conformer (325/669) ASP-1A0855_005 in /tmp/pbe_data.data.home.schowdhury.Project_kinases.cof_tpl_mg.run_prot2.3UG2_ASP-1A0855_005
Skipping PBE solver for non-charge conformer (326/669) PHE01A0856_001...
Skipping PBE solver for non-charge conformer (327/669) LEU01A0858_001...
Skipping PBE solver for non-charge conformer (328/669) ALA01A0859_001...
ForkPoolWorker-1: Calling delphi to calculate conformer (329/669) LYS01A0860_001 in /tmp/pbe_data.data.home.schowdhury.Project_kinases.cof_tpl_mg.run_prot2.3UG2_LYS01A0860_001
ForkPoolWorker-1: Calling delphi to calculate conformer (330/669) LYS+1A0860_002 in /tmp/pbe_data.data.home.schowdhury.Project_kinases.cof_tpl_mg.run_prot2.3UG2_LYS+1A0860_002
Skipping PBE solver for non-charge conformer (331/669) LEU01A0861_001...
Skipping PBE solver for non-charge conformer (332/669) LEU01A0862_001...
Skipping PBE solver for non-charge conformer (333/669) ALA01A0864_001...
ForkPoolWorker-1: Calling delphi to calculate conformer (334/669) GLU01A0865_001 in /tmp/pbe_data.data.home.schowdhury.Project_kinases.cof_tpl_mg.run_prot2.3UG2_GLU01A0865_001
ForkPoolWorker-1: Calling delphi to calculate conformer (335/669) GLU01A0865_002 in /tmp/pbe_data.data.home.schowdhury.Project_kinases.cof_tpl_mg.run_prot2.3UG2_GLU01A0865_002
ForkPoolWorker-1: Calling delphi to calculate conformer (336/669) GLU02A0865_003 in /tmp/pbe_data.data.home.schowdhury.Project_kinases.cof_tpl_mg.run_prot2.3UG2_GLU02A0865_003
ForkPoolWorker-1: Calling delphi to calculate conformer (337/669) GLU02A0865_004 in /tmp/pbe_data.data.home.schowdhury.Project_kinases.cof_tpl_mg.run_prot2.3UG2_GLU02A0865_004
ForkPoolWorker-1: Calling delphi to calculate conformer (338/669) GLU-1A0865_005 in /tmp/pbe_data.data.home.schowdhury.Project_kinases.cof_tpl_mg.run_prot2.3UG2_GLU-1A0865_005
ForkPoolWorker-1: Calling delphi to calculate conformer (339/669) GLU01A0866_001 in /tmp/pbe_data.data.home.schowdhury.Project_kinases.cof_tpl_mg.run_prot2.3UG2_GLU01A0866_001
ForkPoolWorker-1: Calling delphi to calculate conformer (340/669) GLU01A0866_002 in /tmp/pbe_data.data.home.schowdhury.Project_kinases.cof_tpl_mg.run_prot2.3UG2_GLU01A0866_002
ForkPoolWorker-1: Calling delphi to calculate conformer (341/669) GLU02A0866_003 in /tmp/pbe_data.data.home.schowdhury.Project_kinases.cof_tpl_mg.run_prot2.3UG2_GLU02A0866_003
ForkPoolWorker-1: Calling delphi to calculate conformer (342/669) GLU02A0866_004 in /tmp/pbe_data.data.home.schowdhury.Project_kinases.cof_tpl_mg.run_prot2.3UG2_GLU02A0866_004
ForkPoolWorker-1: Calling delphi to calculate conformer (343/669) GLU-1A0866_005 in /tmp/pbe_data.data.home.schowdhury.Project_kinases.cof_tpl_mg.run_prot2.3UG2_GLU-1A0866_005
ForkPoolWorker-1: Calling delphi to calculate conformer (344/669) LYS01A0867_001 in /tmp/pbe_data.data.home.schowdhury.Project_kinases.cof_tpl_mg.run_prot2.3UG2_LYS01A0867_001
ForkPoolWorker-1: Calling delphi to calculate conformer (345/669) LYS+1A0867_002 in /tmp/pbe_data.data.home.schowdhury.Project_kinases.cof_tpl_mg.run_prot2.3UG2_LYS+1A0867_002
ForkPoolWorker-1: Calling delphi to calculate conformer (346/669) GLU01A0868_001 in /tmp/pbe_data.data.home.schowdhury.Project_kinases.cof_tpl_mg.run_prot2.3UG2_GLU01A0868_001
ForkPoolWorker-1: Calling delphi to calculate conformer (347/669) GLU01A0868_002 in /tmp/pbe_data.data.home.schowdhury.Project_kinases.cof_tpl_mg.run_prot2.3UG2_GLU01A0868_002
ForkPoolWorker-1: Calling delphi to calculate conformer (348/669) GLU02A0868_003 in /tmp/pbe_data.data.home.schowdhury.Project_kinases.cof_tpl_mg.run_prot2.3UG2_GLU02A0868_003
ForkPoolWorker-1: Calling delphi to calculate conformer (349/669) GLU02A0868_004 in /tmp/pbe_data.data.home.schowdhury.Project_kinases.cof_tpl_mg.run_prot2.3UG2_GLU02A0868_004
ForkPoolWorker-1: Calling delphi to calculate conformer (350/669) GLU-1A0868_005 in /tmp/pbe_data.data.home.schowdhury.Project_kinases.cof_tpl_mg.run_prot2.3UG2_GLU-1A0868_005
ForkPoolWorker-1: Calling delphi to calculate conformer (351/669) TYR01A0869_001 in /tmp/pbe_data.data.home.schowdhury.Project_kinases.cof_tpl_mg.run_prot2.3UG2_TYR01A0869_001
ForkPoolWorker-1: Calling delphi to calculate conformer (352/669) TYR01A0869_002 in /tmp/pbe_data.data.home.schowdhury.Project_kinases.cof_tpl_mg.run_prot2.3UG2_TYR01A0869_002
ForkPoolWorker-1: Calling delphi to calculate conformer (353/669) TYR-1A0869_003 in /tmp/pbe_data.data.home.schowdhury.Project_kinases.cof_tpl_mg.run_prot2.3UG2_TYR-1A0869_003
ForkPoolWorker-1: Calling delphi to calculate conformer (354/669) HIS01A0870_001 in /tmp/pbe_data.data.home.schowdhury.Project_kinases.cof_tpl_mg.run_prot2.3UG2_HIS01A0870_001
ForkPoolWorker-1: Calling delphi to calculate conformer (355/669) HIS01A0870_002 in /tmp/pbe_data.data.home.schowdhury.Project_kinases.cof_tpl_mg.run_prot2.3UG2_HIS01A0870_002
ForkPoolWorker-1: Calling delphi to calculate conformer (356/669) HIS02A0870_003 in /tmp/pbe_data.data.home.schowdhury.Project_kinases.cof_tpl_mg.run_prot2.3UG2_HIS02A0870_003
ForkPoolWorker-1: Calling delphi to calculate conformer (357/669) HIS02A0870_004 in /tmp/pbe_data.data.home.schowdhury.Project_kinases.cof_tpl_mg.run_prot2.3UG2_HIS02A0870_004
ForkPoolWorker-1: Calling delphi to calculate conformer (358/669) HIS+1A0870_005 in /tmp/pbe_data.data.home.schowdhury.Project_kinases.cof_tpl_mg.run_prot2.3UG2_HIS+1A0870_005
ForkPoolWorker-1: Calling delphi to calculate conformer (359/669) HIS+1A0870_006 in /tmp/pbe_data.data.home.schowdhury.Project_kinases.cof_tpl_mg.run_prot2.3UG2_HIS+1A0870_006
Skipping PBE solver for non-charge conformer (360/669) ALA01A0871_001...
ForkPoolWorker-1: Calling delphi to calculate conformer (361/669) GLU01A0872_001 in /tmp/pbe_data.data.home.schowdhury.Project_kinases.cof_tpl_mg.run_prot2.3UG2_GLU01A0872_001
ForkPoolWorker-1: Calling delphi to calculate conformer (362/669) GLU01A0872_002 in /tmp/pbe_data.data.home.schowdhury.Project_kinases.cof_tpl_mg.run_prot2.3UG2_GLU01A0872_002
ForkPoolWorker-1: Calling delphi to calculate conformer (363/669) GLU02A0872_003 in /tmp/pbe_data.data.home.schowdhury.Project_kinases.cof_tpl_mg.run_prot2.3UG2_GLU02A0872_003
ForkPoolWorker-1: Calling delphi to calculate conformer (364/669) GLU02A0872_004 in /tmp/pbe_data.data.home.schowdhury.Project_kinases.cof_tpl_mg.run_prot2.3UG2_GLU02A0872_004
ForkPoolWorker-1: Calling delphi to calculate conformer (365/669) GLU-1A0872_005 in /tmp/pbe_data.data.home.schowdhury.Project_kinases.cof_tpl_mg.run_prot2.3UG2_GLU-1A0872_005
ForkPoolWorker-1: Calling delphi to calculate conformer (366/669) LYS01A0875_001 in /tmp/pbe_data.data.home.schowdhury.Project_kinases.cof_tpl_mg.run_prot2.3UG2_LYS01A0875_001
ForkPoolWorker-1: Calling delphi to calculate conformer (367/669) LYS+1A0875_002 in /tmp/pbe_data.data.home.schowdhury.Project_kinases.cof_tpl_mg.run_prot2.3UG2_LYS+1A0875_002
Skipping PBE solver for non-charge conformer (368/669) VAL01A0876_001...
Skipping PBE solver for non-charge conformer (369/669) PRO01A0877_001...
Skipping PBE solver for non-charge conformer (370/669) ILE01A0878_001...
ForkPoolWorker-1: Calling delphi to calculate conformer (371/669) LYS01A0879_001 in /tmp/pbe_data.data.home.schowdhury.Project_kinases.cof_tpl_mg.run_prot2.3UG2_LYS01A0879_001
ForkPoolWorker-1: Calling delphi to calculate conformer (372/669) LYS+1A0879_002 in /tmp/pbe_data.data.home.schowdhury.Project_kinases.cof_tpl_mg.run_prot2.3UG2_LYS+1A0879_002
Skipping PBE solver for non-charge conformer (373/669) TRP01A0880_001...
ForkPoolWorker-1: Calling delphi to calculate conformer (374/669) MET01A0881_001 in /tmp/pbe_data.data.home.schowdhury.Project_kinases.cof_tpl_mg.run_prot2.3UG2_MET01A0881_001
Skipping PBE solver for non-charge conformer (375/669) ALA01A0882_001...
Skipping PBE solver for non-charge conformer (376/669) LEU01A0883_001...
ForkPoolWorker-1: Calling delphi to calculate conformer (377/669) GLU01A0884_001 in /tmp/pbe_data.data.home.schowdhury.Project_kinases.cof_tpl_mg.run_prot2.3UG2_GLU01A0884_001
ForkPoolWorker-1: Calling delphi to calculate conformer (378/669) GLU01A0884_002 in /tmp/pbe_data.data.home.schowdhury.Project_kinases.cof_tpl_mg.run_prot2.3UG2_GLU01A0884_002
ForkPoolWorker-1: Calling delphi to calculate conformer (379/669) GLU02A0884_003 in /tmp/pbe_data.data.home.schowdhury.Project_kinases.cof_tpl_mg.run_prot2.3UG2_GLU02A0884_003
ForkPoolWorker-1: Calling delphi to calculate conformer (380/669) GLU02A0884_004 in /tmp/pbe_data.data.home.schowdhury.Project_kinases.cof_tpl_mg.run_prot2.3UG2_GLU02A0884_004
ForkPoolWorker-1: Calling delphi to calculate conformer (381/669) GLU-1A0884_005 in /tmp/pbe_data.data.home.schowdhury.Project_kinases.cof_tpl_mg.run_prot2.3UG2_GLU-1A0884_005
ForkPoolWorker-1: Calling delphi to calculate conformer (382/669) SER01A0885_001 in /tmp/pbe_data.data.home.schowdhury.Project_kinases.cof_tpl_mg.run_prot2.3UG2_SER01A0885_001
ForkPoolWorker-1: Calling delphi to calculate conformer (383/669) SER01A0885_002 in /tmp/pbe_data.data.home.schowdhury.Project_kinases.cof_tpl_mg.run_prot2.3UG2_SER01A0885_002
ForkPoolWorker-1: Calling delphi to calculate conformer (384/669) SER01A0885_003 in /tmp/pbe_data.data.home.schowdhury.Project_kinases.cof_tpl_mg.run_prot2.3UG2_SER01A0885_003
Skipping PBE solver for non-charge conformer (385/669) ILE01A0886_001...
Skipping PBE solver for non-charge conformer (386/669) LEU01A0887_001...
ForkPoolWorker-1: Calling delphi to calculate conformer (387/669) HIS01A0888_001 in /tmp/pbe_data.data.home.schowdhury.Project_kinases.cof_tpl_mg.run_prot2.3UG2_HIS01A0888_001
ForkPoolWorker-1: Calling delphi to calculate conformer (388/669) HIS01A0888_002 in /tmp/pbe_data.data.home.schowdhury.Project_kinases.cof_tpl_mg.run_prot2.3UG2_HIS01A0888_002
ForkPoolWorker-1: Calling delphi to calculate conformer (389/669) HIS02A0888_003 in /tmp/pbe_data.data.home.schowdhury.Project_kinases.cof_tpl_mg.run_prot2.3UG2_HIS02A0888_003
ForkPoolWorker-1: Calling delphi to calculate conformer (390/669) HIS02A0888_004 in /tmp/pbe_data.data.home.schowdhury.Project_kinases.cof_tpl_mg.run_prot2.3UG2_HIS02A0888_004
ForkPoolWorker-1: Calling delphi to calculate conformer (391/669) HIS+1A0888_005 in /tmp/pbe_data.data.home.schowdhury.Project_kinases.cof_tpl_mg.run_prot2.3UG2_HIS+1A0888_005
ForkPoolWorker-1: Calling delphi to calculate conformer (392/669) HIS+1A0888_006 in /tmp/pbe_data.data.home.schowdhury.Project_kinases.cof_tpl_mg.run_prot2.3UG2_HIS+1A0888_006
ForkPoolWorker-1: Calling delphi to calculate conformer (393/669) ARG01A0889_001 in /tmp/pbe_data.data.home.schowdhury.Project_kinases.cof_tpl_mg.run_prot2.3UG2_ARG01A0889_001
ForkPoolWorker-1: Calling delphi to calculate conformer (394/669) ARG02A0889_002 in /tmp/pbe_data.data.home.schowdhury.Project_kinases.cof_tpl_mg.run_prot2.3UG2_ARG02A0889_002
ForkPoolWorker-1: Calling delphi to calculate conformer (395/669) ARG03A0889_003 in /tmp/pbe_data.data.home.schowdhury.Project_kinases.cof_tpl_mg.run_prot2.3UG2_ARG03A0889_003
ForkPoolWorker-1: Calling delphi to calculate conformer (396/669) ARG+1A0889_004 in /tmp/pbe_data.data.home.schowdhury.Project_kinases.cof_tpl_mg.run_prot2.3UG2_ARG+1A0889_004
Skipping PBE solver for non-charge conformer (397/669) ILE01A0890_001...
ForkPoolWorker-1: Calling delphi to calculate conformer (398/669) TYR01A0891_001 in /tmp/pbe_data.data.home.schowdhury.Project_kinases.cof_tpl_mg.run_prot2.3UG2_TYR01A0891_001
ForkPoolWorker-1: Calling delphi to calculate conformer (399/669) TYR-1A0891_002 in /tmp/pbe_data.data.home.schowdhury.Project_kinases.cof_tpl_mg.run_prot2.3UG2_TYR-1A0891_002
ForkPoolWorker-1: Calling delphi to calculate conformer (400/669) THR01A0892_001 in /tmp/pbe_data.data.home.schowdhury.Project_kinases.cof_tpl_mg.run_prot2.3UG2_THR01A0892_001
ForkPoolWorker-1: Calling delphi to calculate conformer (401/669) THR01A0892_002 in /tmp/pbe_data.data.home.schowdhury.Project_kinases.cof_tpl_mg.run_prot2.3UG2_THR01A0892_002
ForkPoolWorker-1: Calling delphi to calculate conformer (402/669) HIS01A0893_001 in /tmp/pbe_data.data.home.schowdhury.Project_kinases.cof_tpl_mg.run_prot2.3UG2_HIS01A0893_001
ForkPoolWorker-1: Calling delphi to calculate conformer (403/669) HIS01A0893_002 in /tmp/pbe_data.data.home.schowdhury.Project_kinases.cof_tpl_mg.run_prot2.3UG2_HIS01A0893_002
ForkPoolWorker-1: Calling delphi to calculate conformer (404/669) HIS02A0893_003 in /tmp/pbe_data.data.home.schowdhury.Project_kinases.cof_tpl_mg.run_prot2.3UG2_HIS02A0893_003
ForkPoolWorker-1: Calling delphi to calculate conformer (405/669) HIS02A0893_004 in /tmp/pbe_data.data.home.schowdhury.Project_kinases.cof_tpl_mg.run_prot2.3UG2_HIS02A0893_004
ForkPoolWorker-1: Calling delphi to calculate conformer (406/669) HIS+1A0893_005 in /tmp/pbe_data.data.home.schowdhury.Project_kinases.cof_tpl_mg.run_prot2.3UG2_HIS+1A0893_005
ForkPoolWorker-1: Calling delphi to calculate conformer (407/669) HIS+1A0893_006 in /tmp/pbe_data.data.home.schowdhury.Project_kinases.cof_tpl_mg.run_prot2.3UG2_HIS+1A0893_006
ForkPoolWorker-1: Calling delphi to calculate conformer (408/669) GLN01A0894_001 in /tmp/pbe_data.data.home.schowdhury.Project_kinases.cof_tpl_mg.run_prot2.3UG2_GLN01A0894_001
ForkPoolWorker-1: Calling delphi to calculate conformer (409/669) GLN01A0894_002 in /tmp/pbe_data.data.home.schowdhury.Project_kinases.cof_tpl_mg.run_prot2.3UG2_GLN01A0894_002
ForkPoolWorker-1: Calling delphi to calculate conformer (410/669) SER01A0895_001 in /tmp/pbe_data.data.home.schowdhury.Project_kinases.cof_tpl_mg.run_prot2.3UG2_SER01A0895_001
ForkPoolWorker-1: Calling delphi to calculate conformer (411/669) SER01A0895_002 in /tmp/pbe_data.data.home.schowdhury.Project_kinases.cof_tpl_mg.run_prot2.3UG2_SER01A0895_002
ForkPoolWorker-1: Calling delphi to calculate conformer (412/669) ASP01A0896_001 in /tmp/pbe_data.data.home.schowdhury.Project_kinases.cof_tpl_mg.run_prot2.3UG2_ASP01A0896_001
ForkPoolWorker-1: Calling delphi to calculate conformer (413/669) ASP01A0896_002 in /tmp/pbe_data.data.home.schowdhury.Project_kinases.cof_tpl_mg.run_prot2.3UG2_ASP01A0896_002
ForkPoolWorker-1: Calling delphi to calculate conformer (414/669) ASP02A0896_003 in /tmp/pbe_data.data.home.schowdhury.Project_kinases.cof_tpl_mg.run_prot2.3UG2_ASP02A0896_003
ForkPoolWorker-1: Calling delphi to calculate conformer (415/669) ASP02A0896_004 in /tmp/pbe_data.data.home.schowdhury.Project_kinases.cof_tpl_mg.run_prot2.3UG2_ASP02A0896_004
ForkPoolWorker-1: Calling delphi to calculate conformer (416/669) ASP-1A0896_005 in /tmp/pbe_data.data.home.schowdhury.Project_kinases.cof_tpl_mg.run_prot2.3UG2_ASP-1A0896_005
Skipping PBE solver for non-charge conformer (417/669) VAL01A0897_001...
Skipping PBE solver for non-charge conformer (418/669) TRP01A0898_001...
ForkPoolWorker-1: Calling delphi to calculate conformer (419/669) SER01A0899_001 in /tmp/pbe_data.data.home.schowdhury.Project_kinases.cof_tpl_mg.run_prot2.3UG2_SER01A0899_001
ForkPoolWorker-1: Calling delphi to calculate conformer (420/669) SER01A0899_002 in /tmp/pbe_data.data.home.schowdhury.Project_kinases.cof_tpl_mg.run_prot2.3UG2_SER01A0899_002
ForkPoolWorker-1: Calling delphi to calculate conformer (421/669) TYR01A0900_001 in /tmp/pbe_data.data.home.schowdhury.Project_kinases.cof_tpl_mg.run_prot2.3UG2_TYR01A0900_001
ForkPoolWorker-1: Calling delphi to calculate conformer (422/669) TYR01A0900_002 in /tmp/pbe_data.data.home.schowdhury.Project_kinases.cof_tpl_mg.run_prot2.3UG2_TYR01A0900_002
ForkPoolWorker-1: Calling delphi to calculate conformer (423/669) TYR-1A0900_003 in /tmp/pbe_data.data.home.schowdhury.Project_kinases.cof_tpl_mg.run_prot2.3UG2_TYR-1A0900_003
Skipping PBE solver for non-charge conformer (424/669) VAL01A0902_001...
ForkPoolWorker-1: Calling delphi to calculate conformer (425/669) THR01A0903_001 in /tmp/pbe_data.data.home.schowdhury.Project_kinases.cof_tpl_mg.run_prot2.3UG2_THR01A0903_001
ForkPoolWorker-1: Calling delphi to calculate conformer (426/669) THR01A0903_002 in /tmp/pbe_data.data.home.schowdhury.Project_kinases.cof_tpl_mg.run_prot2.3UG2_THR01A0903_002
ForkPoolWorker-1: Calling delphi to calculate conformer (427/669) THR01A0903_003 in /tmp/pbe_data.data.home.schowdhury.Project_kinases.cof_tpl_mg.run_prot2.3UG2_THR01A0903_003
Skipping PBE solver for non-charge conformer (428/669) VAL01A0904_001...
Skipping PBE solver for non-charge conformer (429/669) TRP01A0905_001...
ForkPoolWorker-1: Calling delphi to calculate conformer (430/669) GLU01A0906_001 in /tmp/pbe_data.data.home.schowdhury.Project_kinases.cof_tpl_mg.run_prot2.3UG2_GLU01A0906_001
ForkPoolWorker-1: Calling delphi to calculate conformer (431/669) GLU01A0906_002 in /tmp/pbe_data.data.home.schowdhury.Project_kinases.cof_tpl_mg.run_prot2.3UG2_GLU01A0906_002
ForkPoolWorker-1: Calling delphi to calculate conformer (432/669) GLU02A0906_003 in /tmp/pbe_data.data.home.schowdhury.Project_kinases.cof_tpl_mg.run_prot2.3UG2_GLU02A0906_003
ForkPoolWorker-1: Calling delphi to calculate conformer (433/669) GLU02A0906_004 in /tmp/pbe_data.data.home.schowdhury.Project_kinases.cof_tpl_mg.run_prot2.3UG2_GLU02A0906_004
ForkPoolWorker-1: Calling delphi to calculate conformer (434/669) GLU-1A0906_005 in /tmp/pbe_data.data.home.schowdhury.Project_kinases.cof_tpl_mg.run_prot2.3UG2_GLU-1A0906_005
Skipping PBE solver for non-charge conformer (435/669) LEU01A0907_001...
ForkPoolWorker-1: Calling delphi to calculate conformer (436/669) MET01A0908_001 in /tmp/pbe_data.data.home.schowdhury.Project_kinases.cof_tpl_mg.run_prot2.3UG2_MET01A0908_001
ForkPoolWorker-1: Calling delphi to calculate conformer (437/669) THR01A0909_001 in /tmp/pbe_data.data.home.schowdhury.Project_kinases.cof_tpl_mg.run_prot2.3UG2_THR01A0909_001
ForkPoolWorker-1: Calling delphi to calculate conformer (438/669) THR01A0909_002 in /tmp/pbe_data.data.home.schowdhury.Project_kinases.cof_tpl_mg.run_prot2.3UG2_THR01A0909_002
Skipping PBE solver for non-charge conformer (439/669) PHE01A0910_001...
ForkPoolWorker-1: Calling delphi to calculate conformer (440/669) SER01A0912_001 in /tmp/pbe_data.data.home.schowdhury.Project_kinases.cof_tpl_mg.run_prot2.3UG2_SER01A0912_001
ForkPoolWorker-1: Calling delphi to calculate conformer (441/669) SER01A0912_002 in /tmp/pbe_data.data.home.schowdhury.Project_kinases.cof_tpl_mg.run_prot2.3UG2_SER01A0912_002
ForkPoolWorker-1: Calling delphi to calculate conformer (442/669) SER01A0912_003 in /tmp/pbe_data.data.home.schowdhury.Project_kinases.cof_tpl_mg.run_prot2.3UG2_SER01A0912_003
ForkPoolWorker-1: Calling delphi to calculate conformer (443/669) LYS01A0913_001 in /tmp/pbe_data.data.home.schowdhury.Project_kinases.cof_tpl_mg.run_prot2.3UG2_LYS01A0913_001
ForkPoolWorker-1: Calling delphi to calculate conformer (444/669) LYS+1A0913_002 in /tmp/pbe_data.data.home.schowdhury.Project_kinases.cof_tpl_mg.run_prot2.3UG2_LYS+1A0913_002
Skipping PBE solver for non-charge conformer (445/669) PRO01A0914_001...
ForkPoolWorker-1: Calling delphi to calculate conformer (446/669) TYR01A0915_001 in /tmp/pbe_data.data.home.schowdhury.Project_kinases.cof_tpl_mg.run_prot2.3UG2_TYR01A0915_001
ForkPoolWorker-1: Calling delphi to calculate conformer (447/669) TYR-1A0915_002 in /tmp/pbe_data.data.home.schowdhury.Project_kinases.cof_tpl_mg.run_prot2.3UG2_TYR-1A0915_002
ForkPoolWorker-1: Calling delphi to calculate conformer (448/669) ASP01A0916_001 in /tmp/pbe_data.data.home.schowdhury.Project_kinases.cof_tpl_mg.run_prot2.3UG2_ASP01A0916_001
ForkPoolWorker-1: Calling delphi to calculate conformer (449/669) ASP01A0916_002 in /tmp/pbe_data.data.home.schowdhury.Project_kinases.cof_tpl_mg.run_prot2.3UG2_ASP01A0916_002
ForkPoolWorker-1: Calling delphi to calculate conformer (450/669) ASP02A0916_003 in /tmp/pbe_data.data.home.schowdhury.Project_kinases.cof_tpl_mg.run_prot2.3UG2_ASP02A0916_003
ForkPoolWorker-1: Calling delphi to calculate conformer (451/669) ASP02A0916_004 in /tmp/pbe_data.data.home.schowdhury.Project_kinases.cof_tpl_mg.run_prot2.3UG2_ASP02A0916_004
ForkPoolWorker-1: Calling delphi to calculate conformer (452/669) ASP-1A0916_005 in /tmp/pbe_data.data.home.schowdhury.Project_kinases.cof_tpl_mg.run_prot2.3UG2_ASP-1A0916_005
Skipping PBE solver for non-charge conformer (453/669) ILE01A0918_001...
Skipping PBE solver for non-charge conformer (454/669) PRO01A0919_001...
Skipping PBE solver for non-charge conformer (455/669) ALA01A0920_001...
ForkPoolWorker-1: Calling delphi to calculate conformer (456/669) SER01A0921_001 in /tmp/pbe_data.data.home.schowdhury.Project_kinases.cof_tpl_mg.run_prot2.3UG2_SER01A0921_001
ForkPoolWorker-1: Calling delphi to calculate conformer (457/669) GLU01A0922_001 in /tmp/pbe_data.data.home.schowdhury.Project_kinases.cof_tpl_mg.run_prot2.3UG2_GLU01A0922_001
ForkPoolWorker-1: Calling delphi to calculate conformer (458/669) GLU01A0922_002 in /tmp/pbe_data.data.home.schowdhury.Project_kinases.cof_tpl_mg.run_prot2.3UG2_GLU01A0922_002
ForkPoolWorker-1: Calling delphi to calculate conformer (459/669) GLU02A0922_003 in /tmp/pbe_data.data.home.schowdhury.Project_kinases.cof_tpl_mg.run_prot2.3UG2_GLU02A0922_003
ForkPoolWorker-1: Calling delphi to calculate conformer (460/669) GLU02A0922_004 in /tmp/pbe_data.data.home.schowdhury.Project_kinases.cof_tpl_mg.run_prot2.3UG2_GLU02A0922_004
ForkPoolWorker-1: Calling delphi to calculate conformer (461/669) GLU-1A0922_005 in /tmp/pbe_data.data.home.schowdhury.Project_kinases.cof_tpl_mg.run_prot2.3UG2_GLU-1A0922_005
Skipping PBE solver for non-charge conformer (462/669) ILE01A0923_001...
ForkPoolWorker-1: Calling delphi to calculate conformer (463/669) SER01A0924_001 in /tmp/pbe_data.data.home.schowdhury.Project_kinases.cof_tpl_mg.run_prot2.3UG2_SER01A0924_001
ForkPoolWorker-1: Calling delphi to calculate conformer (464/669) SER01A0924_002 in /tmp/pbe_data.data.home.schowdhury.Project_kinases.cof_tpl_mg.run_prot2.3UG2_SER01A0924_002
ForkPoolWorker-1: Calling delphi to calculate conformer (465/669) SER01A0925_001 in /tmp/pbe_data.data.home.schowdhury.Project_kinases.cof_tpl_mg.run_prot2.3UG2_SER01A0925_001
ForkPoolWorker-1: Calling delphi to calculate conformer (466/669) SER01A0925_002 in /tmp/pbe_data.data.home.schowdhury.Project_kinases.cof_tpl_mg.run_prot2.3UG2_SER01A0925_002
Skipping PBE solver for non-charge conformer (467/669) ILE01A0926_001...
Skipping PBE solver for non-charge conformer (468/669) LEU01A0927_001...
ForkPoolWorker-1: Calling delphi to calculate conformer (469/669) GLU01A0928_001 in /tmp/pbe_data.data.home.schowdhury.Project_kinases.cof_tpl_mg.run_prot2.3UG2_GLU01A0928_001
ForkPoolWorker-1: Calling delphi to calculate conformer (470/669) GLU01A0928_002 in /tmp/pbe_data.data.home.schowdhury.Project_kinases.cof_tpl_mg.run_prot2.3UG2_GLU01A0928_002
ForkPoolWorker-1: Calling delphi to calculate conformer (471/669) GLU02A0928_003 in /tmp/pbe_data.data.home.schowdhury.Project_kinases.cof_tpl_mg.run_prot2.3UG2_GLU02A0928_003
ForkPoolWorker-1: Calling delphi to calculate conformer (472/669) GLU02A0928_004 in /tmp/pbe_data.data.home.schowdhury.Project_kinases.cof_tpl_mg.run_prot2.3UG2_GLU02A0928_004
ForkPoolWorker-1: Calling delphi to calculate conformer (473/669) GLU-1A0928_005 in /tmp/pbe_data.data.home.schowdhury.Project_kinases.cof_tpl_mg.run_prot2.3UG2_GLU-1A0928_005
ForkPoolWorker-1: Calling delphi to calculate conformer (474/669) LYS01A0929_001 in /tmp/pbe_data.data.home.schowdhury.Project_kinases.cof_tpl_mg.run_prot2.3UG2_LYS01A0929_001
ForkPoolWorker-1: Calling delphi to calculate conformer (475/669) LYS+1A0929_002 in /tmp/pbe_data.data.home.schowdhury.Project_kinases.cof_tpl_mg.run_prot2.3UG2_LYS+1A0929_002
ForkPoolWorker-1: Calling delphi to calculate conformer (476/669) GLU01A0931_001 in /tmp/pbe_data.data.home.schowdhury.Project_kinases.cof_tpl_mg.run_prot2.3UG2_GLU01A0931_001
ForkPoolWorker-1: Calling delphi to calculate conformer (477/669) GLU01A0931_002 in /tmp/pbe_data.data.home.schowdhury.Project_kinases.cof_tpl_mg.run_prot2.3UG2_GLU01A0931_002
ForkPoolWorker-1: Calling delphi to calculate conformer (478/669) GLU02A0931_003 in /tmp/pbe_data.data.home.schowdhury.Project_kinases.cof_tpl_mg.run_prot2.3UG2_GLU02A0931_003
ForkPoolWorker-1: Calling delphi to calculate conformer (479/669) GLU02A0931_004 in /tmp/pbe_data.data.home.schowdhury.Project_kinases.cof_tpl_mg.run_prot2.3UG2_GLU02A0931_004
ForkPoolWorker-1: Calling delphi to calculate conformer (480/669) GLU-1A0931_005 in /tmp/pbe_data.data.home.schowdhury.Project_kinases.cof_tpl_mg.run_prot2.3UG2_GLU-1A0931_005
ForkPoolWorker-1: Calling delphi to calculate conformer (481/669) ARG01A0932_001 in /tmp/pbe_data.data.home.schowdhury.Project_kinases.cof_tpl_mg.run_prot2.3UG2_ARG01A0932_001
ForkPoolWorker-1: Calling delphi to calculate conformer (482/669) ARG02A0932_002 in /tmp/pbe_data.data.home.schowdhury.Project_kinases.cof_tpl_mg.run_prot2.3UG2_ARG02A0932_002
ForkPoolWorker-1: Calling delphi to calculate conformer (483/669) ARG02A0932_003 in /tmp/pbe_data.data.home.schowdhury.Project_kinases.cof_tpl_mg.run_prot2.3UG2_ARG02A0932_003
ForkPoolWorker-1: Calling delphi to calculate conformer (484/669) ARG03A0932_004 in /tmp/pbe_data.data.home.schowdhury.Project_kinases.cof_tpl_mg.run_prot2.3UG2_ARG03A0932_004
ForkPoolWorker-1: Calling delphi to calculate conformer (485/669) ARG03A0932_005 in /tmp/pbe_data.data.home.schowdhury.Project_kinases.cof_tpl_mg.run_prot2.3UG2_ARG03A0932_005
ForkPoolWorker-1: Calling delphi to calculate conformer (486/669) ARG+1A0932_006 in /tmp/pbe_data.data.home.schowdhury.Project_kinases.cof_tpl_mg.run_prot2.3UG2_ARG+1A0932_006
Skipping PBE solver for non-charge conformer (487/669) LEU01A0933_001...
Skipping PBE solver for non-charge conformer (488/669) PRO01A0934_001...
ForkPoolWorker-1: Calling delphi to calculate conformer (489/669) GLN01A0935_001 in /tmp/pbe_data.data.home.schowdhury.Project_kinases.cof_tpl_mg.run_prot2.3UG2_GLN01A0935_001
ForkPoolWorker-1: Calling delphi to calculate conformer (490/669) GLN01A0935_002 in /tmp/pbe_data.data.home.schowdhury.Project_kinases.cof_tpl_mg.run_prot2.3UG2_GLN01A0935_002
Skipping PBE solver for non-charge conformer (491/669) PRO01A0936_001...
Skipping PBE solver for non-charge conformer (492/669) PRO01A0937_001...
Skipping PBE solver for non-charge conformer (493/669) ILE01A0938_001...
ForkPoolWorker-1: Calling delphi to calculate conformer (494/669) CYS01A0939_001 in /tmp/pbe_data.data.home.schowdhury.Project_kinases.cof_tpl_mg.run_prot2.3UG2_CYS01A0939_001
ForkPoolWorker-1: Calling delphi to calculate conformer (495/669) CYS01A0939_002 in /tmp/pbe_data.data.home.schowdhury.Project_kinases.cof_tpl_mg.run_prot2.3UG2_CYS01A0939_002
ForkPoolWorker-1: Calling delphi to calculate conformer (496/669) CYS01A0939_003 in /tmp/pbe_data.data.home.schowdhury.Project_kinases.cof_tpl_mg.run_prot2.3UG2_CYS01A0939_003
ForkPoolWorker-1: Calling delphi to calculate conformer (497/669) CYS-1A0939_004 in /tmp/pbe_data.data.home.schowdhury.Project_kinases.cof_tpl_mg.run_prot2.3UG2_CYS-1A0939_004
ForkPoolWorker-1: Calling delphi to calculate conformer (498/669) THR01A0940_001 in /tmp/pbe_data.data.home.schowdhury.Project_kinases.cof_tpl_mg.run_prot2.3UG2_THR01A0940_001
ForkPoolWorker-1: Calling delphi to calculate conformer (499/669) THR01A0940_002 in /tmp/pbe_data.data.home.schowdhury.Project_kinases.cof_tpl_mg.run_prot2.3UG2_THR01A0940_002
Skipping PBE solver for non-charge conformer (500/669) ILE01A0941_001...
ForkPoolWorker-1: Calling delphi to calculate conformer (501/669) ASP01A0942_001 in /tmp/pbe_data.data.home.schowdhury.Project_kinases.cof_tpl_mg.run_prot2.3UG2_ASP01A0942_001
ForkPoolWorker-1: Calling delphi to calculate conformer (502/669) ASP01A0942_002 in /tmp/pbe_data.data.home.schowdhury.Project_kinases.cof_tpl_mg.run_prot2.3UG2_ASP01A0942_002
ForkPoolWorker-1: Calling delphi to calculate conformer (503/669) ASP02A0942_003 in /tmp/pbe_data.data.home.schowdhury.Project_kinases.cof_tpl_mg.run_prot2.3UG2_ASP02A0942_003
ForkPoolWorker-1: Calling delphi to calculate conformer (504/669) ASP02A0942_004 in /tmp/pbe_data.data.home.schowdhury.Project_kinases.cof_tpl_mg.run_prot2.3UG2_ASP02A0942_004
ForkPoolWorker-1: Calling delphi to calculate conformer (505/669) ASP-1A0942_005 in /tmp/pbe_data.data.home.schowdhury.Project_kinases.cof_tpl_mg.run_prot2.3UG2_ASP-1A0942_005
Skipping PBE solver for non-charge conformer (506/669) VAL01A0943_001...
ForkPoolWorker-1: Calling delphi to calculate conformer (507/669) TYR01A0944_001 in /tmp/pbe_data.data.home.schowdhury.Project_kinases.cof_tpl_mg.run_prot2.3UG2_TYR01A0944_001
ForkPoolWorker-1: Calling delphi to calculate conformer (508/669) TYR01A0944_002 in /tmp/pbe_data.data.home.schowdhury.Project_kinases.cof_tpl_mg.run_prot2.3UG2_TYR01A0944_002
ForkPoolWorker-1: Calling delphi to calculate conformer (509/669) TYR-1A0944_003 in /tmp/pbe_data.data.home.schowdhury.Project_kinases.cof_tpl_mg.run_prot2.3UG2_TYR-1A0944_003
ForkPoolWorker-1: Calling delphi to calculate conformer (510/669) MET01A0945_001 in /tmp/pbe_data.data.home.schowdhury.Project_kinases.cof_tpl_mg.run_prot2.3UG2_MET01A0945_001
Skipping PBE solver for non-charge conformer (511/669) ILE01A0946_001...
ForkPoolWorker-1: Calling delphi to calculate conformer (512/669) MET01A0947_001 in /tmp/pbe_data.data.home.schowdhury.Project_kinases.cof_tpl_mg.run_prot2.3UG2_MET01A0947_001
Skipping PBE solver for non-charge conformer (513/669) VAL01A0948_001...
ForkPoolWorker-1: Calling delphi to calculate conformer (514/669) LYS01A0949_001 in /tmp/pbe_data.data.home.schowdhury.Project_kinases.cof_tpl_mg.run_prot2.3UG2_LYS01A0949_001
ForkPoolWorker-1: Calling delphi to calculate conformer (515/669) LYS+1A0949_002 in /tmp/pbe_data.data.home.schowdhury.Project_kinases.cof_tpl_mg.run_prot2.3UG2_LYS+1A0949_002
ForkPoolWorker-1: Calling delphi to calculate conformer (516/669) CYS01A0950_001 in /tmp/pbe_data.data.home.schowdhury.Project_kinases.cof_tpl_mg.run_prot2.3UG2_CYS01A0950_001
ForkPoolWorker-1: Calling delphi to calculate conformer (517/669) CYS01A0950_002 in /tmp/pbe_data.data.home.schowdhury.Project_kinases.cof_tpl_mg.run_prot2.3UG2_CYS01A0950_002
ForkPoolWorker-1: Calling delphi to calculate conformer (518/669) CYS01A0950_003 in /tmp/pbe_data.data.home.schowdhury.Project_kinases.cof_tpl_mg.run_prot2.3UG2_CYS01A0950_003
ForkPoolWorker-1: Calling delphi to calculate conformer (519/669) CYS-1A0950_004 in /tmp/pbe_data.data.home.schowdhury.Project_kinases.cof_tpl_mg.run_prot2.3UG2_CYS-1A0950_004
Skipping PBE solver for non-charge conformer (520/669) TRP01A0951_001...
ForkPoolWorker-1: Calling delphi to calculate conformer (521/669) MET01A0952_001 in /tmp/pbe_data.data.home.schowdhury.Project_kinases.cof_tpl_mg.run_prot2.3UG2_MET01A0952_001
Skipping PBE solver for non-charge conformer (522/669) ILE01A0953_001...
ForkPoolWorker-1: Calling delphi to calculate conformer (523/669) ASP01A0954_001 in /tmp/pbe_data.data.home.schowdhury.Project_kinases.cof_tpl_mg.run_prot2.3UG2_ASP01A0954_001
ForkPoolWorker-1: Calling delphi to calculate conformer (524/669) ASP01A0954_002 in /tmp/pbe_data.data.home.schowdhury.Project_kinases.cof_tpl_mg.run_prot2.3UG2_ASP01A0954_002
ForkPoolWorker-1: Calling delphi to calculate conformer (525/669) ASP01A0954_003 in /tmp/pbe_data.data.home.schowdhury.Project_kinases.cof_tpl_mg.run_prot2.3UG2_ASP01A0954_003
ForkPoolWorker-1: Calling delphi to calculate conformer (526/669) ASP01A0954_004 in /tmp/pbe_data.data.home.schowdhury.Project_kinases.cof_tpl_mg.run_prot2.3UG2_ASP01A0954_004
ForkPoolWorker-1: Calling delphi to calculate conformer (527/669) ASP02A0954_005 in /tmp/pbe_data.data.home.schowdhury.Project_kinases.cof_tpl_mg.run_prot2.3UG2_ASP02A0954_005
ForkPoolWorker-1: Calling delphi to calculate conformer (528/669) ASP02A0954_006 in /tmp/pbe_data.data.home.schowdhury.Project_kinases.cof_tpl_mg.run_prot2.3UG2_ASP02A0954_006
ForkPoolWorker-1: Calling delphi to calculate conformer (529/669) ASP02A0954_007 in /tmp/pbe_data.data.home.schowdhury.Project_kinases.cof_tpl_mg.run_prot2.3UG2_ASP02A0954_007
ForkPoolWorker-1: Calling delphi to calculate conformer (530/669) ASP02A0954_008 in /tmp/pbe_data.data.home.schowdhury.Project_kinases.cof_tpl_mg.run_prot2.3UG2_ASP02A0954_008
ForkPoolWorker-1: Calling delphi to calculate conformer (531/669) ASP-1A0954_009 in /tmp/pbe_data.data.home.schowdhury.Project_kinases.cof_tpl_mg.run_prot2.3UG2_ASP-1A0954_009
ForkPoolWorker-1: Calling delphi to calculate conformer (532/669) ASP-1A0954_010 in /tmp/pbe_data.data.home.schowdhury.Project_kinases.cof_tpl_mg.run_prot2.3UG2_ASP-1A0954_010
Skipping PBE solver for non-charge conformer (533/669) ALA01A0955_001...
ForkPoolWorker-1: Calling delphi to calculate conformer (534/669) ASP01A0956_001 in /tmp/pbe_data.data.home.schowdhury.Project_kinases.cof_tpl_mg.run_prot2.3UG2_ASP01A0956_001
ForkPoolWorker-1: Calling delphi to calculate conformer (535/669) ASP01A0956_002 in /tmp/pbe_data.data.home.schowdhury.Project_kinases.cof_tpl_mg.run_prot2.3UG2_ASP01A0956_002
ForkPoolWorker-1: Calling delphi to calculate conformer (536/669) ASP02A0956_003 in /tmp/pbe_data.data.home.schowdhury.Project_kinases.cof_tpl_mg.run_prot2.3UG2_ASP02A0956_003
ForkPoolWorker-1: Calling delphi to calculate conformer (537/669) ASP02A0956_004 in /tmp/pbe_data.data.home.schowdhury.Project_kinases.cof_tpl_mg.run_prot2.3UG2_ASP02A0956_004
ForkPoolWorker-1: Calling delphi to calculate conformer (538/669) ASP-1A0956_005 in /tmp/pbe_data.data.home.schowdhury.Project_kinases.cof_tpl_mg.run_prot2.3UG2_ASP-1A0956_005
ForkPoolWorker-1: Calling delphi to calculate conformer (539/669) SER01A0957_001 in /tmp/pbe_data.data.home.schowdhury.Project_kinases.cof_tpl_mg.run_prot2.3UG2_SER01A0957_001
ForkPoolWorker-1: Calling delphi to calculate conformer (540/669) SER01A0957_002 in /tmp/pbe_data.data.home.schowdhury.Project_kinases.cof_tpl_mg.run_prot2.3UG2_SER01A0957_002
ForkPoolWorker-1: Calling delphi to calculate conformer (541/669) SER01A0957_003 in /tmp/pbe_data.data.home.schowdhury.Project_kinases.cof_tpl_mg.run_prot2.3UG2_SER01A0957_003
ForkPoolWorker-1: Calling delphi to calculate conformer (542/669) SER01A0957_004 in /tmp/pbe_data.data.home.schowdhury.Project_kinases.cof_tpl_mg.run_prot2.3UG2_SER01A0957_004
ForkPoolWorker-1: Calling delphi to calculate conformer (543/669) SER01A0957_005 in /tmp/pbe_data.data.home.schowdhury.Project_kinases.cof_tpl_mg.run_prot2.3UG2_SER01A0957_005
ForkPoolWorker-1: Calling delphi to calculate conformer (544/669) SER01A0957_006 in /tmp/pbe_data.data.home.schowdhury.Project_kinases.cof_tpl_mg.run_prot2.3UG2_SER01A0957_006
ForkPoolWorker-1: Calling delphi to calculate conformer (545/669) ARG01A0958_001 in /tmp/pbe_data.data.home.schowdhury.Project_kinases.cof_tpl_mg.run_prot2.3UG2_ARG01A0958_001
ForkPoolWorker-1: Calling delphi to calculate conformer (546/669) ARG02A0958_002 in /tmp/pbe_data.data.home.schowdhury.Project_kinases.cof_tpl_mg.run_prot2.3UG2_ARG02A0958_002
ForkPoolWorker-1: Calling delphi to calculate conformer (547/669) ARG02A0958_003 in /tmp/pbe_data.data.home.schowdhury.Project_kinases.cof_tpl_mg.run_prot2.3UG2_ARG02A0958_003
ForkPoolWorker-1: Calling delphi to calculate conformer (548/669) ARG03A0958_004 in /tmp/pbe_data.data.home.schowdhury.Project_kinases.cof_tpl_mg.run_prot2.3UG2_ARG03A0958_004
ForkPoolWorker-1: Calling delphi to calculate conformer (549/669) ARG03A0958_005 in /tmp/pbe_data.data.home.schowdhury.Project_kinases.cof_tpl_mg.run_prot2.3UG2_ARG03A0958_005
ForkPoolWorker-1: Calling delphi to calculate conformer (550/669) ARG+1A0958_006 in /tmp/pbe_data.data.home.schowdhury.Project_kinases.cof_tpl_mg.run_prot2.3UG2_ARG+1A0958_006
Skipping PBE solver for non-charge conformer (551/669) PRO01A0959_001...
ForkPoolWorker-1: Calling delphi to calculate conformer (552/669) LYS01A0960_001 in /tmp/pbe_data.data.home.schowdhury.Project_kinases.cof_tpl_mg.run_prot2.3UG2_LYS01A0960_001
ForkPoolWorker-1: Calling delphi to calculate conformer (553/669) LYS+1A0960_002 in /tmp/pbe_data.data.home.schowdhury.Project_kinases.cof_tpl_mg.run_prot2.3UG2_LYS+1A0960_002
Skipping PBE solver for non-charge conformer (554/669) PHE01A0961_001...
ForkPoolWorker-1: Calling delphi to calculate conformer (555/669) ARG01A0962_001 in /tmp/pbe_data.data.home.schowdhury.Project_kinases.cof_tpl_mg.run_prot2.3UG2_ARG01A0962_001
ForkPoolWorker-1: Calling delphi to calculate conformer (556/669) ARG02A0962_002 in /tmp/pbe_data.data.home.schowdhury.Project_kinases.cof_tpl_mg.run_prot2.3UG2_ARG02A0962_002
ForkPoolWorker-1: Calling delphi to calculate conformer (557/669) ARG03A0962_003 in /tmp/pbe_data.data.home.schowdhury.Project_kinases.cof_tpl_mg.run_prot2.3UG2_ARG03A0962_003
ForkPoolWorker-1: Calling delphi to calculate conformer (558/669) ARG+1A0962_004 in /tmp/pbe_data.data.home.schowdhury.Project_kinases.cof_tpl_mg.run_prot2.3UG2_ARG+1A0962_004
ForkPoolWorker-1: Calling delphi to calculate conformer (559/669) GLU01A0963_001 in /tmp/pbe_data.data.home.schowdhury.Project_kinases.cof_tpl_mg.run_prot2.3UG2_GLU01A0963_001
ForkPoolWorker-1: Calling delphi to calculate conformer (560/669) GLU01A0963_002 in /tmp/pbe_data.data.home.schowdhury.Project_kinases.cof_tpl_mg.run_prot2.3UG2_GLU01A0963_002
ForkPoolWorker-1: Calling delphi to calculate conformer (561/669) GLU02A0963_003 in /tmp/pbe_data.data.home.schowdhury.Project_kinases.cof_tpl_mg.run_prot2.3UG2_GLU02A0963_003
ForkPoolWorker-1: Calling delphi to calculate conformer (562/669) GLU02A0963_004 in /tmp/pbe_data.data.home.schowdhury.Project_kinases.cof_tpl_mg.run_prot2.3UG2_GLU02A0963_004
ForkPoolWorker-1: Calling delphi to calculate conformer (563/669) GLU-1A0963_005 in /tmp/pbe_data.data.home.schowdhury.Project_kinases.cof_tpl_mg.run_prot2.3UG2_GLU-1A0963_005
Skipping PBE solver for non-charge conformer (564/669) LEU01A0964_001...
Skipping PBE solver for non-charge conformer (565/669) ILE01A0965_001...
Skipping PBE solver for non-charge conformer (566/669) ILE01A0966_001...
ForkPoolWorker-1: Calling delphi to calculate conformer (567/669) GLU01A0967_001 in /tmp/pbe_data.data.home.schowdhury.Project_kinases.cof_tpl_mg.run_prot2.3UG2_GLU01A0967_001
ForkPoolWorker-1: Calling delphi to calculate conformer (568/669) GLU01A0967_002 in /tmp/pbe_data.data.home.schowdhury.Project_kinases.cof_tpl_mg.run_prot2.3UG2_GLU01A0967_002
ForkPoolWorker-1: Calling delphi to calculate conformer (569/669) GLU02A0967_003 in /tmp/pbe_data.data.home.schowdhury.Project_kinases.cof_tpl_mg.run_prot2.3UG2_GLU02A0967_003
ForkPoolWorker-1: Calling delphi to calculate conformer (570/669) GLU02A0967_004 in /tmp/pbe_data.data.home.schowdhury.Project_kinases.cof_tpl_mg.run_prot2.3UG2_GLU02A0967_004
ForkPoolWorker-1: Calling delphi to calculate conformer (571/669) GLU-1A0967_005 in /tmp/pbe_data.data.home.schowdhury.Project_kinases.cof_tpl_mg.run_prot2.3UG2_GLU-1A0967_005
Skipping PBE solver for non-charge conformer (572/669) PHE01A0968_001...
ForkPoolWorker-1: Calling delphi to calculate conformer (573/669) SER01A0969_001 in /tmp/pbe_data.data.home.schowdhury.Project_kinases.cof_tpl_mg.run_prot2.3UG2_SER01A0969_001
ForkPoolWorker-1: Calling delphi to calculate conformer (574/669) SER01A0969_002 in /tmp/pbe_data.data.home.schowdhury.Project_kinases.cof_tpl_mg.run_prot2.3UG2_SER01A0969_002
ForkPoolWorker-1: Calling delphi to calculate conformer (575/669) LYS01A0970_001 in /tmp/pbe_data.data.home.schowdhury.Project_kinases.cof_tpl_mg.run_prot2.3UG2_LYS01A0970_001
ForkPoolWorker-1: Calling delphi to calculate conformer (576/669) LYS+1A0970_002 in /tmp/pbe_data.data.home.schowdhury.Project_kinases.cof_tpl_mg.run_prot2.3UG2_LYS+1A0970_002
ForkPoolWorker-1: Calling delphi to calculate conformer (577/669) MET01A0971_001 in /tmp/pbe_data.data.home.schowdhury.Project_kinases.cof_tpl_mg.run_prot2.3UG2_MET01A0971_001
Skipping PBE solver for non-charge conformer (578/669) ALA01A0972_001...
ForkPoolWorker-1: Calling delphi to calculate conformer (579/669) ARG01A0973_001 in /tmp/pbe_data.data.home.schowdhury.Project_kinases.cof_tpl_mg.run_prot2.3UG2_ARG01A0973_001
ForkPoolWorker-1: Calling delphi to calculate conformer (580/669) ARG02A0973_002 in /tmp/pbe_data.data.home.schowdhury.Project_kinases.cof_tpl_mg.run_prot2.3UG2_ARG02A0973_002
ForkPoolWorker-1: Calling delphi to calculate conformer (581/669) ARG03A0973_003 in /tmp/pbe_data.data.home.schowdhury.Project_kinases.cof_tpl_mg.run_prot2.3UG2_ARG03A0973_003
ForkPoolWorker-1: Calling delphi to calculate conformer (582/669) ARG+1A0973_004 in /tmp/pbe_data.data.home.schowdhury.Project_kinases.cof_tpl_mg.run_prot2.3UG2_ARG+1A0973_004
ForkPoolWorker-1: Calling delphi to calculate conformer (583/669) ASP01A0974_001 in /tmp/pbe_data.data.home.schowdhury.Project_kinases.cof_tpl_mg.run_prot2.3UG2_ASP01A0974_001
ForkPoolWorker-1: Calling delphi to calculate conformer (584/669) ASP01A0974_002 in /tmp/pbe_data.data.home.schowdhury.Project_kinases.cof_tpl_mg.run_prot2.3UG2_ASP01A0974_002
ForkPoolWorker-1: Calling delphi to calculate conformer (585/669) ASP02A0974_003 in /tmp/pbe_data.data.home.schowdhury.Project_kinases.cof_tpl_mg.run_prot2.3UG2_ASP02A0974_003
ForkPoolWorker-1: Calling delphi to calculate conformer (586/669) ASP02A0974_004 in /tmp/pbe_data.data.home.schowdhury.Project_kinases.cof_tpl_mg.run_prot2.3UG2_ASP02A0974_004
ForkPoolWorker-1: Calling delphi to calculate conformer (587/669) ASP-1A0974_005 in /tmp/pbe_data.data.home.schowdhury.Project_kinases.cof_tpl_mg.run_prot2.3UG2_ASP-1A0974_005
Skipping PBE solver for non-charge conformer (588/669) PRO01A0975_001...
ForkPoolWorker-1: Calling delphi to calculate conformer (589/669) GLN01A0976_001 in /tmp/pbe_data.data.home.schowdhury.Project_kinases.cof_tpl_mg.run_prot2.3UG2_GLN01A0976_001
ForkPoolWorker-1: Calling delphi to calculate conformer (590/669) GLN01A0976_002 in /tmp/pbe_data.data.home.schowdhury.Project_kinases.cof_tpl_mg.run_prot2.3UG2_GLN01A0976_002
ForkPoolWorker-1: Calling delphi to calculate conformer (591/669) ARG01A0977_001 in /tmp/pbe_data.data.home.schowdhury.Project_kinases.cof_tpl_mg.run_prot2.3UG2_ARG01A0977_001
ForkPoolWorker-1: Calling delphi to calculate conformer (592/669) ARG02A0977_002 in /tmp/pbe_data.data.home.schowdhury.Project_kinases.cof_tpl_mg.run_prot2.3UG2_ARG02A0977_002
ForkPoolWorker-1: Calling delphi to calculate conformer (593/669) ARG03A0977_003 in /tmp/pbe_data.data.home.schowdhury.Project_kinases.cof_tpl_mg.run_prot2.3UG2_ARG03A0977_003
ForkPoolWorker-1: Calling delphi to calculate conformer (594/669) ARG+1A0977_004 in /tmp/pbe_data.data.home.schowdhury.Project_kinases.cof_tpl_mg.run_prot2.3UG2_ARG+1A0977_004
ForkPoolWorker-1: Calling delphi to calculate conformer (595/669) TYR01A0978_001 in /tmp/pbe_data.data.home.schowdhury.Project_kinases.cof_tpl_mg.run_prot2.3UG2_TYR01A0978_001
ForkPoolWorker-1: Calling delphi to calculate conformer (596/669) TYR-1A0978_002 in /tmp/pbe_data.data.home.schowdhury.Project_kinases.cof_tpl_mg.run_prot2.3UG2_TYR-1A0978_002
Skipping PBE solver for non-charge conformer (597/669) LEU01A0979_001...
Skipping PBE solver for non-charge conformer (598/669) VAL01A0980_001...
Skipping PBE solver for non-charge conformer (599/669) ILE01A0981_001...
ForkPoolWorker-1: Calling delphi to calculate conformer (600/669) GLN01A0982_001 in /tmp/pbe_data.data.home.schowdhury.Project_kinases.cof_tpl_mg.run_prot2.3UG2_GLN01A0982_001
ForkPoolWorker-1: Calling delphi to calculate conformer (601/669) ASP01A0984_001 in /tmp/pbe_data.data.home.schowdhury.Project_kinases.cof_tpl_mg.run_prot2.3UG2_ASP01A0984_001
ForkPoolWorker-1: Calling delphi to calculate conformer (602/669) ASP01A0984_002 in /tmp/pbe_data.data.home.schowdhury.Project_kinases.cof_tpl_mg.run_prot2.3UG2_ASP01A0984_002
ForkPoolWorker-1: Calling delphi to calculate conformer (603/669) ASP01A0984_003 in /tmp/pbe_data.data.home.schowdhury.Project_kinases.cof_tpl_mg.run_prot2.3UG2_ASP01A0984_003
ForkPoolWorker-1: Calling delphi to calculate conformer (604/669) ASP01A0984_004 in /tmp/pbe_data.data.home.schowdhury.Project_kinases.cof_tpl_mg.run_prot2.3UG2_ASP01A0984_004
ForkPoolWorker-1: Calling delphi to calculate conformer (605/669) ASP02A0984_005 in /tmp/pbe_data.data.home.schowdhury.Project_kinases.cof_tpl_mg.run_prot2.3UG2_ASP02A0984_005
ForkPoolWorker-1: Calling delphi to calculate conformer (606/669) ASP02A0984_006 in /tmp/pbe_data.data.home.schowdhury.Project_kinases.cof_tpl_mg.run_prot2.3UG2_ASP02A0984_006
ForkPoolWorker-1: Calling delphi to calculate conformer (607/669) ASP02A0984_007 in /tmp/pbe_data.data.home.schowdhury.Project_kinases.cof_tpl_mg.run_prot2.3UG2_ASP02A0984_007
ForkPoolWorker-1: Calling delphi to calculate conformer (608/669) ASP02A0984_008 in /tmp/pbe_data.data.home.schowdhury.Project_kinases.cof_tpl_mg.run_prot2.3UG2_ASP02A0984_008
ForkPoolWorker-1: Calling delphi to calculate conformer (609/669) ASP-1A0984_009 in /tmp/pbe_data.data.home.schowdhury.Project_kinases.cof_tpl_mg.run_prot2.3UG2_ASP-1A0984_009
ForkPoolWorker-1: Calling delphi to calculate conformer (610/669) ASP-1A0984_010 in /tmp/pbe_data.data.home.schowdhury.Project_kinases.cof_tpl_mg.run_prot2.3UG2_ASP-1A0984_010
ForkPoolWorker-1: Calling delphi to calculate conformer (611/669) GLU01A0985_001 in /tmp/pbe_data.data.home.schowdhury.Project_kinases.cof_tpl_mg.run_prot2.3UG2_GLU01A0985_001
ForkPoolWorker-1: Calling delphi to calculate conformer (612/669) GLU01A0985_002 in /tmp/pbe_data.data.home.schowdhury.Project_kinases.cof_tpl_mg.run_prot2.3UG2_GLU01A0985_002
ForkPoolWorker-1: Calling delphi to calculate conformer (613/669) GLU02A0985_003 in /tmp/pbe_data.data.home.schowdhury.Project_kinases.cof_tpl_mg.run_prot2.3UG2_GLU02A0985_003
ForkPoolWorker-1: Calling delphi to calculate conformer (614/669) GLU02A0985_004 in /tmp/pbe_data.data.home.schowdhury.Project_kinases.cof_tpl_mg.run_prot2.3UG2_GLU02A0985_004
ForkPoolWorker-1: Calling delphi to calculate conformer (615/669) GLU-1A0985_005 in /tmp/pbe_data.data.home.schowdhury.Project_kinases.cof_tpl_mg.run_prot2.3UG2_GLU-1A0985_005
ForkPoolWorker-1: Calling delphi to calculate conformer (616/669) ARG01A0986_001 in /tmp/pbe_data.data.home.schowdhury.Project_kinases.cof_tpl_mg.run_prot2.3UG2_ARG01A0986_001
ForkPoolWorker-1: Calling delphi to calculate conformer (617/669) ARG02A0986_002 in /tmp/pbe_data.data.home.schowdhury.Project_kinases.cof_tpl_mg.run_prot2.3UG2_ARG02A0986_002
ForkPoolWorker-1: Calling delphi to calculate conformer (618/669) ARG03A0986_003 in /tmp/pbe_data.data.home.schowdhury.Project_kinases.cof_tpl_mg.run_prot2.3UG2_ARG03A0986_003
ForkPoolWorker-1: Calling delphi to calculate conformer (619/669) ARG03A0986_004 in /tmp/pbe_data.data.home.schowdhury.Project_kinases.cof_tpl_mg.run_prot2.3UG2_ARG03A0986_004
ForkPoolWorker-1: Calling delphi to calculate conformer (620/669) ARG+1A0986_005 in /tmp/pbe_data.data.home.schowdhury.Project_kinases.cof_tpl_mg.run_prot2.3UG2_ARG+1A0986_005
ForkPoolWorker-1: Calling delphi to calculate conformer (621/669) MET01A0987_001 in /tmp/pbe_data.data.home.schowdhury.Project_kinases.cof_tpl_mg.run_prot2.3UG2_MET01A0987_001
ForkPoolWorker-1: Calling delphi to calculate conformer (622/669) HIS01A0988_001 in /tmp/pbe_data.data.home.schowdhury.Project_kinases.cof_tpl_mg.run_prot2.3UG2_HIS01A0988_001
ForkPoolWorker-1: Calling delphi to calculate conformer (623/669) HIS02A0988_002 in /tmp/pbe_data.data.home.schowdhury.Project_kinases.cof_tpl_mg.run_prot2.3UG2_HIS02A0988_002
ForkPoolWorker-1: Calling delphi to calculate conformer (624/669) HIS+1A0988_003 in /tmp/pbe_data.data.home.schowdhury.Project_kinases.cof_tpl_mg.run_prot2.3UG2_HIS+1A0988_003
Skipping PBE solver for non-charge conformer (625/669) LEU01A0989_001...
ForkPoolWorker-1: Calling delphi to calculate conformer (626/669) GLU01A1005_001 in /tmp/pbe_data.data.home.schowdhury.Project_kinases.cof_tpl_mg.run_prot2.3UG2_GLU01A1005_001
ForkPoolWorker-1: Calling delphi to calculate conformer (627/669) GLU01A1005_002 in /tmp/pbe_data.data.home.schowdhury.Project_kinases.cof_tpl_mg.run_prot2.3UG2_GLU01A1005_002
ForkPoolWorker-1: Calling delphi to calculate conformer (628/669) GLU02A1005_003 in /tmp/pbe_data.data.home.schowdhury.Project_kinases.cof_tpl_mg.run_prot2.3UG2_GLU02A1005_003
ForkPoolWorker-1: Calling delphi to calculate conformer (629/669) GLU02A1005_004 in /tmp/pbe_data.data.home.schowdhury.Project_kinases.cof_tpl_mg.run_prot2.3UG2_GLU02A1005_004
ForkPoolWorker-1: Calling delphi to calculate conformer (630/669) GLU-1A1005_005 in /tmp/pbe_data.data.home.schowdhury.Project_kinases.cof_tpl_mg.run_prot2.3UG2_GLU-1A1005_005
ForkPoolWorker-1: Calling delphi to calculate conformer (631/669) ASP01A1006_001 in /tmp/pbe_data.data.home.schowdhury.Project_kinases.cof_tpl_mg.run_prot2.3UG2_ASP01A1006_001
ForkPoolWorker-1: Calling delphi to calculate conformer (632/669) ASP01A1006_002 in /tmp/pbe_data.data.home.schowdhury.Project_kinases.cof_tpl_mg.run_prot2.3UG2_ASP01A1006_002
ForkPoolWorker-1: Calling delphi to calculate conformer (633/669) ASP02A1006_003 in /tmp/pbe_data.data.home.schowdhury.Project_kinases.cof_tpl_mg.run_prot2.3UG2_ASP02A1006_003
ForkPoolWorker-1: Calling delphi to calculate conformer (634/669) ASP02A1006_004 in /tmp/pbe_data.data.home.schowdhury.Project_kinases.cof_tpl_mg.run_prot2.3UG2_ASP02A1006_004
ForkPoolWorker-1: Calling delphi to calculate conformer (635/669) ASP-1A1006_005 in /tmp/pbe_data.data.home.schowdhury.Project_kinases.cof_tpl_mg.run_prot2.3UG2_ASP-1A1006_005
ForkPoolWorker-1: Calling delphi to calculate conformer (636/669) MET01A1007_001 in /tmp/pbe_data.data.home.schowdhury.Project_kinases.cof_tpl_mg.run_prot2.3UG2_MET01A1007_001
ForkPoolWorker-1: Calling delphi to calculate conformer (637/669) ASP01A1008_001 in /tmp/pbe_data.data.home.schowdhury.Project_kinases.cof_tpl_mg.run_prot2.3UG2_ASP01A1008_001
ForkPoolWorker-1: Calling delphi to calculate conformer (638/669) ASP01A1008_002 in /tmp/pbe_data.data.home.schowdhury.Project_kinases.cof_tpl_mg.run_prot2.3UG2_ASP01A1008_002
ForkPoolWorker-1: Calling delphi to calculate conformer (639/669) ASP02A1008_003 in /tmp/pbe_data.data.home.schowdhury.Project_kinases.cof_tpl_mg.run_prot2.3UG2_ASP02A1008_003
ForkPoolWorker-1: Calling delphi to calculate conformer (640/669) ASP02A1008_004 in /tmp/pbe_data.data.home.schowdhury.Project_kinases.cof_tpl_mg.run_prot2.3UG2_ASP02A1008_004
ForkPoolWorker-1: Calling delphi to calculate conformer (641/669) ASP-1A1008_005 in /tmp/pbe_data.data.home.schowdhury.Project_kinases.cof_tpl_mg.run_prot2.3UG2_ASP-1A1008_005
ForkPoolWorker-1: Calling delphi to calculate conformer (642/669) ASP01A1009_001 in /tmp/pbe_data.data.home.schowdhury.Project_kinases.cof_tpl_mg.run_prot2.3UG2_ASP01A1009_001
ForkPoolWorker-1: Calling delphi to calculate conformer (643/669) ASP01A1009_002 in /tmp/pbe_data.data.home.schowdhury.Project_kinases.cof_tpl_mg.run_prot2.3UG2_ASP01A1009_002
ForkPoolWorker-1: Calling delphi to calculate conformer (644/669) ASP02A1009_003 in /tmp/pbe_data.data.home.schowdhury.Project_kinases.cof_tpl_mg.run_prot2.3UG2_ASP02A1009_003
ForkPoolWorker-1: Calling delphi to calculate conformer (645/669) ASP02A1009_004 in /tmp/pbe_data.data.home.schowdhury.Project_kinases.cof_tpl_mg.run_prot2.3UG2_ASP02A1009_004
ForkPoolWorker-1: Calling delphi to calculate conformer (646/669) ASP-1A1009_005 in /tmp/pbe_data.data.home.schowdhury.Project_kinases.cof_tpl_mg.run_prot2.3UG2_ASP-1A1009_005
Skipping PBE solver for non-charge conformer (647/669) VAL01A1010_001...
Skipping PBE solver for non-charge conformer (648/669) VAL01A1011_001...
ForkPoolWorker-1: Calling delphi to calculate conformer (649/669) ASP01A1012_001 in /tmp/pbe_data.data.home.schowdhury.Project_kinases.cof_tpl_mg.run_prot2.3UG2_ASP01A1012_001
ForkPoolWorker-1: Calling delphi to calculate conformer (650/669) ASP01A1012_002 in /tmp/pbe_data.data.home.schowdhury.Project_kinases.cof_tpl_mg.run_prot2.3UG2_ASP01A1012_002
ForkPoolWorker-1: Calling delphi to calculate conformer (651/669) ASP02A1012_003 in /tmp/pbe_data.data.home.schowdhury.Project_kinases.cof_tpl_mg.run_prot2.3UG2_ASP02A1012_003
ForkPoolWorker-1: Calling delphi to calculate conformer (652/669) ASP02A1012_004 in /tmp/pbe_data.data.home.schowdhury.Project_kinases.cof_tpl_mg.run_prot2.3UG2_ASP02A1012_004
ForkPoolWorker-1: Calling delphi to calculate conformer (653/669) ASP-1A1012_005 in /tmp/pbe_data.data.home.schowdhury.Project_kinases.cof_tpl_mg.run_prot2.3UG2_ASP-1A1012_005
Skipping PBE solver for non-charge conformer (654/669) ALA01A1013_001...
ForkPoolWorker-1: Calling delphi to calculate conformer (655/669) ASP01A1014_001 in /tmp/pbe_data.data.home.schowdhury.Project_kinases.cof_tpl_mg.run_prot2.3UG2_ASP01A1014_001
ForkPoolWorker-1: Calling delphi to calculate conformer (656/669) ASP01A1014_002 in /tmp/pbe_data.data.home.schowdhury.Project_kinases.cof_tpl_mg.run_prot2.3UG2_ASP01A1014_002
ForkPoolWorker-1: Calling delphi to calculate conformer (657/669) ASP02A1014_003 in /tmp/pbe_data.data.home.schowdhury.Project_kinases.cof_tpl_mg.run_prot2.3UG2_ASP02A1014_003
ForkPoolWorker-1: Calling delphi to calculate conformer (658/669) ASP02A1014_004 in /tmp/pbe_data.data.home.schowdhury.Project_kinases.cof_tpl_mg.run_prot2.3UG2_ASP02A1014_004
ForkPoolWorker-1: Calling delphi to calculate conformer (659/669) ASP-1A1014_005 in /tmp/pbe_data.data.home.schowdhury.Project_kinases.cof_tpl_mg.run_prot2.3UG2_ASP-1A1014_005
ForkPoolWorker-1: Calling delphi to calculate conformer (660/669) GLU01A1015_001 in /tmp/pbe_data.data.home.schowdhury.Project_kinases.cof_tpl_mg.run_prot2.3UG2_GLU01A1015_001
ForkPoolWorker-1: Calling delphi to calculate conformer (661/669) GLU01A1015_002 in /tmp/pbe_data.data.home.schowdhury.Project_kinases.cof_tpl_mg.run_prot2.3UG2_GLU01A1015_002
ForkPoolWorker-1: Calling delphi to calculate conformer (662/669) GLU02A1015_003 in /tmp/pbe_data.data.home.schowdhury.Project_kinases.cof_tpl_mg.run_prot2.3UG2_GLU02A1015_003
ForkPoolWorker-1: Calling delphi to calculate conformer (663/669) GLU02A1015_004 in /tmp/pbe_data.data.home.schowdhury.Project_kinases.cof_tpl_mg.run_prot2.3UG2_GLU02A1015_004
ForkPoolWorker-1: Calling delphi to calculate conformer (664/669) GLU-1A1015_005 in /tmp/pbe_data.data.home.schowdhury.Project_kinases.cof_tpl_mg.run_prot2.3UG2_GLU-1A1015_005
ForkPoolWorker-1: Calling delphi to calculate conformer (665/669) TYR01A1016_001 in /tmp/pbe_data.data.home.schowdhury.Project_kinases.cof_tpl_mg.run_prot2.3UG2_TYR01A1016_001
ForkPoolWorker-1: Calling delphi to calculate conformer (666/669) TYR01A1016_002 in /tmp/pbe_data.data.home.schowdhury.Project_kinases.cof_tpl_mg.run_prot2.3UG2_TYR01A1016_002
ForkPoolWorker-1: Calling delphi to calculate conformer (667/669) TYR-1A1016_003 in /tmp/pbe_data.data.home.schowdhury.Project_kinases.cof_tpl_mg.run_prot2.3UG2_TYR-1A1016_003
Skipping PBE solver for non-charge conformer (668/669) LEU01A1017_001...
Skipping PBE solver for non-charge conformer (669/669) ILE01A1018_001...
