INFO - step3.py: Step 3. Energies calculation with PBE solver.
INFO - step3.py: Calling new VDW....No Scaling Applied
INFO - step3.py:    Process run time options & convert step2_out.pdb.
INFO - step3.py:    Prepare input for PB solver.
INFO - step3.py:    Time needed: 0 seconds.
INFO - step3.py:    Set up parallel envrionment and run PB solver.
INFO - step3.py:    Running PBE solver in 5 threads
!!! Detected an existing run.prm.
If you intend to use this run.prm, either use mcce directly or rename run.prm and use "-load_runprm" to load it.
For now, run.prm is overwritten and will be restored at the end of this program. 

Warning: VDW_RAD SO401 " HO1" not defined in RADIUS parameter
Warning: VDW_RAD SO401 " HO2" not defined in RADIUS parameter
Warning: VDW_RAD SO4-1 " HO1" not defined in RADIUS parameter
INFO - step3.py: ForkPoolWorker-1: Calling delphi to calculate conformer (1/702) ASP01A0807_001 in /tmp/pbe_data.data.home.granepura.5-Kinases.Kinases_MCCE.Trial02.run_apo.4ASD_ASP01A0807_001
INFO - step3.py: ForkPoolWorker-2: Calling delphi to calculate conformer (2/702) ASP01A0807_002 in /tmp/pbe_data.data.home.granepura.5-Kinases.Kinases_MCCE.Trial02.run_apo.4ASD_ASP01A0807_002
INFO - step3.py: ForkPoolWorker-3: Calling delphi to calculate conformer (3/702) ASP02A0807_003 in /tmp/pbe_data.data.home.granepura.5-Kinases.Kinases_MCCE.Trial02.run_apo.4ASD_ASP02A0807_003
INFO - step3.py: ForkPoolWorker-5: Calling delphi to calculate conformer (5/702) ASP-1A0807_005 in /tmp/pbe_data.data.home.granepura.5-Kinases.Kinases_MCCE.Trial02.run_apo.4ASD_ASP-1A0807_005
INFO - step3.py: ForkPoolWorker-4: Calling delphi to calculate conformer (4/702) ASP02A0807_004 in /tmp/pbe_data.data.home.granepura.5-Kinases.Kinases_MCCE.Trial02.run_apo.4ASD_ASP02A0807_004
INFO - step3.py: Skipping PBE solver for non-charge conformer (6/702) PRO01A0808_001...
INFO - step3.py: ForkPoolWorker-4: Calling delphi to calculate conformer (7/702) ASP01A0809_001 in /tmp/pbe_data.data.home.granepura.5-Kinases.Kinases_MCCE.Trial02.run_apo.4ASD_ASP01A0809_001
INFO - step3.py: ForkPoolWorker-1: Calling delphi to calculate conformer (8/702) ASP01A0809_002 in /tmp/pbe_data.data.home.granepura.5-Kinases.Kinases_MCCE.Trial02.run_apo.4ASD_ASP01A0809_002
INFO - step3.py: ForkPoolWorker-3: Calling delphi to calculate conformer (9/702) ASP02A0809_003 in /tmp/pbe_data.data.home.granepura.5-Kinases.Kinases_MCCE.Trial02.run_apo.4ASD_ASP02A0809_003
INFO - step3.py: ForkPoolWorker-5: Calling delphi to calculate conformer (10/702) ASP02A0809_004 in /tmp/pbe_data.data.home.granepura.5-Kinases.Kinases_MCCE.Trial02.run_apo.4ASD_ASP02A0809_004
INFO - step3.py: ForkPoolWorker-2: Calling delphi to calculate conformer (11/702) ASP-1A0809_005 in /tmp/pbe_data.data.home.granepura.5-Kinases.Kinases_MCCE.Trial02.run_apo.4ASD_ASP-1A0809_005
INFO - step3.py: ForkPoolWorker-4: Calling delphi to calculate conformer (12/702) GLU01A0810_001 in /tmp/pbe_data.data.home.granepura.5-Kinases.Kinases_MCCE.Trial02.run_apo.4ASD_GLU01A0810_001
INFO - step3.py: ForkPoolWorker-2: Calling delphi to calculate conformer (13/702) GLU01A0810_002 in /tmp/pbe_data.data.home.granepura.5-Kinases.Kinases_MCCE.Trial02.run_apo.4ASD_GLU01A0810_002
INFO - step3.py: ForkPoolWorker-1: Calling delphi to calculate conformer (14/702) GLU02A0810_003 in /tmp/pbe_data.data.home.granepura.5-Kinases.Kinases_MCCE.Trial02.run_apo.4ASD_GLU02A0810_003
INFO - step3.py: ForkPoolWorker-3: Calling delphi to calculate conformer (15/702) GLU02A0810_004 in /tmp/pbe_data.data.home.granepura.5-Kinases.Kinases_MCCE.Trial02.run_apo.4ASD_GLU02A0810_004
INFO - step3.py: ForkPoolWorker-5: Calling delphi to calculate conformer (16/702) GLU-1A0810_005 in /tmp/pbe_data.data.home.granepura.5-Kinases.Kinases_MCCE.Trial02.run_apo.4ASD_GLU-1A0810_005
INFO - step3.py: Skipping PBE solver for non-charge conformer (17/702) LEU01A0811_001...
INFO - step3.py: Skipping PBE solver for non-charge conformer (18/702) PRO01A0812_001...
INFO - step3.py: Skipping PBE solver for non-charge conformer (19/702) LEU01A0813_001...
INFO - step3.py: ForkPoolWorker-4: Calling delphi to calculate conformer (20/702) ASP01A0814_001 in /tmp/pbe_data.data.home.granepura.5-Kinases.Kinases_MCCE.Trial02.run_apo.4ASD_ASP01A0814_001
INFO - step3.py: ForkPoolWorker-1: Calling delphi to calculate conformer (21/702) ASP01A0814_002 in /tmp/pbe_data.data.home.granepura.5-Kinases.Kinases_MCCE.Trial02.run_apo.4ASD_ASP01A0814_002
INFO - step3.py: ForkPoolWorker-2: Calling delphi to calculate conformer (22/702) ASP01A0814_003 in /tmp/pbe_data.data.home.granepura.5-Kinases.Kinases_MCCE.Trial02.run_apo.4ASD_ASP01A0814_003
INFO - step3.py: ForkPoolWorker-3: Calling delphi to calculate conformer (23/702) ASP01A0814_004 in /tmp/pbe_data.data.home.granepura.5-Kinases.Kinases_MCCE.Trial02.run_apo.4ASD_ASP01A0814_004
INFO - step3.py: ForkPoolWorker-5: Calling delphi to calculate conformer (24/702) ASP02A0814_005 in /tmp/pbe_data.data.home.granepura.5-Kinases.Kinases_MCCE.Trial02.run_apo.4ASD_ASP02A0814_005
INFO - step3.py: ForkPoolWorker-4: Calling delphi to calculate conformer (25/702) ASP02A0814_006 in /tmp/pbe_data.data.home.granepura.5-Kinases.Kinases_MCCE.Trial02.run_apo.4ASD_ASP02A0814_006
INFO - step3.py: ForkPoolWorker-1: Calling delphi to calculate conformer (26/702) ASP02A0814_007 in /tmp/pbe_data.data.home.granepura.5-Kinases.Kinases_MCCE.Trial02.run_apo.4ASD_ASP02A0814_007
INFO - step3.py: ForkPoolWorker-2: Calling delphi to calculate conformer (27/702) ASP02A0814_008 in /tmp/pbe_data.data.home.granepura.5-Kinases.Kinases_MCCE.Trial02.run_apo.4ASD_ASP02A0814_008
INFO - step3.py: ForkPoolWorker-3: Calling delphi to calculate conformer (28/702) ASP-1A0814_009 in /tmp/pbe_data.data.home.granepura.5-Kinases.Kinases_MCCE.Trial02.run_apo.4ASD_ASP-1A0814_009
INFO - step3.py: ForkPoolWorker-5: Calling delphi to calculate conformer (29/702) ASP-1A0814_010 in /tmp/pbe_data.data.home.granepura.5-Kinases.Kinases_MCCE.Trial02.run_apo.4ASD_ASP-1A0814_010
INFO - step3.py: ForkPoolWorker-4: Calling delphi to calculate conformer (30/702) GLU01A0815_001 in /tmp/pbe_data.data.home.granepura.5-Kinases.Kinases_MCCE.Trial02.run_apo.4ASD_GLU01A0815_001
INFO - step3.py: ForkPoolWorker-2: Calling delphi to calculate conformer (31/702) GLU01A0815_002 in /tmp/pbe_data.data.home.granepura.5-Kinases.Kinases_MCCE.Trial02.run_apo.4ASD_GLU01A0815_002
INFO - step3.py: ForkPoolWorker-1: Calling delphi to calculate conformer (32/702) GLU02A0815_003 in /tmp/pbe_data.data.home.granepura.5-Kinases.Kinases_MCCE.Trial02.run_apo.4ASD_GLU02A0815_003
INFO - step3.py: ForkPoolWorker-3: Calling delphi to calculate conformer (33/702) GLU02A0815_004 in /tmp/pbe_data.data.home.granepura.5-Kinases.Kinases_MCCE.Trial02.run_apo.4ASD_GLU02A0815_004
INFO - step3.py: ForkPoolWorker-5: Calling delphi to calculate conformer (34/702) GLU-1A0815_005 in /tmp/pbe_data.data.home.granepura.5-Kinases.Kinases_MCCE.Trial02.run_apo.4ASD_GLU-1A0815_005
INFO - step3.py: ForkPoolWorker-4: Calling delphi to calculate conformer (35/702) HIS01A0816_001 in /tmp/pbe_data.data.home.granepura.5-Kinases.Kinases_MCCE.Trial02.run_apo.4ASD_HIS01A0816_001
INFO - step3.py: ForkPoolWorker-1: Calling delphi to calculate conformer (36/702) HIS02A0816_002 in /tmp/pbe_data.data.home.granepura.5-Kinases.Kinases_MCCE.Trial02.run_apo.4ASD_HIS02A0816_002
INFO - step3.py: ForkPoolWorker-2: Calling delphi to calculate conformer (37/702) HIS+1A0816_003 in /tmp/pbe_data.data.home.granepura.5-Kinases.Kinases_MCCE.Trial02.run_apo.4ASD_HIS+1A0816_003
INFO - step3.py: ForkPoolWorker-3: Calling delphi to calculate conformer (38/702) CYS01A0817_001 in /tmp/pbe_data.data.home.granepura.5-Kinases.Kinases_MCCE.Trial02.run_apo.4ASD_CYS01A0817_001
INFO - step3.py: ForkPoolWorker-5: Calling delphi to calculate conformer (39/702) CYS01A0817_002 in /tmp/pbe_data.data.home.granepura.5-Kinases.Kinases_MCCE.Trial02.run_apo.4ASD_CYS01A0817_002
INFO - step3.py: ForkPoolWorker-4: Calling delphi to calculate conformer (40/702) CYS01A0817_003 in /tmp/pbe_data.data.home.granepura.5-Kinases.Kinases_MCCE.Trial02.run_apo.4ASD_CYS01A0817_003
INFO - step3.py: ForkPoolWorker-2: Calling delphi to calculate conformer (41/702) CYS-1A0817_004 in /tmp/pbe_data.data.home.granepura.5-Kinases.Kinases_MCCE.Trial02.run_apo.4ASD_CYS-1A0817_004
INFO - step3.py: ForkPoolWorker-1: Calling delphi to calculate conformer (42/702) GLU01A0818_001 in /tmp/pbe_data.data.home.granepura.5-Kinases.Kinases_MCCE.Trial02.run_apo.4ASD_GLU01A0818_001
INFO - step3.py: ForkPoolWorker-3: Calling delphi to calculate conformer (43/702) GLU01A0818_002 in /tmp/pbe_data.data.home.granepura.5-Kinases.Kinases_MCCE.Trial02.run_apo.4ASD_GLU01A0818_002
INFO - step3.py: ForkPoolWorker-5: Calling delphi to calculate conformer (44/702) GLU02A0818_003 in /tmp/pbe_data.data.home.granepura.5-Kinases.Kinases_MCCE.Trial02.run_apo.4ASD_GLU02A0818_003
INFO - step3.py: ForkPoolWorker-4: Calling delphi to calculate conformer (45/702) GLU02A0818_004 in /tmp/pbe_data.data.home.granepura.5-Kinases.Kinases_MCCE.Trial02.run_apo.4ASD_GLU02A0818_004
INFO - step3.py: ForkPoolWorker-1: Calling delphi to calculate conformer (46/702) GLU-1A0818_005 in /tmp/pbe_data.data.home.granepura.5-Kinases.Kinases_MCCE.Trial02.run_apo.4ASD_GLU-1A0818_005
INFO - step3.py: ForkPoolWorker-2: Calling delphi to calculate conformer (47/702) ARG01A0819_001 in /tmp/pbe_data.data.home.granepura.5-Kinases.Kinases_MCCE.Trial02.run_apo.4ASD_ARG01A0819_001
INFO - step3.py: ForkPoolWorker-3: Calling delphi to calculate conformer (48/702) ARG02A0819_002 in /tmp/pbe_data.data.home.granepura.5-Kinases.Kinases_MCCE.Trial02.run_apo.4ASD_ARG02A0819_002
INFO - step3.py: ForkPoolWorker-5: Calling delphi to calculate conformer (49/702) ARG03A0819_003 in /tmp/pbe_data.data.home.granepura.5-Kinases.Kinases_MCCE.Trial02.run_apo.4ASD_ARG03A0819_003
INFO - step3.py: ForkPoolWorker-1: Calling delphi to calculate conformer (50/702) ARG+1A0819_004 in /tmp/pbe_data.data.home.granepura.5-Kinases.Kinases_MCCE.Trial02.run_apo.4ASD_ARG+1A0819_004
INFO - step3.py: Skipping PBE solver for non-charge conformer (51/702) LEU01A0820_001...
INFO - step3.py: Skipping PBE solver for non-charge conformer (52/702) PRO01A0821_001...
INFO - step3.py: ForkPoolWorker-2: Calling delphi to calculate conformer (54/702) TYR01A0822_002 in /tmp/pbe_data.data.home.granepura.5-Kinases.Kinases_MCCE.Trial02.run_apo.4ASD_TYR01A0822_002
INFO - step3.py: ForkPoolWorker-4: Calling delphi to calculate conformer (53/702) TYR01A0822_001 in /tmp/pbe_data.data.home.granepura.5-Kinases.Kinases_MCCE.Trial02.run_apo.4ASD_TYR01A0822_001
INFO - step3.py: ForkPoolWorker-3: Calling delphi to calculate conformer (55/702) TYR-1A0822_003 in /tmp/pbe_data.data.home.granepura.5-Kinases.Kinases_MCCE.Trial02.run_apo.4ASD_TYR-1A0822_003
INFO - step3.py: ForkPoolWorker-5: Calling delphi to calculate conformer (56/702) ASP01A0823_001 in /tmp/pbe_data.data.home.granepura.5-Kinases.Kinases_MCCE.Trial02.run_apo.4ASD_ASP01A0823_001
INFO - step3.py: ForkPoolWorker-1: Calling delphi to calculate conformer (57/702) ASP01A0823_002 in /tmp/pbe_data.data.home.granepura.5-Kinases.Kinases_MCCE.Trial02.run_apo.4ASD_ASP01A0823_002
INFO - step3.py: ForkPoolWorker-4: Calling delphi to calculate conformer (58/702) ASP02A0823_003 in /tmp/pbe_data.data.home.granepura.5-Kinases.Kinases_MCCE.Trial02.run_apo.4ASD_ASP02A0823_003
INFO - step3.py: ForkPoolWorker-2: Calling delphi to calculate conformer (59/702) ASP02A0823_004 in /tmp/pbe_data.data.home.granepura.5-Kinases.Kinases_MCCE.Trial02.run_apo.4ASD_ASP02A0823_004
INFO - step3.py: ForkPoolWorker-3: Calling delphi to calculate conformer (60/702) ASP-1A0823_005 in /tmp/pbe_data.data.home.granepura.5-Kinases.Kinases_MCCE.Trial02.run_apo.4ASD_ASP-1A0823_005
INFO - step3.py: Skipping PBE solver for non-charge conformer (61/702) ALA01A0824_001...
INFO - step3.py: ForkPoolWorker-5: Calling delphi to calculate conformer (62/702) SER01A0825_001 in /tmp/pbe_data.data.home.granepura.5-Kinases.Kinases_MCCE.Trial02.run_apo.4ASD_SER01A0825_001
INFO - step3.py: ForkPoolWorker-4: Calling delphi to calculate conformer (64/702) LYS01A0826_001 in /tmp/pbe_data.data.home.granepura.5-Kinases.Kinases_MCCE.Trial02.run_apo.4ASD_LYS01A0826_001
INFO - step3.py: ForkPoolWorker-1: Calling delphi to calculate conformer (63/702) SER01A0825_002 in /tmp/pbe_data.data.home.granepura.5-Kinases.Kinases_MCCE.Trial02.run_apo.4ASD_SER01A0825_002
INFO - step3.py: ForkPoolWorker-2: Calling delphi to calculate conformer (65/702) LYS+1A0826_002 in /tmp/pbe_data.data.home.granepura.5-Kinases.Kinases_MCCE.Trial02.run_apo.4ASD_LYS+1A0826_002
INFO - step3.py: Skipping PBE solver for non-charge conformer (66/702) TRP01A0827_001...
INFO - step3.py: ForkPoolWorker-3: Calling delphi to calculate conformer (67/702) GLU01A0828_001 in /tmp/pbe_data.data.home.granepura.5-Kinases.Kinases_MCCE.Trial02.run_apo.4ASD_GLU01A0828_001
INFO - step3.py: ForkPoolWorker-5: Calling delphi to calculate conformer (68/702) GLU01A0828_002 in /tmp/pbe_data.data.home.granepura.5-Kinases.Kinases_MCCE.Trial02.run_apo.4ASD_GLU01A0828_002
INFO - step3.py: ForkPoolWorker-2: Calling delphi to calculate conformer (69/702) GLU02A0828_003 in /tmp/pbe_data.data.home.granepura.5-Kinases.Kinases_MCCE.Trial02.run_apo.4ASD_GLU02A0828_003
INFO - step3.py: ForkPoolWorker-4: Calling delphi to calculate conformer (70/702) GLU02A0828_004 in /tmp/pbe_data.data.home.granepura.5-Kinases.Kinases_MCCE.Trial02.run_apo.4ASD_GLU02A0828_004
INFO - step3.py: ForkPoolWorker-1: Calling delphi to calculate conformer (71/702) GLU-1A0828_005 in /tmp/pbe_data.data.home.granepura.5-Kinases.Kinases_MCCE.Trial02.run_apo.4ASD_GLU-1A0828_005
INFO - step3.py: Skipping PBE solver for non-charge conformer (72/702) PHE01A0829_001...
INFO - step3.py: Skipping PBE solver for non-charge conformer (73/702) PRO01A0830_001...
INFO - step3.py: ForkPoolWorker-5: Calling delphi to calculate conformer (74/702) ARG01A0831_001 in /tmp/pbe_data.data.home.granepura.5-Kinases.Kinases_MCCE.Trial02.run_apo.4ASD_ARG01A0831_001
INFO - step3.py: ForkPoolWorker-3: Calling delphi to calculate conformer (75/702) ARG02A0831_002 in /tmp/pbe_data.data.home.granepura.5-Kinases.Kinases_MCCE.Trial02.run_apo.4ASD_ARG02A0831_002
INFO - step3.py: ForkPoolWorker-2: Calling delphi to calculate conformer (76/702) ARG03A0831_003 in /tmp/pbe_data.data.home.granepura.5-Kinases.Kinases_MCCE.Trial02.run_apo.4ASD_ARG03A0831_003
INFO - step3.py: ForkPoolWorker-4: Calling delphi to calculate conformer (77/702) ARG03A0831_004 in /tmp/pbe_data.data.home.granepura.5-Kinases.Kinases_MCCE.Trial02.run_apo.4ASD_ARG03A0831_004
INFO - step3.py: ForkPoolWorker-1: Calling delphi to calculate conformer (78/702) ARG+1A0831_005 in /tmp/pbe_data.data.home.granepura.5-Kinases.Kinases_MCCE.Trial02.run_apo.4ASD_ARG+1A0831_005
INFO - step3.py: ForkPoolWorker-3: Calling delphi to calculate conformer (79/702) ASP01A0832_001 in /tmp/pbe_data.data.home.granepura.5-Kinases.Kinases_MCCE.Trial02.run_apo.4ASD_ASP01A0832_001
INFO - step3.py: ForkPoolWorker-5: Calling delphi to calculate conformer (80/702) ASP01A0832_002 in /tmp/pbe_data.data.home.granepura.5-Kinases.Kinases_MCCE.Trial02.run_apo.4ASD_ASP01A0832_002
INFO - step3.py: ForkPoolWorker-2: Calling delphi to calculate conformer (81/702) ASP02A0832_003 in /tmp/pbe_data.data.home.granepura.5-Kinases.Kinases_MCCE.Trial02.run_apo.4ASD_ASP02A0832_003
INFO - step3.py: ForkPoolWorker-1: Calling delphi to calculate conformer (82/702) ASP02A0832_004 in /tmp/pbe_data.data.home.granepura.5-Kinases.Kinases_MCCE.Trial02.run_apo.4ASD_ASP02A0832_004
INFO - step3.py: ForkPoolWorker-4: Calling delphi to calculate conformer (84/702) ARG01A0833_001 in /tmp/pbe_data.data.home.granepura.5-Kinases.Kinases_MCCE.Trial02.run_apo.4ASD_ARG01A0833_001
INFO - step3.py: ForkPoolWorker-3: Calling delphi to calculate conformer (83/702) ASP-1A0832_005 in /tmp/pbe_data.data.home.granepura.5-Kinases.Kinases_MCCE.Trial02.run_apo.4ASD_ASP-1A0832_005
INFO - step3.py: ForkPoolWorker-5: Calling delphi to calculate conformer (85/702) ARG02A0833_002 in /tmp/pbe_data.data.home.granepura.5-Kinases.Kinases_MCCE.Trial02.run_apo.4ASD_ARG02A0833_002
INFO - step3.py: ForkPoolWorker-2: Calling delphi to calculate conformer (86/702) ARG03A0833_003 in /tmp/pbe_data.data.home.granepura.5-Kinases.Kinases_MCCE.Trial02.run_apo.4ASD_ARG03A0833_003
INFO - step3.py: ForkPoolWorker-1: Calling delphi to calculate conformer (87/702) ARG+1A0833_004 in /tmp/pbe_data.data.home.granepura.5-Kinases.Kinases_MCCE.Trial02.run_apo.4ASD_ARG+1A0833_004
INFO - step3.py: Skipping PBE solver for non-charge conformer (88/702) LEU01A0834_001...
INFO - step3.py: ForkPoolWorker-3: Calling delphi to calculate conformer (90/702) LYS+1A0835_002 in /tmp/pbe_data.data.home.granepura.5-Kinases.Kinases_MCCE.Trial02.run_apo.4ASD_LYS+1A0835_002
INFO - step3.py: ForkPoolWorker-5: Calling delphi to calculate conformer (89/702) LYS01A0835_001 in /tmp/pbe_data.data.home.granepura.5-Kinases.Kinases_MCCE.Trial02.run_apo.4ASD_LYS01A0835_001
INFO - step3.py: Skipping PBE solver for non-charge conformer (91/702) LEU01A0836_001...
INFO - step3.py: ForkPoolWorker-4: Calling delphi to calculate conformer (92/702) LYS01A0838_001 in /tmp/pbe_data.data.home.granepura.5-Kinases.Kinases_MCCE.Trial02.run_apo.4ASD_LYS01A0838_001
INFO - step3.py: ForkPoolWorker-1: Calling delphi to calculate conformer (93/702) LYS+1A0838_002 in /tmp/pbe_data.data.home.granepura.5-Kinases.Kinases_MCCE.Trial02.run_apo.4ASD_LYS+1A0838_002
INFO - step3.py: Skipping PBE solver for non-charge conformer (94/702) PRO01A0839_001...
INFO - step3.py: Skipping PBE solver for non-charge conformer (95/702) LEU01A0840_001...
INFO - step3.py: ForkPoolWorker-2: Calling delphi to calculate conformer (96/702) ARG01A0842_001 in /tmp/pbe_data.data.home.granepura.5-Kinases.Kinases_MCCE.Trial02.run_apo.4ASD_ARG01A0842_001
INFO - step3.py: ForkPoolWorker-5: Calling delphi to calculate conformer (97/702) ARG02A0842_002 in /tmp/pbe_data.data.home.granepura.5-Kinases.Kinases_MCCE.Trial02.run_apo.4ASD_ARG02A0842_002
INFO - step3.py: ForkPoolWorker-3: Calling delphi to calculate conformer (98/702) ARG03A0842_003 in /tmp/pbe_data.data.home.granepura.5-Kinases.Kinases_MCCE.Trial02.run_apo.4ASD_ARG03A0842_003
INFO - step3.py: ForkPoolWorker-4: Calling delphi to calculate conformer (99/702) ARG+1A0842_004 in /tmp/pbe_data.data.home.granepura.5-Kinases.Kinases_MCCE.Trial02.run_apo.4ASD_ARG+1A0842_004
INFO - step3.py: Skipping PBE solver for non-charge conformer (100/702) ALA01A0844_001...
INFO - step3.py: Skipping PBE solver for non-charge conformer (101/702) PHE01A0845_001...
INFO - step3.py: ForkPoolWorker-1: Calling delphi to calculate conformer (102/702) GLN01A0847_001 in /tmp/pbe_data.data.home.granepura.5-Kinases.Kinases_MCCE.Trial02.run_apo.4ASD_GLN01A0847_001
INFO - step3.py: ForkPoolWorker-2: Calling delphi to calculate conformer (103/702) GLN01A0847_002 in /tmp/pbe_data.data.home.granepura.5-Kinases.Kinases_MCCE.Trial02.run_apo.4ASD_GLN01A0847_002
INFO - step3.py: Skipping PBE solver for non-charge conformer (104/702) VAL01A0848_001...
INFO - step3.py: Skipping PBE solver for non-charge conformer (105/702) ILE01A0849_001...
INFO - step3.py: ForkPoolWorker-5: Calling delphi to calculate conformer (106/702) GLU01A0850_001 in /tmp/pbe_data.data.home.granepura.5-Kinases.Kinases_MCCE.Trial02.run_apo.4ASD_GLU01A0850_001
INFO - step3.py: ForkPoolWorker-3: Calling delphi to calculate conformer (107/702) GLU01A0850_002 in /tmp/pbe_data.data.home.granepura.5-Kinases.Kinases_MCCE.Trial02.run_apo.4ASD_GLU01A0850_002
INFO - step3.py: ForkPoolWorker-4: Calling delphi to calculate conformer (108/702) GLU02A0850_003 in /tmp/pbe_data.data.home.granepura.5-Kinases.Kinases_MCCE.Trial02.run_apo.4ASD_GLU02A0850_003
INFO - step3.py: ForkPoolWorker-1: Calling delphi to calculate conformer (109/702) GLU02A0850_004 in /tmp/pbe_data.data.home.granepura.5-Kinases.Kinases_MCCE.Trial02.run_apo.4ASD_GLU02A0850_004
INFO - step3.py: ForkPoolWorker-2: Calling delphi to calculate conformer (110/702) GLU-1A0850_005 in /tmp/pbe_data.data.home.granepura.5-Kinases.Kinases_MCCE.Trial02.run_apo.4ASD_GLU-1A0850_005
INFO - step3.py: Skipping PBE solver for non-charge conformer (111/702) ALA01A0851_001...
INFO - step3.py: ForkPoolWorker-3: Calling delphi to calculate conformer (113/702) ASP01A0852_002 in /tmp/pbe_data.data.home.granepura.5-Kinases.Kinases_MCCE.Trial02.run_apo.4ASD_ASP01A0852_002
INFO - step3.py: ForkPoolWorker-5: Calling delphi to calculate conformer (112/702) ASP01A0852_001 in /tmp/pbe_data.data.home.granepura.5-Kinases.Kinases_MCCE.Trial02.run_apo.4ASD_ASP01A0852_001
INFO - step3.py: ForkPoolWorker-4: Calling delphi to calculate conformer (114/702) ASP02A0852_003 in /tmp/pbe_data.data.home.granepura.5-Kinases.Kinases_MCCE.Trial02.run_apo.4ASD_ASP02A0852_003
INFO - step3.py: ForkPoolWorker-1: Calling delphi to calculate conformer (115/702) ASP02A0852_004 in /tmp/pbe_data.data.home.granepura.5-Kinases.Kinases_MCCE.Trial02.run_apo.4ASD_ASP02A0852_004
INFO - step3.py: ForkPoolWorker-2: Calling delphi to calculate conformer (116/702) ASP-1A0852_005 in /tmp/pbe_data.data.home.granepura.5-Kinases.Kinases_MCCE.Trial02.run_apo.4ASD_ASP-1A0852_005
INFO - step3.py: Skipping PBE solver for non-charge conformer (117/702) ALA01A0853_001...
INFO - step3.py: Skipping PBE solver for non-charge conformer (118/702) PHE01A0854_001...
INFO - step3.py: Skipping PBE solver for non-charge conformer (119/702) ILE01A0856_001...
INFO - step3.py: ForkPoolWorker-3: Calling delphi to calculate conformer (120/702) ASP01A0857_001 in /tmp/pbe_data.data.home.granepura.5-Kinases.Kinases_MCCE.Trial02.run_apo.4ASD_ASP01A0857_001
INFO - step3.py: ForkPoolWorker-5: Calling delphi to calculate conformer (121/702) ASP01A0857_002 in /tmp/pbe_data.data.home.granepura.5-Kinases.Kinases_MCCE.Trial02.run_apo.4ASD_ASP01A0857_002
INFO - step3.py: ForkPoolWorker-4: Calling delphi to calculate conformer (122/702) ASP02A0857_003 in /tmp/pbe_data.data.home.granepura.5-Kinases.Kinases_MCCE.Trial02.run_apo.4ASD_ASP02A0857_003
INFO - step3.py: ForkPoolWorker-1: Calling delphi to calculate conformer (123/702) ASP02A0857_004 in /tmp/pbe_data.data.home.granepura.5-Kinases.Kinases_MCCE.Trial02.run_apo.4ASD_ASP02A0857_004
INFO - step3.py: ForkPoolWorker-2: Calling delphi to calculate conformer (124/702) ASP-1A0857_005 in /tmp/pbe_data.data.home.granepura.5-Kinases.Kinases_MCCE.Trial02.run_apo.4ASD_ASP-1A0857_005
INFO - step3.py: ForkPoolWorker-5: Calling delphi to calculate conformer (125/702) LYS01A0858_001 in /tmp/pbe_data.data.home.granepura.5-Kinases.Kinases_MCCE.Trial02.run_apo.4ASD_LYS01A0858_001
INFO - step3.py: ForkPoolWorker-3: Calling delphi to calculate conformer (126/702) LYS+1A0858_002 in /tmp/pbe_data.data.home.granepura.5-Kinases.Kinases_MCCE.Trial02.run_apo.4ASD_LYS+1A0858_002
INFO - step3.py: ForkPoolWorker-4: Calling delphi to calculate conformer (127/702) THR01A0859_001 in /tmp/pbe_data.data.home.granepura.5-Kinases.Kinases_MCCE.Trial02.run_apo.4ASD_THR01A0859_001
INFO - step3.py: ForkPoolWorker-1: Calling delphi to calculate conformer (128/702) THR01A0859_002 in /tmp/pbe_data.data.home.granepura.5-Kinases.Kinases_MCCE.Trial02.run_apo.4ASD_THR01A0859_002
INFO - step3.py: Skipping PBE solver for non-charge conformer (129/702) ALA01A0860_001...
INFO - step3.py: ForkPoolWorker-2: Calling delphi to calculate conformer (130/702) THR01A0861_001 in /tmp/pbe_data.data.home.granepura.5-Kinases.Kinases_MCCE.Trial02.run_apo.4ASD_THR01A0861_001
INFO - step3.py: ForkPoolWorker-5: Calling delphi to calculate conformer (131/702) CYS01A0862_001 in /tmp/pbe_data.data.home.granepura.5-Kinases.Kinases_MCCE.Trial02.run_apo.4ASD_CYS01A0862_001
INFO - step3.py: ForkPoolWorker-3: Calling delphi to calculate conformer (132/702) CYS01A0862_002 in /tmp/pbe_data.data.home.granepura.5-Kinases.Kinases_MCCE.Trial02.run_apo.4ASD_CYS01A0862_002
INFO - step3.py: ForkPoolWorker-4: Calling delphi to calculate conformer (133/702) CYS01A0862_003 in /tmp/pbe_data.data.home.granepura.5-Kinases.Kinases_MCCE.Trial02.run_apo.4ASD_CYS01A0862_003
INFO - step3.py: ForkPoolWorker-3: Calling delphi to calculate conformer (134/702) CYS-1A0862_004 in /tmp/pbe_data.data.home.granepura.5-Kinases.Kinases_MCCE.Trial02.run_apo.4ASD_CYS-1A0862_004
INFO - step3.py: ForkPoolWorker-1: Calling delphi to calculate conformer (135/702) ARG01A0863_001 in /tmp/pbe_data.data.home.granepura.5-Kinases.Kinases_MCCE.Trial02.run_apo.4ASD_ARG01A0863_001
INFO - step3.py: ForkPoolWorker-2: Calling delphi to calculate conformer (136/702) ARG02A0863_002 in /tmp/pbe_data.data.home.granepura.5-Kinases.Kinases_MCCE.Trial02.run_apo.4ASD_ARG02A0863_002
INFO - step3.py: ForkPoolWorker-5: Calling delphi to calculate conformer (137/702) ARG03A0863_003 in /tmp/pbe_data.data.home.granepura.5-Kinases.Kinases_MCCE.Trial02.run_apo.4ASD_ARG03A0863_003
INFO - step3.py: ForkPoolWorker-4: Calling delphi to calculate conformer (138/702) ARG03A0863_004 in /tmp/pbe_data.data.home.granepura.5-Kinases.Kinases_MCCE.Trial02.run_apo.4ASD_ARG03A0863_004
INFO - step3.py: ForkPoolWorker-3: Calling delphi to calculate conformer (139/702) ARG+1A0863_005 in /tmp/pbe_data.data.home.granepura.5-Kinases.Kinases_MCCE.Trial02.run_apo.4ASD_ARG+1A0863_005
INFO - step3.py: ForkPoolWorker-1: Calling delphi to calculate conformer (140/702) THR01A0864_001 in /tmp/pbe_data.data.home.granepura.5-Kinases.Kinases_MCCE.Trial02.run_apo.4ASD_THR01A0864_001
INFO - step3.py: ForkPoolWorker-2: Calling delphi to calculate conformer (141/702) THR01A0864_002 in /tmp/pbe_data.data.home.granepura.5-Kinases.Kinases_MCCE.Trial02.run_apo.4ASD_THR01A0864_002
INFO - step3.py: Skipping PBE solver for non-charge conformer (142/702) VAL01A0865_001...
INFO - step3.py: Skipping PBE solver for non-charge conformer (144/702) VAL01A0867_001...
INFO - step3.py: Skipping PBE solver for non-charge conformer (143/702) ALA01A0866_001...
INFO - step3.py: ForkPoolWorker-5: Calling delphi to calculate conformer (145/702) LYS01A0868_001 in /tmp/pbe_data.data.home.granepura.5-Kinases.Kinases_MCCE.Trial02.run_apo.4ASD_LYS01A0868_001
INFO - step3.py: ForkPoolWorker-4: Calling delphi to calculate conformer (146/702) LYS+1A0868_002 in /tmp/pbe_data.data.home.granepura.5-Kinases.Kinases_MCCE.Trial02.run_apo.4ASD_LYS+1A0868_002
INFO - step3.py: ForkPoolWorker-3: Calling delphi to calculate conformer (147/702) MET01A0869_001 in /tmp/pbe_data.data.home.granepura.5-Kinases.Kinases_MCCE.Trial02.run_apo.4ASD_MET01A0869_001
INFO - step3.py: ForkPoolWorker-2: Calling delphi to calculate conformer (149/702) LYS01A0871_001 in /tmp/pbe_data.data.home.granepura.5-Kinases.Kinases_MCCE.Trial02.run_apo.4ASD_LYS01A0871_001
INFO - step3.py: Skipping PBE solver for non-charge conformer (148/702) LEU01A0870_001...
INFO - step3.py: ForkPoolWorker-1: Calling delphi to calculate conformer (150/702) LYS+1A0871_002 in /tmp/pbe_data.data.home.granepura.5-Kinases.Kinases_MCCE.Trial02.run_apo.4ASD_LYS+1A0871_002
INFO - step3.py: ForkPoolWorker-5: Calling delphi to calculate conformer (151/702) GLU01A0872_001 in /tmp/pbe_data.data.home.granepura.5-Kinases.Kinases_MCCE.Trial02.run_apo.4ASD_GLU01A0872_001
INFO - step3.py: ForkPoolWorker-4: Calling delphi to calculate conformer (152/702) GLU01A0872_002 in /tmp/pbe_data.data.home.granepura.5-Kinases.Kinases_MCCE.Trial02.run_apo.4ASD_GLU01A0872_002
INFO - step3.py: ForkPoolWorker-3: Calling delphi to calculate conformer (153/702) GLU02A0872_003 in /tmp/pbe_data.data.home.granepura.5-Kinases.Kinases_MCCE.Trial02.run_apo.4ASD_GLU02A0872_003
INFO - step3.py: ForkPoolWorker-2: Calling delphi to calculate conformer (154/702) GLU02A0872_004 in /tmp/pbe_data.data.home.granepura.5-Kinases.Kinases_MCCE.Trial02.run_apo.4ASD_GLU02A0872_004
INFO - step3.py: ForkPoolWorker-1: Calling delphi to calculate conformer (155/702) GLU-1A0872_005 in /tmp/pbe_data.data.home.granepura.5-Kinases.Kinases_MCCE.Trial02.run_apo.4ASD_GLU-1A0872_005
INFO - step3.py: Skipping PBE solver for non-charge conformer (156/702) ALA01A0874_001...
INFO - step3.py: ForkPoolWorker-5: Calling delphi to calculate conformer (157/702) THR01A0875_001 in /tmp/pbe_data.data.home.granepura.5-Kinases.Kinases_MCCE.Trial02.run_apo.4ASD_THR01A0875_001
INFO - step3.py: ForkPoolWorker-4: Calling delphi to calculate conformer (158/702) THR01A0875_002 in /tmp/pbe_data.data.home.granepura.5-Kinases.Kinases_MCCE.Trial02.run_apo.4ASD_THR01A0875_002
INFO - step3.py: ForkPoolWorker-3: Calling delphi to calculate conformer (159/702) HIS01A0876_001 in /tmp/pbe_data.data.home.granepura.5-Kinases.Kinases_MCCE.Trial02.run_apo.4ASD_HIS01A0876_001
INFO - step3.py: ForkPoolWorker-1: Calling delphi to calculate conformer (160/702) HIS01A0876_002 in /tmp/pbe_data.data.home.granepura.5-Kinases.Kinases_MCCE.Trial02.run_apo.4ASD_HIS01A0876_002
INFO - step3.py: ForkPoolWorker-2: Calling delphi to calculate conformer (161/702) HIS02A0876_003 in /tmp/pbe_data.data.home.granepura.5-Kinases.Kinases_MCCE.Trial02.run_apo.4ASD_HIS02A0876_003
INFO - step3.py: ForkPoolWorker-4: Calling delphi to calculate conformer (162/702) HIS02A0876_004 in /tmp/pbe_data.data.home.granepura.5-Kinases.Kinases_MCCE.Trial02.run_apo.4ASD_HIS02A0876_004
INFO - step3.py: ForkPoolWorker-5: Calling delphi to calculate conformer (163/702) HIS+1A0876_005 in /tmp/pbe_data.data.home.granepura.5-Kinases.Kinases_MCCE.Trial02.run_apo.4ASD_HIS+1A0876_005
INFO - step3.py: ForkPoolWorker-3: Calling delphi to calculate conformer (164/702) HIS+1A0876_006 in /tmp/pbe_data.data.home.granepura.5-Kinases.Kinases_MCCE.Trial02.run_apo.4ASD_HIS+1A0876_006
INFO - step3.py: ForkPoolWorker-2: Calling delphi to calculate conformer (165/702) SER01A0877_001 in /tmp/pbe_data.data.home.granepura.5-Kinases.Kinases_MCCE.Trial02.run_apo.4ASD_SER01A0877_001
INFO - step3.py: ForkPoolWorker-1: Calling delphi to calculate conformer (166/702) SER01A0877_002 in /tmp/pbe_data.data.home.granepura.5-Kinases.Kinases_MCCE.Trial02.run_apo.4ASD_SER01A0877_002
INFO - step3.py: ForkPoolWorker-4: Calling delphi to calculate conformer (167/702) SER01A0877_003 in /tmp/pbe_data.data.home.granepura.5-Kinases.Kinases_MCCE.Trial02.run_apo.4ASD_SER01A0877_003
INFO - step3.py: ForkPoolWorker-5: Calling delphi to calculate conformer (168/702) GLU01A0878_001 in /tmp/pbe_data.data.home.granepura.5-Kinases.Kinases_MCCE.Trial02.run_apo.4ASD_GLU01A0878_001
INFO - step3.py: ForkPoolWorker-3: Calling delphi to calculate conformer (169/702) GLU01A0878_002 in /tmp/pbe_data.data.home.granepura.5-Kinases.Kinases_MCCE.Trial02.run_apo.4ASD_GLU01A0878_002
INFO - step3.py: ForkPoolWorker-2: Calling delphi to calculate conformer (170/702) GLU02A0878_003 in /tmp/pbe_data.data.home.granepura.5-Kinases.Kinases_MCCE.Trial02.run_apo.4ASD_GLU02A0878_003
INFO - step3.py: ForkPoolWorker-1: Calling delphi to calculate conformer (171/702) GLU02A0878_004 in /tmp/pbe_data.data.home.granepura.5-Kinases.Kinases_MCCE.Trial02.run_apo.4ASD_GLU02A0878_004
INFO - step3.py: ForkPoolWorker-4: Calling delphi to calculate conformer (172/702) GLU-1A0878_005 in /tmp/pbe_data.data.home.granepura.5-Kinases.Kinases_MCCE.Trial02.run_apo.4ASD_GLU-1A0878_005
INFO - step3.py: ForkPoolWorker-5: Calling delphi to calculate conformer (173/702) HIS01A0879_001 in /tmp/pbe_data.data.home.granepura.5-Kinases.Kinases_MCCE.Trial02.run_apo.4ASD_HIS01A0879_001
INFO - step3.py: ForkPoolWorker-3: Calling delphi to calculate conformer (174/702) HIS01A0879_002 in /tmp/pbe_data.data.home.granepura.5-Kinases.Kinases_MCCE.Trial02.run_apo.4ASD_HIS01A0879_002
INFO - step3.py: ForkPoolWorker-1: Calling delphi to calculate conformer (175/702) HIS02A0879_003 in /tmp/pbe_data.data.home.granepura.5-Kinases.Kinases_MCCE.Trial02.run_apo.4ASD_HIS02A0879_003
INFO - step3.py: ForkPoolWorker-2: Calling delphi to calculate conformer (176/702) HIS02A0879_004 in /tmp/pbe_data.data.home.granepura.5-Kinases.Kinases_MCCE.Trial02.run_apo.4ASD_HIS02A0879_004
INFO - step3.py: ForkPoolWorker-4: Calling delphi to calculate conformer (177/702) HIS+1A0879_005 in /tmp/pbe_data.data.home.granepura.5-Kinases.Kinases_MCCE.Trial02.run_apo.4ASD_HIS+1A0879_005
INFO - step3.py: ForkPoolWorker-5: Calling delphi to calculate conformer (178/702) HIS+1A0879_006 in /tmp/pbe_data.data.home.granepura.5-Kinases.Kinases_MCCE.Trial02.run_apo.4ASD_HIS+1A0879_006
INFO - step3.py: ForkPoolWorker-1: Calling delphi to calculate conformer (179/702) ARG01A0880_001 in /tmp/pbe_data.data.home.granepura.5-Kinases.Kinases_MCCE.Trial02.run_apo.4ASD_ARG01A0880_001
INFO - step3.py: ForkPoolWorker-4: Calling delphi to calculate conformer (180/702) ARG02A0880_002 in /tmp/pbe_data.data.home.granepura.5-Kinases.Kinases_MCCE.Trial02.run_apo.4ASD_ARG02A0880_002
INFO - step3.py: ForkPoolWorker-5: Calling delphi to calculate conformer (181/702) ARG03A0880_003 in /tmp/pbe_data.data.home.granepura.5-Kinases.Kinases_MCCE.Trial02.run_apo.4ASD_ARG03A0880_003
INFO - step3.py: ForkPoolWorker-3: Calling delphi to calculate conformer (182/702) ARG+1A0880_004 in /tmp/pbe_data.data.home.granepura.5-Kinases.Kinases_MCCE.Trial02.run_apo.4ASD_ARG+1A0880_004
INFO - step3.py: Skipping PBE solver for non-charge conformer (183/702) ALA01A0881_001...
INFO - step3.py: Skipping PBE solver for non-charge conformer (184/702) LEU01A0882_001...
INFO - step3.py: ForkPoolWorker-2: Calling delphi to calculate conformer (185/702) MET01A0883_001 in /tmp/pbe_data.data.home.granepura.5-Kinases.Kinases_MCCE.Trial02.run_apo.4ASD_MET01A0883_001
INFO - step3.py: ForkPoolWorker-1: Calling delphi to calculate conformer (186/702) SER01A0884_001 in /tmp/pbe_data.data.home.granepura.5-Kinases.Kinases_MCCE.Trial02.run_apo.4ASD_SER01A0884_001
INFO - step3.py: ForkPoolWorker-4: Calling delphi to calculate conformer (187/702) GLU01A0885_001 in /tmp/pbe_data.data.home.granepura.5-Kinases.Kinases_MCCE.Trial02.run_apo.4ASD_GLU01A0885_001
INFO - step3.py: ForkPoolWorker-5: Calling delphi to calculate conformer (188/702) GLU01A0885_002 in /tmp/pbe_data.data.home.granepura.5-Kinases.Kinases_MCCE.Trial02.run_apo.4ASD_GLU01A0885_002
INFO - step3.py: ForkPoolWorker-3: Calling delphi to calculate conformer (189/702) GLU01A0885_003 in /tmp/pbe_data.data.home.granepura.5-Kinases.Kinases_MCCE.Trial02.run_apo.4ASD_GLU01A0885_003
INFO - step3.py: ForkPoolWorker-2: Calling delphi to calculate conformer (190/702) GLU01A0885_004 in /tmp/pbe_data.data.home.granepura.5-Kinases.Kinases_MCCE.Trial02.run_apo.4ASD_GLU01A0885_004
INFO - step3.py: ForkPoolWorker-1: Calling delphi to calculate conformer (191/702) GLU02A0885_005 in /tmp/pbe_data.data.home.granepura.5-Kinases.Kinases_MCCE.Trial02.run_apo.4ASD_GLU02A0885_005
INFO - step3.py: ForkPoolWorker-5: Calling delphi to calculate conformer (192/702) GLU02A0885_006 in /tmp/pbe_data.data.home.granepura.5-Kinases.Kinases_MCCE.Trial02.run_apo.4ASD_GLU02A0885_006
INFO - step3.py: ForkPoolWorker-3: Calling delphi to calculate conformer (193/702) GLU02A0885_007 in /tmp/pbe_data.data.home.granepura.5-Kinases.Kinases_MCCE.Trial02.run_apo.4ASD_GLU02A0885_007
INFO - step3.py: ForkPoolWorker-4: Calling delphi to calculate conformer (194/702) GLU02A0885_008 in /tmp/pbe_data.data.home.granepura.5-Kinases.Kinases_MCCE.Trial02.run_apo.4ASD_GLU02A0885_008
INFO - step3.py: ForkPoolWorker-2: Calling delphi to calculate conformer (195/702) GLU-1A0885_009 in /tmp/pbe_data.data.home.granepura.5-Kinases.Kinases_MCCE.Trial02.run_apo.4ASD_GLU-1A0885_009
INFO - step3.py: ForkPoolWorker-1: Calling delphi to calculate conformer (196/702) GLU-1A0885_010 in /tmp/pbe_data.data.home.granepura.5-Kinases.Kinases_MCCE.Trial02.run_apo.4ASD_GLU-1A0885_010
INFO - step3.py: Skipping PBE solver for non-charge conformer (197/702) LEU01A0886_001...
INFO - step3.py: ForkPoolWorker-4: Calling delphi to calculate conformer (199/702) LYS+1A0887_002 in /tmp/pbe_data.data.home.granepura.5-Kinases.Kinases_MCCE.Trial02.run_apo.4ASD_LYS+1A0887_002
INFO - step3.py: ForkPoolWorker-3: Calling delphi to calculate conformer (198/702) LYS01A0887_001 in /tmp/pbe_data.data.home.granepura.5-Kinases.Kinases_MCCE.Trial02.run_apo.4ASD_LYS01A0887_001
INFO - step3.py: Skipping PBE solver for non-charge conformer (200/702) ILE01A0888_001...
INFO - step3.py: Skipping PBE solver for non-charge conformer (201/702) LEU01A0889_001...
INFO - step3.py: Skipping PBE solver for non-charge conformer (202/702) ILE01A0890_001...
INFO - step3.py: ForkPoolWorker-5: Calling delphi to calculate conformer (203/702) HIS01A0891_001 in /tmp/pbe_data.data.home.granepura.5-Kinases.Kinases_MCCE.Trial02.run_apo.4ASD_HIS01A0891_001
INFO - step3.py: ForkPoolWorker-2: Calling delphi to calculate conformer (204/702) HIS01A0891_002 in /tmp/pbe_data.data.home.granepura.5-Kinases.Kinases_MCCE.Trial02.run_apo.4ASD_HIS01A0891_002
INFO - step3.py: ForkPoolWorker-1: Calling delphi to calculate conformer (205/702) HIS02A0891_003 in /tmp/pbe_data.data.home.granepura.5-Kinases.Kinases_MCCE.Trial02.run_apo.4ASD_HIS02A0891_003
INFO - step3.py: ForkPoolWorker-4: Calling delphi to calculate conformer (206/702) HIS02A0891_004 in /tmp/pbe_data.data.home.granepura.5-Kinases.Kinases_MCCE.Trial02.run_apo.4ASD_HIS02A0891_004
INFO - step3.py: ForkPoolWorker-3: Calling delphi to calculate conformer (207/702) HIS+1A0891_005 in /tmp/pbe_data.data.home.granepura.5-Kinases.Kinases_MCCE.Trial02.run_apo.4ASD_HIS+1A0891_005
INFO - step3.py: ForkPoolWorker-5: Calling delphi to calculate conformer (208/702) HIS+1A0891_006 in /tmp/pbe_data.data.home.granepura.5-Kinases.Kinases_MCCE.Trial02.run_apo.4ASD_HIS+1A0891_006
INFO - step3.py: Skipping PBE solver for non-charge conformer (209/702) ILE01A0892_001...
INFO - step3.py: ForkPoolWorker-2: Calling delphi to calculate conformer (210/702) HIS01A0894_001 in /tmp/pbe_data.data.home.granepura.5-Kinases.Kinases_MCCE.Trial02.run_apo.4ASD_HIS01A0894_001
INFO - step3.py: ForkPoolWorker-1: Calling delphi to calculate conformer (211/702) HIS01A0894_002 in /tmp/pbe_data.data.home.granepura.5-Kinases.Kinases_MCCE.Trial02.run_apo.4ASD_HIS01A0894_002
INFO - step3.py: ForkPoolWorker-4: Calling delphi to calculate conformer (212/702) HIS02A0894_003 in /tmp/pbe_data.data.home.granepura.5-Kinases.Kinases_MCCE.Trial02.run_apo.4ASD_HIS02A0894_003
INFO - step3.py: ForkPoolWorker-3: Calling delphi to calculate conformer (213/702) HIS02A0894_004 in /tmp/pbe_data.data.home.granepura.5-Kinases.Kinases_MCCE.Trial02.run_apo.4ASD_HIS02A0894_004
INFO - step3.py: ForkPoolWorker-5: Calling delphi to calculate conformer (214/702) HIS+1A0894_005 in /tmp/pbe_data.data.home.granepura.5-Kinases.Kinases_MCCE.Trial02.run_apo.4ASD_HIS+1A0894_005
INFO - step3.py: ForkPoolWorker-2: Calling delphi to calculate conformer (215/702) HIS+1A0894_006 in /tmp/pbe_data.data.home.granepura.5-Kinases.Kinases_MCCE.Trial02.run_apo.4ASD_HIS+1A0894_006
INFO - step3.py: ForkPoolWorker-1: Calling delphi to calculate conformer (216/702) HIS01A0895_001 in /tmp/pbe_data.data.home.granepura.5-Kinases.Kinases_MCCE.Trial02.run_apo.4ASD_HIS01A0895_001
INFO - step3.py: ForkPoolWorker-3: Calling delphi to calculate conformer (218/702) HIS+1A0895_003 in /tmp/pbe_data.data.home.granepura.5-Kinases.Kinases_MCCE.Trial02.run_apo.4ASD_HIS+1A0895_003
INFO - step3.py: ForkPoolWorker-4: Calling delphi to calculate conformer (217/702) HIS02A0895_002 in /tmp/pbe_data.data.home.granepura.5-Kinases.Kinases_MCCE.Trial02.run_apo.4ASD_HIS02A0895_002
INFO - step3.py: Skipping PBE solver for non-charge conformer (219/702) LEU01A0896_001...
INFO - step3.py: ForkPoolWorker-5: Calling delphi to calculate conformer (220/702) ASN01A0897_001 in /tmp/pbe_data.data.home.granepura.5-Kinases.Kinases_MCCE.Trial02.run_apo.4ASD_ASN01A0897_001
INFO - step3.py: ForkPoolWorker-2: Calling delphi to calculate conformer (221/702) ASN01A0897_002 in /tmp/pbe_data.data.home.granepura.5-Kinases.Kinases_MCCE.Trial02.run_apo.4ASD_ASN01A0897_002
INFO - step3.py: ForkPoolWorker-1: Calling delphi to calculate conformer (222/702) ASN01A0897_003 in /tmp/pbe_data.data.home.granepura.5-Kinases.Kinases_MCCE.Trial02.run_apo.4ASD_ASN01A0897_003
INFO - step3.py: Skipping PBE solver for non-charge conformer (223/702) VAL01A0898_001...
INFO - step3.py: ForkPoolWorker-4: Calling delphi to calculate conformer (225/702) ASN01A0900_001 in /tmp/pbe_data.data.home.granepura.5-Kinases.Kinases_MCCE.Trial02.run_apo.4ASD_ASN01A0900_001
INFO - step3.py: Skipping PBE solver for non-charge conformer (224/702) VAL01A0899_001...
INFO - step3.py: ForkPoolWorker-3: Calling delphi to calculate conformer (226/702) ASN01A0900_002 in /tmp/pbe_data.data.home.granepura.5-Kinases.Kinases_MCCE.Trial02.run_apo.4ASD_ASN01A0900_002
INFO - step3.py: Skipping PBE solver for non-charge conformer (227/702) LEU01A0901_001...
INFO - step3.py: Skipping PBE solver for non-charge conformer (228/702) LEU01A0902_001...
INFO - step3.py: Skipping PBE solver for non-charge conformer (229/702) ALA01A0904_001...
INFO - step3.py: ForkPoolWorker-5: Calling delphi to calculate conformer (230/702) CYS01A0905_001 in /tmp/pbe_data.data.home.granepura.5-Kinases.Kinases_MCCE.Trial02.run_apo.4ASD_CYS01A0905_001
INFO - step3.py: ForkPoolWorker-2: Calling delphi to calculate conformer (231/702) CYS01A0905_002 in /tmp/pbe_data.data.home.granepura.5-Kinases.Kinases_MCCE.Trial02.run_apo.4ASD_CYS01A0905_002
INFO - step3.py: ForkPoolWorker-1: Calling delphi to calculate conformer (232/702) CYS01A0905_003 in /tmp/pbe_data.data.home.granepura.5-Kinases.Kinases_MCCE.Trial02.run_apo.4ASD_CYS01A0905_003
INFO - step3.py: ForkPoolWorker-4: Calling delphi to calculate conformer (233/702) CYS-1A0905_004 in /tmp/pbe_data.data.home.granepura.5-Kinases.Kinases_MCCE.Trial02.run_apo.4ASD_CYS-1A0905_004
INFO - step3.py: ForkPoolWorker-3: Calling delphi to calculate conformer (234/702) THR01A0906_001 in /tmp/pbe_data.data.home.granepura.5-Kinases.Kinases_MCCE.Trial02.run_apo.4ASD_THR01A0906_001
INFO - step3.py: ForkPoolWorker-5: Calling delphi to calculate conformer (235/702) THR01A0906_002 in /tmp/pbe_data.data.home.granepura.5-Kinases.Kinases_MCCE.Trial02.run_apo.4ASD_THR01A0906_002
INFO - step3.py: ForkPoolWorker-2: Calling delphi to calculate conformer (236/702) THR01A0906_003 in /tmp/pbe_data.data.home.granepura.5-Kinases.Kinases_MCCE.Trial02.run_apo.4ASD_THR01A0906_003
INFO - step3.py: ForkPoolWorker-1: Calling delphi to calculate conformer (237/702) LYS01A0907_001 in /tmp/pbe_data.data.home.granepura.5-Kinases.Kinases_MCCE.Trial02.run_apo.4ASD_LYS01A0907_001
INFO - step3.py: ForkPoolWorker-4: Calling delphi to calculate conformer (238/702) LYS+1A0907_002 in /tmp/pbe_data.data.home.granepura.5-Kinases.Kinases_MCCE.Trial02.run_apo.4ASD_LYS+1A0907_002
INFO - step3.py: Skipping PBE solver for non-charge conformer (239/702) PRO01A0908_001...
INFO - step3.py: Skipping PBE solver for non-charge conformer (240/702) PRO01A0911_001...
INFO - step3.py: Skipping PBE solver for non-charge conformer (241/702) LEU01A0912_001...
INFO - step3.py: ForkPoolWorker-3: Calling delphi to calculate conformer (242/702) MET01A0913_001 in /tmp/pbe_data.data.home.granepura.5-Kinases.Kinases_MCCE.Trial02.run_apo.4ASD_MET01A0913_001
INFO - step3.py: Skipping PBE solver for non-charge conformer (243/702) VAL01A0914_001...
INFO - step3.py: Skipping PBE solver for non-charge conformer (244/702) ILE01A0915_001...
INFO - step3.py: Skipping PBE solver for non-charge conformer (245/702) VAL01A0916_001...
INFO - step3.py: ForkPoolWorker-5: Calling delphi to calculate conformer (246/702) GLU01A0917_001 in /tmp/pbe_data.data.home.granepura.5-Kinases.Kinases_MCCE.Trial02.run_apo.4ASD_GLU01A0917_001
INFO - step3.py: ForkPoolWorker-2: Calling delphi to calculate conformer (247/702) GLU01A0917_002 in /tmp/pbe_data.data.home.granepura.5-Kinases.Kinases_MCCE.Trial02.run_apo.4ASD_GLU01A0917_002
INFO - step3.py: ForkPoolWorker-1: Calling delphi to calculate conformer (248/702) GLU01A0917_003 in /tmp/pbe_data.data.home.granepura.5-Kinases.Kinases_MCCE.Trial02.run_apo.4ASD_GLU01A0917_003
INFO - step3.py: ForkPoolWorker-4: Calling delphi to calculate conformer (249/702) GLU01A0917_004 in /tmp/pbe_data.data.home.granepura.5-Kinases.Kinases_MCCE.Trial02.run_apo.4ASD_GLU01A0917_004
INFO - step3.py: ForkPoolWorker-3: Calling delphi to calculate conformer (250/702) GLU02A0917_005 in /tmp/pbe_data.data.home.granepura.5-Kinases.Kinases_MCCE.Trial02.run_apo.4ASD_GLU02A0917_005
INFO - step3.py: ForkPoolWorker-5: Calling delphi to calculate conformer (251/702) GLU02A0917_006 in /tmp/pbe_data.data.home.granepura.5-Kinases.Kinases_MCCE.Trial02.run_apo.4ASD_GLU02A0917_006
INFO - step3.py: ForkPoolWorker-2: Calling delphi to calculate conformer (252/702) GLU02A0917_007 in /tmp/pbe_data.data.home.granepura.5-Kinases.Kinases_MCCE.Trial02.run_apo.4ASD_GLU02A0917_007
INFO - step3.py: ForkPoolWorker-1: Calling delphi to calculate conformer (253/702) GLU02A0917_008 in /tmp/pbe_data.data.home.granepura.5-Kinases.Kinases_MCCE.Trial02.run_apo.4ASD_GLU02A0917_008
INFO - step3.py: ForkPoolWorker-4: Calling delphi to calculate conformer (254/702) GLU-1A0917_009 in /tmp/pbe_data.data.home.granepura.5-Kinases.Kinases_MCCE.Trial02.run_apo.4ASD_GLU-1A0917_009
INFO - step3.py: ForkPoolWorker-3: Calling delphi to calculate conformer (255/702) GLU-1A0917_010 in /tmp/pbe_data.data.home.granepura.5-Kinases.Kinases_MCCE.Trial02.run_apo.4ASD_GLU-1A0917_010
INFO - step3.py: Skipping PBE solver for non-charge conformer (256/702) PHE01A0918_001...
INFO - step3.py: ForkPoolWorker-5: Calling delphi to calculate conformer (257/702) CYS01A0919_001 in /tmp/pbe_data.data.home.granepura.5-Kinases.Kinases_MCCE.Trial02.run_apo.4ASD_CYS01A0919_001
INFO - step3.py: ForkPoolWorker-2: Calling delphi to calculate conformer (258/702) CYS01A0919_002 in /tmp/pbe_data.data.home.granepura.5-Kinases.Kinases_MCCE.Trial02.run_apo.4ASD_CYS01A0919_002
INFO - step3.py: ForkPoolWorker-1: Calling delphi to calculate conformer (259/702) CYS01A0919_003 in /tmp/pbe_data.data.home.granepura.5-Kinases.Kinases_MCCE.Trial02.run_apo.4ASD_CYS01A0919_003
INFO - step3.py: ForkPoolWorker-4: Calling delphi to calculate conformer (260/702) CYS-1A0919_004 in /tmp/pbe_data.data.home.granepura.5-Kinases.Kinases_MCCE.Trial02.run_apo.4ASD_CYS-1A0919_004
INFO - step3.py: ForkPoolWorker-3: Calling delphi to calculate conformer (261/702) LYS01A0920_001 in /tmp/pbe_data.data.home.granepura.5-Kinases.Kinases_MCCE.Trial02.run_apo.4ASD_LYS01A0920_001
INFO - step3.py: ForkPoolWorker-2: Calling delphi to calculate conformer (262/702) LYS+1A0920_002 in /tmp/pbe_data.data.home.granepura.5-Kinases.Kinases_MCCE.Trial02.run_apo.4ASD_LYS+1A0920_002
INFO - step3.py: Skipping PBE solver for non-charge conformer (263/702) PHE01A0921_001...
INFO - step3.py: ForkPoolWorker-5: Calling delphi to calculate conformer (264/702) ASN01A0923_001 in /tmp/pbe_data.data.home.granepura.5-Kinases.Kinases_MCCE.Trial02.run_apo.4ASD_ASN01A0923_001
INFO - step3.py: ForkPoolWorker-1: Calling delphi to calculate conformer (265/702) ASN01A0923_002 in /tmp/pbe_data.data.home.granepura.5-Kinases.Kinases_MCCE.Trial02.run_apo.4ASD_ASN01A0923_002
INFO - step3.py: Skipping PBE solver for non-charge conformer (266/702) LEU01A0924_001...
INFO - step3.py: ForkPoolWorker-3: Calling delphi to calculate conformer (267/702) SER01A0925_001 in /tmp/pbe_data.data.home.granepura.5-Kinases.Kinases_MCCE.Trial02.run_apo.4ASD_SER01A0925_001
INFO - step3.py: ForkPoolWorker-4: Calling delphi to calculate conformer (268/702) SER01A0925_002 in /tmp/pbe_data.data.home.granepura.5-Kinases.Kinases_MCCE.Trial02.run_apo.4ASD_SER01A0925_002
INFO - step3.py: ForkPoolWorker-2: Calling delphi to calculate conformer (269/702) THR01A0926_001 in /tmp/pbe_data.data.home.granepura.5-Kinases.Kinases_MCCE.Trial02.run_apo.4ASD_THR01A0926_001
INFO - step3.py: ForkPoolWorker-5: Calling delphi to calculate conformer (270/702) THR01A0926_002 in /tmp/pbe_data.data.home.granepura.5-Kinases.Kinases_MCCE.Trial02.run_apo.4ASD_THR01A0926_002
INFO - step3.py: ForkPoolWorker-1: Calling delphi to calculate conformer (271/702) THR01A0926_003 in /tmp/pbe_data.data.home.granepura.5-Kinases.Kinases_MCCE.Trial02.run_apo.4ASD_THR01A0926_003
INFO - step3.py: ForkPoolWorker-3: Calling delphi to calculate conformer (272/702) TYR01A0927_001 in /tmp/pbe_data.data.home.granepura.5-Kinases.Kinases_MCCE.Trial02.run_apo.4ASD_TYR01A0927_001
INFO - step3.py: ForkPoolWorker-4: Calling delphi to calculate conformer (273/702) TYR-1A0927_002 in /tmp/pbe_data.data.home.granepura.5-Kinases.Kinases_MCCE.Trial02.run_apo.4ASD_TYR-1A0927_002
INFO - step3.py: Skipping PBE solver for non-charge conformer (274/702) LEU01A0928_001...
INFO - step3.py: ForkPoolWorker-2: Calling delphi to calculate conformer (275/702) ARG01A0929_001 in /tmp/pbe_data.data.home.granepura.5-Kinases.Kinases_MCCE.Trial02.run_apo.4ASD_ARG01A0929_001
INFO - step3.py: ForkPoolWorker-5: Calling delphi to calculate conformer (276/702) ARG02A0929_002 in /tmp/pbe_data.data.home.granepura.5-Kinases.Kinases_MCCE.Trial02.run_apo.4ASD_ARG02A0929_002
INFO - step3.py: ForkPoolWorker-1: Calling delphi to calculate conformer (277/702) ARG02A0929_003 in /tmp/pbe_data.data.home.granepura.5-Kinases.Kinases_MCCE.Trial02.run_apo.4ASD_ARG02A0929_003
INFO - step3.py: ForkPoolWorker-3: Calling delphi to calculate conformer (278/702) ARG03A0929_004 in /tmp/pbe_data.data.home.granepura.5-Kinases.Kinases_MCCE.Trial02.run_apo.4ASD_ARG03A0929_004
INFO - step3.py: ForkPoolWorker-4: Calling delphi to calculate conformer (279/702) ARG+1A0929_005 in /tmp/pbe_data.data.home.granepura.5-Kinases.Kinases_MCCE.Trial02.run_apo.4ASD_ARG+1A0929_005
INFO - step3.py: ForkPoolWorker-2: Calling delphi to calculate conformer (280/702) SER01A0930_001 in /tmp/pbe_data.data.home.granepura.5-Kinases.Kinases_MCCE.Trial02.run_apo.4ASD_SER01A0930_001
INFO - step3.py: ForkPoolWorker-5: Calling delphi to calculate conformer (281/702) SER01A0930_002 in /tmp/pbe_data.data.home.granepura.5-Kinases.Kinases_MCCE.Trial02.run_apo.4ASD_SER01A0930_002
INFO - step3.py: ForkPoolWorker-1: Calling delphi to calculate conformer (282/702) LYS01A0931_001 in /tmp/pbe_data.data.home.granepura.5-Kinases.Kinases_MCCE.Trial02.run_apo.4ASD_LYS01A0931_001
INFO - step3.py: ForkPoolWorker-3: Calling delphi to calculate conformer (283/702) LYS+1A0931_002 in /tmp/pbe_data.data.home.granepura.5-Kinases.Kinases_MCCE.Trial02.run_apo.4ASD_LYS+1A0931_002
INFO - step3.py: ForkPoolWorker-4: Calling delphi to calculate conformer (284/702) ARG01A0932_001 in /tmp/pbe_data.data.home.granepura.5-Kinases.Kinases_MCCE.Trial02.run_apo.4ASD_ARG01A0932_001
INFO - step3.py: ForkPoolWorker-2: Calling delphi to calculate conformer (285/702) ARG02A0932_002 in /tmp/pbe_data.data.home.granepura.5-Kinases.Kinases_MCCE.Trial02.run_apo.4ASD_ARG02A0932_002
INFO - step3.py: ForkPoolWorker-5: Calling delphi to calculate conformer (286/702) ARG03A0932_003 in /tmp/pbe_data.data.home.granepura.5-Kinases.Kinases_MCCE.Trial02.run_apo.4ASD_ARG03A0932_003
INFO - step3.py: ForkPoolWorker-1: Calling delphi to calculate conformer (287/702) ARG+1A0932_004 in /tmp/pbe_data.data.home.granepura.5-Kinases.Kinases_MCCE.Trial02.run_apo.4ASD_ARG+1A0932_004
INFO - step3.py: ForkPoolWorker-3: Calling delphi to calculate conformer (288/702) ASN01A0933_001 in /tmp/pbe_data.data.home.granepura.5-Kinases.Kinases_MCCE.Trial02.run_apo.4ASD_ASN01A0933_001
INFO - step3.py: ForkPoolWorker-4: Calling delphi to calculate conformer (289/702) ASN01A0933_002 in /tmp/pbe_data.data.home.granepura.5-Kinases.Kinases_MCCE.Trial02.run_apo.4ASD_ASN01A0933_002
INFO - step3.py: ForkPoolWorker-2: Calling delphi to calculate conformer (290/702) GLU01A0934_001 in /tmp/pbe_data.data.home.granepura.5-Kinases.Kinases_MCCE.Trial02.run_apo.4ASD_GLU01A0934_001
INFO - step3.py: ForkPoolWorker-5: Calling delphi to calculate conformer (291/702) GLU01A0934_002 in /tmp/pbe_data.data.home.granepura.5-Kinases.Kinases_MCCE.Trial02.run_apo.4ASD_GLU01A0934_002
INFO - step3.py: ForkPoolWorker-1: Calling delphi to calculate conformer (292/702) GLU02A0934_003 in /tmp/pbe_data.data.home.granepura.5-Kinases.Kinases_MCCE.Trial02.run_apo.4ASD_GLU02A0934_003
INFO - step3.py: ForkPoolWorker-3: Calling delphi to calculate conformer (293/702) GLU02A0934_004 in /tmp/pbe_data.data.home.granepura.5-Kinases.Kinases_MCCE.Trial02.run_apo.4ASD_GLU02A0934_004
INFO - step3.py: ForkPoolWorker-4: Calling delphi to calculate conformer (294/702) GLU-1A0934_005 in /tmp/pbe_data.data.home.granepura.5-Kinases.Kinases_MCCE.Trial02.run_apo.4ASD_GLU-1A0934_005
INFO - step3.py: Skipping PBE solver for non-charge conformer (295/702) PHE01A0935_001...
INFO - step3.py: Skipping PBE solver for non-charge conformer (296/702) VAL01A0936_001...
INFO - step3.py: Skipping PBE solver for non-charge conformer (297/702) PRO01A0937_001...
INFO - step3.py: ForkPoolWorker-2: Calling delphi to calculate conformer (298/702) TYR01A0938_001 in /tmp/pbe_data.data.home.granepura.5-Kinases.Kinases_MCCE.Trial02.run_apo.4ASD_TYR01A0938_001
INFO - step3.py: ForkPoolWorker-5: Calling delphi to calculate conformer (299/702) TYR-1A0938_002 in /tmp/pbe_data.data.home.granepura.5-Kinases.Kinases_MCCE.Trial02.run_apo.4ASD_TYR-1A0938_002
INFO - step3.py: ForkPoolWorker-1: Calling delphi to calculate conformer (300/702) TYR01A0996_001 in /tmp/pbe_data.data.home.granepura.5-Kinases.Kinases_MCCE.Trial02.run_apo.4ASD_TYR01A0996_001
INFO - step3.py: ForkPoolWorker-3: Calling delphi to calculate conformer (301/702) TYR-1A0996_002 in /tmp/pbe_data.data.home.granepura.5-Kinases.Kinases_MCCE.Trial02.run_apo.4ASD_TYR-1A0996_002
INFO - step3.py: ForkPoolWorker-4: Calling delphi to calculate conformer (302/702) LYS01A0997_001 in /tmp/pbe_data.data.home.granepura.5-Kinases.Kinases_MCCE.Trial02.run_apo.4ASD_LYS01A0997_001
INFO - step3.py: ForkPoolWorker-2: Calling delphi to calculate conformer (303/702) LYS+1A0997_002 in /tmp/pbe_data.data.home.granepura.5-Kinases.Kinases_MCCE.Trial02.run_apo.4ASD_LYS+1A0997_002
INFO - step3.py: ForkPoolWorker-5: Calling delphi to calculate conformer (304/702) ASP01A0998_001 in /tmp/pbe_data.data.home.granepura.5-Kinases.Kinases_MCCE.Trial02.run_apo.4ASD_ASP01A0998_001
INFO - step3.py: ForkPoolWorker-1: Calling delphi to calculate conformer (305/702) ASP01A0998_002 in /tmp/pbe_data.data.home.granepura.5-Kinases.Kinases_MCCE.Trial02.run_apo.4ASD_ASP01A0998_002
INFO - step3.py: ForkPoolWorker-3: Calling delphi to calculate conformer (306/702) ASP02A0998_003 in /tmp/pbe_data.data.home.granepura.5-Kinases.Kinases_MCCE.Trial02.run_apo.4ASD_ASP02A0998_003
INFO - step3.py: ForkPoolWorker-4: Calling delphi to calculate conformer (307/702) ASP02A0998_004 in /tmp/pbe_data.data.home.granepura.5-Kinases.Kinases_MCCE.Trial02.run_apo.4ASD_ASP02A0998_004
INFO - step3.py: ForkPoolWorker-2: Calling delphi to calculate conformer (308/702) ASP-1A0998_005 in /tmp/pbe_data.data.home.granepura.5-Kinases.Kinases_MCCE.Trial02.run_apo.4ASD_ASP-1A0998_005
INFO - step3.py: Skipping PBE solver for non-charge conformer (309/702) PHE01A0999_001...
INFO - step3.py: Skipping PBE solver for non-charge conformer (310/702) LEU01A1000_001...
INFO - step3.py: ForkPoolWorker-5: Calling delphi to calculate conformer (311/702) THR01A1001_001 in /tmp/pbe_data.data.home.granepura.5-Kinases.Kinases_MCCE.Trial02.run_apo.4ASD_THR01A1001_001
INFO - step3.py: ForkPoolWorker-1: Calling delphi to calculate conformer (312/702) THR01A1001_002 in /tmp/pbe_data.data.home.granepura.5-Kinases.Kinases_MCCE.Trial02.run_apo.4ASD_THR01A1001_002
INFO - step3.py: Skipping PBE solver for non-charge conformer (313/702) LEU01A1002_001...
INFO - step3.py: ForkPoolWorker-3: Calling delphi to calculate conformer (315/702) GLU01A1003_002 in /tmp/pbe_data.data.home.granepura.5-Kinases.Kinases_MCCE.Trial02.run_apo.4ASD_GLU01A1003_002
INFO - step3.py: ForkPoolWorker-4: Calling delphi to calculate conformer (314/702) GLU01A1003_001 in /tmp/pbe_data.data.home.granepura.5-Kinases.Kinases_MCCE.Trial02.run_apo.4ASD_GLU01A1003_001
INFO - step3.py: ForkPoolWorker-2: Calling delphi to calculate conformer (316/702) GLU02A1003_003 in /tmp/pbe_data.data.home.granepura.5-Kinases.Kinases_MCCE.Trial02.run_apo.4ASD_GLU02A1003_003
INFO - step3.py: ForkPoolWorker-5: Calling delphi to calculate conformer (317/702) GLU02A1003_004 in /tmp/pbe_data.data.home.granepura.5-Kinases.Kinases_MCCE.Trial02.run_apo.4ASD_GLU02A1003_004
INFO - step3.py: ForkPoolWorker-1: Calling delphi to calculate conformer (318/702) GLU-1A1003_005 in /tmp/pbe_data.data.home.granepura.5-Kinases.Kinases_MCCE.Trial02.run_apo.4ASD_GLU-1A1003_005
INFO - step3.py: ForkPoolWorker-3: Calling delphi to calculate conformer (319/702) HIS01A1004_001 in /tmp/pbe_data.data.home.granepura.5-Kinases.Kinases_MCCE.Trial02.run_apo.4ASD_HIS01A1004_001
INFO - step3.py: ForkPoolWorker-4: Calling delphi to calculate conformer (320/702) HIS02A1004_002 in /tmp/pbe_data.data.home.granepura.5-Kinases.Kinases_MCCE.Trial02.run_apo.4ASD_HIS02A1004_002
INFO - step3.py: ForkPoolWorker-2: Calling delphi to calculate conformer (321/702) HIS+1A1004_003 in /tmp/pbe_data.data.home.granepura.5-Kinases.Kinases_MCCE.Trial02.run_apo.4ASD_HIS+1A1004_003
INFO - step3.py: Skipping PBE solver for non-charge conformer (322/702) LEU01A1005_001...
INFO - step3.py: Skipping PBE solver for non-charge conformer (323/702) ILE01A1006_001...
INFO - step3.py: ForkPoolWorker-5: Calling delphi to calculate conformer (324/702) CYS01A1007_001 in /tmp/pbe_data.data.home.granepura.5-Kinases.Kinases_MCCE.Trial02.run_apo.4ASD_CYS01A1007_001
INFO - step3.py: ForkPoolWorker-1: Calling delphi to calculate conformer (325/702) CYS01A1007_002 in /tmp/pbe_data.data.home.granepura.5-Kinases.Kinases_MCCE.Trial02.run_apo.4ASD_CYS01A1007_002
INFO - step3.py: ForkPoolWorker-4: Calling delphi to calculate conformer (327/702) CYS-1A1007_004 in /tmp/pbe_data.data.home.granepura.5-Kinases.Kinases_MCCE.Trial02.run_apo.4ASD_CYS-1A1007_004
INFO - step3.py: ForkPoolWorker-3: Calling delphi to calculate conformer (326/702) CYS01A1007_003 in /tmp/pbe_data.data.home.granepura.5-Kinases.Kinases_MCCE.Trial02.run_apo.4ASD_CYS01A1007_003
INFO - step3.py: ForkPoolWorker-2: Calling delphi to calculate conformer (328/702) TYR01A1008_001 in /tmp/pbe_data.data.home.granepura.5-Kinases.Kinases_MCCE.Trial02.run_apo.4ASD_TYR01A1008_001
INFO - step3.py: ForkPoolWorker-5: Calling delphi to calculate conformer (329/702) TYR01A1008_002 in /tmp/pbe_data.data.home.granepura.5-Kinases.Kinases_MCCE.Trial02.run_apo.4ASD_TYR01A1008_002
INFO - step3.py: ForkPoolWorker-1: Calling delphi to calculate conformer (330/702) TYR01A1008_003 in /tmp/pbe_data.data.home.granepura.5-Kinases.Kinases_MCCE.Trial02.run_apo.4ASD_TYR01A1008_003
INFO - step3.py: ForkPoolWorker-4: Calling delphi to calculate conformer (331/702) TYR01A1008_004 in /tmp/pbe_data.data.home.granepura.5-Kinases.Kinases_MCCE.Trial02.run_apo.4ASD_TYR01A1008_004
INFO - step3.py: ForkPoolWorker-3: Calling delphi to calculate conformer (332/702) TYR-1A1008_005 in /tmp/pbe_data.data.home.granepura.5-Kinases.Kinases_MCCE.Trial02.run_apo.4ASD_TYR-1A1008_005
INFO - step3.py: ForkPoolWorker-2: Calling delphi to calculate conformer (333/702) TYR-1A1008_006 in /tmp/pbe_data.data.home.granepura.5-Kinases.Kinases_MCCE.Trial02.run_apo.4ASD_TYR-1A1008_006
INFO - step3.py: ForkPoolWorker-5: Calling delphi to calculate conformer (334/702) SER01A1009_001 in /tmp/pbe_data.data.home.granepura.5-Kinases.Kinases_MCCE.Trial02.run_apo.4ASD_SER01A1009_001
INFO - step3.py: ForkPoolWorker-1: Calling delphi to calculate conformer (335/702) SER01A1009_002 in /tmp/pbe_data.data.home.granepura.5-Kinases.Kinases_MCCE.Trial02.run_apo.4ASD_SER01A1009_002
INFO - step3.py: Skipping PBE solver for non-charge conformer (336/702) PHE01A1010_001...
INFO - step3.py: ForkPoolWorker-3: Calling delphi to calculate conformer (337/702) GLN01A1011_001 in /tmp/pbe_data.data.home.granepura.5-Kinases.Kinases_MCCE.Trial02.run_apo.4ASD_GLN01A1011_001
INFO - step3.py: ForkPoolWorker-4: Calling delphi to calculate conformer (338/702) GLN01A1011_002 in /tmp/pbe_data.data.home.granepura.5-Kinases.Kinases_MCCE.Trial02.run_apo.4ASD_GLN01A1011_002
INFO - step3.py: ForkPoolWorker-5: Calling delphi to calculate conformer (339/702) GLN01A1011_003 in /tmp/pbe_data.data.home.granepura.5-Kinases.Kinases_MCCE.Trial02.run_apo.4ASD_GLN01A1011_003
INFO - step3.py: ForkPoolWorker-2: Calling delphi to calculate conformer (340/702) GLN01A1011_004 in /tmp/pbe_data.data.home.granepura.5-Kinases.Kinases_MCCE.Trial02.run_apo.4ASD_GLN01A1011_004
INFO - step3.py: Skipping PBE solver for non-charge conformer (341/702) VAL01A1012_001...
INFO - step3.py: Skipping PBE solver for non-charge conformer (342/702) ALA01A1013_001...
INFO - step3.py: ForkPoolWorker-1: Calling delphi to calculate conformer (343/702) LYS01A1014_001 in /tmp/pbe_data.data.home.granepura.5-Kinases.Kinases_MCCE.Trial02.run_apo.4ASD_LYS01A1014_001
INFO - step3.py: ForkPoolWorker-4: Calling delphi to calculate conformer (344/702) LYS+1A1014_002 in /tmp/pbe_data.data.home.granepura.5-Kinases.Kinases_MCCE.Trial02.run_apo.4ASD_LYS+1A1014_002
INFO - step3.py: ForkPoolWorker-3: Calling delphi to calculate conformer (345/702) MET01A1016_001 in /tmp/pbe_data.data.home.granepura.5-Kinases.Kinases_MCCE.Trial02.run_apo.4ASD_MET01A1016_001
INFO - step3.py: ForkPoolWorker-2: Calling delphi to calculate conformer (347/702) GLU01A1017_002 in /tmp/pbe_data.data.home.granepura.5-Kinases.Kinases_MCCE.Trial02.run_apo.4ASD_GLU01A1017_002
INFO - step3.py: ForkPoolWorker-5: Calling delphi to calculate conformer (346/702) GLU01A1017_001 in /tmp/pbe_data.data.home.granepura.5-Kinases.Kinases_MCCE.Trial02.run_apo.4ASD_GLU01A1017_001
INFO - step3.py: ForkPoolWorker-1: Calling delphi to calculate conformer (348/702) GLU02A1017_003 in /tmp/pbe_data.data.home.granepura.5-Kinases.Kinases_MCCE.Trial02.run_apo.4ASD_GLU02A1017_003
INFO - step3.py: ForkPoolWorker-4: Calling delphi to calculate conformer (349/702) GLU02A1017_004 in /tmp/pbe_data.data.home.granepura.5-Kinases.Kinases_MCCE.Trial02.run_apo.4ASD_GLU02A1017_004
INFO - step3.py: ForkPoolWorker-3: Calling delphi to calculate conformer (350/702) GLU-1A1017_005 in /tmp/pbe_data.data.home.granepura.5-Kinases.Kinases_MCCE.Trial02.run_apo.4ASD_GLU-1A1017_005
INFO - step3.py: Skipping PBE solver for non-charge conformer (351/702) PHE01A1018_001...
INFO - step3.py: Skipping PBE solver for non-charge conformer (352/702) LEU01A1019_001...
INFO - step3.py: Skipping PBE solver for non-charge conformer (353/702) ALA01A1020_001...
INFO - step3.py: ForkPoolWorker-5: Calling delphi to calculate conformer (354/702) SER01A1021_001 in /tmp/pbe_data.data.home.granepura.5-Kinases.Kinases_MCCE.Trial02.run_apo.4ASD_SER01A1021_001
INFO - step3.py: ForkPoolWorker-2: Calling delphi to calculate conformer (355/702) SER01A1021_002 in /tmp/pbe_data.data.home.granepura.5-Kinases.Kinases_MCCE.Trial02.run_apo.4ASD_SER01A1021_002
INFO - step3.py: ForkPoolWorker-1: Calling delphi to calculate conformer (356/702) SER01A1021_003 in /tmp/pbe_data.data.home.granepura.5-Kinases.Kinases_MCCE.Trial02.run_apo.4ASD_SER01A1021_003
INFO - step3.py: ForkPoolWorker-4: Calling delphi to calculate conformer (357/702) ARG01A1022_001 in /tmp/pbe_data.data.home.granepura.5-Kinases.Kinases_MCCE.Trial02.run_apo.4ASD_ARG01A1022_001
INFO - step3.py: ForkPoolWorker-3: Calling delphi to calculate conformer (358/702) ARG02A1022_002 in /tmp/pbe_data.data.home.granepura.5-Kinases.Kinases_MCCE.Trial02.run_apo.4ASD_ARG02A1022_002
INFO - step3.py: ForkPoolWorker-2: Calling delphi to calculate conformer (359/702) ARG03A1022_003 in /tmp/pbe_data.data.home.granepura.5-Kinases.Kinases_MCCE.Trial02.run_apo.4ASD_ARG03A1022_003
INFO - step3.py: ForkPoolWorker-5: Calling delphi to calculate conformer (360/702) ARG+1A1022_004 in /tmp/pbe_data.data.home.granepura.5-Kinases.Kinases_MCCE.Trial02.run_apo.4ASD_ARG+1A1022_004
INFO - step3.py: ForkPoolWorker-1: Calling delphi to calculate conformer (361/702) LYS01A1023_001 in /tmp/pbe_data.data.home.granepura.5-Kinases.Kinases_MCCE.Trial02.run_apo.4ASD_LYS01A1023_001
INFO - step3.py: ForkPoolWorker-4: Calling delphi to calculate conformer (362/702) LYS+1A1023_002 in /tmp/pbe_data.data.home.granepura.5-Kinases.Kinases_MCCE.Trial02.run_apo.4ASD_LYS+1A1023_002
INFO - step3.py: ForkPoolWorker-3: Calling delphi to calculate conformer (363/702) CYS01A1024_001 in /tmp/pbe_data.data.home.granepura.5-Kinases.Kinases_MCCE.Trial02.run_apo.4ASD_CYS01A1024_001
INFO - step3.py: ForkPoolWorker-2: Calling delphi to calculate conformer (364/702) CYS01A1024_002 in /tmp/pbe_data.data.home.granepura.5-Kinases.Kinases_MCCE.Trial02.run_apo.4ASD_CYS01A1024_002
INFO - step3.py: ForkPoolWorker-5: Calling delphi to calculate conformer (365/702) CYS01A1024_003 in /tmp/pbe_data.data.home.granepura.5-Kinases.Kinases_MCCE.Trial02.run_apo.4ASD_CYS01A1024_003
INFO - step3.py: ForkPoolWorker-1: Calling delphi to calculate conformer (366/702) CYS-1A1024_004 in /tmp/pbe_data.data.home.granepura.5-Kinases.Kinases_MCCE.Trial02.run_apo.4ASD_CYS-1A1024_004
INFO - step3.py: Skipping PBE solver for non-charge conformer (367/702) ILE01A1025_001...
INFO - step3.py: ForkPoolWorker-4: Calling delphi to calculate conformer (368/702) HIS01A1026_001 in /tmp/pbe_data.data.home.granepura.5-Kinases.Kinases_MCCE.Trial02.run_apo.4ASD_HIS01A1026_001
INFO - step3.py: ForkPoolWorker-3: Calling delphi to calculate conformer (369/702) HIS02A1026_002 in /tmp/pbe_data.data.home.granepura.5-Kinases.Kinases_MCCE.Trial02.run_apo.4ASD_HIS02A1026_002
INFO - step3.py: ForkPoolWorker-2: Calling delphi to calculate conformer (370/702) HIS+1A1026_003 in /tmp/pbe_data.data.home.granepura.5-Kinases.Kinases_MCCE.Trial02.run_apo.4ASD_HIS+1A1026_003
INFO - step3.py: ForkPoolWorker-5: Calling delphi to calculate conformer (371/702) ARG01A1027_001 in /tmp/pbe_data.data.home.granepura.5-Kinases.Kinases_MCCE.Trial02.run_apo.4ASD_ARG01A1027_001
INFO - step3.py: ForkPoolWorker-1: Calling delphi to calculate conformer (372/702) ARG02A1027_002 in /tmp/pbe_data.data.home.granepura.5-Kinases.Kinases_MCCE.Trial02.run_apo.4ASD_ARG02A1027_002
INFO - step3.py: ForkPoolWorker-4: Calling delphi to calculate conformer (373/702) ARG02A1027_003 in /tmp/pbe_data.data.home.granepura.5-Kinases.Kinases_MCCE.Trial02.run_apo.4ASD_ARG02A1027_003
INFO - step3.py: ForkPoolWorker-3: Calling delphi to calculate conformer (374/702) ARG03A1027_004 in /tmp/pbe_data.data.home.granepura.5-Kinases.Kinases_MCCE.Trial02.run_apo.4ASD_ARG03A1027_004
INFO - step3.py: ForkPoolWorker-2: Calling delphi to calculate conformer (375/702) ARG03A1027_005 in /tmp/pbe_data.data.home.granepura.5-Kinases.Kinases_MCCE.Trial02.run_apo.4ASD_ARG03A1027_005
INFO - step3.py: ForkPoolWorker-5: Calling delphi to calculate conformer (376/702) ARG+1A1027_006 in /tmp/pbe_data.data.home.granepura.5-Kinases.Kinases_MCCE.Trial02.run_apo.4ASD_ARG+1A1027_006
INFO - step3.py: ForkPoolWorker-1: Calling delphi to calculate conformer (377/702) ASP01A1028_001 in /tmp/pbe_data.data.home.granepura.5-Kinases.Kinases_MCCE.Trial02.run_apo.4ASD_ASP01A1028_001
INFO - step3.py: ForkPoolWorker-4: Calling delphi to calculate conformer (378/702) ASP01A1028_002 in /tmp/pbe_data.data.home.granepura.5-Kinases.Kinases_MCCE.Trial02.run_apo.4ASD_ASP01A1028_002
INFO - step3.py: ForkPoolWorker-3: Calling delphi to calculate conformer (379/702) ASP01A1028_003 in /tmp/pbe_data.data.home.granepura.5-Kinases.Kinases_MCCE.Trial02.run_apo.4ASD_ASP01A1028_003
INFO - step3.py: ForkPoolWorker-2: Calling delphi to calculate conformer (380/702) ASP01A1028_004 in /tmp/pbe_data.data.home.granepura.5-Kinases.Kinases_MCCE.Trial02.run_apo.4ASD_ASP01A1028_004
INFO - step3.py: ForkPoolWorker-5: Calling delphi to calculate conformer (381/702) ASP02A1028_005 in /tmp/pbe_data.data.home.granepura.5-Kinases.Kinases_MCCE.Trial02.run_apo.4ASD_ASP02A1028_005
INFO - step3.py: ForkPoolWorker-1: Calling delphi to calculate conformer (382/702) ASP02A1028_006 in /tmp/pbe_data.data.home.granepura.5-Kinases.Kinases_MCCE.Trial02.run_apo.4ASD_ASP02A1028_006
INFO - step3.py: ForkPoolWorker-4: Calling delphi to calculate conformer (383/702) ASP02A1028_007 in /tmp/pbe_data.data.home.granepura.5-Kinases.Kinases_MCCE.Trial02.run_apo.4ASD_ASP02A1028_007
INFO - step3.py: ForkPoolWorker-3: Calling delphi to calculate conformer (384/702) ASP02A1028_008 in /tmp/pbe_data.data.home.granepura.5-Kinases.Kinases_MCCE.Trial02.run_apo.4ASD_ASP02A1028_008
INFO - step3.py: ForkPoolWorker-2: Calling delphi to calculate conformer (385/702) ASP-1A1028_009 in /tmp/pbe_data.data.home.granepura.5-Kinases.Kinases_MCCE.Trial02.run_apo.4ASD_ASP-1A1028_009
INFO - step3.py: ForkPoolWorker-5: Calling delphi to calculate conformer (386/702) ASP-1A1028_010 in /tmp/pbe_data.data.home.granepura.5-Kinases.Kinases_MCCE.Trial02.run_apo.4ASD_ASP-1A1028_010
INFO - step3.py: Skipping PBE solver for non-charge conformer (387/702) LEU01A1029_001...
INFO - step3.py: Skipping PBE solver for non-charge conformer (388/702) ALA01A1030_001...
INFO - step3.py: Skipping PBE solver for non-charge conformer (389/702) ALA01A1031_001...
INFO - step3.py: ForkPoolWorker-1: Calling delphi to calculate conformer (390/702) ARG01A1032_001 in /tmp/pbe_data.data.home.granepura.5-Kinases.Kinases_MCCE.Trial02.run_apo.4ASD_ARG01A1032_001
INFO - step3.py: ForkPoolWorker-4: Calling delphi to calculate conformer (391/702) ARG02A1032_002 in /tmp/pbe_data.data.home.granepura.5-Kinases.Kinases_MCCE.Trial02.run_apo.4ASD_ARG02A1032_002
INFO - step3.py: ForkPoolWorker-3: Calling delphi to calculate conformer (392/702) ARG02A1032_003 in /tmp/pbe_data.data.home.granepura.5-Kinases.Kinases_MCCE.Trial02.run_apo.4ASD_ARG02A1032_003
INFO - step3.py: ForkPoolWorker-2: Calling delphi to calculate conformer (393/702) ARG03A1032_004 in /tmp/pbe_data.data.home.granepura.5-Kinases.Kinases_MCCE.Trial02.run_apo.4ASD_ARG03A1032_004
INFO - step3.py: ForkPoolWorker-5: Calling delphi to calculate conformer (394/702) ARG03A1032_005 in /tmp/pbe_data.data.home.granepura.5-Kinases.Kinases_MCCE.Trial02.run_apo.4ASD_ARG03A1032_005
INFO - step3.py: ForkPoolWorker-1: Calling delphi to calculate conformer (395/702) ARG+1A1032_006 in /tmp/pbe_data.data.home.granepura.5-Kinases.Kinases_MCCE.Trial02.run_apo.4ASD_ARG+1A1032_006
INFO - step3.py: ForkPoolWorker-4: Calling delphi to calculate conformer (396/702) ASN01A1033_001 in /tmp/pbe_data.data.home.granepura.5-Kinases.Kinases_MCCE.Trial02.run_apo.4ASD_ASN01A1033_001
INFO - step3.py: ForkPoolWorker-3: Calling delphi to calculate conformer (397/702) ASN01A1033_002 in /tmp/pbe_data.data.home.granepura.5-Kinases.Kinases_MCCE.Trial02.run_apo.4ASD_ASN01A1033_002
INFO - step3.py: ForkPoolWorker-2: Calling delphi to calculate conformer (398/702) ASN01A1033_003 in /tmp/pbe_data.data.home.granepura.5-Kinases.Kinases_MCCE.Trial02.run_apo.4ASD_ASN01A1033_003
INFO - step3.py: Skipping PBE solver for non-charge conformer (399/702) ILE01A1034_001...
INFO - step3.py: Skipping PBE solver for non-charge conformer (400/702) LEU01A1035_001...
INFO - step3.py: Skipping PBE solver for non-charge conformer (401/702) LEU01A1036_001...
INFO - step3.py: ForkPoolWorker-5: Calling delphi to calculate conformer (402/702) SER01A1037_001 in /tmp/pbe_data.data.home.granepura.5-Kinases.Kinases_MCCE.Trial02.run_apo.4ASD_SER01A1037_001
INFO - step3.py: ForkPoolWorker-1: Calling delphi to calculate conformer (403/702) SER01A1037_002 in /tmp/pbe_data.data.home.granepura.5-Kinases.Kinases_MCCE.Trial02.run_apo.4ASD_SER01A1037_002
INFO - step3.py: ForkPoolWorker-4: Calling delphi to calculate conformer (404/702) SER01A1037_003 in /tmp/pbe_data.data.home.granepura.5-Kinases.Kinases_MCCE.Trial02.run_apo.4ASD_SER01A1037_003
INFO - step3.py: ForkPoolWorker-3: Calling delphi to calculate conformer (405/702) GLU01A1038_001 in /tmp/pbe_data.data.home.granepura.5-Kinases.Kinases_MCCE.Trial02.run_apo.4ASD_GLU01A1038_001
INFO - step3.py: ForkPoolWorker-2: Calling delphi to calculate conformer (406/702) GLU01A1038_002 in /tmp/pbe_data.data.home.granepura.5-Kinases.Kinases_MCCE.Trial02.run_apo.4ASD_GLU01A1038_002
INFO - step3.py: ForkPoolWorker-5: Calling delphi to calculate conformer (407/702) GLU02A1038_003 in /tmp/pbe_data.data.home.granepura.5-Kinases.Kinases_MCCE.Trial02.run_apo.4ASD_GLU02A1038_003
INFO - step3.py: ForkPoolWorker-1: Calling delphi to calculate conformer (408/702) GLU02A1038_004 in /tmp/pbe_data.data.home.granepura.5-Kinases.Kinases_MCCE.Trial02.run_apo.4ASD_GLU02A1038_004
INFO - step3.py: ForkPoolWorker-4: Calling delphi to calculate conformer (409/702) GLU-1A1038_005 in /tmp/pbe_data.data.home.granepura.5-Kinases.Kinases_MCCE.Trial02.run_apo.4ASD_GLU-1A1038_005
INFO - step3.py: ForkPoolWorker-3: Calling delphi to calculate conformer (410/702) LYS01A1039_001 in /tmp/pbe_data.data.home.granepura.5-Kinases.Kinases_MCCE.Trial02.run_apo.4ASD_LYS01A1039_001
INFO - step3.py: ForkPoolWorker-2: Calling delphi to calculate conformer (411/702) LYS+1A1039_002 in /tmp/pbe_data.data.home.granepura.5-Kinases.Kinases_MCCE.Trial02.run_apo.4ASD_LYS+1A1039_002
INFO - step3.py: ForkPoolWorker-5: Calling delphi to calculate conformer (412/702) ASN01A1040_001 in /tmp/pbe_data.data.home.granepura.5-Kinases.Kinases_MCCE.Trial02.run_apo.4ASD_ASN01A1040_001
INFO - step3.py: ForkPoolWorker-1: Calling delphi to calculate conformer (413/702) ASN01A1040_002 in /tmp/pbe_data.data.home.granepura.5-Kinases.Kinases_MCCE.Trial02.run_apo.4ASD_ASN01A1040_002
INFO - step3.py: Skipping PBE solver for non-charge conformer (414/702) VAL01A1041_001...
INFO - step3.py: Skipping PBE solver for non-charge conformer (415/702) VAL01A1042_001...
INFO - step3.py: ForkPoolWorker-4: Calling delphi to calculate conformer (416/702) LYS01A1043_001 in /tmp/pbe_data.data.home.granepura.5-Kinases.Kinases_MCCE.Trial02.run_apo.4ASD_LYS01A1043_001
INFO - step3.py: ForkPoolWorker-3: Calling delphi to calculate conformer (417/702) LYS+1A1043_002 in /tmp/pbe_data.data.home.granepura.5-Kinases.Kinases_MCCE.Trial02.run_apo.4ASD_LYS+1A1043_002
INFO - step3.py: Skipping PBE solver for non-charge conformer (418/702) ILE01A1044_001...
INFO - step3.py: ForkPoolWorker-2: Calling delphi to calculate conformer (419/702) CYS01A1045_001 in /tmp/pbe_data.data.home.granepura.5-Kinases.Kinases_MCCE.Trial02.run_apo.4ASD_CYS01A1045_001
INFO - step3.py: ForkPoolWorker-5: Calling delphi to calculate conformer (420/702) CYS01A1045_002 in /tmp/pbe_data.data.home.granepura.5-Kinases.Kinases_MCCE.Trial02.run_apo.4ASD_CYS01A1045_002
INFO - step3.py: ForkPoolWorker-1: Calling delphi to calculate conformer (421/702) CYS01A1045_003 in /tmp/pbe_data.data.home.granepura.5-Kinases.Kinases_MCCE.Trial02.run_apo.4ASD_CYS01A1045_003
INFO - step3.py: ForkPoolWorker-4: Calling delphi to calculate conformer (422/702) CYS-1A1045_004 in /tmp/pbe_data.data.home.granepura.5-Kinases.Kinases_MCCE.Trial02.run_apo.4ASD_CYS-1A1045_004
INFO - step3.py: ForkPoolWorker-3: Calling delphi to calculate conformer (423/702) ASP01A1046_001 in /tmp/pbe_data.data.home.granepura.5-Kinases.Kinases_MCCE.Trial02.run_apo.4ASD_ASP01A1046_001
INFO - step3.py: ForkPoolWorker-2: Calling delphi to calculate conformer (424/702) ASP01A1046_002 in /tmp/pbe_data.data.home.granepura.5-Kinases.Kinases_MCCE.Trial02.run_apo.4ASD_ASP01A1046_002
INFO - step3.py: ForkPoolWorker-5: Calling delphi to calculate conformer (425/702) ASP02A1046_003 in /tmp/pbe_data.data.home.granepura.5-Kinases.Kinases_MCCE.Trial02.run_apo.4ASD_ASP02A1046_003
INFO - step3.py: ForkPoolWorker-1: Calling delphi to calculate conformer (426/702) ASP02A1046_004 in /tmp/pbe_data.data.home.granepura.5-Kinases.Kinases_MCCE.Trial02.run_apo.4ASD_ASP02A1046_004
INFO - step3.py: ForkPoolWorker-4: Calling delphi to calculate conformer (427/702) ASP-1A1046_005 in /tmp/pbe_data.data.home.granepura.5-Kinases.Kinases_MCCE.Trial02.run_apo.4ASD_ASP-1A1046_005
INFO - step3.py: Skipping PBE solver for non-charge conformer (428/702) PHE01A1047_001...
INFO - step3.py: Skipping PBE solver for non-charge conformer (429/702) LEU01A1049_001...
INFO - step3.py: Skipping PBE solver for non-charge conformer (430/702) ALA01A1050_001...
INFO - step3.py: ForkPoolWorker-3: Calling delphi to calculate conformer (431/702) ARG01A1051_001 in /tmp/pbe_data.data.home.granepura.5-Kinases.Kinases_MCCE.Trial02.run_apo.4ASD_ARG01A1051_001
INFO - step3.py: ForkPoolWorker-2: Calling delphi to calculate conformer (432/702) ARG02A1051_002 in /tmp/pbe_data.data.home.granepura.5-Kinases.Kinases_MCCE.Trial02.run_apo.4ASD_ARG02A1051_002
INFO - step3.py: ForkPoolWorker-5: Calling delphi to calculate conformer (433/702) ARG02A1051_003 in /tmp/pbe_data.data.home.granepura.5-Kinases.Kinases_MCCE.Trial02.run_apo.4ASD_ARG02A1051_003
INFO - step3.py: ForkPoolWorker-1: Calling delphi to calculate conformer (434/702) ARG03A1051_004 in /tmp/pbe_data.data.home.granepura.5-Kinases.Kinases_MCCE.Trial02.run_apo.4ASD_ARG03A1051_004
INFO - step3.py: ForkPoolWorker-4: Calling delphi to calculate conformer (435/702) ARG03A1051_005 in /tmp/pbe_data.data.home.granepura.5-Kinases.Kinases_MCCE.Trial02.run_apo.4ASD_ARG03A1051_005
INFO - step3.py: ForkPoolWorker-3: Calling delphi to calculate conformer (436/702) ARG+1A1051_006 in /tmp/pbe_data.data.home.granepura.5-Kinases.Kinases_MCCE.Trial02.run_apo.4ASD_ARG+1A1051_006
INFO - step3.py: ForkPoolWorker-2: Calling delphi to calculate conformer (437/702) ASP01A1052_001 in /tmp/pbe_data.data.home.granepura.5-Kinases.Kinases_MCCE.Trial02.run_apo.4ASD_ASP01A1052_001
INFO - step3.py: ForkPoolWorker-5: Calling delphi to calculate conformer (438/702) ASP01A1052_002 in /tmp/pbe_data.data.home.granepura.5-Kinases.Kinases_MCCE.Trial02.run_apo.4ASD_ASP01A1052_002
INFO - step3.py: ForkPoolWorker-1: Calling delphi to calculate conformer (439/702) ASP02A1052_003 in /tmp/pbe_data.data.home.granepura.5-Kinases.Kinases_MCCE.Trial02.run_apo.4ASD_ASP02A1052_003
INFO - step3.py: ForkPoolWorker-4: Calling delphi to calculate conformer (440/702) ASP02A1052_004 in /tmp/pbe_data.data.home.granepura.5-Kinases.Kinases_MCCE.Trial02.run_apo.4ASD_ASP02A1052_004
INFO - step3.py: ForkPoolWorker-3: Calling delphi to calculate conformer (441/702) ASP-1A1052_005 in /tmp/pbe_data.data.home.granepura.5-Kinases.Kinases_MCCE.Trial02.run_apo.4ASD_ASP-1A1052_005
INFO - step3.py: Skipping PBE solver for non-charge conformer (442/702) ILE01A1053_001...
INFO - step3.py: ForkPoolWorker-2: Calling delphi to calculate conformer (443/702) TYR01A1054_001 in /tmp/pbe_data.data.home.granepura.5-Kinases.Kinases_MCCE.Trial02.run_apo.4ASD_TYR01A1054_001
INFO - step3.py: ForkPoolWorker-5: Calling delphi to calculate conformer (444/702) TYR01A1054_002 in /tmp/pbe_data.data.home.granepura.5-Kinases.Kinases_MCCE.Trial02.run_apo.4ASD_TYR01A1054_002
INFO - step3.py: ForkPoolWorker-1: Calling delphi to calculate conformer (445/702) TYR-1A1054_003 in /tmp/pbe_data.data.home.granepura.5-Kinases.Kinases_MCCE.Trial02.run_apo.4ASD_TYR-1A1054_003
INFO - step3.py: ForkPoolWorker-4: Calling delphi to calculate conformer (446/702) LYS01A1055_001 in /tmp/pbe_data.data.home.granepura.5-Kinases.Kinases_MCCE.Trial02.run_apo.4ASD_LYS01A1055_001
INFO - step3.py: ForkPoolWorker-3: Calling delphi to calculate conformer (447/702) LYS+1A1055_002 in /tmp/pbe_data.data.home.granepura.5-Kinases.Kinases_MCCE.Trial02.run_apo.4ASD_LYS+1A1055_002
INFO - step3.py: ForkPoolWorker-5: Calling delphi to calculate conformer (448/702) ASP01A1056_001 in /tmp/pbe_data.data.home.granepura.5-Kinases.Kinases_MCCE.Trial02.run_apo.4ASD_ASP01A1056_001
INFO - step3.py: ForkPoolWorker-2: Calling delphi to calculate conformer (449/702) ASP01A1056_002 in /tmp/pbe_data.data.home.granepura.5-Kinases.Kinases_MCCE.Trial02.run_apo.4ASD_ASP01A1056_002
INFO - step3.py: ForkPoolWorker-1: Calling delphi to calculate conformer (450/702) ASP02A1056_003 in /tmp/pbe_data.data.home.granepura.5-Kinases.Kinases_MCCE.Trial02.run_apo.4ASD_ASP02A1056_003
INFO - step3.py: ForkPoolWorker-4: Calling delphi to calculate conformer (451/702) ASP02A1056_004 in /tmp/pbe_data.data.home.granepura.5-Kinases.Kinases_MCCE.Trial02.run_apo.4ASD_ASP02A1056_004
INFO - step3.py: ForkPoolWorker-3: Calling delphi to calculate conformer (452/702) ASP-1A1056_005 in /tmp/pbe_data.data.home.granepura.5-Kinases.Kinases_MCCE.Trial02.run_apo.4ASD_ASP-1A1056_005
INFO - step3.py: Skipping PBE solver for non-charge conformer (453/702) PRO01A1057_001...
INFO - step3.py: ForkPoolWorker-2: Calling delphi to calculate conformer (455/702) ASP01A1058_002 in /tmp/pbe_data.data.home.granepura.5-Kinases.Kinases_MCCE.Trial02.run_apo.4ASD_ASP01A1058_002
INFO - step3.py: ForkPoolWorker-5: Calling delphi to calculate conformer (454/702) ASP01A1058_001 in /tmp/pbe_data.data.home.granepura.5-Kinases.Kinases_MCCE.Trial02.run_apo.4ASD_ASP01A1058_001
INFO - step3.py: ForkPoolWorker-1: Calling delphi to calculate conformer (456/702) ASP02A1058_003 in /tmp/pbe_data.data.home.granepura.5-Kinases.Kinases_MCCE.Trial02.run_apo.4ASD_ASP02A1058_003
INFO - step3.py: ForkPoolWorker-4: Calling delphi to calculate conformer (457/702) ASP02A1058_004 in /tmp/pbe_data.data.home.granepura.5-Kinases.Kinases_MCCE.Trial02.run_apo.4ASD_ASP02A1058_004
INFO - step3.py: ForkPoolWorker-3: Calling delphi to calculate conformer (458/702) ASP-1A1058_005 in /tmp/pbe_data.data.home.granepura.5-Kinases.Kinases_MCCE.Trial02.run_apo.4ASD_ASP-1A1058_005
INFO - step3.py: ForkPoolWorker-5: Calling delphi to calculate conformer (460/702) TYR01A1059_002 in /tmp/pbe_data.data.home.granepura.5-Kinases.Kinases_MCCE.Trial02.run_apo.4ASD_TYR01A1059_002
INFO - step3.py: ForkPoolWorker-2: Calling delphi to calculate conformer (459/702) TYR01A1059_001 in /tmp/pbe_data.data.home.granepura.5-Kinases.Kinases_MCCE.Trial02.run_apo.4ASD_TYR01A1059_001
INFO - step3.py: ForkPoolWorker-1: Calling delphi to calculate conformer (461/702) TYR-1A1059_003 in /tmp/pbe_data.data.home.granepura.5-Kinases.Kinases_MCCE.Trial02.run_apo.4ASD_TYR-1A1059_003
INFO - step3.py: Skipping PBE solver for non-charge conformer (462/702) VAL01A1060_001...
INFO - step3.py: ForkPoolWorker-4: Calling delphi to calculate conformer (463/702) ARG01A1061_001 in /tmp/pbe_data.data.home.granepura.5-Kinases.Kinases_MCCE.Trial02.run_apo.4ASD_ARG01A1061_001
INFO - step3.py: ForkPoolWorker-3: Calling delphi to calculate conformer (464/702) ARG02A1061_002 in /tmp/pbe_data.data.home.granepura.5-Kinases.Kinases_MCCE.Trial02.run_apo.4ASD_ARG02A1061_002
INFO - step3.py: ForkPoolWorker-5: Calling delphi to calculate conformer (465/702) ARG03A1061_003 in /tmp/pbe_data.data.home.granepura.5-Kinases.Kinases_MCCE.Trial02.run_apo.4ASD_ARG03A1061_003
INFO - step3.py: ForkPoolWorker-2: Calling delphi to calculate conformer (466/702) ARG+1A1061_004 in /tmp/pbe_data.data.home.granepura.5-Kinases.Kinases_MCCE.Trial02.run_apo.4ASD_ARG+1A1061_004
INFO - step3.py: ForkPoolWorker-1: Calling delphi to calculate conformer (467/702) LYS01A1062_001 in /tmp/pbe_data.data.home.granepura.5-Kinases.Kinases_MCCE.Trial02.run_apo.4ASD_LYS01A1062_001
INFO - step3.py: ForkPoolWorker-4: Calling delphi to calculate conformer (468/702) LYS+1A1062_002 in /tmp/pbe_data.data.home.granepura.5-Kinases.Kinases_MCCE.Trial02.run_apo.4ASD_LYS+1A1062_002
INFO - step3.py: ForkPoolWorker-3: Calling delphi to calculate conformer (469/702) ASP01A1064_001 in /tmp/pbe_data.data.home.granepura.5-Kinases.Kinases_MCCE.Trial02.run_apo.4ASD_ASP01A1064_001
INFO - step3.py: ForkPoolWorker-5: Calling delphi to calculate conformer (470/702) ASP01A1064_002 in /tmp/pbe_data.data.home.granepura.5-Kinases.Kinases_MCCE.Trial02.run_apo.4ASD_ASP01A1064_002
INFO - step3.py: ForkPoolWorker-2: Calling delphi to calculate conformer (471/702) ASP02A1064_003 in /tmp/pbe_data.data.home.granepura.5-Kinases.Kinases_MCCE.Trial02.run_apo.4ASD_ASP02A1064_003
INFO - step3.py: ForkPoolWorker-1: Calling delphi to calculate conformer (472/702) ASP02A1064_004 in /tmp/pbe_data.data.home.granepura.5-Kinases.Kinases_MCCE.Trial02.run_apo.4ASD_ASP02A1064_004
INFO - step3.py: ForkPoolWorker-4: Calling delphi to calculate conformer (473/702) ASP-1A1064_005 in /tmp/pbe_data.data.home.granepura.5-Kinases.Kinases_MCCE.Trial02.run_apo.4ASD_ASP-1A1064_005
INFO - step3.py: Skipping PBE solver for non-charge conformer (474/702) ALA01A1065_001...
INFO - step3.py: ForkPoolWorker-3: Calling delphi to calculate conformer (475/702) ARG01A1066_001 in /tmp/pbe_data.data.home.granepura.5-Kinases.Kinases_MCCE.Trial02.run_apo.4ASD_ARG01A1066_001
INFO - step3.py: ForkPoolWorker-5: Calling delphi to calculate conformer (476/702) ARG02A1066_002 in /tmp/pbe_data.data.home.granepura.5-Kinases.Kinases_MCCE.Trial02.run_apo.4ASD_ARG02A1066_002
INFO - step3.py: ForkPoolWorker-2: Calling delphi to calculate conformer (477/702) ARG03A1066_003 in /tmp/pbe_data.data.home.granepura.5-Kinases.Kinases_MCCE.Trial02.run_apo.4ASD_ARG03A1066_003
INFO - step3.py: ForkPoolWorker-1: Calling delphi to calculate conformer (478/702) ARG+1A1066_004 in /tmp/pbe_data.data.home.granepura.5-Kinases.Kinases_MCCE.Trial02.run_apo.4ASD_ARG+1A1066_004
INFO - step3.py: Skipping PBE solver for non-charge conformer (479/702) LEU01A1067_001...
INFO - step3.py: Skipping PBE solver for non-charge conformer (480/702) PRO01A1068_001...
INFO - step3.py: Skipping PBE solver for non-charge conformer (481/702) LEU01A1069_001...
INFO - step3.py: ForkPoolWorker-4: Calling delphi to calculate conformer (482/702) LYS01A1070_001 in /tmp/pbe_data.data.home.granepura.5-Kinases.Kinases_MCCE.Trial02.run_apo.4ASD_LYS01A1070_001
INFO - step3.py: ForkPoolWorker-2: Calling delphi to calculate conformer (483/702) LYS+1A1070_002 in /tmp/pbe_data.data.home.granepura.5-Kinases.Kinases_MCCE.Trial02.run_apo.4ASD_LYS+1A1070_002
INFO - step3.py: Skipping PBE solver for non-charge conformer (484/702) TRP01A1071_001...
INFO - step3.py: ForkPoolWorker-3: Calling delphi to calculate conformer (485/702) MET01A1072_001 in /tmp/pbe_data.data.home.granepura.5-Kinases.Kinases_MCCE.Trial02.run_apo.4ASD_MET01A1072_001
INFO - step3.py: Skipping PBE solver for non-charge conformer (486/702) ALA01A1073_001...
INFO - step3.py: Skipping PBE solver for non-charge conformer (487/702) PRO01A1074_001...
INFO - step3.py: ForkPoolWorker-5: Calling delphi to calculate conformer (488/702) GLU01A1075_001 in /tmp/pbe_data.data.home.granepura.5-Kinases.Kinases_MCCE.Trial02.run_apo.4ASD_GLU01A1075_001
INFO - step3.py: ForkPoolWorker-1: Calling delphi to calculate conformer (489/702) GLU01A1075_002 in /tmp/pbe_data.data.home.granepura.5-Kinases.Kinases_MCCE.Trial02.run_apo.4ASD_GLU01A1075_002
INFO - step3.py: ForkPoolWorker-4: Calling delphi to calculate conformer (490/702) GLU02A1075_003 in /tmp/pbe_data.data.home.granepura.5-Kinases.Kinases_MCCE.Trial02.run_apo.4ASD_GLU02A1075_003
INFO - step3.py: ForkPoolWorker-3: Calling delphi to calculate conformer (491/702) GLU02A1075_004 in /tmp/pbe_data.data.home.granepura.5-Kinases.Kinases_MCCE.Trial02.run_apo.4ASD_GLU02A1075_004
INFO - step3.py: ForkPoolWorker-2: Calling delphi to calculate conformer (492/702) GLU-1A1075_005 in /tmp/pbe_data.data.home.granepura.5-Kinases.Kinases_MCCE.Trial02.run_apo.4ASD_GLU-1A1075_005
INFO - step3.py: ForkPoolWorker-5: Calling delphi to calculate conformer (493/702) THR01A1076_001 in /tmp/pbe_data.data.home.granepura.5-Kinases.Kinases_MCCE.Trial02.run_apo.4ASD_THR01A1076_001
INFO - step3.py: ForkPoolWorker-1: Calling delphi to calculate conformer (494/702) THR01A1076_002 in /tmp/pbe_data.data.home.granepura.5-Kinases.Kinases_MCCE.Trial02.run_apo.4ASD_THR01A1076_002
INFO - step3.py: ForkPoolWorker-4: Calling delphi to calculate conformer (495/702) THR01A1076_003 in /tmp/pbe_data.data.home.granepura.5-Kinases.Kinases_MCCE.Trial02.run_apo.4ASD_THR01A1076_003
INFO - step3.py: Skipping PBE solver for non-charge conformer (496/702) ILE01A1077_001...
INFO - step3.py: Skipping PBE solver for non-charge conformer (497/702) PHE01A1078_001...
INFO - step3.py: ForkPoolWorker-3: Calling delphi to calculate conformer (499/702) ASP01A1079_002 in /tmp/pbe_data.data.home.granepura.5-Kinases.Kinases_MCCE.Trial02.run_apo.4ASD_ASP01A1079_002
INFO - step3.py: ForkPoolWorker-2: Calling delphi to calculate conformer (498/702) ASP01A1079_001 in /tmp/pbe_data.data.home.granepura.5-Kinases.Kinases_MCCE.Trial02.run_apo.4ASD_ASP01A1079_001
INFO - step3.py: ForkPoolWorker-5: Calling delphi to calculate conformer (500/702) ASP02A1079_003 in /tmp/pbe_data.data.home.granepura.5-Kinases.Kinases_MCCE.Trial02.run_apo.4ASD_ASP02A1079_003
INFO - step3.py: ForkPoolWorker-1: Calling delphi to calculate conformer (501/702) ASP02A1079_004 in /tmp/pbe_data.data.home.granepura.5-Kinases.Kinases_MCCE.Trial02.run_apo.4ASD_ASP02A1079_004
INFO - step3.py: ForkPoolWorker-4: Calling delphi to calculate conformer (502/702) ASP-1A1079_005 in /tmp/pbe_data.data.home.granepura.5-Kinases.Kinases_MCCE.Trial02.run_apo.4ASD_ASP-1A1079_005
INFO - step3.py: ForkPoolWorker-2: Calling delphi to calculate conformer (503/702) ARG01A1080_001 in /tmp/pbe_data.data.home.granepura.5-Kinases.Kinases_MCCE.Trial02.run_apo.4ASD_ARG01A1080_001
INFO - step3.py: ForkPoolWorker-3: Calling delphi to calculate conformer (504/702) ARG02A1080_002 in /tmp/pbe_data.data.home.granepura.5-Kinases.Kinases_MCCE.Trial02.run_apo.4ASD_ARG02A1080_002
INFO - step3.py: ForkPoolWorker-5: Calling delphi to calculate conformer (505/702) ARG03A1080_003 in /tmp/pbe_data.data.home.granepura.5-Kinases.Kinases_MCCE.Trial02.run_apo.4ASD_ARG03A1080_003
INFO - step3.py: ForkPoolWorker-1: Calling delphi to calculate conformer (506/702) ARG+1A1080_004 in /tmp/pbe_data.data.home.granepura.5-Kinases.Kinases_MCCE.Trial02.run_apo.4ASD_ARG+1A1080_004
INFO - step3.py: Skipping PBE solver for non-charge conformer (507/702) VAL01A1081_001...
INFO - step3.py: ForkPoolWorker-4: Calling delphi to calculate conformer (508/702) TYR01A1082_001 in /tmp/pbe_data.data.home.granepura.5-Kinases.Kinases_MCCE.Trial02.run_apo.4ASD_TYR01A1082_001
INFO - step3.py: ForkPoolWorker-2: Calling delphi to calculate conformer (509/702) TYR-1A1082_002 in /tmp/pbe_data.data.home.granepura.5-Kinases.Kinases_MCCE.Trial02.run_apo.4ASD_TYR-1A1082_002
INFO - step3.py: ForkPoolWorker-3: Calling delphi to calculate conformer (510/702) THR01A1083_001 in /tmp/pbe_data.data.home.granepura.5-Kinases.Kinases_MCCE.Trial02.run_apo.4ASD_THR01A1083_001
INFO - step3.py: ForkPoolWorker-5: Calling delphi to calculate conformer (511/702) THR01A1083_002 in /tmp/pbe_data.data.home.granepura.5-Kinases.Kinases_MCCE.Trial02.run_apo.4ASD_THR01A1083_002
INFO - step3.py: Skipping PBE solver for non-charge conformer (512/702) ILE01A1084_001...
INFO - step3.py: ForkPoolWorker-1: Calling delphi to calculate conformer (513/702) GLN01A1085_001 in /tmp/pbe_data.data.home.granepura.5-Kinases.Kinases_MCCE.Trial02.run_apo.4ASD_GLN01A1085_001
INFO - step3.py: ForkPoolWorker-4: Calling delphi to calculate conformer (514/702) GLN01A1085_002 in /tmp/pbe_data.data.home.granepura.5-Kinases.Kinases_MCCE.Trial02.run_apo.4ASD_GLN01A1085_002
INFO - step3.py: ForkPoolWorker-2: Calling delphi to calculate conformer (516/702) ASP01A1087_001 in /tmp/pbe_data.data.home.granepura.5-Kinases.Kinases_MCCE.Trial02.run_apo.4ASD_ASP01A1087_001
INFO - step3.py: ForkPoolWorker-3: Calling delphi to calculate conformer (515/702) SER01A1086_001 in /tmp/pbe_data.data.home.granepura.5-Kinases.Kinases_MCCE.Trial02.run_apo.4ASD_SER01A1086_001
INFO - step3.py: ForkPoolWorker-5: Calling delphi to calculate conformer (517/702) ASP01A1087_002 in /tmp/pbe_data.data.home.granepura.5-Kinases.Kinases_MCCE.Trial02.run_apo.4ASD_ASP01A1087_002
INFO - step3.py: ForkPoolWorker-1: Calling delphi to calculate conformer (518/702) ASP02A1087_003 in /tmp/pbe_data.data.home.granepura.5-Kinases.Kinases_MCCE.Trial02.run_apo.4ASD_ASP02A1087_003
INFO - step3.py: ForkPoolWorker-4: Calling delphi to calculate conformer (519/702) ASP02A1087_004 in /tmp/pbe_data.data.home.granepura.5-Kinases.Kinases_MCCE.Trial02.run_apo.4ASD_ASP02A1087_004
INFO - step3.py: ForkPoolWorker-3: Calling delphi to calculate conformer (520/702) ASP-1A1087_005 in /tmp/pbe_data.data.home.granepura.5-Kinases.Kinases_MCCE.Trial02.run_apo.4ASD_ASP-1A1087_005
INFO - step3.py: Skipping PBE solver for non-charge conformer (521/702) VAL01A1088_001...
INFO - step3.py: Skipping PBE solver for non-charge conformer (522/702) TRP01A1089_001...
INFO - step3.py: ForkPoolWorker-2: Calling delphi to calculate conformer (523/702) SER01A1090_001 in /tmp/pbe_data.data.home.granepura.5-Kinases.Kinases_MCCE.Trial02.run_apo.4ASD_SER01A1090_001
INFO - step3.py: ForkPoolWorker-5: Calling delphi to calculate conformer (524/702) SER01A1090_002 in /tmp/pbe_data.data.home.granepura.5-Kinases.Kinases_MCCE.Trial02.run_apo.4ASD_SER01A1090_002
INFO - step3.py: Skipping PBE solver for non-charge conformer (525/702) PHE01A1091_001...
INFO - step3.py: Skipping PBE solver for non-charge conformer (526/702) VAL01A1093_001...
INFO - step3.py: Skipping PBE solver for non-charge conformer (527/702) LEU01A1094_001...
INFO - step3.py: Skipping PBE solver for non-charge conformer (528/702) LEU01A1095_001...
INFO - step3.py: Skipping PBE solver for non-charge conformer (529/702) TRP01A1096_001...
INFO - step3.py: ForkPoolWorker-1: Calling delphi to calculate conformer (530/702) GLU01A1097_001 in /tmp/pbe_data.data.home.granepura.5-Kinases.Kinases_MCCE.Trial02.run_apo.4ASD_GLU01A1097_001
INFO - step3.py: ForkPoolWorker-4: Calling delphi to calculate conformer (531/702) GLU01A1097_002 in /tmp/pbe_data.data.home.granepura.5-Kinases.Kinases_MCCE.Trial02.run_apo.4ASD_GLU01A1097_002
INFO - step3.py: ForkPoolWorker-3: Calling delphi to calculate conformer (532/702) GLU02A1097_003 in /tmp/pbe_data.data.home.granepura.5-Kinases.Kinases_MCCE.Trial02.run_apo.4ASD_GLU02A1097_003
INFO - step3.py: ForkPoolWorker-2: Calling delphi to calculate conformer (533/702) GLU02A1097_004 in /tmp/pbe_data.data.home.granepura.5-Kinases.Kinases_MCCE.Trial02.run_apo.4ASD_GLU02A1097_004
INFO - step3.py: ForkPoolWorker-5: Calling delphi to calculate conformer (534/702) GLU-1A1097_005 in /tmp/pbe_data.data.home.granepura.5-Kinases.Kinases_MCCE.Trial02.run_apo.4ASD_GLU-1A1097_005
INFO - step3.py: Skipping PBE solver for non-charge conformer (535/702) ILE01A1098_001...
INFO - step3.py: Skipping PBE solver for non-charge conformer (536/702) PHE01A1099_001...
INFO - step3.py: ForkPoolWorker-1: Calling delphi to calculate conformer (537/702) SER01A1100_001 in /tmp/pbe_data.data.home.granepura.5-Kinases.Kinases_MCCE.Trial02.run_apo.4ASD_SER01A1100_001
INFO - step3.py: ForkPoolWorker-4: Calling delphi to calculate conformer (538/702) SER01A1100_002 in /tmp/pbe_data.data.home.granepura.5-Kinases.Kinases_MCCE.Trial02.run_apo.4ASD_SER01A1100_002
INFO - step3.py: Skipping PBE solver for non-charge conformer (539/702) LEU01A1101_001...
INFO - step3.py: Skipping PBE solver for non-charge conformer (540/702) ALA01A1103_001...
INFO - step3.py: ForkPoolWorker-3: Calling delphi to calculate conformer (541/702) SER01A1104_001 in /tmp/pbe_data.data.home.granepura.5-Kinases.Kinases_MCCE.Trial02.run_apo.4ASD_SER01A1104_001
INFO - step3.py: ForkPoolWorker-2: Calling delphi to calculate conformer (542/702) SER01A1104_002 in /tmp/pbe_data.data.home.granepura.5-Kinases.Kinases_MCCE.Trial02.run_apo.4ASD_SER01A1104_002
INFO - step3.py: Skipping PBE solver for non-charge conformer (543/702) PRO01A1105_001...
INFO - step3.py: ForkPoolWorker-5: Calling delphi to calculate conformer (544/702) TYR01A1106_001 in /tmp/pbe_data.data.home.granepura.5-Kinases.Kinases_MCCE.Trial02.run_apo.4ASD_TYR01A1106_001
INFO - step3.py: ForkPoolWorker-1: Calling delphi to calculate conformer (545/702) TYR-1A1106_002 in /tmp/pbe_data.data.home.granepura.5-Kinases.Kinases_MCCE.Trial02.run_apo.4ASD_TYR-1A1106_002
INFO - step3.py: Skipping PBE solver for non-charge conformer (546/702) PRO01A1107_001...
INFO - step3.py: Skipping PBE solver for non-charge conformer (547/702) VAL01A1109_001...
INFO - step3.py: ForkPoolWorker-4: Calling delphi to calculate conformer (548/702) LYS01A1110_001 in /tmp/pbe_data.data.home.granepura.5-Kinases.Kinases_MCCE.Trial02.run_apo.4ASD_LYS01A1110_001
INFO - step3.py: ForkPoolWorker-3: Calling delphi to calculate conformer (549/702) LYS+1A1110_002 in /tmp/pbe_data.data.home.granepura.5-Kinases.Kinases_MCCE.Trial02.run_apo.4ASD_LYS+1A1110_002
INFO - step3.py: Skipping PBE solver for non-charge conformer (550/702) ILE01A1111_001...
INFO - step3.py: ForkPoolWorker-2: Calling delphi to calculate conformer (551/702) ASP01A1112_001 in /tmp/pbe_data.data.home.granepura.5-Kinases.Kinases_MCCE.Trial02.run_apo.4ASD_ASP01A1112_001
INFO - step3.py: ForkPoolWorker-5: Calling delphi to calculate conformer (552/702) ASP01A1112_002 in /tmp/pbe_data.data.home.granepura.5-Kinases.Kinases_MCCE.Trial02.run_apo.4ASD_ASP01A1112_002
INFO - step3.py: ForkPoolWorker-1: Calling delphi to calculate conformer (553/702) ASP02A1112_003 in /tmp/pbe_data.data.home.granepura.5-Kinases.Kinases_MCCE.Trial02.run_apo.4ASD_ASP02A1112_003
INFO - step3.py: ForkPoolWorker-4: Calling delphi to calculate conformer (554/702) ASP02A1112_004 in /tmp/pbe_data.data.home.granepura.5-Kinases.Kinases_MCCE.Trial02.run_apo.4ASD_ASP02A1112_004
INFO - step3.py: ForkPoolWorker-3: Calling delphi to calculate conformer (555/702) ASP-1A1112_005 in /tmp/pbe_data.data.home.granepura.5-Kinases.Kinases_MCCE.Trial02.run_apo.4ASD_ASP-1A1112_005
INFO - step3.py: ForkPoolWorker-2: Calling delphi to calculate conformer (556/702) GLU01A1113_001 in /tmp/pbe_data.data.home.granepura.5-Kinases.Kinases_MCCE.Trial02.run_apo.4ASD_GLU01A1113_001
INFO - step3.py: ForkPoolWorker-5: Calling delphi to calculate conformer (557/702) GLU01A1113_002 in /tmp/pbe_data.data.home.granepura.5-Kinases.Kinases_MCCE.Trial02.run_apo.4ASD_GLU01A1113_002
INFO - step3.py: ForkPoolWorker-1: Calling delphi to calculate conformer (558/702) GLU02A1113_003 in /tmp/pbe_data.data.home.granepura.5-Kinases.Kinases_MCCE.Trial02.run_apo.4ASD_GLU02A1113_003
INFO - step3.py: ForkPoolWorker-4: Calling delphi to calculate conformer (559/702) GLU02A1113_004 in /tmp/pbe_data.data.home.granepura.5-Kinases.Kinases_MCCE.Trial02.run_apo.4ASD_GLU02A1113_004
INFO - step3.py: ForkPoolWorker-3: Calling delphi to calculate conformer (560/702) GLU-1A1113_005 in /tmp/pbe_data.data.home.granepura.5-Kinases.Kinases_MCCE.Trial02.run_apo.4ASD_GLU-1A1113_005
INFO - step3.py: ForkPoolWorker-2: Calling delphi to calculate conformer (561/702) GLU01A1114_001 in /tmp/pbe_data.data.home.granepura.5-Kinases.Kinases_MCCE.Trial02.run_apo.4ASD_GLU01A1114_001
INFO - step3.py: ForkPoolWorker-5: Calling delphi to calculate conformer (562/702) GLU01A1114_002 in /tmp/pbe_data.data.home.granepura.5-Kinases.Kinases_MCCE.Trial02.run_apo.4ASD_GLU01A1114_002
INFO - step3.py: ForkPoolWorker-1: Calling delphi to calculate conformer (563/702) GLU01A1114_003 in /tmp/pbe_data.data.home.granepura.5-Kinases.Kinases_MCCE.Trial02.run_apo.4ASD_GLU01A1114_003
INFO - step3.py: ForkPoolWorker-4: Calling delphi to calculate conformer (564/702) GLU01A1114_004 in /tmp/pbe_data.data.home.granepura.5-Kinases.Kinases_MCCE.Trial02.run_apo.4ASD_GLU01A1114_004
INFO - step3.py: ForkPoolWorker-3: Calling delphi to calculate conformer (565/702) GLU02A1114_005 in /tmp/pbe_data.data.home.granepura.5-Kinases.Kinases_MCCE.Trial02.run_apo.4ASD_GLU02A1114_005
INFO - step3.py: ForkPoolWorker-2: Calling delphi to calculate conformer (566/702) GLU02A1114_006 in /tmp/pbe_data.data.home.granepura.5-Kinases.Kinases_MCCE.Trial02.run_apo.4ASD_GLU02A1114_006
INFO - step3.py: ForkPoolWorker-5: Calling delphi to calculate conformer (567/702) GLU02A1114_007 in /tmp/pbe_data.data.home.granepura.5-Kinases.Kinases_MCCE.Trial02.run_apo.4ASD_GLU02A1114_007
INFO - step3.py: ForkPoolWorker-1: Calling delphi to calculate conformer (568/702) GLU02A1114_008 in /tmp/pbe_data.data.home.granepura.5-Kinases.Kinases_MCCE.Trial02.run_apo.4ASD_GLU02A1114_008
INFO - step3.py: ForkPoolWorker-4: Calling delphi to calculate conformer (569/702) GLU-1A1114_009 in /tmp/pbe_data.data.home.granepura.5-Kinases.Kinases_MCCE.Trial02.run_apo.4ASD_GLU-1A1114_009
INFO - step3.py: ForkPoolWorker-3: Calling delphi to calculate conformer (570/702) GLU-1A1114_010 in /tmp/pbe_data.data.home.granepura.5-Kinases.Kinases_MCCE.Trial02.run_apo.4ASD_GLU-1A1114_010
INFO - step3.py: Skipping PBE solver for non-charge conformer (571/702) PHE01A1115_001...
INFO - step3.py: ForkPoolWorker-2: Calling delphi to calculate conformer (572/702) CYS01A1116_001 in /tmp/pbe_data.data.home.granepura.5-Kinases.Kinases_MCCE.Trial02.run_apo.4ASD_CYS01A1116_001
INFO - step3.py: ForkPoolWorker-5: Calling delphi to calculate conformer (573/702) CYS01A1116_002 in /tmp/pbe_data.data.home.granepura.5-Kinases.Kinases_MCCE.Trial02.run_apo.4ASD_CYS01A1116_002
INFO - step3.py: ForkPoolWorker-1: Calling delphi to calculate conformer (574/702) CYS01A1116_003 in /tmp/pbe_data.data.home.granepura.5-Kinases.Kinases_MCCE.Trial02.run_apo.4ASD_CYS01A1116_003
INFO - step3.py: ForkPoolWorker-4: Calling delphi to calculate conformer (575/702) CYS-1A1116_004 in /tmp/pbe_data.data.home.granepura.5-Kinases.Kinases_MCCE.Trial02.run_apo.4ASD_CYS-1A1116_004
INFO - step3.py: ForkPoolWorker-3: Calling delphi to calculate conformer (577/702) ARG02A1117_002 in /tmp/pbe_data.data.home.granepura.5-Kinases.Kinases_MCCE.Trial02.run_apo.4ASD_ARG02A1117_002
INFO - step3.py: ForkPoolWorker-5: Calling delphi to calculate conformer (578/702) ARG02A1117_003 in /tmp/pbe_data.data.home.granepura.5-Kinases.Kinases_MCCE.Trial02.run_apo.4ASD_ARG02A1117_003
INFO - step3.py: ForkPoolWorker-2: Calling delphi to calculate conformer (576/702) ARG01A1117_001 in /tmp/pbe_data.data.home.granepura.5-Kinases.Kinases_MCCE.Trial02.run_apo.4ASD_ARG01A1117_001
INFO - step3.py: ForkPoolWorker-1: Calling delphi to calculate conformer (579/702) ARG03A1117_004 in /tmp/pbe_data.data.home.granepura.5-Kinases.Kinases_MCCE.Trial02.run_apo.4ASD_ARG03A1117_004
INFO - step3.py: ForkPoolWorker-4: Calling delphi to calculate conformer (580/702) ARG03A1117_005 in /tmp/pbe_data.data.home.granepura.5-Kinases.Kinases_MCCE.Trial02.run_apo.4ASD_ARG03A1117_005
INFO - step3.py: ForkPoolWorker-2: Calling delphi to calculate conformer (582/702) ARG01A1118_001 in /tmp/pbe_data.data.home.granepura.5-Kinases.Kinases_MCCE.Trial02.run_apo.4ASD_ARG01A1118_001
INFO - step3.py: ForkPoolWorker-5: Calling delphi to calculate conformer (581/702) ARG+1A1117_006 in /tmp/pbe_data.data.home.granepura.5-Kinases.Kinases_MCCE.Trial02.run_apo.4ASD_ARG+1A1117_006
INFO - step3.py: ForkPoolWorker-3: Calling delphi to calculate conformer (583/702) ARG02A1118_002 in /tmp/pbe_data.data.home.granepura.5-Kinases.Kinases_MCCE.Trial02.run_apo.4ASD_ARG02A1118_002
INFO - step3.py: ForkPoolWorker-1: Calling delphi to calculate conformer (584/702) ARG03A1118_003 in /tmp/pbe_data.data.home.granepura.5-Kinases.Kinases_MCCE.Trial02.run_apo.4ASD_ARG03A1118_003
INFO - step3.py: ForkPoolWorker-4: Calling delphi to calculate conformer (585/702) ARG+1A1118_004 in /tmp/pbe_data.data.home.granepura.5-Kinases.Kinases_MCCE.Trial02.run_apo.4ASD_ARG+1A1118_004
INFO - step3.py: Skipping PBE solver for non-charge conformer (586/702) LEU01A1119_001...
INFO - step3.py: ForkPoolWorker-5: Calling delphi to calculate conformer (588/702) LYS+1A1120_002 in /tmp/pbe_data.data.home.granepura.5-Kinases.Kinases_MCCE.Trial02.run_apo.4ASD_LYS+1A1120_002
INFO - step3.py: ForkPoolWorker-2: Calling delphi to calculate conformer (587/702) LYS01A1120_001 in /tmp/pbe_data.data.home.granepura.5-Kinases.Kinases_MCCE.Trial02.run_apo.4ASD_LYS01A1120_001
INFO - step3.py: ForkPoolWorker-3: Calling delphi to calculate conformer (589/702) GLU01A1121_001 in /tmp/pbe_data.data.home.granepura.5-Kinases.Kinases_MCCE.Trial02.run_apo.4ASD_GLU01A1121_001
INFO - step3.py: ForkPoolWorker-1: Calling delphi to calculate conformer (590/702) GLU01A1121_002 in /tmp/pbe_data.data.home.granepura.5-Kinases.Kinases_MCCE.Trial02.run_apo.4ASD_GLU01A1121_002
INFO - step3.py: ForkPoolWorker-4: Calling delphi to calculate conformer (591/702) GLU02A1121_003 in /tmp/pbe_data.data.home.granepura.5-Kinases.Kinases_MCCE.Trial02.run_apo.4ASD_GLU02A1121_003
INFO - step3.py: ForkPoolWorker-3: Calling delphi to calculate conformer (592/702) GLU02A1121_004 in /tmp/pbe_data.data.home.granepura.5-Kinases.Kinases_MCCE.Trial02.run_apo.4ASD_GLU02A1121_004
INFO - step3.py: ForkPoolWorker-2: Calling delphi to calculate conformer (593/702) GLU-1A1121_005 in /tmp/pbe_data.data.home.granepura.5-Kinases.Kinases_MCCE.Trial02.run_apo.4ASD_GLU-1A1121_005
INFO - step3.py: ForkPoolWorker-5: Calling delphi to calculate conformer (594/702) THR01A1123_001 in /tmp/pbe_data.data.home.granepura.5-Kinases.Kinases_MCCE.Trial02.run_apo.4ASD_THR01A1123_001
INFO - step3.py: ForkPoolWorker-1: Calling delphi to calculate conformer (595/702) THR01A1123_002 in /tmp/pbe_data.data.home.granepura.5-Kinases.Kinases_MCCE.Trial02.run_apo.4ASD_THR01A1123_002
INFO - step3.py: ForkPoolWorker-4: Calling delphi to calculate conformer (596/702) ARG01A1124_001 in /tmp/pbe_data.data.home.granepura.5-Kinases.Kinases_MCCE.Trial02.run_apo.4ASD_ARG01A1124_001
INFO - step3.py: ForkPoolWorker-2: Calling delphi to calculate conformer (597/702) ARG02A1124_002 in /tmp/pbe_data.data.home.granepura.5-Kinases.Kinases_MCCE.Trial02.run_apo.4ASD_ARG02A1124_002
INFO - step3.py: ForkPoolWorker-3: Calling delphi to calculate conformer (598/702) ARG02A1124_003 in /tmp/pbe_data.data.home.granepura.5-Kinases.Kinases_MCCE.Trial02.run_apo.4ASD_ARG02A1124_003
INFO - step3.py: ForkPoolWorker-5: Calling delphi to calculate conformer (599/702) ARG03A1124_004 in /tmp/pbe_data.data.home.granepura.5-Kinases.Kinases_MCCE.Trial02.run_apo.4ASD_ARG03A1124_004
INFO - step3.py: ForkPoolWorker-1: Calling delphi to calculate conformer (600/702) ARG+1A1124_005 in /tmp/pbe_data.data.home.granepura.5-Kinases.Kinases_MCCE.Trial02.run_apo.4ASD_ARG+1A1124_005
INFO - step3.py: ForkPoolWorker-4: Calling delphi to calculate conformer (601/702) MET01A1125_001 in /tmp/pbe_data.data.home.granepura.5-Kinases.Kinases_MCCE.Trial02.run_apo.4ASD_MET01A1125_001
INFO - step3.py: ForkPoolWorker-2: Calling delphi to calculate conformer (602/702) ARG01A1126_001 in /tmp/pbe_data.data.home.granepura.5-Kinases.Kinases_MCCE.Trial02.run_apo.4ASD_ARG01A1126_001
INFO - step3.py: ForkPoolWorker-5: Calling delphi to calculate conformer (603/702) ARG02A1126_002 in /tmp/pbe_data.data.home.granepura.5-Kinases.Kinases_MCCE.Trial02.run_apo.4ASD_ARG02A1126_002
INFO - step3.py: ForkPoolWorker-3: Calling delphi to calculate conformer (604/702) ARG03A1126_003 in /tmp/pbe_data.data.home.granepura.5-Kinases.Kinases_MCCE.Trial02.run_apo.4ASD_ARG03A1126_003
INFO - step3.py: ForkPoolWorker-1: Calling delphi to calculate conformer (605/702) ARG+1A1126_004 in /tmp/pbe_data.data.home.granepura.5-Kinases.Kinases_MCCE.Trial02.run_apo.4ASD_ARG+1A1126_004
INFO - step3.py: Skipping PBE solver for non-charge conformer (606/702) ALA01A1127_001...
INFO - step3.py: Skipping PBE solver for non-charge conformer (607/702) PRO01A1128_001...
INFO - step3.py: ForkPoolWorker-4: Calling delphi to calculate conformer (608/702) ASP01A1129_001 in /tmp/pbe_data.data.home.granepura.5-Kinases.Kinases_MCCE.Trial02.run_apo.4ASD_ASP01A1129_001
INFO - step3.py: ForkPoolWorker-2: Calling delphi to calculate conformer (609/702) ASP01A1129_002 in /tmp/pbe_data.data.home.granepura.5-Kinases.Kinases_MCCE.Trial02.run_apo.4ASD_ASP01A1129_002
INFO - step3.py: ForkPoolWorker-5: Calling delphi to calculate conformer (610/702) ASP02A1129_003 in /tmp/pbe_data.data.home.granepura.5-Kinases.Kinases_MCCE.Trial02.run_apo.4ASD_ASP02A1129_003
INFO - step3.py: ForkPoolWorker-3: Calling delphi to calculate conformer (611/702) ASP02A1129_004 in /tmp/pbe_data.data.home.granepura.5-Kinases.Kinases_MCCE.Trial02.run_apo.4ASD_ASP02A1129_004
INFO - step3.py: ForkPoolWorker-1: Calling delphi to calculate conformer (612/702) ASP-1A1129_005 in /tmp/pbe_data.data.home.granepura.5-Kinases.Kinases_MCCE.Trial02.run_apo.4ASD_ASP-1A1129_005
INFO - step3.py: ForkPoolWorker-4: Calling delphi to calculate conformer (613/702) TYR01A1130_001 in /tmp/pbe_data.data.home.granepura.5-Kinases.Kinases_MCCE.Trial02.run_apo.4ASD_TYR01A1130_001
INFO - step3.py: ForkPoolWorker-5: Calling delphi to calculate conformer (614/702) TYR01A1130_002 in /tmp/pbe_data.data.home.granepura.5-Kinases.Kinases_MCCE.Trial02.run_apo.4ASD_TYR01A1130_002
INFO - step3.py: ForkPoolWorker-2: Calling delphi to calculate conformer (615/702) TYR-1A1130_003 in /tmp/pbe_data.data.home.granepura.5-Kinases.Kinases_MCCE.Trial02.run_apo.4ASD_TYR-1A1130_003
INFO - step3.py: ForkPoolWorker-3: Calling delphi to calculate conformer (616/702) THR01A1131_001 in /tmp/pbe_data.data.home.granepura.5-Kinases.Kinases_MCCE.Trial02.run_apo.4ASD_THR01A1131_001
INFO - step3.py: ForkPoolWorker-1: Calling delphi to calculate conformer (617/702) THR01A1131_002 in /tmp/pbe_data.data.home.granepura.5-Kinases.Kinases_MCCE.Trial02.run_apo.4ASD_THR01A1131_002
INFO - step3.py: ForkPoolWorker-4: Calling delphi to calculate conformer (618/702) THR01A1132_001 in /tmp/pbe_data.data.home.granepura.5-Kinases.Kinases_MCCE.Trial02.run_apo.4ASD_THR01A1132_001
INFO - step3.py: ForkPoolWorker-5: Calling delphi to calculate conformer (619/702) THR01A1132_002 in /tmp/pbe_data.data.home.granepura.5-Kinases.Kinases_MCCE.Trial02.run_apo.4ASD_THR01A1132_002
INFO - step3.py: Skipping PBE solver for non-charge conformer (621/702) PRO01A1133_001...
INFO - step3.py: ForkPoolWorker-3: Calling delphi to calculate conformer (620/702) THR01A1132_003 in /tmp/pbe_data.data.home.granepura.5-Kinases.Kinases_MCCE.Trial02.run_apo.4ASD_THR01A1132_003
INFO - step3.py: ForkPoolWorker-2: Calling delphi to calculate conformer (622/702) GLU01A1134_001 in /tmp/pbe_data.data.home.granepura.5-Kinases.Kinases_MCCE.Trial02.run_apo.4ASD_GLU01A1134_001
INFO - step3.py: ForkPoolWorker-1: Calling delphi to calculate conformer (623/702) GLU01A1134_002 in /tmp/pbe_data.data.home.granepura.5-Kinases.Kinases_MCCE.Trial02.run_apo.4ASD_GLU01A1134_002
INFO - step3.py: ForkPoolWorker-4: Calling delphi to calculate conformer (624/702) GLU02A1134_003 in /tmp/pbe_data.data.home.granepura.5-Kinases.Kinases_MCCE.Trial02.run_apo.4ASD_GLU02A1134_003
INFO - step3.py: ForkPoolWorker-2: Calling delphi to calculate conformer (625/702) GLU02A1134_004 in /tmp/pbe_data.data.home.granepura.5-Kinases.Kinases_MCCE.Trial02.run_apo.4ASD_GLU02A1134_004
INFO - step3.py: ForkPoolWorker-5: Calling delphi to calculate conformer (627/702) MET01A1135_001 in /tmp/pbe_data.data.home.granepura.5-Kinases.Kinases_MCCE.Trial02.run_apo.4ASD_MET01A1135_001
INFO - step3.py: ForkPoolWorker-3: Calling delphi to calculate conformer (626/702) GLU-1A1134_005 in /tmp/pbe_data.data.home.granepura.5-Kinases.Kinases_MCCE.Trial02.run_apo.4ASD_GLU-1A1134_005
INFO - step3.py: ForkPoolWorker-1: Calling delphi to calculate conformer (628/702) TYR01A1136_001 in /tmp/pbe_data.data.home.granepura.5-Kinases.Kinases_MCCE.Trial02.run_apo.4ASD_TYR01A1136_001
INFO - step3.py: ForkPoolWorker-4: Calling delphi to calculate conformer (629/702) TYR01A1136_002 in /tmp/pbe_data.data.home.granepura.5-Kinases.Kinases_MCCE.Trial02.run_apo.4ASD_TYR01A1136_002
INFO - step3.py: ForkPoolWorker-3: Calling delphi to calculate conformer (631/702) GLN01A1137_001 in /tmp/pbe_data.data.home.granepura.5-Kinases.Kinases_MCCE.Trial02.run_apo.4ASD_GLN01A1137_001
INFO - step3.py: ForkPoolWorker-2: Calling delphi to calculate conformer (630/702) TYR-1A1136_003 in /tmp/pbe_data.data.home.granepura.5-Kinases.Kinases_MCCE.Trial02.run_apo.4ASD_TYR-1A1136_003
INFO - step3.py: ForkPoolWorker-5: Calling delphi to calculate conformer (632/702) GLN01A1137_002 in /tmp/pbe_data.data.home.granepura.5-Kinases.Kinases_MCCE.Trial02.run_apo.4ASD_GLN01A1137_002
INFO - step3.py: ForkPoolWorker-1: Calling delphi to calculate conformer (633/702) THR01A1138_001 in /tmp/pbe_data.data.home.granepura.5-Kinases.Kinases_MCCE.Trial02.run_apo.4ASD_THR01A1138_001
INFO - step3.py: ForkPoolWorker-4: Calling delphi to calculate conformer (634/702) THR01A1138_002 in /tmp/pbe_data.data.home.granepura.5-Kinases.Kinases_MCCE.Trial02.run_apo.4ASD_THR01A1138_002
INFO - step3.py: ForkPoolWorker-3: Calling delphi to calculate conformer (635/702) THR01A1138_003 in /tmp/pbe_data.data.home.granepura.5-Kinases.Kinases_MCCE.Trial02.run_apo.4ASD_THR01A1138_003
INFO - step3.py: ForkPoolWorker-2: Calling delphi to calculate conformer (636/702) MET01A1139_001 in /tmp/pbe_data.data.home.granepura.5-Kinases.Kinases_MCCE.Trial02.run_apo.4ASD_MET01A1139_001
INFO - step3.py: Skipping PBE solver for non-charge conformer (637/702) LEU01A1140_001...
INFO - step3.py: ForkPoolWorker-5: Calling delphi to calculate conformer (638/702) ASP01A1141_001 in /tmp/pbe_data.data.home.granepura.5-Kinases.Kinases_MCCE.Trial02.run_apo.4ASD_ASP01A1141_001
INFO - step3.py: ForkPoolWorker-1: Calling delphi to calculate conformer (639/702) ASP01A1141_002 in /tmp/pbe_data.data.home.granepura.5-Kinases.Kinases_MCCE.Trial02.run_apo.4ASD_ASP01A1141_002
INFO - step3.py: ForkPoolWorker-4: Calling delphi to calculate conformer (640/702) ASP02A1141_003 in /tmp/pbe_data.data.home.granepura.5-Kinases.Kinases_MCCE.Trial02.run_apo.4ASD_ASP02A1141_003
INFO - step3.py: ForkPoolWorker-3: Calling delphi to calculate conformer (641/702) ASP02A1141_004 in /tmp/pbe_data.data.home.granepura.5-Kinases.Kinases_MCCE.Trial02.run_apo.4ASD_ASP02A1141_004
INFO - step3.py: ForkPoolWorker-5: Calling delphi to calculate conformer (642/702) ASP-1A1141_005 in /tmp/pbe_data.data.home.granepura.5-Kinases.Kinases_MCCE.Trial02.run_apo.4ASD_ASP-1A1141_005
INFO - step3.py: ForkPoolWorker-2: Calling delphi to calculate conformer (643/702) CYS01A1142_001 in /tmp/pbe_data.data.home.granepura.5-Kinases.Kinases_MCCE.Trial02.run_apo.4ASD_CYS01A1142_001
INFO - step3.py: ForkPoolWorker-1: Calling delphi to calculate conformer (644/702) CYS01A1142_002 in /tmp/pbe_data.data.home.granepura.5-Kinases.Kinases_MCCE.Trial02.run_apo.4ASD_CYS01A1142_002
INFO - step3.py: ForkPoolWorker-4: Calling delphi to calculate conformer (645/702) CYS01A1142_003 in /tmp/pbe_data.data.home.granepura.5-Kinases.Kinases_MCCE.Trial02.run_apo.4ASD_CYS01A1142_003
INFO - step3.py: ForkPoolWorker-3: Calling delphi to calculate conformer (646/702) CYS-1A1142_004 in /tmp/pbe_data.data.home.granepura.5-Kinases.Kinases_MCCE.Trial02.run_apo.4ASD_CYS-1A1142_004
INFO - step3.py: Skipping PBE solver for non-charge conformer (647/702) TRP01A1143_001...
INFO - step3.py: ForkPoolWorker-5: Calling delphi to calculate conformer (648/702) HIS01A1144_001 in /tmp/pbe_data.data.home.granepura.5-Kinases.Kinases_MCCE.Trial02.run_apo.4ASD_HIS01A1144_001
INFO - step3.py: ForkPoolWorker-2: Calling delphi to calculate conformer (649/702) HIS02A1144_002 in /tmp/pbe_data.data.home.granepura.5-Kinases.Kinases_MCCE.Trial02.run_apo.4ASD_HIS02A1144_002
INFO - step3.py: ForkPoolWorker-1: Calling delphi to calculate conformer (650/702) HIS+1A1144_003 in /tmp/pbe_data.data.home.granepura.5-Kinases.Kinases_MCCE.Trial02.run_apo.4ASD_HIS+1A1144_003
INFO - step3.py: ForkPoolWorker-4: Calling delphi to calculate conformer (651/702) GLU01A1146_001 in /tmp/pbe_data.data.home.granepura.5-Kinases.Kinases_MCCE.Trial02.run_apo.4ASD_GLU01A1146_001
INFO - step3.py: ForkPoolWorker-3: Calling delphi to calculate conformer (652/702) GLU01A1146_002 in /tmp/pbe_data.data.home.granepura.5-Kinases.Kinases_MCCE.Trial02.run_apo.4ASD_GLU01A1146_002
INFO - step3.py: ForkPoolWorker-5: Calling delphi to calculate conformer (653/702) GLU02A1146_003 in /tmp/pbe_data.data.home.granepura.5-Kinases.Kinases_MCCE.Trial02.run_apo.4ASD_GLU02A1146_003
INFO - step3.py: ForkPoolWorker-2: Calling delphi to calculate conformer (654/702) GLU02A1146_004 in /tmp/pbe_data.data.home.granepura.5-Kinases.Kinases_MCCE.Trial02.run_apo.4ASD_GLU02A1146_004
INFO - step3.py: ForkPoolWorker-1: Calling delphi to calculate conformer (655/702) GLU-1A1146_005 in /tmp/pbe_data.data.home.granepura.5-Kinases.Kinases_MCCE.Trial02.run_apo.4ASD_GLU-1A1146_005
INFO - step3.py: Skipping PBE solver for non-charge conformer (656/702) PRO01A1147_001...
INFO - step3.py: ForkPoolWorker-4: Calling delphi to calculate conformer (657/702) SER01A1148_001 in /tmp/pbe_data.data.home.granepura.5-Kinases.Kinases_MCCE.Trial02.run_apo.4ASD_SER01A1148_001
INFO - step3.py: ForkPoolWorker-3: Calling delphi to calculate conformer (658/702) SER01A1148_002 in /tmp/pbe_data.data.home.granepura.5-Kinases.Kinases_MCCE.Trial02.run_apo.4ASD_SER01A1148_002
INFO - step3.py: ForkPoolWorker-2: Calling delphi to calculate conformer (659/702) GLN01A1149_001 in /tmp/pbe_data.data.home.granepura.5-Kinases.Kinases_MCCE.Trial02.run_apo.4ASD_GLN01A1149_001
INFO - step3.py: ForkPoolWorker-5: Calling delphi to calculate conformer (660/702) GLN01A1149_002 in /tmp/pbe_data.data.home.granepura.5-Kinases.Kinases_MCCE.Trial02.run_apo.4ASD_GLN01A1149_002
INFO - step3.py: ForkPoolWorker-1: Calling delphi to calculate conformer (661/702) ARG01A1150_001 in /tmp/pbe_data.data.home.granepura.5-Kinases.Kinases_MCCE.Trial02.run_apo.4ASD_ARG01A1150_001
INFO - step3.py: ForkPoolWorker-4: Calling delphi to calculate conformer (662/702) ARG02A1150_002 in /tmp/pbe_data.data.home.granepura.5-Kinases.Kinases_MCCE.Trial02.run_apo.4ASD_ARG02A1150_002
INFO - step3.py: ForkPoolWorker-3: Calling delphi to calculate conformer (663/702) ARG02A1150_003 in /tmp/pbe_data.data.home.granepura.5-Kinases.Kinases_MCCE.Trial02.run_apo.4ASD_ARG02A1150_003
INFO - step3.py: ForkPoolWorker-2: Calling delphi to calculate conformer (664/702) ARG03A1150_004 in /tmp/pbe_data.data.home.granepura.5-Kinases.Kinases_MCCE.Trial02.run_apo.4ASD_ARG03A1150_004
INFO - step3.py: ForkPoolWorker-5: Calling delphi to calculate conformer (665/702) ARG03A1150_005 in /tmp/pbe_data.data.home.granepura.5-Kinases.Kinases_MCCE.Trial02.run_apo.4ASD_ARG03A1150_005
INFO - step3.py: ForkPoolWorker-1: Calling delphi to calculate conformer (666/702) ARG+1A1150_006 in /tmp/pbe_data.data.home.granepura.5-Kinases.Kinases_MCCE.Trial02.run_apo.4ASD_ARG+1A1150_006
INFO - step3.py: Skipping PBE solver for non-charge conformer (667/702) PRO01A1151_001...
INFO - step3.py: ForkPoolWorker-4: Calling delphi to calculate conformer (668/702) THR01A1152_001 in /tmp/pbe_data.data.home.granepura.5-Kinases.Kinases_MCCE.Trial02.run_apo.4ASD_THR01A1152_001
INFO - step3.py: ForkPoolWorker-3: Calling delphi to calculate conformer (669/702) THR01A1152_002 in /tmp/pbe_data.data.home.granepura.5-Kinases.Kinases_MCCE.Trial02.run_apo.4ASD_THR01A1152_002
INFO - step3.py: ForkPoolWorker-2: Calling delphi to calculate conformer (670/702) THR01A1152_003 in /tmp/pbe_data.data.home.granepura.5-Kinases.Kinases_MCCE.Trial02.run_apo.4ASD_THR01A1152_003
INFO - step3.py: Skipping PBE solver for non-charge conformer (671/702) PHE01A1153_001...
INFO - step3.py: ForkPoolWorker-5: Calling delphi to calculate conformer (672/702) SER01A1154_001 in /tmp/pbe_data.data.home.granepura.5-Kinases.Kinases_MCCE.Trial02.run_apo.4ASD_SER01A1154_001
INFO - step3.py: ForkPoolWorker-1: Calling delphi to calculate conformer (673/702) SER01A1154_002 in /tmp/pbe_data.data.home.granepura.5-Kinases.Kinases_MCCE.Trial02.run_apo.4ASD_SER01A1154_002
INFO - step3.py: ForkPoolWorker-4: Calling delphi to calculate conformer (674/702) GLU01A1155_001 in /tmp/pbe_data.data.home.granepura.5-Kinases.Kinases_MCCE.Trial02.run_apo.4ASD_GLU01A1155_001
INFO - step3.py: ForkPoolWorker-3: Calling delphi to calculate conformer (675/702) GLU01A1155_002 in /tmp/pbe_data.data.home.granepura.5-Kinases.Kinases_MCCE.Trial02.run_apo.4ASD_GLU01A1155_002
INFO - step3.py: ForkPoolWorker-2: Calling delphi to calculate conformer (676/702) GLU02A1155_003 in /tmp/pbe_data.data.home.granepura.5-Kinases.Kinases_MCCE.Trial02.run_apo.4ASD_GLU02A1155_003
INFO - step3.py: ForkPoolWorker-5: Calling delphi to calculate conformer (677/702) GLU02A1155_004 in /tmp/pbe_data.data.home.granepura.5-Kinases.Kinases_MCCE.Trial02.run_apo.4ASD_GLU02A1155_004
INFO - step3.py: ForkPoolWorker-1: Calling delphi to calculate conformer (678/702) GLU-1A1155_005 in /tmp/pbe_data.data.home.granepura.5-Kinases.Kinases_MCCE.Trial02.run_apo.4ASD_GLU-1A1155_005
INFO - step3.py: Skipping PBE solver for non-charge conformer (679/702) LEU01A1156_001...
INFO - step3.py: Skipping PBE solver for non-charge conformer (680/702) VAL01A1157_001...
INFO - step3.py: ForkPoolWorker-4: Calling delphi to calculate conformer (681/702) GLU01A1158_001 in /tmp/pbe_data.data.home.granepura.5-Kinases.Kinases_MCCE.Trial02.run_apo.4ASD_GLU01A1158_001
INFO - step3.py: ForkPoolWorker-3: Calling delphi to calculate conformer (682/702) GLU01A1158_002 in /tmp/pbe_data.data.home.granepura.5-Kinases.Kinases_MCCE.Trial02.run_apo.4ASD_GLU01A1158_002
INFO - step3.py: ForkPoolWorker-2: Calling delphi to calculate conformer (683/702) GLU02A1158_003 in /tmp/pbe_data.data.home.granepura.5-Kinases.Kinases_MCCE.Trial02.run_apo.4ASD_GLU02A1158_003
INFO - step3.py: ForkPoolWorker-5: Calling delphi to calculate conformer (684/702) GLU02A1158_004 in /tmp/pbe_data.data.home.granepura.5-Kinases.Kinases_MCCE.Trial02.run_apo.4ASD_GLU02A1158_004
INFO - step3.py: ForkPoolWorker-1: Calling delphi to calculate conformer (685/702) GLU-1A1158_005 in /tmp/pbe_data.data.home.granepura.5-Kinases.Kinases_MCCE.Trial02.run_apo.4ASD_GLU-1A1158_005
INFO - step3.py: ForkPoolWorker-4: Calling delphi to calculate conformer (686/702) HIS01A1159_001 in /tmp/pbe_data.data.home.granepura.5-Kinases.Kinases_MCCE.Trial02.run_apo.4ASD_HIS01A1159_001
INFO - step3.py: ForkPoolWorker-3: Calling delphi to calculate conformer (687/702) HIS01A1159_002 in /tmp/pbe_data.data.home.granepura.5-Kinases.Kinases_MCCE.Trial02.run_apo.4ASD_HIS01A1159_002
INFO - step3.py: ForkPoolWorker-5: Calling delphi to calculate conformer (688/702) HIS02A1159_003 in /tmp/pbe_data.data.home.granepura.5-Kinases.Kinases_MCCE.Trial02.run_apo.4ASD_HIS02A1159_003
INFO - step3.py: ForkPoolWorker-2: Calling delphi to calculate conformer (689/702) HIS02A1159_004 in /tmp/pbe_data.data.home.granepura.5-Kinases.Kinases_MCCE.Trial02.run_apo.4ASD_HIS02A1159_004
INFO - step3.py: ForkPoolWorker-1: Calling delphi to calculate conformer (690/702) HIS+1A1159_005 in /tmp/pbe_data.data.home.granepura.5-Kinases.Kinases_MCCE.Trial02.run_apo.4ASD_HIS+1A1159_005
INFO - step3.py: ForkPoolWorker-4: Calling delphi to calculate conformer (691/702) HIS+1A1159_006 in /tmp/pbe_data.data.home.granepura.5-Kinases.Kinases_MCCE.Trial02.run_apo.4ASD_HIS+1A1159_006
INFO - step3.py: Skipping PBE solver for non-charge conformer (692/702) LEU01A1160_001...
INFO - step3.py: ForkPoolWorker-3: Calling delphi to calculate conformer (693/702) ASN01A1162_001 in /tmp/pbe_data.data.home.granepura.5-Kinases.Kinases_MCCE.Trial02.run_apo.4ASD_ASN01A1162_001
INFO - step3.py: ForkPoolWorker-5: Calling delphi to calculate conformer (694/702) ASN01A1162_002 in /tmp/pbe_data.data.home.granepura.5-Kinases.Kinases_MCCE.Trial02.run_apo.4ASD_ASN01A1162_002
INFO - step3.py: Skipping PBE solver for non-charge conformer (695/702) LEU01A1163_001...
INFO - step3.py: Skipping PBE solver for non-charge conformer (696/702) LEU01A1164_001...
INFO - step3.py: ForkPoolWorker-2: Calling delphi to calculate conformer (697/702) GLN01A1165_001 in /tmp/pbe_data.data.home.granepura.5-Kinases.Kinases_MCCE.Trial02.run_apo.4ASD_GLN01A1165_001
INFO - step3.py: ForkPoolWorker-1: Calling delphi to calculate conformer (698/702) GLN01A1165_002 in /tmp/pbe_data.data.home.granepura.5-Kinases.Kinases_MCCE.Trial02.run_apo.4ASD_GLN01A1165_002
INFO - step3.py: Skipping PBE solver for non-charge conformer (699/702) ALA01A1166_001...
INFO - step3.py: ForkPoolWorker-4: Calling delphi to calculate conformer (700/702) ASN01A1167_001 in /tmp/pbe_data.data.home.granepura.5-Kinases.Kinases_MCCE.Trial02.run_apo.4ASD_ASN01A1167_001
INFO - step3.py: ForkPoolWorker-3: Calling delphi to calculate conformer (701/702) ASN01A1167_002 in /tmp/pbe_data.data.home.granepura.5-Kinases.Kinases_MCCE.Trial02.run_apo.4ASD_ASN01A1167_002
INFO - step3.py: Skipping PBE solver for non-charge conformer (702/702) ALA01A1168_001...
INFO - step3.py:    Time needed: 486 seconds.
INFO - step3.py:    Post-processing of electrostatic potential.
INFO - step3.py:    Processing ele pairwise interaction...
INFO - step3.py:    Time needed: 1 seconds.
INFO - step3.py:    Making atom connectivity ...
INFO - step3.py:    Time needed: 0 seconds.
INFO - step3.py:    Calculating vdw ...
INFO - step3.py:    Time needed: 5 seconds.
INFO - step3.py:    Calculating torsion energy ...
INFO - step3.py:    Time needed: 0 seconds.
INFO - step3.py:    Composing head3.lst ...
INFO - step3.py:    Time needed: 0 seconds.
INFO - step3.py:    Composing opp files ...
INFO - step3.py:    Time needed: 0 seconds.
INFO - step3.py:    Total time for step3 is 495 seconds.
Warning: Ligand atom bond to " N  ASP0807A000" was not found
Warning: Ligand atom bond to " N  TYR0996A000" was not found
[SUCCESS]: Step 3 completed successfully.
