2026-09-22 07:25:12 - INFO: step3.py, <module>: Step 3. Energies calculation with PBE solver.
2026-09-22 07:25:12 - INFO: step3.py, <module>: Calling new VDW....No Scaling Applied
2026-09-22 07:25:12 - INFO: step3.py, <module>:    Process run time options & convert step2_out.pdb.
2026-09-22 07:25:12 - INFO: step3.py, <module>:    Prepare input for PB solver.
2026-09-22 07:25:12 - INFO: step3.py, <module>:    Time needed: 0 seconds.
2026-09-22 07:25:12 - INFO: step3.py, <module>:    Set up parallel envrionment and run PB solver.
2026-09-22 07:25:12 - INFO: step3.py, <module>:    Running PBE solver in 5 threads
2026-09-22 07:25:12 - INFO: step3.py, pbe: ForkPoolWorker-4: Calling delphi to calculate conformer (4/681) GLU02A0815_004 in /tmp/pbe_data.data.home.granepura.5-Kinases.Kinases_MCCE.Trial01.run_holo.3WZE_GLU02A0815_004
2026-09-22 07:25:12 - INFO: step3.py, pbe: ForkPoolWorker-2: Calling delphi to calculate conformer (2/681) GLU01A0815_002 in /tmp/pbe_data.data.home.granepura.5-Kinases.Kinases_MCCE.Trial01.run_holo.3WZE_GLU01A0815_002
2026-09-22 07:25:12 - INFO: step3.py, pbe: ForkPoolWorker-3: Calling delphi to calculate conformer (3/681) GLU02A0815_003 in /tmp/pbe_data.data.home.granepura.5-Kinases.Kinases_MCCE.Trial01.run_holo.3WZE_GLU02A0815_003
2026-09-22 07:25:12 - INFO: step3.py, pbe: ForkPoolWorker-5: Calling delphi to calculate conformer (5/681) GLU-1A0815_005 in /tmp/pbe_data.data.home.granepura.5-Kinases.Kinases_MCCE.Trial01.run_holo.3WZE_GLU-1A0815_005
2026-09-22 07:25:12 - INFO: step3.py, pbe: ForkPoolWorker-1: Calling delphi to calculate conformer (1/681) GLU01A0815_001 in /tmp/pbe_data.data.home.granepura.5-Kinases.Kinases_MCCE.Trial01.run_holo.3WZE_GLU01A0815_001
2026-09-22 07:25:17 - INFO: step3.py, pbe: ForkPoolWorker-1: Calling delphi to calculate conformer (6/681) HIS01A0816_001 in /tmp/pbe_data.data.home.granepura.5-Kinases.Kinases_MCCE.Trial01.run_holo.3WZE_HIS01A0816_001
2026-09-22 07:25:17 - INFO: step3.py, pbe: ForkPoolWorker-5: Calling delphi to calculate conformer (7/681) HIS01A0816_002 in /tmp/pbe_data.data.home.granepura.5-Kinases.Kinases_MCCE.Trial01.run_holo.3WZE_HIS01A0816_002
2026-09-22 07:25:17 - INFO: step3.py, pbe: ForkPoolWorker-2: Calling delphi to calculate conformer (8/681) HIS02A0816_003 in /tmp/pbe_data.data.home.granepura.5-Kinases.Kinases_MCCE.Trial01.run_holo.3WZE_HIS02A0816_003
2026-09-22 07:25:17 - INFO: step3.py, pbe: ForkPoolWorker-3: Calling delphi to calculate conformer (9/681) HIS02A0816_004 in /tmp/pbe_data.data.home.granepura.5-Kinases.Kinases_MCCE.Trial01.run_holo.3WZE_HIS02A0816_004
2026-09-22 07:25:17 - INFO: step3.py, pbe: ForkPoolWorker-4: Calling delphi to calculate conformer (10/681) HIS+1A0816_005 in /tmp/pbe_data.data.home.granepura.5-Kinases.Kinases_MCCE.Trial01.run_holo.3WZE_HIS+1A0816_005
2026-09-22 07:25:21 - INFO: step3.py, pbe: ForkPoolWorker-1: Calling delphi to calculate conformer (11/681) HIS+1A0816_006 in /tmp/pbe_data.data.home.granepura.5-Kinases.Kinases_MCCE.Trial01.run_holo.3WZE_HIS+1A0816_006
2026-09-22 07:25:21 - INFO: step3.py, pbe: ForkPoolWorker-5: Calling delphi to calculate conformer (12/681) CYS01A0817_001 in /tmp/pbe_data.data.home.granepura.5-Kinases.Kinases_MCCE.Trial01.run_holo.3WZE_CYS01A0817_001
2026-09-22 07:25:21 - INFO: step3.py, pbe: ForkPoolWorker-3: Calling delphi to calculate conformer (14/681) CYS01A0817_003 in /tmp/pbe_data.data.home.granepura.5-Kinases.Kinases_MCCE.Trial01.run_holo.3WZE_CYS01A0817_003
2026-09-22 07:25:21 - INFO: step3.py, pbe: ForkPoolWorker-2: Calling delphi to calculate conformer (13/681) CYS01A0817_002 in /tmp/pbe_data.data.home.granepura.5-Kinases.Kinases_MCCE.Trial01.run_holo.3WZE_CYS01A0817_002
2026-09-22 07:25:21 - INFO: step3.py, pbe: ForkPoolWorker-4: Calling delphi to calculate conformer (15/681) CYS-1A0817_004 in /tmp/pbe_data.data.home.granepura.5-Kinases.Kinases_MCCE.Trial01.run_holo.3WZE_CYS-1A0817_004
2026-09-22 07:25:25 - INFO: step3.py, pbe: ForkPoolWorker-1: Calling delphi to calculate conformer (16/681) GLU01A0818_001 in /tmp/pbe_data.data.home.granepura.5-Kinases.Kinases_MCCE.Trial01.run_holo.3WZE_GLU01A0818_001
2026-09-22 07:25:25 - INFO: step3.py, pbe: ForkPoolWorker-5: Calling delphi to calculate conformer (17/681) GLU01A0818_002 in /tmp/pbe_data.data.home.granepura.5-Kinases.Kinases_MCCE.Trial01.run_holo.3WZE_GLU01A0818_002
2026-09-22 07:25:25 - INFO: step3.py, pbe: ForkPoolWorker-2: Calling delphi to calculate conformer (18/681) GLU02A0818_003 in /tmp/pbe_data.data.home.granepura.5-Kinases.Kinases_MCCE.Trial01.run_holo.3WZE_GLU02A0818_003
2026-09-22 07:25:25 - INFO: step3.py, pbe: ForkPoolWorker-3: Calling delphi to calculate conformer (19/681) GLU02A0818_004 in /tmp/pbe_data.data.home.granepura.5-Kinases.Kinases_MCCE.Trial01.run_holo.3WZE_GLU02A0818_004
2026-09-22 07:25:25 - INFO: step3.py, pbe: ForkPoolWorker-4: Calling delphi to calculate conformer (20/681) GLU-1A0818_005 in /tmp/pbe_data.data.home.granepura.5-Kinases.Kinases_MCCE.Trial01.run_holo.3WZE_GLU-1A0818_005
2026-09-22 07:25:29 - INFO: step3.py, pbe: ForkPoolWorker-1: Calling delphi to calculate conformer (21/681) ARG01A0819_001 in /tmp/pbe_data.data.home.granepura.5-Kinases.Kinases_MCCE.Trial01.run_holo.3WZE_ARG01A0819_001
2026-09-22 07:25:29 - INFO: step3.py, pbe: ForkPoolWorker-5: Calling delphi to calculate conformer (22/681) ARG02A0819_002 in /tmp/pbe_data.data.home.granepura.5-Kinases.Kinases_MCCE.Trial01.run_holo.3WZE_ARG02A0819_002
2026-09-22 07:25:29 - INFO: step3.py, pbe: ForkPoolWorker-2: Calling delphi to calculate conformer (23/681) ARG03A0819_003 in /tmp/pbe_data.data.home.granepura.5-Kinases.Kinases_MCCE.Trial01.run_holo.3WZE_ARG03A0819_003
2026-09-22 07:25:29 - INFO: step3.py, pbe: ForkPoolWorker-3: Calling delphi to calculate conformer (24/681) ARG+1A0819_004 in /tmp/pbe_data.data.home.granepura.5-Kinases.Kinases_MCCE.Trial01.run_holo.3WZE_ARG+1A0819_004
2026-09-22 07:25:29 - INFO: step3.py, pbe: Skipping PBE solver for non-charge conformer (25/681) LEU01A0820_001...
2026-09-22 07:25:29 - INFO: step3.py, pbe: Skipping PBE solver for non-charge conformer (26/681) PRO01A0821_001...
2026-09-22 07:25:29 - INFO: step3.py, pbe: ForkPoolWorker-4: Calling delphi to calculate conformer (27/681) TYR01A0822_001 in /tmp/pbe_data.data.home.granepura.5-Kinases.Kinases_MCCE.Trial01.run_holo.3WZE_TYR01A0822_001
2026-09-22 07:25:33 - INFO: step3.py, pbe: ForkPoolWorker-1: Calling delphi to calculate conformer (28/681) TYR01A0822_002 in /tmp/pbe_data.data.home.granepura.5-Kinases.Kinases_MCCE.Trial01.run_holo.3WZE_TYR01A0822_002
2026-09-22 07:25:34 - INFO: step3.py, pbe: ForkPoolWorker-5: Calling delphi to calculate conformer (29/681) TYR-1A0822_003 in /tmp/pbe_data.data.home.granepura.5-Kinases.Kinases_MCCE.Trial01.run_holo.3WZE_TYR-1A0822_003
2026-09-22 07:25:34 - INFO: step3.py, pbe: ForkPoolWorker-2: Calling delphi to calculate conformer (30/681) ASP01A0823_001 in /tmp/pbe_data.data.home.granepura.5-Kinases.Kinases_MCCE.Trial01.run_holo.3WZE_ASP01A0823_001
2026-09-22 07:25:34 - INFO: step3.py, pbe: ForkPoolWorker-3: Calling delphi to calculate conformer (31/681) ASP01A0823_002 in /tmp/pbe_data.data.home.granepura.5-Kinases.Kinases_MCCE.Trial01.run_holo.3WZE_ASP01A0823_002
2026-09-22 07:25:34 - INFO: step3.py, pbe: ForkPoolWorker-4: Calling delphi to calculate conformer (32/681) ASP01A0823_003 in /tmp/pbe_data.data.home.granepura.5-Kinases.Kinases_MCCE.Trial01.run_holo.3WZE_ASP01A0823_003
2026-09-22 07:25:38 - INFO: step3.py, pbe: ForkPoolWorker-1: Calling delphi to calculate conformer (33/681) ASP01A0823_004 in /tmp/pbe_data.data.home.granepura.5-Kinases.Kinases_MCCE.Trial01.run_holo.3WZE_ASP01A0823_004
2026-09-22 07:25:38 - INFO: step3.py, pbe: ForkPoolWorker-5: Calling delphi to calculate conformer (34/681) ASP02A0823_005 in /tmp/pbe_data.data.home.granepura.5-Kinases.Kinases_MCCE.Trial01.run_holo.3WZE_ASP02A0823_005
2026-09-22 07:25:38 - INFO: step3.py, pbe: ForkPoolWorker-2: Calling delphi to calculate conformer (35/681) ASP02A0823_006 in /tmp/pbe_data.data.home.granepura.5-Kinases.Kinases_MCCE.Trial01.run_holo.3WZE_ASP02A0823_006
2026-09-22 07:25:38 - INFO: step3.py, pbe: ForkPoolWorker-3: Calling delphi to calculate conformer (36/681) ASP02A0823_007 in /tmp/pbe_data.data.home.granepura.5-Kinases.Kinases_MCCE.Trial01.run_holo.3WZE_ASP02A0823_007
2026-09-22 07:25:38 - INFO: step3.py, pbe: ForkPoolWorker-4: Calling delphi to calculate conformer (37/681) ASP02A0823_008 in /tmp/pbe_data.data.home.granepura.5-Kinases.Kinases_MCCE.Trial01.run_holo.3WZE_ASP02A0823_008
2026-09-22 07:25:42 - INFO: step3.py, pbe: ForkPoolWorker-5: Calling delphi to calculate conformer (38/681) ASP-1A0823_009 in /tmp/pbe_data.data.home.granepura.5-Kinases.Kinases_MCCE.Trial01.run_holo.3WZE_ASP-1A0823_009
2026-09-22 07:25:42 - INFO: step3.py, pbe: ForkPoolWorker-2: Calling delphi to calculate conformer (39/681) ASP-1A0823_010 in /tmp/pbe_data.data.home.granepura.5-Kinases.Kinases_MCCE.Trial01.run_holo.3WZE_ASP-1A0823_010
2026-09-22 07:25:42 - INFO: step3.py, pbe: Skipping PBE solver for non-charge conformer (40/681) ALA01A0824_001...
2026-09-22 07:25:42 - INFO: step3.py, pbe: ForkPoolWorker-3: Calling delphi to calculate conformer (42/681) SER01A0825_002 in /tmp/pbe_data.data.home.granepura.5-Kinases.Kinases_MCCE.Trial01.run_holo.3WZE_SER01A0825_002
2026-09-22 07:25:42 - INFO: step3.py, pbe: ForkPoolWorker-1: Calling delphi to calculate conformer (41/681) SER01A0825_001 in /tmp/pbe_data.data.home.granepura.5-Kinases.Kinases_MCCE.Trial01.run_holo.3WZE_SER01A0825_001
2026-09-22 07:25:42 - INFO: step3.py, pbe: ForkPoolWorker-4: Calling delphi to calculate conformer (43/681) SER01A0825_003 in /tmp/pbe_data.data.home.granepura.5-Kinases.Kinases_MCCE.Trial01.run_holo.3WZE_SER01A0825_003
2026-09-22 07:25:46 - INFO: step3.py, pbe: ForkPoolWorker-2: Calling delphi to calculate conformer (44/681) SER01A0825_004 in /tmp/pbe_data.data.home.granepura.5-Kinases.Kinases_MCCE.Trial01.run_holo.3WZE_SER01A0825_004
2026-09-22 07:25:46 - INFO: step3.py, pbe: ForkPoolWorker-3: Calling delphi to calculate conformer (45/681) LYS01A0826_001 in /tmp/pbe_data.data.home.granepura.5-Kinases.Kinases_MCCE.Trial01.run_holo.3WZE_LYS01A0826_001
2026-09-22 07:25:47 - INFO: step3.py, pbe: ForkPoolWorker-5: Calling delphi to calculate conformer (46/681) LYS+1A0826_002 in /tmp/pbe_data.data.home.granepura.5-Kinases.Kinases_MCCE.Trial01.run_holo.3WZE_LYS+1A0826_002
2026-09-22 07:25:47 - INFO: step3.py, pbe: Skipping PBE solver for non-charge conformer (47/681) TRP01A0827_001...
2026-09-22 07:25:47 - INFO: step3.py, pbe: ForkPoolWorker-1: Calling delphi to calculate conformer (48/681) GLU01A0828_001 in /tmp/pbe_data.data.home.granepura.5-Kinases.Kinases_MCCE.Trial01.run_holo.3WZE_GLU01A0828_001
2026-09-22 07:25:47 - INFO: step3.py, pbe: ForkPoolWorker-4: Calling delphi to calculate conformer (49/681) GLU01A0828_002 in /tmp/pbe_data.data.home.granepura.5-Kinases.Kinases_MCCE.Trial01.run_holo.3WZE_GLU01A0828_002
2026-09-22 07:25:51 - INFO: step3.py, pbe: ForkPoolWorker-2: Calling delphi to calculate conformer (50/681) GLU02A0828_003 in /tmp/pbe_data.data.home.granepura.5-Kinases.Kinases_MCCE.Trial01.run_holo.3WZE_GLU02A0828_003
2026-09-22 07:25:51 - INFO: step3.py, pbe: ForkPoolWorker-3: Calling delphi to calculate conformer (51/681) GLU02A0828_004 in /tmp/pbe_data.data.home.granepura.5-Kinases.Kinases_MCCE.Trial01.run_holo.3WZE_GLU02A0828_004
2026-09-22 07:25:51 - INFO: step3.py, pbe: ForkPoolWorker-5: Calling delphi to calculate conformer (52/681) GLU-1A0828_005 in /tmp/pbe_data.data.home.granepura.5-Kinases.Kinases_MCCE.Trial01.run_holo.3WZE_GLU-1A0828_005
2026-09-22 07:25:51 - INFO: step3.py, pbe: Skipping PBE solver for non-charge conformer (53/681) PHE01A0829_001...
2026-09-22 07:25:51 - INFO: step3.py, pbe: Skipping PBE solver for non-charge conformer (54/681) PRO01A0830_001...
2026-09-22 07:25:51 - INFO: step3.py, pbe: ForkPoolWorker-1: Calling delphi to calculate conformer (55/681) ARG01A0831_001 in /tmp/pbe_data.data.home.granepura.5-Kinases.Kinases_MCCE.Trial01.run_holo.3WZE_ARG01A0831_001
2026-09-22 07:25:51 - INFO: step3.py, pbe: ForkPoolWorker-4: Calling delphi to calculate conformer (56/681) ARG02A0831_002 in /tmp/pbe_data.data.home.granepura.5-Kinases.Kinases_MCCE.Trial01.run_holo.3WZE_ARG02A0831_002
2026-09-22 07:25:55 - INFO: step3.py, pbe: ForkPoolWorker-2: Calling delphi to calculate conformer (57/681) ARG03A0831_003 in /tmp/pbe_data.data.home.granepura.5-Kinases.Kinases_MCCE.Trial01.run_holo.3WZE_ARG03A0831_003
2026-09-22 07:25:55 - INFO: step3.py, pbe: ForkPoolWorker-3: Calling delphi to calculate conformer (58/681) ARG03A0831_004 in /tmp/pbe_data.data.home.granepura.5-Kinases.Kinases_MCCE.Trial01.run_holo.3WZE_ARG03A0831_004
2026-09-22 07:25:55 - INFO: step3.py, pbe: ForkPoolWorker-5: Calling delphi to calculate conformer (59/681) ARG+1A0831_005 in /tmp/pbe_data.data.home.granepura.5-Kinases.Kinases_MCCE.Trial01.run_holo.3WZE_ARG+1A0831_005
2026-09-22 07:25:55 - INFO: step3.py, pbe: ForkPoolWorker-1: Calling delphi to calculate conformer (60/681) ASP01A0832_001 in /tmp/pbe_data.data.home.granepura.5-Kinases.Kinases_MCCE.Trial01.run_holo.3WZE_ASP01A0832_001
2026-09-22 07:25:55 - INFO: step3.py, pbe: ForkPoolWorker-4: Calling delphi to calculate conformer (61/681) ASP01A0832_002 in /tmp/pbe_data.data.home.granepura.5-Kinases.Kinases_MCCE.Trial01.run_holo.3WZE_ASP01A0832_002
2026-09-22 07:25:59 - INFO: step3.py, pbe: ForkPoolWorker-2: Calling delphi to calculate conformer (62/681) ASP02A0832_003 in /tmp/pbe_data.data.home.granepura.5-Kinases.Kinases_MCCE.Trial01.run_holo.3WZE_ASP02A0832_003
2026-09-22 07:25:59 - INFO: step3.py, pbe: ForkPoolWorker-3: Calling delphi to calculate conformer (63/681) ASP02A0832_004 in /tmp/pbe_data.data.home.granepura.5-Kinases.Kinases_MCCE.Trial01.run_holo.3WZE_ASP02A0832_004
2026-09-22 07:25:59 - INFO: step3.py, pbe: ForkPoolWorker-5: Calling delphi to calculate conformer (64/681) ASP-1A0832_005 in /tmp/pbe_data.data.home.granepura.5-Kinases.Kinases_MCCE.Trial01.run_holo.3WZE_ASP-1A0832_005
2026-09-22 07:25:59 - INFO: step3.py, pbe: ForkPoolWorker-1: Calling delphi to calculate conformer (65/681) ARG01A0833_001 in /tmp/pbe_data.data.home.granepura.5-Kinases.Kinases_MCCE.Trial01.run_holo.3WZE_ARG01A0833_001
2026-09-22 07:25:59 - INFO: step3.py, pbe: ForkPoolWorker-4: Calling delphi to calculate conformer (66/681) ARG02A0833_002 in /tmp/pbe_data.data.home.granepura.5-Kinases.Kinases_MCCE.Trial01.run_holo.3WZE_ARG02A0833_002
2026-09-22 07:26:03 - INFO: step3.py, pbe: ForkPoolWorker-2: Calling delphi to calculate conformer (67/681) ARG03A0833_003 in /tmp/pbe_data.data.home.granepura.5-Kinases.Kinases_MCCE.Trial01.run_holo.3WZE_ARG03A0833_003
2026-09-22 07:26:03 - INFO: step3.py, pbe: ForkPoolWorker-5: Calling delphi to calculate conformer (68/681) ARG+1A0833_004 in /tmp/pbe_data.data.home.granepura.5-Kinases.Kinases_MCCE.Trial01.run_holo.3WZE_ARG+1A0833_004
2026-09-22 07:26:03 - INFO: step3.py, pbe: Skipping PBE solver for non-charge conformer (69/681) LEU01A0834_001...
2026-09-22 07:26:03 - INFO: step3.py, pbe: ForkPoolWorker-3: Calling delphi to calculate conformer (70/681) LYS01A0835_001 in /tmp/pbe_data.data.home.granepura.5-Kinases.Kinases_MCCE.Trial01.run_holo.3WZE_LYS01A0835_001
2026-09-22 07:26:03 - INFO: step3.py, pbe: ForkPoolWorker-4: Calling delphi to calculate conformer (71/681) LYS+1A0835_002 in /tmp/pbe_data.data.home.granepura.5-Kinases.Kinases_MCCE.Trial01.run_holo.3WZE_LYS+1A0835_002
2026-09-22 07:26:04 - INFO: step3.py, pbe: Skipping PBE solver for non-charge conformer (72/681) LEU01A0836_001...
2026-09-22 07:26:04 - INFO: step3.py, pbe: ForkPoolWorker-1: Calling delphi to calculate conformer (73/681) LYS01A0838_001 in /tmp/pbe_data.data.home.granepura.5-Kinases.Kinases_MCCE.Trial01.run_holo.3WZE_LYS01A0838_001
2026-09-22 07:26:07 - INFO: step3.py, pbe: ForkPoolWorker-2: Calling delphi to calculate conformer (74/681) LYS+1A0838_002 in /tmp/pbe_data.data.home.granepura.5-Kinases.Kinases_MCCE.Trial01.run_holo.3WZE_LYS+1A0838_002
2026-09-22 07:26:08 - INFO: step3.py, pbe: Skipping PBE solver for non-charge conformer (75/681) PRO01A0839_001...
2026-09-22 07:26:08 - INFO: step3.py, pbe: Skipping PBE solver for non-charge conformer (76/681) LEU01A0840_001...
2026-09-22 07:26:08 - INFO: step3.py, pbe: ForkPoolWorker-3: Calling delphi to calculate conformer (77/681) ARG01A0842_001 in /tmp/pbe_data.data.home.granepura.5-Kinases.Kinases_MCCE.Trial01.run_holo.3WZE_ARG01A0842_001
2026-09-22 07:26:08 - INFO: step3.py, pbe: ForkPoolWorker-5: Calling delphi to calculate conformer (78/681) ARG02A0842_002 in /tmp/pbe_data.data.home.granepura.5-Kinases.Kinases_MCCE.Trial01.run_holo.3WZE_ARG02A0842_002
2026-09-22 07:26:08 - INFO: step3.py, pbe: ForkPoolWorker-4: Calling delphi to calculate conformer (79/681) ARG03A0842_003 in /tmp/pbe_data.data.home.granepura.5-Kinases.Kinases_MCCE.Trial01.run_holo.3WZE_ARG03A0842_003
2026-09-22 07:26:08 - INFO: step3.py, pbe: ForkPoolWorker-1: Calling delphi to calculate conformer (80/681) ARG+1A0842_004 in /tmp/pbe_data.data.home.granepura.5-Kinases.Kinases_MCCE.Trial01.run_holo.3WZE_ARG+1A0842_004
2026-09-22 07:26:12 - INFO: step3.py, pbe: Skipping PBE solver for non-charge conformer (81/681) ALA01A0844_001...
2026-09-22 07:26:12 - INFO: step3.py, pbe: Skipping PBE solver for non-charge conformer (82/681) PHE01A0845_001...
2026-09-22 07:26:12 - INFO: step3.py, pbe: ForkPoolWorker-2: Calling delphi to calculate conformer (83/681) GLN01A0847_001 in /tmp/pbe_data.data.home.granepura.5-Kinases.Kinases_MCCE.Trial01.run_holo.3WZE_GLN01A0847_001
2026-09-22 07:26:12 - INFO: step3.py, pbe: ForkPoolWorker-5: Calling delphi to calculate conformer (84/681) GLN01A0847_002 in /tmp/pbe_data.data.home.granepura.5-Kinases.Kinases_MCCE.Trial01.run_holo.3WZE_GLN01A0847_002
2026-09-22 07:26:12 - INFO: step3.py, pbe: Skipping PBE solver for non-charge conformer (85/681) VAL01A0848_001...
2026-09-22 07:26:12 - INFO: step3.py, pbe: Skipping PBE solver for non-charge conformer (86/681) ILE01A0849_001...
2026-09-22 07:26:12 - INFO: step3.py, pbe: ForkPoolWorker-3: Calling delphi to calculate conformer (87/681) GLU01A0850_001 in /tmp/pbe_data.data.home.granepura.5-Kinases.Kinases_MCCE.Trial01.run_holo.3WZE_GLU01A0850_001
2026-09-22 07:26:12 - INFO: step3.py, pbe: ForkPoolWorker-4: Calling delphi to calculate conformer (88/681) GLU01A0850_002 in /tmp/pbe_data.data.home.granepura.5-Kinases.Kinases_MCCE.Trial01.run_holo.3WZE_GLU01A0850_002
2026-09-22 07:26:12 - INFO: step3.py, pbe: ForkPoolWorker-1: Calling delphi to calculate conformer (89/681) GLU02A0850_003 in /tmp/pbe_data.data.home.granepura.5-Kinases.Kinases_MCCE.Trial01.run_holo.3WZE_GLU02A0850_003
2026-09-22 07:26:16 - INFO: step3.py, pbe: ForkPoolWorker-2: Calling delphi to calculate conformer (90/681) GLU02A0850_004 in /tmp/pbe_data.data.home.granepura.5-Kinases.Kinases_MCCE.Trial01.run_holo.3WZE_GLU02A0850_004
2026-09-22 07:26:16 - INFO: step3.py, pbe: ForkPoolWorker-5: Calling delphi to calculate conformer (91/681) GLU-1A0850_005 in /tmp/pbe_data.data.home.granepura.5-Kinases.Kinases_MCCE.Trial01.run_holo.3WZE_GLU-1A0850_005
2026-09-22 07:26:16 - INFO: step3.py, pbe: Skipping PBE solver for non-charge conformer (92/681) ALA01A0851_001...
2026-09-22 07:26:16 - INFO: step3.py, pbe: ForkPoolWorker-3: Calling delphi to calculate conformer (93/681) ASP01A0852_001 in /tmp/pbe_data.data.home.granepura.5-Kinases.Kinases_MCCE.Trial01.run_holo.3WZE_ASP01A0852_001
2026-09-22 07:26:16 - INFO: step3.py, pbe: ForkPoolWorker-4: Calling delphi to calculate conformer (94/681) ASP01A0852_002 in /tmp/pbe_data.data.home.granepura.5-Kinases.Kinases_MCCE.Trial01.run_holo.3WZE_ASP01A0852_002
2026-09-22 07:26:16 - INFO: step3.py, pbe: ForkPoolWorker-1: Calling delphi to calculate conformer (95/681) ASP02A0852_003 in /tmp/pbe_data.data.home.granepura.5-Kinases.Kinases_MCCE.Trial01.run_holo.3WZE_ASP02A0852_003
2026-09-22 07:26:20 - INFO: step3.py, pbe: ForkPoolWorker-2: Calling delphi to calculate conformer (96/681) ASP02A0852_004 in /tmp/pbe_data.data.home.granepura.5-Kinases.Kinases_MCCE.Trial01.run_holo.3WZE_ASP02A0852_004
2026-09-22 07:26:20 - INFO: step3.py, pbe: ForkPoolWorker-5: Calling delphi to calculate conformer (97/681) ASP-1A0852_005 in /tmp/pbe_data.data.home.granepura.5-Kinases.Kinases_MCCE.Trial01.run_holo.3WZE_ASP-1A0852_005
2026-09-22 07:26:20 - INFO: step3.py, pbe: Skipping PBE solver for non-charge conformer (98/681) ALA01A0853_001...
2026-09-22 07:26:20 - INFO: step3.py, pbe: Skipping PBE solver for non-charge conformer (99/681) PHE01A0854_001...
2026-09-22 07:26:20 - INFO: step3.py, pbe: Skipping PBE solver for non-charge conformer (100/681) ILE01A0856_001...
2026-09-22 07:26:20 - INFO: step3.py, pbe: ForkPoolWorker-3: Calling delphi to calculate conformer (101/681) ASP01A0857_001 in /tmp/pbe_data.data.home.granepura.5-Kinases.Kinases_MCCE.Trial01.run_holo.3WZE_ASP01A0857_001
2026-09-22 07:26:20 - INFO: step3.py, pbe: ForkPoolWorker-4: Calling delphi to calculate conformer (102/681) ASP01A0857_002 in /tmp/pbe_data.data.home.granepura.5-Kinases.Kinases_MCCE.Trial01.run_holo.3WZE_ASP01A0857_002
2026-09-22 07:26:21 - INFO: step3.py, pbe: ForkPoolWorker-1: Calling delphi to calculate conformer (103/681) ASP02A0857_003 in /tmp/pbe_data.data.home.granepura.5-Kinases.Kinases_MCCE.Trial01.run_holo.3WZE_ASP02A0857_003
2026-09-22 07:26:24 - INFO: step3.py, pbe: ForkPoolWorker-2: Calling delphi to calculate conformer (104/681) ASP02A0857_004 in /tmp/pbe_data.data.home.granepura.5-Kinases.Kinases_MCCE.Trial01.run_holo.3WZE_ASP02A0857_004
2026-09-22 07:26:24 - INFO: step3.py, pbe: ForkPoolWorker-5: Calling delphi to calculate conformer (105/681) ASP-1A0857_005 in /tmp/pbe_data.data.home.granepura.5-Kinases.Kinases_MCCE.Trial01.run_holo.3WZE_ASP-1A0857_005
2026-09-22 07:26:24 - INFO: step3.py, pbe: ForkPoolWorker-3: Calling delphi to calculate conformer (106/681) LYS01A0858_001 in /tmp/pbe_data.data.home.granepura.5-Kinases.Kinases_MCCE.Trial01.run_holo.3WZE_LYS01A0858_001
2026-09-22 07:26:24 - INFO: step3.py, pbe: ForkPoolWorker-4: Calling delphi to calculate conformer (107/681) LYS+1A0858_002 in /tmp/pbe_data.data.home.granepura.5-Kinases.Kinases_MCCE.Trial01.run_holo.3WZE_LYS+1A0858_002
2026-09-22 07:26:25 - INFO: step3.py, pbe: ForkPoolWorker-1: Calling delphi to calculate conformer (108/681) THR01A0859_001 in /tmp/pbe_data.data.home.granepura.5-Kinases.Kinases_MCCE.Trial01.run_holo.3WZE_THR01A0859_001
2026-09-22 07:26:28 - INFO: step3.py, pbe: Skipping PBE solver for non-charge conformer (109/681) ALA01A0860_001...
2026-09-22 07:26:28 - INFO: step3.py, pbe: ForkPoolWorker-2: Calling delphi to calculate conformer (110/681) THR01A0861_001 in /tmp/pbe_data.data.home.granepura.5-Kinases.Kinases_MCCE.Trial01.run_holo.3WZE_THR01A0861_001
2026-09-22 07:26:28 - INFO: step3.py, pbe: ForkPoolWorker-5: Calling delphi to calculate conformer (111/681) THR01A0861_002 in /tmp/pbe_data.data.home.granepura.5-Kinases.Kinases_MCCE.Trial01.run_holo.3WZE_THR01A0861_002
2026-09-22 07:26:29 - INFO: step3.py, pbe: ForkPoolWorker-3: Calling delphi to calculate conformer (112/681) THR01A0861_003 in /tmp/pbe_data.data.home.granepura.5-Kinases.Kinases_MCCE.Trial01.run_holo.3WZE_THR01A0861_003
2026-09-22 07:26:29 - INFO: step3.py, pbe: ForkPoolWorker-4: Calling delphi to calculate conformer (113/681) CYS01A0862_001 in /tmp/pbe_data.data.home.granepura.5-Kinases.Kinases_MCCE.Trial01.run_holo.3WZE_CYS01A0862_001
2026-09-22 07:26:29 - INFO: step3.py, pbe: ForkPoolWorker-1: Calling delphi to calculate conformer (114/681) CYS01A0862_002 in /tmp/pbe_data.data.home.granepura.5-Kinases.Kinases_MCCE.Trial01.run_holo.3WZE_CYS01A0862_002
2026-09-22 07:26:32 - INFO: step3.py, pbe: ForkPoolWorker-2: Calling delphi to calculate conformer (115/681) CYS01A0862_003 in /tmp/pbe_data.data.home.granepura.5-Kinases.Kinases_MCCE.Trial01.run_holo.3WZE_CYS01A0862_003
2026-09-22 07:26:32 - INFO: step3.py, pbe: ForkPoolWorker-5: Calling delphi to calculate conformer (116/681) CYS-1A0862_004 in /tmp/pbe_data.data.home.granepura.5-Kinases.Kinases_MCCE.Trial01.run_holo.3WZE_CYS-1A0862_004
2026-09-22 07:26:33 - INFO: step3.py, pbe: ForkPoolWorker-4: Calling delphi to calculate conformer (117/681) ARG01A0863_001 in /tmp/pbe_data.data.home.granepura.5-Kinases.Kinases_MCCE.Trial01.run_holo.3WZE_ARG01A0863_001
2026-09-22 07:26:33 - INFO: step3.py, pbe: ForkPoolWorker-1: Calling delphi to calculate conformer (118/681) ARG02A0863_002 in /tmp/pbe_data.data.home.granepura.5-Kinases.Kinases_MCCE.Trial01.run_holo.3WZE_ARG02A0863_002
2026-09-22 07:26:33 - INFO: step3.py, pbe: ForkPoolWorker-3: Calling delphi to calculate conformer (119/681) ARG02A0863_003 in /tmp/pbe_data.data.home.granepura.5-Kinases.Kinases_MCCE.Trial01.run_holo.3WZE_ARG02A0863_003
2026-09-22 07:26:37 - INFO: step3.py, pbe: ForkPoolWorker-2: Calling delphi to calculate conformer (120/681) ARG03A0863_004 in /tmp/pbe_data.data.home.granepura.5-Kinases.Kinases_MCCE.Trial01.run_holo.3WZE_ARG03A0863_004
2026-09-22 07:26:37 - INFO: step3.py, pbe: ForkPoolWorker-5: Calling delphi to calculate conformer (121/681) ARG+1A0863_005 in /tmp/pbe_data.data.home.granepura.5-Kinases.Kinases_MCCE.Trial01.run_holo.3WZE_ARG+1A0863_005
2026-09-22 07:26:37 - INFO: step3.py, pbe: ForkPoolWorker-4: Calling delphi to calculate conformer (122/681) THR01A0864_001 in /tmp/pbe_data.data.home.granepura.5-Kinases.Kinases_MCCE.Trial01.run_holo.3WZE_THR01A0864_001
2026-09-22 07:26:37 - INFO: step3.py, pbe: ForkPoolWorker-1: Calling delphi to calculate conformer (123/681) THR01A0864_002 in /tmp/pbe_data.data.home.granepura.5-Kinases.Kinases_MCCE.Trial01.run_holo.3WZE_THR01A0864_002
2026-09-22 07:26:37 - INFO: step3.py, pbe: Skipping PBE solver for non-charge conformer (124/681) VAL01A0865_001...
2026-09-22 07:26:37 - INFO: step3.py, pbe: Skipping PBE solver for non-charge conformer (125/681) ALA01A0866_001...
2026-09-22 07:26:37 - INFO: step3.py, pbe: Skipping PBE solver for non-charge conformer (126/681) VAL01A0867_001...
2026-09-22 07:26:37 - INFO: step3.py, pbe: ForkPoolWorker-3: Calling delphi to calculate conformer (127/681) LYS01A0868_001 in /tmp/pbe_data.data.home.granepura.5-Kinases.Kinases_MCCE.Trial01.run_holo.3WZE_LYS01A0868_001
2026-09-22 07:26:41 - INFO: step3.py, pbe: ForkPoolWorker-2: Calling delphi to calculate conformer (128/681) LYS+1A0868_002 in /tmp/pbe_data.data.home.granepura.5-Kinases.Kinases_MCCE.Trial01.run_holo.3WZE_LYS+1A0868_002
2026-09-22 07:26:41 - INFO: step3.py, pbe: ForkPoolWorker-5: Calling delphi to calculate conformer (129/681) MET01A0869_001 in /tmp/pbe_data.data.home.granepura.5-Kinases.Kinases_MCCE.Trial01.run_holo.3WZE_MET01A0869_001
2026-09-22 07:26:41 - INFO: step3.py, pbe: Skipping PBE solver for non-charge conformer (130/681) LEU01A0870_001...
2026-09-22 07:26:41 - INFO: step3.py, pbe: ForkPoolWorker-1: Calling delphi to calculate conformer (131/681) LYS01A0871_001 in /tmp/pbe_data.data.home.granepura.5-Kinases.Kinases_MCCE.Trial01.run_holo.3WZE_LYS01A0871_001
2026-09-22 07:26:41 - INFO: step3.py, pbe: ForkPoolWorker-4: Calling delphi to calculate conformer (132/681) LYS+1A0871_002 in /tmp/pbe_data.data.home.granepura.5-Kinases.Kinases_MCCE.Trial01.run_holo.3WZE_LYS+1A0871_002
2026-09-22 07:26:41 - INFO: step3.py, pbe: ForkPoolWorker-3: Calling delphi to calculate conformer (133/681) GLU01A0872_001 in /tmp/pbe_data.data.home.granepura.5-Kinases.Kinases_MCCE.Trial01.run_holo.3WZE_GLU01A0872_001
2026-09-22 07:26:45 - INFO: step3.py, pbe: ForkPoolWorker-2: Calling delphi to calculate conformer (134/681) GLU01A0872_002 in /tmp/pbe_data.data.home.granepura.5-Kinases.Kinases_MCCE.Trial01.run_holo.3WZE_GLU01A0872_002
2026-09-22 07:26:45 - INFO: step3.py, pbe: ForkPoolWorker-5: Calling delphi to calculate conformer (135/681) GLU02A0872_003 in /tmp/pbe_data.data.home.granepura.5-Kinases.Kinases_MCCE.Trial01.run_holo.3WZE_GLU02A0872_003
2026-09-22 07:26:46 - INFO: step3.py, pbe: ForkPoolWorker-3: Calling delphi to calculate conformer (136/681) GLU02A0872_004 in /tmp/pbe_data.data.home.granepura.5-Kinases.Kinases_MCCE.Trial01.run_holo.3WZE_GLU02A0872_004
2026-09-22 07:26:46 - INFO: step3.py, pbe: ForkPoolWorker-4: Calling delphi to calculate conformer (137/681) GLU-1A0872_005 in /tmp/pbe_data.data.home.granepura.5-Kinases.Kinases_MCCE.Trial01.run_holo.3WZE_GLU-1A0872_005
2026-09-22 07:26:46 - INFO: step3.py, pbe: Skipping PBE solver for non-charge conformer (138/681) ALA01A0874_001...
2026-09-22 07:26:46 - INFO: step3.py, pbe: ForkPoolWorker-1: Calling delphi to calculate conformer (139/681) THR01A0875_001 in /tmp/pbe_data.data.home.granepura.5-Kinases.Kinases_MCCE.Trial01.run_holo.3WZE_THR01A0875_001
2026-09-22 07:26:49 - INFO: step3.py, pbe: ForkPoolWorker-2: Calling delphi to calculate conformer (140/681) THR01A0875_002 in /tmp/pbe_data.data.home.granepura.5-Kinases.Kinases_MCCE.Trial01.run_holo.3WZE_THR01A0875_002
2026-09-22 07:26:50 - INFO: step3.py, pbe: ForkPoolWorker-5: Calling delphi to calculate conformer (141/681) THR01A0875_003 in /tmp/pbe_data.data.home.granepura.5-Kinases.Kinases_MCCE.Trial01.run_holo.3WZE_THR01A0875_003
2026-09-22 07:26:50 - INFO: step3.py, pbe: ForkPoolWorker-4: Calling delphi to calculate conformer (143/681) HIS01A0876_001 in /tmp/pbe_data.data.home.granepura.5-Kinases.Kinases_MCCE.Trial01.run_holo.3WZE_HIS01A0876_001
2026-09-22 07:26:50 - INFO: step3.py, pbe: ForkPoolWorker-3: Calling delphi to calculate conformer (142/681) THR01A0875_004 in /tmp/pbe_data.data.home.granepura.5-Kinases.Kinases_MCCE.Trial01.run_holo.3WZE_THR01A0875_004
2026-09-22 07:26:50 - INFO: step3.py, pbe: ForkPoolWorker-1: Calling delphi to calculate conformer (144/681) HIS01A0876_002 in /tmp/pbe_data.data.home.granepura.5-Kinases.Kinases_MCCE.Trial01.run_holo.3WZE_HIS01A0876_002
2026-09-22 07:26:53 - INFO: step3.py, pbe: ForkPoolWorker-2: Calling delphi to calculate conformer (145/681) HIS01A0876_003 in /tmp/pbe_data.data.home.granepura.5-Kinases.Kinases_MCCE.Trial01.run_holo.3WZE_HIS01A0876_003
2026-09-22 07:26:54 - INFO: step3.py, pbe: ForkPoolWorker-5: Calling delphi to calculate conformer (146/681) HIS02A0876_004 in /tmp/pbe_data.data.home.granepura.5-Kinases.Kinases_MCCE.Trial01.run_holo.3WZE_HIS02A0876_004
2026-09-22 07:26:54 - INFO: step3.py, pbe: ForkPoolWorker-3: Calling delphi to calculate conformer (147/681) HIS02A0876_005 in /tmp/pbe_data.data.home.granepura.5-Kinases.Kinases_MCCE.Trial01.run_holo.3WZE_HIS02A0876_005
2026-09-22 07:26:54 - INFO: step3.py, pbe: ForkPoolWorker-4: Calling delphi to calculate conformer (148/681) HIS02A0876_006 in /tmp/pbe_data.data.home.granepura.5-Kinases.Kinases_MCCE.Trial01.run_holo.3WZE_HIS02A0876_006
2026-09-22 07:26:54 - INFO: step3.py, pbe: ForkPoolWorker-1: Calling delphi to calculate conformer (149/681) HIS+1A0876_007 in /tmp/pbe_data.data.home.granepura.5-Kinases.Kinases_MCCE.Trial01.run_holo.3WZE_HIS+1A0876_007
2026-09-22 07:26:57 - INFO: step3.py, pbe: ForkPoolWorker-2: Calling delphi to calculate conformer (150/681) HIS+1A0876_008 in /tmp/pbe_data.data.home.granepura.5-Kinases.Kinases_MCCE.Trial01.run_holo.3WZE_HIS+1A0876_008
2026-09-22 07:26:58 - INFO: step3.py, pbe: ForkPoolWorker-5: Calling delphi to calculate conformer (151/681) HIS+1A0876_009 in /tmp/pbe_data.data.home.granepura.5-Kinases.Kinases_MCCE.Trial01.run_holo.3WZE_HIS+1A0876_009
2026-09-22 07:26:58 - INFO: step3.py, pbe: ForkPoolWorker-3: Calling delphi to calculate conformer (152/681) SER01A0877_001 in /tmp/pbe_data.data.home.granepura.5-Kinases.Kinases_MCCE.Trial01.run_holo.3WZE_SER01A0877_001
2026-09-22 07:26:58 - INFO: step3.py, pbe: ForkPoolWorker-4: Calling delphi to calculate conformer (153/681) SER01A0877_002 in /tmp/pbe_data.data.home.granepura.5-Kinases.Kinases_MCCE.Trial01.run_holo.3WZE_SER01A0877_002
2026-09-22 07:26:58 - INFO: step3.py, pbe: ForkPoolWorker-1: Calling delphi to calculate conformer (154/681) SER01A0877_003 in /tmp/pbe_data.data.home.granepura.5-Kinases.Kinases_MCCE.Trial01.run_holo.3WZE_SER01A0877_003
2026-09-22 07:27:02 - INFO: step3.py, pbe: ForkPoolWorker-2: Calling delphi to calculate conformer (155/681) SER01A0877_004 in /tmp/pbe_data.data.home.granepura.5-Kinases.Kinases_MCCE.Trial01.run_holo.3WZE_SER01A0877_004
2026-09-22 07:27:02 - INFO: step3.py, pbe: ForkPoolWorker-5: Calling delphi to calculate conformer (156/681) GLU01A0878_001 in /tmp/pbe_data.data.home.granepura.5-Kinases.Kinases_MCCE.Trial01.run_holo.3WZE_GLU01A0878_001
2026-09-22 07:27:02 - INFO: step3.py, pbe: ForkPoolWorker-3: Calling delphi to calculate conformer (157/681) GLU01A0878_002 in /tmp/pbe_data.data.home.granepura.5-Kinases.Kinases_MCCE.Trial01.run_holo.3WZE_GLU01A0878_002
2026-09-22 07:27:02 - INFO: step3.py, pbe: ForkPoolWorker-4: Calling delphi to calculate conformer (158/681) GLU02A0878_003 in /tmp/pbe_data.data.home.granepura.5-Kinases.Kinases_MCCE.Trial01.run_holo.3WZE_GLU02A0878_003
2026-09-22 07:27:02 - INFO: step3.py, pbe: ForkPoolWorker-1: Calling delphi to calculate conformer (159/681) GLU02A0878_004 in /tmp/pbe_data.data.home.granepura.5-Kinases.Kinases_MCCE.Trial01.run_holo.3WZE_GLU02A0878_004
2026-09-22 07:27:06 - INFO: step3.py, pbe: ForkPoolWorker-2: Calling delphi to calculate conformer (160/681) GLU-1A0878_005 in /tmp/pbe_data.data.home.granepura.5-Kinases.Kinases_MCCE.Trial01.run_holo.3WZE_GLU-1A0878_005
2026-09-22 07:27:06 - INFO: step3.py, pbe: ForkPoolWorker-5: Calling delphi to calculate conformer (161/681) HIS01A0879_001 in /tmp/pbe_data.data.home.granepura.5-Kinases.Kinases_MCCE.Trial01.run_holo.3WZE_HIS01A0879_001
2026-09-22 07:27:06 - INFO: step3.py, pbe: ForkPoolWorker-3: Calling delphi to calculate conformer (162/681) HIS01A0879_002 in /tmp/pbe_data.data.home.granepura.5-Kinases.Kinases_MCCE.Trial01.run_holo.3WZE_HIS01A0879_002
2026-09-22 07:27:06 - INFO: step3.py, pbe: ForkPoolWorker-4: Calling delphi to calculate conformer (163/681) HIS02A0879_003 in /tmp/pbe_data.data.home.granepura.5-Kinases.Kinases_MCCE.Trial01.run_holo.3WZE_HIS02A0879_003
2026-09-22 07:27:06 - INFO: step3.py, pbe: ForkPoolWorker-1: Calling delphi to calculate conformer (164/681) HIS02A0879_004 in /tmp/pbe_data.data.home.granepura.5-Kinases.Kinases_MCCE.Trial01.run_holo.3WZE_HIS02A0879_004
2026-09-22 07:27:10 - INFO: step3.py, pbe: ForkPoolWorker-2: Calling delphi to calculate conformer (165/681) HIS+1A0879_005 in /tmp/pbe_data.data.home.granepura.5-Kinases.Kinases_MCCE.Trial01.run_holo.3WZE_HIS+1A0879_005
2026-09-22 07:27:10 - INFO: step3.py, pbe: ForkPoolWorker-5: Calling delphi to calculate conformer (166/681) HIS+1A0879_006 in /tmp/pbe_data.data.home.granepura.5-Kinases.Kinases_MCCE.Trial01.run_holo.3WZE_HIS+1A0879_006
2026-09-22 07:27:11 - INFO: step3.py, pbe: ForkPoolWorker-3: Calling delphi to calculate conformer (168/681) ARG02A0880_002 in /tmp/pbe_data.data.home.granepura.5-Kinases.Kinases_MCCE.Trial01.run_holo.3WZE_ARG02A0880_002
2026-09-22 07:27:11 - INFO: step3.py, pbe: ForkPoolWorker-1: Calling delphi to calculate conformer (167/681) ARG01A0880_001 in /tmp/pbe_data.data.home.granepura.5-Kinases.Kinases_MCCE.Trial01.run_holo.3WZE_ARG01A0880_001
2026-09-22 07:27:11 - INFO: step3.py, pbe: ForkPoolWorker-4: Calling delphi to calculate conformer (169/681) ARG03A0880_003 in /tmp/pbe_data.data.home.granepura.5-Kinases.Kinases_MCCE.Trial01.run_holo.3WZE_ARG03A0880_003
2026-09-22 07:27:14 - INFO: step3.py, pbe: ForkPoolWorker-2: Calling delphi to calculate conformer (170/681) ARG03A0880_004 in /tmp/pbe_data.data.home.granepura.5-Kinases.Kinases_MCCE.Trial01.run_holo.3WZE_ARG03A0880_004
2026-09-22 07:27:15 - INFO: step3.py, pbe: ForkPoolWorker-3: Calling delphi to calculate conformer (171/681) ARG+1A0880_005 in /tmp/pbe_data.data.home.granepura.5-Kinases.Kinases_MCCE.Trial01.run_holo.3WZE_ARG+1A0880_005
2026-09-22 07:27:15 - INFO: step3.py, pbe: Skipping PBE solver for non-charge conformer (172/681) ALA01A0881_001...
2026-09-22 07:27:15 - INFO: step3.py, pbe: Skipping PBE solver for non-charge conformer (173/681) LEU01A0882_001...
2026-09-22 07:27:15 - INFO: step3.py, pbe: ForkPoolWorker-5: Calling delphi to calculate conformer (174/681) MET01A0883_001 in /tmp/pbe_data.data.home.granepura.5-Kinases.Kinases_MCCE.Trial01.run_holo.3WZE_MET01A0883_001
2026-09-22 07:27:15 - INFO: step3.py, pbe: ForkPoolWorker-4: Calling delphi to calculate conformer (175/681) SER01A0884_001 in /tmp/pbe_data.data.home.granepura.5-Kinases.Kinases_MCCE.Trial01.run_holo.3WZE_SER01A0884_001
2026-09-22 07:27:15 - INFO: step3.py, pbe: ForkPoolWorker-1: Calling delphi to calculate conformer (176/681) GLU01A0885_001 in /tmp/pbe_data.data.home.granepura.5-Kinases.Kinases_MCCE.Trial01.run_holo.3WZE_GLU01A0885_001
2026-09-22 07:27:18 - INFO: step3.py, pbe: ForkPoolWorker-2: Calling delphi to calculate conformer (177/681) GLU01A0885_002 in /tmp/pbe_data.data.home.granepura.5-Kinases.Kinases_MCCE.Trial01.run_holo.3WZE_GLU01A0885_002
2026-09-22 07:27:19 - INFO: step3.py, pbe: ForkPoolWorker-3: Calling delphi to calculate conformer (178/681) GLU01A0885_003 in /tmp/pbe_data.data.home.granepura.5-Kinases.Kinases_MCCE.Trial01.run_holo.3WZE_GLU01A0885_003
2026-09-22 07:27:19 - INFO: step3.py, pbe: ForkPoolWorker-5: Calling delphi to calculate conformer (179/681) GLU01A0885_004 in /tmp/pbe_data.data.home.granepura.5-Kinases.Kinases_MCCE.Trial01.run_holo.3WZE_GLU01A0885_004
2026-09-22 07:27:19 - INFO: step3.py, pbe: ForkPoolWorker-4: Calling delphi to calculate conformer (180/681) GLU02A0885_005 in /tmp/pbe_data.data.home.granepura.5-Kinases.Kinases_MCCE.Trial01.run_holo.3WZE_GLU02A0885_005
2026-09-22 07:27:20 - INFO: step3.py, pbe: ForkPoolWorker-1: Calling delphi to calculate conformer (181/681) GLU02A0885_006 in /tmp/pbe_data.data.home.granepura.5-Kinases.Kinases_MCCE.Trial01.run_holo.3WZE_GLU02A0885_006
2026-09-22 07:27:23 - INFO: step3.py, pbe: ForkPoolWorker-2: Calling delphi to calculate conformer (182/681) GLU02A0885_007 in /tmp/pbe_data.data.home.granepura.5-Kinases.Kinases_MCCE.Trial01.run_holo.3WZE_GLU02A0885_007
2026-09-22 07:27:23 - INFO: step3.py, pbe: ForkPoolWorker-3: Calling delphi to calculate conformer (183/681) GLU02A0885_008 in /tmp/pbe_data.data.home.granepura.5-Kinases.Kinases_MCCE.Trial01.run_holo.3WZE_GLU02A0885_008
2026-09-22 07:27:23 - INFO: step3.py, pbe: ForkPoolWorker-5: Calling delphi to calculate conformer (184/681) GLU-1A0885_009 in /tmp/pbe_data.data.home.granepura.5-Kinases.Kinases_MCCE.Trial01.run_holo.3WZE_GLU-1A0885_009
2026-09-22 07:27:23 - INFO: step3.py, pbe: ForkPoolWorker-4: Calling delphi to calculate conformer (185/681) GLU-1A0885_010 in /tmp/pbe_data.data.home.granepura.5-Kinases.Kinases_MCCE.Trial01.run_holo.3WZE_GLU-1A0885_010
2026-09-22 07:27:24 - INFO: step3.py, pbe: Skipping PBE solver for non-charge conformer (186/681) LEU01A0886_001...
2026-09-22 07:27:24 - INFO: step3.py, pbe: ForkPoolWorker-1: Calling delphi to calculate conformer (187/681) LYS01A0887_001 in /tmp/pbe_data.data.home.granepura.5-Kinases.Kinases_MCCE.Trial01.run_holo.3WZE_LYS01A0887_001
2026-09-22 07:27:27 - INFO: step3.py, pbe: ForkPoolWorker-2: Calling delphi to calculate conformer (188/681) LYS+1A0887_002 in /tmp/pbe_data.data.home.granepura.5-Kinases.Kinases_MCCE.Trial01.run_holo.3WZE_LYS+1A0887_002
2026-09-22 07:27:27 - INFO: step3.py, pbe: Skipping PBE solver for non-charge conformer (189/681) ILE01A0888_001...
2026-09-22 07:27:27 - INFO: step3.py, pbe: Skipping PBE solver for non-charge conformer (190/681) LEU01A0889_001...
2026-09-22 07:27:28 - INFO: step3.py, pbe: Skipping PBE solver for non-charge conformer (191/681) ILE01A0890_001...
2026-09-22 07:27:28 - INFO: step3.py, pbe: ForkPoolWorker-3: Calling delphi to calculate conformer (192/681) HIS01A0891_001 in /tmp/pbe_data.data.home.granepura.5-Kinases.Kinases_MCCE.Trial01.run_holo.3WZE_HIS01A0891_001
2026-09-22 07:27:28 - INFO: step3.py, pbe: ForkPoolWorker-4: Calling delphi to calculate conformer (194/681) HIS02A0891_003 in /tmp/pbe_data.data.home.granepura.5-Kinases.Kinases_MCCE.Trial01.run_holo.3WZE_HIS02A0891_003
2026-09-22 07:27:28 - INFO: step3.py, pbe: ForkPoolWorker-5: Calling delphi to calculate conformer (193/681) HIS01A0891_002 in /tmp/pbe_data.data.home.granepura.5-Kinases.Kinases_MCCE.Trial01.run_holo.3WZE_HIS01A0891_002
2026-09-22 07:27:28 - INFO: step3.py, pbe: ForkPoolWorker-1: Calling delphi to calculate conformer (195/681) HIS02A0891_004 in /tmp/pbe_data.data.home.granepura.5-Kinases.Kinases_MCCE.Trial01.run_holo.3WZE_HIS02A0891_004
2026-09-22 07:27:31 - INFO: step3.py, pbe: ForkPoolWorker-2: Calling delphi to calculate conformer (196/681) HIS+1A0891_005 in /tmp/pbe_data.data.home.granepura.5-Kinases.Kinases_MCCE.Trial01.run_holo.3WZE_HIS+1A0891_005
2026-09-22 07:27:32 - INFO: step3.py, pbe: ForkPoolWorker-3: Calling delphi to calculate conformer (197/681) HIS+1A0891_006 in /tmp/pbe_data.data.home.granepura.5-Kinases.Kinases_MCCE.Trial01.run_holo.3WZE_HIS+1A0891_006
2026-09-22 07:27:32 - INFO: step3.py, pbe: Skipping PBE solver for non-charge conformer (198/681) ILE01A0892_001...
2026-09-22 07:27:32 - INFO: step3.py, pbe: ForkPoolWorker-4: Calling delphi to calculate conformer (199/681) HIS01A0894_001 in /tmp/pbe_data.data.home.granepura.5-Kinases.Kinases_MCCE.Trial01.run_holo.3WZE_HIS01A0894_001
2026-09-22 07:27:32 - INFO: step3.py, pbe: ForkPoolWorker-5: Calling delphi to calculate conformer (200/681) HIS01A0894_002 in /tmp/pbe_data.data.home.granepura.5-Kinases.Kinases_MCCE.Trial01.run_holo.3WZE_HIS01A0894_002
2026-09-22 07:27:32 - INFO: step3.py, pbe: ForkPoolWorker-1: Calling delphi to calculate conformer (201/681) HIS02A0894_003 in /tmp/pbe_data.data.home.granepura.5-Kinases.Kinases_MCCE.Trial01.run_holo.3WZE_HIS02A0894_003
2026-09-22 07:27:35 - INFO: step3.py, pbe: ForkPoolWorker-2: Calling delphi to calculate conformer (202/681) HIS02A0894_004 in /tmp/pbe_data.data.home.granepura.5-Kinases.Kinases_MCCE.Trial01.run_holo.3WZE_HIS02A0894_004
2026-09-22 07:27:36 - INFO: step3.py, pbe: ForkPoolWorker-3: Calling delphi to calculate conformer (203/681) HIS+1A0894_005 in /tmp/pbe_data.data.home.granepura.5-Kinases.Kinases_MCCE.Trial01.run_holo.3WZE_HIS+1A0894_005
2026-09-22 07:27:36 - INFO: step3.py, pbe: ForkPoolWorker-4: Calling delphi to calculate conformer (204/681) HIS+1A0894_006 in /tmp/pbe_data.data.home.granepura.5-Kinases.Kinases_MCCE.Trial01.run_holo.3WZE_HIS+1A0894_006
2026-09-22 07:27:36 - INFO: step3.py, pbe: ForkPoolWorker-5: Calling delphi to calculate conformer (205/681) HIS01A0895_001 in /tmp/pbe_data.data.home.granepura.5-Kinases.Kinases_MCCE.Trial01.run_holo.3WZE_HIS01A0895_001
2026-09-22 07:27:36 - INFO: step3.py, pbe: ForkPoolWorker-1: Calling delphi to calculate conformer (206/681) HIS01A0895_002 in /tmp/pbe_data.data.home.granepura.5-Kinases.Kinases_MCCE.Trial01.run_holo.3WZE_HIS01A0895_002
2026-09-22 07:27:39 - INFO: step3.py, pbe: ForkPoolWorker-2: Calling delphi to calculate conformer (207/681) HIS02A0895_003 in /tmp/pbe_data.data.home.granepura.5-Kinases.Kinases_MCCE.Trial01.run_holo.3WZE_HIS02A0895_003
2026-09-22 07:27:40 - INFO: step3.py, pbe: ForkPoolWorker-3: Calling delphi to calculate conformer (208/681) HIS02A0895_004 in /tmp/pbe_data.data.home.granepura.5-Kinases.Kinases_MCCE.Trial01.run_holo.3WZE_HIS02A0895_004
2026-09-22 07:27:40 - INFO: step3.py, pbe: ForkPoolWorker-4: Calling delphi to calculate conformer (209/681) HIS+1A0895_005 in /tmp/pbe_data.data.home.granepura.5-Kinases.Kinases_MCCE.Trial01.run_holo.3WZE_HIS+1A0895_005
2026-09-22 07:27:40 - INFO: step3.py, pbe: ForkPoolWorker-5: Calling delphi to calculate conformer (210/681) HIS+1A0895_006 in /tmp/pbe_data.data.home.granepura.5-Kinases.Kinases_MCCE.Trial01.run_holo.3WZE_HIS+1A0895_006
2026-09-22 07:27:40 - INFO: step3.py, pbe: Skipping PBE solver for non-charge conformer (211/681) LEU01A0896_001...
2026-09-22 07:27:40 - INFO: step3.py, pbe: ForkPoolWorker-1: Calling delphi to calculate conformer (212/681) ASN01A0897_001 in /tmp/pbe_data.data.home.granepura.5-Kinases.Kinases_MCCE.Trial01.run_holo.3WZE_ASN01A0897_001
2026-09-22 07:27:44 - INFO: step3.py, pbe: ForkPoolWorker-2: Calling delphi to calculate conformer (213/681) ASN01A0897_002 in /tmp/pbe_data.data.home.granepura.5-Kinases.Kinases_MCCE.Trial01.run_holo.3WZE_ASN01A0897_002
2026-09-22 07:27:44 - INFO: step3.py, pbe: Skipping PBE solver for non-charge conformer (214/681) VAL01A0898_001...
2026-09-22 07:27:44 - INFO: step3.py, pbe: Skipping PBE solver for non-charge conformer (215/681) VAL01A0899_001...
2026-09-22 07:27:44 - INFO: step3.py, pbe: ForkPoolWorker-3: Calling delphi to calculate conformer (216/681) ASN01A0900_001 in /tmp/pbe_data.data.home.granepura.5-Kinases.Kinases_MCCE.Trial01.run_holo.3WZE_ASN01A0900_001
2026-09-22 07:27:44 - INFO: step3.py, pbe: ForkPoolWorker-4: Calling delphi to calculate conformer (217/681) ASN01A0900_002 in /tmp/pbe_data.data.home.granepura.5-Kinases.Kinases_MCCE.Trial01.run_holo.3WZE_ASN01A0900_002
2026-09-22 07:27:44 - INFO: step3.py, pbe: Skipping PBE solver for non-charge conformer (218/681) LEU01A0901_001...
2026-09-22 07:27:44 - INFO: step3.py, pbe: Skipping PBE solver for non-charge conformer (219/681) LEU01A0902_001...
2026-09-22 07:27:44 - INFO: step3.py, pbe: Skipping PBE solver for non-charge conformer (220/681) ALA01A0904_001...
2026-09-22 07:27:44 - INFO: step3.py, pbe: ForkPoolWorker-5: Calling delphi to calculate conformer (221/681) CYS01A0905_001 in /tmp/pbe_data.data.home.granepura.5-Kinases.Kinases_MCCE.Trial01.run_holo.3WZE_CYS01A0905_001
2026-09-22 07:27:45 - INFO: step3.py, pbe: ForkPoolWorker-1: Calling delphi to calculate conformer (222/681) CYS01A0905_002 in /tmp/pbe_data.data.home.granepura.5-Kinases.Kinases_MCCE.Trial01.run_holo.3WZE_CYS01A0905_002
2026-09-22 07:27:48 - INFO: step3.py, pbe: ForkPoolWorker-2: Calling delphi to calculate conformer (223/681) CYS01A0905_003 in /tmp/pbe_data.data.home.granepura.5-Kinases.Kinases_MCCE.Trial01.run_holo.3WZE_CYS01A0905_003
2026-09-22 07:27:49 - INFO: step3.py, pbe: ForkPoolWorker-3: Calling delphi to calculate conformer (224/681) CYS-1A0905_004 in /tmp/pbe_data.data.home.granepura.5-Kinases.Kinases_MCCE.Trial01.run_holo.3WZE_CYS-1A0905_004
2026-09-22 07:27:49 - INFO: step3.py, pbe: ForkPoolWorker-4: Calling delphi to calculate conformer (225/681) THR01A0906_001 in /tmp/pbe_data.data.home.granepura.5-Kinases.Kinases_MCCE.Trial01.run_holo.3WZE_THR01A0906_001
2026-09-22 07:27:49 - INFO: step3.py, pbe: ForkPoolWorker-5: Calling delphi to calculate conformer (226/681) THR01A0906_002 in /tmp/pbe_data.data.home.granepura.5-Kinases.Kinases_MCCE.Trial01.run_holo.3WZE_THR01A0906_002
2026-09-22 07:27:49 - INFO: step3.py, pbe: ForkPoolWorker-1: Calling delphi to calculate conformer (227/681) THR01A0906_003 in /tmp/pbe_data.data.home.granepura.5-Kinases.Kinases_MCCE.Trial01.run_holo.3WZE_THR01A0906_003
2026-09-22 07:27:52 - INFO: step3.py, pbe: ForkPoolWorker-2: Calling delphi to calculate conformer (228/681) LYS01A0907_001 in /tmp/pbe_data.data.home.granepura.5-Kinases.Kinases_MCCE.Trial01.run_holo.3WZE_LYS01A0907_001
2026-09-22 07:27:53 - INFO: step3.py, pbe: ForkPoolWorker-3: Calling delphi to calculate conformer (229/681) LYS+1A0907_002 in /tmp/pbe_data.data.home.granepura.5-Kinases.Kinases_MCCE.Trial01.run_holo.3WZE_LYS+1A0907_002
2026-09-22 07:27:53 - INFO: step3.py, pbe: Skipping PBE solver for non-charge conformer (230/681) PRO01A0908_001...
2026-09-22 07:27:53 - INFO: step3.py, pbe: Skipping PBE solver for non-charge conformer (231/681) PRO01A0911_001...
2026-09-22 07:27:53 - INFO: step3.py, pbe: ForkPoolWorker-5: Calling delphi to calculate conformer (233/681) MET01A0913_001 in /tmp/pbe_data.data.home.granepura.5-Kinases.Kinases_MCCE.Trial01.run_holo.3WZE_MET01A0913_001
2026-09-22 07:27:53 - INFO: step3.py, pbe: Skipping PBE solver for non-charge conformer (232/681) LEU01A0912_001...
2026-09-22 07:27:53 - INFO: step3.py, pbe: Skipping PBE solver for non-charge conformer (234/681) VAL01A0914_001...
2026-09-22 07:27:53 - INFO: step3.py, pbe: Skipping PBE solver for non-charge conformer (235/681) ILE01A0915_001...
2026-09-22 07:27:53 - INFO: step3.py, pbe: Skipping PBE solver for non-charge conformer (236/681) VAL01A0916_001...
2026-09-22 07:27:53 - INFO: step3.py, pbe: ForkPoolWorker-4: Calling delphi to calculate conformer (237/681) GLU01A0917_001 in /tmp/pbe_data.data.home.granepura.5-Kinases.Kinases_MCCE.Trial01.run_holo.3WZE_GLU01A0917_001
2026-09-22 07:27:53 - INFO: step3.py, pbe: ForkPoolWorker-1: Calling delphi to calculate conformer (238/681) GLU01A0917_002 in /tmp/pbe_data.data.home.granepura.5-Kinases.Kinases_MCCE.Trial01.run_holo.3WZE_GLU01A0917_002
2026-09-22 07:27:56 - INFO: step3.py, pbe: ForkPoolWorker-2: Calling delphi to calculate conformer (239/681) GLU02A0917_003 in /tmp/pbe_data.data.home.granepura.5-Kinases.Kinases_MCCE.Trial01.run_holo.3WZE_GLU02A0917_003
2026-09-22 07:27:57 - INFO: step3.py, pbe: ForkPoolWorker-3: Calling delphi to calculate conformer (240/681) GLU02A0917_004 in /tmp/pbe_data.data.home.granepura.5-Kinases.Kinases_MCCE.Trial01.run_holo.3WZE_GLU02A0917_004
2026-09-22 07:27:57 - INFO: step3.py, pbe: ForkPoolWorker-5: Calling delphi to calculate conformer (241/681) GLU-1A0917_005 in /tmp/pbe_data.data.home.granepura.5-Kinases.Kinases_MCCE.Trial01.run_holo.3WZE_GLU-1A0917_005
2026-09-22 07:27:57 - INFO: step3.py, pbe: Skipping PBE solver for non-charge conformer (242/681) PHE01A0918_001...
2026-09-22 07:27:57 - INFO: step3.py, pbe: ForkPoolWorker-4: Calling delphi to calculate conformer (243/681) CYS01A0919_001 in /tmp/pbe_data.data.home.granepura.5-Kinases.Kinases_MCCE.Trial01.run_holo.3WZE_CYS01A0919_001
2026-09-22 07:27:57 - INFO: step3.py, pbe: ForkPoolWorker-1: Calling delphi to calculate conformer (244/681) CYS01A0919_002 in /tmp/pbe_data.data.home.granepura.5-Kinases.Kinases_MCCE.Trial01.run_holo.3WZE_CYS01A0919_002
2026-09-22 07:28:00 - INFO: step3.py, pbe: ForkPoolWorker-2: Calling delphi to calculate conformer (245/681) CYS01A0919_003 in /tmp/pbe_data.data.home.granepura.5-Kinases.Kinases_MCCE.Trial01.run_holo.3WZE_CYS01A0919_003
2026-09-22 07:28:01 - INFO: step3.py, pbe: ForkPoolWorker-3: Calling delphi to calculate conformer (246/681) CYS-1A0919_004 in /tmp/pbe_data.data.home.granepura.5-Kinases.Kinases_MCCE.Trial01.run_holo.3WZE_CYS-1A0919_004
2026-09-22 07:28:01 - INFO: step3.py, pbe: ForkPoolWorker-5: Calling delphi to calculate conformer (247/681) LYS01A0920_001 in /tmp/pbe_data.data.home.granepura.5-Kinases.Kinases_MCCE.Trial01.run_holo.3WZE_LYS01A0920_001
2026-09-22 07:28:01 - INFO: step3.py, pbe: ForkPoolWorker-4: Calling delphi to calculate conformer (248/681) LYS+1A0920_002 in /tmp/pbe_data.data.home.granepura.5-Kinases.Kinases_MCCE.Trial01.run_holo.3WZE_LYS+1A0920_002
2026-09-22 07:28:01 - INFO: step3.py, pbe: Skipping PBE solver for non-charge conformer (249/681) PHE01A0921_001...
2026-09-22 07:28:01 - INFO: step3.py, pbe: ForkPoolWorker-1: Calling delphi to calculate conformer (250/681) ASN01A0923_001 in /tmp/pbe_data.data.home.granepura.5-Kinases.Kinases_MCCE.Trial01.run_holo.3WZE_ASN01A0923_001
2026-09-22 07:28:04 - INFO: step3.py, pbe: ForkPoolWorker-2: Calling delphi to calculate conformer (251/681) ASN01A0923_002 in /tmp/pbe_data.data.home.granepura.5-Kinases.Kinases_MCCE.Trial01.run_holo.3WZE_ASN01A0923_002
2026-09-22 07:28:05 - INFO: step3.py, pbe: Skipping PBE solver for non-charge conformer (252/681) LEU01A0924_001...
2026-09-22 07:28:05 - INFO: step3.py, pbe: ForkPoolWorker-5: Calling delphi to calculate conformer (254/681) SER01A0925_002 in /tmp/pbe_data.data.home.granepura.5-Kinases.Kinases_MCCE.Trial01.run_holo.3WZE_SER01A0925_002
2026-09-22 07:28:05 - INFO: step3.py, pbe: ForkPoolWorker-3: Calling delphi to calculate conformer (253/681) SER01A0925_001 in /tmp/pbe_data.data.home.granepura.5-Kinases.Kinases_MCCE.Trial01.run_holo.3WZE_SER01A0925_001
2026-09-22 07:28:05 - INFO: step3.py, pbe: ForkPoolWorker-4: Calling delphi to calculate conformer (255/681) THR01A0926_001 in /tmp/pbe_data.data.home.granepura.5-Kinases.Kinases_MCCE.Trial01.run_holo.3WZE_THR01A0926_001
2026-09-22 07:28:06 - INFO: step3.py, pbe: ForkPoolWorker-1: Calling delphi to calculate conformer (256/681) THR01A0926_002 in /tmp/pbe_data.data.home.granepura.5-Kinases.Kinases_MCCE.Trial01.run_holo.3WZE_THR01A0926_002
2026-09-22 07:28:09 - INFO: step3.py, pbe: ForkPoolWorker-2: Calling delphi to calculate conformer (257/681) TYR01A0927_001 in /tmp/pbe_data.data.home.granepura.5-Kinases.Kinases_MCCE.Trial01.run_holo.3WZE_TYR01A0927_001
2026-09-22 07:28:10 - INFO: step3.py, pbe: ForkPoolWorker-4: Calling delphi to calculate conformer (258/681) TYR01A0927_002 in /tmp/pbe_data.data.home.granepura.5-Kinases.Kinases_MCCE.Trial01.run_holo.3WZE_TYR01A0927_002
2026-09-22 07:28:10 - INFO: step3.py, pbe: ForkPoolWorker-5: Calling delphi to calculate conformer (259/681) TYR-1A0927_003 in /tmp/pbe_data.data.home.granepura.5-Kinases.Kinases_MCCE.Trial01.run_holo.3WZE_TYR-1A0927_003
2026-09-22 07:28:10 - INFO: step3.py, pbe: Skipping PBE solver for non-charge conformer (260/681) LEU01A0928_001...
2026-09-22 07:28:10 - INFO: step3.py, pbe: ForkPoolWorker-3: Calling delphi to calculate conformer (261/681) ARG01A0929_001 in /tmp/pbe_data.data.home.granepura.5-Kinases.Kinases_MCCE.Trial01.run_holo.3WZE_ARG01A0929_001
2026-09-22 07:28:10 - INFO: step3.py, pbe: ForkPoolWorker-1: Calling delphi to calculate conformer (262/681) ARG02A0929_002 in /tmp/pbe_data.data.home.granepura.5-Kinases.Kinases_MCCE.Trial01.run_holo.3WZE_ARG02A0929_002
2026-09-22 07:28:13 - INFO: step3.py, pbe: ForkPoolWorker-2: Calling delphi to calculate conformer (263/681) ARG03A0929_003 in /tmp/pbe_data.data.home.granepura.5-Kinases.Kinases_MCCE.Trial01.run_holo.3WZE_ARG03A0929_003
2026-09-22 07:28:14 - INFO: step3.py, pbe: ForkPoolWorker-4: Calling delphi to calculate conformer (264/681) ARG+1A0929_004 in /tmp/pbe_data.data.home.granepura.5-Kinases.Kinases_MCCE.Trial01.run_holo.3WZE_ARG+1A0929_004
2026-09-22 07:28:14 - INFO: step3.py, pbe: ForkPoolWorker-5: Calling delphi to calculate conformer (265/681) SER01A0930_001 in /tmp/pbe_data.data.home.granepura.5-Kinases.Kinases_MCCE.Trial01.run_holo.3WZE_SER01A0930_001
2026-09-22 07:28:14 - INFO: step3.py, pbe: ForkPoolWorker-3: Calling delphi to calculate conformer (266/681) SER01A0930_002 in /tmp/pbe_data.data.home.granepura.5-Kinases.Kinases_MCCE.Trial01.run_holo.3WZE_SER01A0930_002
2026-09-22 07:28:14 - INFO: step3.py, pbe: ForkPoolWorker-1: Calling delphi to calculate conformer (267/681) LYS01A0931_001 in /tmp/pbe_data.data.home.granepura.5-Kinases.Kinases_MCCE.Trial01.run_holo.3WZE_LYS01A0931_001
2026-09-22 07:28:17 - INFO: step3.py, pbe: ForkPoolWorker-2: Calling delphi to calculate conformer (268/681) LYS+1A0931_002 in /tmp/pbe_data.data.home.granepura.5-Kinases.Kinases_MCCE.Trial01.run_holo.3WZE_LYS+1A0931_002
2026-09-22 07:28:18 - INFO: step3.py, pbe: ForkPoolWorker-4: Calling delphi to calculate conformer (269/681) ARG01A0932_001 in /tmp/pbe_data.data.home.granepura.5-Kinases.Kinases_MCCE.Trial01.run_holo.3WZE_ARG01A0932_001
2026-09-22 07:28:18 - INFO: step3.py, pbe: ForkPoolWorker-5: Calling delphi to calculate conformer (270/681) ARG02A0932_002 in /tmp/pbe_data.data.home.granepura.5-Kinases.Kinases_MCCE.Trial01.run_holo.3WZE_ARG02A0932_002
2026-09-22 07:28:18 - INFO: step3.py, pbe: ForkPoolWorker-3: Calling delphi to calculate conformer (271/681) ARG03A0932_003 in /tmp/pbe_data.data.home.granepura.5-Kinases.Kinases_MCCE.Trial01.run_holo.3WZE_ARG03A0932_003
2026-09-22 07:28:18 - INFO: step3.py, pbe: ForkPoolWorker-1: Calling delphi to calculate conformer (272/681) ARG+1A0932_004 in /tmp/pbe_data.data.home.granepura.5-Kinases.Kinases_MCCE.Trial01.run_holo.3WZE_ARG+1A0932_004
2026-09-22 07:28:21 - INFO: step3.py, pbe: ForkPoolWorker-2: Calling delphi to calculate conformer (273/681) ASN01A0933_001 in /tmp/pbe_data.data.home.granepura.5-Kinases.Kinases_MCCE.Trial01.run_holo.3WZE_ASN01A0933_001
2026-09-22 07:28:22 - INFO: step3.py, pbe: ForkPoolWorker-4: Calling delphi to calculate conformer (274/681) ASN01A0933_002 in /tmp/pbe_data.data.home.granepura.5-Kinases.Kinases_MCCE.Trial01.run_holo.3WZE_ASN01A0933_002
2026-09-22 07:28:22 - INFO: step3.py, pbe: ForkPoolWorker-5: Calling delphi to calculate conformer (275/681) GLU01A0934_001 in /tmp/pbe_data.data.home.granepura.5-Kinases.Kinases_MCCE.Trial01.run_holo.3WZE_GLU01A0934_001
2026-09-22 07:28:22 - INFO: step3.py, pbe: ForkPoolWorker-3: Calling delphi to calculate conformer (276/681) GLU01A0934_002 in /tmp/pbe_data.data.home.granepura.5-Kinases.Kinases_MCCE.Trial01.run_holo.3WZE_GLU01A0934_002
2026-09-22 07:28:23 - INFO: step3.py, pbe: ForkPoolWorker-1: Calling delphi to calculate conformer (277/681) GLU02A0934_003 in /tmp/pbe_data.data.home.granepura.5-Kinases.Kinases_MCCE.Trial01.run_holo.3WZE_GLU02A0934_003
2026-09-22 07:28:26 - INFO: step3.py, pbe: ForkPoolWorker-2: Calling delphi to calculate conformer (278/681) GLU02A0934_004 in /tmp/pbe_data.data.home.granepura.5-Kinases.Kinases_MCCE.Trial01.run_holo.3WZE_GLU02A0934_004
2026-09-22 07:28:26 - INFO: step3.py, pbe: ForkPoolWorker-5: Calling delphi to calculate conformer (279/681) GLU-1A0934_005 in /tmp/pbe_data.data.home.granepura.5-Kinases.Kinases_MCCE.Trial01.run_holo.3WZE_GLU-1A0934_005
2026-09-22 07:28:27 - INFO: step3.py, pbe: Skipping PBE solver for non-charge conformer (280/681) PHE01A0935_001...
2026-09-22 07:28:27 - INFO: step3.py, pbe: Skipping PBE solver for non-charge conformer (281/681) VAL01A0936_001...
2026-09-22 07:28:27 - INFO: step3.py, pbe: Skipping PBE solver for non-charge conformer (282/681) PRO01A0937_001...
2026-09-22 07:28:27 - INFO: step3.py, pbe: ForkPoolWorker-4: Calling delphi to calculate conformer (283/681) TYR01A0938_001 in /tmp/pbe_data.data.home.granepura.5-Kinases.Kinases_MCCE.Trial01.run_holo.3WZE_TYR01A0938_001
2026-09-22 07:28:27 - INFO: step3.py, pbe: ForkPoolWorker-3: Calling delphi to calculate conformer (284/681) TYR-1A0938_002 in /tmp/pbe_data.data.home.granepura.5-Kinases.Kinases_MCCE.Trial01.run_holo.3WZE_TYR-1A0938_002
2026-09-22 07:28:27 - INFO: step3.py, pbe: ForkPoolWorker-1: Calling delphi to calculate conformer (285/681) LYS01A0939_001 in /tmp/pbe_data.data.home.granepura.5-Kinases.Kinases_MCCE.Trial01.run_holo.3WZE_LYS01A0939_001
2026-09-22 07:28:30 - INFO: step3.py, pbe: ForkPoolWorker-2: Calling delphi to calculate conformer (286/681) LYS+1A0939_002 in /tmp/pbe_data.data.home.granepura.5-Kinases.Kinases_MCCE.Trial01.run_holo.3WZE_LYS+1A0939_002
2026-09-22 07:28:31 - INFO: step3.py, pbe: ForkPoolWorker-5: Calling delphi to calculate conformer (287/681) ASP01A0994_001 in /tmp/pbe_data.data.home.granepura.5-Kinases.Kinases_MCCE.Trial01.run_holo.3WZE_ASP01A0994_001
2026-09-22 07:28:31 - INFO: step3.py, pbe: ForkPoolWorker-1: Calling delphi to calculate conformer (289/681) ASP02A0994_003 in /tmp/pbe_data.data.home.granepura.5-Kinases.Kinases_MCCE.Trial01.run_holo.3WZE_ASP02A0994_003
2026-09-22 07:28:31 - INFO: step3.py, pbe: ForkPoolWorker-3: Calling delphi to calculate conformer (288/681) ASP01A0994_002 in /tmp/pbe_data.data.home.granepura.5-Kinases.Kinases_MCCE.Trial01.run_holo.3WZE_ASP01A0994_002
2026-09-22 07:28:31 - INFO: step3.py, pbe: ForkPoolWorker-4: Calling delphi to calculate conformer (290/681) ASP02A0994_004 in /tmp/pbe_data.data.home.granepura.5-Kinases.Kinases_MCCE.Trial01.run_holo.3WZE_ASP02A0994_004
2026-09-22 07:28:34 - INFO: step3.py, pbe: ForkPoolWorker-2: Calling delphi to calculate conformer (291/681) ASP-1A0994_005 in /tmp/pbe_data.data.home.granepura.5-Kinases.Kinases_MCCE.Trial01.run_holo.3WZE_ASP-1A0994_005
2026-09-22 07:28:35 - INFO: step3.py, pbe: Skipping PBE solver for non-charge conformer (292/681) LEU01A0995_001...
2026-09-22 07:28:35 - INFO: step3.py, pbe: ForkPoolWorker-5: Calling delphi to calculate conformer (293/681) TYR01A0996_001 in /tmp/pbe_data.data.home.granepura.5-Kinases.Kinases_MCCE.Trial01.run_holo.3WZE_TYR01A0996_001
2026-09-22 07:28:35 - INFO: step3.py, pbe: ForkPoolWorker-4: Calling delphi to calculate conformer (294/681) TYR-1A0996_002 in /tmp/pbe_data.data.home.granepura.5-Kinases.Kinases_MCCE.Trial01.run_holo.3WZE_TYR-1A0996_002
2026-09-22 07:28:35 - INFO: step3.py, pbe: ForkPoolWorker-3: Calling delphi to calculate conformer (296/681) LYS+1A0997_002 in /tmp/pbe_data.data.home.granepura.5-Kinases.Kinases_MCCE.Trial01.run_holo.3WZE_LYS+1A0997_002
2026-09-22 07:28:35 - INFO: step3.py, pbe: ForkPoolWorker-1: Calling delphi to calculate conformer (295/681) LYS01A0997_001 in /tmp/pbe_data.data.home.granepura.5-Kinases.Kinases_MCCE.Trial01.run_holo.3WZE_LYS01A0997_001
2026-09-22 07:28:38 - INFO: step3.py, pbe: ForkPoolWorker-2: Calling delphi to calculate conformer (297/681) ASP01A0998_001 in /tmp/pbe_data.data.home.granepura.5-Kinases.Kinases_MCCE.Trial01.run_holo.3WZE_ASP01A0998_001
2026-09-22 07:28:39 - INFO: step3.py, pbe: ForkPoolWorker-1: Calling delphi to calculate conformer (298/681) ASP01A0998_002 in /tmp/pbe_data.data.home.granepura.5-Kinases.Kinases_MCCE.Trial01.run_holo.3WZE_ASP01A0998_002
2026-09-22 07:28:39 - INFO: step3.py, pbe: ForkPoolWorker-5: Calling delphi to calculate conformer (299/681) ASP02A0998_003 in /tmp/pbe_data.data.home.granepura.5-Kinases.Kinases_MCCE.Trial01.run_holo.3WZE_ASP02A0998_003
2026-09-22 07:28:39 - INFO: step3.py, pbe: ForkPoolWorker-3: Calling delphi to calculate conformer (301/681) ASP-1A0998_005 in /tmp/pbe_data.data.home.granepura.5-Kinases.Kinases_MCCE.Trial01.run_holo.3WZE_ASP-1A0998_005
2026-09-22 07:28:39 - INFO: step3.py, pbe: ForkPoolWorker-4: Calling delphi to calculate conformer (300/681) ASP02A0998_004 in /tmp/pbe_data.data.home.granepura.5-Kinases.Kinases_MCCE.Trial01.run_holo.3WZE_ASP02A0998_004
2026-09-22 07:28:42 - INFO: step3.py, pbe: Skipping PBE solver for non-charge conformer (302/681) PHE01A0999_001...
2026-09-22 07:28:42 - INFO: step3.py, pbe: Skipping PBE solver for non-charge conformer (303/681) LEU01A1000_001...
2026-09-22 07:28:42 - INFO: step3.py, pbe: ForkPoolWorker-2: Calling delphi to calculate conformer (304/681) THR01A1001_001 in /tmp/pbe_data.data.home.granepura.5-Kinases.Kinases_MCCE.Trial01.run_holo.3WZE_THR01A1001_001
2026-09-22 07:28:43 - INFO: step3.py, pbe: ForkPoolWorker-1: Calling delphi to calculate conformer (305/681) THR01A1001_002 in /tmp/pbe_data.data.home.granepura.5-Kinases.Kinases_MCCE.Trial01.run_holo.3WZE_THR01A1001_002
2026-09-22 07:28:43 - INFO: step3.py, pbe: Skipping PBE solver for non-charge conformer (306/681) LEU01A1002_001...
2026-09-22 07:28:44 - INFO: step3.py, pbe: ForkPoolWorker-4: Calling delphi to calculate conformer (308/681) GLU01A1003_002 in /tmp/pbe_data.data.home.granepura.5-Kinases.Kinases_MCCE.Trial01.run_holo.3WZE_GLU01A1003_002
2026-09-22 07:28:44 - INFO: step3.py, pbe: ForkPoolWorker-3: Calling delphi to calculate conformer (307/681) GLU01A1003_001 in /tmp/pbe_data.data.home.granepura.5-Kinases.Kinases_MCCE.Trial01.run_holo.3WZE_GLU01A1003_001
2026-09-22 07:28:44 - INFO: step3.py, pbe: ForkPoolWorker-5: Calling delphi to calculate conformer (309/681) GLU02A1003_003 in /tmp/pbe_data.data.home.granepura.5-Kinases.Kinases_MCCE.Trial01.run_holo.3WZE_GLU02A1003_003
2026-09-22 07:28:47 - INFO: step3.py, pbe: ForkPoolWorker-2: Calling delphi to calculate conformer (310/681) GLU02A1003_004 in /tmp/pbe_data.data.home.granepura.5-Kinases.Kinases_MCCE.Trial01.run_holo.3WZE_GLU02A1003_004
2026-09-22 07:28:48 - INFO: step3.py, pbe: ForkPoolWorker-1: Calling delphi to calculate conformer (311/681) GLU-1A1003_005 in /tmp/pbe_data.data.home.granepura.5-Kinases.Kinases_MCCE.Trial01.run_holo.3WZE_GLU-1A1003_005
2026-09-22 07:28:48 - INFO: step3.py, pbe: ForkPoolWorker-4: Calling delphi to calculate conformer (312/681) HIS01A1004_001 in /tmp/pbe_data.data.home.granepura.5-Kinases.Kinases_MCCE.Trial01.run_holo.3WZE_HIS01A1004_001
2026-09-22 07:28:48 - INFO: step3.py, pbe: ForkPoolWorker-3: Calling delphi to calculate conformer (313/681) HIS01A1004_002 in /tmp/pbe_data.data.home.granepura.5-Kinases.Kinases_MCCE.Trial01.run_holo.3WZE_HIS01A1004_002
2026-09-22 07:28:48 - INFO: step3.py, pbe: ForkPoolWorker-5: Calling delphi to calculate conformer (314/681) HIS02A1004_003 in /tmp/pbe_data.data.home.granepura.5-Kinases.Kinases_MCCE.Trial01.run_holo.3WZE_HIS02A1004_003
2026-09-22 07:28:51 - INFO: step3.py, pbe: ForkPoolWorker-2: Calling delphi to calculate conformer (315/681) HIS02A1004_004 in /tmp/pbe_data.data.home.granepura.5-Kinases.Kinases_MCCE.Trial01.run_holo.3WZE_HIS02A1004_004
2026-09-22 07:28:52 - INFO: step3.py, pbe: ForkPoolWorker-4: Calling delphi to calculate conformer (317/681) HIS+1A1004_006 in /tmp/pbe_data.data.home.granepura.5-Kinases.Kinases_MCCE.Trial01.run_holo.3WZE_HIS+1A1004_006
2026-09-22 07:28:52 - INFO: step3.py, pbe: ForkPoolWorker-1: Calling delphi to calculate conformer (316/681) HIS+1A1004_005 in /tmp/pbe_data.data.home.granepura.5-Kinases.Kinases_MCCE.Trial01.run_holo.3WZE_HIS+1A1004_005
2026-09-22 07:28:52 - INFO: step3.py, pbe: Skipping PBE solver for non-charge conformer (318/681) LEU01A1005_001...
2026-09-22 07:28:52 - INFO: step3.py, pbe: Skipping PBE solver for non-charge conformer (319/681) ILE01A1006_001...
2026-09-22 07:28:52 - INFO: step3.py, pbe: ForkPoolWorker-5: Calling delphi to calculate conformer (320/681) CYS01A1007_001 in /tmp/pbe_data.data.home.granepura.5-Kinases.Kinases_MCCE.Trial01.run_holo.3WZE_CYS01A1007_001
2026-09-22 07:28:52 - INFO: step3.py, pbe: ForkPoolWorker-3: Calling delphi to calculate conformer (321/681) CYS01A1007_002 in /tmp/pbe_data.data.home.granepura.5-Kinases.Kinases_MCCE.Trial01.run_holo.3WZE_CYS01A1007_002
2026-09-22 07:28:55 - INFO: step3.py, pbe: ForkPoolWorker-2: Calling delphi to calculate conformer (322/681) CYS01A1007_003 in /tmp/pbe_data.data.home.granepura.5-Kinases.Kinases_MCCE.Trial01.run_holo.3WZE_CYS01A1007_003
2026-09-22 07:28:56 - INFO: step3.py, pbe: ForkPoolWorker-1: Calling delphi to calculate conformer (323/681) CYS-1A1007_004 in /tmp/pbe_data.data.home.granepura.5-Kinases.Kinases_MCCE.Trial01.run_holo.3WZE_CYS-1A1007_004
2026-09-22 07:28:56 - INFO: step3.py, pbe: ForkPoolWorker-4: Calling delphi to calculate conformer (324/681) TYR01A1008_001 in /tmp/pbe_data.data.home.granepura.5-Kinases.Kinases_MCCE.Trial01.run_holo.3WZE_TYR01A1008_001
2026-09-22 07:28:56 - INFO: step3.py, pbe: ForkPoolWorker-3: Calling delphi to calculate conformer (325/681) TYR01A1008_002 in /tmp/pbe_data.data.home.granepura.5-Kinases.Kinases_MCCE.Trial01.run_holo.3WZE_TYR01A1008_002
2026-09-22 07:28:56 - INFO: step3.py, pbe: ForkPoolWorker-5: Calling delphi to calculate conformer (326/681) TYR01A1008_003 in /tmp/pbe_data.data.home.granepura.5-Kinases.Kinases_MCCE.Trial01.run_holo.3WZE_TYR01A1008_003
2026-09-22 07:28:59 - INFO: step3.py, pbe: ForkPoolWorker-2: Calling delphi to calculate conformer (327/681) TYR01A1008_004 in /tmp/pbe_data.data.home.granepura.5-Kinases.Kinases_MCCE.Trial01.run_holo.3WZE_TYR01A1008_004
2026-09-22 07:29:00 - INFO: step3.py, pbe: ForkPoolWorker-1: Calling delphi to calculate conformer (328/681) TYR-1A1008_005 in /tmp/pbe_data.data.home.granepura.5-Kinases.Kinases_MCCE.Trial01.run_holo.3WZE_TYR-1A1008_005
2026-09-22 07:29:00 - INFO: step3.py, pbe: ForkPoolWorker-4: Calling delphi to calculate conformer (329/681) TYR-1A1008_006 in /tmp/pbe_data.data.home.granepura.5-Kinases.Kinases_MCCE.Trial01.run_holo.3WZE_TYR-1A1008_006
2026-09-22 07:29:00 - INFO: step3.py, pbe: ForkPoolWorker-3: Calling delphi to calculate conformer (330/681) SER01A1009_001 in /tmp/pbe_data.data.home.granepura.5-Kinases.Kinases_MCCE.Trial01.run_holo.3WZE_SER01A1009_001
2026-09-22 07:29:00 - INFO: step3.py, pbe: ForkPoolWorker-5: Calling delphi to calculate conformer (331/681) SER01A1009_002 in /tmp/pbe_data.data.home.granepura.5-Kinases.Kinases_MCCE.Trial01.run_holo.3WZE_SER01A1009_002
2026-09-22 07:29:03 - INFO: step3.py, pbe: Skipping PBE solver for non-charge conformer (332/681) PHE01A1010_001...
2026-09-22 07:29:03 - INFO: step3.py, pbe: ForkPoolWorker-2: Calling delphi to calculate conformer (333/681) GLN01A1011_001 in /tmp/pbe_data.data.home.granepura.5-Kinases.Kinases_MCCE.Trial01.run_holo.3WZE_GLN01A1011_001
2026-09-22 07:29:04 - INFO: step3.py, pbe: ForkPoolWorker-1: Calling delphi to calculate conformer (334/681) GLN01A1011_002 in /tmp/pbe_data.data.home.granepura.5-Kinases.Kinases_MCCE.Trial01.run_holo.3WZE_GLN01A1011_002
2026-09-22 07:29:04 - INFO: step3.py, pbe: Skipping PBE solver for non-charge conformer (335/681) VAL01A1012_001...
2026-09-22 07:29:04 - INFO: step3.py, pbe: Skipping PBE solver for non-charge conformer (336/681) ALA01A1013_001...
2026-09-22 07:29:04 - INFO: step3.py, pbe: ForkPoolWorker-4: Calling delphi to calculate conformer (337/681) LYS01A1014_001 in /tmp/pbe_data.data.home.granepura.5-Kinases.Kinases_MCCE.Trial01.run_holo.3WZE_LYS01A1014_001
2026-09-22 07:29:05 - INFO: step3.py, pbe: ForkPoolWorker-3: Calling delphi to calculate conformer (338/681) LYS+1A1014_002 in /tmp/pbe_data.data.home.granepura.5-Kinases.Kinases_MCCE.Trial01.run_holo.3WZE_LYS+1A1014_002
2026-09-22 07:29:05 - INFO: step3.py, pbe: ForkPoolWorker-5: Calling delphi to calculate conformer (339/681) MET01A1016_001 in /tmp/pbe_data.data.home.granepura.5-Kinases.Kinases_MCCE.Trial01.run_holo.3WZE_MET01A1016_001
2026-09-22 07:29:07 - INFO: step3.py, pbe: ForkPoolWorker-2: Calling delphi to calculate conformer (340/681) GLU01A1017_001 in /tmp/pbe_data.data.home.granepura.5-Kinases.Kinases_MCCE.Trial01.run_holo.3WZE_GLU01A1017_001
2026-09-22 07:29:09 - INFO: step3.py, pbe: ForkPoolWorker-1: Calling delphi to calculate conformer (341/681) GLU01A1017_002 in /tmp/pbe_data.data.home.granepura.5-Kinases.Kinases_MCCE.Trial01.run_holo.3WZE_GLU01A1017_002
2026-09-22 07:29:09 - INFO: step3.py, pbe: ForkPoolWorker-4: Calling delphi to calculate conformer (342/681) GLU02A1017_003 in /tmp/pbe_data.data.home.granepura.5-Kinases.Kinases_MCCE.Trial01.run_holo.3WZE_GLU02A1017_003
2026-09-22 07:29:09 - INFO: step3.py, pbe: ForkPoolWorker-3: Calling delphi to calculate conformer (343/681) GLU02A1017_004 in /tmp/pbe_data.data.home.granepura.5-Kinases.Kinases_MCCE.Trial01.run_holo.3WZE_GLU02A1017_004
2026-09-22 07:29:09 - INFO: step3.py, pbe: ForkPoolWorker-5: Calling delphi to calculate conformer (344/681) GLU-1A1017_005 in /tmp/pbe_data.data.home.granepura.5-Kinases.Kinases_MCCE.Trial01.run_holo.3WZE_GLU-1A1017_005
2026-09-22 07:29:12 - INFO: step3.py, pbe: Skipping PBE solver for non-charge conformer (345/681) PHE01A1018_001...
2026-09-22 07:29:12 - INFO: step3.py, pbe: Skipping PBE solver for non-charge conformer (346/681) LEU01A1019_001...
2026-09-22 07:29:12 - INFO: step3.py, pbe: Skipping PBE solver for non-charge conformer (347/681) ALA01A1020_001...
2026-09-22 07:29:12 - INFO: step3.py, pbe: ForkPoolWorker-2: Calling delphi to calculate conformer (348/681) SER01A1021_001 in /tmp/pbe_data.data.home.granepura.5-Kinases.Kinases_MCCE.Trial01.run_holo.3WZE_SER01A1021_001
2026-09-22 07:29:13 - INFO: step3.py, pbe: ForkPoolWorker-1: Calling delphi to calculate conformer (349/681) SER01A1021_002 in /tmp/pbe_data.data.home.granepura.5-Kinases.Kinases_MCCE.Trial01.run_holo.3WZE_SER01A1021_002
2026-09-22 07:29:13 - INFO: step3.py, pbe: ForkPoolWorker-4: Calling delphi to calculate conformer (350/681) ARG01A1022_001 in /tmp/pbe_data.data.home.granepura.5-Kinases.Kinases_MCCE.Trial01.run_holo.3WZE_ARG01A1022_001
2026-09-22 07:29:13 - INFO: step3.py, pbe: ForkPoolWorker-3: Calling delphi to calculate conformer (351/681) ARG02A1022_002 in /tmp/pbe_data.data.home.granepura.5-Kinases.Kinases_MCCE.Trial01.run_holo.3WZE_ARG02A1022_002
2026-09-22 07:29:13 - INFO: step3.py, pbe: ForkPoolWorker-5: Calling delphi to calculate conformer (352/681) ARG03A1022_003 in /tmp/pbe_data.data.home.granepura.5-Kinases.Kinases_MCCE.Trial01.run_holo.3WZE_ARG03A1022_003
2026-09-22 07:29:16 - INFO: step3.py, pbe: ForkPoolWorker-2: Calling delphi to calculate conformer (353/681) ARG03A1022_004 in /tmp/pbe_data.data.home.granepura.5-Kinases.Kinases_MCCE.Trial01.run_holo.3WZE_ARG03A1022_004
2026-09-22 07:29:17 - INFO: step3.py, pbe: ForkPoolWorker-1: Calling delphi to calculate conformer (354/681) ARG+1A1022_005 in /tmp/pbe_data.data.home.granepura.5-Kinases.Kinases_MCCE.Trial01.run_holo.3WZE_ARG+1A1022_005
2026-09-22 07:29:17 - INFO: step3.py, pbe: ForkPoolWorker-4: Calling delphi to calculate conformer (355/681) LYS01A1023_001 in /tmp/pbe_data.data.home.granepura.5-Kinases.Kinases_MCCE.Trial01.run_holo.3WZE_LYS01A1023_001
2026-09-22 07:29:17 - INFO: step3.py, pbe: ForkPoolWorker-5: Calling delphi to calculate conformer (356/681) LYS+1A1023_002 in /tmp/pbe_data.data.home.granepura.5-Kinases.Kinases_MCCE.Trial01.run_holo.3WZE_LYS+1A1023_002
2026-09-22 07:29:17 - INFO: step3.py, pbe: ForkPoolWorker-3: Calling delphi to calculate conformer (357/681) CYS01A1024_001 in /tmp/pbe_data.data.home.granepura.5-Kinases.Kinases_MCCE.Trial01.run_holo.3WZE_CYS01A1024_001
2026-09-22 07:29:20 - INFO: step3.py, pbe: ForkPoolWorker-2: Calling delphi to calculate conformer (358/681) CYS01A1024_002 in /tmp/pbe_data.data.home.granepura.5-Kinases.Kinases_MCCE.Trial01.run_holo.3WZE_CYS01A1024_002
2026-09-22 07:29:21 - INFO: step3.py, pbe: ForkPoolWorker-1: Calling delphi to calculate conformer (359/681) CYS01A1024_003 in /tmp/pbe_data.data.home.granepura.5-Kinases.Kinases_MCCE.Trial01.run_holo.3WZE_CYS01A1024_003
2026-09-22 07:29:21 - INFO: step3.py, pbe: ForkPoolWorker-5: Calling delphi to calculate conformer (360/681) CYS-1A1024_004 in /tmp/pbe_data.data.home.granepura.5-Kinases.Kinases_MCCE.Trial01.run_holo.3WZE_CYS-1A1024_004
2026-09-22 07:29:21 - INFO: step3.py, pbe: Skipping PBE solver for non-charge conformer (361/681) ILE01A1025_001...
2026-09-22 07:29:21 - INFO: step3.py, pbe: ForkPoolWorker-4: Calling delphi to calculate conformer (362/681) HIS01A1026_001 in /tmp/pbe_data.data.home.granepura.5-Kinases.Kinases_MCCE.Trial01.run_holo.3WZE_HIS01A1026_001
2026-09-22 07:29:21 - INFO: step3.py, pbe: ForkPoolWorker-3: Calling delphi to calculate conformer (363/681) HIS02A1026_002 in /tmp/pbe_data.data.home.granepura.5-Kinases.Kinases_MCCE.Trial01.run_holo.3WZE_HIS02A1026_002
2026-09-22 07:29:24 - INFO: step3.py, pbe: ForkPoolWorker-2: Calling delphi to calculate conformer (364/681) HIS+1A1026_003 in /tmp/pbe_data.data.home.granepura.5-Kinases.Kinases_MCCE.Trial01.run_holo.3WZE_HIS+1A1026_003
2026-09-22 07:29:25 - INFO: step3.py, pbe: ForkPoolWorker-1: Calling delphi to calculate conformer (365/681) ARG01A1027_001 in /tmp/pbe_data.data.home.granepura.5-Kinases.Kinases_MCCE.Trial01.run_holo.3WZE_ARG01A1027_001
2026-09-22 07:29:26 - INFO: step3.py, pbe: ForkPoolWorker-4: Calling delphi to calculate conformer (366/681) ARG02A1027_002 in /tmp/pbe_data.data.home.granepura.5-Kinases.Kinases_MCCE.Trial01.run_holo.3WZE_ARG02A1027_002
2026-09-22 07:29:26 - INFO: step3.py, pbe: ForkPoolWorker-3: Calling delphi to calculate conformer (368/681) ARG+1A1027_004 in /tmp/pbe_data.data.home.granepura.5-Kinases.Kinases_MCCE.Trial01.run_holo.3WZE_ARG+1A1027_004
2026-09-22 07:29:26 - INFO: step3.py, pbe: ForkPoolWorker-5: Calling delphi to calculate conformer (367/681) ARG03A1027_003 in /tmp/pbe_data.data.home.granepura.5-Kinases.Kinases_MCCE.Trial01.run_holo.3WZE_ARG03A1027_003
2026-09-22 07:29:29 - INFO: step3.py, pbe: ForkPoolWorker-2: Calling delphi to calculate conformer (369/681) ASP01A1028_001 in /tmp/pbe_data.data.home.granepura.5-Kinases.Kinases_MCCE.Trial01.run_holo.3WZE_ASP01A1028_001
2026-09-22 07:29:30 - INFO: step3.py, pbe: ForkPoolWorker-1: Calling delphi to calculate conformer (370/681) ASP01A1028_002 in /tmp/pbe_data.data.home.granepura.5-Kinases.Kinases_MCCE.Trial01.run_holo.3WZE_ASP01A1028_002
2026-09-22 07:29:30 - INFO: step3.py, pbe: ForkPoolWorker-4: Calling delphi to calculate conformer (371/681) ASP02A1028_003 in /tmp/pbe_data.data.home.granepura.5-Kinases.Kinases_MCCE.Trial01.run_holo.3WZE_ASP02A1028_003
2026-09-22 07:29:30 - INFO: step3.py, pbe: ForkPoolWorker-5: Calling delphi to calculate conformer (372/681) ASP02A1028_004 in /tmp/pbe_data.data.home.granepura.5-Kinases.Kinases_MCCE.Trial01.run_holo.3WZE_ASP02A1028_004
2026-09-22 07:29:30 - INFO: step3.py, pbe: ForkPoolWorker-3: Calling delphi to calculate conformer (373/681) ASP-1A1028_005 in /tmp/pbe_data.data.home.granepura.5-Kinases.Kinases_MCCE.Trial01.run_holo.3WZE_ASP-1A1028_005
2026-09-22 07:29:33 - INFO: step3.py, pbe: Skipping PBE solver for non-charge conformer (374/681) LEU01A1029_001...
2026-09-22 07:29:33 - INFO: step3.py, pbe: Skipping PBE solver for non-charge conformer (375/681) ALA01A1030_001...
2026-09-22 07:29:33 - INFO: step3.py, pbe: Skipping PBE solver for non-charge conformer (376/681) ALA01A1031_001...
2026-09-22 07:29:33 - INFO: step3.py, pbe: ForkPoolWorker-2: Calling delphi to calculate conformer (377/681) ARG01A1032_001 in /tmp/pbe_data.data.home.granepura.5-Kinases.Kinases_MCCE.Trial01.run_holo.3WZE_ARG01A1032_001
2026-09-22 07:29:34 - INFO: step3.py, pbe: ForkPoolWorker-1: Calling delphi to calculate conformer (378/681) ARG02A1032_002 in /tmp/pbe_data.data.home.granepura.5-Kinases.Kinases_MCCE.Trial01.run_holo.3WZE_ARG02A1032_002
2026-09-22 07:29:34 - INFO: step3.py, pbe: ForkPoolWorker-4: Calling delphi to calculate conformer (379/681) ARG02A1032_003 in /tmp/pbe_data.data.home.granepura.5-Kinases.Kinases_MCCE.Trial01.run_holo.3WZE_ARG02A1032_003
2026-09-22 07:29:34 - INFO: step3.py, pbe: ForkPoolWorker-5: Calling delphi to calculate conformer (380/681) ARG03A1032_004 in /tmp/pbe_data.data.home.granepura.5-Kinases.Kinases_MCCE.Trial01.run_holo.3WZE_ARG03A1032_004
2026-09-22 07:29:34 - INFO: step3.py, pbe: ForkPoolWorker-3: Calling delphi to calculate conformer (381/681) ARG03A1032_005 in /tmp/pbe_data.data.home.granepura.5-Kinases.Kinases_MCCE.Trial01.run_holo.3WZE_ARG03A1032_005
2026-09-22 07:29:37 - INFO: step3.py, pbe: ForkPoolWorker-2: Calling delphi to calculate conformer (382/681) ARG+1A1032_006 in /tmp/pbe_data.data.home.granepura.5-Kinases.Kinases_MCCE.Trial01.run_holo.3WZE_ARG+1A1032_006
2026-09-22 07:29:38 - INFO: step3.py, pbe: ForkPoolWorker-1: Calling delphi to calculate conformer (383/681) ASN01A1033_001 in /tmp/pbe_data.data.home.granepura.5-Kinases.Kinases_MCCE.Trial01.run_holo.3WZE_ASN01A1033_001
2026-09-22 07:29:38 - INFO: step3.py, pbe: ForkPoolWorker-4: Calling delphi to calculate conformer (384/681) ASN01A1033_002 in /tmp/pbe_data.data.home.granepura.5-Kinases.Kinases_MCCE.Trial01.run_holo.3WZE_ASN01A1033_002
2026-09-22 07:29:38 - INFO: step3.py, pbe: Skipping PBE solver for non-charge conformer (385/681) ILE01A1034_001...
2026-09-22 07:29:38 - INFO: step3.py, pbe: Skipping PBE solver for non-charge conformer (386/681) LEU01A1035_001...
2026-09-22 07:29:38 - INFO: step3.py, pbe: Skipping PBE solver for non-charge conformer (387/681) LEU01A1036_001...
2026-09-22 07:29:38 - INFO: step3.py, pbe: ForkPoolWorker-5: Calling delphi to calculate conformer (388/681) SER01A1037_001 in /tmp/pbe_data.data.home.granepura.5-Kinases.Kinases_MCCE.Trial01.run_holo.3WZE_SER01A1037_001
2026-09-22 07:29:39 - INFO: step3.py, pbe: ForkPoolWorker-3: Calling delphi to calculate conformer (389/681) SER01A1037_002 in /tmp/pbe_data.data.home.granepura.5-Kinases.Kinases_MCCE.Trial01.run_holo.3WZE_SER01A1037_002
2026-09-22 07:29:41 - INFO: step3.py, pbe: ForkPoolWorker-2: Calling delphi to calculate conformer (390/681) GLU01A1038_001 in /tmp/pbe_data.data.home.granepura.5-Kinases.Kinases_MCCE.Trial01.run_holo.3WZE_GLU01A1038_001
2026-09-22 07:29:43 - INFO: step3.py, pbe: ForkPoolWorker-1: Calling delphi to calculate conformer (391/681) GLU01A1038_002 in /tmp/pbe_data.data.home.granepura.5-Kinases.Kinases_MCCE.Trial01.run_holo.3WZE_GLU01A1038_002
2026-09-22 07:29:43 - INFO: step3.py, pbe: ForkPoolWorker-4: Calling delphi to calculate conformer (392/681) GLU02A1038_003 in /tmp/pbe_data.data.home.granepura.5-Kinases.Kinases_MCCE.Trial01.run_holo.3WZE_GLU02A1038_003
2026-09-22 07:29:43 - INFO: step3.py, pbe: ForkPoolWorker-5: Calling delphi to calculate conformer (393/681) GLU02A1038_004 in /tmp/pbe_data.data.home.granepura.5-Kinases.Kinases_MCCE.Trial01.run_holo.3WZE_GLU02A1038_004
2026-09-22 07:29:43 - INFO: step3.py, pbe: ForkPoolWorker-3: Calling delphi to calculate conformer (394/681) GLU-1A1038_005 in /tmp/pbe_data.data.home.granepura.5-Kinases.Kinases_MCCE.Trial01.run_holo.3WZE_GLU-1A1038_005
2026-09-22 07:29:45 - INFO: step3.py, pbe: ForkPoolWorker-2: Calling delphi to calculate conformer (395/681) LYS01A1039_001 in /tmp/pbe_data.data.home.granepura.5-Kinases.Kinases_MCCE.Trial01.run_holo.3WZE_LYS01A1039_001
2026-09-22 07:29:47 - INFO: step3.py, pbe: ForkPoolWorker-1: Calling delphi to calculate conformer (396/681) LYS+1A1039_002 in /tmp/pbe_data.data.home.granepura.5-Kinases.Kinases_MCCE.Trial01.run_holo.3WZE_LYS+1A1039_002
2026-09-22 07:29:47 - INFO: step3.py, pbe: ForkPoolWorker-5: Calling delphi to calculate conformer (397/681) ASN01A1040_001 in /tmp/pbe_data.data.home.granepura.5-Kinases.Kinases_MCCE.Trial01.run_holo.3WZE_ASN01A1040_001
2026-09-22 07:29:47 - INFO: step3.py, pbe: ForkPoolWorker-4: Calling delphi to calculate conformer (398/681) ASN01A1040_002 in /tmp/pbe_data.data.home.granepura.5-Kinases.Kinases_MCCE.Trial01.run_holo.3WZE_ASN01A1040_002
2026-09-22 07:29:47 - INFO: step3.py, pbe: ForkPoolWorker-3: Calling delphi to calculate conformer (399/681) ASN01A1040_003 in /tmp/pbe_data.data.home.granepura.5-Kinases.Kinases_MCCE.Trial01.run_holo.3WZE_ASN01A1040_003
2026-09-22 07:29:49 - INFO: step3.py, pbe: ForkPoolWorker-2: Calling delphi to calculate conformer (400/681) ASN01A1040_004 in /tmp/pbe_data.data.home.granepura.5-Kinases.Kinases_MCCE.Trial01.run_holo.3WZE_ASN01A1040_004
2026-09-22 07:29:51 - INFO: step3.py, pbe: Skipping PBE solver for non-charge conformer (401/681) VAL01A1041_001...
2026-09-22 07:29:51 - INFO: step3.py, pbe: Skipping PBE solver for non-charge conformer (402/681) VAL01A1042_001...
2026-09-22 07:29:51 - INFO: step3.py, pbe: ForkPoolWorker-1: Calling delphi to calculate conformer (403/681) LYS01A1043_001 in /tmp/pbe_data.data.home.granepura.5-Kinases.Kinases_MCCE.Trial01.run_holo.3WZE_LYS01A1043_001
2026-09-22 07:29:51 - INFO: step3.py, pbe: ForkPoolWorker-5: Calling delphi to calculate conformer (404/681) LYS+1A1043_002 in /tmp/pbe_data.data.home.granepura.5-Kinases.Kinases_MCCE.Trial01.run_holo.3WZE_LYS+1A1043_002
2026-09-22 07:29:51 - INFO: step3.py, pbe: Skipping PBE solver for non-charge conformer (405/681) ILE01A1044_001...
2026-09-22 07:29:51 - INFO: step3.py, pbe: ForkPoolWorker-4: Calling delphi to calculate conformer (406/681) CYS01A1045_001 in /tmp/pbe_data.data.home.granepura.5-Kinases.Kinases_MCCE.Trial01.run_holo.3WZE_CYS01A1045_001
2026-09-22 07:29:51 - INFO: step3.py, pbe: ForkPoolWorker-3: Calling delphi to calculate conformer (407/681) CYS01A1045_002 in /tmp/pbe_data.data.home.granepura.5-Kinases.Kinases_MCCE.Trial01.run_holo.3WZE_CYS01A1045_002
2026-09-22 07:29:54 - INFO: step3.py, pbe: ForkPoolWorker-2: Calling delphi to calculate conformer (408/681) CYS01A1045_003 in /tmp/pbe_data.data.home.granepura.5-Kinases.Kinases_MCCE.Trial01.run_holo.3WZE_CYS01A1045_003
2026-09-22 07:29:55 - INFO: step3.py, pbe: ForkPoolWorker-1: Calling delphi to calculate conformer (409/681) CYS-1A1045_004 in /tmp/pbe_data.data.home.granepura.5-Kinases.Kinases_MCCE.Trial01.run_holo.3WZE_CYS-1A1045_004
2026-09-22 07:29:55 - INFO: step3.py, pbe: ForkPoolWorker-5: Calling delphi to calculate conformer (410/681) ASP01A1046_001 in /tmp/pbe_data.data.home.granepura.5-Kinases.Kinases_MCCE.Trial01.run_holo.3WZE_ASP01A1046_001
2026-09-22 07:29:55 - INFO: step3.py, pbe: ForkPoolWorker-4: Calling delphi to calculate conformer (411/681) ASP01A1046_002 in /tmp/pbe_data.data.home.granepura.5-Kinases.Kinases_MCCE.Trial01.run_holo.3WZE_ASP01A1046_002
2026-09-22 07:29:55 - INFO: step3.py, pbe: ForkPoolWorker-3: Calling delphi to calculate conformer (412/681) ASP02A1046_003 in /tmp/pbe_data.data.home.granepura.5-Kinases.Kinases_MCCE.Trial01.run_holo.3WZE_ASP02A1046_003
2026-09-22 07:29:58 - INFO: step3.py, pbe: ForkPoolWorker-2: Calling delphi to calculate conformer (413/681) ASP02A1046_004 in /tmp/pbe_data.data.home.granepura.5-Kinases.Kinases_MCCE.Trial01.run_holo.3WZE_ASP02A1046_004
2026-09-22 07:29:59 - INFO: step3.py, pbe: ForkPoolWorker-1: Calling delphi to calculate conformer (414/681) ASP-1A1046_005 in /tmp/pbe_data.data.home.granepura.5-Kinases.Kinases_MCCE.Trial01.run_holo.3WZE_ASP-1A1046_005
2026-09-22 07:29:59 - INFO: step3.py, pbe: Skipping PBE solver for non-charge conformer (415/681) PHE01A1047_001...
2026-09-22 07:29:59 - INFO: step3.py, pbe: Skipping PBE solver for non-charge conformer (416/681) LEU01A1049_001...
2026-09-22 07:29:59 - INFO: step3.py, pbe: ForkPoolWorker-5: Calling delphi to calculate conformer (418/681) ARG01A1051_001 in /tmp/pbe_data.data.home.granepura.5-Kinases.Kinases_MCCE.Trial01.run_holo.3WZE_ARG01A1051_001
2026-09-22 07:29:59 - INFO: step3.py, pbe: Skipping PBE solver for non-charge conformer (417/681) ALA01A1050_001...
2026-09-22 07:29:59 - INFO: step3.py, pbe: ForkPoolWorker-4: Calling delphi to calculate conformer (419/681) ARG02A1051_002 in /tmp/pbe_data.data.home.granepura.5-Kinases.Kinases_MCCE.Trial01.run_holo.3WZE_ARG02A1051_002
2026-09-22 07:29:59 - INFO: step3.py, pbe: ForkPoolWorker-3: Calling delphi to calculate conformer (420/681) ARG03A1051_003 in /tmp/pbe_data.data.home.granepura.5-Kinases.Kinases_MCCE.Trial01.run_holo.3WZE_ARG03A1051_003
2026-09-22 07:30:02 - INFO: step3.py, pbe: ForkPoolWorker-2: Calling delphi to calculate conformer (421/681) ARG03A1051_004 in /tmp/pbe_data.data.home.granepura.5-Kinases.Kinases_MCCE.Trial01.run_holo.3WZE_ARG03A1051_004
2026-09-22 07:30:03 - INFO: step3.py, pbe: ForkPoolWorker-1: Calling delphi to calculate conformer (422/681) ARG+1A1051_005 in /tmp/pbe_data.data.home.granepura.5-Kinases.Kinases_MCCE.Trial01.run_holo.3WZE_ARG+1A1051_005
2026-09-22 07:30:04 - INFO: step3.py, pbe: ForkPoolWorker-5: Calling delphi to calculate conformer (423/681) ASP01A1052_001 in /tmp/pbe_data.data.home.granepura.5-Kinases.Kinases_MCCE.Trial01.run_holo.3WZE_ASP01A1052_001
2026-09-22 07:30:04 - INFO: step3.py, pbe: ForkPoolWorker-4: Calling delphi to calculate conformer (424/681) ASP01A1052_002 in /tmp/pbe_data.data.home.granepura.5-Kinases.Kinases_MCCE.Trial01.run_holo.3WZE_ASP01A1052_002
2026-09-22 07:30:04 - INFO: step3.py, pbe: ForkPoolWorker-3: Calling delphi to calculate conformer (425/681) ASP02A1052_003 in /tmp/pbe_data.data.home.granepura.5-Kinases.Kinases_MCCE.Trial01.run_holo.3WZE_ASP02A1052_003
2026-09-22 07:30:06 - INFO: step3.py, pbe: ForkPoolWorker-2: Calling delphi to calculate conformer (426/681) ASP02A1052_004 in /tmp/pbe_data.data.home.granepura.5-Kinases.Kinases_MCCE.Trial01.run_holo.3WZE_ASP02A1052_004
2026-09-22 07:30:07 - INFO: step3.py, pbe: ForkPoolWorker-1: Calling delphi to calculate conformer (427/681) ASP-1A1052_005 in /tmp/pbe_data.data.home.granepura.5-Kinases.Kinases_MCCE.Trial01.run_holo.3WZE_ASP-1A1052_005
2026-09-22 07:30:08 - INFO: step3.py, pbe: Skipping PBE solver for non-charge conformer (428/681) ILE01A1053_001...
2026-09-22 07:30:08 - INFO: step3.py, pbe: ForkPoolWorker-4: Calling delphi to calculate conformer (429/681) TYR01A1054_001 in /tmp/pbe_data.data.home.granepura.5-Kinases.Kinases_MCCE.Trial01.run_holo.3WZE_TYR01A1054_001
2026-09-22 07:30:08 - INFO: step3.py, pbe: ForkPoolWorker-5: Calling delphi to calculate conformer (430/681) TYR-1A1054_002 in /tmp/pbe_data.data.home.granepura.5-Kinases.Kinases_MCCE.Trial01.run_holo.3WZE_TYR-1A1054_002
2026-09-22 07:30:08 - INFO: step3.py, pbe: ForkPoolWorker-3: Calling delphi to calculate conformer (431/681) LYS01A1055_001 in /tmp/pbe_data.data.home.granepura.5-Kinases.Kinases_MCCE.Trial01.run_holo.3WZE_LYS01A1055_001
2026-09-22 07:30:10 - INFO: step3.py, pbe: ForkPoolWorker-2: Calling delphi to calculate conformer (432/681) LYS+1A1055_002 in /tmp/pbe_data.data.home.granepura.5-Kinases.Kinases_MCCE.Trial01.run_holo.3WZE_LYS+1A1055_002
2026-09-22 07:30:12 - INFO: step3.py, pbe: ForkPoolWorker-1: Calling delphi to calculate conformer (433/681) ASP01A1056_001 in /tmp/pbe_data.data.home.granepura.5-Kinases.Kinases_MCCE.Trial01.run_holo.3WZE_ASP01A1056_001
2026-09-22 07:30:12 - INFO: step3.py, pbe: ForkPoolWorker-5: Calling delphi to calculate conformer (434/681) ASP01A1056_002 in /tmp/pbe_data.data.home.granepura.5-Kinases.Kinases_MCCE.Trial01.run_holo.3WZE_ASP01A1056_002
2026-09-22 07:30:12 - INFO: step3.py, pbe: ForkPoolWorker-3: Calling delphi to calculate conformer (435/681) ASP02A1056_003 in /tmp/pbe_data.data.home.granepura.5-Kinases.Kinases_MCCE.Trial01.run_holo.3WZE_ASP02A1056_003
2026-09-22 07:30:12 - INFO: step3.py, pbe: ForkPoolWorker-4: Calling delphi to calculate conformer (436/681) ASP02A1056_004 in /tmp/pbe_data.data.home.granepura.5-Kinases.Kinases_MCCE.Trial01.run_holo.3WZE_ASP02A1056_004
2026-09-22 07:30:14 - INFO: step3.py, pbe: ForkPoolWorker-2: Calling delphi to calculate conformer (437/681) ASP-1A1056_005 in /tmp/pbe_data.data.home.granepura.5-Kinases.Kinases_MCCE.Trial01.run_holo.3WZE_ASP-1A1056_005
2026-09-22 07:30:16 - INFO: step3.py, pbe: Skipping PBE solver for non-charge conformer (438/681) PRO01A1057_001...
2026-09-22 07:30:16 - INFO: step3.py, pbe: ForkPoolWorker-1: Calling delphi to calculate conformer (439/681) ASP01A1058_001 in /tmp/pbe_data.data.home.granepura.5-Kinases.Kinases_MCCE.Trial01.run_holo.3WZE_ASP01A1058_001
2026-09-22 07:30:16 - INFO: step3.py, pbe: ForkPoolWorker-5: Calling delphi to calculate conformer (440/681) ASP01A1058_002 in /tmp/pbe_data.data.home.granepura.5-Kinases.Kinases_MCCE.Trial01.run_holo.3WZE_ASP01A1058_002
2026-09-22 07:30:16 - INFO: step3.py, pbe: ForkPoolWorker-4: Calling delphi to calculate conformer (441/681) ASP02A1058_003 in /tmp/pbe_data.data.home.granepura.5-Kinases.Kinases_MCCE.Trial01.run_holo.3WZE_ASP02A1058_003
2026-09-22 07:30:16 - INFO: step3.py, pbe: ForkPoolWorker-3: Calling delphi to calculate conformer (442/681) ASP02A1058_004 in /tmp/pbe_data.data.home.granepura.5-Kinases.Kinases_MCCE.Trial01.run_holo.3WZE_ASP02A1058_004
2026-09-22 07:30:18 - INFO: step3.py, pbe: ForkPoolWorker-2: Calling delphi to calculate conformer (443/681) ASP-1A1058_005 in /tmp/pbe_data.data.home.granepura.5-Kinases.Kinases_MCCE.Trial01.run_holo.3WZE_ASP-1A1058_005
2026-09-22 07:30:20 - INFO: step3.py, pbe: ForkPoolWorker-1: Calling delphi to calculate conformer (444/681) TYR01A1059_001 in /tmp/pbe_data.data.home.granepura.5-Kinases.Kinases_MCCE.Trial01.run_holo.3WZE_TYR01A1059_001
2026-09-22 07:30:20 - INFO: step3.py, pbe: ForkPoolWorker-5: Calling delphi to calculate conformer (445/681) TYR01A1059_002 in /tmp/pbe_data.data.home.granepura.5-Kinases.Kinases_MCCE.Trial01.run_holo.3WZE_TYR01A1059_002
2026-09-22 07:30:20 - INFO: step3.py, pbe: ForkPoolWorker-3: Calling delphi to calculate conformer (446/681) TYR-1A1059_003 in /tmp/pbe_data.data.home.granepura.5-Kinases.Kinases_MCCE.Trial01.run_holo.3WZE_TYR-1A1059_003
2026-09-22 07:30:20 - INFO: step3.py, pbe: Skipping PBE solver for non-charge conformer (447/681) VAL01A1060_001...
2026-09-22 07:30:20 - INFO: step3.py, pbe: ForkPoolWorker-4: Calling delphi to calculate conformer (448/681) ARG01A1061_001 in /tmp/pbe_data.data.home.granepura.5-Kinases.Kinases_MCCE.Trial01.run_holo.3WZE_ARG01A1061_001
2026-09-22 07:30:22 - INFO: step3.py, pbe: ForkPoolWorker-2: Calling delphi to calculate conformer (449/681) ARG02A1061_002 in /tmp/pbe_data.data.home.granepura.5-Kinases.Kinases_MCCE.Trial01.run_holo.3WZE_ARG02A1061_002
2026-09-22 07:30:24 - INFO: step3.py, pbe: ForkPoolWorker-1: Calling delphi to calculate conformer (450/681) ARG03A1061_003 in /tmp/pbe_data.data.home.granepura.5-Kinases.Kinases_MCCE.Trial01.run_holo.3WZE_ARG03A1061_003
2026-09-22 07:30:24 - INFO: step3.py, pbe: ForkPoolWorker-5: Calling delphi to calculate conformer (451/681) ARG+1A1061_004 in /tmp/pbe_data.data.home.granepura.5-Kinases.Kinases_MCCE.Trial01.run_holo.3WZE_ARG+1A1061_004
2026-09-22 07:30:24 - INFO: step3.py, pbe: ForkPoolWorker-3: Calling delphi to calculate conformer (453/681) LYS+1A1062_002 in /tmp/pbe_data.data.home.granepura.5-Kinases.Kinases_MCCE.Trial01.run_holo.3WZE_LYS+1A1062_002
2026-09-22 07:30:24 - INFO: step3.py, pbe: ForkPoolWorker-4: Calling delphi to calculate conformer (452/681) LYS01A1062_001 in /tmp/pbe_data.data.home.granepura.5-Kinases.Kinases_MCCE.Trial01.run_holo.3WZE_LYS01A1062_001
2026-09-22 07:30:27 - INFO: step3.py, pbe: Skipping PBE solver for non-charge conformer (454/681) ALA01A1065_001...
2026-09-22 07:30:27 - INFO: step3.py, pbe: ForkPoolWorker-2: Calling delphi to calculate conformer (455/681) ARG01A1066_001 in /tmp/pbe_data.data.home.granepura.5-Kinases.Kinases_MCCE.Trial01.run_holo.3WZE_ARG01A1066_001
2026-09-22 07:30:28 - INFO: step3.py, pbe: ForkPoolWorker-1: Calling delphi to calculate conformer (456/681) ARG02A1066_002 in /tmp/pbe_data.data.home.granepura.5-Kinases.Kinases_MCCE.Trial01.run_holo.3WZE_ARG02A1066_002
2026-09-22 07:30:28 - INFO: step3.py, pbe: ForkPoolWorker-5: Calling delphi to calculate conformer (457/681) ARG03A1066_003 in /tmp/pbe_data.data.home.granepura.5-Kinases.Kinases_MCCE.Trial01.run_holo.3WZE_ARG03A1066_003
2026-09-22 07:30:28 - INFO: step3.py, pbe: ForkPoolWorker-3: Calling delphi to calculate conformer (458/681) ARG+1A1066_004 in /tmp/pbe_data.data.home.granepura.5-Kinases.Kinases_MCCE.Trial01.run_holo.3WZE_ARG+1A1066_004
2026-09-22 07:30:28 - INFO: step3.py, pbe: Skipping PBE solver for non-charge conformer (459/681) LEU01A1067_001...
2026-09-22 07:30:28 - INFO: step3.py, pbe: Skipping PBE solver for non-charge conformer (460/681) PRO01A1068_001...
2026-09-22 07:30:28 - INFO: step3.py, pbe: Skipping PBE solver for non-charge conformer (461/681) LEU01A1069_001...
2026-09-22 07:30:28 - INFO: step3.py, pbe: ForkPoolWorker-4: Calling delphi to calculate conformer (462/681) LYS01A1070_001 in /tmp/pbe_data.data.home.granepura.5-Kinases.Kinases_MCCE.Trial01.run_holo.3WZE_LYS01A1070_001
2026-09-22 07:30:31 - INFO: step3.py, pbe: ForkPoolWorker-2: Calling delphi to calculate conformer (463/681) LYS+1A1070_002 in /tmp/pbe_data.data.home.granepura.5-Kinases.Kinases_MCCE.Trial01.run_holo.3WZE_LYS+1A1070_002
2026-09-22 07:30:32 - INFO: step3.py, pbe: Skipping PBE solver for non-charge conformer (464/681) TRP01A1071_001...
2026-09-22 07:30:32 - INFO: step3.py, pbe: ForkPoolWorker-1: Calling delphi to calculate conformer (465/681) MET01A1072_001 in /tmp/pbe_data.data.home.granepura.5-Kinases.Kinases_MCCE.Trial01.run_holo.3WZE_MET01A1072_001
2026-09-22 07:30:32 - INFO: step3.py, pbe: Skipping PBE solver for non-charge conformer (466/681) ALA01A1073_001...
2026-09-22 07:30:32 - INFO: step3.py, pbe: Skipping PBE solver for non-charge conformer (467/681) PRO01A1074_001...
2026-09-22 07:30:32 - INFO: step3.py, pbe: ForkPoolWorker-5: Calling delphi to calculate conformer (468/681) GLU01A1075_001 in /tmp/pbe_data.data.home.granepura.5-Kinases.Kinases_MCCE.Trial01.run_holo.3WZE_GLU01A1075_001
2026-09-22 07:30:33 - INFO: step3.py, pbe: ForkPoolWorker-3: Calling delphi to calculate conformer (469/681) GLU01A1075_002 in /tmp/pbe_data.data.home.granepura.5-Kinases.Kinases_MCCE.Trial01.run_holo.3WZE_GLU01A1075_002
2026-09-22 07:30:33 - INFO: step3.py, pbe: ForkPoolWorker-4: Calling delphi to calculate conformer (470/681) GLU02A1075_003 in /tmp/pbe_data.data.home.granepura.5-Kinases.Kinases_MCCE.Trial01.run_holo.3WZE_GLU02A1075_003
2026-09-22 07:30:35 - INFO: step3.py, pbe: ForkPoolWorker-2: Calling delphi to calculate conformer (471/681) GLU02A1075_004 in /tmp/pbe_data.data.home.granepura.5-Kinases.Kinases_MCCE.Trial01.run_holo.3WZE_GLU02A1075_004
2026-09-22 07:30:36 - INFO: step3.py, pbe: ForkPoolWorker-1: Calling delphi to calculate conformer (472/681) GLU-1A1075_005 in /tmp/pbe_data.data.home.granepura.5-Kinases.Kinases_MCCE.Trial01.run_holo.3WZE_GLU-1A1075_005
2026-09-22 07:30:37 - INFO: step3.py, pbe: ForkPoolWorker-5: Calling delphi to calculate conformer (473/681) THR01A1076_001 in /tmp/pbe_data.data.home.granepura.5-Kinases.Kinases_MCCE.Trial01.run_holo.3WZE_THR01A1076_001
2026-09-22 07:30:37 - INFO: step3.py, pbe: ForkPoolWorker-3: Calling delphi to calculate conformer (474/681) THR01A1076_002 in /tmp/pbe_data.data.home.granepura.5-Kinases.Kinases_MCCE.Trial01.run_holo.3WZE_THR01A1076_002
2026-09-22 07:30:37 - INFO: step3.py, pbe: ForkPoolWorker-4: Calling delphi to calculate conformer (475/681) THR01A1076_003 in /tmp/pbe_data.data.home.granepura.5-Kinases.Kinases_MCCE.Trial01.run_holo.3WZE_THR01A1076_003
2026-09-22 07:30:39 - INFO: step3.py, pbe: Skipping PBE solver for non-charge conformer (476/681) ILE01A1077_001...
2026-09-22 07:30:39 - INFO: step3.py, pbe: Skipping PBE solver for non-charge conformer (477/681) PHE01A1078_001...
2026-09-22 07:30:39 - INFO: step3.py, pbe: ForkPoolWorker-2: Calling delphi to calculate conformer (478/681) ASP01A1079_001 in /tmp/pbe_data.data.home.granepura.5-Kinases.Kinases_MCCE.Trial01.run_holo.3WZE_ASP01A1079_001
2026-09-22 07:30:40 - INFO: step3.py, pbe: ForkPoolWorker-1: Calling delphi to calculate conformer (479/681) ASP01A1079_002 in /tmp/pbe_data.data.home.granepura.5-Kinases.Kinases_MCCE.Trial01.run_holo.3WZE_ASP01A1079_002
2026-09-22 07:30:41 - INFO: step3.py, pbe: ForkPoolWorker-5: Calling delphi to calculate conformer (480/681) ASP02A1079_003 in /tmp/pbe_data.data.home.granepura.5-Kinases.Kinases_MCCE.Trial01.run_holo.3WZE_ASP02A1079_003
2026-09-22 07:30:41 - INFO: step3.py, pbe: ForkPoolWorker-3: Calling delphi to calculate conformer (481/681) ASP02A1079_004 in /tmp/pbe_data.data.home.granepura.5-Kinases.Kinases_MCCE.Trial01.run_holo.3WZE_ASP02A1079_004
2026-09-22 07:30:41 - INFO: step3.py, pbe: ForkPoolWorker-4: Calling delphi to calculate conformer (482/681) ASP-1A1079_005 in /tmp/pbe_data.data.home.granepura.5-Kinases.Kinases_MCCE.Trial01.run_holo.3WZE_ASP-1A1079_005
2026-09-22 07:30:43 - INFO: step3.py, pbe: ForkPoolWorker-2: Calling delphi to calculate conformer (483/681) ARG01A1080_001 in /tmp/pbe_data.data.home.granepura.5-Kinases.Kinases_MCCE.Trial01.run_holo.3WZE_ARG01A1080_001
2026-09-22 07:30:45 - INFO: step3.py, pbe: ForkPoolWorker-1: Calling delphi to calculate conformer (484/681) ARG02A1080_002 in /tmp/pbe_data.data.home.granepura.5-Kinases.Kinases_MCCE.Trial01.run_holo.3WZE_ARG02A1080_002
2026-09-22 07:30:45 - INFO: step3.py, pbe: ForkPoolWorker-5: Calling delphi to calculate conformer (485/681) ARG03A1080_003 in /tmp/pbe_data.data.home.granepura.5-Kinases.Kinases_MCCE.Trial01.run_holo.3WZE_ARG03A1080_003
2026-09-22 07:30:45 - INFO: step3.py, pbe: ForkPoolWorker-3: Calling delphi to calculate conformer (486/681) ARG+1A1080_004 in /tmp/pbe_data.data.home.granepura.5-Kinases.Kinases_MCCE.Trial01.run_holo.3WZE_ARG+1A1080_004
2026-09-22 07:30:45 - INFO: step3.py, pbe: Skipping PBE solver for non-charge conformer (487/681) VAL01A1081_001...
2026-09-22 07:30:45 - INFO: step3.py, pbe: ForkPoolWorker-4: Calling delphi to calculate conformer (488/681) TYR01A1082_001 in /tmp/pbe_data.data.home.granepura.5-Kinases.Kinases_MCCE.Trial01.run_holo.3WZE_TYR01A1082_001
2026-09-22 07:30:47 - INFO: step3.py, pbe: ForkPoolWorker-2: Calling delphi to calculate conformer (489/681) TYR-1A1082_002 in /tmp/pbe_data.data.home.granepura.5-Kinases.Kinases_MCCE.Trial01.run_holo.3WZE_TYR-1A1082_002
2026-09-22 07:30:49 - INFO: step3.py, pbe: ForkPoolWorker-1: Calling delphi to calculate conformer (490/681) THR01A1083_001 in /tmp/pbe_data.data.home.granepura.5-Kinases.Kinases_MCCE.Trial01.run_holo.3WZE_THR01A1083_001
2026-09-22 07:30:49 - INFO: step3.py, pbe: ForkPoolWorker-5: Calling delphi to calculate conformer (491/681) THR01A1083_002 in /tmp/pbe_data.data.home.granepura.5-Kinases.Kinases_MCCE.Trial01.run_holo.3WZE_THR01A1083_002
2026-09-22 07:30:49 - INFO: step3.py, pbe: Skipping PBE solver for non-charge conformer (492/681) ILE01A1084_001...
2026-09-22 07:30:49 - INFO: step3.py, pbe: ForkPoolWorker-3: Calling delphi to calculate conformer (493/681) GLN01A1085_001 in /tmp/pbe_data.data.home.granepura.5-Kinases.Kinases_MCCE.Trial01.run_holo.3WZE_GLN01A1085_001
2026-09-22 07:30:49 - INFO: step3.py, pbe: ForkPoolWorker-4: Calling delphi to calculate conformer (494/681) GLN01A1085_002 in /tmp/pbe_data.data.home.granepura.5-Kinases.Kinases_MCCE.Trial01.run_holo.3WZE_GLN01A1085_002
2026-09-22 07:30:51 - INFO: step3.py, pbe: ForkPoolWorker-2: Calling delphi to calculate conformer (495/681) SER01A1086_001 in /tmp/pbe_data.data.home.granepura.5-Kinases.Kinases_MCCE.Trial01.run_holo.3WZE_SER01A1086_001
2026-09-22 07:30:53 - INFO: step3.py, pbe: ForkPoolWorker-1: Calling delphi to calculate conformer (496/681) ASP01A1087_001 in /tmp/pbe_data.data.home.granepura.5-Kinases.Kinases_MCCE.Trial01.run_holo.3WZE_ASP01A1087_001
2026-09-22 07:30:53 - INFO: step3.py, pbe: ForkPoolWorker-5: Calling delphi to calculate conformer (497/681) ASP01A1087_002 in /tmp/pbe_data.data.home.granepura.5-Kinases.Kinases_MCCE.Trial01.run_holo.3WZE_ASP01A1087_002
2026-09-22 07:30:53 - INFO: step3.py, pbe: ForkPoolWorker-3: Calling delphi to calculate conformer (498/681) ASP02A1087_003 in /tmp/pbe_data.data.home.granepura.5-Kinases.Kinases_MCCE.Trial01.run_holo.3WZE_ASP02A1087_003
2026-09-22 07:30:53 - INFO: step3.py, pbe: ForkPoolWorker-4: Calling delphi to calculate conformer (499/681) ASP02A1087_004 in /tmp/pbe_data.data.home.granepura.5-Kinases.Kinases_MCCE.Trial01.run_holo.3WZE_ASP02A1087_004
2026-09-22 07:30:56 - INFO: step3.py, pbe: ForkPoolWorker-2: Calling delphi to calculate conformer (500/681) ASP-1A1087_005 in /tmp/pbe_data.data.home.granepura.5-Kinases.Kinases_MCCE.Trial01.run_holo.3WZE_ASP-1A1087_005
2026-09-22 07:30:57 - INFO: step3.py, pbe: Skipping PBE solver for non-charge conformer (501/681) VAL01A1088_001...
2026-09-22 07:30:57 - INFO: step3.py, pbe: Skipping PBE solver for non-charge conformer (502/681) TRP01A1089_001...
2026-09-22 07:30:57 - INFO: step3.py, pbe: ForkPoolWorker-1: Calling delphi to calculate conformer (503/681) SER01A1090_001 in /tmp/pbe_data.data.home.granepura.5-Kinases.Kinases_MCCE.Trial01.run_holo.3WZE_SER01A1090_001
2026-09-22 07:30:57 - INFO: step3.py, pbe: ForkPoolWorker-5: Calling delphi to calculate conformer (504/681) SER01A1090_002 in /tmp/pbe_data.data.home.granepura.5-Kinases.Kinases_MCCE.Trial01.run_holo.3WZE_SER01A1090_002
2026-09-22 07:30:57 - INFO: step3.py, pbe: Skipping PBE solver for non-charge conformer (505/681) PHE01A1091_001...
2026-09-22 07:30:57 - INFO: step3.py, pbe: Skipping PBE solver for non-charge conformer (506/681) VAL01A1093_001...
2026-09-22 07:30:57 - INFO: step3.py, pbe: Skipping PBE solver for non-charge conformer (507/681) LEU01A1094_001...
2026-09-22 07:30:57 - INFO: step3.py, pbe: Skipping PBE solver for non-charge conformer (508/681) LEU01A1095_001...
2026-09-22 07:30:57 - INFO: step3.py, pbe: Skipping PBE solver for non-charge conformer (509/681) TRP01A1096_001...
2026-09-22 07:30:57 - INFO: step3.py, pbe: ForkPoolWorker-3: Calling delphi to calculate conformer (510/681) GLU01A1097_001 in /tmp/pbe_data.data.home.granepura.5-Kinases.Kinases_MCCE.Trial01.run_holo.3WZE_GLU01A1097_001
2026-09-22 07:30:58 - INFO: step3.py, pbe: ForkPoolWorker-4: Calling delphi to calculate conformer (511/681) GLU01A1097_002 in /tmp/pbe_data.data.home.granepura.5-Kinases.Kinases_MCCE.Trial01.run_holo.3WZE_GLU01A1097_002
2026-09-22 07:31:00 - INFO: step3.py, pbe: ForkPoolWorker-2: Calling delphi to calculate conformer (512/681) GLU02A1097_003 in /tmp/pbe_data.data.home.granepura.5-Kinases.Kinases_MCCE.Trial01.run_holo.3WZE_GLU02A1097_003
2026-09-22 07:31:01 - INFO: step3.py, pbe: ForkPoolWorker-1: Calling delphi to calculate conformer (513/681) GLU02A1097_004 in /tmp/pbe_data.data.home.granepura.5-Kinases.Kinases_MCCE.Trial01.run_holo.3WZE_GLU02A1097_004
2026-09-22 07:31:01 - INFO: step3.py, pbe: ForkPoolWorker-5: Calling delphi to calculate conformer (514/681) GLU-1A1097_005 in /tmp/pbe_data.data.home.granepura.5-Kinases.Kinases_MCCE.Trial01.run_holo.3WZE_GLU-1A1097_005
2026-09-22 07:31:01 - INFO: step3.py, pbe: Skipping PBE solver for non-charge conformer (515/681) ILE01A1098_001...
2026-09-22 07:31:01 - INFO: step3.py, pbe: Skipping PBE solver for non-charge conformer (516/681) PHE01A1099_001...
2026-09-22 07:31:02 - INFO: step3.py, pbe: ForkPoolWorker-3: Calling delphi to calculate conformer (517/681) SER01A1100_001 in /tmp/pbe_data.data.home.granepura.5-Kinases.Kinases_MCCE.Trial01.run_holo.3WZE_SER01A1100_001
2026-09-22 07:31:02 - INFO: step3.py, pbe: ForkPoolWorker-4: Calling delphi to calculate conformer (518/681) SER01A1100_002 in /tmp/pbe_data.data.home.granepura.5-Kinases.Kinases_MCCE.Trial01.run_holo.3WZE_SER01A1100_002
2026-09-22 07:31:04 - INFO: step3.py, pbe: Skipping PBE solver for non-charge conformer (519/681) LEU01A1101_001...
2026-09-22 07:31:04 - INFO: step3.py, pbe: Skipping PBE solver for non-charge conformer (520/681) ALA01A1103_001...
2026-09-22 07:31:04 - INFO: step3.py, pbe: ForkPoolWorker-2: Calling delphi to calculate conformer (521/681) SER01A1104_001 in /tmp/pbe_data.data.home.granepura.5-Kinases.Kinases_MCCE.Trial01.run_holo.3WZE_SER01A1104_001
2026-09-22 07:31:05 - INFO: step3.py, pbe: ForkPoolWorker-1: Calling delphi to calculate conformer (522/681) SER01A1104_002 in /tmp/pbe_data.data.home.granepura.5-Kinases.Kinases_MCCE.Trial01.run_holo.3WZE_SER01A1104_002
2026-09-22 07:31:06 - INFO: step3.py, pbe: Skipping PBE solver for non-charge conformer (523/681) PRO01A1105_001...
2026-09-22 07:31:06 - INFO: step3.py, pbe: ForkPoolWorker-5: Calling delphi to calculate conformer (524/681) TYR01A1106_001 in /tmp/pbe_data.data.home.granepura.5-Kinases.Kinases_MCCE.Trial01.run_holo.3WZE_TYR01A1106_001
2026-09-22 07:31:06 - INFO: step3.py, pbe: ForkPoolWorker-3: Calling delphi to calculate conformer (525/681) TYR-1A1106_002 in /tmp/pbe_data.data.home.granepura.5-Kinases.Kinases_MCCE.Trial01.run_holo.3WZE_TYR-1A1106_002
2026-09-22 07:31:06 - INFO: step3.py, pbe: Skipping PBE solver for non-charge conformer (526/681) PRO01A1107_001...
2026-09-22 07:31:06 - INFO: step3.py, pbe: Skipping PBE solver for non-charge conformer (527/681) VAL01A1109_001...
2026-09-22 07:31:06 - INFO: step3.py, pbe: ForkPoolWorker-4: Calling delphi to calculate conformer (528/681) LYS01A1110_001 in /tmp/pbe_data.data.home.granepura.5-Kinases.Kinases_MCCE.Trial01.run_holo.3WZE_LYS01A1110_001
2026-09-22 07:31:08 - INFO: step3.py, pbe: ForkPoolWorker-2: Calling delphi to calculate conformer (529/681) LYS+1A1110_002 in /tmp/pbe_data.data.home.granepura.5-Kinases.Kinases_MCCE.Trial01.run_holo.3WZE_LYS+1A1110_002
2026-09-22 07:31:10 - INFO: step3.py, pbe: Skipping PBE solver for non-charge conformer (530/681) ILE01A1111_001...
2026-09-22 07:31:10 - INFO: step3.py, pbe: ForkPoolWorker-1: Calling delphi to calculate conformer (531/681) ASP01A1112_001 in /tmp/pbe_data.data.home.granepura.5-Kinases.Kinases_MCCE.Trial01.run_holo.3WZE_ASP01A1112_001
2026-09-22 07:31:10 - INFO: step3.py, pbe: ForkPoolWorker-5: Calling delphi to calculate conformer (532/681) ASP01A1112_002 in /tmp/pbe_data.data.home.granepura.5-Kinases.Kinases_MCCE.Trial01.run_holo.3WZE_ASP01A1112_002
2026-09-22 07:31:10 - INFO: step3.py, pbe: ForkPoolWorker-3: Calling delphi to calculate conformer (533/681) ASP02A1112_003 in /tmp/pbe_data.data.home.granepura.5-Kinases.Kinases_MCCE.Trial01.run_holo.3WZE_ASP02A1112_003
2026-09-22 07:31:10 - INFO: step3.py, pbe: ForkPoolWorker-4: Calling delphi to calculate conformer (534/681) ASP02A1112_004 in /tmp/pbe_data.data.home.granepura.5-Kinases.Kinases_MCCE.Trial01.run_holo.3WZE_ASP02A1112_004
2026-09-22 07:31:12 - INFO: step3.py, pbe: ForkPoolWorker-2: Calling delphi to calculate conformer (535/681) ASP-1A1112_005 in /tmp/pbe_data.data.home.granepura.5-Kinases.Kinases_MCCE.Trial01.run_holo.3WZE_ASP-1A1112_005
2026-09-22 07:31:14 - INFO: step3.py, pbe: ForkPoolWorker-1: Calling delphi to calculate conformer (536/681) GLU01A1113_001 in /tmp/pbe_data.data.home.granepura.5-Kinases.Kinases_MCCE.Trial01.run_holo.3WZE_GLU01A1113_001
2026-09-22 07:31:14 - INFO: step3.py, pbe: ForkPoolWorker-5: Calling delphi to calculate conformer (537/681) GLU01A1113_002 in /tmp/pbe_data.data.home.granepura.5-Kinases.Kinases_MCCE.Trial01.run_holo.3WZE_GLU01A1113_002
2026-09-22 07:31:14 - INFO: step3.py, pbe: ForkPoolWorker-3: Calling delphi to calculate conformer (538/681) GLU02A1113_003 in /tmp/pbe_data.data.home.granepura.5-Kinases.Kinases_MCCE.Trial01.run_holo.3WZE_GLU02A1113_003
2026-09-22 07:31:14 - INFO: step3.py, pbe: ForkPoolWorker-4: Calling delphi to calculate conformer (539/681) GLU02A1113_004 in /tmp/pbe_data.data.home.granepura.5-Kinases.Kinases_MCCE.Trial01.run_holo.3WZE_GLU02A1113_004
2026-09-22 07:31:17 - INFO: step3.py, pbe: ForkPoolWorker-2: Calling delphi to calculate conformer (540/681) GLU-1A1113_005 in /tmp/pbe_data.data.home.granepura.5-Kinases.Kinases_MCCE.Trial01.run_holo.3WZE_GLU-1A1113_005
2026-09-22 07:31:18 - INFO: step3.py, pbe: ForkPoolWorker-1: Calling delphi to calculate conformer (541/681) GLU01A1114_001 in /tmp/pbe_data.data.home.granepura.5-Kinases.Kinases_MCCE.Trial01.run_holo.3WZE_GLU01A1114_001
2026-09-22 07:31:18 - INFO: step3.py, pbe: ForkPoolWorker-5: Calling delphi to calculate conformer (542/681) GLU01A1114_002 in /tmp/pbe_data.data.home.granepura.5-Kinases.Kinases_MCCE.Trial01.run_holo.3WZE_GLU01A1114_002
2026-09-22 07:31:18 - INFO: step3.py, pbe: ForkPoolWorker-3: Calling delphi to calculate conformer (543/681) GLU02A1114_003 in /tmp/pbe_data.data.home.granepura.5-Kinases.Kinases_MCCE.Trial01.run_holo.3WZE_GLU02A1114_003
2026-09-22 07:31:19 - INFO: step3.py, pbe: ForkPoolWorker-4: Calling delphi to calculate conformer (544/681) GLU02A1114_004 in /tmp/pbe_data.data.home.granepura.5-Kinases.Kinases_MCCE.Trial01.run_holo.3WZE_GLU02A1114_004
2026-09-22 07:31:21 - INFO: step3.py, pbe: ForkPoolWorker-2: Calling delphi to calculate conformer (545/681) GLU-1A1114_005 in /tmp/pbe_data.data.home.granepura.5-Kinases.Kinases_MCCE.Trial01.run_holo.3WZE_GLU-1A1114_005
2026-09-22 07:31:22 - INFO: step3.py, pbe: Skipping PBE solver for non-charge conformer (546/681) PHE01A1115_001...
2026-09-22 07:31:22 - INFO: step3.py, pbe: ForkPoolWorker-1: Calling delphi to calculate conformer (547/681) CYS01A1116_001 in /tmp/pbe_data.data.home.granepura.5-Kinases.Kinases_MCCE.Trial01.run_holo.3WZE_CYS01A1116_001
2026-09-22 07:31:22 - INFO: step3.py, pbe: ForkPoolWorker-5: Calling delphi to calculate conformer (548/681) CYS01A1116_002 in /tmp/pbe_data.data.home.granepura.5-Kinases.Kinases_MCCE.Trial01.run_holo.3WZE_CYS01A1116_002
2026-09-22 07:31:23 - INFO: step3.py, pbe: ForkPoolWorker-3: Calling delphi to calculate conformer (549/681) CYS01A1116_003 in /tmp/pbe_data.data.home.granepura.5-Kinases.Kinases_MCCE.Trial01.run_holo.3WZE_CYS01A1116_003
2026-09-22 07:31:23 - INFO: step3.py, pbe: ForkPoolWorker-4: Calling delphi to calculate conformer (550/681) CYS-1A1116_004 in /tmp/pbe_data.data.home.granepura.5-Kinases.Kinases_MCCE.Trial01.run_holo.3WZE_CYS-1A1116_004
2026-09-22 07:31:25 - INFO: step3.py, pbe: ForkPoolWorker-2: Calling delphi to calculate conformer (551/681) ARG01A1117_001 in /tmp/pbe_data.data.home.granepura.5-Kinases.Kinases_MCCE.Trial01.run_holo.3WZE_ARG01A1117_001
2026-09-22 07:31:26 - INFO: step3.py, pbe: ForkPoolWorker-1: Calling delphi to calculate conformer (552/681) ARG02A1117_002 in /tmp/pbe_data.data.home.granepura.5-Kinases.Kinases_MCCE.Trial01.run_holo.3WZE_ARG02A1117_002
2026-09-22 07:31:27 - INFO: step3.py, pbe: ForkPoolWorker-5: Calling delphi to calculate conformer (553/681) ARG03A1117_003 in /tmp/pbe_data.data.home.granepura.5-Kinases.Kinases_MCCE.Trial01.run_holo.3WZE_ARG03A1117_003
2026-09-22 07:31:27 - INFO: step3.py, pbe: ForkPoolWorker-3: Calling delphi to calculate conformer (554/681) ARG+1A1117_004 in /tmp/pbe_data.data.home.granepura.5-Kinases.Kinases_MCCE.Trial01.run_holo.3WZE_ARG+1A1117_004
2026-09-22 07:31:27 - INFO: step3.py, pbe: ForkPoolWorker-4: Calling delphi to calculate conformer (555/681) ARG01A1118_001 in /tmp/pbe_data.data.home.granepura.5-Kinases.Kinases_MCCE.Trial01.run_holo.3WZE_ARG01A1118_001
2026-09-22 07:31:29 - INFO: step3.py, pbe: ForkPoolWorker-2: Calling delphi to calculate conformer (556/681) ARG02A1118_002 in /tmp/pbe_data.data.home.granepura.5-Kinases.Kinases_MCCE.Trial01.run_holo.3WZE_ARG02A1118_002
2026-09-22 07:31:30 - INFO: step3.py, pbe: ForkPoolWorker-1: Calling delphi to calculate conformer (557/681) ARG03A1118_003 in /tmp/pbe_data.data.home.granepura.5-Kinases.Kinases_MCCE.Trial01.run_holo.3WZE_ARG03A1118_003
2026-09-22 07:31:31 - INFO: step3.py, pbe: ForkPoolWorker-5: Calling delphi to calculate conformer (558/681) ARG+1A1118_004 in /tmp/pbe_data.data.home.granepura.5-Kinases.Kinases_MCCE.Trial01.run_holo.3WZE_ARG+1A1118_004
2026-09-22 07:31:31 - INFO: step3.py, pbe: Skipping PBE solver for non-charge conformer (559/681) LEU01A1119_001...
2026-09-22 07:31:31 - INFO: step3.py, pbe: ForkPoolWorker-3: Calling delphi to calculate conformer (560/681) LYS01A1120_001 in /tmp/pbe_data.data.home.granepura.5-Kinases.Kinases_MCCE.Trial01.run_holo.3WZE_LYS01A1120_001
2026-09-22 07:31:31 - INFO: step3.py, pbe: ForkPoolWorker-4: Calling delphi to calculate conformer (561/681) LYS+1A1120_002 in /tmp/pbe_data.data.home.granepura.5-Kinases.Kinases_MCCE.Trial01.run_holo.3WZE_LYS+1A1120_002
2026-09-22 07:31:33 - INFO: step3.py, pbe: ForkPoolWorker-2: Calling delphi to calculate conformer (562/681) GLU01A1121_001 in /tmp/pbe_data.data.home.granepura.5-Kinases.Kinases_MCCE.Trial01.run_holo.3WZE_GLU01A1121_001
2026-09-22 07:31:35 - INFO: step3.py, pbe: ForkPoolWorker-1: Calling delphi to calculate conformer (563/681) GLU01A1121_002 in /tmp/pbe_data.data.home.granepura.5-Kinases.Kinases_MCCE.Trial01.run_holo.3WZE_GLU01A1121_002
2026-09-22 07:31:35 - INFO: step3.py, pbe: ForkPoolWorker-3: Calling delphi to calculate conformer (564/681) GLU02A1121_003 in /tmp/pbe_data.data.home.granepura.5-Kinases.Kinases_MCCE.Trial01.run_holo.3WZE_GLU02A1121_003
2026-09-22 07:31:35 - INFO: step3.py, pbe: ForkPoolWorker-5: Calling delphi to calculate conformer (565/681) GLU02A1121_004 in /tmp/pbe_data.data.home.granepura.5-Kinases.Kinases_MCCE.Trial01.run_holo.3WZE_GLU02A1121_004
2026-09-22 07:31:35 - INFO: step3.py, pbe: ForkPoolWorker-4: Calling delphi to calculate conformer (566/681) GLU-1A1121_005 in /tmp/pbe_data.data.home.granepura.5-Kinases.Kinases_MCCE.Trial01.run_holo.3WZE_GLU-1A1121_005
2026-09-22 07:31:38 - INFO: step3.py, pbe: ForkPoolWorker-2: Calling delphi to calculate conformer (567/681) THR01A1123_001 in /tmp/pbe_data.data.home.granepura.5-Kinases.Kinases_MCCE.Trial01.run_holo.3WZE_THR01A1123_001
2026-09-22 07:31:39 - INFO: step3.py, pbe: ForkPoolWorker-1: Calling delphi to calculate conformer (568/681) THR01A1123_002 in /tmp/pbe_data.data.home.granepura.5-Kinases.Kinases_MCCE.Trial01.run_holo.3WZE_THR01A1123_002
2026-09-22 07:31:39 - INFO: step3.py, pbe: ForkPoolWorker-5: Calling delphi to calculate conformer (569/681) ARG01A1124_001 in /tmp/pbe_data.data.home.granepura.5-Kinases.Kinases_MCCE.Trial01.run_holo.3WZE_ARG01A1124_001
2026-09-22 07:31:39 - INFO: step3.py, pbe: ForkPoolWorker-3: Calling delphi to calculate conformer (570/681) ARG02A1124_002 in /tmp/pbe_data.data.home.granepura.5-Kinases.Kinases_MCCE.Trial01.run_holo.3WZE_ARG02A1124_002
2026-09-22 07:31:39 - INFO: step3.py, pbe: ForkPoolWorker-4: Calling delphi to calculate conformer (571/681) ARG02A1124_003 in /tmp/pbe_data.data.home.granepura.5-Kinases.Kinases_MCCE.Trial01.run_holo.3WZE_ARG02A1124_003
2026-09-22 07:31:42 - INFO: step3.py, pbe: ForkPoolWorker-2: Calling delphi to calculate conformer (572/681) ARG03A1124_004 in /tmp/pbe_data.data.home.granepura.5-Kinases.Kinases_MCCE.Trial01.run_holo.3WZE_ARG03A1124_004
2026-09-22 07:31:43 - INFO: step3.py, pbe: ForkPoolWorker-1: Calling delphi to calculate conformer (573/681) ARG03A1124_005 in /tmp/pbe_data.data.home.granepura.5-Kinases.Kinases_MCCE.Trial01.run_holo.3WZE_ARG03A1124_005
2026-09-22 07:31:43 - INFO: step3.py, pbe: ForkPoolWorker-5: Calling delphi to calculate conformer (574/681) ARG+1A1124_006 in /tmp/pbe_data.data.home.granepura.5-Kinases.Kinases_MCCE.Trial01.run_holo.3WZE_ARG+1A1124_006
2026-09-22 07:31:43 - INFO: step3.py, pbe: ForkPoolWorker-3: Calling delphi to calculate conformer (575/681) MET01A1125_001 in /tmp/pbe_data.data.home.granepura.5-Kinases.Kinases_MCCE.Trial01.run_holo.3WZE_MET01A1125_001
2026-09-22 07:31:43 - INFO: step3.py, pbe: ForkPoolWorker-4: Calling delphi to calculate conformer (576/681) ARG01A1126_001 in /tmp/pbe_data.data.home.granepura.5-Kinases.Kinases_MCCE.Trial01.run_holo.3WZE_ARG01A1126_001
2026-09-22 07:31:46 - INFO: step3.py, pbe: ForkPoolWorker-2: Calling delphi to calculate conformer (577/681) ARG02A1126_002 in /tmp/pbe_data.data.home.granepura.5-Kinases.Kinases_MCCE.Trial01.run_holo.3WZE_ARG02A1126_002
2026-09-22 07:31:47 - INFO: step3.py, pbe: ForkPoolWorker-1: Calling delphi to calculate conformer (578/681) ARG03A1126_003 in /tmp/pbe_data.data.home.granepura.5-Kinases.Kinases_MCCE.Trial01.run_holo.3WZE_ARG03A1126_003
2026-09-22 07:31:47 - INFO: step3.py, pbe: ForkPoolWorker-5: Calling delphi to calculate conformer (579/681) ARG+1A1126_004 in /tmp/pbe_data.data.home.granepura.5-Kinases.Kinases_MCCE.Trial01.run_holo.3WZE_ARG+1A1126_004
2026-09-22 07:31:47 - INFO: step3.py, pbe: Skipping PBE solver for non-charge conformer (580/681) ALA01A1127_001...
2026-09-22 07:31:47 - INFO: step3.py, pbe: Skipping PBE solver for non-charge conformer (581/681) PRO01A1128_001...
2026-09-22 07:31:47 - INFO: step3.py, pbe: ForkPoolWorker-3: Calling delphi to calculate conformer (582/681) ASP01A1129_001 in /tmp/pbe_data.data.home.granepura.5-Kinases.Kinases_MCCE.Trial01.run_holo.3WZE_ASP01A1129_001
2026-09-22 07:31:47 - INFO: step3.py, pbe: ForkPoolWorker-4: Calling delphi to calculate conformer (583/681) ASP01A1129_002 in /tmp/pbe_data.data.home.granepura.5-Kinases.Kinases_MCCE.Trial01.run_holo.3WZE_ASP01A1129_002
2026-09-22 07:31:50 - INFO: step3.py, pbe: ForkPoolWorker-2: Calling delphi to calculate conformer (584/681) ASP02A1129_003 in /tmp/pbe_data.data.home.granepura.5-Kinases.Kinases_MCCE.Trial01.run_holo.3WZE_ASP02A1129_003
2026-09-22 07:31:51 - INFO: step3.py, pbe: ForkPoolWorker-1: Calling delphi to calculate conformer (585/681) ASP02A1129_004 in /tmp/pbe_data.data.home.granepura.5-Kinases.Kinases_MCCE.Trial01.run_holo.3WZE_ASP02A1129_004
2026-09-22 07:31:51 - INFO: step3.py, pbe: ForkPoolWorker-5: Calling delphi to calculate conformer (586/681) ASP-1A1129_005 in /tmp/pbe_data.data.home.granepura.5-Kinases.Kinases_MCCE.Trial01.run_holo.3WZE_ASP-1A1129_005
2026-09-22 07:31:51 - INFO: step3.py, pbe: ForkPoolWorker-3: Calling delphi to calculate conformer (587/681) TYR01A1130_001 in /tmp/pbe_data.data.home.granepura.5-Kinases.Kinases_MCCE.Trial01.run_holo.3WZE_TYR01A1130_001
2026-09-22 07:31:51 - INFO: step3.py, pbe: ForkPoolWorker-4: Calling delphi to calculate conformer (588/681) TYR01A1130_002 in /tmp/pbe_data.data.home.granepura.5-Kinases.Kinases_MCCE.Trial01.run_holo.3WZE_TYR01A1130_002
2026-09-22 07:31:54 - INFO: step3.py, pbe: ForkPoolWorker-2: Calling delphi to calculate conformer (589/681) TYR-1A1130_003 in /tmp/pbe_data.data.home.granepura.5-Kinases.Kinases_MCCE.Trial01.run_holo.3WZE_TYR-1A1130_003
2026-09-22 07:31:55 - INFO: step3.py, pbe: ForkPoolWorker-1: Calling delphi to calculate conformer (590/681) THR01A1131_001 in /tmp/pbe_data.data.home.granepura.5-Kinases.Kinases_MCCE.Trial01.run_holo.3WZE_THR01A1131_001
2026-09-22 07:31:55 - INFO: step3.py, pbe: ForkPoolWorker-5: Calling delphi to calculate conformer (591/681) THR01A1131_002 in /tmp/pbe_data.data.home.granepura.5-Kinases.Kinases_MCCE.Trial01.run_holo.3WZE_THR01A1131_002
2026-09-22 07:31:55 - INFO: step3.py, pbe: ForkPoolWorker-3: Calling delphi to calculate conformer (592/681) THR01A1132_001 in /tmp/pbe_data.data.home.granepura.5-Kinases.Kinases_MCCE.Trial01.run_holo.3WZE_THR01A1132_001
2026-09-22 07:31:56 - INFO: step3.py, pbe: ForkPoolWorker-4: Calling delphi to calculate conformer (593/681) THR01A1132_002 in /tmp/pbe_data.data.home.granepura.5-Kinases.Kinases_MCCE.Trial01.run_holo.3WZE_THR01A1132_002
2026-09-22 07:31:58 - INFO: step3.py, pbe: ForkPoolWorker-2: Calling delphi to calculate conformer (594/681) THR01A1132_003 in /tmp/pbe_data.data.home.granepura.5-Kinases.Kinases_MCCE.Trial01.run_holo.3WZE_THR01A1132_003
2026-09-22 07:31:59 - INFO: step3.py, pbe: Skipping PBE solver for non-charge conformer (595/681) PRO01A1133_001...
2026-09-22 07:31:59 - INFO: step3.py, pbe: ForkPoolWorker-1: Calling delphi to calculate conformer (596/681) GLU01A1134_001 in /tmp/pbe_data.data.home.granepura.5-Kinases.Kinases_MCCE.Trial01.run_holo.3WZE_GLU01A1134_001
2026-09-22 07:31:59 - INFO: step3.py, pbe: ForkPoolWorker-5: Calling delphi to calculate conformer (597/681) GLU01A1134_002 in /tmp/pbe_data.data.home.granepura.5-Kinases.Kinases_MCCE.Trial01.run_holo.3WZE_GLU01A1134_002
2026-09-22 07:32:00 - INFO: step3.py, pbe: ForkPoolWorker-3: Calling delphi to calculate conformer (598/681) GLU02A1134_003 in /tmp/pbe_data.data.home.granepura.5-Kinases.Kinases_MCCE.Trial01.run_holo.3WZE_GLU02A1134_003
2026-09-22 07:32:00 - INFO: step3.py, pbe: ForkPoolWorker-4: Calling delphi to calculate conformer (599/681) GLU02A1134_004 in /tmp/pbe_data.data.home.granepura.5-Kinases.Kinases_MCCE.Trial01.run_holo.3WZE_GLU02A1134_004
2026-09-22 07:32:02 - INFO: step3.py, pbe: ForkPoolWorker-2: Calling delphi to calculate conformer (600/681) GLU-1A1134_005 in /tmp/pbe_data.data.home.granepura.5-Kinases.Kinases_MCCE.Trial01.run_holo.3WZE_GLU-1A1134_005
2026-09-22 07:32:03 - INFO: step3.py, pbe: ForkPoolWorker-1: Calling delphi to calculate conformer (601/681) MET01A1135_001 in /tmp/pbe_data.data.home.granepura.5-Kinases.Kinases_MCCE.Trial01.run_holo.3WZE_MET01A1135_001
2026-09-22 07:32:03 - INFO: step3.py, pbe: ForkPoolWorker-5: Calling delphi to calculate conformer (602/681) TYR01A1136_001 in /tmp/pbe_data.data.home.granepura.5-Kinases.Kinases_MCCE.Trial01.run_holo.3WZE_TYR01A1136_001
2026-09-22 07:32:04 - INFO: step3.py, pbe: ForkPoolWorker-3: Calling delphi to calculate conformer (603/681) TYR01A1136_002 in /tmp/pbe_data.data.home.granepura.5-Kinases.Kinases_MCCE.Trial01.run_holo.3WZE_TYR01A1136_002
2026-09-22 07:32:04 - INFO: step3.py, pbe: ForkPoolWorker-4: Calling delphi to calculate conformer (604/681) TYR-1A1136_003 in /tmp/pbe_data.data.home.granepura.5-Kinases.Kinases_MCCE.Trial01.run_holo.3WZE_TYR-1A1136_003
2026-09-22 07:32:06 - INFO: step3.py, pbe: ForkPoolWorker-2: Calling delphi to calculate conformer (605/681) GLN01A1137_001 in /tmp/pbe_data.data.home.granepura.5-Kinases.Kinases_MCCE.Trial01.run_holo.3WZE_GLN01A1137_001
2026-09-22 07:32:07 - INFO: step3.py, pbe: ForkPoolWorker-1: Calling delphi to calculate conformer (606/681) GLN01A1137_002 in /tmp/pbe_data.data.home.granepura.5-Kinases.Kinases_MCCE.Trial01.run_holo.3WZE_GLN01A1137_002
2026-09-22 07:32:07 - INFO: step3.py, pbe: ForkPoolWorker-5: Calling delphi to calculate conformer (607/681) THR01A1138_001 in /tmp/pbe_data.data.home.granepura.5-Kinases.Kinases_MCCE.Trial01.run_holo.3WZE_THR01A1138_001
2026-09-22 07:32:08 - INFO: step3.py, pbe: ForkPoolWorker-3: Calling delphi to calculate conformer (608/681) MET01A1139_001 in /tmp/pbe_data.data.home.granepura.5-Kinases.Kinases_MCCE.Trial01.run_holo.3WZE_MET01A1139_001
2026-09-22 07:32:08 - INFO: step3.py, pbe: Skipping PBE solver for non-charge conformer (609/681) LEU01A1140_001...
2026-09-22 07:32:08 - INFO: step3.py, pbe: ForkPoolWorker-4: Calling delphi to calculate conformer (610/681) ASP01A1141_001 in /tmp/pbe_data.data.home.granepura.5-Kinases.Kinases_MCCE.Trial01.run_holo.3WZE_ASP01A1141_001
2026-09-22 07:32:10 - INFO: step3.py, pbe: ForkPoolWorker-2: Calling delphi to calculate conformer (611/681) ASP01A1141_002 in /tmp/pbe_data.data.home.granepura.5-Kinases.Kinases_MCCE.Trial01.run_holo.3WZE_ASP01A1141_002
2026-09-22 07:32:11 - INFO: step3.py, pbe: ForkPoolWorker-1: Calling delphi to calculate conformer (612/681) ASP02A1141_003 in /tmp/pbe_data.data.home.granepura.5-Kinases.Kinases_MCCE.Trial01.run_holo.3WZE_ASP02A1141_003
2026-09-22 07:32:12 - INFO: step3.py, pbe: ForkPoolWorker-5: Calling delphi to calculate conformer (613/681) ASP02A1141_004 in /tmp/pbe_data.data.home.granepura.5-Kinases.Kinases_MCCE.Trial01.run_holo.3WZE_ASP02A1141_004
2026-09-22 07:32:12 - INFO: step3.py, pbe: ForkPoolWorker-3: Calling delphi to calculate conformer (614/681) ASP-1A1141_005 in /tmp/pbe_data.data.home.granepura.5-Kinases.Kinases_MCCE.Trial01.run_holo.3WZE_ASP-1A1141_005
2026-09-22 07:32:12 - INFO: step3.py, pbe: ForkPoolWorker-4: Calling delphi to calculate conformer (615/681) CYS01A1142_001 in /tmp/pbe_data.data.home.granepura.5-Kinases.Kinases_MCCE.Trial01.run_holo.3WZE_CYS01A1142_001
2026-09-22 07:32:14 - INFO: step3.py, pbe: ForkPoolWorker-2: Calling delphi to calculate conformer (616/681) CYS01A1142_002 in /tmp/pbe_data.data.home.granepura.5-Kinases.Kinases_MCCE.Trial01.run_holo.3WZE_CYS01A1142_002
2026-09-22 07:32:15 - INFO: step3.py, pbe: ForkPoolWorker-1: Calling delphi to calculate conformer (617/681) CYS01A1142_003 in /tmp/pbe_data.data.home.granepura.5-Kinases.Kinases_MCCE.Trial01.run_holo.3WZE_CYS01A1142_003
2026-09-22 07:32:16 - INFO: step3.py, pbe: ForkPoolWorker-5: Calling delphi to calculate conformer (618/681) CYS-1A1142_004 in /tmp/pbe_data.data.home.granepura.5-Kinases.Kinases_MCCE.Trial01.run_holo.3WZE_CYS-1A1142_004
2026-09-22 07:32:16 - INFO: step3.py, pbe: Skipping PBE solver for non-charge conformer (619/681) TRP01A1143_001...
2026-09-22 07:32:16 - INFO: step3.py, pbe: ForkPoolWorker-3: Calling delphi to calculate conformer (620/681) HIS01A1144_001 in /tmp/pbe_data.data.home.granepura.5-Kinases.Kinases_MCCE.Trial01.run_holo.3WZE_HIS01A1144_001
2026-09-22 07:32:16 - INFO: step3.py, pbe: ForkPoolWorker-4: Calling delphi to calculate conformer (621/681) HIS01A1144_002 in /tmp/pbe_data.data.home.granepura.5-Kinases.Kinases_MCCE.Trial01.run_holo.3WZE_HIS01A1144_002
2026-09-22 07:32:19 - INFO: step3.py, pbe: ForkPoolWorker-2: Calling delphi to calculate conformer (622/681) HIS02A1144_003 in /tmp/pbe_data.data.home.granepura.5-Kinases.Kinases_MCCE.Trial01.run_holo.3WZE_HIS02A1144_003
2026-09-22 07:32:19 - INFO: step3.py, pbe: ForkPoolWorker-1: Calling delphi to calculate conformer (623/681) HIS02A1144_004 in /tmp/pbe_data.data.home.granepura.5-Kinases.Kinases_MCCE.Trial01.run_holo.3WZE_HIS02A1144_004
2026-09-22 07:32:20 - INFO: step3.py, pbe: ForkPoolWorker-5: Calling delphi to calculate conformer (624/681) HIS+1A1144_005 in /tmp/pbe_data.data.home.granepura.5-Kinases.Kinases_MCCE.Trial01.run_holo.3WZE_HIS+1A1144_005
2026-09-22 07:32:20 - INFO: step3.py, pbe: ForkPoolWorker-3: Calling delphi to calculate conformer (625/681) HIS+1A1144_006 in /tmp/pbe_data.data.home.granepura.5-Kinases.Kinases_MCCE.Trial01.run_holo.3WZE_HIS+1A1144_006
2026-09-22 07:32:20 - INFO: step3.py, pbe: ForkPoolWorker-4: Calling delphi to calculate conformer (626/681) GLU01A1146_001 in /tmp/pbe_data.data.home.granepura.5-Kinases.Kinases_MCCE.Trial01.run_holo.3WZE_GLU01A1146_001
2026-09-22 07:32:23 - INFO: step3.py, pbe: ForkPoolWorker-2: Calling delphi to calculate conformer (627/681) GLU01A1146_002 in /tmp/pbe_data.data.home.granepura.5-Kinases.Kinases_MCCE.Trial01.run_holo.3WZE_GLU01A1146_002
2026-09-22 07:32:23 - INFO: step3.py, pbe: ForkPoolWorker-1: Calling delphi to calculate conformer (628/681) GLU02A1146_003 in /tmp/pbe_data.data.home.granepura.5-Kinases.Kinases_MCCE.Trial01.run_holo.3WZE_GLU02A1146_003
2026-09-22 07:32:24 - INFO: step3.py, pbe: ForkPoolWorker-5: Calling delphi to calculate conformer (629/681) GLU02A1146_004 in /tmp/pbe_data.data.home.granepura.5-Kinases.Kinases_MCCE.Trial01.run_holo.3WZE_GLU02A1146_004
2026-09-22 07:32:24 - INFO: step3.py, pbe: ForkPoolWorker-3: Calling delphi to calculate conformer (630/681) GLU-1A1146_005 in /tmp/pbe_data.data.home.granepura.5-Kinases.Kinases_MCCE.Trial01.run_holo.3WZE_GLU-1A1146_005
2026-09-22 07:32:24 - INFO: step3.py, pbe: Skipping PBE solver for non-charge conformer (631/681) PRO01A1147_001...
2026-09-22 07:32:24 - INFO: step3.py, pbe: ForkPoolWorker-4: Calling delphi to calculate conformer (632/681) SER01A1148_001 in /tmp/pbe_data.data.home.granepura.5-Kinases.Kinases_MCCE.Trial01.run_holo.3WZE_SER01A1148_001
2026-09-22 07:32:27 - INFO: step3.py, pbe: ForkPoolWorker-2: Calling delphi to calculate conformer (633/681) SER01A1148_002 in /tmp/pbe_data.data.home.granepura.5-Kinases.Kinases_MCCE.Trial01.run_holo.3WZE_SER01A1148_002
2026-09-22 07:32:27 - INFO: step3.py, pbe: ForkPoolWorker-1: Calling delphi to calculate conformer (634/681) GLN01A1149_001 in /tmp/pbe_data.data.home.granepura.5-Kinases.Kinases_MCCE.Trial01.run_holo.3WZE_GLN01A1149_001
2026-09-22 07:32:28 - INFO: step3.py, pbe: ForkPoolWorker-5: Calling delphi to calculate conformer (635/681) GLN01A1149_002 in /tmp/pbe_data.data.home.granepura.5-Kinases.Kinases_MCCE.Trial01.run_holo.3WZE_GLN01A1149_002
2026-09-22 07:32:28 - INFO: step3.py, pbe: ForkPoolWorker-3: Calling delphi to calculate conformer (636/681) ARG01A1150_001 in /tmp/pbe_data.data.home.granepura.5-Kinases.Kinases_MCCE.Trial01.run_holo.3WZE_ARG01A1150_001
2026-09-22 07:32:28 - INFO: step3.py, pbe: ForkPoolWorker-4: Calling delphi to calculate conformer (637/681) ARG02A1150_002 in /tmp/pbe_data.data.home.granepura.5-Kinases.Kinases_MCCE.Trial01.run_holo.3WZE_ARG02A1150_002
2026-09-22 07:32:31 - INFO: step3.py, pbe: ForkPoolWorker-2: Calling delphi to calculate conformer (638/681) ARG02A1150_003 in /tmp/pbe_data.data.home.granepura.5-Kinases.Kinases_MCCE.Trial01.run_holo.3WZE_ARG02A1150_003
2026-09-22 07:32:32 - INFO: step3.py, pbe: ForkPoolWorker-1: Calling delphi to calculate conformer (639/681) ARG03A1150_004 in /tmp/pbe_data.data.home.granepura.5-Kinases.Kinases_MCCE.Trial01.run_holo.3WZE_ARG03A1150_004
2026-09-22 07:32:32 - INFO: step3.py, pbe: ForkPoolWorker-5: Calling delphi to calculate conformer (640/681) ARG03A1150_005 in /tmp/pbe_data.data.home.granepura.5-Kinases.Kinases_MCCE.Trial01.run_holo.3WZE_ARG03A1150_005
2026-09-22 07:32:32 - INFO: step3.py, pbe: ForkPoolWorker-3: Calling delphi to calculate conformer (641/681) ARG+1A1150_006 in /tmp/pbe_data.data.home.granepura.5-Kinases.Kinases_MCCE.Trial01.run_holo.3WZE_ARG+1A1150_006
2026-09-22 07:32:32 - INFO: step3.py, pbe: Skipping PBE solver for non-charge conformer (642/681) PRO01A1151_001...
2026-09-22 07:32:32 - INFO: step3.py, pbe: ForkPoolWorker-4: Calling delphi to calculate conformer (643/681) THR01A1152_001 in /tmp/pbe_data.data.home.granepura.5-Kinases.Kinases_MCCE.Trial01.run_holo.3WZE_THR01A1152_001
2026-09-22 07:32:35 - INFO: step3.py, pbe: ForkPoolWorker-2: Calling delphi to calculate conformer (644/681) THR01A1152_002 in /tmp/pbe_data.data.home.granepura.5-Kinases.Kinases_MCCE.Trial01.run_holo.3WZE_THR01A1152_002
2026-09-22 07:32:36 - INFO: step3.py, pbe: ForkPoolWorker-1: Calling delphi to calculate conformer (645/681) THR01A1152_003 in /tmp/pbe_data.data.home.granepura.5-Kinases.Kinases_MCCE.Trial01.run_holo.3WZE_THR01A1152_003
2026-09-22 07:32:36 - INFO: step3.py, pbe: Skipping PBE solver for non-charge conformer (646/681) PHE01A1153_001...
2026-09-22 07:32:36 - INFO: step3.py, pbe: ForkPoolWorker-5: Calling delphi to calculate conformer (647/681) SER01A1154_001 in /tmp/pbe_data.data.home.granepura.5-Kinases.Kinases_MCCE.Trial01.run_holo.3WZE_SER01A1154_001
2026-09-22 07:32:36 - INFO: step3.py, pbe: ForkPoolWorker-3: Calling delphi to calculate conformer (648/681) SER01A1154_002 in /tmp/pbe_data.data.home.granepura.5-Kinases.Kinases_MCCE.Trial01.run_holo.3WZE_SER01A1154_002
2026-09-22 07:32:36 - INFO: step3.py, pbe: ForkPoolWorker-4: Calling delphi to calculate conformer (649/681) GLU01A1155_001 in /tmp/pbe_data.data.home.granepura.5-Kinases.Kinases_MCCE.Trial01.run_holo.3WZE_GLU01A1155_001
2026-09-22 07:32:39 - INFO: step3.py, pbe: ForkPoolWorker-2: Calling delphi to calculate conformer (650/681) GLU01A1155_002 in /tmp/pbe_data.data.home.granepura.5-Kinases.Kinases_MCCE.Trial01.run_holo.3WZE_GLU01A1155_002
2026-09-22 07:32:40 - INFO: step3.py, pbe: ForkPoolWorker-1: Calling delphi to calculate conformer (651/681) GLU02A1155_003 in /tmp/pbe_data.data.home.granepura.5-Kinases.Kinases_MCCE.Trial01.run_holo.3WZE_GLU02A1155_003
2026-09-22 07:32:40 - INFO: step3.py, pbe: ForkPoolWorker-5: Calling delphi to calculate conformer (652/681) GLU02A1155_004 in /tmp/pbe_data.data.home.granepura.5-Kinases.Kinases_MCCE.Trial01.run_holo.3WZE_GLU02A1155_004
2026-09-22 07:32:40 - INFO: step3.py, pbe: ForkPoolWorker-3: Calling delphi to calculate conformer (653/681) GLU-1A1155_005 in /tmp/pbe_data.data.home.granepura.5-Kinases.Kinases_MCCE.Trial01.run_holo.3WZE_GLU-1A1155_005
2026-09-22 07:32:40 - INFO: step3.py, pbe: Skipping PBE solver for non-charge conformer (654/681) LEU01A1156_001...
2026-09-22 07:32:40 - INFO: step3.py, pbe: Skipping PBE solver for non-charge conformer (655/681) VAL01A1157_001...
2026-09-22 07:32:40 - INFO: step3.py, pbe: ForkPoolWorker-4: Calling delphi to calculate conformer (656/681) GLU01A1158_001 in /tmp/pbe_data.data.home.granepura.5-Kinases.Kinases_MCCE.Trial01.run_holo.3WZE_GLU01A1158_001
2026-09-22 07:32:43 - INFO: step3.py, pbe: ForkPoolWorker-2: Calling delphi to calculate conformer (657/681) GLU01A1158_002 in /tmp/pbe_data.data.home.granepura.5-Kinases.Kinases_MCCE.Trial01.run_holo.3WZE_GLU01A1158_002
2026-09-22 07:32:44 - INFO: step3.py, pbe: ForkPoolWorker-1: Calling delphi to calculate conformer (658/681) GLU02A1158_003 in /tmp/pbe_data.data.home.granepura.5-Kinases.Kinases_MCCE.Trial01.run_holo.3WZE_GLU02A1158_003
2026-09-22 07:32:44 - INFO: step3.py, pbe: ForkPoolWorker-5: Calling delphi to calculate conformer (659/681) GLU02A1158_004 in /tmp/pbe_data.data.home.granepura.5-Kinases.Kinases_MCCE.Trial01.run_holo.3WZE_GLU02A1158_004
2026-09-22 07:32:44 - INFO: step3.py, pbe: ForkPoolWorker-3: Calling delphi to calculate conformer (660/681) GLU-1A1158_005 in /tmp/pbe_data.data.home.granepura.5-Kinases.Kinases_MCCE.Trial01.run_holo.3WZE_GLU-1A1158_005
2026-09-22 07:32:44 - INFO: step3.py, pbe: ForkPoolWorker-4: Calling delphi to calculate conformer (661/681) HIS01A1159_001 in /tmp/pbe_data.data.home.granepura.5-Kinases.Kinases_MCCE.Trial01.run_holo.3WZE_HIS01A1159_001
2026-09-22 07:32:47 - INFO: step3.py, pbe: ForkPoolWorker-2: Calling delphi to calculate conformer (662/681) HIS01A1159_002 in /tmp/pbe_data.data.home.granepura.5-Kinases.Kinases_MCCE.Trial01.run_holo.3WZE_HIS01A1159_002
2026-09-22 07:32:48 - INFO: step3.py, pbe: ForkPoolWorker-1: Calling delphi to calculate conformer (663/681) HIS02A1159_003 in /tmp/pbe_data.data.home.granepura.5-Kinases.Kinases_MCCE.Trial01.run_holo.3WZE_HIS02A1159_003
2026-09-22 07:32:48 - INFO: step3.py, pbe: ForkPoolWorker-5: Calling delphi to calculate conformer (664/681) HIS02A1159_004 in /tmp/pbe_data.data.home.granepura.5-Kinases.Kinases_MCCE.Trial01.run_holo.3WZE_HIS02A1159_004
2026-09-22 07:32:48 - INFO: step3.py, pbe: ForkPoolWorker-3: Calling delphi to calculate conformer (665/681) HIS+1A1159_005 in /tmp/pbe_data.data.home.granepura.5-Kinases.Kinases_MCCE.Trial01.run_holo.3WZE_HIS+1A1159_005
2026-09-22 07:32:48 - INFO: step3.py, pbe: ForkPoolWorker-4: Calling delphi to calculate conformer (666/681) HIS+1A1159_006 in /tmp/pbe_data.data.home.granepura.5-Kinases.Kinases_MCCE.Trial01.run_holo.3WZE_HIS+1A1159_006
2026-09-22 07:32:51 - INFO: step3.py, pbe: Skipping PBE solver for non-charge conformer (667/681) LEU01A1160_001...
2026-09-22 07:32:51 - INFO: step3.py, pbe: ForkPoolWorker-2: Calling delphi to calculate conformer (668/681) ASN01A1162_001 in /tmp/pbe_data.data.home.granepura.5-Kinases.Kinases_MCCE.Trial01.run_holo.3WZE_ASN01A1162_001
2026-09-22 07:32:52 - INFO: step3.py, pbe: ForkPoolWorker-1: Calling delphi to calculate conformer (669/681) ASN01A1162_002 in /tmp/pbe_data.data.home.granepura.5-Kinases.Kinases_MCCE.Trial01.run_holo.3WZE_ASN01A1162_002
2026-09-22 07:32:52 - INFO: step3.py, pbe: ForkPoolWorker-5: Calling delphi to calculate conformer (670/681) ASN01A1162_003 in /tmp/pbe_data.data.home.granepura.5-Kinases.Kinases_MCCE.Trial01.run_holo.3WZE_ASN01A1162_003
2026-09-22 07:32:52 - INFO: step3.py, pbe: Skipping PBE solver for non-charge conformer (671/681) LEU01A1163_001...
2026-09-22 07:32:52 - INFO: step3.py, pbe: Skipping PBE solver for non-charge conformer (672/681) LEU01A1164_001...
2026-09-22 07:32:52 - INFO: step3.py, pbe: ForkPoolWorker-3: Calling delphi to calculate conformer (673/681) GLN01A1165_001 in /tmp/pbe_data.data.home.granepura.5-Kinases.Kinases_MCCE.Trial01.run_holo.3WZE_GLN01A1165_001
2026-09-22 07:32:52 - INFO: step3.py, pbe: ForkPoolWorker-4: Calling delphi to calculate conformer (674/681) GLN01A1165_002 in /tmp/pbe_data.data.home.granepura.5-Kinases.Kinases_MCCE.Trial01.run_holo.3WZE_GLN01A1165_002
2026-09-22 07:32:55 - INFO: step3.py, pbe: Skipping PBE solver for non-charge conformer (675/681) ALA01A1166_001...
2026-09-22 07:32:55 - INFO: step3.py, pbe: ForkPoolWorker-2: Calling delphi to calculate conformer (676/681) ASN01A1167_001 in /tmp/pbe_data.data.home.granepura.5-Kinases.Kinases_MCCE.Trial01.run_holo.3WZE_ASN01A1167_001
2026-09-22 07:32:56 - INFO: step3.py, pbe: ForkPoolWorker-1: Calling delphi to calculate conformer (677/681) ASN01A1167_002 in /tmp/pbe_data.data.home.granepura.5-Kinases.Kinases_MCCE.Trial01.run_holo.3WZE_ASN01A1167_002
2026-09-22 07:32:56 - INFO: step3.py, pbe: ForkPoolWorker-5: Calling delphi to calculate conformer (678/681) BAX01A1201_001 in /tmp/pbe_data.data.home.granepura.5-Kinases.Kinases_MCCE.Trial01.run_holo.3WZE_BAX01A1201_001
2026-09-22 07:32:56 - INFO: step3.py, pbe: ForkPoolWorker-3: Calling delphi to calculate conformer (679/681) BAX+1A1201_002 in /tmp/pbe_data.data.home.granepura.5-Kinases.Kinases_MCCE.Trial01.run_holo.3WZE_BAX+1A1201_002
2026-09-22 07:32:56 - INFO: step3.py, pbe: ForkPoolWorker-4: Calling delphi to calculate conformer (680/681) BAX02A1201_003 in /tmp/pbe_data.data.home.granepura.5-Kinases.Kinases_MCCE.Trial01.run_holo.3WZE_BAX02A1201_003
2026-09-22 07:32:59 - INFO: step3.py, pbe: ForkPoolWorker-2: Calling delphi to calculate conformer (681/681) BAX-1A1201_004 in /tmp/pbe_data.data.home.granepura.5-Kinases.Kinases_MCCE.Trial01.run_holo.3WZE_BAX-1A1201_004
2026-09-22 07:33:03 - INFO: step3.py, <module>:    Time needed: 471 seconds.
2026-09-22 07:33:03 - INFO: step3.py, <module>:    Post-processing of electrostatic potential.
2026-09-22 07:33:03 - INFO: step3.py, <module>:    Processing ele pairwise interaction...
2026-09-22 07:33:05 - INFO: step3.py, <module>:    Time needed: 1 seconds.
2026-09-22 07:33:05 - INFO: step3.py, <module>:    Making atom connectivity ...
2026-09-22 07:33:05 - INFO: step3.py, <module>:    Time needed: 0 seconds.
2026-09-22 07:33:05 - INFO: step3.py, <module>:    Calculating vdw ...
2026-09-22 07:33:11 - INFO: step3.py, <module>:    Time needed: 5 seconds.
2026-09-22 07:33:11 - INFO: step3.py, <module>:    Calculating torsion energy ...
2026-09-22 07:33:11 - INFO: step3.py, <module>:    Time needed: 0 seconds.
2026-09-22 07:33:11 - INFO: step3.py, <module>:    Composing head3.lst ...
2026-09-22 07:33:11 - INFO: step3.py, <module>:    Time needed: 0 seconds.
2026-09-22 07:33:11 - INFO: step3.py, <module>:    Composing opp files ...
2026-09-22 07:33:12 - INFO: step3.py, <module>:    Time needed: 0 seconds.
2026-09-22 07:33:12 - INFO: step3.py, <module>:    Total time for step3 is 479 seconds.
2026-09-22 08:23:09 - INFO: step3.py, <module>: Step 3. Energies calculation with PBE solver.
2026-09-22 08:23:09 - INFO: step3.py, <module>: Calling new VDW....No Scaling Applied
2026-09-22 08:23:09 - INFO: step3.py, <module>:    Process run time options & convert step2_out.pdb.
2026-09-22 08:23:09 - INFO: step3.py, <module>:    Prepare input for PB solver.
2026-09-22 08:23:09 - INFO: step3.py, <module>:    Time needed: 0 seconds.
2026-09-22 08:23:09 - INFO: step3.py, <module>:    Set up parallel envrionment and run PB solver.
2026-09-22 08:23:09 - INFO: step3.py, <module>:    Running PBE solver in 1 threads
2026-09-22 08:23:09 - INFO: step3.py, pbe: ForkPoolWorker-1: Calling delphi to calculate conformer (1/677) GLU01A0815_001 in /tmp/pbe_data.data.home.granepura.5-Kinases.Kinases_MCCE.Trial01.run_apo.3WZE_GLU01A0815_001
2026-09-22 08:23:13 - INFO: step3.py, pbe: ForkPoolWorker-1: Calling delphi to calculate conformer (2/677) GLU01A0815_002 in /tmp/pbe_data.data.home.granepura.5-Kinases.Kinases_MCCE.Trial01.run_apo.3WZE_GLU01A0815_002
2026-09-22 08:23:17 - INFO: step3.py, pbe: ForkPoolWorker-1: Calling delphi to calculate conformer (3/677) GLU02A0815_003 in /tmp/pbe_data.data.home.granepura.5-Kinases.Kinases_MCCE.Trial01.run_apo.3WZE_GLU02A0815_003
2026-09-22 08:23:21 - INFO: step3.py, pbe: ForkPoolWorker-1: Calling delphi to calculate conformer (4/677) GLU02A0815_004 in /tmp/pbe_data.data.home.granepura.5-Kinases.Kinases_MCCE.Trial01.run_apo.3WZE_GLU02A0815_004
2026-09-22 08:23:25 - INFO: step3.py, pbe: ForkPoolWorker-1: Calling delphi to calculate conformer (5/677) GLU-1A0815_005 in /tmp/pbe_data.data.home.granepura.5-Kinases.Kinases_MCCE.Trial01.run_apo.3WZE_GLU-1A0815_005
2026-09-22 08:23:29 - INFO: step3.py, pbe: ForkPoolWorker-1: Calling delphi to calculate conformer (6/677) HIS01A0816_001 in /tmp/pbe_data.data.home.granepura.5-Kinases.Kinases_MCCE.Trial01.run_apo.3WZE_HIS01A0816_001
2026-09-22 08:23:33 - INFO: step3.py, pbe: ForkPoolWorker-1: Calling delphi to calculate conformer (7/677) HIS01A0816_002 in /tmp/pbe_data.data.home.granepura.5-Kinases.Kinases_MCCE.Trial01.run_apo.3WZE_HIS01A0816_002
2026-09-22 08:23:37 - INFO: step3.py, pbe: ForkPoolWorker-1: Calling delphi to calculate conformer (8/677) HIS02A0816_003 in /tmp/pbe_data.data.home.granepura.5-Kinases.Kinases_MCCE.Trial01.run_apo.3WZE_HIS02A0816_003
2026-09-22 08:23:41 - INFO: step3.py, pbe: ForkPoolWorker-1: Calling delphi to calculate conformer (9/677) HIS02A0816_004 in /tmp/pbe_data.data.home.granepura.5-Kinases.Kinases_MCCE.Trial01.run_apo.3WZE_HIS02A0816_004
2026-09-22 08:23:45 - INFO: step3.py, pbe: ForkPoolWorker-1: Calling delphi to calculate conformer (10/677) HIS+1A0816_005 in /tmp/pbe_data.data.home.granepura.5-Kinases.Kinases_MCCE.Trial01.run_apo.3WZE_HIS+1A0816_005
2026-09-22 08:23:50 - INFO: step3.py, pbe: ForkPoolWorker-1: Calling delphi to calculate conformer (11/677) HIS+1A0816_006 in /tmp/pbe_data.data.home.granepura.5-Kinases.Kinases_MCCE.Trial01.run_apo.3WZE_HIS+1A0816_006
2026-09-22 08:23:54 - INFO: step3.py, pbe: ForkPoolWorker-1: Calling delphi to calculate conformer (12/677) CYS01A0817_001 in /tmp/pbe_data.data.home.granepura.5-Kinases.Kinases_MCCE.Trial01.run_apo.3WZE_CYS01A0817_001
2026-09-22 08:23:58 - INFO: step3.py, pbe: ForkPoolWorker-1: Calling delphi to calculate conformer (13/677) CYS01A0817_002 in /tmp/pbe_data.data.home.granepura.5-Kinases.Kinases_MCCE.Trial01.run_apo.3WZE_CYS01A0817_002
2026-09-22 08:24:02 - INFO: step3.py, pbe: ForkPoolWorker-1: Calling delphi to calculate conformer (14/677) CYS01A0817_003 in /tmp/pbe_data.data.home.granepura.5-Kinases.Kinases_MCCE.Trial01.run_apo.3WZE_CYS01A0817_003
2026-09-22 08:24:06 - INFO: step3.py, pbe: ForkPoolWorker-1: Calling delphi to calculate conformer (15/677) CYS-1A0817_004 in /tmp/pbe_data.data.home.granepura.5-Kinases.Kinases_MCCE.Trial01.run_apo.3WZE_CYS-1A0817_004
2026-09-22 08:24:10 - INFO: step3.py, pbe: ForkPoolWorker-1: Calling delphi to calculate conformer (16/677) GLU01A0818_001 in /tmp/pbe_data.data.home.granepura.5-Kinases.Kinases_MCCE.Trial01.run_apo.3WZE_GLU01A0818_001
2026-09-22 08:24:14 - INFO: step3.py, pbe: ForkPoolWorker-1: Calling delphi to calculate conformer (17/677) GLU01A0818_002 in /tmp/pbe_data.data.home.granepura.5-Kinases.Kinases_MCCE.Trial01.run_apo.3WZE_GLU01A0818_002
2026-09-22 08:24:18 - INFO: step3.py, pbe: ForkPoolWorker-1: Calling delphi to calculate conformer (18/677) GLU02A0818_003 in /tmp/pbe_data.data.home.granepura.5-Kinases.Kinases_MCCE.Trial01.run_apo.3WZE_GLU02A0818_003
2026-09-22 08:24:22 - INFO: step3.py, pbe: ForkPoolWorker-1: Calling delphi to calculate conformer (19/677) GLU02A0818_004 in /tmp/pbe_data.data.home.granepura.5-Kinases.Kinases_MCCE.Trial01.run_apo.3WZE_GLU02A0818_004
2026-09-22 08:24:26 - INFO: step3.py, pbe: ForkPoolWorker-1: Calling delphi to calculate conformer (20/677) GLU-1A0818_005 in /tmp/pbe_data.data.home.granepura.5-Kinases.Kinases_MCCE.Trial01.run_apo.3WZE_GLU-1A0818_005
2026-09-22 08:24:30 - INFO: step3.py, pbe: ForkPoolWorker-1: Calling delphi to calculate conformer (21/677) ARG01A0819_001 in /tmp/pbe_data.data.home.granepura.5-Kinases.Kinases_MCCE.Trial01.run_apo.3WZE_ARG01A0819_001
2026-09-22 08:24:34 - INFO: step3.py, pbe: ForkPoolWorker-1: Calling delphi to calculate conformer (22/677) ARG02A0819_002 in /tmp/pbe_data.data.home.granepura.5-Kinases.Kinases_MCCE.Trial01.run_apo.3WZE_ARG02A0819_002
2026-09-22 08:24:38 - INFO: step3.py, pbe: ForkPoolWorker-1: Calling delphi to calculate conformer (23/677) ARG03A0819_003 in /tmp/pbe_data.data.home.granepura.5-Kinases.Kinases_MCCE.Trial01.run_apo.3WZE_ARG03A0819_003
2026-09-22 08:24:42 - INFO: step3.py, pbe: ForkPoolWorker-1: Calling delphi to calculate conformer (24/677) ARG+1A0819_004 in /tmp/pbe_data.data.home.granepura.5-Kinases.Kinases_MCCE.Trial01.run_apo.3WZE_ARG+1A0819_004
2026-09-22 08:24:46 - INFO: step3.py, pbe: Skipping PBE solver for non-charge conformer (25/677) LEU01A0820_001...
2026-09-22 08:24:46 - INFO: step3.py, pbe: Skipping PBE solver for non-charge conformer (26/677) PRO01A0821_001...
2026-09-22 08:24:46 - INFO: step3.py, pbe: ForkPoolWorker-1: Calling delphi to calculate conformer (27/677) TYR01A0822_001 in /tmp/pbe_data.data.home.granepura.5-Kinases.Kinases_MCCE.Trial01.run_apo.3WZE_TYR01A0822_001
2026-09-22 08:24:50 - INFO: step3.py, pbe: ForkPoolWorker-1: Calling delphi to calculate conformer (28/677) TYR01A0822_002 in /tmp/pbe_data.data.home.granepura.5-Kinases.Kinases_MCCE.Trial01.run_apo.3WZE_TYR01A0822_002
2026-09-22 08:24:54 - INFO: step3.py, pbe: ForkPoolWorker-1: Calling delphi to calculate conformer (29/677) TYR-1A0822_003 in /tmp/pbe_data.data.home.granepura.5-Kinases.Kinases_MCCE.Trial01.run_apo.3WZE_TYR-1A0822_003
2026-09-22 08:24:58 - INFO: step3.py, pbe: ForkPoolWorker-1: Calling delphi to calculate conformer (30/677) ASP01A0823_001 in /tmp/pbe_data.data.home.granepura.5-Kinases.Kinases_MCCE.Trial01.run_apo.3WZE_ASP01A0823_001
2026-09-22 08:25:02 - INFO: step3.py, pbe: ForkPoolWorker-1: Calling delphi to calculate conformer (31/677) ASP01A0823_002 in /tmp/pbe_data.data.home.granepura.5-Kinases.Kinases_MCCE.Trial01.run_apo.3WZE_ASP01A0823_002
2026-09-22 08:25:06 - INFO: step3.py, pbe: ForkPoolWorker-1: Calling delphi to calculate conformer (32/677) ASP01A0823_003 in /tmp/pbe_data.data.home.granepura.5-Kinases.Kinases_MCCE.Trial01.run_apo.3WZE_ASP01A0823_003
2026-09-22 08:25:10 - INFO: step3.py, pbe: ForkPoolWorker-1: Calling delphi to calculate conformer (33/677) ASP01A0823_004 in /tmp/pbe_data.data.home.granepura.5-Kinases.Kinases_MCCE.Trial01.run_apo.3WZE_ASP01A0823_004
2026-09-22 08:25:14 - INFO: step3.py, pbe: ForkPoolWorker-1: Calling delphi to calculate conformer (34/677) ASP02A0823_005 in /tmp/pbe_data.data.home.granepura.5-Kinases.Kinases_MCCE.Trial01.run_apo.3WZE_ASP02A0823_005
2026-09-22 08:25:18 - INFO: step3.py, pbe: ForkPoolWorker-1: Calling delphi to calculate conformer (35/677) ASP02A0823_006 in /tmp/pbe_data.data.home.granepura.5-Kinases.Kinases_MCCE.Trial01.run_apo.3WZE_ASP02A0823_006
2026-09-22 08:25:22 - INFO: step3.py, pbe: ForkPoolWorker-1: Calling delphi to calculate conformer (36/677) ASP02A0823_007 in /tmp/pbe_data.data.home.granepura.5-Kinases.Kinases_MCCE.Trial01.run_apo.3WZE_ASP02A0823_007
2026-09-22 08:25:26 - INFO: step3.py, pbe: ForkPoolWorker-1: Calling delphi to calculate conformer (37/677) ASP02A0823_008 in /tmp/pbe_data.data.home.granepura.5-Kinases.Kinases_MCCE.Trial01.run_apo.3WZE_ASP02A0823_008
2026-09-22 08:25:30 - INFO: step3.py, pbe: ForkPoolWorker-1: Calling delphi to calculate conformer (38/677) ASP-1A0823_009 in /tmp/pbe_data.data.home.granepura.5-Kinases.Kinases_MCCE.Trial01.run_apo.3WZE_ASP-1A0823_009
2026-09-22 08:25:34 - INFO: step3.py, pbe: ForkPoolWorker-1: Calling delphi to calculate conformer (39/677) ASP-1A0823_010 in /tmp/pbe_data.data.home.granepura.5-Kinases.Kinases_MCCE.Trial01.run_apo.3WZE_ASP-1A0823_010
2026-09-22 08:25:38 - INFO: step3.py, pbe: Skipping PBE solver for non-charge conformer (40/677) ALA01A0824_001...
2026-09-22 08:25:38 - INFO: step3.py, pbe: ForkPoolWorker-1: Calling delphi to calculate conformer (41/677) SER01A0825_001 in /tmp/pbe_data.data.home.granepura.5-Kinases.Kinases_MCCE.Trial01.run_apo.3WZE_SER01A0825_001
2026-09-22 08:25:42 - INFO: step3.py, pbe: ForkPoolWorker-1: Calling delphi to calculate conformer (42/677) SER01A0825_002 in /tmp/pbe_data.data.home.granepura.5-Kinases.Kinases_MCCE.Trial01.run_apo.3WZE_SER01A0825_002
2026-09-22 08:25:47 - INFO: step3.py, pbe: ForkPoolWorker-1: Calling delphi to calculate conformer (43/677) SER01A0825_003 in /tmp/pbe_data.data.home.granepura.5-Kinases.Kinases_MCCE.Trial01.run_apo.3WZE_SER01A0825_003
2026-09-22 08:25:51 - INFO: step3.py, pbe: ForkPoolWorker-1: Calling delphi to calculate conformer (44/677) SER01A0825_004 in /tmp/pbe_data.data.home.granepura.5-Kinases.Kinases_MCCE.Trial01.run_apo.3WZE_SER01A0825_004
2026-09-22 08:25:55 - INFO: step3.py, pbe: ForkPoolWorker-1: Calling delphi to calculate conformer (45/677) LYS01A0826_001 in /tmp/pbe_data.data.home.granepura.5-Kinases.Kinases_MCCE.Trial01.run_apo.3WZE_LYS01A0826_001
2026-09-22 08:25:59 - INFO: step3.py, pbe: ForkPoolWorker-1: Calling delphi to calculate conformer (46/677) LYS+1A0826_002 in /tmp/pbe_data.data.home.granepura.5-Kinases.Kinases_MCCE.Trial01.run_apo.3WZE_LYS+1A0826_002
2026-09-22 08:26:03 - INFO: step3.py, pbe: Skipping PBE solver for non-charge conformer (47/677) TRP01A0827_001...
2026-09-22 08:26:03 - INFO: step3.py, pbe: ForkPoolWorker-1: Calling delphi to calculate conformer (48/677) GLU01A0828_001 in /tmp/pbe_data.data.home.granepura.5-Kinases.Kinases_MCCE.Trial01.run_apo.3WZE_GLU01A0828_001
2026-09-22 08:26:07 - INFO: step3.py, pbe: ForkPoolWorker-1: Calling delphi to calculate conformer (49/677) GLU01A0828_002 in /tmp/pbe_data.data.home.granepura.5-Kinases.Kinases_MCCE.Trial01.run_apo.3WZE_GLU01A0828_002
2026-09-22 08:26:11 - INFO: step3.py, pbe: ForkPoolWorker-1: Calling delphi to calculate conformer (50/677) GLU02A0828_003 in /tmp/pbe_data.data.home.granepura.5-Kinases.Kinases_MCCE.Trial01.run_apo.3WZE_GLU02A0828_003
2026-09-22 08:26:15 - INFO: step3.py, pbe: ForkPoolWorker-1: Calling delphi to calculate conformer (51/677) GLU02A0828_004 in /tmp/pbe_data.data.home.granepura.5-Kinases.Kinases_MCCE.Trial01.run_apo.3WZE_GLU02A0828_004
2026-09-22 08:26:19 - INFO: step3.py, pbe: ForkPoolWorker-1: Calling delphi to calculate conformer (52/677) GLU-1A0828_005 in /tmp/pbe_data.data.home.granepura.5-Kinases.Kinases_MCCE.Trial01.run_apo.3WZE_GLU-1A0828_005
2026-09-22 08:26:23 - INFO: step3.py, pbe: Skipping PBE solver for non-charge conformer (53/677) PHE01A0829_001...
2026-09-22 08:26:23 - INFO: step3.py, pbe: Skipping PBE solver for non-charge conformer (54/677) PRO01A0830_001...
2026-09-22 08:26:23 - INFO: step3.py, pbe: ForkPoolWorker-1: Calling delphi to calculate conformer (55/677) ARG01A0831_001 in /tmp/pbe_data.data.home.granepura.5-Kinases.Kinases_MCCE.Trial01.run_apo.3WZE_ARG01A0831_001
2026-09-22 08:26:27 - INFO: step3.py, pbe: ForkPoolWorker-1: Calling delphi to calculate conformer (56/677) ARG02A0831_002 in /tmp/pbe_data.data.home.granepura.5-Kinases.Kinases_MCCE.Trial01.run_apo.3WZE_ARG02A0831_002
2026-09-22 08:26:31 - INFO: step3.py, pbe: ForkPoolWorker-1: Calling delphi to calculate conformer (57/677) ARG03A0831_003 in /tmp/pbe_data.data.home.granepura.5-Kinases.Kinases_MCCE.Trial01.run_apo.3WZE_ARG03A0831_003
2026-09-22 08:26:35 - INFO: step3.py, pbe: ForkPoolWorker-1: Calling delphi to calculate conformer (58/677) ARG03A0831_004 in /tmp/pbe_data.data.home.granepura.5-Kinases.Kinases_MCCE.Trial01.run_apo.3WZE_ARG03A0831_004
2026-09-22 08:26:39 - INFO: step3.py, pbe: ForkPoolWorker-1: Calling delphi to calculate conformer (59/677) ARG+1A0831_005 in /tmp/pbe_data.data.home.granepura.5-Kinases.Kinases_MCCE.Trial01.run_apo.3WZE_ARG+1A0831_005
2026-09-22 08:26:43 - INFO: step3.py, pbe: ForkPoolWorker-1: Calling delphi to calculate conformer (60/677) ASP01A0832_001 in /tmp/pbe_data.data.home.granepura.5-Kinases.Kinases_MCCE.Trial01.run_apo.3WZE_ASP01A0832_001
2026-09-22 08:26:47 - INFO: step3.py, pbe: ForkPoolWorker-1: Calling delphi to calculate conformer (61/677) ASP01A0832_002 in /tmp/pbe_data.data.home.granepura.5-Kinases.Kinases_MCCE.Trial01.run_apo.3WZE_ASP01A0832_002
2026-09-22 08:26:51 - INFO: step3.py, pbe: ForkPoolWorker-1: Calling delphi to calculate conformer (62/677) ASP02A0832_003 in /tmp/pbe_data.data.home.granepura.5-Kinases.Kinases_MCCE.Trial01.run_apo.3WZE_ASP02A0832_003
2026-09-22 08:26:55 - INFO: step3.py, pbe: ForkPoolWorker-1: Calling delphi to calculate conformer (63/677) ASP02A0832_004 in /tmp/pbe_data.data.home.granepura.5-Kinases.Kinases_MCCE.Trial01.run_apo.3WZE_ASP02A0832_004
2026-09-22 08:26:59 - INFO: step3.py, pbe: ForkPoolWorker-1: Calling delphi to calculate conformer (64/677) ASP-1A0832_005 in /tmp/pbe_data.data.home.granepura.5-Kinases.Kinases_MCCE.Trial01.run_apo.3WZE_ASP-1A0832_005
2026-09-22 08:27:03 - INFO: step3.py, pbe: ForkPoolWorker-1: Calling delphi to calculate conformer (65/677) ARG01A0833_001 in /tmp/pbe_data.data.home.granepura.5-Kinases.Kinases_MCCE.Trial01.run_apo.3WZE_ARG01A0833_001
2026-09-22 08:27:07 - INFO: step3.py, pbe: ForkPoolWorker-1: Calling delphi to calculate conformer (66/677) ARG02A0833_002 in /tmp/pbe_data.data.home.granepura.5-Kinases.Kinases_MCCE.Trial01.run_apo.3WZE_ARG02A0833_002
2026-09-22 08:27:11 - INFO: step3.py, pbe: ForkPoolWorker-1: Calling delphi to calculate conformer (67/677) ARG03A0833_003 in /tmp/pbe_data.data.home.granepura.5-Kinases.Kinases_MCCE.Trial01.run_apo.3WZE_ARG03A0833_003
2026-09-22 08:27:15 - INFO: step3.py, pbe: ForkPoolWorker-1: Calling delphi to calculate conformer (68/677) ARG+1A0833_004 in /tmp/pbe_data.data.home.granepura.5-Kinases.Kinases_MCCE.Trial01.run_apo.3WZE_ARG+1A0833_004
2026-09-22 08:27:19 - INFO: step3.py, pbe: Skipping PBE solver for non-charge conformer (69/677) LEU01A0834_001...
2026-09-22 08:27:19 - INFO: step3.py, pbe: ForkPoolWorker-1: Calling delphi to calculate conformer (70/677) LYS01A0835_001 in /tmp/pbe_data.data.home.granepura.5-Kinases.Kinases_MCCE.Trial01.run_apo.3WZE_LYS01A0835_001
2026-09-22 08:27:23 - INFO: step3.py, pbe: ForkPoolWorker-1: Calling delphi to calculate conformer (71/677) LYS+1A0835_002 in /tmp/pbe_data.data.home.granepura.5-Kinases.Kinases_MCCE.Trial01.run_apo.3WZE_LYS+1A0835_002
2026-09-22 08:27:27 - INFO: step3.py, pbe: Skipping PBE solver for non-charge conformer (72/677) LEU01A0836_001...
2026-09-22 08:27:27 - INFO: step3.py, pbe: ForkPoolWorker-1: Calling delphi to calculate conformer (73/677) LYS01A0838_001 in /tmp/pbe_data.data.home.granepura.5-Kinases.Kinases_MCCE.Trial01.run_apo.3WZE_LYS01A0838_001
2026-09-22 08:27:31 - INFO: step3.py, pbe: ForkPoolWorker-1: Calling delphi to calculate conformer (74/677) LYS+1A0838_002 in /tmp/pbe_data.data.home.granepura.5-Kinases.Kinases_MCCE.Trial01.run_apo.3WZE_LYS+1A0838_002
2026-09-22 08:27:35 - INFO: step3.py, pbe: Skipping PBE solver for non-charge conformer (75/677) PRO01A0839_001...
2026-09-22 08:27:35 - INFO: step3.py, pbe: Skipping PBE solver for non-charge conformer (76/677) LEU01A0840_001...
2026-09-22 08:27:35 - INFO: step3.py, pbe: ForkPoolWorker-1: Calling delphi to calculate conformer (77/677) ARG01A0842_001 in /tmp/pbe_data.data.home.granepura.5-Kinases.Kinases_MCCE.Trial01.run_apo.3WZE_ARG01A0842_001
2026-09-22 08:27:39 - INFO: step3.py, pbe: ForkPoolWorker-1: Calling delphi to calculate conformer (78/677) ARG02A0842_002 in /tmp/pbe_data.data.home.granepura.5-Kinases.Kinases_MCCE.Trial01.run_apo.3WZE_ARG02A0842_002
2026-09-22 08:27:43 - INFO: step3.py, pbe: ForkPoolWorker-1: Calling delphi to calculate conformer (79/677) ARG03A0842_003 in /tmp/pbe_data.data.home.granepura.5-Kinases.Kinases_MCCE.Trial01.run_apo.3WZE_ARG03A0842_003
2026-09-22 08:27:47 - INFO: step3.py, pbe: ForkPoolWorker-1: Calling delphi to calculate conformer (80/677) ARG+1A0842_004 in /tmp/pbe_data.data.home.granepura.5-Kinases.Kinases_MCCE.Trial01.run_apo.3WZE_ARG+1A0842_004
2026-09-22 08:27:51 - INFO: step3.py, pbe: Skipping PBE solver for non-charge conformer (81/677) ALA01A0844_001...
2026-09-22 08:27:51 - INFO: step3.py, pbe: Skipping PBE solver for non-charge conformer (82/677) PHE01A0845_001...
2026-09-22 08:27:51 - INFO: step3.py, pbe: ForkPoolWorker-1: Calling delphi to calculate conformer (83/677) GLN01A0847_001 in /tmp/pbe_data.data.home.granepura.5-Kinases.Kinases_MCCE.Trial01.run_apo.3WZE_GLN01A0847_001
2026-09-22 08:27:55 - INFO: step3.py, pbe: ForkPoolWorker-1: Calling delphi to calculate conformer (84/677) GLN01A0847_002 in /tmp/pbe_data.data.home.granepura.5-Kinases.Kinases_MCCE.Trial01.run_apo.3WZE_GLN01A0847_002
2026-09-22 08:27:59 - INFO: step3.py, pbe: Skipping PBE solver for non-charge conformer (85/677) VAL01A0848_001...
2026-09-22 08:27:59 - INFO: step3.py, pbe: Skipping PBE solver for non-charge conformer (86/677) ILE01A0849_001...
2026-09-22 08:27:59 - INFO: step3.py, pbe: ForkPoolWorker-1: Calling delphi to calculate conformer (87/677) GLU01A0850_001 in /tmp/pbe_data.data.home.granepura.5-Kinases.Kinases_MCCE.Trial01.run_apo.3WZE_GLU01A0850_001
2026-09-22 08:28:03 - INFO: step3.py, pbe: ForkPoolWorker-1: Calling delphi to calculate conformer (88/677) GLU01A0850_002 in /tmp/pbe_data.data.home.granepura.5-Kinases.Kinases_MCCE.Trial01.run_apo.3WZE_GLU01A0850_002
2026-09-22 08:28:07 - INFO: step3.py, pbe: ForkPoolWorker-1: Calling delphi to calculate conformer (89/677) GLU02A0850_003 in /tmp/pbe_data.data.home.granepura.5-Kinases.Kinases_MCCE.Trial01.run_apo.3WZE_GLU02A0850_003
2026-09-22 08:28:11 - INFO: step3.py, pbe: ForkPoolWorker-1: Calling delphi to calculate conformer (90/677) GLU02A0850_004 in /tmp/pbe_data.data.home.granepura.5-Kinases.Kinases_MCCE.Trial01.run_apo.3WZE_GLU02A0850_004
2026-09-22 08:28:15 - INFO: step3.py, pbe: ForkPoolWorker-1: Calling delphi to calculate conformer (91/677) GLU-1A0850_005 in /tmp/pbe_data.data.home.granepura.5-Kinases.Kinases_MCCE.Trial01.run_apo.3WZE_GLU-1A0850_005
2026-09-22 08:28:19 - INFO: step3.py, pbe: Skipping PBE solver for non-charge conformer (92/677) ALA01A0851_001...
2026-09-22 08:28:19 - INFO: step3.py, pbe: ForkPoolWorker-1: Calling delphi to calculate conformer (93/677) ASP01A0852_001 in /tmp/pbe_data.data.home.granepura.5-Kinases.Kinases_MCCE.Trial01.run_apo.3WZE_ASP01A0852_001
2026-09-22 08:28:23 - INFO: step3.py, pbe: ForkPoolWorker-1: Calling delphi to calculate conformer (94/677) ASP01A0852_002 in /tmp/pbe_data.data.home.granepura.5-Kinases.Kinases_MCCE.Trial01.run_apo.3WZE_ASP01A0852_002
2026-09-22 08:28:27 - INFO: step3.py, pbe: ForkPoolWorker-1: Calling delphi to calculate conformer (95/677) ASP02A0852_003 in /tmp/pbe_data.data.home.granepura.5-Kinases.Kinases_MCCE.Trial01.run_apo.3WZE_ASP02A0852_003
2026-09-22 08:28:31 - INFO: step3.py, pbe: ForkPoolWorker-1: Calling delphi to calculate conformer (96/677) ASP02A0852_004 in /tmp/pbe_data.data.home.granepura.5-Kinases.Kinases_MCCE.Trial01.run_apo.3WZE_ASP02A0852_004
2026-09-22 08:28:35 - INFO: step3.py, pbe: ForkPoolWorker-1: Calling delphi to calculate conformer (97/677) ASP-1A0852_005 in /tmp/pbe_data.data.home.granepura.5-Kinases.Kinases_MCCE.Trial01.run_apo.3WZE_ASP-1A0852_005
2026-09-22 08:28:39 - INFO: step3.py, pbe: Skipping PBE solver for non-charge conformer (98/677) ALA01A0853_001...
2026-09-22 08:28:39 - INFO: step3.py, pbe: Skipping PBE solver for non-charge conformer (99/677) PHE01A0854_001...
2026-09-22 08:28:39 - INFO: step3.py, pbe: Skipping PBE solver for non-charge conformer (100/677) ILE01A0856_001...
2026-09-22 08:28:39 - INFO: step3.py, pbe: ForkPoolWorker-1: Calling delphi to calculate conformer (101/677) ASP01A0857_001 in /tmp/pbe_data.data.home.granepura.5-Kinases.Kinases_MCCE.Trial01.run_apo.3WZE_ASP01A0857_001
2026-09-22 08:28:43 - INFO: step3.py, pbe: ForkPoolWorker-1: Calling delphi to calculate conformer (102/677) ASP01A0857_002 in /tmp/pbe_data.data.home.granepura.5-Kinases.Kinases_MCCE.Trial01.run_apo.3WZE_ASP01A0857_002
2026-09-22 08:28:47 - INFO: step3.py, pbe: ForkPoolWorker-1: Calling delphi to calculate conformer (103/677) ASP02A0857_003 in /tmp/pbe_data.data.home.granepura.5-Kinases.Kinases_MCCE.Trial01.run_apo.3WZE_ASP02A0857_003
2026-09-22 08:28:51 - INFO: step3.py, pbe: ForkPoolWorker-1: Calling delphi to calculate conformer (104/677) ASP02A0857_004 in /tmp/pbe_data.data.home.granepura.5-Kinases.Kinases_MCCE.Trial01.run_apo.3WZE_ASP02A0857_004
2026-09-22 08:28:55 - INFO: step3.py, pbe: ForkPoolWorker-1: Calling delphi to calculate conformer (105/677) ASP-1A0857_005 in /tmp/pbe_data.data.home.granepura.5-Kinases.Kinases_MCCE.Trial01.run_apo.3WZE_ASP-1A0857_005
2026-09-22 08:28:59 - INFO: step3.py, pbe: ForkPoolWorker-1: Calling delphi to calculate conformer (106/677) LYS01A0858_001 in /tmp/pbe_data.data.home.granepura.5-Kinases.Kinases_MCCE.Trial01.run_apo.3WZE_LYS01A0858_001
2026-09-22 08:29:03 - INFO: step3.py, pbe: ForkPoolWorker-1: Calling delphi to calculate conformer (107/677) LYS+1A0858_002 in /tmp/pbe_data.data.home.granepura.5-Kinases.Kinases_MCCE.Trial01.run_apo.3WZE_LYS+1A0858_002
2026-09-22 08:29:07 - INFO: step3.py, pbe: ForkPoolWorker-1: Calling delphi to calculate conformer (108/677) THR01A0859_001 in /tmp/pbe_data.data.home.granepura.5-Kinases.Kinases_MCCE.Trial01.run_apo.3WZE_THR01A0859_001
2026-09-22 08:29:11 - INFO: step3.py, pbe: Skipping PBE solver for non-charge conformer (109/677) ALA01A0860_001...
2026-09-22 08:29:11 - INFO: step3.py, pbe: ForkPoolWorker-1: Calling delphi to calculate conformer (110/677) THR01A0861_001 in /tmp/pbe_data.data.home.granepura.5-Kinases.Kinases_MCCE.Trial01.run_apo.3WZE_THR01A0861_001
2026-09-22 08:29:15 - INFO: step3.py, pbe: ForkPoolWorker-1: Calling delphi to calculate conformer (111/677) THR01A0861_002 in /tmp/pbe_data.data.home.granepura.5-Kinases.Kinases_MCCE.Trial01.run_apo.3WZE_THR01A0861_002
2026-09-22 08:29:19 - INFO: step3.py, pbe: ForkPoolWorker-1: Calling delphi to calculate conformer (112/677) THR01A0861_003 in /tmp/pbe_data.data.home.granepura.5-Kinases.Kinases_MCCE.Trial01.run_apo.3WZE_THR01A0861_003
2026-09-22 08:29:23 - INFO: step3.py, pbe: ForkPoolWorker-1: Calling delphi to calculate conformer (113/677) CYS01A0862_001 in /tmp/pbe_data.data.home.granepura.5-Kinases.Kinases_MCCE.Trial01.run_apo.3WZE_CYS01A0862_001
2026-09-22 08:29:27 - INFO: step3.py, pbe: ForkPoolWorker-1: Calling delphi to calculate conformer (114/677) CYS01A0862_002 in /tmp/pbe_data.data.home.granepura.5-Kinases.Kinases_MCCE.Trial01.run_apo.3WZE_CYS01A0862_002
2026-09-22 08:29:30 - INFO: step3.py, pbe: ForkPoolWorker-1: Calling delphi to calculate conformer (115/677) CYS01A0862_003 in /tmp/pbe_data.data.home.granepura.5-Kinases.Kinases_MCCE.Trial01.run_apo.3WZE_CYS01A0862_003
2026-09-22 08:29:35 - INFO: step3.py, pbe: ForkPoolWorker-1: Calling delphi to calculate conformer (116/677) CYS-1A0862_004 in /tmp/pbe_data.data.home.granepura.5-Kinases.Kinases_MCCE.Trial01.run_apo.3WZE_CYS-1A0862_004
2026-09-22 08:29:38 - INFO: step3.py, pbe: ForkPoolWorker-1: Calling delphi to calculate conformer (117/677) ARG01A0863_001 in /tmp/pbe_data.data.home.granepura.5-Kinases.Kinases_MCCE.Trial01.run_apo.3WZE_ARG01A0863_001
2026-09-22 08:29:42 - INFO: step3.py, pbe: ForkPoolWorker-1: Calling delphi to calculate conformer (118/677) ARG02A0863_002 in /tmp/pbe_data.data.home.granepura.5-Kinases.Kinases_MCCE.Trial01.run_apo.3WZE_ARG02A0863_002
2026-09-22 08:29:46 - INFO: step3.py, pbe: ForkPoolWorker-1: Calling delphi to calculate conformer (119/677) ARG02A0863_003 in /tmp/pbe_data.data.home.granepura.5-Kinases.Kinases_MCCE.Trial01.run_apo.3WZE_ARG02A0863_003
2026-09-22 08:29:50 - INFO: step3.py, pbe: ForkPoolWorker-1: Calling delphi to calculate conformer (120/677) ARG03A0863_004 in /tmp/pbe_data.data.home.granepura.5-Kinases.Kinases_MCCE.Trial01.run_apo.3WZE_ARG03A0863_004
2026-09-22 08:29:55 - INFO: step3.py, pbe: ForkPoolWorker-1: Calling delphi to calculate conformer (121/677) ARG+1A0863_005 in /tmp/pbe_data.data.home.granepura.5-Kinases.Kinases_MCCE.Trial01.run_apo.3WZE_ARG+1A0863_005
2026-09-22 08:29:59 - INFO: step3.py, pbe: ForkPoolWorker-1: Calling delphi to calculate conformer (122/677) THR01A0864_001 in /tmp/pbe_data.data.home.granepura.5-Kinases.Kinases_MCCE.Trial01.run_apo.3WZE_THR01A0864_001
2026-09-22 08:30:03 - INFO: step3.py, pbe: ForkPoolWorker-1: Calling delphi to calculate conformer (123/677) THR01A0864_002 in /tmp/pbe_data.data.home.granepura.5-Kinases.Kinases_MCCE.Trial01.run_apo.3WZE_THR01A0864_002
2026-09-22 08:30:06 - INFO: step3.py, pbe: Skipping PBE solver for non-charge conformer (124/677) VAL01A0865_001...
2026-09-22 08:30:06 - INFO: step3.py, pbe: Skipping PBE solver for non-charge conformer (125/677) ALA01A0866_001...
2026-09-22 08:30:07 - INFO: step3.py, pbe: Skipping PBE solver for non-charge conformer (126/677) VAL01A0867_001...
2026-09-22 08:30:07 - INFO: step3.py, pbe: ForkPoolWorker-1: Calling delphi to calculate conformer (127/677) LYS01A0868_001 in /tmp/pbe_data.data.home.granepura.5-Kinases.Kinases_MCCE.Trial01.run_apo.3WZE_LYS01A0868_001
2026-09-22 08:30:11 - INFO: step3.py, pbe: ForkPoolWorker-1: Calling delphi to calculate conformer (128/677) LYS+1A0868_002 in /tmp/pbe_data.data.home.granepura.5-Kinases.Kinases_MCCE.Trial01.run_apo.3WZE_LYS+1A0868_002
2026-09-22 08:30:15 - INFO: step3.py, pbe: ForkPoolWorker-1: Calling delphi to calculate conformer (129/677) MET01A0869_001 in /tmp/pbe_data.data.home.granepura.5-Kinases.Kinases_MCCE.Trial01.run_apo.3WZE_MET01A0869_001
2026-09-22 08:30:19 - INFO: step3.py, pbe: Skipping PBE solver for non-charge conformer (130/677) LEU01A0870_001...
2026-09-22 08:30:19 - INFO: step3.py, pbe: ForkPoolWorker-1: Calling delphi to calculate conformer (131/677) LYS01A0871_001 in /tmp/pbe_data.data.home.granepura.5-Kinases.Kinases_MCCE.Trial01.run_apo.3WZE_LYS01A0871_001
2026-09-22 08:30:23 - INFO: step3.py, pbe: ForkPoolWorker-1: Calling delphi to calculate conformer (132/677) LYS+1A0871_002 in /tmp/pbe_data.data.home.granepura.5-Kinases.Kinases_MCCE.Trial01.run_apo.3WZE_LYS+1A0871_002
2026-09-22 08:30:27 - INFO: step3.py, pbe: ForkPoolWorker-1: Calling delphi to calculate conformer (133/677) GLU01A0872_001 in /tmp/pbe_data.data.home.granepura.5-Kinases.Kinases_MCCE.Trial01.run_apo.3WZE_GLU01A0872_001
2026-09-22 08:30:30 - INFO: step3.py, pbe: ForkPoolWorker-1: Calling delphi to calculate conformer (134/677) GLU01A0872_002 in /tmp/pbe_data.data.home.granepura.5-Kinases.Kinases_MCCE.Trial01.run_apo.3WZE_GLU01A0872_002
2026-09-22 08:30:34 - INFO: step3.py, pbe: ForkPoolWorker-1: Calling delphi to calculate conformer (135/677) GLU02A0872_003 in /tmp/pbe_data.data.home.granepura.5-Kinases.Kinases_MCCE.Trial01.run_apo.3WZE_GLU02A0872_003
2026-09-22 08:30:38 - INFO: step3.py, pbe: ForkPoolWorker-1: Calling delphi to calculate conformer (136/677) GLU02A0872_004 in /tmp/pbe_data.data.home.granepura.5-Kinases.Kinases_MCCE.Trial01.run_apo.3WZE_GLU02A0872_004
2026-09-22 08:30:42 - INFO: step3.py, pbe: ForkPoolWorker-1: Calling delphi to calculate conformer (137/677) GLU-1A0872_005 in /tmp/pbe_data.data.home.granepura.5-Kinases.Kinases_MCCE.Trial01.run_apo.3WZE_GLU-1A0872_005
2026-09-22 08:30:46 - INFO: step3.py, pbe: Skipping PBE solver for non-charge conformer (138/677) ALA01A0874_001...
2026-09-22 08:30:46 - INFO: step3.py, pbe: ForkPoolWorker-1: Calling delphi to calculate conformer (139/677) THR01A0875_001 in /tmp/pbe_data.data.home.granepura.5-Kinases.Kinases_MCCE.Trial01.run_apo.3WZE_THR01A0875_001
2026-09-22 08:30:50 - INFO: step3.py, pbe: ForkPoolWorker-1: Calling delphi to calculate conformer (140/677) THR01A0875_002 in /tmp/pbe_data.data.home.granepura.5-Kinases.Kinases_MCCE.Trial01.run_apo.3WZE_THR01A0875_002
2026-09-22 08:30:54 - INFO: step3.py, pbe: ForkPoolWorker-1: Calling delphi to calculate conformer (141/677) THR01A0875_003 in /tmp/pbe_data.data.home.granepura.5-Kinases.Kinases_MCCE.Trial01.run_apo.3WZE_THR01A0875_003
2026-09-22 08:30:58 - INFO: step3.py, pbe: ForkPoolWorker-1: Calling delphi to calculate conformer (142/677) THR01A0875_004 in /tmp/pbe_data.data.home.granepura.5-Kinases.Kinases_MCCE.Trial01.run_apo.3WZE_THR01A0875_004
2026-09-22 08:31:02 - INFO: step3.py, pbe: ForkPoolWorker-1: Calling delphi to calculate conformer (143/677) HIS01A0876_001 in /tmp/pbe_data.data.home.granepura.5-Kinases.Kinases_MCCE.Trial01.run_apo.3WZE_HIS01A0876_001
2026-09-22 08:31:06 - INFO: step3.py, pbe: ForkPoolWorker-1: Calling delphi to calculate conformer (144/677) HIS01A0876_002 in /tmp/pbe_data.data.home.granepura.5-Kinases.Kinases_MCCE.Trial01.run_apo.3WZE_HIS01A0876_002
2026-09-22 08:31:10 - INFO: step3.py, pbe: ForkPoolWorker-1: Calling delphi to calculate conformer (145/677) HIS01A0876_003 in /tmp/pbe_data.data.home.granepura.5-Kinases.Kinases_MCCE.Trial01.run_apo.3WZE_HIS01A0876_003
2026-09-22 08:31:14 - INFO: step3.py, pbe: ForkPoolWorker-1: Calling delphi to calculate conformer (146/677) HIS02A0876_004 in /tmp/pbe_data.data.home.granepura.5-Kinases.Kinases_MCCE.Trial01.run_apo.3WZE_HIS02A0876_004
2026-09-22 08:31:18 - INFO: step3.py, pbe: ForkPoolWorker-1: Calling delphi to calculate conformer (147/677) HIS02A0876_005 in /tmp/pbe_data.data.home.granepura.5-Kinases.Kinases_MCCE.Trial01.run_apo.3WZE_HIS02A0876_005
2026-09-22 08:31:22 - INFO: step3.py, pbe: ForkPoolWorker-1: Calling delphi to calculate conformer (148/677) HIS02A0876_006 in /tmp/pbe_data.data.home.granepura.5-Kinases.Kinases_MCCE.Trial01.run_apo.3WZE_HIS02A0876_006
2026-09-22 08:31:26 - INFO: step3.py, pbe: ForkPoolWorker-1: Calling delphi to calculate conformer (149/677) HIS+1A0876_007 in /tmp/pbe_data.data.home.granepura.5-Kinases.Kinases_MCCE.Trial01.run_apo.3WZE_HIS+1A0876_007
2026-09-22 08:31:30 - INFO: step3.py, pbe: ForkPoolWorker-1: Calling delphi to calculate conformer (150/677) HIS+1A0876_008 in /tmp/pbe_data.data.home.granepura.5-Kinases.Kinases_MCCE.Trial01.run_apo.3WZE_HIS+1A0876_008
2026-09-22 08:31:34 - INFO: step3.py, pbe: ForkPoolWorker-1: Calling delphi to calculate conformer (151/677) HIS+1A0876_009 in /tmp/pbe_data.data.home.granepura.5-Kinases.Kinases_MCCE.Trial01.run_apo.3WZE_HIS+1A0876_009
2026-09-22 08:31:38 - INFO: step3.py, pbe: ForkPoolWorker-1: Calling delphi to calculate conformer (152/677) SER01A0877_001 in /tmp/pbe_data.data.home.granepura.5-Kinases.Kinases_MCCE.Trial01.run_apo.3WZE_SER01A0877_001
2026-09-22 08:31:42 - INFO: step3.py, pbe: ForkPoolWorker-1: Calling delphi to calculate conformer (153/677) SER01A0877_002 in /tmp/pbe_data.data.home.granepura.5-Kinases.Kinases_MCCE.Trial01.run_apo.3WZE_SER01A0877_002
2026-09-22 08:31:46 - INFO: step3.py, pbe: ForkPoolWorker-1: Calling delphi to calculate conformer (154/677) SER01A0877_003 in /tmp/pbe_data.data.home.granepura.5-Kinases.Kinases_MCCE.Trial01.run_apo.3WZE_SER01A0877_003
2026-09-22 08:31:50 - INFO: step3.py, pbe: ForkPoolWorker-1: Calling delphi to calculate conformer (155/677) SER01A0877_004 in /tmp/pbe_data.data.home.granepura.5-Kinases.Kinases_MCCE.Trial01.run_apo.3WZE_SER01A0877_004
2026-09-22 08:31:54 - INFO: step3.py, pbe: ForkPoolWorker-1: Calling delphi to calculate conformer (156/677) GLU01A0878_001 in /tmp/pbe_data.data.home.granepura.5-Kinases.Kinases_MCCE.Trial01.run_apo.3WZE_GLU01A0878_001
2026-09-22 08:31:58 - INFO: step3.py, pbe: ForkPoolWorker-1: Calling delphi to calculate conformer (157/677) GLU01A0878_002 in /tmp/pbe_data.data.home.granepura.5-Kinases.Kinases_MCCE.Trial01.run_apo.3WZE_GLU01A0878_002
2026-09-22 08:32:02 - INFO: step3.py, pbe: ForkPoolWorker-1: Calling delphi to calculate conformer (158/677) GLU02A0878_003 in /tmp/pbe_data.data.home.granepura.5-Kinases.Kinases_MCCE.Trial01.run_apo.3WZE_GLU02A0878_003
2026-09-22 08:32:06 - INFO: step3.py, pbe: ForkPoolWorker-1: Calling delphi to calculate conformer (159/677) GLU02A0878_004 in /tmp/pbe_data.data.home.granepura.5-Kinases.Kinases_MCCE.Trial01.run_apo.3WZE_GLU02A0878_004
2026-09-22 08:32:10 - INFO: step3.py, pbe: ForkPoolWorker-1: Calling delphi to calculate conformer (160/677) GLU-1A0878_005 in /tmp/pbe_data.data.home.granepura.5-Kinases.Kinases_MCCE.Trial01.run_apo.3WZE_GLU-1A0878_005
2026-09-22 08:32:14 - INFO: step3.py, pbe: ForkPoolWorker-1: Calling delphi to calculate conformer (161/677) HIS01A0879_001 in /tmp/pbe_data.data.home.granepura.5-Kinases.Kinases_MCCE.Trial01.run_apo.3WZE_HIS01A0879_001
2026-09-22 08:32:18 - INFO: step3.py, pbe: ForkPoolWorker-1: Calling delphi to calculate conformer (162/677) HIS01A0879_002 in /tmp/pbe_data.data.home.granepura.5-Kinases.Kinases_MCCE.Trial01.run_apo.3WZE_HIS01A0879_002
2026-09-22 08:32:22 - INFO: step3.py, pbe: ForkPoolWorker-1: Calling delphi to calculate conformer (163/677) HIS02A0879_003 in /tmp/pbe_data.data.home.granepura.5-Kinases.Kinases_MCCE.Trial01.run_apo.3WZE_HIS02A0879_003
2026-09-22 08:32:26 - INFO: step3.py, pbe: ForkPoolWorker-1: Calling delphi to calculate conformer (164/677) HIS02A0879_004 in /tmp/pbe_data.data.home.granepura.5-Kinases.Kinases_MCCE.Trial01.run_apo.3WZE_HIS02A0879_004
2026-09-22 08:32:30 - INFO: step3.py, pbe: ForkPoolWorker-1: Calling delphi to calculate conformer (165/677) HIS+1A0879_005 in /tmp/pbe_data.data.home.granepura.5-Kinases.Kinases_MCCE.Trial01.run_apo.3WZE_HIS+1A0879_005
2026-09-22 08:32:34 - INFO: step3.py, pbe: ForkPoolWorker-1: Calling delphi to calculate conformer (166/677) HIS+1A0879_006 in /tmp/pbe_data.data.home.granepura.5-Kinases.Kinases_MCCE.Trial01.run_apo.3WZE_HIS+1A0879_006
2026-09-22 08:32:38 - INFO: step3.py, pbe: ForkPoolWorker-1: Calling delphi to calculate conformer (167/677) ARG01A0880_001 in /tmp/pbe_data.data.home.granepura.5-Kinases.Kinases_MCCE.Trial01.run_apo.3WZE_ARG01A0880_001
2026-09-22 08:32:42 - INFO: step3.py, pbe: ForkPoolWorker-1: Calling delphi to calculate conformer (168/677) ARG02A0880_002 in /tmp/pbe_data.data.home.granepura.5-Kinases.Kinases_MCCE.Trial01.run_apo.3WZE_ARG02A0880_002
2026-09-22 08:32:46 - INFO: step3.py, pbe: ForkPoolWorker-1: Calling delphi to calculate conformer (169/677) ARG03A0880_003 in /tmp/pbe_data.data.home.granepura.5-Kinases.Kinases_MCCE.Trial01.run_apo.3WZE_ARG03A0880_003
2026-09-22 08:32:50 - INFO: step3.py, pbe: ForkPoolWorker-1: Calling delphi to calculate conformer (170/677) ARG03A0880_004 in /tmp/pbe_data.data.home.granepura.5-Kinases.Kinases_MCCE.Trial01.run_apo.3WZE_ARG03A0880_004
2026-09-22 08:32:54 - INFO: step3.py, pbe: ForkPoolWorker-1: Calling delphi to calculate conformer (171/677) ARG+1A0880_005 in /tmp/pbe_data.data.home.granepura.5-Kinases.Kinases_MCCE.Trial01.run_apo.3WZE_ARG+1A0880_005
2026-09-22 08:32:58 - INFO: step3.py, pbe: Skipping PBE solver for non-charge conformer (172/677) ALA01A0881_001...
2026-09-22 08:32:58 - INFO: step3.py, pbe: Skipping PBE solver for non-charge conformer (173/677) LEU01A0882_001...
2026-09-22 08:32:58 - INFO: step3.py, pbe: ForkPoolWorker-1: Calling delphi to calculate conformer (174/677) MET01A0883_001 in /tmp/pbe_data.data.home.granepura.5-Kinases.Kinases_MCCE.Trial01.run_apo.3WZE_MET01A0883_001
2026-09-22 08:33:02 - INFO: step3.py, pbe: ForkPoolWorker-1: Calling delphi to calculate conformer (175/677) SER01A0884_001 in /tmp/pbe_data.data.home.granepura.5-Kinases.Kinases_MCCE.Trial01.run_apo.3WZE_SER01A0884_001
2026-09-22 08:33:06 - INFO: step3.py, pbe: ForkPoolWorker-1: Calling delphi to calculate conformer (176/677) GLU01A0885_001 in /tmp/pbe_data.data.home.granepura.5-Kinases.Kinases_MCCE.Trial01.run_apo.3WZE_GLU01A0885_001
2026-09-22 08:33:11 - INFO: step3.py, pbe: ForkPoolWorker-1: Calling delphi to calculate conformer (177/677) GLU01A0885_002 in /tmp/pbe_data.data.home.granepura.5-Kinases.Kinases_MCCE.Trial01.run_apo.3WZE_GLU01A0885_002
2026-09-22 08:33:15 - INFO: step3.py, pbe: ForkPoolWorker-1: Calling delphi to calculate conformer (178/677) GLU01A0885_003 in /tmp/pbe_data.data.home.granepura.5-Kinases.Kinases_MCCE.Trial01.run_apo.3WZE_GLU01A0885_003
2026-09-22 08:33:19 - INFO: step3.py, pbe: ForkPoolWorker-1: Calling delphi to calculate conformer (179/677) GLU01A0885_004 in /tmp/pbe_data.data.home.granepura.5-Kinases.Kinases_MCCE.Trial01.run_apo.3WZE_GLU01A0885_004
2026-09-22 08:33:23 - INFO: step3.py, pbe: ForkPoolWorker-1: Calling delphi to calculate conformer (180/677) GLU02A0885_005 in /tmp/pbe_data.data.home.granepura.5-Kinases.Kinases_MCCE.Trial01.run_apo.3WZE_GLU02A0885_005
2026-09-22 08:33:27 - INFO: step3.py, pbe: ForkPoolWorker-1: Calling delphi to calculate conformer (181/677) GLU02A0885_006 in /tmp/pbe_data.data.home.granepura.5-Kinases.Kinases_MCCE.Trial01.run_apo.3WZE_GLU02A0885_006
2026-09-22 08:33:31 - INFO: step3.py, pbe: ForkPoolWorker-1: Calling delphi to calculate conformer (182/677) GLU02A0885_007 in /tmp/pbe_data.data.home.granepura.5-Kinases.Kinases_MCCE.Trial01.run_apo.3WZE_GLU02A0885_007
2026-09-22 08:33:35 - INFO: step3.py, pbe: ForkPoolWorker-1: Calling delphi to calculate conformer (183/677) GLU02A0885_008 in /tmp/pbe_data.data.home.granepura.5-Kinases.Kinases_MCCE.Trial01.run_apo.3WZE_GLU02A0885_008
2026-09-22 08:33:39 - INFO: step3.py, pbe: ForkPoolWorker-1: Calling delphi to calculate conformer (184/677) GLU-1A0885_009 in /tmp/pbe_data.data.home.granepura.5-Kinases.Kinases_MCCE.Trial01.run_apo.3WZE_GLU-1A0885_009
2026-09-22 08:33:43 - INFO: step3.py, pbe: ForkPoolWorker-1: Calling delphi to calculate conformer (185/677) GLU-1A0885_010 in /tmp/pbe_data.data.home.granepura.5-Kinases.Kinases_MCCE.Trial01.run_apo.3WZE_GLU-1A0885_010
2026-09-22 08:33:47 - INFO: step3.py, pbe: Skipping PBE solver for non-charge conformer (186/677) LEU01A0886_001...
2026-09-22 08:33:47 - INFO: step3.py, pbe: ForkPoolWorker-1: Calling delphi to calculate conformer (187/677) LYS01A0887_001 in /tmp/pbe_data.data.home.granepura.5-Kinases.Kinases_MCCE.Trial01.run_apo.3WZE_LYS01A0887_001
2026-09-22 08:33:51 - INFO: step3.py, pbe: ForkPoolWorker-1: Calling delphi to calculate conformer (188/677) LYS+1A0887_002 in /tmp/pbe_data.data.home.granepura.5-Kinases.Kinases_MCCE.Trial01.run_apo.3WZE_LYS+1A0887_002
2026-09-22 08:33:55 - INFO: step3.py, pbe: Skipping PBE solver for non-charge conformer (189/677) ILE01A0888_001...
2026-09-22 08:33:55 - INFO: step3.py, pbe: Skipping PBE solver for non-charge conformer (190/677) LEU01A0889_001...
2026-09-22 08:33:55 - INFO: step3.py, pbe: Skipping PBE solver for non-charge conformer (191/677) ILE01A0890_001...
2026-09-22 08:33:55 - INFO: step3.py, pbe: ForkPoolWorker-1: Calling delphi to calculate conformer (192/677) HIS01A0891_001 in /tmp/pbe_data.data.home.granepura.5-Kinases.Kinases_MCCE.Trial01.run_apo.3WZE_HIS01A0891_001
2026-09-22 08:33:59 - INFO: step3.py, pbe: ForkPoolWorker-1: Calling delphi to calculate conformer (193/677) HIS01A0891_002 in /tmp/pbe_data.data.home.granepura.5-Kinases.Kinases_MCCE.Trial01.run_apo.3WZE_HIS01A0891_002
2026-09-22 08:34:03 - INFO: step3.py, pbe: ForkPoolWorker-1: Calling delphi to calculate conformer (194/677) HIS02A0891_003 in /tmp/pbe_data.data.home.granepura.5-Kinases.Kinases_MCCE.Trial01.run_apo.3WZE_HIS02A0891_003
2026-09-22 08:34:07 - INFO: step3.py, pbe: ForkPoolWorker-1: Calling delphi to calculate conformer (195/677) HIS02A0891_004 in /tmp/pbe_data.data.home.granepura.5-Kinases.Kinases_MCCE.Trial01.run_apo.3WZE_HIS02A0891_004
2026-09-22 08:34:11 - INFO: step3.py, pbe: ForkPoolWorker-1: Calling delphi to calculate conformer (196/677) HIS+1A0891_005 in /tmp/pbe_data.data.home.granepura.5-Kinases.Kinases_MCCE.Trial01.run_apo.3WZE_HIS+1A0891_005
2026-09-22 08:34:15 - INFO: step3.py, pbe: ForkPoolWorker-1: Calling delphi to calculate conformer (197/677) HIS+1A0891_006 in /tmp/pbe_data.data.home.granepura.5-Kinases.Kinases_MCCE.Trial01.run_apo.3WZE_HIS+1A0891_006
2026-09-22 08:34:19 - INFO: step3.py, pbe: Skipping PBE solver for non-charge conformer (198/677) ILE01A0892_001...
2026-09-22 08:34:19 - INFO: step3.py, pbe: ForkPoolWorker-1: Calling delphi to calculate conformer (199/677) HIS01A0894_001 in /tmp/pbe_data.data.home.granepura.5-Kinases.Kinases_MCCE.Trial01.run_apo.3WZE_HIS01A0894_001
2026-09-22 08:34:23 - INFO: step3.py, pbe: ForkPoolWorker-1: Calling delphi to calculate conformer (200/677) HIS01A0894_002 in /tmp/pbe_data.data.home.granepura.5-Kinases.Kinases_MCCE.Trial01.run_apo.3WZE_HIS01A0894_002
2026-09-22 08:34:27 - INFO: step3.py, pbe: ForkPoolWorker-1: Calling delphi to calculate conformer (201/677) HIS02A0894_003 in /tmp/pbe_data.data.home.granepura.5-Kinases.Kinases_MCCE.Trial01.run_apo.3WZE_HIS02A0894_003
2026-09-22 08:34:31 - INFO: step3.py, pbe: ForkPoolWorker-1: Calling delphi to calculate conformer (202/677) HIS02A0894_004 in /tmp/pbe_data.data.home.granepura.5-Kinases.Kinases_MCCE.Trial01.run_apo.3WZE_HIS02A0894_004
2026-09-22 08:34:36 - INFO: step3.py, pbe: ForkPoolWorker-1: Calling delphi to calculate conformer (203/677) HIS+1A0894_005 in /tmp/pbe_data.data.home.granepura.5-Kinases.Kinases_MCCE.Trial01.run_apo.3WZE_HIS+1A0894_005
2026-09-22 08:34:40 - INFO: step3.py, pbe: ForkPoolWorker-1: Calling delphi to calculate conformer (204/677) HIS+1A0894_006 in /tmp/pbe_data.data.home.granepura.5-Kinases.Kinases_MCCE.Trial01.run_apo.3WZE_HIS+1A0894_006
2026-09-22 08:34:44 - INFO: step3.py, pbe: ForkPoolWorker-1: Calling delphi to calculate conformer (205/677) HIS01A0895_001 in /tmp/pbe_data.data.home.granepura.5-Kinases.Kinases_MCCE.Trial01.run_apo.3WZE_HIS01A0895_001
2026-09-22 08:34:48 - INFO: step3.py, pbe: ForkPoolWorker-1: Calling delphi to calculate conformer (206/677) HIS01A0895_002 in /tmp/pbe_data.data.home.granepura.5-Kinases.Kinases_MCCE.Trial01.run_apo.3WZE_HIS01A0895_002
2026-09-22 08:34:52 - INFO: step3.py, pbe: ForkPoolWorker-1: Calling delphi to calculate conformer (207/677) HIS02A0895_003 in /tmp/pbe_data.data.home.granepura.5-Kinases.Kinases_MCCE.Trial01.run_apo.3WZE_HIS02A0895_003
2026-09-22 08:34:56 - INFO: step3.py, pbe: ForkPoolWorker-1: Calling delphi to calculate conformer (208/677) HIS02A0895_004 in /tmp/pbe_data.data.home.granepura.5-Kinases.Kinases_MCCE.Trial01.run_apo.3WZE_HIS02A0895_004
2026-09-22 08:35:00 - INFO: step3.py, pbe: ForkPoolWorker-1: Calling delphi to calculate conformer (209/677) HIS+1A0895_005 in /tmp/pbe_data.data.home.granepura.5-Kinases.Kinases_MCCE.Trial01.run_apo.3WZE_HIS+1A0895_005
2026-09-22 08:35:04 - INFO: step3.py, pbe: ForkPoolWorker-1: Calling delphi to calculate conformer (210/677) HIS+1A0895_006 in /tmp/pbe_data.data.home.granepura.5-Kinases.Kinases_MCCE.Trial01.run_apo.3WZE_HIS+1A0895_006
2026-09-22 08:35:08 - INFO: step3.py, pbe: Skipping PBE solver for non-charge conformer (211/677) LEU01A0896_001...
2026-09-22 08:35:08 - INFO: step3.py, pbe: ForkPoolWorker-1: Calling delphi to calculate conformer (212/677) ASN01A0897_001 in /tmp/pbe_data.data.home.granepura.5-Kinases.Kinases_MCCE.Trial01.run_apo.3WZE_ASN01A0897_001
2026-09-22 08:35:12 - INFO: step3.py, pbe: ForkPoolWorker-1: Calling delphi to calculate conformer (213/677) ASN01A0897_002 in /tmp/pbe_data.data.home.granepura.5-Kinases.Kinases_MCCE.Trial01.run_apo.3WZE_ASN01A0897_002
2026-09-22 08:35:16 - INFO: step3.py, pbe: Skipping PBE solver for non-charge conformer (214/677) VAL01A0898_001...
2026-09-22 08:35:16 - INFO: step3.py, pbe: Skipping PBE solver for non-charge conformer (215/677) VAL01A0899_001...
2026-09-22 08:35:16 - INFO: step3.py, pbe: ForkPoolWorker-1: Calling delphi to calculate conformer (216/677) ASN01A0900_001 in /tmp/pbe_data.data.home.granepura.5-Kinases.Kinases_MCCE.Trial01.run_apo.3WZE_ASN01A0900_001
2026-09-22 08:35:20 - INFO: step3.py, pbe: ForkPoolWorker-1: Calling delphi to calculate conformer (217/677) ASN01A0900_002 in /tmp/pbe_data.data.home.granepura.5-Kinases.Kinases_MCCE.Trial01.run_apo.3WZE_ASN01A0900_002
2026-09-22 08:35:24 - INFO: step3.py, pbe: Skipping PBE solver for non-charge conformer (218/677) LEU01A0901_001...
2026-09-22 08:35:24 - INFO: step3.py, pbe: Skipping PBE solver for non-charge conformer (219/677) LEU01A0902_001...
2026-09-22 08:35:24 - INFO: step3.py, pbe: Skipping PBE solver for non-charge conformer (220/677) ALA01A0904_001...
2026-09-22 08:35:24 - INFO: step3.py, pbe: ForkPoolWorker-1: Calling delphi to calculate conformer (221/677) CYS01A0905_001 in /tmp/pbe_data.data.home.granepura.5-Kinases.Kinases_MCCE.Trial01.run_apo.3WZE_CYS01A0905_001
2026-09-22 08:35:28 - INFO: step3.py, pbe: ForkPoolWorker-1: Calling delphi to calculate conformer (222/677) CYS01A0905_002 in /tmp/pbe_data.data.home.granepura.5-Kinases.Kinases_MCCE.Trial01.run_apo.3WZE_CYS01A0905_002
2026-09-22 08:35:32 - INFO: step3.py, pbe: ForkPoolWorker-1: Calling delphi to calculate conformer (223/677) CYS01A0905_003 in /tmp/pbe_data.data.home.granepura.5-Kinases.Kinases_MCCE.Trial01.run_apo.3WZE_CYS01A0905_003
2026-09-22 08:35:36 - INFO: step3.py, pbe: ForkPoolWorker-1: Calling delphi to calculate conformer (224/677) CYS-1A0905_004 in /tmp/pbe_data.data.home.granepura.5-Kinases.Kinases_MCCE.Trial01.run_apo.3WZE_CYS-1A0905_004
2026-09-22 08:35:40 - INFO: step3.py, pbe: ForkPoolWorker-1: Calling delphi to calculate conformer (225/677) THR01A0906_001 in /tmp/pbe_data.data.home.granepura.5-Kinases.Kinases_MCCE.Trial01.run_apo.3WZE_THR01A0906_001
2026-09-22 08:35:44 - INFO: step3.py, pbe: ForkPoolWorker-1: Calling delphi to calculate conformer (226/677) THR01A0906_002 in /tmp/pbe_data.data.home.granepura.5-Kinases.Kinases_MCCE.Trial01.run_apo.3WZE_THR01A0906_002
2026-09-22 08:35:48 - INFO: step3.py, pbe: ForkPoolWorker-1: Calling delphi to calculate conformer (227/677) THR01A0906_003 in /tmp/pbe_data.data.home.granepura.5-Kinases.Kinases_MCCE.Trial01.run_apo.3WZE_THR01A0906_003
2026-09-22 08:35:52 - INFO: step3.py, pbe: ForkPoolWorker-1: Calling delphi to calculate conformer (228/677) LYS01A0907_001 in /tmp/pbe_data.data.home.granepura.5-Kinases.Kinases_MCCE.Trial01.run_apo.3WZE_LYS01A0907_001
2026-09-22 08:35:56 - INFO: step3.py, pbe: ForkPoolWorker-1: Calling delphi to calculate conformer (229/677) LYS+1A0907_002 in /tmp/pbe_data.data.home.granepura.5-Kinases.Kinases_MCCE.Trial01.run_apo.3WZE_LYS+1A0907_002
2026-09-22 08:36:00 - INFO: step3.py, pbe: Skipping PBE solver for non-charge conformer (230/677) PRO01A0908_001...
2026-09-22 08:36:00 - INFO: step3.py, pbe: Skipping PBE solver for non-charge conformer (231/677) PRO01A0911_001...
2026-09-22 08:36:00 - INFO: step3.py, pbe: Skipping PBE solver for non-charge conformer (232/677) LEU01A0912_001...
2026-09-22 08:36:00 - INFO: step3.py, pbe: ForkPoolWorker-1: Calling delphi to calculate conformer (233/677) MET01A0913_001 in /tmp/pbe_data.data.home.granepura.5-Kinases.Kinases_MCCE.Trial01.run_apo.3WZE_MET01A0913_001
2026-09-22 08:36:04 - INFO: step3.py, pbe: Skipping PBE solver for non-charge conformer (234/677) VAL01A0914_001...
2026-09-22 08:36:04 - INFO: step3.py, pbe: Skipping PBE solver for non-charge conformer (235/677) ILE01A0915_001...
2026-09-22 08:36:04 - INFO: step3.py, pbe: Skipping PBE solver for non-charge conformer (236/677) VAL01A0916_001...
2026-09-22 08:36:04 - INFO: step3.py, pbe: ForkPoolWorker-1: Calling delphi to calculate conformer (237/677) GLU01A0917_001 in /tmp/pbe_data.data.home.granepura.5-Kinases.Kinases_MCCE.Trial01.run_apo.3WZE_GLU01A0917_001
2026-09-22 08:36:08 - INFO: step3.py, pbe: ForkPoolWorker-1: Calling delphi to calculate conformer (238/677) GLU01A0917_002 in /tmp/pbe_data.data.home.granepura.5-Kinases.Kinases_MCCE.Trial01.run_apo.3WZE_GLU01A0917_002
2026-09-22 08:36:12 - INFO: step3.py, pbe: ForkPoolWorker-1: Calling delphi to calculate conformer (239/677) GLU02A0917_003 in /tmp/pbe_data.data.home.granepura.5-Kinases.Kinases_MCCE.Trial01.run_apo.3WZE_GLU02A0917_003
2026-09-22 08:36:16 - INFO: step3.py, pbe: ForkPoolWorker-1: Calling delphi to calculate conformer (240/677) GLU02A0917_004 in /tmp/pbe_data.data.home.granepura.5-Kinases.Kinases_MCCE.Trial01.run_apo.3WZE_GLU02A0917_004
2026-09-22 08:36:20 - INFO: step3.py, pbe: ForkPoolWorker-1: Calling delphi to calculate conformer (241/677) GLU-1A0917_005 in /tmp/pbe_data.data.home.granepura.5-Kinases.Kinases_MCCE.Trial01.run_apo.3WZE_GLU-1A0917_005
2026-09-22 08:36:24 - INFO: step3.py, pbe: Skipping PBE solver for non-charge conformer (242/677) PHE01A0918_001...
2026-09-22 08:36:24 - INFO: step3.py, pbe: ForkPoolWorker-1: Calling delphi to calculate conformer (243/677) CYS01A0919_001 in /tmp/pbe_data.data.home.granepura.5-Kinases.Kinases_MCCE.Trial01.run_apo.3WZE_CYS01A0919_001
2026-09-22 08:36:28 - INFO: step3.py, pbe: ForkPoolWorker-1: Calling delphi to calculate conformer (244/677) CYS01A0919_002 in /tmp/pbe_data.data.home.granepura.5-Kinases.Kinases_MCCE.Trial01.run_apo.3WZE_CYS01A0919_002
2026-09-22 08:36:32 - INFO: step3.py, pbe: ForkPoolWorker-1: Calling delphi to calculate conformer (245/677) CYS01A0919_003 in /tmp/pbe_data.data.home.granepura.5-Kinases.Kinases_MCCE.Trial01.run_apo.3WZE_CYS01A0919_003
2026-09-22 08:36:36 - INFO: step3.py, pbe: ForkPoolWorker-1: Calling delphi to calculate conformer (246/677) CYS-1A0919_004 in /tmp/pbe_data.data.home.granepura.5-Kinases.Kinases_MCCE.Trial01.run_apo.3WZE_CYS-1A0919_004
2026-09-22 08:36:40 - INFO: step3.py, pbe: ForkPoolWorker-1: Calling delphi to calculate conformer (247/677) LYS01A0920_001 in /tmp/pbe_data.data.home.granepura.5-Kinases.Kinases_MCCE.Trial01.run_apo.3WZE_LYS01A0920_001
2026-09-22 08:36:44 - INFO: step3.py, pbe: ForkPoolWorker-1: Calling delphi to calculate conformer (248/677) LYS+1A0920_002 in /tmp/pbe_data.data.home.granepura.5-Kinases.Kinases_MCCE.Trial01.run_apo.3WZE_LYS+1A0920_002
2026-09-22 08:36:48 - INFO: step3.py, pbe: Skipping PBE solver for non-charge conformer (249/677) PHE01A0921_001...
2026-09-22 08:36:48 - INFO: step3.py, pbe: ForkPoolWorker-1: Calling delphi to calculate conformer (250/677) ASN01A0923_001 in /tmp/pbe_data.data.home.granepura.5-Kinases.Kinases_MCCE.Trial01.run_apo.3WZE_ASN01A0923_001
2026-09-22 08:36:52 - INFO: step3.py, pbe: ForkPoolWorker-1: Calling delphi to calculate conformer (251/677) ASN01A0923_002 in /tmp/pbe_data.data.home.granepura.5-Kinases.Kinases_MCCE.Trial01.run_apo.3WZE_ASN01A0923_002
2026-09-22 08:36:56 - INFO: step3.py, pbe: Skipping PBE solver for non-charge conformer (252/677) LEU01A0924_001...
2026-09-22 08:36:57 - INFO: step3.py, pbe: ForkPoolWorker-1: Calling delphi to calculate conformer (253/677) SER01A0925_001 in /tmp/pbe_data.data.home.granepura.5-Kinases.Kinases_MCCE.Trial01.run_apo.3WZE_SER01A0925_001
2026-09-22 08:37:01 - INFO: step3.py, pbe: ForkPoolWorker-1: Calling delphi to calculate conformer (254/677) SER01A0925_002 in /tmp/pbe_data.data.home.granepura.5-Kinases.Kinases_MCCE.Trial01.run_apo.3WZE_SER01A0925_002
2026-09-22 08:37:05 - INFO: step3.py, pbe: ForkPoolWorker-1: Calling delphi to calculate conformer (255/677) THR01A0926_001 in /tmp/pbe_data.data.home.granepura.5-Kinases.Kinases_MCCE.Trial01.run_apo.3WZE_THR01A0926_001
2026-09-22 08:37:09 - INFO: step3.py, pbe: ForkPoolWorker-1: Calling delphi to calculate conformer (256/677) THR01A0926_002 in /tmp/pbe_data.data.home.granepura.5-Kinases.Kinases_MCCE.Trial01.run_apo.3WZE_THR01A0926_002
2026-09-22 08:37:13 - INFO: step3.py, pbe: ForkPoolWorker-1: Calling delphi to calculate conformer (257/677) TYR01A0927_001 in /tmp/pbe_data.data.home.granepura.5-Kinases.Kinases_MCCE.Trial01.run_apo.3WZE_TYR01A0927_001
2026-09-22 08:37:17 - INFO: step3.py, pbe: ForkPoolWorker-1: Calling delphi to calculate conformer (258/677) TYR01A0927_002 in /tmp/pbe_data.data.home.granepura.5-Kinases.Kinases_MCCE.Trial01.run_apo.3WZE_TYR01A0927_002
2026-09-22 08:37:21 - INFO: step3.py, pbe: ForkPoolWorker-1: Calling delphi to calculate conformer (259/677) TYR-1A0927_003 in /tmp/pbe_data.data.home.granepura.5-Kinases.Kinases_MCCE.Trial01.run_apo.3WZE_TYR-1A0927_003
2026-09-22 08:37:25 - INFO: step3.py, pbe: Skipping PBE solver for non-charge conformer (260/677) LEU01A0928_001...
2026-09-22 08:37:25 - INFO: step3.py, pbe: ForkPoolWorker-1: Calling delphi to calculate conformer (261/677) ARG01A0929_001 in /tmp/pbe_data.data.home.granepura.5-Kinases.Kinases_MCCE.Trial01.run_apo.3WZE_ARG01A0929_001
2026-09-22 08:37:29 - INFO: step3.py, pbe: ForkPoolWorker-1: Calling delphi to calculate conformer (262/677) ARG02A0929_002 in /tmp/pbe_data.data.home.granepura.5-Kinases.Kinases_MCCE.Trial01.run_apo.3WZE_ARG02A0929_002
2026-09-22 08:37:33 - INFO: step3.py, pbe: ForkPoolWorker-1: Calling delphi to calculate conformer (263/677) ARG03A0929_003 in /tmp/pbe_data.data.home.granepura.5-Kinases.Kinases_MCCE.Trial01.run_apo.3WZE_ARG03A0929_003
2026-09-22 08:37:37 - INFO: step3.py, pbe: ForkPoolWorker-1: Calling delphi to calculate conformer (264/677) ARG+1A0929_004 in /tmp/pbe_data.data.home.granepura.5-Kinases.Kinases_MCCE.Trial01.run_apo.3WZE_ARG+1A0929_004
2026-09-22 08:37:41 - INFO: step3.py, pbe: ForkPoolWorker-1: Calling delphi to calculate conformer (265/677) SER01A0930_001 in /tmp/pbe_data.data.home.granepura.5-Kinases.Kinases_MCCE.Trial01.run_apo.3WZE_SER01A0930_001
2026-09-22 08:37:45 - INFO: step3.py, pbe: ForkPoolWorker-1: Calling delphi to calculate conformer (266/677) SER01A0930_002 in /tmp/pbe_data.data.home.granepura.5-Kinases.Kinases_MCCE.Trial01.run_apo.3WZE_SER01A0930_002
2026-09-22 08:37:49 - INFO: step3.py, pbe: ForkPoolWorker-1: Calling delphi to calculate conformer (267/677) LYS01A0931_001 in /tmp/pbe_data.data.home.granepura.5-Kinases.Kinases_MCCE.Trial01.run_apo.3WZE_LYS01A0931_001
2026-09-22 08:37:53 - INFO: step3.py, pbe: ForkPoolWorker-1: Calling delphi to calculate conformer (268/677) LYS+1A0931_002 in /tmp/pbe_data.data.home.granepura.5-Kinases.Kinases_MCCE.Trial01.run_apo.3WZE_LYS+1A0931_002
2026-09-22 08:37:57 - INFO: step3.py, pbe: ForkPoolWorker-1: Calling delphi to calculate conformer (269/677) ARG01A0932_001 in /tmp/pbe_data.data.home.granepura.5-Kinases.Kinases_MCCE.Trial01.run_apo.3WZE_ARG01A0932_001
2026-09-22 08:38:01 - INFO: step3.py, pbe: ForkPoolWorker-1: Calling delphi to calculate conformer (270/677) ARG02A0932_002 in /tmp/pbe_data.data.home.granepura.5-Kinases.Kinases_MCCE.Trial01.run_apo.3WZE_ARG02A0932_002
2026-09-22 08:38:05 - INFO: step3.py, pbe: ForkPoolWorker-1: Calling delphi to calculate conformer (271/677) ARG03A0932_003 in /tmp/pbe_data.data.home.granepura.5-Kinases.Kinases_MCCE.Trial01.run_apo.3WZE_ARG03A0932_003
2026-09-22 08:38:09 - INFO: step3.py, pbe: ForkPoolWorker-1: Calling delphi to calculate conformer (272/677) ARG+1A0932_004 in /tmp/pbe_data.data.home.granepura.5-Kinases.Kinases_MCCE.Trial01.run_apo.3WZE_ARG+1A0932_004
2026-09-22 08:38:13 - INFO: step3.py, pbe: ForkPoolWorker-1: Calling delphi to calculate conformer (273/677) ASN01A0933_001 in /tmp/pbe_data.data.home.granepura.5-Kinases.Kinases_MCCE.Trial01.run_apo.3WZE_ASN01A0933_001
2026-09-22 08:38:17 - INFO: step3.py, pbe: ForkPoolWorker-1: Calling delphi to calculate conformer (274/677) ASN01A0933_002 in /tmp/pbe_data.data.home.granepura.5-Kinases.Kinases_MCCE.Trial01.run_apo.3WZE_ASN01A0933_002
2026-09-22 08:38:21 - INFO: step3.py, pbe: ForkPoolWorker-1: Calling delphi to calculate conformer (275/677) GLU01A0934_001 in /tmp/pbe_data.data.home.granepura.5-Kinases.Kinases_MCCE.Trial01.run_apo.3WZE_GLU01A0934_001
2026-09-22 08:38:25 - INFO: step3.py, pbe: ForkPoolWorker-1: Calling delphi to calculate conformer (276/677) GLU01A0934_002 in /tmp/pbe_data.data.home.granepura.5-Kinases.Kinases_MCCE.Trial01.run_apo.3WZE_GLU01A0934_002
2026-09-22 08:38:29 - INFO: step3.py, pbe: ForkPoolWorker-1: Calling delphi to calculate conformer (277/677) GLU02A0934_003 in /tmp/pbe_data.data.home.granepura.5-Kinases.Kinases_MCCE.Trial01.run_apo.3WZE_GLU02A0934_003
2026-09-22 08:38:33 - INFO: step3.py, pbe: ForkPoolWorker-1: Calling delphi to calculate conformer (278/677) GLU02A0934_004 in /tmp/pbe_data.data.home.granepura.5-Kinases.Kinases_MCCE.Trial01.run_apo.3WZE_GLU02A0934_004
2026-09-22 08:38:37 - INFO: step3.py, pbe: ForkPoolWorker-1: Calling delphi to calculate conformer (279/677) GLU-1A0934_005 in /tmp/pbe_data.data.home.granepura.5-Kinases.Kinases_MCCE.Trial01.run_apo.3WZE_GLU-1A0934_005
2026-09-22 08:38:41 - INFO: step3.py, pbe: Skipping PBE solver for non-charge conformer (280/677) PHE01A0935_001...
2026-09-22 08:38:41 - INFO: step3.py, pbe: Skipping PBE solver for non-charge conformer (281/677) VAL01A0936_001...
2026-09-22 08:38:41 - INFO: step3.py, pbe: Skipping PBE solver for non-charge conformer (282/677) PRO01A0937_001...
2026-09-22 08:38:41 - INFO: step3.py, pbe: ForkPoolWorker-1: Calling delphi to calculate conformer (283/677) TYR01A0938_001 in /tmp/pbe_data.data.home.granepura.5-Kinases.Kinases_MCCE.Trial01.run_apo.3WZE_TYR01A0938_001
2026-09-22 08:38:45 - INFO: step3.py, pbe: ForkPoolWorker-1: Calling delphi to calculate conformer (284/677) TYR-1A0938_002 in /tmp/pbe_data.data.home.granepura.5-Kinases.Kinases_MCCE.Trial01.run_apo.3WZE_TYR-1A0938_002
2026-09-22 08:38:49 - INFO: step3.py, pbe: ForkPoolWorker-1: Calling delphi to calculate conformer (285/677) LYS01A0939_001 in /tmp/pbe_data.data.home.granepura.5-Kinases.Kinases_MCCE.Trial01.run_apo.3WZE_LYS01A0939_001
2026-09-22 08:38:53 - INFO: step3.py, pbe: ForkPoolWorker-1: Calling delphi to calculate conformer (286/677) LYS+1A0939_002 in /tmp/pbe_data.data.home.granepura.5-Kinases.Kinases_MCCE.Trial01.run_apo.3WZE_LYS+1A0939_002
2026-09-22 08:38:57 - INFO: step3.py, pbe: ForkPoolWorker-1: Calling delphi to calculate conformer (287/677) ASP01A0994_001 in /tmp/pbe_data.data.home.granepura.5-Kinases.Kinases_MCCE.Trial01.run_apo.3WZE_ASP01A0994_001
2026-09-22 08:39:01 - INFO: step3.py, pbe: ForkPoolWorker-1: Calling delphi to calculate conformer (288/677) ASP01A0994_002 in /tmp/pbe_data.data.home.granepura.5-Kinases.Kinases_MCCE.Trial01.run_apo.3WZE_ASP01A0994_002
2026-09-22 08:39:05 - INFO: step3.py, pbe: ForkPoolWorker-1: Calling delphi to calculate conformer (289/677) ASP02A0994_003 in /tmp/pbe_data.data.home.granepura.5-Kinases.Kinases_MCCE.Trial01.run_apo.3WZE_ASP02A0994_003
2026-09-22 08:39:09 - INFO: step3.py, pbe: ForkPoolWorker-1: Calling delphi to calculate conformer (290/677) ASP02A0994_004 in /tmp/pbe_data.data.home.granepura.5-Kinases.Kinases_MCCE.Trial01.run_apo.3WZE_ASP02A0994_004
2026-09-22 08:39:13 - INFO: step3.py, pbe: ForkPoolWorker-1: Calling delphi to calculate conformer (291/677) ASP-1A0994_005 in /tmp/pbe_data.data.home.granepura.5-Kinases.Kinases_MCCE.Trial01.run_apo.3WZE_ASP-1A0994_005
2026-09-22 08:39:17 - INFO: step3.py, pbe: Skipping PBE solver for non-charge conformer (292/677) LEU01A0995_001...
2026-09-22 08:39:17 - INFO: step3.py, pbe: ForkPoolWorker-1: Calling delphi to calculate conformer (293/677) TYR01A0996_001 in /tmp/pbe_data.data.home.granepura.5-Kinases.Kinases_MCCE.Trial01.run_apo.3WZE_TYR01A0996_001
2026-09-22 08:39:21 - INFO: step3.py, pbe: ForkPoolWorker-1: Calling delphi to calculate conformer (294/677) TYR-1A0996_002 in /tmp/pbe_data.data.home.granepura.5-Kinases.Kinases_MCCE.Trial01.run_apo.3WZE_TYR-1A0996_002
2026-09-22 08:39:25 - INFO: step3.py, pbe: ForkPoolWorker-1: Calling delphi to calculate conformer (295/677) LYS01A0997_001 in /tmp/pbe_data.data.home.granepura.5-Kinases.Kinases_MCCE.Trial01.run_apo.3WZE_LYS01A0997_001
2026-09-22 08:39:29 - INFO: step3.py, pbe: ForkPoolWorker-1: Calling delphi to calculate conformer (296/677) LYS+1A0997_002 in /tmp/pbe_data.data.home.granepura.5-Kinases.Kinases_MCCE.Trial01.run_apo.3WZE_LYS+1A0997_002
2026-09-22 08:39:33 - INFO: step3.py, pbe: ForkPoolWorker-1: Calling delphi to calculate conformer (297/677) ASP01A0998_001 in /tmp/pbe_data.data.home.granepura.5-Kinases.Kinases_MCCE.Trial01.run_apo.3WZE_ASP01A0998_001
2026-09-22 08:39:37 - INFO: step3.py, pbe: ForkPoolWorker-1: Calling delphi to calculate conformer (298/677) ASP01A0998_002 in /tmp/pbe_data.data.home.granepura.5-Kinases.Kinases_MCCE.Trial01.run_apo.3WZE_ASP01A0998_002
2026-09-22 08:39:41 - INFO: step3.py, pbe: ForkPoolWorker-1: Calling delphi to calculate conformer (299/677) ASP02A0998_003 in /tmp/pbe_data.data.home.granepura.5-Kinases.Kinases_MCCE.Trial01.run_apo.3WZE_ASP02A0998_003
2026-09-22 08:39:45 - INFO: step3.py, pbe: ForkPoolWorker-1: Calling delphi to calculate conformer (300/677) ASP02A0998_004 in /tmp/pbe_data.data.home.granepura.5-Kinases.Kinases_MCCE.Trial01.run_apo.3WZE_ASP02A0998_004
2026-09-22 08:39:49 - INFO: step3.py, pbe: ForkPoolWorker-1: Calling delphi to calculate conformer (301/677) ASP-1A0998_005 in /tmp/pbe_data.data.home.granepura.5-Kinases.Kinases_MCCE.Trial01.run_apo.3WZE_ASP-1A0998_005
2026-09-22 08:39:53 - INFO: step3.py, pbe: Skipping PBE solver for non-charge conformer (302/677) PHE01A0999_001...
2026-09-22 08:39:53 - INFO: step3.py, pbe: Skipping PBE solver for non-charge conformer (303/677) LEU01A1000_001...
2026-09-22 08:39:53 - INFO: step3.py, pbe: ForkPoolWorker-1: Calling delphi to calculate conformer (304/677) THR01A1001_001 in /tmp/pbe_data.data.home.granepura.5-Kinases.Kinases_MCCE.Trial01.run_apo.3WZE_THR01A1001_001
2026-09-22 08:39:57 - INFO: step3.py, pbe: ForkPoolWorker-1: Calling delphi to calculate conformer (305/677) THR01A1001_002 in /tmp/pbe_data.data.home.granepura.5-Kinases.Kinases_MCCE.Trial01.run_apo.3WZE_THR01A1001_002
2026-09-22 08:40:01 - INFO: step3.py, pbe: Skipping PBE solver for non-charge conformer (306/677) LEU01A1002_001...
2026-09-22 08:40:01 - INFO: step3.py, pbe: ForkPoolWorker-1: Calling delphi to calculate conformer (307/677) GLU01A1003_001 in /tmp/pbe_data.data.home.granepura.5-Kinases.Kinases_MCCE.Trial01.run_apo.3WZE_GLU01A1003_001
2026-09-22 08:40:05 - INFO: step3.py, pbe: ForkPoolWorker-1: Calling delphi to calculate conformer (308/677) GLU01A1003_002 in /tmp/pbe_data.data.home.granepura.5-Kinases.Kinases_MCCE.Trial01.run_apo.3WZE_GLU01A1003_002
2026-09-22 08:40:09 - INFO: step3.py, pbe: ForkPoolWorker-1: Calling delphi to calculate conformer (309/677) GLU02A1003_003 in /tmp/pbe_data.data.home.granepura.5-Kinases.Kinases_MCCE.Trial01.run_apo.3WZE_GLU02A1003_003
2026-09-22 08:40:13 - INFO: step3.py, pbe: ForkPoolWorker-1: Calling delphi to calculate conformer (310/677) GLU02A1003_004 in /tmp/pbe_data.data.home.granepura.5-Kinases.Kinases_MCCE.Trial01.run_apo.3WZE_GLU02A1003_004
2026-09-22 08:40:17 - INFO: step3.py, pbe: ForkPoolWorker-1: Calling delphi to calculate conformer (311/677) GLU-1A1003_005 in /tmp/pbe_data.data.home.granepura.5-Kinases.Kinases_MCCE.Trial01.run_apo.3WZE_GLU-1A1003_005
2026-09-22 08:40:21 - INFO: step3.py, pbe: ForkPoolWorker-1: Calling delphi to calculate conformer (312/677) HIS01A1004_001 in /tmp/pbe_data.data.home.granepura.5-Kinases.Kinases_MCCE.Trial01.run_apo.3WZE_HIS01A1004_001
2026-09-22 08:40:25 - INFO: step3.py, pbe: ForkPoolWorker-1: Calling delphi to calculate conformer (313/677) HIS01A1004_002 in /tmp/pbe_data.data.home.granepura.5-Kinases.Kinases_MCCE.Trial01.run_apo.3WZE_HIS01A1004_002
2026-09-22 08:40:29 - INFO: step3.py, pbe: ForkPoolWorker-1: Calling delphi to calculate conformer (314/677) HIS02A1004_003 in /tmp/pbe_data.data.home.granepura.5-Kinases.Kinases_MCCE.Trial01.run_apo.3WZE_HIS02A1004_003
2026-09-22 08:40:33 - INFO: step3.py, pbe: ForkPoolWorker-1: Calling delphi to calculate conformer (315/677) HIS02A1004_004 in /tmp/pbe_data.data.home.granepura.5-Kinases.Kinases_MCCE.Trial01.run_apo.3WZE_HIS02A1004_004
2026-09-22 08:40:37 - INFO: step3.py, pbe: ForkPoolWorker-1: Calling delphi to calculate conformer (316/677) HIS+1A1004_005 in /tmp/pbe_data.data.home.granepura.5-Kinases.Kinases_MCCE.Trial01.run_apo.3WZE_HIS+1A1004_005
2026-09-22 08:40:41 - INFO: step3.py, pbe: ForkPoolWorker-1: Calling delphi to calculate conformer (317/677) HIS+1A1004_006 in /tmp/pbe_data.data.home.granepura.5-Kinases.Kinases_MCCE.Trial01.run_apo.3WZE_HIS+1A1004_006
2026-09-22 08:40:45 - INFO: step3.py, pbe: Skipping PBE solver for non-charge conformer (318/677) LEU01A1005_001...
2026-09-22 08:40:45 - INFO: step3.py, pbe: Skipping PBE solver for non-charge conformer (319/677) ILE01A1006_001...
2026-09-22 08:40:46 - INFO: step3.py, pbe: ForkPoolWorker-1: Calling delphi to calculate conformer (320/677) CYS01A1007_001 in /tmp/pbe_data.data.home.granepura.5-Kinases.Kinases_MCCE.Trial01.run_apo.3WZE_CYS01A1007_001
2026-09-22 08:40:50 - INFO: step3.py, pbe: ForkPoolWorker-1: Calling delphi to calculate conformer (321/677) CYS01A1007_002 in /tmp/pbe_data.data.home.granepura.5-Kinases.Kinases_MCCE.Trial01.run_apo.3WZE_CYS01A1007_002
2026-09-22 08:40:54 - INFO: step3.py, pbe: ForkPoolWorker-1: Calling delphi to calculate conformer (322/677) CYS01A1007_003 in /tmp/pbe_data.data.home.granepura.5-Kinases.Kinases_MCCE.Trial01.run_apo.3WZE_CYS01A1007_003
2026-09-22 08:40:58 - INFO: step3.py, pbe: ForkPoolWorker-1: Calling delphi to calculate conformer (323/677) CYS-1A1007_004 in /tmp/pbe_data.data.home.granepura.5-Kinases.Kinases_MCCE.Trial01.run_apo.3WZE_CYS-1A1007_004
2026-09-22 08:41:02 - INFO: step3.py, pbe: ForkPoolWorker-1: Calling delphi to calculate conformer (324/677) TYR01A1008_001 in /tmp/pbe_data.data.home.granepura.5-Kinases.Kinases_MCCE.Trial01.run_apo.3WZE_TYR01A1008_001
2026-09-22 08:41:06 - INFO: step3.py, pbe: ForkPoolWorker-1: Calling delphi to calculate conformer (325/677) TYR01A1008_002 in /tmp/pbe_data.data.home.granepura.5-Kinases.Kinases_MCCE.Trial01.run_apo.3WZE_TYR01A1008_002
2026-09-22 08:41:10 - INFO: step3.py, pbe: ForkPoolWorker-1: Calling delphi to calculate conformer (326/677) TYR01A1008_003 in /tmp/pbe_data.data.home.granepura.5-Kinases.Kinases_MCCE.Trial01.run_apo.3WZE_TYR01A1008_003
2026-09-22 08:41:14 - INFO: step3.py, pbe: ForkPoolWorker-1: Calling delphi to calculate conformer (327/677) TYR01A1008_004 in /tmp/pbe_data.data.home.granepura.5-Kinases.Kinases_MCCE.Trial01.run_apo.3WZE_TYR01A1008_004
2026-09-22 08:41:18 - INFO: step3.py, pbe: ForkPoolWorker-1: Calling delphi to calculate conformer (328/677) TYR-1A1008_005 in /tmp/pbe_data.data.home.granepura.5-Kinases.Kinases_MCCE.Trial01.run_apo.3WZE_TYR-1A1008_005
2026-09-22 08:41:22 - INFO: step3.py, pbe: ForkPoolWorker-1: Calling delphi to calculate conformer (329/677) TYR-1A1008_006 in /tmp/pbe_data.data.home.granepura.5-Kinases.Kinases_MCCE.Trial01.run_apo.3WZE_TYR-1A1008_006
2026-09-22 08:41:26 - INFO: step3.py, pbe: ForkPoolWorker-1: Calling delphi to calculate conformer (330/677) SER01A1009_001 in /tmp/pbe_data.data.home.granepura.5-Kinases.Kinases_MCCE.Trial01.run_apo.3WZE_SER01A1009_001
2026-09-22 08:41:30 - INFO: step3.py, pbe: ForkPoolWorker-1: Calling delphi to calculate conformer (331/677) SER01A1009_002 in /tmp/pbe_data.data.home.granepura.5-Kinases.Kinases_MCCE.Trial01.run_apo.3WZE_SER01A1009_002
2026-09-22 08:41:34 - INFO: step3.py, pbe: Skipping PBE solver for non-charge conformer (332/677) PHE01A1010_001...
2026-09-22 08:41:34 - INFO: step3.py, pbe: ForkPoolWorker-1: Calling delphi to calculate conformer (333/677) GLN01A1011_001 in /tmp/pbe_data.data.home.granepura.5-Kinases.Kinases_MCCE.Trial01.run_apo.3WZE_GLN01A1011_001
2026-09-22 08:41:38 - INFO: step3.py, pbe: ForkPoolWorker-1: Calling delphi to calculate conformer (334/677) GLN01A1011_002 in /tmp/pbe_data.data.home.granepura.5-Kinases.Kinases_MCCE.Trial01.run_apo.3WZE_GLN01A1011_002
2026-09-22 08:41:42 - INFO: step3.py, pbe: Skipping PBE solver for non-charge conformer (335/677) VAL01A1012_001...
2026-09-22 08:41:42 - INFO: step3.py, pbe: Skipping PBE solver for non-charge conformer (336/677) ALA01A1013_001...
2026-09-22 08:41:42 - INFO: step3.py, pbe: ForkPoolWorker-1: Calling delphi to calculate conformer (337/677) LYS01A1014_001 in /tmp/pbe_data.data.home.granepura.5-Kinases.Kinases_MCCE.Trial01.run_apo.3WZE_LYS01A1014_001
2026-09-22 08:41:46 - INFO: step3.py, pbe: ForkPoolWorker-1: Calling delphi to calculate conformer (338/677) LYS+1A1014_002 in /tmp/pbe_data.data.home.granepura.5-Kinases.Kinases_MCCE.Trial01.run_apo.3WZE_LYS+1A1014_002
2026-09-22 08:41:50 - INFO: step3.py, pbe: ForkPoolWorker-1: Calling delphi to calculate conformer (339/677) MET01A1016_001 in /tmp/pbe_data.data.home.granepura.5-Kinases.Kinases_MCCE.Trial01.run_apo.3WZE_MET01A1016_001
2026-09-22 08:41:54 - INFO: step3.py, pbe: ForkPoolWorker-1: Calling delphi to calculate conformer (340/677) GLU01A1017_001 in /tmp/pbe_data.data.home.granepura.5-Kinases.Kinases_MCCE.Trial01.run_apo.3WZE_GLU01A1017_001
2026-09-22 08:41:58 - INFO: step3.py, pbe: ForkPoolWorker-1: Calling delphi to calculate conformer (341/677) GLU01A1017_002 in /tmp/pbe_data.data.home.granepura.5-Kinases.Kinases_MCCE.Trial01.run_apo.3WZE_GLU01A1017_002
2026-09-22 08:42:02 - INFO: step3.py, pbe: ForkPoolWorker-1: Calling delphi to calculate conformer (342/677) GLU02A1017_003 in /tmp/pbe_data.data.home.granepura.5-Kinases.Kinases_MCCE.Trial01.run_apo.3WZE_GLU02A1017_003
2026-09-22 08:42:06 - INFO: step3.py, pbe: ForkPoolWorker-1: Calling delphi to calculate conformer (343/677) GLU02A1017_004 in /tmp/pbe_data.data.home.granepura.5-Kinases.Kinases_MCCE.Trial01.run_apo.3WZE_GLU02A1017_004
2026-09-22 08:42:10 - INFO: step3.py, pbe: ForkPoolWorker-1: Calling delphi to calculate conformer (344/677) GLU-1A1017_005 in /tmp/pbe_data.data.home.granepura.5-Kinases.Kinases_MCCE.Trial01.run_apo.3WZE_GLU-1A1017_005
2026-09-22 08:42:14 - INFO: step3.py, pbe: Skipping PBE solver for non-charge conformer (345/677) PHE01A1018_001...
2026-09-22 08:42:14 - INFO: step3.py, pbe: Skipping PBE solver for non-charge conformer (346/677) LEU01A1019_001...
2026-09-22 08:42:14 - INFO: step3.py, pbe: Skipping PBE solver for non-charge conformer (347/677) ALA01A1020_001...
2026-09-22 08:42:14 - INFO: step3.py, pbe: ForkPoolWorker-1: Calling delphi to calculate conformer (348/677) SER01A1021_001 in /tmp/pbe_data.data.home.granepura.5-Kinases.Kinases_MCCE.Trial01.run_apo.3WZE_SER01A1021_001
2026-09-22 08:42:18 - INFO: step3.py, pbe: ForkPoolWorker-1: Calling delphi to calculate conformer (349/677) SER01A1021_002 in /tmp/pbe_data.data.home.granepura.5-Kinases.Kinases_MCCE.Trial01.run_apo.3WZE_SER01A1021_002
2026-09-22 08:42:22 - INFO: step3.py, pbe: ForkPoolWorker-1: Calling delphi to calculate conformer (350/677) ARG01A1022_001 in /tmp/pbe_data.data.home.granepura.5-Kinases.Kinases_MCCE.Trial01.run_apo.3WZE_ARG01A1022_001
2026-09-22 08:42:26 - INFO: step3.py, pbe: ForkPoolWorker-1: Calling delphi to calculate conformer (351/677) ARG02A1022_002 in /tmp/pbe_data.data.home.granepura.5-Kinases.Kinases_MCCE.Trial01.run_apo.3WZE_ARG02A1022_002
2026-09-22 08:42:30 - INFO: step3.py, pbe: ForkPoolWorker-1: Calling delphi to calculate conformer (352/677) ARG03A1022_003 in /tmp/pbe_data.data.home.granepura.5-Kinases.Kinases_MCCE.Trial01.run_apo.3WZE_ARG03A1022_003
2026-09-22 08:42:34 - INFO: step3.py, pbe: ForkPoolWorker-1: Calling delphi to calculate conformer (353/677) ARG03A1022_004 in /tmp/pbe_data.data.home.granepura.5-Kinases.Kinases_MCCE.Trial01.run_apo.3WZE_ARG03A1022_004
2026-09-22 08:42:38 - INFO: step3.py, pbe: ForkPoolWorker-1: Calling delphi to calculate conformer (354/677) ARG+1A1022_005 in /tmp/pbe_data.data.home.granepura.5-Kinases.Kinases_MCCE.Trial01.run_apo.3WZE_ARG+1A1022_005
2026-09-22 08:42:42 - INFO: step3.py, pbe: ForkPoolWorker-1: Calling delphi to calculate conformer (355/677) LYS01A1023_001 in /tmp/pbe_data.data.home.granepura.5-Kinases.Kinases_MCCE.Trial01.run_apo.3WZE_LYS01A1023_001
2026-09-22 08:42:46 - INFO: step3.py, pbe: ForkPoolWorker-1: Calling delphi to calculate conformer (356/677) LYS+1A1023_002 in /tmp/pbe_data.data.home.granepura.5-Kinases.Kinases_MCCE.Trial01.run_apo.3WZE_LYS+1A1023_002
2026-09-22 08:42:50 - INFO: step3.py, pbe: ForkPoolWorker-1: Calling delphi to calculate conformer (357/677) CYS01A1024_001 in /tmp/pbe_data.data.home.granepura.5-Kinases.Kinases_MCCE.Trial01.run_apo.3WZE_CYS01A1024_001
2026-09-22 08:42:54 - INFO: step3.py, pbe: ForkPoolWorker-1: Calling delphi to calculate conformer (358/677) CYS01A1024_002 in /tmp/pbe_data.data.home.granepura.5-Kinases.Kinases_MCCE.Trial01.run_apo.3WZE_CYS01A1024_002
2026-09-22 08:42:58 - INFO: step3.py, pbe: ForkPoolWorker-1: Calling delphi to calculate conformer (359/677) CYS01A1024_003 in /tmp/pbe_data.data.home.granepura.5-Kinases.Kinases_MCCE.Trial01.run_apo.3WZE_CYS01A1024_003
2026-09-22 08:43:02 - INFO: step3.py, pbe: ForkPoolWorker-1: Calling delphi to calculate conformer (360/677) CYS-1A1024_004 in /tmp/pbe_data.data.home.granepura.5-Kinases.Kinases_MCCE.Trial01.run_apo.3WZE_CYS-1A1024_004
2026-09-22 08:43:06 - INFO: step3.py, pbe: Skipping PBE solver for non-charge conformer (361/677) ILE01A1025_001...
2026-09-22 08:43:07 - INFO: step3.py, pbe: ForkPoolWorker-1: Calling delphi to calculate conformer (362/677) HIS01A1026_001 in /tmp/pbe_data.data.home.granepura.5-Kinases.Kinases_MCCE.Trial01.run_apo.3WZE_HIS01A1026_001
2026-09-22 08:43:11 - INFO: step3.py, pbe: ForkPoolWorker-1: Calling delphi to calculate conformer (363/677) HIS02A1026_002 in /tmp/pbe_data.data.home.granepura.5-Kinases.Kinases_MCCE.Trial01.run_apo.3WZE_HIS02A1026_002
2026-09-22 08:43:15 - INFO: step3.py, pbe: ForkPoolWorker-1: Calling delphi to calculate conformer (364/677) HIS+1A1026_003 in /tmp/pbe_data.data.home.granepura.5-Kinases.Kinases_MCCE.Trial01.run_apo.3WZE_HIS+1A1026_003
2026-09-22 08:43:19 - INFO: step3.py, pbe: ForkPoolWorker-1: Calling delphi to calculate conformer (365/677) ARG01A1027_001 in /tmp/pbe_data.data.home.granepura.5-Kinases.Kinases_MCCE.Trial01.run_apo.3WZE_ARG01A1027_001
2026-09-22 08:43:23 - INFO: step3.py, pbe: ForkPoolWorker-1: Calling delphi to calculate conformer (366/677) ARG02A1027_002 in /tmp/pbe_data.data.home.granepura.5-Kinases.Kinases_MCCE.Trial01.run_apo.3WZE_ARG02A1027_002
2026-09-22 08:43:27 - INFO: step3.py, pbe: ForkPoolWorker-1: Calling delphi to calculate conformer (367/677) ARG03A1027_003 in /tmp/pbe_data.data.home.granepura.5-Kinases.Kinases_MCCE.Trial01.run_apo.3WZE_ARG03A1027_003
2026-09-22 08:43:31 - INFO: step3.py, pbe: ForkPoolWorker-1: Calling delphi to calculate conformer (368/677) ARG+1A1027_004 in /tmp/pbe_data.data.home.granepura.5-Kinases.Kinases_MCCE.Trial01.run_apo.3WZE_ARG+1A1027_004
2026-09-22 08:43:35 - INFO: step3.py, pbe: ForkPoolWorker-1: Calling delphi to calculate conformer (369/677) ASP01A1028_001 in /tmp/pbe_data.data.home.granepura.5-Kinases.Kinases_MCCE.Trial01.run_apo.3WZE_ASP01A1028_001
2026-09-22 08:43:39 - INFO: step3.py, pbe: ForkPoolWorker-1: Calling delphi to calculate conformer (370/677) ASP01A1028_002 in /tmp/pbe_data.data.home.granepura.5-Kinases.Kinases_MCCE.Trial01.run_apo.3WZE_ASP01A1028_002
2026-09-22 08:43:43 - INFO: step3.py, pbe: ForkPoolWorker-1: Calling delphi to calculate conformer (371/677) ASP02A1028_003 in /tmp/pbe_data.data.home.granepura.5-Kinases.Kinases_MCCE.Trial01.run_apo.3WZE_ASP02A1028_003
2026-09-22 08:43:47 - INFO: step3.py, pbe: ForkPoolWorker-1: Calling delphi to calculate conformer (372/677) ASP02A1028_004 in /tmp/pbe_data.data.home.granepura.5-Kinases.Kinases_MCCE.Trial01.run_apo.3WZE_ASP02A1028_004
2026-09-22 08:43:51 - INFO: step3.py, pbe: ForkPoolWorker-1: Calling delphi to calculate conformer (373/677) ASP-1A1028_005 in /tmp/pbe_data.data.home.granepura.5-Kinases.Kinases_MCCE.Trial01.run_apo.3WZE_ASP-1A1028_005
2026-09-22 08:43:55 - INFO: step3.py, pbe: Skipping PBE solver for non-charge conformer (374/677) LEU01A1029_001...
2026-09-22 08:43:55 - INFO: step3.py, pbe: Skipping PBE solver for non-charge conformer (375/677) ALA01A1030_001...
2026-09-22 08:43:55 - INFO: step3.py, pbe: Skipping PBE solver for non-charge conformer (376/677) ALA01A1031_001...
2026-09-22 08:43:55 - INFO: step3.py, pbe: ForkPoolWorker-1: Calling delphi to calculate conformer (377/677) ARG01A1032_001 in /tmp/pbe_data.data.home.granepura.5-Kinases.Kinases_MCCE.Trial01.run_apo.3WZE_ARG01A1032_001
2026-09-22 08:43:59 - INFO: step3.py, pbe: ForkPoolWorker-1: Calling delphi to calculate conformer (378/677) ARG02A1032_002 in /tmp/pbe_data.data.home.granepura.5-Kinases.Kinases_MCCE.Trial01.run_apo.3WZE_ARG02A1032_002
2026-09-22 08:44:03 - INFO: step3.py, pbe: ForkPoolWorker-1: Calling delphi to calculate conformer (379/677) ARG02A1032_003 in /tmp/pbe_data.data.home.granepura.5-Kinases.Kinases_MCCE.Trial01.run_apo.3WZE_ARG02A1032_003
2026-09-22 08:44:07 - INFO: step3.py, pbe: ForkPoolWorker-1: Calling delphi to calculate conformer (380/677) ARG03A1032_004 in /tmp/pbe_data.data.home.granepura.5-Kinases.Kinases_MCCE.Trial01.run_apo.3WZE_ARG03A1032_004
2026-09-22 08:44:11 - INFO: step3.py, pbe: ForkPoolWorker-1: Calling delphi to calculate conformer (381/677) ARG03A1032_005 in /tmp/pbe_data.data.home.granepura.5-Kinases.Kinases_MCCE.Trial01.run_apo.3WZE_ARG03A1032_005
2026-09-22 08:44:15 - INFO: step3.py, pbe: ForkPoolWorker-1: Calling delphi to calculate conformer (382/677) ARG+1A1032_006 in /tmp/pbe_data.data.home.granepura.5-Kinases.Kinases_MCCE.Trial01.run_apo.3WZE_ARG+1A1032_006
2026-09-22 08:44:20 - INFO: step3.py, pbe: ForkPoolWorker-1: Calling delphi to calculate conformer (383/677) ASN01A1033_001 in /tmp/pbe_data.data.home.granepura.5-Kinases.Kinases_MCCE.Trial01.run_apo.3WZE_ASN01A1033_001
2026-09-22 08:44:24 - INFO: step3.py, pbe: ForkPoolWorker-1: Calling delphi to calculate conformer (384/677) ASN01A1033_002 in /tmp/pbe_data.data.home.granepura.5-Kinases.Kinases_MCCE.Trial01.run_apo.3WZE_ASN01A1033_002
2026-09-22 08:44:28 - INFO: step3.py, pbe: Skipping PBE solver for non-charge conformer (385/677) ILE01A1034_001...
2026-09-22 08:44:28 - INFO: step3.py, pbe: Skipping PBE solver for non-charge conformer (386/677) LEU01A1035_001...
2026-09-22 08:44:28 - INFO: step3.py, pbe: Skipping PBE solver for non-charge conformer (387/677) LEU01A1036_001...
2026-09-22 08:44:28 - INFO: step3.py, pbe: ForkPoolWorker-1: Calling delphi to calculate conformer (388/677) SER01A1037_001 in /tmp/pbe_data.data.home.granepura.5-Kinases.Kinases_MCCE.Trial01.run_apo.3WZE_SER01A1037_001
2026-09-22 08:44:32 - INFO: step3.py, pbe: ForkPoolWorker-1: Calling delphi to calculate conformer (389/677) SER01A1037_002 in /tmp/pbe_data.data.home.granepura.5-Kinases.Kinases_MCCE.Trial01.run_apo.3WZE_SER01A1037_002
2026-09-22 08:44:36 - INFO: step3.py, pbe: ForkPoolWorker-1: Calling delphi to calculate conformer (390/677) GLU01A1038_001 in /tmp/pbe_data.data.home.granepura.5-Kinases.Kinases_MCCE.Trial01.run_apo.3WZE_GLU01A1038_001
2026-09-22 08:44:40 - INFO: step3.py, pbe: ForkPoolWorker-1: Calling delphi to calculate conformer (391/677) GLU01A1038_002 in /tmp/pbe_data.data.home.granepura.5-Kinases.Kinases_MCCE.Trial01.run_apo.3WZE_GLU01A1038_002
2026-09-22 08:44:44 - INFO: step3.py, pbe: ForkPoolWorker-1: Calling delphi to calculate conformer (392/677) GLU02A1038_003 in /tmp/pbe_data.data.home.granepura.5-Kinases.Kinases_MCCE.Trial01.run_apo.3WZE_GLU02A1038_003
2026-09-22 08:44:48 - INFO: step3.py, pbe: ForkPoolWorker-1: Calling delphi to calculate conformer (393/677) GLU02A1038_004 in /tmp/pbe_data.data.home.granepura.5-Kinases.Kinases_MCCE.Trial01.run_apo.3WZE_GLU02A1038_004
2026-09-22 08:44:52 - INFO: step3.py, pbe: ForkPoolWorker-1: Calling delphi to calculate conformer (394/677) GLU-1A1038_005 in /tmp/pbe_data.data.home.granepura.5-Kinases.Kinases_MCCE.Trial01.run_apo.3WZE_GLU-1A1038_005
2026-09-22 08:44:56 - INFO: step3.py, pbe: ForkPoolWorker-1: Calling delphi to calculate conformer (395/677) LYS01A1039_001 in /tmp/pbe_data.data.home.granepura.5-Kinases.Kinases_MCCE.Trial01.run_apo.3WZE_LYS01A1039_001
2026-09-22 08:45:00 - INFO: step3.py, pbe: ForkPoolWorker-1: Calling delphi to calculate conformer (396/677) LYS+1A1039_002 in /tmp/pbe_data.data.home.granepura.5-Kinases.Kinases_MCCE.Trial01.run_apo.3WZE_LYS+1A1039_002
2026-09-22 08:45:04 - INFO: step3.py, pbe: ForkPoolWorker-1: Calling delphi to calculate conformer (397/677) ASN01A1040_001 in /tmp/pbe_data.data.home.granepura.5-Kinases.Kinases_MCCE.Trial01.run_apo.3WZE_ASN01A1040_001
2026-09-22 08:45:08 - INFO: step3.py, pbe: ForkPoolWorker-1: Calling delphi to calculate conformer (398/677) ASN01A1040_002 in /tmp/pbe_data.data.home.granepura.5-Kinases.Kinases_MCCE.Trial01.run_apo.3WZE_ASN01A1040_002
2026-09-22 08:45:12 - INFO: step3.py, pbe: ForkPoolWorker-1: Calling delphi to calculate conformer (399/677) ASN01A1040_003 in /tmp/pbe_data.data.home.granepura.5-Kinases.Kinases_MCCE.Trial01.run_apo.3WZE_ASN01A1040_003
2026-09-22 08:45:16 - INFO: step3.py, pbe: ForkPoolWorker-1: Calling delphi to calculate conformer (400/677) ASN01A1040_004 in /tmp/pbe_data.data.home.granepura.5-Kinases.Kinases_MCCE.Trial01.run_apo.3WZE_ASN01A1040_004
2026-09-22 08:45:20 - INFO: step3.py, pbe: Skipping PBE solver for non-charge conformer (401/677) VAL01A1041_001...
2026-09-22 08:45:20 - INFO: step3.py, pbe: Skipping PBE solver for non-charge conformer (402/677) VAL01A1042_001...
2026-09-22 08:45:20 - INFO: step3.py, pbe: ForkPoolWorker-1: Calling delphi to calculate conformer (403/677) LYS01A1043_001 in /tmp/pbe_data.data.home.granepura.5-Kinases.Kinases_MCCE.Trial01.run_apo.3WZE_LYS01A1043_001
2026-09-22 08:45:24 - INFO: step3.py, pbe: ForkPoolWorker-1: Calling delphi to calculate conformer (404/677) LYS+1A1043_002 in /tmp/pbe_data.data.home.granepura.5-Kinases.Kinases_MCCE.Trial01.run_apo.3WZE_LYS+1A1043_002
2026-09-22 08:45:28 - INFO: step3.py, pbe: Skipping PBE solver for non-charge conformer (405/677) ILE01A1044_001...
2026-09-22 08:45:28 - INFO: step3.py, pbe: ForkPoolWorker-1: Calling delphi to calculate conformer (406/677) CYS01A1045_001 in /tmp/pbe_data.data.home.granepura.5-Kinases.Kinases_MCCE.Trial01.run_apo.3WZE_CYS01A1045_001
2026-09-22 08:45:32 - INFO: step3.py, pbe: ForkPoolWorker-1: Calling delphi to calculate conformer (407/677) CYS01A1045_002 in /tmp/pbe_data.data.home.granepura.5-Kinases.Kinases_MCCE.Trial01.run_apo.3WZE_CYS01A1045_002
2026-09-22 08:45:36 - INFO: step3.py, pbe: ForkPoolWorker-1: Calling delphi to calculate conformer (408/677) CYS01A1045_003 in /tmp/pbe_data.data.home.granepura.5-Kinases.Kinases_MCCE.Trial01.run_apo.3WZE_CYS01A1045_003
2026-09-22 08:45:40 - INFO: step3.py, pbe: ForkPoolWorker-1: Calling delphi to calculate conformer (409/677) CYS-1A1045_004 in /tmp/pbe_data.data.home.granepura.5-Kinases.Kinases_MCCE.Trial01.run_apo.3WZE_CYS-1A1045_004
2026-09-22 08:45:44 - INFO: step3.py, pbe: ForkPoolWorker-1: Calling delphi to calculate conformer (410/677) ASP01A1046_001 in /tmp/pbe_data.data.home.granepura.5-Kinases.Kinases_MCCE.Trial01.run_apo.3WZE_ASP01A1046_001
2026-09-22 08:45:48 - INFO: step3.py, pbe: ForkPoolWorker-1: Calling delphi to calculate conformer (411/677) ASP01A1046_002 in /tmp/pbe_data.data.home.granepura.5-Kinases.Kinases_MCCE.Trial01.run_apo.3WZE_ASP01A1046_002
2026-09-22 08:45:52 - INFO: step3.py, pbe: ForkPoolWorker-1: Calling delphi to calculate conformer (412/677) ASP02A1046_003 in /tmp/pbe_data.data.home.granepura.5-Kinases.Kinases_MCCE.Trial01.run_apo.3WZE_ASP02A1046_003
2026-09-22 08:45:56 - INFO: step3.py, pbe: ForkPoolWorker-1: Calling delphi to calculate conformer (413/677) ASP02A1046_004 in /tmp/pbe_data.data.home.granepura.5-Kinases.Kinases_MCCE.Trial01.run_apo.3WZE_ASP02A1046_004
2026-09-22 08:46:00 - INFO: step3.py, pbe: ForkPoolWorker-1: Calling delphi to calculate conformer (414/677) ASP-1A1046_005 in /tmp/pbe_data.data.home.granepura.5-Kinases.Kinases_MCCE.Trial01.run_apo.3WZE_ASP-1A1046_005
2026-09-22 08:46:05 - INFO: step3.py, pbe: Skipping PBE solver for non-charge conformer (415/677) PHE01A1047_001...
2026-09-22 08:46:05 - INFO: step3.py, pbe: Skipping PBE solver for non-charge conformer (416/677) LEU01A1049_001...
2026-09-22 08:46:05 - INFO: step3.py, pbe: Skipping PBE solver for non-charge conformer (417/677) ALA01A1050_001...
2026-09-22 08:46:05 - INFO: step3.py, pbe: ForkPoolWorker-1: Calling delphi to calculate conformer (418/677) ARG01A1051_001 in /tmp/pbe_data.data.home.granepura.5-Kinases.Kinases_MCCE.Trial01.run_apo.3WZE_ARG01A1051_001
2026-09-22 08:46:09 - INFO: step3.py, pbe: ForkPoolWorker-1: Calling delphi to calculate conformer (419/677) ARG02A1051_002 in /tmp/pbe_data.data.home.granepura.5-Kinases.Kinases_MCCE.Trial01.run_apo.3WZE_ARG02A1051_002
2026-09-22 08:46:13 - INFO: step3.py, pbe: ForkPoolWorker-1: Calling delphi to calculate conformer (420/677) ARG03A1051_003 in /tmp/pbe_data.data.home.granepura.5-Kinases.Kinases_MCCE.Trial01.run_apo.3WZE_ARG03A1051_003
2026-09-22 08:46:17 - INFO: step3.py, pbe: ForkPoolWorker-1: Calling delphi to calculate conformer (421/677) ARG03A1051_004 in /tmp/pbe_data.data.home.granepura.5-Kinases.Kinases_MCCE.Trial01.run_apo.3WZE_ARG03A1051_004
2026-09-22 08:46:21 - INFO: step3.py, pbe: ForkPoolWorker-1: Calling delphi to calculate conformer (422/677) ARG+1A1051_005 in /tmp/pbe_data.data.home.granepura.5-Kinases.Kinases_MCCE.Trial01.run_apo.3WZE_ARG+1A1051_005
2026-09-22 08:46:25 - INFO: step3.py, pbe: ForkPoolWorker-1: Calling delphi to calculate conformer (423/677) ASP01A1052_001 in /tmp/pbe_data.data.home.granepura.5-Kinases.Kinases_MCCE.Trial01.run_apo.3WZE_ASP01A1052_001
2026-09-22 08:46:29 - INFO: step3.py, pbe: ForkPoolWorker-1: Calling delphi to calculate conformer (424/677) ASP01A1052_002 in /tmp/pbe_data.data.home.granepura.5-Kinases.Kinases_MCCE.Trial01.run_apo.3WZE_ASP01A1052_002
2026-09-22 08:46:33 - INFO: step3.py, pbe: ForkPoolWorker-1: Calling delphi to calculate conformer (425/677) ASP02A1052_003 in /tmp/pbe_data.data.home.granepura.5-Kinases.Kinases_MCCE.Trial01.run_apo.3WZE_ASP02A1052_003
2026-09-22 08:46:37 - INFO: step3.py, pbe: ForkPoolWorker-1: Calling delphi to calculate conformer (426/677) ASP02A1052_004 in /tmp/pbe_data.data.home.granepura.5-Kinases.Kinases_MCCE.Trial01.run_apo.3WZE_ASP02A1052_004
2026-09-22 08:46:41 - INFO: step3.py, pbe: ForkPoolWorker-1: Calling delphi to calculate conformer (427/677) ASP-1A1052_005 in /tmp/pbe_data.data.home.granepura.5-Kinases.Kinases_MCCE.Trial01.run_apo.3WZE_ASP-1A1052_005
2026-09-22 08:46:45 - INFO: step3.py, pbe: Skipping PBE solver for non-charge conformer (428/677) ILE01A1053_001...
2026-09-22 08:46:45 - INFO: step3.py, pbe: ForkPoolWorker-1: Calling delphi to calculate conformer (429/677) TYR01A1054_001 in /tmp/pbe_data.data.home.granepura.5-Kinases.Kinases_MCCE.Trial01.run_apo.3WZE_TYR01A1054_001
2026-09-22 08:46:49 - INFO: step3.py, pbe: ForkPoolWorker-1: Calling delphi to calculate conformer (430/677) TYR-1A1054_002 in /tmp/pbe_data.data.home.granepura.5-Kinases.Kinases_MCCE.Trial01.run_apo.3WZE_TYR-1A1054_002
2026-09-22 08:46:53 - INFO: step3.py, pbe: ForkPoolWorker-1: Calling delphi to calculate conformer (431/677) LYS01A1055_001 in /tmp/pbe_data.data.home.granepura.5-Kinases.Kinases_MCCE.Trial01.run_apo.3WZE_LYS01A1055_001
2026-09-22 08:46:57 - INFO: step3.py, pbe: ForkPoolWorker-1: Calling delphi to calculate conformer (432/677) LYS+1A1055_002 in /tmp/pbe_data.data.home.granepura.5-Kinases.Kinases_MCCE.Trial01.run_apo.3WZE_LYS+1A1055_002
2026-09-22 08:47:01 - INFO: step3.py, pbe: ForkPoolWorker-1: Calling delphi to calculate conformer (433/677) ASP01A1056_001 in /tmp/pbe_data.data.home.granepura.5-Kinases.Kinases_MCCE.Trial01.run_apo.3WZE_ASP01A1056_001
2026-09-22 08:47:05 - INFO: step3.py, pbe: ForkPoolWorker-1: Calling delphi to calculate conformer (434/677) ASP01A1056_002 in /tmp/pbe_data.data.home.granepura.5-Kinases.Kinases_MCCE.Trial01.run_apo.3WZE_ASP01A1056_002
2026-09-22 08:47:09 - INFO: step3.py, pbe: ForkPoolWorker-1: Calling delphi to calculate conformer (435/677) ASP02A1056_003 in /tmp/pbe_data.data.home.granepura.5-Kinases.Kinases_MCCE.Trial01.run_apo.3WZE_ASP02A1056_003
2026-09-22 08:47:13 - INFO: step3.py, pbe: ForkPoolWorker-1: Calling delphi to calculate conformer (436/677) ASP02A1056_004 in /tmp/pbe_data.data.home.granepura.5-Kinases.Kinases_MCCE.Trial01.run_apo.3WZE_ASP02A1056_004
2026-09-22 08:47:17 - INFO: step3.py, pbe: ForkPoolWorker-1: Calling delphi to calculate conformer (437/677) ASP-1A1056_005 in /tmp/pbe_data.data.home.granepura.5-Kinases.Kinases_MCCE.Trial01.run_apo.3WZE_ASP-1A1056_005
2026-09-22 08:47:21 - INFO: step3.py, pbe: Skipping PBE solver for non-charge conformer (438/677) PRO01A1057_001...
2026-09-22 08:47:21 - INFO: step3.py, pbe: ForkPoolWorker-1: Calling delphi to calculate conformer (439/677) ASP01A1058_001 in /tmp/pbe_data.data.home.granepura.5-Kinases.Kinases_MCCE.Trial01.run_apo.3WZE_ASP01A1058_001
2026-09-22 08:47:25 - INFO: step3.py, pbe: ForkPoolWorker-1: Calling delphi to calculate conformer (440/677) ASP01A1058_002 in /tmp/pbe_data.data.home.granepura.5-Kinases.Kinases_MCCE.Trial01.run_apo.3WZE_ASP01A1058_002
2026-09-22 08:47:29 - INFO: step3.py, pbe: ForkPoolWorker-1: Calling delphi to calculate conformer (441/677) ASP02A1058_003 in /tmp/pbe_data.data.home.granepura.5-Kinases.Kinases_MCCE.Trial01.run_apo.3WZE_ASP02A1058_003
2026-09-22 08:47:33 - INFO: step3.py, pbe: ForkPoolWorker-1: Calling delphi to calculate conformer (442/677) ASP02A1058_004 in /tmp/pbe_data.data.home.granepura.5-Kinases.Kinases_MCCE.Trial01.run_apo.3WZE_ASP02A1058_004
2026-09-22 08:47:37 - INFO: step3.py, pbe: ForkPoolWorker-1: Calling delphi to calculate conformer (443/677) ASP-1A1058_005 in /tmp/pbe_data.data.home.granepura.5-Kinases.Kinases_MCCE.Trial01.run_apo.3WZE_ASP-1A1058_005
2026-09-22 08:47:41 - INFO: step3.py, pbe: ForkPoolWorker-1: Calling delphi to calculate conformer (444/677) TYR01A1059_001 in /tmp/pbe_data.data.home.granepura.5-Kinases.Kinases_MCCE.Trial01.run_apo.3WZE_TYR01A1059_001
2026-09-22 08:47:45 - INFO: step3.py, pbe: ForkPoolWorker-1: Calling delphi to calculate conformer (445/677) TYR01A1059_002 in /tmp/pbe_data.data.home.granepura.5-Kinases.Kinases_MCCE.Trial01.run_apo.3WZE_TYR01A1059_002
2026-09-22 08:47:49 - INFO: step3.py, pbe: ForkPoolWorker-1: Calling delphi to calculate conformer (446/677) TYR-1A1059_003 in /tmp/pbe_data.data.home.granepura.5-Kinases.Kinases_MCCE.Trial01.run_apo.3WZE_TYR-1A1059_003
2026-09-22 08:47:54 - INFO: step3.py, pbe: Skipping PBE solver for non-charge conformer (447/677) VAL01A1060_001...
2026-09-22 08:47:54 - INFO: step3.py, pbe: ForkPoolWorker-1: Calling delphi to calculate conformer (448/677) ARG01A1061_001 in /tmp/pbe_data.data.home.granepura.5-Kinases.Kinases_MCCE.Trial01.run_apo.3WZE_ARG01A1061_001
2026-09-22 08:47:58 - INFO: step3.py, pbe: ForkPoolWorker-1: Calling delphi to calculate conformer (449/677) ARG02A1061_002 in /tmp/pbe_data.data.home.granepura.5-Kinases.Kinases_MCCE.Trial01.run_apo.3WZE_ARG02A1061_002
2026-09-22 08:48:02 - INFO: step3.py, pbe: ForkPoolWorker-1: Calling delphi to calculate conformer (450/677) ARG03A1061_003 in /tmp/pbe_data.data.home.granepura.5-Kinases.Kinases_MCCE.Trial01.run_apo.3WZE_ARG03A1061_003
2026-09-22 08:48:06 - INFO: step3.py, pbe: ForkPoolWorker-1: Calling delphi to calculate conformer (451/677) ARG+1A1061_004 in /tmp/pbe_data.data.home.granepura.5-Kinases.Kinases_MCCE.Trial01.run_apo.3WZE_ARG+1A1061_004
2026-09-22 08:48:10 - INFO: step3.py, pbe: ForkPoolWorker-1: Calling delphi to calculate conformer (452/677) LYS01A1062_001 in /tmp/pbe_data.data.home.granepura.5-Kinases.Kinases_MCCE.Trial01.run_apo.3WZE_LYS01A1062_001
2026-09-22 08:48:14 - INFO: step3.py, pbe: ForkPoolWorker-1: Calling delphi to calculate conformer (453/677) LYS+1A1062_002 in /tmp/pbe_data.data.home.granepura.5-Kinases.Kinases_MCCE.Trial01.run_apo.3WZE_LYS+1A1062_002
2026-09-22 08:48:18 - INFO: step3.py, pbe: Skipping PBE solver for non-charge conformer (454/677) ALA01A1065_001...
2026-09-22 08:48:18 - INFO: step3.py, pbe: ForkPoolWorker-1: Calling delphi to calculate conformer (455/677) ARG01A1066_001 in /tmp/pbe_data.data.home.granepura.5-Kinases.Kinases_MCCE.Trial01.run_apo.3WZE_ARG01A1066_001
2026-09-22 08:48:22 - INFO: step3.py, pbe: ForkPoolWorker-1: Calling delphi to calculate conformer (456/677) ARG02A1066_002 in /tmp/pbe_data.data.home.granepura.5-Kinases.Kinases_MCCE.Trial01.run_apo.3WZE_ARG02A1066_002
2026-09-22 08:48:26 - INFO: step3.py, pbe: ForkPoolWorker-1: Calling delphi to calculate conformer (457/677) ARG03A1066_003 in /tmp/pbe_data.data.home.granepura.5-Kinases.Kinases_MCCE.Trial01.run_apo.3WZE_ARG03A1066_003
2026-09-22 08:48:30 - INFO: step3.py, pbe: ForkPoolWorker-1: Calling delphi to calculate conformer (458/677) ARG+1A1066_004 in /tmp/pbe_data.data.home.granepura.5-Kinases.Kinases_MCCE.Trial01.run_apo.3WZE_ARG+1A1066_004
2026-09-22 08:48:34 - INFO: step3.py, pbe: Skipping PBE solver for non-charge conformer (459/677) LEU01A1067_001...
2026-09-22 08:48:34 - INFO: step3.py, pbe: Skipping PBE solver for non-charge conformer (460/677) PRO01A1068_001...
2026-09-22 08:48:34 - INFO: step3.py, pbe: Skipping PBE solver for non-charge conformer (461/677) LEU01A1069_001...
2026-09-22 08:48:34 - INFO: step3.py, pbe: ForkPoolWorker-1: Calling delphi to calculate conformer (462/677) LYS01A1070_001 in /tmp/pbe_data.data.home.granepura.5-Kinases.Kinases_MCCE.Trial01.run_apo.3WZE_LYS01A1070_001
2026-09-22 08:48:38 - INFO: step3.py, pbe: ForkPoolWorker-1: Calling delphi to calculate conformer (463/677) LYS+1A1070_002 in /tmp/pbe_data.data.home.granepura.5-Kinases.Kinases_MCCE.Trial01.run_apo.3WZE_LYS+1A1070_002
2026-09-22 08:48:42 - INFO: step3.py, pbe: Skipping PBE solver for non-charge conformer (464/677) TRP01A1071_001...
2026-09-22 08:48:42 - INFO: step3.py, pbe: ForkPoolWorker-1: Calling delphi to calculate conformer (465/677) MET01A1072_001 in /tmp/pbe_data.data.home.granepura.5-Kinases.Kinases_MCCE.Trial01.run_apo.3WZE_MET01A1072_001
2026-09-22 08:48:46 - INFO: step3.py, pbe: Skipping PBE solver for non-charge conformer (466/677) ALA01A1073_001...
2026-09-22 08:48:46 - INFO: step3.py, pbe: Skipping PBE solver for non-charge conformer (467/677) PRO01A1074_001...
2026-09-22 08:48:46 - INFO: step3.py, pbe: ForkPoolWorker-1: Calling delphi to calculate conformer (468/677) GLU01A1075_001 in /tmp/pbe_data.data.home.granepura.5-Kinases.Kinases_MCCE.Trial01.run_apo.3WZE_GLU01A1075_001
2026-09-22 08:48:50 - INFO: step3.py, pbe: ForkPoolWorker-1: Calling delphi to calculate conformer (469/677) GLU01A1075_002 in /tmp/pbe_data.data.home.granepura.5-Kinases.Kinases_MCCE.Trial01.run_apo.3WZE_GLU01A1075_002
2026-09-22 08:48:54 - INFO: step3.py, pbe: ForkPoolWorker-1: Calling delphi to calculate conformer (470/677) GLU02A1075_003 in /tmp/pbe_data.data.home.granepura.5-Kinases.Kinases_MCCE.Trial01.run_apo.3WZE_GLU02A1075_003
2026-09-22 08:48:58 - INFO: step3.py, pbe: ForkPoolWorker-1: Calling delphi to calculate conformer (471/677) GLU02A1075_004 in /tmp/pbe_data.data.home.granepura.5-Kinases.Kinases_MCCE.Trial01.run_apo.3WZE_GLU02A1075_004
2026-09-22 08:49:02 - INFO: step3.py, pbe: ForkPoolWorker-1: Calling delphi to calculate conformer (472/677) GLU-1A1075_005 in /tmp/pbe_data.data.home.granepura.5-Kinases.Kinases_MCCE.Trial01.run_apo.3WZE_GLU-1A1075_005
2026-09-22 08:49:06 - INFO: step3.py, pbe: ForkPoolWorker-1: Calling delphi to calculate conformer (473/677) THR01A1076_001 in /tmp/pbe_data.data.home.granepura.5-Kinases.Kinases_MCCE.Trial01.run_apo.3WZE_THR01A1076_001
2026-09-22 08:49:10 - INFO: step3.py, pbe: ForkPoolWorker-1: Calling delphi to calculate conformer (474/677) THR01A1076_002 in /tmp/pbe_data.data.home.granepura.5-Kinases.Kinases_MCCE.Trial01.run_apo.3WZE_THR01A1076_002
2026-09-22 08:49:14 - INFO: step3.py, pbe: ForkPoolWorker-1: Calling delphi to calculate conformer (475/677) THR01A1076_003 in /tmp/pbe_data.data.home.granepura.5-Kinases.Kinases_MCCE.Trial01.run_apo.3WZE_THR01A1076_003
2026-09-22 08:49:18 - INFO: step3.py, pbe: Skipping PBE solver for non-charge conformer (476/677) ILE01A1077_001...
2026-09-22 08:49:18 - INFO: step3.py, pbe: Skipping PBE solver for non-charge conformer (477/677) PHE01A1078_001...
2026-09-22 08:49:18 - INFO: step3.py, pbe: ForkPoolWorker-1: Calling delphi to calculate conformer (478/677) ASP01A1079_001 in /tmp/pbe_data.data.home.granepura.5-Kinases.Kinases_MCCE.Trial01.run_apo.3WZE_ASP01A1079_001
2026-09-22 08:49:22 - INFO: step3.py, pbe: ForkPoolWorker-1: Calling delphi to calculate conformer (479/677) ASP01A1079_002 in /tmp/pbe_data.data.home.granepura.5-Kinases.Kinases_MCCE.Trial01.run_apo.3WZE_ASP01A1079_002
2026-09-22 08:49:26 - INFO: step3.py, pbe: ForkPoolWorker-1: Calling delphi to calculate conformer (480/677) ASP02A1079_003 in /tmp/pbe_data.data.home.granepura.5-Kinases.Kinases_MCCE.Trial01.run_apo.3WZE_ASP02A1079_003
2026-09-22 08:49:30 - INFO: step3.py, pbe: ForkPoolWorker-1: Calling delphi to calculate conformer (481/677) ASP02A1079_004 in /tmp/pbe_data.data.home.granepura.5-Kinases.Kinases_MCCE.Trial01.run_apo.3WZE_ASP02A1079_004
2026-09-22 08:49:34 - INFO: step3.py, pbe: ForkPoolWorker-1: Calling delphi to calculate conformer (482/677) ASP-1A1079_005 in /tmp/pbe_data.data.home.granepura.5-Kinases.Kinases_MCCE.Trial01.run_apo.3WZE_ASP-1A1079_005
2026-09-22 08:49:38 - INFO: step3.py, pbe: ForkPoolWorker-1: Calling delphi to calculate conformer (483/677) ARG01A1080_001 in /tmp/pbe_data.data.home.granepura.5-Kinases.Kinases_MCCE.Trial01.run_apo.3WZE_ARG01A1080_001
2026-09-22 08:49:42 - INFO: step3.py, pbe: ForkPoolWorker-1: Calling delphi to calculate conformer (484/677) ARG02A1080_002 in /tmp/pbe_data.data.home.granepura.5-Kinases.Kinases_MCCE.Trial01.run_apo.3WZE_ARG02A1080_002
2026-09-22 08:49:46 - INFO: step3.py, pbe: ForkPoolWorker-1: Calling delphi to calculate conformer (485/677) ARG03A1080_003 in /tmp/pbe_data.data.home.granepura.5-Kinases.Kinases_MCCE.Trial01.run_apo.3WZE_ARG03A1080_003
2026-09-22 08:49:50 - INFO: step3.py, pbe: ForkPoolWorker-1: Calling delphi to calculate conformer (486/677) ARG+1A1080_004 in /tmp/pbe_data.data.home.granepura.5-Kinases.Kinases_MCCE.Trial01.run_apo.3WZE_ARG+1A1080_004
2026-09-22 08:49:54 - INFO: step3.py, pbe: Skipping PBE solver for non-charge conformer (487/677) VAL01A1081_001...
2026-09-22 08:49:54 - INFO: step3.py, pbe: ForkPoolWorker-1: Calling delphi to calculate conformer (488/677) TYR01A1082_001 in /tmp/pbe_data.data.home.granepura.5-Kinases.Kinases_MCCE.Trial01.run_apo.3WZE_TYR01A1082_001
2026-09-22 08:49:58 - INFO: step3.py, pbe: ForkPoolWorker-1: Calling delphi to calculate conformer (489/677) TYR-1A1082_002 in /tmp/pbe_data.data.home.granepura.5-Kinases.Kinases_MCCE.Trial01.run_apo.3WZE_TYR-1A1082_002
2026-09-22 08:50:02 - INFO: step3.py, pbe: ForkPoolWorker-1: Calling delphi to calculate conformer (490/677) THR01A1083_001 in /tmp/pbe_data.data.home.granepura.5-Kinases.Kinases_MCCE.Trial01.run_apo.3WZE_THR01A1083_001
2026-09-22 08:50:06 - INFO: step3.py, pbe: ForkPoolWorker-1: Calling delphi to calculate conformer (491/677) THR01A1083_002 in /tmp/pbe_data.data.home.granepura.5-Kinases.Kinases_MCCE.Trial01.run_apo.3WZE_THR01A1083_002
2026-09-22 08:50:10 - INFO: step3.py, pbe: Skipping PBE solver for non-charge conformer (492/677) ILE01A1084_001...
2026-09-22 08:50:10 - INFO: step3.py, pbe: ForkPoolWorker-1: Calling delphi to calculate conformer (493/677) GLN01A1085_001 in /tmp/pbe_data.data.home.granepura.5-Kinases.Kinases_MCCE.Trial01.run_apo.3WZE_GLN01A1085_001
2026-09-22 08:50:14 - INFO: step3.py, pbe: ForkPoolWorker-1: Calling delphi to calculate conformer (494/677) GLN01A1085_002 in /tmp/pbe_data.data.home.granepura.5-Kinases.Kinases_MCCE.Trial01.run_apo.3WZE_GLN01A1085_002
2026-09-22 08:50:18 - INFO: step3.py, pbe: ForkPoolWorker-1: Calling delphi to calculate conformer (495/677) SER01A1086_001 in /tmp/pbe_data.data.home.granepura.5-Kinases.Kinases_MCCE.Trial01.run_apo.3WZE_SER01A1086_001
2026-09-22 08:50:22 - INFO: step3.py, pbe: ForkPoolWorker-1: Calling delphi to calculate conformer (496/677) ASP01A1087_001 in /tmp/pbe_data.data.home.granepura.5-Kinases.Kinases_MCCE.Trial01.run_apo.3WZE_ASP01A1087_001
2026-09-22 08:50:26 - INFO: step3.py, pbe: ForkPoolWorker-1: Calling delphi to calculate conformer (497/677) ASP01A1087_002 in /tmp/pbe_data.data.home.granepura.5-Kinases.Kinases_MCCE.Trial01.run_apo.3WZE_ASP01A1087_002
2026-09-22 08:50:30 - INFO: step3.py, pbe: ForkPoolWorker-1: Calling delphi to calculate conformer (498/677) ASP02A1087_003 in /tmp/pbe_data.data.home.granepura.5-Kinases.Kinases_MCCE.Trial01.run_apo.3WZE_ASP02A1087_003
2026-09-22 08:50:34 - INFO: step3.py, pbe: ForkPoolWorker-1: Calling delphi to calculate conformer (499/677) ASP02A1087_004 in /tmp/pbe_data.data.home.granepura.5-Kinases.Kinases_MCCE.Trial01.run_apo.3WZE_ASP02A1087_004
2026-09-22 08:50:38 - INFO: step3.py, pbe: ForkPoolWorker-1: Calling delphi to calculate conformer (500/677) ASP-1A1087_005 in /tmp/pbe_data.data.home.granepura.5-Kinases.Kinases_MCCE.Trial01.run_apo.3WZE_ASP-1A1087_005
2026-09-22 08:50:42 - INFO: step3.py, pbe: Skipping PBE solver for non-charge conformer (501/677) VAL01A1088_001...
2026-09-22 08:50:42 - INFO: step3.py, pbe: Skipping PBE solver for non-charge conformer (502/677) TRP01A1089_001...
2026-09-22 08:50:42 - INFO: step3.py, pbe: ForkPoolWorker-1: Calling delphi to calculate conformer (503/677) SER01A1090_001 in /tmp/pbe_data.data.home.granepura.5-Kinases.Kinases_MCCE.Trial01.run_apo.3WZE_SER01A1090_001
2026-09-22 08:50:46 - INFO: step3.py, pbe: ForkPoolWorker-1: Calling delphi to calculate conformer (504/677) SER01A1090_002 in /tmp/pbe_data.data.home.granepura.5-Kinases.Kinases_MCCE.Trial01.run_apo.3WZE_SER01A1090_002
2026-09-22 08:50:50 - INFO: step3.py, pbe: Skipping PBE solver for non-charge conformer (505/677) PHE01A1091_001...
2026-09-22 08:50:50 - INFO: step3.py, pbe: Skipping PBE solver for non-charge conformer (506/677) VAL01A1093_001...
2026-09-22 08:50:50 - INFO: step3.py, pbe: Skipping PBE solver for non-charge conformer (507/677) LEU01A1094_001...
2026-09-22 08:50:50 - INFO: step3.py, pbe: Skipping PBE solver for non-charge conformer (508/677) LEU01A1095_001...
2026-09-22 08:50:50 - INFO: step3.py, pbe: Skipping PBE solver for non-charge conformer (509/677) TRP01A1096_001...
2026-09-22 08:50:50 - INFO: step3.py, pbe: ForkPoolWorker-1: Calling delphi to calculate conformer (510/677) GLU01A1097_001 in /tmp/pbe_data.data.home.granepura.5-Kinases.Kinases_MCCE.Trial01.run_apo.3WZE_GLU01A1097_001
2026-09-22 08:50:54 - INFO: step3.py, pbe: ForkPoolWorker-1: Calling delphi to calculate conformer (511/677) GLU01A1097_002 in /tmp/pbe_data.data.home.granepura.5-Kinases.Kinases_MCCE.Trial01.run_apo.3WZE_GLU01A1097_002
2026-09-22 08:50:58 - INFO: step3.py, pbe: ForkPoolWorker-1: Calling delphi to calculate conformer (512/677) GLU02A1097_003 in /tmp/pbe_data.data.home.granepura.5-Kinases.Kinases_MCCE.Trial01.run_apo.3WZE_GLU02A1097_003
2026-09-22 08:51:02 - INFO: step3.py, pbe: ForkPoolWorker-1: Calling delphi to calculate conformer (513/677) GLU02A1097_004 in /tmp/pbe_data.data.home.granepura.5-Kinases.Kinases_MCCE.Trial01.run_apo.3WZE_GLU02A1097_004
2026-09-22 08:51:06 - INFO: step3.py, pbe: ForkPoolWorker-1: Calling delphi to calculate conformer (514/677) GLU-1A1097_005 in /tmp/pbe_data.data.home.granepura.5-Kinases.Kinases_MCCE.Trial01.run_apo.3WZE_GLU-1A1097_005
2026-09-22 08:51:11 - INFO: step3.py, pbe: Skipping PBE solver for non-charge conformer (515/677) ILE01A1098_001...
2026-09-22 08:51:11 - INFO: step3.py, pbe: Skipping PBE solver for non-charge conformer (516/677) PHE01A1099_001...
2026-09-22 08:51:11 - INFO: step3.py, pbe: ForkPoolWorker-1: Calling delphi to calculate conformer (517/677) SER01A1100_001 in /tmp/pbe_data.data.home.granepura.5-Kinases.Kinases_MCCE.Trial01.run_apo.3WZE_SER01A1100_001
2026-09-22 08:51:15 - INFO: step3.py, pbe: ForkPoolWorker-1: Calling delphi to calculate conformer (518/677) SER01A1100_002 in /tmp/pbe_data.data.home.granepura.5-Kinases.Kinases_MCCE.Trial01.run_apo.3WZE_SER01A1100_002
2026-09-22 08:51:19 - INFO: step3.py, pbe: Skipping PBE solver for non-charge conformer (519/677) LEU01A1101_001...
2026-09-22 08:51:19 - INFO: step3.py, pbe: Skipping PBE solver for non-charge conformer (520/677) ALA01A1103_001...
2026-09-22 08:51:19 - INFO: step3.py, pbe: ForkPoolWorker-1: Calling delphi to calculate conformer (521/677) SER01A1104_001 in /tmp/pbe_data.data.home.granepura.5-Kinases.Kinases_MCCE.Trial01.run_apo.3WZE_SER01A1104_001
2026-09-22 08:51:23 - INFO: step3.py, pbe: ForkPoolWorker-1: Calling delphi to calculate conformer (522/677) SER01A1104_002 in /tmp/pbe_data.data.home.granepura.5-Kinases.Kinases_MCCE.Trial01.run_apo.3WZE_SER01A1104_002
2026-09-22 08:51:27 - INFO: step3.py, pbe: Skipping PBE solver for non-charge conformer (523/677) PRO01A1105_001...
2026-09-22 08:51:27 - INFO: step3.py, pbe: ForkPoolWorker-1: Calling delphi to calculate conformer (524/677) TYR01A1106_001 in /tmp/pbe_data.data.home.granepura.5-Kinases.Kinases_MCCE.Trial01.run_apo.3WZE_TYR01A1106_001
2026-09-22 08:51:31 - INFO: step3.py, pbe: ForkPoolWorker-1: Calling delphi to calculate conformer (525/677) TYR-1A1106_002 in /tmp/pbe_data.data.home.granepura.5-Kinases.Kinases_MCCE.Trial01.run_apo.3WZE_TYR-1A1106_002
2026-09-22 08:51:35 - INFO: step3.py, pbe: Skipping PBE solver for non-charge conformer (526/677) PRO01A1107_001...
2026-09-22 08:51:35 - INFO: step3.py, pbe: Skipping PBE solver for non-charge conformer (527/677) VAL01A1109_001...
2026-09-22 08:51:35 - INFO: step3.py, pbe: ForkPoolWorker-1: Calling delphi to calculate conformer (528/677) LYS01A1110_001 in /tmp/pbe_data.data.home.granepura.5-Kinases.Kinases_MCCE.Trial01.run_apo.3WZE_LYS01A1110_001
2026-09-22 08:51:39 - INFO: step3.py, pbe: ForkPoolWorker-1: Calling delphi to calculate conformer (529/677) LYS+1A1110_002 in /tmp/pbe_data.data.home.granepura.5-Kinases.Kinases_MCCE.Trial01.run_apo.3WZE_LYS+1A1110_002
2026-09-22 08:51:43 - INFO: step3.py, pbe: Skipping PBE solver for non-charge conformer (530/677) ILE01A1111_001...
2026-09-22 08:51:43 - INFO: step3.py, pbe: ForkPoolWorker-1: Calling delphi to calculate conformer (531/677) ASP01A1112_001 in /tmp/pbe_data.data.home.granepura.5-Kinases.Kinases_MCCE.Trial01.run_apo.3WZE_ASP01A1112_001
2026-09-22 08:51:47 - INFO: step3.py, pbe: ForkPoolWorker-1: Calling delphi to calculate conformer (532/677) ASP01A1112_002 in /tmp/pbe_data.data.home.granepura.5-Kinases.Kinases_MCCE.Trial01.run_apo.3WZE_ASP01A1112_002
2026-09-22 08:51:51 - INFO: step3.py, pbe: ForkPoolWorker-1: Calling delphi to calculate conformer (533/677) ASP02A1112_003 in /tmp/pbe_data.data.home.granepura.5-Kinases.Kinases_MCCE.Trial01.run_apo.3WZE_ASP02A1112_003
2026-09-22 08:51:55 - INFO: step3.py, pbe: ForkPoolWorker-1: Calling delphi to calculate conformer (534/677) ASP02A1112_004 in /tmp/pbe_data.data.home.granepura.5-Kinases.Kinases_MCCE.Trial01.run_apo.3WZE_ASP02A1112_004
2026-09-22 08:51:59 - INFO: step3.py, pbe: ForkPoolWorker-1: Calling delphi to calculate conformer (535/677) ASP-1A1112_005 in /tmp/pbe_data.data.home.granepura.5-Kinases.Kinases_MCCE.Trial01.run_apo.3WZE_ASP-1A1112_005
2026-09-22 08:52:03 - INFO: step3.py, pbe: ForkPoolWorker-1: Calling delphi to calculate conformer (536/677) GLU01A1113_001 in /tmp/pbe_data.data.home.granepura.5-Kinases.Kinases_MCCE.Trial01.run_apo.3WZE_GLU01A1113_001
2026-09-22 08:52:07 - INFO: step3.py, pbe: ForkPoolWorker-1: Calling delphi to calculate conformer (537/677) GLU01A1113_002 in /tmp/pbe_data.data.home.granepura.5-Kinases.Kinases_MCCE.Trial01.run_apo.3WZE_GLU01A1113_002
2026-09-22 08:52:11 - INFO: step3.py, pbe: ForkPoolWorker-1: Calling delphi to calculate conformer (538/677) GLU02A1113_003 in /tmp/pbe_data.data.home.granepura.5-Kinases.Kinases_MCCE.Trial01.run_apo.3WZE_GLU02A1113_003
2026-09-22 08:52:15 - INFO: step3.py, pbe: ForkPoolWorker-1: Calling delphi to calculate conformer (539/677) GLU02A1113_004 in /tmp/pbe_data.data.home.granepura.5-Kinases.Kinases_MCCE.Trial01.run_apo.3WZE_GLU02A1113_004
2026-09-22 08:52:19 - INFO: step3.py, pbe: ForkPoolWorker-1: Calling delphi to calculate conformer (540/677) GLU-1A1113_005 in /tmp/pbe_data.data.home.granepura.5-Kinases.Kinases_MCCE.Trial01.run_apo.3WZE_GLU-1A1113_005
2026-09-22 08:52:23 - INFO: step3.py, pbe: ForkPoolWorker-1: Calling delphi to calculate conformer (541/677) GLU01A1114_001 in /tmp/pbe_data.data.home.granepura.5-Kinases.Kinases_MCCE.Trial01.run_apo.3WZE_GLU01A1114_001
2026-09-22 08:52:27 - INFO: step3.py, pbe: ForkPoolWorker-1: Calling delphi to calculate conformer (542/677) GLU01A1114_002 in /tmp/pbe_data.data.home.granepura.5-Kinases.Kinases_MCCE.Trial01.run_apo.3WZE_GLU01A1114_002
2026-09-22 08:52:31 - INFO: step3.py, pbe: ForkPoolWorker-1: Calling delphi to calculate conformer (543/677) GLU02A1114_003 in /tmp/pbe_data.data.home.granepura.5-Kinases.Kinases_MCCE.Trial01.run_apo.3WZE_GLU02A1114_003
2026-09-22 08:52:35 - INFO: step3.py, pbe: ForkPoolWorker-1: Calling delphi to calculate conformer (544/677) GLU02A1114_004 in /tmp/pbe_data.data.home.granepura.5-Kinases.Kinases_MCCE.Trial01.run_apo.3WZE_GLU02A1114_004
2026-09-22 08:52:39 - INFO: step3.py, pbe: ForkPoolWorker-1: Calling delphi to calculate conformer (545/677) GLU-1A1114_005 in /tmp/pbe_data.data.home.granepura.5-Kinases.Kinases_MCCE.Trial01.run_apo.3WZE_GLU-1A1114_005
2026-09-22 08:52:43 - INFO: step3.py, pbe: Skipping PBE solver for non-charge conformer (546/677) PHE01A1115_001...
2026-09-22 08:52:43 - INFO: step3.py, pbe: ForkPoolWorker-1: Calling delphi to calculate conformer (547/677) CYS01A1116_001 in /tmp/pbe_data.data.home.granepura.5-Kinases.Kinases_MCCE.Trial01.run_apo.3WZE_CYS01A1116_001
2026-09-22 08:52:47 - INFO: step3.py, pbe: ForkPoolWorker-1: Calling delphi to calculate conformer (548/677) CYS01A1116_002 in /tmp/pbe_data.data.home.granepura.5-Kinases.Kinases_MCCE.Trial01.run_apo.3WZE_CYS01A1116_002
2026-09-22 08:52:51 - INFO: step3.py, pbe: ForkPoolWorker-1: Calling delphi to calculate conformer (549/677) CYS01A1116_003 in /tmp/pbe_data.data.home.granepura.5-Kinases.Kinases_MCCE.Trial01.run_apo.3WZE_CYS01A1116_003
2026-09-22 08:52:55 - INFO: step3.py, pbe: ForkPoolWorker-1: Calling delphi to calculate conformer (550/677) CYS-1A1116_004 in /tmp/pbe_data.data.home.granepura.5-Kinases.Kinases_MCCE.Trial01.run_apo.3WZE_CYS-1A1116_004
2026-09-22 08:52:59 - INFO: step3.py, pbe: ForkPoolWorker-1: Calling delphi to calculate conformer (551/677) ARG01A1117_001 in /tmp/pbe_data.data.home.granepura.5-Kinases.Kinases_MCCE.Trial01.run_apo.3WZE_ARG01A1117_001
2026-09-22 08:53:03 - INFO: step3.py, pbe: ForkPoolWorker-1: Calling delphi to calculate conformer (552/677) ARG02A1117_002 in /tmp/pbe_data.data.home.granepura.5-Kinases.Kinases_MCCE.Trial01.run_apo.3WZE_ARG02A1117_002
2026-09-22 08:53:07 - INFO: step3.py, pbe: ForkPoolWorker-1: Calling delphi to calculate conformer (553/677) ARG03A1117_003 in /tmp/pbe_data.data.home.granepura.5-Kinases.Kinases_MCCE.Trial01.run_apo.3WZE_ARG03A1117_003
2026-09-22 08:53:11 - INFO: step3.py, pbe: ForkPoolWorker-1: Calling delphi to calculate conformer (554/677) ARG+1A1117_004 in /tmp/pbe_data.data.home.granepura.5-Kinases.Kinases_MCCE.Trial01.run_apo.3WZE_ARG+1A1117_004
2026-09-22 08:53:15 - INFO: step3.py, pbe: ForkPoolWorker-1: Calling delphi to calculate conformer (555/677) ARG01A1118_001 in /tmp/pbe_data.data.home.granepura.5-Kinases.Kinases_MCCE.Trial01.run_apo.3WZE_ARG01A1118_001
2026-09-22 08:53:19 - INFO: step3.py, pbe: ForkPoolWorker-1: Calling delphi to calculate conformer (556/677) ARG02A1118_002 in /tmp/pbe_data.data.home.granepura.5-Kinases.Kinases_MCCE.Trial01.run_apo.3WZE_ARG02A1118_002
2026-09-22 08:53:23 - INFO: step3.py, pbe: ForkPoolWorker-1: Calling delphi to calculate conformer (557/677) ARG03A1118_003 in /tmp/pbe_data.data.home.granepura.5-Kinases.Kinases_MCCE.Trial01.run_apo.3WZE_ARG03A1118_003
2026-09-22 08:53:27 - INFO: step3.py, pbe: ForkPoolWorker-1: Calling delphi to calculate conformer (558/677) ARG+1A1118_004 in /tmp/pbe_data.data.home.granepura.5-Kinases.Kinases_MCCE.Trial01.run_apo.3WZE_ARG+1A1118_004
2026-09-22 08:53:31 - INFO: step3.py, pbe: Skipping PBE solver for non-charge conformer (559/677) LEU01A1119_001...
2026-09-22 08:53:31 - INFO: step3.py, pbe: ForkPoolWorker-1: Calling delphi to calculate conformer (560/677) LYS01A1120_001 in /tmp/pbe_data.data.home.granepura.5-Kinases.Kinases_MCCE.Trial01.run_apo.3WZE_LYS01A1120_001
2026-09-22 08:53:35 - INFO: step3.py, pbe: ForkPoolWorker-1: Calling delphi to calculate conformer (561/677) LYS+1A1120_002 in /tmp/pbe_data.data.home.granepura.5-Kinases.Kinases_MCCE.Trial01.run_apo.3WZE_LYS+1A1120_002
2026-09-22 08:53:39 - INFO: step3.py, pbe: ForkPoolWorker-1: Calling delphi to calculate conformer (562/677) GLU01A1121_001 in /tmp/pbe_data.data.home.granepura.5-Kinases.Kinases_MCCE.Trial01.run_apo.3WZE_GLU01A1121_001
2026-09-22 08:53:43 - INFO: step3.py, pbe: ForkPoolWorker-1: Calling delphi to calculate conformer (563/677) GLU01A1121_002 in /tmp/pbe_data.data.home.granepura.5-Kinases.Kinases_MCCE.Trial01.run_apo.3WZE_GLU01A1121_002
2026-09-22 08:53:47 - INFO: step3.py, pbe: ForkPoolWorker-1: Calling delphi to calculate conformer (564/677) GLU02A1121_003 in /tmp/pbe_data.data.home.granepura.5-Kinases.Kinases_MCCE.Trial01.run_apo.3WZE_GLU02A1121_003
2026-09-22 08:53:51 - INFO: step3.py, pbe: ForkPoolWorker-1: Calling delphi to calculate conformer (565/677) GLU02A1121_004 in /tmp/pbe_data.data.home.granepura.5-Kinases.Kinases_MCCE.Trial01.run_apo.3WZE_GLU02A1121_004
2026-09-22 08:53:55 - INFO: step3.py, pbe: ForkPoolWorker-1: Calling delphi to calculate conformer (566/677) GLU-1A1121_005 in /tmp/pbe_data.data.home.granepura.5-Kinases.Kinases_MCCE.Trial01.run_apo.3WZE_GLU-1A1121_005
2026-09-22 08:53:59 - INFO: step3.py, pbe: ForkPoolWorker-1: Calling delphi to calculate conformer (567/677) THR01A1123_001 in /tmp/pbe_data.data.home.granepura.5-Kinases.Kinases_MCCE.Trial01.run_apo.3WZE_THR01A1123_001
2026-09-22 08:54:03 - INFO: step3.py, pbe: ForkPoolWorker-1: Calling delphi to calculate conformer (568/677) THR01A1123_002 in /tmp/pbe_data.data.home.granepura.5-Kinases.Kinases_MCCE.Trial01.run_apo.3WZE_THR01A1123_002
2026-09-22 08:54:07 - INFO: step3.py, pbe: ForkPoolWorker-1: Calling delphi to calculate conformer (569/677) ARG01A1124_001 in /tmp/pbe_data.data.home.granepura.5-Kinases.Kinases_MCCE.Trial01.run_apo.3WZE_ARG01A1124_001
2026-09-22 08:54:11 - INFO: step3.py, pbe: ForkPoolWorker-1: Calling delphi to calculate conformer (570/677) ARG02A1124_002 in /tmp/pbe_data.data.home.granepura.5-Kinases.Kinases_MCCE.Trial01.run_apo.3WZE_ARG02A1124_002
2026-09-22 08:54:15 - INFO: step3.py, pbe: ForkPoolWorker-1: Calling delphi to calculate conformer (571/677) ARG02A1124_003 in /tmp/pbe_data.data.home.granepura.5-Kinases.Kinases_MCCE.Trial01.run_apo.3WZE_ARG02A1124_003
2026-09-22 08:54:19 - INFO: step3.py, pbe: ForkPoolWorker-1: Calling delphi to calculate conformer (572/677) ARG03A1124_004 in /tmp/pbe_data.data.home.granepura.5-Kinases.Kinases_MCCE.Trial01.run_apo.3WZE_ARG03A1124_004
2026-09-22 08:54:23 - INFO: step3.py, pbe: ForkPoolWorker-1: Calling delphi to calculate conformer (573/677) ARG03A1124_005 in /tmp/pbe_data.data.home.granepura.5-Kinases.Kinases_MCCE.Trial01.run_apo.3WZE_ARG03A1124_005
2026-09-22 08:54:27 - INFO: step3.py, pbe: ForkPoolWorker-1: Calling delphi to calculate conformer (574/677) ARG+1A1124_006 in /tmp/pbe_data.data.home.granepura.5-Kinases.Kinases_MCCE.Trial01.run_apo.3WZE_ARG+1A1124_006
2026-09-22 08:54:31 - INFO: step3.py, pbe: ForkPoolWorker-1: Calling delphi to calculate conformer (575/677) MET01A1125_001 in /tmp/pbe_data.data.home.granepura.5-Kinases.Kinases_MCCE.Trial01.run_apo.3WZE_MET01A1125_001
2026-09-22 08:54:35 - INFO: step3.py, pbe: ForkPoolWorker-1: Calling delphi to calculate conformer (576/677) ARG01A1126_001 in /tmp/pbe_data.data.home.granepura.5-Kinases.Kinases_MCCE.Trial01.run_apo.3WZE_ARG01A1126_001
2026-09-22 08:54:39 - INFO: step3.py, pbe: ForkPoolWorker-1: Calling delphi to calculate conformer (577/677) ARG02A1126_002 in /tmp/pbe_data.data.home.granepura.5-Kinases.Kinases_MCCE.Trial01.run_apo.3WZE_ARG02A1126_002
2026-09-22 08:54:43 - INFO: step3.py, pbe: ForkPoolWorker-1: Calling delphi to calculate conformer (578/677) ARG03A1126_003 in /tmp/pbe_data.data.home.granepura.5-Kinases.Kinases_MCCE.Trial01.run_apo.3WZE_ARG03A1126_003
2026-09-22 08:54:47 - INFO: step3.py, pbe: ForkPoolWorker-1: Calling delphi to calculate conformer (579/677) ARG+1A1126_004 in /tmp/pbe_data.data.home.granepura.5-Kinases.Kinases_MCCE.Trial01.run_apo.3WZE_ARG+1A1126_004
2026-09-22 08:54:51 - INFO: step3.py, pbe: Skipping PBE solver for non-charge conformer (580/677) ALA01A1127_001...
2026-09-22 08:54:51 - INFO: step3.py, pbe: Skipping PBE solver for non-charge conformer (581/677) PRO01A1128_001...
2026-09-22 08:54:51 - INFO: step3.py, pbe: ForkPoolWorker-1: Calling delphi to calculate conformer (582/677) ASP01A1129_001 in /tmp/pbe_data.data.home.granepura.5-Kinases.Kinases_MCCE.Trial01.run_apo.3WZE_ASP01A1129_001
2026-09-22 08:54:55 - INFO: step3.py, pbe: ForkPoolWorker-1: Calling delphi to calculate conformer (583/677) ASP01A1129_002 in /tmp/pbe_data.data.home.granepura.5-Kinases.Kinases_MCCE.Trial01.run_apo.3WZE_ASP01A1129_002
2026-09-22 08:54:59 - INFO: step3.py, pbe: ForkPoolWorker-1: Calling delphi to calculate conformer (584/677) ASP02A1129_003 in /tmp/pbe_data.data.home.granepura.5-Kinases.Kinases_MCCE.Trial01.run_apo.3WZE_ASP02A1129_003
2026-09-22 08:55:03 - INFO: step3.py, pbe: ForkPoolWorker-1: Calling delphi to calculate conformer (585/677) ASP02A1129_004 in /tmp/pbe_data.data.home.granepura.5-Kinases.Kinases_MCCE.Trial01.run_apo.3WZE_ASP02A1129_004
2026-09-22 08:55:07 - INFO: step3.py, pbe: ForkPoolWorker-1: Calling delphi to calculate conformer (586/677) ASP-1A1129_005 in /tmp/pbe_data.data.home.granepura.5-Kinases.Kinases_MCCE.Trial01.run_apo.3WZE_ASP-1A1129_005
2026-09-22 08:55:11 - INFO: step3.py, pbe: ForkPoolWorker-1: Calling delphi to calculate conformer (587/677) TYR01A1130_001 in /tmp/pbe_data.data.home.granepura.5-Kinases.Kinases_MCCE.Trial01.run_apo.3WZE_TYR01A1130_001
2026-09-22 08:55:15 - INFO: step3.py, pbe: ForkPoolWorker-1: Calling delphi to calculate conformer (588/677) TYR01A1130_002 in /tmp/pbe_data.data.home.granepura.5-Kinases.Kinases_MCCE.Trial01.run_apo.3WZE_TYR01A1130_002
2026-09-22 08:55:19 - INFO: step3.py, pbe: ForkPoolWorker-1: Calling delphi to calculate conformer (589/677) TYR-1A1130_003 in /tmp/pbe_data.data.home.granepura.5-Kinases.Kinases_MCCE.Trial01.run_apo.3WZE_TYR-1A1130_003
2026-09-22 08:55:23 - INFO: step3.py, pbe: ForkPoolWorker-1: Calling delphi to calculate conformer (590/677) THR01A1131_001 in /tmp/pbe_data.data.home.granepura.5-Kinases.Kinases_MCCE.Trial01.run_apo.3WZE_THR01A1131_001
2026-09-22 08:55:27 - INFO: step3.py, pbe: ForkPoolWorker-1: Calling delphi to calculate conformer (591/677) THR01A1131_002 in /tmp/pbe_data.data.home.granepura.5-Kinases.Kinases_MCCE.Trial01.run_apo.3WZE_THR01A1131_002
2026-09-22 08:55:31 - INFO: step3.py, pbe: ForkPoolWorker-1: Calling delphi to calculate conformer (592/677) THR01A1132_001 in /tmp/pbe_data.data.home.granepura.5-Kinases.Kinases_MCCE.Trial01.run_apo.3WZE_THR01A1132_001
2026-09-22 08:55:35 - INFO: step3.py, pbe: ForkPoolWorker-1: Calling delphi to calculate conformer (593/677) THR01A1132_002 in /tmp/pbe_data.data.home.granepura.5-Kinases.Kinases_MCCE.Trial01.run_apo.3WZE_THR01A1132_002
2026-09-22 08:55:39 - INFO: step3.py, pbe: ForkPoolWorker-1: Calling delphi to calculate conformer (594/677) THR01A1132_003 in /tmp/pbe_data.data.home.granepura.5-Kinases.Kinases_MCCE.Trial01.run_apo.3WZE_THR01A1132_003
2026-09-22 08:55:43 - INFO: step3.py, pbe: Skipping PBE solver for non-charge conformer (595/677) PRO01A1133_001...
2026-09-22 08:55:43 - INFO: step3.py, pbe: ForkPoolWorker-1: Calling delphi to calculate conformer (596/677) GLU01A1134_001 in /tmp/pbe_data.data.home.granepura.5-Kinases.Kinases_MCCE.Trial01.run_apo.3WZE_GLU01A1134_001
2026-09-22 08:55:47 - INFO: step3.py, pbe: ForkPoolWorker-1: Calling delphi to calculate conformer (597/677) GLU01A1134_002 in /tmp/pbe_data.data.home.granepura.5-Kinases.Kinases_MCCE.Trial01.run_apo.3WZE_GLU01A1134_002
2026-09-22 08:55:51 - INFO: step3.py, pbe: ForkPoolWorker-1: Calling delphi to calculate conformer (598/677) GLU02A1134_003 in /tmp/pbe_data.data.home.granepura.5-Kinases.Kinases_MCCE.Trial01.run_apo.3WZE_GLU02A1134_003
2026-09-22 08:55:55 - INFO: step3.py, pbe: ForkPoolWorker-1: Calling delphi to calculate conformer (599/677) GLU02A1134_004 in /tmp/pbe_data.data.home.granepura.5-Kinases.Kinases_MCCE.Trial01.run_apo.3WZE_GLU02A1134_004
2026-09-22 08:55:59 - INFO: step3.py, pbe: ForkPoolWorker-1: Calling delphi to calculate conformer (600/677) GLU-1A1134_005 in /tmp/pbe_data.data.home.granepura.5-Kinases.Kinases_MCCE.Trial01.run_apo.3WZE_GLU-1A1134_005
2026-09-22 08:56:03 - INFO: step3.py, pbe: ForkPoolWorker-1: Calling delphi to calculate conformer (601/677) MET01A1135_001 in /tmp/pbe_data.data.home.granepura.5-Kinases.Kinases_MCCE.Trial01.run_apo.3WZE_MET01A1135_001
2026-09-22 08:56:07 - INFO: step3.py, pbe: ForkPoolWorker-1: Calling delphi to calculate conformer (602/677) TYR01A1136_001 in /tmp/pbe_data.data.home.granepura.5-Kinases.Kinases_MCCE.Trial01.run_apo.3WZE_TYR01A1136_001
2026-09-22 08:56:11 - INFO: step3.py, pbe: ForkPoolWorker-1: Calling delphi to calculate conformer (603/677) TYR01A1136_002 in /tmp/pbe_data.data.home.granepura.5-Kinases.Kinases_MCCE.Trial01.run_apo.3WZE_TYR01A1136_002
2026-09-22 08:56:15 - INFO: step3.py, pbe: ForkPoolWorker-1: Calling delphi to calculate conformer (604/677) TYR-1A1136_003 in /tmp/pbe_data.data.home.granepura.5-Kinases.Kinases_MCCE.Trial01.run_apo.3WZE_TYR-1A1136_003
2026-09-22 08:56:19 - INFO: step3.py, pbe: ForkPoolWorker-1: Calling delphi to calculate conformer (605/677) GLN01A1137_001 in /tmp/pbe_data.data.home.granepura.5-Kinases.Kinases_MCCE.Trial01.run_apo.3WZE_GLN01A1137_001
2026-09-22 08:56:23 - INFO: step3.py, pbe: ForkPoolWorker-1: Calling delphi to calculate conformer (606/677) GLN01A1137_002 in /tmp/pbe_data.data.home.granepura.5-Kinases.Kinases_MCCE.Trial01.run_apo.3WZE_GLN01A1137_002
2026-09-22 08:56:27 - INFO: step3.py, pbe: ForkPoolWorker-1: Calling delphi to calculate conformer (607/677) THR01A1138_001 in /tmp/pbe_data.data.home.granepura.5-Kinases.Kinases_MCCE.Trial01.run_apo.3WZE_THR01A1138_001
2026-09-22 08:56:31 - INFO: step3.py, pbe: ForkPoolWorker-1: Calling delphi to calculate conformer (608/677) MET01A1139_001 in /tmp/pbe_data.data.home.granepura.5-Kinases.Kinases_MCCE.Trial01.run_apo.3WZE_MET01A1139_001
2026-09-22 08:56:35 - INFO: step3.py, pbe: Skipping PBE solver for non-charge conformer (609/677) LEU01A1140_001...
2026-09-22 08:56:35 - INFO: step3.py, pbe: ForkPoolWorker-1: Calling delphi to calculate conformer (610/677) ASP01A1141_001 in /tmp/pbe_data.data.home.granepura.5-Kinases.Kinases_MCCE.Trial01.run_apo.3WZE_ASP01A1141_001
2026-09-22 08:56:39 - INFO: step3.py, pbe: ForkPoolWorker-1: Calling delphi to calculate conformer (611/677) ASP01A1141_002 in /tmp/pbe_data.data.home.granepura.5-Kinases.Kinases_MCCE.Trial01.run_apo.3WZE_ASP01A1141_002
2026-09-22 08:56:43 - INFO: step3.py, pbe: ForkPoolWorker-1: Calling delphi to calculate conformer (612/677) ASP02A1141_003 in /tmp/pbe_data.data.home.granepura.5-Kinases.Kinases_MCCE.Trial01.run_apo.3WZE_ASP02A1141_003
2026-09-22 08:56:47 - INFO: step3.py, pbe: ForkPoolWorker-1: Calling delphi to calculate conformer (613/677) ASP02A1141_004 in /tmp/pbe_data.data.home.granepura.5-Kinases.Kinases_MCCE.Trial01.run_apo.3WZE_ASP02A1141_004
2026-09-22 08:56:51 - INFO: step3.py, pbe: ForkPoolWorker-1: Calling delphi to calculate conformer (614/677) ASP-1A1141_005 in /tmp/pbe_data.data.home.granepura.5-Kinases.Kinases_MCCE.Trial01.run_apo.3WZE_ASP-1A1141_005
2026-09-22 08:56:55 - INFO: step3.py, pbe: ForkPoolWorker-1: Calling delphi to calculate conformer (615/677) CYS01A1142_001 in /tmp/pbe_data.data.home.granepura.5-Kinases.Kinases_MCCE.Trial01.run_apo.3WZE_CYS01A1142_001
2026-09-22 08:56:59 - INFO: step3.py, pbe: ForkPoolWorker-1: Calling delphi to calculate conformer (616/677) CYS01A1142_002 in /tmp/pbe_data.data.home.granepura.5-Kinases.Kinases_MCCE.Trial01.run_apo.3WZE_CYS01A1142_002
2026-09-22 08:57:03 - INFO: step3.py, pbe: ForkPoolWorker-1: Calling delphi to calculate conformer (617/677) CYS01A1142_003 in /tmp/pbe_data.data.home.granepura.5-Kinases.Kinases_MCCE.Trial01.run_apo.3WZE_CYS01A1142_003
2026-09-22 08:57:07 - INFO: step3.py, pbe: ForkPoolWorker-1: Calling delphi to calculate conformer (618/677) CYS-1A1142_004 in /tmp/pbe_data.data.home.granepura.5-Kinases.Kinases_MCCE.Trial01.run_apo.3WZE_CYS-1A1142_004
2026-09-22 08:57:11 - INFO: step3.py, pbe: Skipping PBE solver for non-charge conformer (619/677) TRP01A1143_001...
2026-09-22 08:57:11 - INFO: step3.py, pbe: ForkPoolWorker-1: Calling delphi to calculate conformer (620/677) HIS01A1144_001 in /tmp/pbe_data.data.home.granepura.5-Kinases.Kinases_MCCE.Trial01.run_apo.3WZE_HIS01A1144_001
2026-09-22 08:57:15 - INFO: step3.py, pbe: ForkPoolWorker-1: Calling delphi to calculate conformer (621/677) HIS01A1144_002 in /tmp/pbe_data.data.home.granepura.5-Kinases.Kinases_MCCE.Trial01.run_apo.3WZE_HIS01A1144_002
2026-09-22 08:57:19 - INFO: step3.py, pbe: ForkPoolWorker-1: Calling delphi to calculate conformer (622/677) HIS02A1144_003 in /tmp/pbe_data.data.home.granepura.5-Kinases.Kinases_MCCE.Trial01.run_apo.3WZE_HIS02A1144_003
2026-09-22 08:57:23 - INFO: step3.py, pbe: ForkPoolWorker-1: Calling delphi to calculate conformer (623/677) HIS02A1144_004 in /tmp/pbe_data.data.home.granepura.5-Kinases.Kinases_MCCE.Trial01.run_apo.3WZE_HIS02A1144_004
2026-09-22 08:57:27 - INFO: step3.py, pbe: ForkPoolWorker-1: Calling delphi to calculate conformer (624/677) HIS+1A1144_005 in /tmp/pbe_data.data.home.granepura.5-Kinases.Kinases_MCCE.Trial01.run_apo.3WZE_HIS+1A1144_005
2026-09-22 08:57:31 - INFO: step3.py, pbe: ForkPoolWorker-1: Calling delphi to calculate conformer (625/677) HIS+1A1144_006 in /tmp/pbe_data.data.home.granepura.5-Kinases.Kinases_MCCE.Trial01.run_apo.3WZE_HIS+1A1144_006
2026-09-22 08:57:35 - INFO: step3.py, pbe: ForkPoolWorker-1: Calling delphi to calculate conformer (626/677) GLU01A1146_001 in /tmp/pbe_data.data.home.granepura.5-Kinases.Kinases_MCCE.Trial01.run_apo.3WZE_GLU01A1146_001
2026-09-22 08:57:39 - INFO: step3.py, pbe: ForkPoolWorker-1: Calling delphi to calculate conformer (627/677) GLU01A1146_002 in /tmp/pbe_data.data.home.granepura.5-Kinases.Kinases_MCCE.Trial01.run_apo.3WZE_GLU01A1146_002
2026-09-22 08:57:43 - INFO: step3.py, pbe: ForkPoolWorker-1: Calling delphi to calculate conformer (628/677) GLU02A1146_003 in /tmp/pbe_data.data.home.granepura.5-Kinases.Kinases_MCCE.Trial01.run_apo.3WZE_GLU02A1146_003
2026-09-22 08:57:47 - INFO: step3.py, pbe: ForkPoolWorker-1: Calling delphi to calculate conformer (629/677) GLU02A1146_004 in /tmp/pbe_data.data.home.granepura.5-Kinases.Kinases_MCCE.Trial01.run_apo.3WZE_GLU02A1146_004
2026-09-22 08:57:51 - INFO: step3.py, pbe: ForkPoolWorker-1: Calling delphi to calculate conformer (630/677) GLU-1A1146_005 in /tmp/pbe_data.data.home.granepura.5-Kinases.Kinases_MCCE.Trial01.run_apo.3WZE_GLU-1A1146_005
2026-09-22 08:57:55 - INFO: step3.py, pbe: Skipping PBE solver for non-charge conformer (631/677) PRO01A1147_001...
2026-09-22 08:57:55 - INFO: step3.py, pbe: ForkPoolWorker-1: Calling delphi to calculate conformer (632/677) SER01A1148_001 in /tmp/pbe_data.data.home.granepura.5-Kinases.Kinases_MCCE.Trial01.run_apo.3WZE_SER01A1148_001
2026-09-22 08:57:59 - INFO: step3.py, pbe: ForkPoolWorker-1: Calling delphi to calculate conformer (633/677) SER01A1148_002 in /tmp/pbe_data.data.home.granepura.5-Kinases.Kinases_MCCE.Trial01.run_apo.3WZE_SER01A1148_002
2026-09-22 08:58:03 - INFO: step3.py, pbe: ForkPoolWorker-1: Calling delphi to calculate conformer (634/677) GLN01A1149_001 in /tmp/pbe_data.data.home.granepura.5-Kinases.Kinases_MCCE.Trial01.run_apo.3WZE_GLN01A1149_001
2026-09-22 08:58:07 - INFO: step3.py, pbe: ForkPoolWorker-1: Calling delphi to calculate conformer (635/677) GLN01A1149_002 in /tmp/pbe_data.data.home.granepura.5-Kinases.Kinases_MCCE.Trial01.run_apo.3WZE_GLN01A1149_002
2026-09-22 08:58:11 - INFO: step3.py, pbe: ForkPoolWorker-1: Calling delphi to calculate conformer (636/677) ARG01A1150_001 in /tmp/pbe_data.data.home.granepura.5-Kinases.Kinases_MCCE.Trial01.run_apo.3WZE_ARG01A1150_001
2026-09-22 08:58:15 - INFO: step3.py, pbe: ForkPoolWorker-1: Calling delphi to calculate conformer (637/677) ARG02A1150_002 in /tmp/pbe_data.data.home.granepura.5-Kinases.Kinases_MCCE.Trial01.run_apo.3WZE_ARG02A1150_002
2026-09-22 08:58:19 - INFO: step3.py, pbe: ForkPoolWorker-1: Calling delphi to calculate conformer (638/677) ARG02A1150_003 in /tmp/pbe_data.data.home.granepura.5-Kinases.Kinases_MCCE.Trial01.run_apo.3WZE_ARG02A1150_003
2026-09-22 08:58:23 - INFO: step3.py, pbe: ForkPoolWorker-1: Calling delphi to calculate conformer (639/677) ARG03A1150_004 in /tmp/pbe_data.data.home.granepura.5-Kinases.Kinases_MCCE.Trial01.run_apo.3WZE_ARG03A1150_004
2026-09-22 08:58:27 - INFO: step3.py, pbe: ForkPoolWorker-1: Calling delphi to calculate conformer (640/677) ARG03A1150_005 in /tmp/pbe_data.data.home.granepura.5-Kinases.Kinases_MCCE.Trial01.run_apo.3WZE_ARG03A1150_005
2026-09-22 08:58:31 - INFO: step3.py, pbe: ForkPoolWorker-1: Calling delphi to calculate conformer (641/677) ARG+1A1150_006 in /tmp/pbe_data.data.home.granepura.5-Kinases.Kinases_MCCE.Trial01.run_apo.3WZE_ARG+1A1150_006
2026-09-22 08:58:35 - INFO: step3.py, pbe: Skipping PBE solver for non-charge conformer (642/677) PRO01A1151_001...
2026-09-22 08:58:35 - INFO: step3.py, pbe: ForkPoolWorker-1: Calling delphi to calculate conformer (643/677) THR01A1152_001 in /tmp/pbe_data.data.home.granepura.5-Kinases.Kinases_MCCE.Trial01.run_apo.3WZE_THR01A1152_001
2026-09-22 08:58:39 - INFO: step3.py, pbe: ForkPoolWorker-1: Calling delphi to calculate conformer (644/677) THR01A1152_002 in /tmp/pbe_data.data.home.granepura.5-Kinases.Kinases_MCCE.Trial01.run_apo.3WZE_THR01A1152_002
2026-09-22 08:58:43 - INFO: step3.py, pbe: ForkPoolWorker-1: Calling delphi to calculate conformer (645/677) THR01A1152_003 in /tmp/pbe_data.data.home.granepura.5-Kinases.Kinases_MCCE.Trial01.run_apo.3WZE_THR01A1152_003
2026-09-22 08:58:47 - INFO: step3.py, pbe: Skipping PBE solver for non-charge conformer (646/677) PHE01A1153_001...
2026-09-22 08:58:47 - INFO: step3.py, pbe: ForkPoolWorker-1: Calling delphi to calculate conformer (647/677) SER01A1154_001 in /tmp/pbe_data.data.home.granepura.5-Kinases.Kinases_MCCE.Trial01.run_apo.3WZE_SER01A1154_001
2026-09-22 08:58:51 - INFO: step3.py, pbe: ForkPoolWorker-1: Calling delphi to calculate conformer (648/677) SER01A1154_002 in /tmp/pbe_data.data.home.granepura.5-Kinases.Kinases_MCCE.Trial01.run_apo.3WZE_SER01A1154_002
2026-09-22 08:58:55 - INFO: step3.py, pbe: ForkPoolWorker-1: Calling delphi to calculate conformer (649/677) GLU01A1155_001 in /tmp/pbe_data.data.home.granepura.5-Kinases.Kinases_MCCE.Trial01.run_apo.3WZE_GLU01A1155_001
2026-09-22 08:58:59 - INFO: step3.py, pbe: ForkPoolWorker-1: Calling delphi to calculate conformer (650/677) GLU01A1155_002 in /tmp/pbe_data.data.home.granepura.5-Kinases.Kinases_MCCE.Trial01.run_apo.3WZE_GLU01A1155_002
2026-09-22 08:59:03 - INFO: step3.py, pbe: ForkPoolWorker-1: Calling delphi to calculate conformer (651/677) GLU02A1155_003 in /tmp/pbe_data.data.home.granepura.5-Kinases.Kinases_MCCE.Trial01.run_apo.3WZE_GLU02A1155_003
2026-09-22 08:59:07 - INFO: step3.py, pbe: ForkPoolWorker-1: Calling delphi to calculate conformer (652/677) GLU02A1155_004 in /tmp/pbe_data.data.home.granepura.5-Kinases.Kinases_MCCE.Trial01.run_apo.3WZE_GLU02A1155_004
2026-09-22 08:59:11 - INFO: step3.py, pbe: ForkPoolWorker-1: Calling delphi to calculate conformer (653/677) GLU-1A1155_005 in /tmp/pbe_data.data.home.granepura.5-Kinases.Kinases_MCCE.Trial01.run_apo.3WZE_GLU-1A1155_005
2026-09-22 08:59:15 - INFO: step3.py, pbe: Skipping PBE solver for non-charge conformer (654/677) LEU01A1156_001...
2026-09-22 08:59:15 - INFO: step3.py, pbe: Skipping PBE solver for non-charge conformer (655/677) VAL01A1157_001...
2026-09-22 08:59:15 - INFO: step3.py, pbe: ForkPoolWorker-1: Calling delphi to calculate conformer (656/677) GLU01A1158_001 in /tmp/pbe_data.data.home.granepura.5-Kinases.Kinases_MCCE.Trial01.run_apo.3WZE_GLU01A1158_001
2026-09-22 08:59:19 - INFO: step3.py, pbe: ForkPoolWorker-1: Calling delphi to calculate conformer (657/677) GLU01A1158_002 in /tmp/pbe_data.data.home.granepura.5-Kinases.Kinases_MCCE.Trial01.run_apo.3WZE_GLU01A1158_002
2026-09-22 08:59:23 - INFO: step3.py, pbe: ForkPoolWorker-1: Calling delphi to calculate conformer (658/677) GLU02A1158_003 in /tmp/pbe_data.data.home.granepura.5-Kinases.Kinases_MCCE.Trial01.run_apo.3WZE_GLU02A1158_003
2026-09-22 08:59:26 - INFO: step3.py, pbe: ForkPoolWorker-1: Calling delphi to calculate conformer (659/677) GLU02A1158_004 in /tmp/pbe_data.data.home.granepura.5-Kinases.Kinases_MCCE.Trial01.run_apo.3WZE_GLU02A1158_004
2026-09-22 08:59:30 - INFO: step3.py, pbe: ForkPoolWorker-1: Calling delphi to calculate conformer (660/677) GLU-1A1158_005 in /tmp/pbe_data.data.home.granepura.5-Kinases.Kinases_MCCE.Trial01.run_apo.3WZE_GLU-1A1158_005
2026-09-22 08:59:34 - INFO: step3.py, pbe: ForkPoolWorker-1: Calling delphi to calculate conformer (661/677) HIS01A1159_001 in /tmp/pbe_data.data.home.granepura.5-Kinases.Kinases_MCCE.Trial01.run_apo.3WZE_HIS01A1159_001
2026-09-22 08:59:38 - INFO: step3.py, pbe: ForkPoolWorker-1: Calling delphi to calculate conformer (662/677) HIS01A1159_002 in /tmp/pbe_data.data.home.granepura.5-Kinases.Kinases_MCCE.Trial01.run_apo.3WZE_HIS01A1159_002
2026-09-22 08:59:42 - INFO: step3.py, pbe: ForkPoolWorker-1: Calling delphi to calculate conformer (663/677) HIS02A1159_003 in /tmp/pbe_data.data.home.granepura.5-Kinases.Kinases_MCCE.Trial01.run_apo.3WZE_HIS02A1159_003
2026-09-22 08:59:46 - INFO: step3.py, pbe: ForkPoolWorker-1: Calling delphi to calculate conformer (664/677) HIS02A1159_004 in /tmp/pbe_data.data.home.granepura.5-Kinases.Kinases_MCCE.Trial01.run_apo.3WZE_HIS02A1159_004
2026-09-22 08:59:50 - INFO: step3.py, pbe: ForkPoolWorker-1: Calling delphi to calculate conformer (665/677) HIS+1A1159_005 in /tmp/pbe_data.data.home.granepura.5-Kinases.Kinases_MCCE.Trial01.run_apo.3WZE_HIS+1A1159_005
2026-09-22 08:59:54 - INFO: step3.py, pbe: ForkPoolWorker-1: Calling delphi to calculate conformer (666/677) HIS+1A1159_006 in /tmp/pbe_data.data.home.granepura.5-Kinases.Kinases_MCCE.Trial01.run_apo.3WZE_HIS+1A1159_006
2026-09-22 08:59:58 - INFO: step3.py, pbe: Skipping PBE solver for non-charge conformer (667/677) LEU01A1160_001...
2026-09-22 08:59:58 - INFO: step3.py, pbe: ForkPoolWorker-1: Calling delphi to calculate conformer (668/677) ASN01A1162_001 in /tmp/pbe_data.data.home.granepura.5-Kinases.Kinases_MCCE.Trial01.run_apo.3WZE_ASN01A1162_001
2026-09-22 09:00:03 - INFO: step3.py, pbe: ForkPoolWorker-1: Calling delphi to calculate conformer (669/677) ASN01A1162_002 in /tmp/pbe_data.data.home.granepura.5-Kinases.Kinases_MCCE.Trial01.run_apo.3WZE_ASN01A1162_002
2026-09-22 09:00:07 - INFO: step3.py, pbe: ForkPoolWorker-1: Calling delphi to calculate conformer (670/677) ASN01A1162_003 in /tmp/pbe_data.data.home.granepura.5-Kinases.Kinases_MCCE.Trial01.run_apo.3WZE_ASN01A1162_003
2026-09-22 09:00:11 - INFO: step3.py, pbe: Skipping PBE solver for non-charge conformer (671/677) LEU01A1163_001...
2026-09-22 09:00:11 - INFO: step3.py, pbe: Skipping PBE solver for non-charge conformer (672/677) LEU01A1164_001...
2026-09-22 09:00:11 - INFO: step3.py, pbe: ForkPoolWorker-1: Calling delphi to calculate conformer (673/677) GLN01A1165_001 in /tmp/pbe_data.data.home.granepura.5-Kinases.Kinases_MCCE.Trial01.run_apo.3WZE_GLN01A1165_001
2026-09-22 09:00:15 - INFO: step3.py, pbe: ForkPoolWorker-1: Calling delphi to calculate conformer (674/677) GLN01A1165_002 in /tmp/pbe_data.data.home.granepura.5-Kinases.Kinases_MCCE.Trial01.run_apo.3WZE_GLN01A1165_002
2026-09-22 09:00:19 - INFO: step3.py, pbe: Skipping PBE solver for non-charge conformer (675/677) ALA01A1166_001...
2026-09-22 09:00:19 - INFO: step3.py, pbe: ForkPoolWorker-1: Calling delphi to calculate conformer (676/677) ASN01A1167_001 in /tmp/pbe_data.data.home.granepura.5-Kinases.Kinases_MCCE.Trial01.run_apo.3WZE_ASN01A1167_001
2026-09-22 09:00:23 - INFO: step3.py, pbe: ForkPoolWorker-1: Calling delphi to calculate conformer (677/677) ASN01A1167_002 in /tmp/pbe_data.data.home.granepura.5-Kinases.Kinases_MCCE.Trial01.run_apo.3WZE_ASN01A1167_002
2026-09-22 09:00:27 - INFO: step3.py, <module>:    Time needed: 2237 seconds.
2026-09-22 09:00:27 - INFO: step3.py, <module>:    Post-processing of electrostatic potential.
2026-09-22 09:00:27 - INFO: step3.py, <module>:    Processing ele pairwise interaction...
2026-09-22 09:00:28 - INFO: step3.py, <module>:    Time needed: 1 seconds.
2026-09-22 09:00:28 - INFO: step3.py, <module>:    Making atom connectivity ...
2026-09-22 09:00:29 - INFO: step3.py, <module>:    Time needed: 0 seconds.
2026-09-22 09:00:29 - INFO: step3.py, <module>:    Calculating vdw ...
2026-09-22 09:00:34 - INFO: step3.py, <module>:    Time needed: 4 seconds.
2026-09-22 09:00:34 - INFO: step3.py, <module>:    Calculating torsion energy ...
2026-09-22 09:00:34 - INFO: step3.py, <module>:    Time needed: 0 seconds.
2026-09-22 09:00:34 - INFO: step3.py, <module>:    Composing head3.lst ...
2026-09-22 09:00:34 - INFO: step3.py, <module>:    Time needed: 0 seconds.
2026-09-22 09:00:34 - INFO: step3.py, <module>:    Composing opp files ...
2026-09-22 09:00:35 - INFO: step3.py, <module>:    Time needed: 0 seconds.
2026-09-22 09:00:35 - INFO: step3.py, <module>:    Total time for step3 is 2245 seconds.
