ForkPoolWorker-1: Calling delphi to calculate conformer ASN01A0700_001 in /tmp/pbe_data.data.home.granepura.5-kinases.cof_tpl_mg.run_kin.4i22_ASN01A0700_001
ForkPoolWorker-1: Calling delphi to calculate conformer GLN01A0701_001 in /tmp/pbe_data.data.home.granepura.5-kinases.cof_tpl_mg.run_kin.4i22_GLN01A0701_001
ForkPoolWorker-1: Calling delphi to calculate conformer GLN01A0701_002 in /tmp/pbe_data.data.home.granepura.5-kinases.cof_tpl_mg.run_kin.4i22_GLN01A0701_002
Skipping PBE solver for non-charge conformer ALA01A0702_001...
Skipping PBE solver for non-charge conformer LEU01A0703_001...
Skipping PBE solver for non-charge conformer LEU01A0704_001...
ForkPoolWorker-1: Calling delphi to calculate conformer ARG01A0705_001 in /tmp/pbe_data.data.home.granepura.5-kinases.cof_tpl_mg.run_kin.4i22_ARG01A0705_001
ForkPoolWorker-1: Calling delphi to calculate conformer ARG02A0705_002 in /tmp/pbe_data.data.home.granepura.5-kinases.cof_tpl_mg.run_kin.4i22_ARG02A0705_002
ForkPoolWorker-1: Calling delphi to calculate conformer ARG03A0705_003 in /tmp/pbe_data.data.home.granepura.5-kinases.cof_tpl_mg.run_kin.4i22_ARG03A0705_003
ForkPoolWorker-1: Calling delphi to calculate conformer ARG03A0705_004 in /tmp/pbe_data.data.home.granepura.5-kinases.cof_tpl_mg.run_kin.4i22_ARG03A0705_004
ForkPoolWorker-1: Calling delphi to calculate conformer ARG+1A0705_005 in /tmp/pbe_data.data.home.granepura.5-kinases.cof_tpl_mg.run_kin.4i22_ARG+1A0705_005
Skipping PBE solver for non-charge conformer ILE01A0706_001...
Skipping PBE solver for non-charge conformer LEU01A0707_001...
ForkPoolWorker-1: Calling delphi to calculate conformer LYS01A0708_001 in /tmp/pbe_data.data.home.granepura.5-kinases.cof_tpl_mg.run_kin.4i22_LYS01A0708_001
ForkPoolWorker-1: Calling delphi to calculate conformer LYS+1A0708_002 in /tmp/pbe_data.data.home.granepura.5-kinases.cof_tpl_mg.run_kin.4i22_LYS+1A0708_002
ForkPoolWorker-1: Calling delphi to calculate conformer GLU01A0709_001 in /tmp/pbe_data.data.home.granepura.5-kinases.cof_tpl_mg.run_kin.4i22_GLU01A0709_001
ForkPoolWorker-1: Calling delphi to calculate conformer GLU01A0709_002 in /tmp/pbe_data.data.home.granepura.5-kinases.cof_tpl_mg.run_kin.4i22_GLU01A0709_002
ForkPoolWorker-1: Calling delphi to calculate conformer GLU02A0709_003 in /tmp/pbe_data.data.home.granepura.5-kinases.cof_tpl_mg.run_kin.4i22_GLU02A0709_003
ForkPoolWorker-1: Calling delphi to calculate conformer GLU02A0709_004 in /tmp/pbe_data.data.home.granepura.5-kinases.cof_tpl_mg.run_kin.4i22_GLU02A0709_004
ForkPoolWorker-1: Calling delphi to calculate conformer GLU-1A0709_005 in /tmp/pbe_data.data.home.granepura.5-kinases.cof_tpl_mg.run_kin.4i22_GLU-1A0709_005
ForkPoolWorker-1: Calling delphi to calculate conformer THR01A0710_001 in /tmp/pbe_data.data.home.granepura.5-kinases.cof_tpl_mg.run_kin.4i22_THR01A0710_001
ForkPoolWorker-1: Calling delphi to calculate conformer THR01A0710_002 in /tmp/pbe_data.data.home.granepura.5-kinases.cof_tpl_mg.run_kin.4i22_THR01A0710_002
ForkPoolWorker-1: Calling delphi to calculate conformer GLU01A0711_001 in /tmp/pbe_data.data.home.granepura.5-kinases.cof_tpl_mg.run_kin.4i22_GLU01A0711_001
ForkPoolWorker-1: Calling delphi to calculate conformer GLU01A0711_002 in /tmp/pbe_data.data.home.granepura.5-kinases.cof_tpl_mg.run_kin.4i22_GLU01A0711_002
ForkPoolWorker-1: Calling delphi to calculate conformer GLU02A0711_003 in /tmp/pbe_data.data.home.granepura.5-kinases.cof_tpl_mg.run_kin.4i22_GLU02A0711_003
ForkPoolWorker-1: Calling delphi to calculate conformer GLU02A0711_004 in /tmp/pbe_data.data.home.granepura.5-kinases.cof_tpl_mg.run_kin.4i22_GLU02A0711_004
ForkPoolWorker-1: Calling delphi to calculate conformer GLU-1A0711_005 in /tmp/pbe_data.data.home.granepura.5-kinases.cof_tpl_mg.run_kin.4i22_GLU-1A0711_005
Skipping PBE solver for non-charge conformer PHE01A0712_001...
ForkPoolWorker-1: Calling delphi to calculate conformer LYS01A0713_001 in /tmp/pbe_data.data.home.granepura.5-kinases.cof_tpl_mg.run_kin.4i22_LYS01A0713_001
ForkPoolWorker-1: Calling delphi to calculate conformer LYS+1A0713_002 in /tmp/pbe_data.data.home.granepura.5-kinases.cof_tpl_mg.run_kin.4i22_LYS+1A0713_002
ForkPoolWorker-1: Calling delphi to calculate conformer LYS01A0714_001 in /tmp/pbe_data.data.home.granepura.5-kinases.cof_tpl_mg.run_kin.4i22_LYS01A0714_001
ForkPoolWorker-1: Calling delphi to calculate conformer LYS+1A0714_002 in /tmp/pbe_data.data.home.granepura.5-kinases.cof_tpl_mg.run_kin.4i22_LYS+1A0714_002
Skipping PBE solver for non-charge conformer ILE01A0715_001...
ForkPoolWorker-1: Calling delphi to calculate conformer LYS01A0716_001 in /tmp/pbe_data.data.home.granepura.5-kinases.cof_tpl_mg.run_kin.4i22_LYS01A0716_001
ForkPoolWorker-1: Calling delphi to calculate conformer LYS+1A0716_002 in /tmp/pbe_data.data.home.granepura.5-kinases.cof_tpl_mg.run_kin.4i22_LYS+1A0716_002
Skipping PBE solver for non-charge conformer VAL01A0717_001...
Skipping PBE solver for non-charge conformer LEU01A0718_001...
ForkPoolWorker-1: Calling delphi to calculate conformer SER01A0720_001 in /tmp/pbe_data.data.home.granepura.5-kinases.cof_tpl_mg.run_kin.4i22_SER01A0720_001
Skipping PBE solver for non-charge conformer ALA01A0722_001...
Skipping PBE solver for non-charge conformer PHE01A0723_001...
ForkPoolWorker-1: Calling delphi to calculate conformer THR01A0725_001 in /tmp/pbe_data.data.home.granepura.5-kinases.cof_tpl_mg.run_kin.4i22_THR01A0725_001
Skipping PBE solver for non-charge conformer VAL01A0726_001...
ForkPoolWorker-1: Calling delphi to calculate conformer TYR01A0727_001 in /tmp/pbe_data.data.home.granepura.5-kinases.cof_tpl_mg.run_kin.4i22_TYR01A0727_001
ForkPoolWorker-1: Calling delphi to calculate conformer TYR-1A0727_002 in /tmp/pbe_data.data.home.granepura.5-kinases.cof_tpl_mg.run_kin.4i22_TYR-1A0727_002
ForkPoolWorker-1: Calling delphi to calculate conformer LYS01A0728_001 in /tmp/pbe_data.data.home.granepura.5-kinases.cof_tpl_mg.run_kin.4i22_LYS01A0728_001
ForkPoolWorker-1: Calling delphi to calculate conformer LYS+1A0728_002 in /tmp/pbe_data.data.home.granepura.5-kinases.cof_tpl_mg.run_kin.4i22_LYS+1A0728_002
Skipping PBE solver for non-charge conformer LEU01A0730_001...
Skipping PBE solver for non-charge conformer TRP01A0731_001...
Skipping PBE solver for non-charge conformer ILE01A0732_001...
Skipping PBE solver for non-charge conformer PRO01A0733_001...
ForkPoolWorker-1: Calling delphi to calculate conformer GLU01A0734_001 in /tmp/pbe_data.data.home.granepura.5-kinases.cof_tpl_mg.run_kin.4i22_GLU01A0734_001
ForkPoolWorker-1: Calling delphi to calculate conformer GLU01A0734_002 in /tmp/pbe_data.data.home.granepura.5-kinases.cof_tpl_mg.run_kin.4i22_GLU01A0734_002
ForkPoolWorker-1: Calling delphi to calculate conformer GLU02A0734_003 in /tmp/pbe_data.data.home.granepura.5-kinases.cof_tpl_mg.run_kin.4i22_GLU02A0734_003
ForkPoolWorker-1: Calling delphi to calculate conformer GLU02A0734_004 in /tmp/pbe_data.data.home.granepura.5-kinases.cof_tpl_mg.run_kin.4i22_GLU02A0734_004
ForkPoolWorker-1: Calling delphi to calculate conformer GLU-1A0734_005 in /tmp/pbe_data.data.home.granepura.5-kinases.cof_tpl_mg.run_kin.4i22_GLU-1A0734_005
ForkPoolWorker-1: Calling delphi to calculate conformer GLU01A0736_001 in /tmp/pbe_data.data.home.granepura.5-kinases.cof_tpl_mg.run_kin.4i22_GLU01A0736_001
ForkPoolWorker-1: Calling delphi to calculate conformer GLU01A0736_002 in /tmp/pbe_data.data.home.granepura.5-kinases.cof_tpl_mg.run_kin.4i22_GLU01A0736_002
ForkPoolWorker-1: Calling delphi to calculate conformer GLU02A0736_003 in /tmp/pbe_data.data.home.granepura.5-kinases.cof_tpl_mg.run_kin.4i22_GLU02A0736_003
ForkPoolWorker-1: Calling delphi to calculate conformer GLU02A0736_004 in /tmp/pbe_data.data.home.granepura.5-kinases.cof_tpl_mg.run_kin.4i22_GLU02A0736_004
ForkPoolWorker-1: Calling delphi to calculate conformer GLU-1A0736_005 in /tmp/pbe_data.data.home.granepura.5-kinases.cof_tpl_mg.run_kin.4i22_GLU-1A0736_005
ForkPoolWorker-1: Calling delphi to calculate conformer LYS01A0737_001 in /tmp/pbe_data.data.home.granepura.5-kinases.cof_tpl_mg.run_kin.4i22_LYS01A0737_001
ForkPoolWorker-1: Calling delphi to calculate conformer LYS+1A0737_002 in /tmp/pbe_data.data.home.granepura.5-kinases.cof_tpl_mg.run_kin.4i22_LYS+1A0737_002
Skipping PBE solver for non-charge conformer VAL01A0738_001...
ForkPoolWorker-1: Calling delphi to calculate conformer LYS01A0739_001 in /tmp/pbe_data.data.home.granepura.5-kinases.cof_tpl_mg.run_kin.4i22_LYS01A0739_001
ForkPoolWorker-1: Calling delphi to calculate conformer LYS+1A0739_002 in /tmp/pbe_data.data.home.granepura.5-kinases.cof_tpl_mg.run_kin.4i22_LYS+1A0739_002
Skipping PBE solver for non-charge conformer ILE01A0740_001...
Skipping PBE solver for non-charge conformer PRO01A0741_001...
Skipping PBE solver for non-charge conformer VAL01A0742_001...
Skipping PBE solver for non-charge conformer ALA01A0743_001...
Skipping PBE solver for non-charge conformer ILE01A0744_001...
ForkPoolWorker-1: Calling delphi to calculate conformer LYS01A0745_001 in /tmp/pbe_data.data.home.granepura.5-kinases.cof_tpl_mg.run_kin.4i22_LYS01A0745_001
ForkPoolWorker-1: Calling delphi to calculate conformer LYS+1A0745_002 in /tmp/pbe_data.data.home.granepura.5-kinases.cof_tpl_mg.run_kin.4i22_LYS+1A0745_002
ForkPoolWorker-1: Calling delphi to calculate conformer GLU01A0746_001 in /tmp/pbe_data.data.home.granepura.5-kinases.cof_tpl_mg.run_kin.4i22_GLU01A0746_001
ForkPoolWorker-1: Calling delphi to calculate conformer GLU01A0746_002 in /tmp/pbe_data.data.home.granepura.5-kinases.cof_tpl_mg.run_kin.4i22_GLU01A0746_002
ForkPoolWorker-1: Calling delphi to calculate conformer GLU02A0746_003 in /tmp/pbe_data.data.home.granepura.5-kinases.cof_tpl_mg.run_kin.4i22_GLU02A0746_003
ForkPoolWorker-1: Calling delphi to calculate conformer GLU02A0746_004 in /tmp/pbe_data.data.home.granepura.5-kinases.cof_tpl_mg.run_kin.4i22_GLU02A0746_004
ForkPoolWorker-1: Calling delphi to calculate conformer GLU-1A0746_005 in /tmp/pbe_data.data.home.granepura.5-kinases.cof_tpl_mg.run_kin.4i22_GLU-1A0746_005
Skipping PBE solver for non-charge conformer LEU01A0747_001...
ForkPoolWorker-1: Calling delphi to calculate conformer ARG01A0748_001 in /tmp/pbe_data.data.home.granepura.5-kinases.cof_tpl_mg.run_kin.4i22_ARG01A0748_001
ForkPoolWorker-1: Calling delphi to calculate conformer ARG02A0748_002 in /tmp/pbe_data.data.home.granepura.5-kinases.cof_tpl_mg.run_kin.4i22_ARG02A0748_002
ForkPoolWorker-1: Calling delphi to calculate conformer ARG03A0748_003 in /tmp/pbe_data.data.home.granepura.5-kinases.cof_tpl_mg.run_kin.4i22_ARG03A0748_003
ForkPoolWorker-1: Calling delphi to calculate conformer ARG+1A0748_004 in /tmp/pbe_data.data.home.granepura.5-kinases.cof_tpl_mg.run_kin.4i22_ARG+1A0748_004
ForkPoolWorker-1: Calling delphi to calculate conformer LYS01A0754_001 in /tmp/pbe_data.data.home.granepura.5-kinases.cof_tpl_mg.run_kin.4i22_LYS01A0754_001
ForkPoolWorker-1: Calling delphi to calculate conformer LYS+1A0754_002 in /tmp/pbe_data.data.home.granepura.5-kinases.cof_tpl_mg.run_kin.4i22_LYS+1A0754_002
Skipping PBE solver for non-charge conformer ALA01A0755_001...
ForkPoolWorker-1: Calling delphi to calculate conformer ASN01A0756_001 in /tmp/pbe_data.data.home.granepura.5-kinases.cof_tpl_mg.run_kin.4i22_ASN01A0756_001
ForkPoolWorker-1: Calling delphi to calculate conformer ASN01A0756_002 in /tmp/pbe_data.data.home.granepura.5-kinases.cof_tpl_mg.run_kin.4i22_ASN01A0756_002
ForkPoolWorker-1: Calling delphi to calculate conformer LYS01A0757_001 in /tmp/pbe_data.data.home.granepura.5-kinases.cof_tpl_mg.run_kin.4i22_LYS01A0757_001
ForkPoolWorker-1: Calling delphi to calculate conformer LYS+1A0757_002 in /tmp/pbe_data.data.home.granepura.5-kinases.cof_tpl_mg.run_kin.4i22_LYS+1A0757_002
ForkPoolWorker-1: Calling delphi to calculate conformer GLU01A0758_001 in /tmp/pbe_data.data.home.granepura.5-kinases.cof_tpl_mg.run_kin.4i22_GLU01A0758_001
ForkPoolWorker-1: Calling delphi to calculate conformer GLU01A0758_002 in /tmp/pbe_data.data.home.granepura.5-kinases.cof_tpl_mg.run_kin.4i22_GLU01A0758_002
ForkPoolWorker-1: Calling delphi to calculate conformer GLU02A0758_003 in /tmp/pbe_data.data.home.granepura.5-kinases.cof_tpl_mg.run_kin.4i22_GLU02A0758_003
ForkPoolWorker-1: Calling delphi to calculate conformer GLU02A0758_004 in /tmp/pbe_data.data.home.granepura.5-kinases.cof_tpl_mg.run_kin.4i22_GLU02A0758_004
ForkPoolWorker-1: Calling delphi to calculate conformer GLU-1A0758_005 in /tmp/pbe_data.data.home.granepura.5-kinases.cof_tpl_mg.run_kin.4i22_GLU-1A0758_005
Skipping PBE solver for non-charge conformer ILE01A0759_001...
Skipping PBE solver for non-charge conformer LEU01A0760_001...
ForkPoolWorker-1: Calling delphi to calculate conformer ASP01A0761_001 in /tmp/pbe_data.data.home.granepura.5-kinases.cof_tpl_mg.run_kin.4i22_ASP01A0761_001
ForkPoolWorker-1: Calling delphi to calculate conformer ASP01A0761_002 in /tmp/pbe_data.data.home.granepura.5-kinases.cof_tpl_mg.run_kin.4i22_ASP01A0761_002
ForkPoolWorker-1: Calling delphi to calculate conformer ASP02A0761_003 in /tmp/pbe_data.data.home.granepura.5-kinases.cof_tpl_mg.run_kin.4i22_ASP02A0761_003
ForkPoolWorker-1: Calling delphi to calculate conformer ASP02A0761_004 in /tmp/pbe_data.data.home.granepura.5-kinases.cof_tpl_mg.run_kin.4i22_ASP02A0761_004
ForkPoolWorker-1: Calling delphi to calculate conformer ASP-1A0761_005 in /tmp/pbe_data.data.home.granepura.5-kinases.cof_tpl_mg.run_kin.4i22_ASP-1A0761_005
ForkPoolWorker-1: Calling delphi to calculate conformer GLU01A0762_001 in /tmp/pbe_data.data.home.granepura.5-kinases.cof_tpl_mg.run_kin.4i22_GLU01A0762_001
ForkPoolWorker-1: Calling delphi to calculate conformer GLU01A0762_002 in /tmp/pbe_data.data.home.granepura.5-kinases.cof_tpl_mg.run_kin.4i22_GLU01A0762_002
ForkPoolWorker-1: Calling delphi to calculate conformer GLU02A0762_003 in /tmp/pbe_data.data.home.granepura.5-kinases.cof_tpl_mg.run_kin.4i22_GLU02A0762_003
ForkPoolWorker-1: Calling delphi to calculate conformer GLU02A0762_004 in /tmp/pbe_data.data.home.granepura.5-kinases.cof_tpl_mg.run_kin.4i22_GLU02A0762_004
ForkPoolWorker-1: Calling delphi to calculate conformer GLU-1A0762_005 in /tmp/pbe_data.data.home.granepura.5-kinases.cof_tpl_mg.run_kin.4i22_GLU-1A0762_005
Skipping PBE solver for non-charge conformer ALA01A0763_001...
ForkPoolWorker-1: Calling delphi to calculate conformer TYR01A0764_001 in /tmp/pbe_data.data.home.granepura.5-kinases.cof_tpl_mg.run_kin.4i22_TYR01A0764_001
ForkPoolWorker-1: Calling delphi to calculate conformer TYR01A0764_002 in /tmp/pbe_data.data.home.granepura.5-kinases.cof_tpl_mg.run_kin.4i22_TYR01A0764_002
ForkPoolWorker-1: Calling delphi to calculate conformer TYR-1A0764_003 in /tmp/pbe_data.data.home.granepura.5-kinases.cof_tpl_mg.run_kin.4i22_TYR-1A0764_003
Skipping PBE solver for non-charge conformer VAL01A0765_001...
ForkPoolWorker-1: Calling delphi to calculate conformer MET01A0766_001 in /tmp/pbe_data.data.home.granepura.5-kinases.cof_tpl_mg.run_kin.4i22_MET01A0766_001
Skipping PBE solver for non-charge conformer ALA01A0767_001...
ForkPoolWorker-1: Calling delphi to calculate conformer SER01A0768_001 in /tmp/pbe_data.data.home.granepura.5-kinases.cof_tpl_mg.run_kin.4i22_SER01A0768_001
ForkPoolWorker-1: Calling delphi to calculate conformer SER01A0768_002 in /tmp/pbe_data.data.home.granepura.5-kinases.cof_tpl_mg.run_kin.4i22_SER01A0768_002
ForkPoolWorker-1: Calling delphi to calculate conformer SER01A0768_003 in /tmp/pbe_data.data.home.granepura.5-kinases.cof_tpl_mg.run_kin.4i22_SER01A0768_003
Skipping PBE solver for non-charge conformer VAL01A0769_001...
ForkPoolWorker-1: Calling delphi to calculate conformer ASP01A0770_001 in /tmp/pbe_data.data.home.granepura.5-kinases.cof_tpl_mg.run_kin.4i22_ASP01A0770_001
ForkPoolWorker-1: Calling delphi to calculate conformer ASP01A0770_002 in /tmp/pbe_data.data.home.granepura.5-kinases.cof_tpl_mg.run_kin.4i22_ASP01A0770_002
ForkPoolWorker-1: Calling delphi to calculate conformer ASP02A0770_003 in /tmp/pbe_data.data.home.granepura.5-kinases.cof_tpl_mg.run_kin.4i22_ASP02A0770_003
ForkPoolWorker-1: Calling delphi to calculate conformer ASP02A0770_004 in /tmp/pbe_data.data.home.granepura.5-kinases.cof_tpl_mg.run_kin.4i22_ASP02A0770_004
ForkPoolWorker-1: Calling delphi to calculate conformer ASP-1A0770_005 in /tmp/pbe_data.data.home.granepura.5-kinases.cof_tpl_mg.run_kin.4i22_ASP-1A0770_005
ForkPoolWorker-1: Calling delphi to calculate conformer ASN01A0771_001 in /tmp/pbe_data.data.home.granepura.5-kinases.cof_tpl_mg.run_kin.4i22_ASN01A0771_001
ForkPoolWorker-1: Calling delphi to calculate conformer ASN01A0771_002 in /tmp/pbe_data.data.home.granepura.5-kinases.cof_tpl_mg.run_kin.4i22_ASN01A0771_002
Skipping PBE solver for non-charge conformer PRO01A0772_001...
ForkPoolWorker-1: Calling delphi to calculate conformer HIS01A0773_001 in /tmp/pbe_data.data.home.granepura.5-kinases.cof_tpl_mg.run_kin.4i22_HIS01A0773_001
ForkPoolWorker-1: Calling delphi to calculate conformer HIS02A0773_002 in /tmp/pbe_data.data.home.granepura.5-kinases.cof_tpl_mg.run_kin.4i22_HIS02A0773_002
ForkPoolWorker-1: Calling delphi to calculate conformer HIS+1A0773_003 in /tmp/pbe_data.data.home.granepura.5-kinases.cof_tpl_mg.run_kin.4i22_HIS+1A0773_003
Skipping PBE solver for non-charge conformer VAL01A0774_001...
ForkPoolWorker-1: Calling delphi to calculate conformer CYS01A0775_001 in /tmp/pbe_data.data.home.granepura.5-kinases.cof_tpl_mg.run_kin.4i22_CYS01A0775_001
ForkPoolWorker-1: Calling delphi to calculate conformer CYS01A0775_002 in /tmp/pbe_data.data.home.granepura.5-kinases.cof_tpl_mg.run_kin.4i22_CYS01A0775_002
ForkPoolWorker-1: Calling delphi to calculate conformer CYS01A0775_003 in /tmp/pbe_data.data.home.granepura.5-kinases.cof_tpl_mg.run_kin.4i22_CYS01A0775_003
ForkPoolWorker-1: Calling delphi to calculate conformer CYS-1A0775_004 in /tmp/pbe_data.data.home.granepura.5-kinases.cof_tpl_mg.run_kin.4i22_CYS-1A0775_004
ForkPoolWorker-1: Calling delphi to calculate conformer ARG01A0776_001 in /tmp/pbe_data.data.home.granepura.5-kinases.cof_tpl_mg.run_kin.4i22_ARG01A0776_001
ForkPoolWorker-1: Calling delphi to calculate conformer ARG02A0776_002 in /tmp/pbe_data.data.home.granepura.5-kinases.cof_tpl_mg.run_kin.4i22_ARG02A0776_002
ForkPoolWorker-1: Calling delphi to calculate conformer ARG02A0776_003 in /tmp/pbe_data.data.home.granepura.5-kinases.cof_tpl_mg.run_kin.4i22_ARG02A0776_003
ForkPoolWorker-1: Calling delphi to calculate conformer ARG03A0776_004 in /tmp/pbe_data.data.home.granepura.5-kinases.cof_tpl_mg.run_kin.4i22_ARG03A0776_004
ForkPoolWorker-1: Calling delphi to calculate conformer ARG+1A0776_005 in /tmp/pbe_data.data.home.granepura.5-kinases.cof_tpl_mg.run_kin.4i22_ARG+1A0776_005
Skipping PBE solver for non-charge conformer LEU01A0777_001...
Skipping PBE solver for non-charge conformer LEU01A0778_001...
Skipping PBE solver for non-charge conformer ILE01A0780_001...
ForkPoolWorker-1: Calling delphi to calculate conformer CYS01A0781_001 in /tmp/pbe_data.data.home.granepura.5-kinases.cof_tpl_mg.run_kin.4i22_CYS01A0781_001
ForkPoolWorker-1: Calling delphi to calculate conformer CYS01A0781_002 in /tmp/pbe_data.data.home.granepura.5-kinases.cof_tpl_mg.run_kin.4i22_CYS01A0781_002
ForkPoolWorker-1: Calling delphi to calculate conformer CYS01A0781_003 in /tmp/pbe_data.data.home.granepura.5-kinases.cof_tpl_mg.run_kin.4i22_CYS01A0781_003
ForkPoolWorker-1: Calling delphi to calculate conformer CYS-1A0781_004 in /tmp/pbe_data.data.home.granepura.5-kinases.cof_tpl_mg.run_kin.4i22_CYS-1A0781_004
Skipping PBE solver for non-charge conformer LEU01A0782_001...
ForkPoolWorker-1: Calling delphi to calculate conformer THR01A0783_001 in /tmp/pbe_data.data.home.granepura.5-kinases.cof_tpl_mg.run_kin.4i22_THR01A0783_001
ForkPoolWorker-1: Calling delphi to calculate conformer THR01A0783_002 in /tmp/pbe_data.data.home.granepura.5-kinases.cof_tpl_mg.run_kin.4i22_THR01A0783_002
ForkPoolWorker-1: Calling delphi to calculate conformer THR01A0783_003 in /tmp/pbe_data.data.home.granepura.5-kinases.cof_tpl_mg.run_kin.4i22_THR01A0783_003
ForkPoolWorker-1: Calling delphi to calculate conformer SER01A0784_001 in /tmp/pbe_data.data.home.granepura.5-kinases.cof_tpl_mg.run_kin.4i22_SER01A0784_001
ForkPoolWorker-1: Calling delphi to calculate conformer THR01A0785_001 in /tmp/pbe_data.data.home.granepura.5-kinases.cof_tpl_mg.run_kin.4i22_THR01A0785_001
ForkPoolWorker-1: Calling delphi to calculate conformer THR01A0785_002 in /tmp/pbe_data.data.home.granepura.5-kinases.cof_tpl_mg.run_kin.4i22_THR01A0785_002
Skipping PBE solver for non-charge conformer VAL01A0786_001...
ForkPoolWorker-1: Calling delphi to calculate conformer GLN01A0787_001 in /tmp/pbe_data.data.home.granepura.5-kinases.cof_tpl_mg.run_kin.4i22_GLN01A0787_001
ForkPoolWorker-1: Calling delphi to calculate conformer GLN01A0787_002 in /tmp/pbe_data.data.home.granepura.5-kinases.cof_tpl_mg.run_kin.4i22_GLN01A0787_002
Skipping PBE solver for non-charge conformer LEU01A0788_001...
Skipping PBE solver for non-charge conformer ILE01A0789_001...
ForkPoolWorker-1: Calling delphi to calculate conformer MET01A0790_001 in /tmp/pbe_data.data.home.granepura.5-kinases.cof_tpl_mg.run_kin.4i22_MET01A0790_001
ForkPoolWorker-1: Calling delphi to calculate conformer GLN01A0791_001 in /tmp/pbe_data.data.home.granepura.5-kinases.cof_tpl_mg.run_kin.4i22_GLN01A0791_001
ForkPoolWorker-1: Calling delphi to calculate conformer GLN01A0791_002 in /tmp/pbe_data.data.home.granepura.5-kinases.cof_tpl_mg.run_kin.4i22_GLN01A0791_002
Skipping PBE solver for non-charge conformer LEU01A0792_001...
ForkPoolWorker-1: Calling delphi to calculate conformer MET01A0793_001 in /tmp/pbe_data.data.home.granepura.5-kinases.cof_tpl_mg.run_kin.4i22_MET01A0793_001
Skipping PBE solver for non-charge conformer PRO01A0794_001...
Skipping PBE solver for non-charge conformer PHE01A0795_001...
ForkPoolWorker-1: Calling delphi to calculate conformer CYS01A0797_001 in /tmp/pbe_data.data.home.granepura.5-kinases.cof_tpl_mg.run_kin.4i22_CYS01A0797_001
ForkPoolWorker-1: Calling delphi to calculate conformer CYS01A0797_002 in /tmp/pbe_data.data.home.granepura.5-kinases.cof_tpl_mg.run_kin.4i22_CYS01A0797_002
ForkPoolWorker-1: Calling delphi to calculate conformer CYS01A0797_003 in /tmp/pbe_data.data.home.granepura.5-kinases.cof_tpl_mg.run_kin.4i22_CYS01A0797_003
ForkPoolWorker-1: Calling delphi to calculate conformer CYS-1A0797_004 in /tmp/pbe_data.data.home.granepura.5-kinases.cof_tpl_mg.run_kin.4i22_CYS-1A0797_004
Skipping PBE solver for non-charge conformer LEU01A0798_001...
Skipping PBE solver for non-charge conformer LEU01A0799_001...
ForkPoolWorker-1: Calling delphi to calculate conformer ASP01A0800_001 in /tmp/pbe_data.data.home.granepura.5-kinases.cof_tpl_mg.run_kin.4i22_ASP01A0800_001
ForkPoolWorker-1: Calling delphi to calculate conformer ASP01A0800_002 in /tmp/pbe_data.data.home.granepura.5-kinases.cof_tpl_mg.run_kin.4i22_ASP01A0800_002
ForkPoolWorker-1: Calling delphi to calculate conformer ASP02A0800_003 in /tmp/pbe_data.data.home.granepura.5-kinases.cof_tpl_mg.run_kin.4i22_ASP02A0800_003
ForkPoolWorker-1: Calling delphi to calculate conformer ASP02A0800_004 in /tmp/pbe_data.data.home.granepura.5-kinases.cof_tpl_mg.run_kin.4i22_ASP02A0800_004
ForkPoolWorker-1: Calling delphi to calculate conformer ASP-1A0800_005 in /tmp/pbe_data.data.home.granepura.5-kinases.cof_tpl_mg.run_kin.4i22_ASP-1A0800_005
ForkPoolWorker-1: Calling delphi to calculate conformer TYR01A0801_001 in /tmp/pbe_data.data.home.granepura.5-kinases.cof_tpl_mg.run_kin.4i22_TYR01A0801_001
ForkPoolWorker-1: Calling delphi to calculate conformer TYR-1A0801_002 in /tmp/pbe_data.data.home.granepura.5-kinases.cof_tpl_mg.run_kin.4i22_TYR-1A0801_002
Skipping PBE solver for non-charge conformer VAL01A0802_001...
ForkPoolWorker-1: Calling delphi to calculate conformer ARG01A0803_001 in /tmp/pbe_data.data.home.granepura.5-kinases.cof_tpl_mg.run_kin.4i22_ARG01A0803_001
ForkPoolWorker-1: Calling delphi to calculate conformer ARG02A0803_002 in /tmp/pbe_data.data.home.granepura.5-kinases.cof_tpl_mg.run_kin.4i22_ARG02A0803_002
ForkPoolWorker-1: Calling delphi to calculate conformer ARG03A0803_003 in /tmp/pbe_data.data.home.granepura.5-kinases.cof_tpl_mg.run_kin.4i22_ARG03A0803_003
ForkPoolWorker-1: Calling delphi to calculate conformer ARG+1A0803_004 in /tmp/pbe_data.data.home.granepura.5-kinases.cof_tpl_mg.run_kin.4i22_ARG+1A0803_004
ForkPoolWorker-1: Calling delphi to calculate conformer GLU01A0804_001 in /tmp/pbe_data.data.home.granepura.5-kinases.cof_tpl_mg.run_kin.4i22_GLU01A0804_001
ForkPoolWorker-1: Calling delphi to calculate conformer GLU01A0804_002 in /tmp/pbe_data.data.home.granepura.5-kinases.cof_tpl_mg.run_kin.4i22_GLU01A0804_002
ForkPoolWorker-1: Calling delphi to calculate conformer GLU02A0804_003 in /tmp/pbe_data.data.home.granepura.5-kinases.cof_tpl_mg.run_kin.4i22_GLU02A0804_003
ForkPoolWorker-1: Calling delphi to calculate conformer GLU02A0804_004 in /tmp/pbe_data.data.home.granepura.5-kinases.cof_tpl_mg.run_kin.4i22_GLU02A0804_004
ForkPoolWorker-1: Calling delphi to calculate conformer GLU-1A0804_005 in /tmp/pbe_data.data.home.granepura.5-kinases.cof_tpl_mg.run_kin.4i22_GLU-1A0804_005
ForkPoolWorker-1: Calling delphi to calculate conformer HIS01A0805_001 in /tmp/pbe_data.data.home.granepura.5-kinases.cof_tpl_mg.run_kin.4i22_HIS01A0805_001
ForkPoolWorker-1: Calling delphi to calculate conformer HIS01A0805_002 in /tmp/pbe_data.data.home.granepura.5-kinases.cof_tpl_mg.run_kin.4i22_HIS01A0805_002
ForkPoolWorker-1: Calling delphi to calculate conformer HIS02A0805_003 in /tmp/pbe_data.data.home.granepura.5-kinases.cof_tpl_mg.run_kin.4i22_HIS02A0805_003
ForkPoolWorker-1: Calling delphi to calculate conformer HIS02A0805_004 in /tmp/pbe_data.data.home.granepura.5-kinases.cof_tpl_mg.run_kin.4i22_HIS02A0805_004
ForkPoolWorker-1: Calling delphi to calculate conformer HIS+1A0805_005 in /tmp/pbe_data.data.home.granepura.5-kinases.cof_tpl_mg.run_kin.4i22_HIS+1A0805_005
ForkPoolWorker-1: Calling delphi to calculate conformer HIS+1A0805_006 in /tmp/pbe_data.data.home.granepura.5-kinases.cof_tpl_mg.run_kin.4i22_HIS+1A0805_006
ForkPoolWorker-1: Calling delphi to calculate conformer LYS01A0806_001 in /tmp/pbe_data.data.home.granepura.5-kinases.cof_tpl_mg.run_kin.4i22_LYS01A0806_001
ForkPoolWorker-1: Calling delphi to calculate conformer LYS+1A0806_002 in /tmp/pbe_data.data.home.granepura.5-kinases.cof_tpl_mg.run_kin.4i22_LYS+1A0806_002
ForkPoolWorker-1: Calling delphi to calculate conformer ASP01A0807_001 in /tmp/pbe_data.data.home.granepura.5-kinases.cof_tpl_mg.run_kin.4i22_ASP01A0807_001
ForkPoolWorker-1: Calling delphi to calculate conformer ASP01A0807_002 in /tmp/pbe_data.data.home.granepura.5-kinases.cof_tpl_mg.run_kin.4i22_ASP01A0807_002
ForkPoolWorker-1: Calling delphi to calculate conformer ASP02A0807_003 in /tmp/pbe_data.data.home.granepura.5-kinases.cof_tpl_mg.run_kin.4i22_ASP02A0807_003
ForkPoolWorker-1: Calling delphi to calculate conformer ASP02A0807_004 in /tmp/pbe_data.data.home.granepura.5-kinases.cof_tpl_mg.run_kin.4i22_ASP02A0807_004
ForkPoolWorker-1: Calling delphi to calculate conformer ASP-1A0807_005 in /tmp/pbe_data.data.home.granepura.5-kinases.cof_tpl_mg.run_kin.4i22_ASP-1A0807_005
ForkPoolWorker-1: Calling delphi to calculate conformer ASN01A0808_001 in /tmp/pbe_data.data.home.granepura.5-kinases.cof_tpl_mg.run_kin.4i22_ASN01A0808_001
ForkPoolWorker-1: Calling delphi to calculate conformer ASN01A0808_002 in /tmp/pbe_data.data.home.granepura.5-kinases.cof_tpl_mg.run_kin.4i22_ASN01A0808_002
Skipping PBE solver for non-charge conformer ILE01A0809_001...
ForkPoolWorker-1: Calling delphi to calculate conformer SER01A0811_001 in /tmp/pbe_data.data.home.granepura.5-kinases.cof_tpl_mg.run_kin.4i22_SER01A0811_001
ForkPoolWorker-1: Calling delphi to calculate conformer SER01A0811_002 in /tmp/pbe_data.data.home.granepura.5-kinases.cof_tpl_mg.run_kin.4i22_SER01A0811_002
ForkPoolWorker-1: Calling delphi to calculate conformer SER01A0811_003 in /tmp/pbe_data.data.home.granepura.5-kinases.cof_tpl_mg.run_kin.4i22_SER01A0811_003
ForkPoolWorker-1: Calling delphi to calculate conformer GLN01A0812_001 in /tmp/pbe_data.data.home.granepura.5-kinases.cof_tpl_mg.run_kin.4i22_GLN01A0812_001
ForkPoolWorker-1: Calling delphi to calculate conformer GLN01A0812_002 in /tmp/pbe_data.data.home.granepura.5-kinases.cof_tpl_mg.run_kin.4i22_GLN01A0812_002
ForkPoolWorker-1: Calling delphi to calculate conformer GLN01A0812_003 in /tmp/pbe_data.data.home.granepura.5-kinases.cof_tpl_mg.run_kin.4i22_GLN01A0812_003
ForkPoolWorker-1: Calling delphi to calculate conformer TYR01A0813_001 in /tmp/pbe_data.data.home.granepura.5-kinases.cof_tpl_mg.run_kin.4i22_TYR01A0813_001
ForkPoolWorker-1: Calling delphi to calculate conformer TYR01A0813_002 in /tmp/pbe_data.data.home.granepura.5-kinases.cof_tpl_mg.run_kin.4i22_TYR01A0813_002
ForkPoolWorker-1: Calling delphi to calculate conformer TYR-1A0813_003 in /tmp/pbe_data.data.home.granepura.5-kinases.cof_tpl_mg.run_kin.4i22_TYR-1A0813_003
Skipping PBE solver for non-charge conformer LEU01A0814_001...
Skipping PBE solver for non-charge conformer LEU01A0815_001...
ForkPoolWorker-1: Calling delphi to calculate conformer ASN01A0816_001 in /tmp/pbe_data.data.home.granepura.5-kinases.cof_tpl_mg.run_kin.4i22_ASN01A0816_001
ForkPoolWorker-1: Calling delphi to calculate conformer ASN01A0816_002 in /tmp/pbe_data.data.home.granepura.5-kinases.cof_tpl_mg.run_kin.4i22_ASN01A0816_002
Skipping PBE solver for non-charge conformer TRP01A0817_001...
ForkPoolWorker-1: Calling delphi to calculate conformer CYS01A0818_001 in /tmp/pbe_data.data.home.granepura.5-kinases.cof_tpl_mg.run_kin.4i22_CYS01A0818_001
ForkPoolWorker-1: Calling delphi to calculate conformer CYS01A0818_002 in /tmp/pbe_data.data.home.granepura.5-kinases.cof_tpl_mg.run_kin.4i22_CYS01A0818_002
ForkPoolWorker-1: Calling delphi to calculate conformer CYS01A0818_003 in /tmp/pbe_data.data.home.granepura.5-kinases.cof_tpl_mg.run_kin.4i22_CYS01A0818_003
ForkPoolWorker-1: Calling delphi to calculate conformer CYS-1A0818_004 in /tmp/pbe_data.data.home.granepura.5-kinases.cof_tpl_mg.run_kin.4i22_CYS-1A0818_004
Skipping PBE solver for non-charge conformer VAL01A0819_001...
ForkPoolWorker-1: Calling delphi to calculate conformer GLN01A0820_001 in /tmp/pbe_data.data.home.granepura.5-kinases.cof_tpl_mg.run_kin.4i22_GLN01A0820_001
ForkPoolWorker-1: Calling delphi to calculate conformer GLN01A0820_002 in /tmp/pbe_data.data.home.granepura.5-kinases.cof_tpl_mg.run_kin.4i22_GLN01A0820_002
Skipping PBE solver for non-charge conformer ILE01A0821_001...
Skipping PBE solver for non-charge conformer ALA01A0822_001...
ForkPoolWorker-1: Calling delphi to calculate conformer LYS01A0823_001 in /tmp/pbe_data.data.home.granepura.5-kinases.cof_tpl_mg.run_kin.4i22_LYS01A0823_001
ForkPoolWorker-1: Calling delphi to calculate conformer LYS+1A0823_002 in /tmp/pbe_data.data.home.granepura.5-kinases.cof_tpl_mg.run_kin.4i22_LYS+1A0823_002
ForkPoolWorker-1: Calling delphi to calculate conformer MET01A0825_001 in /tmp/pbe_data.data.home.granepura.5-kinases.cof_tpl_mg.run_kin.4i22_MET01A0825_001
ForkPoolWorker-1: Calling delphi to calculate conformer ASN01A0826_001 in /tmp/pbe_data.data.home.granepura.5-kinases.cof_tpl_mg.run_kin.4i22_ASN01A0826_001
ForkPoolWorker-1: Calling delphi to calculate conformer ASN01A0826_002 in /tmp/pbe_data.data.home.granepura.5-kinases.cof_tpl_mg.run_kin.4i22_ASN01A0826_002
ForkPoolWorker-1: Calling delphi to calculate conformer TYR01A0827_001 in /tmp/pbe_data.data.home.granepura.5-kinases.cof_tpl_mg.run_kin.4i22_TYR01A0827_001
ForkPoolWorker-1: Calling delphi to calculate conformer TYR01A0827_002 in /tmp/pbe_data.data.home.granepura.5-kinases.cof_tpl_mg.run_kin.4i22_TYR01A0827_002
ForkPoolWorker-1: Calling delphi to calculate conformer TYR-1A0827_003 in /tmp/pbe_data.data.home.granepura.5-kinases.cof_tpl_mg.run_kin.4i22_TYR-1A0827_003
Skipping PBE solver for non-charge conformer LEU01A0828_001...
ForkPoolWorker-1: Calling delphi to calculate conformer GLU01A0829_001 in /tmp/pbe_data.data.home.granepura.5-kinases.cof_tpl_mg.run_kin.4i22_GLU01A0829_001
ForkPoolWorker-1: Calling delphi to calculate conformer GLU01A0829_002 in /tmp/pbe_data.data.home.granepura.5-kinases.cof_tpl_mg.run_kin.4i22_GLU01A0829_002
ForkPoolWorker-1: Calling delphi to calculate conformer GLU02A0829_003 in /tmp/pbe_data.data.home.granepura.5-kinases.cof_tpl_mg.run_kin.4i22_GLU02A0829_003
ForkPoolWorker-1: Calling delphi to calculate conformer GLU02A0829_004 in /tmp/pbe_data.data.home.granepura.5-kinases.cof_tpl_mg.run_kin.4i22_GLU02A0829_004
ForkPoolWorker-1: Calling delphi to calculate conformer GLU-1A0829_005 in /tmp/pbe_data.data.home.granepura.5-kinases.cof_tpl_mg.run_kin.4i22_GLU-1A0829_005
ForkPoolWorker-1: Calling delphi to calculate conformer ASP01A0830_001 in /tmp/pbe_data.data.home.granepura.5-kinases.cof_tpl_mg.run_kin.4i22_ASP01A0830_001
ForkPoolWorker-1: Calling delphi to calculate conformer ASP01A0830_002 in /tmp/pbe_data.data.home.granepura.5-kinases.cof_tpl_mg.run_kin.4i22_ASP01A0830_002
ForkPoolWorker-1: Calling delphi to calculate conformer ASP02A0830_003 in /tmp/pbe_data.data.home.granepura.5-kinases.cof_tpl_mg.run_kin.4i22_ASP02A0830_003
ForkPoolWorker-1: Calling delphi to calculate conformer ASP02A0830_004 in /tmp/pbe_data.data.home.granepura.5-kinases.cof_tpl_mg.run_kin.4i22_ASP02A0830_004
ForkPoolWorker-1: Calling delphi to calculate conformer ASP-1A0830_005 in /tmp/pbe_data.data.home.granepura.5-kinases.cof_tpl_mg.run_kin.4i22_ASP-1A0830_005
ForkPoolWorker-1: Calling delphi to calculate conformer ARG01A0831_001 in /tmp/pbe_data.data.home.granepura.5-kinases.cof_tpl_mg.run_kin.4i22_ARG01A0831_001
ForkPoolWorker-1: Calling delphi to calculate conformer ARG02A0831_002 in /tmp/pbe_data.data.home.granepura.5-kinases.cof_tpl_mg.run_kin.4i22_ARG02A0831_002
ForkPoolWorker-1: Calling delphi to calculate conformer ARG03A0831_003 in /tmp/pbe_data.data.home.granepura.5-kinases.cof_tpl_mg.run_kin.4i22_ARG03A0831_003
ForkPoolWorker-1: Calling delphi to calculate conformer ARG03A0831_004 in /tmp/pbe_data.data.home.granepura.5-kinases.cof_tpl_mg.run_kin.4i22_ARG03A0831_004
ForkPoolWorker-1: Calling delphi to calculate conformer ARG+1A0831_005 in /tmp/pbe_data.data.home.granepura.5-kinases.cof_tpl_mg.run_kin.4i22_ARG+1A0831_005
ForkPoolWorker-1: Calling delphi to calculate conformer ARG01A0832_001 in /tmp/pbe_data.data.home.granepura.5-kinases.cof_tpl_mg.run_kin.4i22_ARG01A0832_001
ForkPoolWorker-1: Calling delphi to calculate conformer ARG02A0832_002 in /tmp/pbe_data.data.home.granepura.5-kinases.cof_tpl_mg.run_kin.4i22_ARG02A0832_002
ForkPoolWorker-1: Calling delphi to calculate conformer ARG03A0832_003 in /tmp/pbe_data.data.home.granepura.5-kinases.cof_tpl_mg.run_kin.4i22_ARG03A0832_003
ForkPoolWorker-1: Calling delphi to calculate conformer ARG+1A0832_004 in /tmp/pbe_data.data.home.granepura.5-kinases.cof_tpl_mg.run_kin.4i22_ARG+1A0832_004
Skipping PBE solver for non-charge conformer LEU01A0833_001...
Skipping PBE solver for non-charge conformer VAL01A0834_001...
ForkPoolWorker-1: Calling delphi to calculate conformer HIS01A0835_001 in /tmp/pbe_data.data.home.granepura.5-kinases.cof_tpl_mg.run_kin.4i22_HIS01A0835_001
ForkPoolWorker-1: Calling delphi to calculate conformer HIS02A0835_002 in /tmp/pbe_data.data.home.granepura.5-kinases.cof_tpl_mg.run_kin.4i22_HIS02A0835_002
ForkPoolWorker-1: Calling delphi to calculate conformer HIS+1A0835_003 in /tmp/pbe_data.data.home.granepura.5-kinases.cof_tpl_mg.run_kin.4i22_HIS+1A0835_003
ForkPoolWorker-1: Calling delphi to calculate conformer ARG01A0836_001 in /tmp/pbe_data.data.home.granepura.5-kinases.cof_tpl_mg.run_kin.4i22_ARG01A0836_001
ForkPoolWorker-1: Calling delphi to calculate conformer ARG02A0836_002 in /tmp/pbe_data.data.home.granepura.5-kinases.cof_tpl_mg.run_kin.4i22_ARG02A0836_002
ForkPoolWorker-1: Calling delphi to calculate conformer ARG03A0836_003 in /tmp/pbe_data.data.home.granepura.5-kinases.cof_tpl_mg.run_kin.4i22_ARG03A0836_003
ForkPoolWorker-1: Calling delphi to calculate conformer ARG+1A0836_004 in /tmp/pbe_data.data.home.granepura.5-kinases.cof_tpl_mg.run_kin.4i22_ARG+1A0836_004
ForkPoolWorker-1: Calling delphi to calculate conformer ASP01A0837_001 in /tmp/pbe_data.data.home.granepura.5-kinases.cof_tpl_mg.run_kin.4i22_ASP01A0837_001
ForkPoolWorker-1: Calling delphi to calculate conformer ASP01A0837_002 in /tmp/pbe_data.data.home.granepura.5-kinases.cof_tpl_mg.run_kin.4i22_ASP01A0837_002
ForkPoolWorker-1: Calling delphi to calculate conformer ASP02A0837_003 in /tmp/pbe_data.data.home.granepura.5-kinases.cof_tpl_mg.run_kin.4i22_ASP02A0837_003
ForkPoolWorker-1: Calling delphi to calculate conformer ASP02A0837_004 in /tmp/pbe_data.data.home.granepura.5-kinases.cof_tpl_mg.run_kin.4i22_ASP02A0837_004
ForkPoolWorker-1: Calling delphi to calculate conformer ASP-1A0837_005 in /tmp/pbe_data.data.home.granepura.5-kinases.cof_tpl_mg.run_kin.4i22_ASP-1A0837_005
Skipping PBE solver for non-charge conformer LEU01A0838_001...
Skipping PBE solver for non-charge conformer ALA01A0839_001...
Skipping PBE solver for non-charge conformer ALA01A0840_001...
ForkPoolWorker-1: Calling delphi to calculate conformer ARG01A0841_001 in /tmp/pbe_data.data.home.granepura.5-kinases.cof_tpl_mg.run_kin.4i22_ARG01A0841_001
ForkPoolWorker-1: Calling delphi to calculate conformer ARG02A0841_002 in /tmp/pbe_data.data.home.granepura.5-kinases.cof_tpl_mg.run_kin.4i22_ARG02A0841_002
ForkPoolWorker-1: Calling delphi to calculate conformer ARG02A0841_003 in /tmp/pbe_data.data.home.granepura.5-kinases.cof_tpl_mg.run_kin.4i22_ARG02A0841_003
ForkPoolWorker-1: Calling delphi to calculate conformer ARG03A0841_004 in /tmp/pbe_data.data.home.granepura.5-kinases.cof_tpl_mg.run_kin.4i22_ARG03A0841_004
ForkPoolWorker-1: Calling delphi to calculate conformer ARG+1A0841_005 in /tmp/pbe_data.data.home.granepura.5-kinases.cof_tpl_mg.run_kin.4i22_ARG+1A0841_005
ForkPoolWorker-1: Calling delphi to calculate conformer ASN01A0842_001 in /tmp/pbe_data.data.home.granepura.5-kinases.cof_tpl_mg.run_kin.4i22_ASN01A0842_001
ForkPoolWorker-1: Calling delphi to calculate conformer ASN01A0842_002 in /tmp/pbe_data.data.home.granepura.5-kinases.cof_tpl_mg.run_kin.4i22_ASN01A0842_002
Skipping PBE solver for non-charge conformer VAL01A0843_001...
Skipping PBE solver for non-charge conformer LEU01A0844_001...
Skipping PBE solver for non-charge conformer VAL01A0845_001...
ForkPoolWorker-1: Calling delphi to calculate conformer LYS01A0846_001 in /tmp/pbe_data.data.home.granepura.5-kinases.cof_tpl_mg.run_kin.4i22_LYS01A0846_001
ForkPoolWorker-1: Calling delphi to calculate conformer LYS+1A0846_002 in /tmp/pbe_data.data.home.granepura.5-kinases.cof_tpl_mg.run_kin.4i22_LYS+1A0846_002
ForkPoolWorker-1: Calling delphi to calculate conformer THR01A0847_001 in /tmp/pbe_data.data.home.granepura.5-kinases.cof_tpl_mg.run_kin.4i22_THR01A0847_001
ForkPoolWorker-1: Calling delphi to calculate conformer THR01A0847_002 in /tmp/pbe_data.data.home.granepura.5-kinases.cof_tpl_mg.run_kin.4i22_THR01A0847_002
Skipping PBE solver for non-charge conformer PRO01A0848_001...
ForkPoolWorker-1: Calling delphi to calculate conformer GLN01A0849_001 in /tmp/pbe_data.data.home.granepura.5-kinases.cof_tpl_mg.run_kin.4i22_GLN01A0849_001
ForkPoolWorker-1: Calling delphi to calculate conformer GLN01A0849_002 in /tmp/pbe_data.data.home.granepura.5-kinases.cof_tpl_mg.run_kin.4i22_GLN01A0849_002
ForkPoolWorker-1: Calling delphi to calculate conformer HIS01A0850_001 in /tmp/pbe_data.data.home.granepura.5-kinases.cof_tpl_mg.run_kin.4i22_HIS01A0850_001
ForkPoolWorker-1: Calling delphi to calculate conformer HIS01A0850_002 in /tmp/pbe_data.data.home.granepura.5-kinases.cof_tpl_mg.run_kin.4i22_HIS01A0850_002
ForkPoolWorker-1: Calling delphi to calculate conformer HIS02A0850_003 in /tmp/pbe_data.data.home.granepura.5-kinases.cof_tpl_mg.run_kin.4i22_HIS02A0850_003
ForkPoolWorker-1: Calling delphi to calculate conformer HIS02A0850_004 in /tmp/pbe_data.data.home.granepura.5-kinases.cof_tpl_mg.run_kin.4i22_HIS02A0850_004
ForkPoolWorker-1: Calling delphi to calculate conformer HIS+1A0850_005 in /tmp/pbe_data.data.home.granepura.5-kinases.cof_tpl_mg.run_kin.4i22_HIS+1A0850_005
ForkPoolWorker-1: Calling delphi to calculate conformer HIS+1A0850_006 in /tmp/pbe_data.data.home.granepura.5-kinases.cof_tpl_mg.run_kin.4i22_HIS+1A0850_006
Skipping PBE solver for non-charge conformer VAL01A0851_001...
ForkPoolWorker-1: Calling delphi to calculate conformer LYS01A0852_001 in /tmp/pbe_data.data.home.granepura.5-kinases.cof_tpl_mg.run_kin.4i22_LYS01A0852_001
ForkPoolWorker-1: Calling delphi to calculate conformer LYS+1A0852_002 in /tmp/pbe_data.data.home.granepura.5-kinases.cof_tpl_mg.run_kin.4i22_LYS+1A0852_002
Skipping PBE solver for non-charge conformer ILE01A0853_001...
ForkPoolWorker-1: Calling delphi to calculate conformer THR01A0854_001 in /tmp/pbe_data.data.home.granepura.5-kinases.cof_tpl_mg.run_kin.4i22_THR01A0854_001
ForkPoolWorker-1: Calling delphi to calculate conformer THR01A0854_002 in /tmp/pbe_data.data.home.granepura.5-kinases.cof_tpl_mg.run_kin.4i22_THR01A0854_002
ForkPoolWorker-1: Calling delphi to calculate conformer ASP01A0855_001 in /tmp/pbe_data.data.home.granepura.5-kinases.cof_tpl_mg.run_kin.4i22_ASP01A0855_001
ForkPoolWorker-1: Calling delphi to calculate conformer ASP01A0855_002 in /tmp/pbe_data.data.home.granepura.5-kinases.cof_tpl_mg.run_kin.4i22_ASP01A0855_002
ForkPoolWorker-1: Calling delphi to calculate conformer ASP02A0855_003 in /tmp/pbe_data.data.home.granepura.5-kinases.cof_tpl_mg.run_kin.4i22_ASP02A0855_003
ForkPoolWorker-1: Calling delphi to calculate conformer ASP02A0855_004 in /tmp/pbe_data.data.home.granepura.5-kinases.cof_tpl_mg.run_kin.4i22_ASP02A0855_004
ForkPoolWorker-1: Calling delphi to calculate conformer ASP-1A0855_005 in /tmp/pbe_data.data.home.granepura.5-kinases.cof_tpl_mg.run_kin.4i22_ASP-1A0855_005
Skipping PBE solver for non-charge conformer PHE01A0856_001...
ForkPoolWorker-1: Calling delphi to calculate conformer ARG01A0858_001 in /tmp/pbe_data.data.home.granepura.5-kinases.cof_tpl_mg.run_kin.4i22_ARG01A0858_001
ForkPoolWorker-1: Calling delphi to calculate conformer ARG02A0858_002 in /tmp/pbe_data.data.home.granepura.5-kinases.cof_tpl_mg.run_kin.4i22_ARG02A0858_002
ForkPoolWorker-1: Calling delphi to calculate conformer ARG03A0858_003 in /tmp/pbe_data.data.home.granepura.5-kinases.cof_tpl_mg.run_kin.4i22_ARG03A0858_003
ForkPoolWorker-1: Calling delphi to calculate conformer ARG+1A0858_004 in /tmp/pbe_data.data.home.granepura.5-kinases.cof_tpl_mg.run_kin.4i22_ARG+1A0858_004
Skipping PBE solver for non-charge conformer ALA01A0859_001...
ForkPoolWorker-1: Calling delphi to calculate conformer LYS01A0860_001 in /tmp/pbe_data.data.home.granepura.5-kinases.cof_tpl_mg.run_kin.4i22_LYS01A0860_001
ForkPoolWorker-1: Calling delphi to calculate conformer LYS+1A0860_002 in /tmp/pbe_data.data.home.granepura.5-kinases.cof_tpl_mg.run_kin.4i22_LYS+1A0860_002
Skipping PBE solver for non-charge conformer LEU01A0861_001...
Skipping PBE solver for non-charge conformer LEU01A0862_001...
Skipping PBE solver for non-charge conformer VAL01A0876_001...
Skipping PBE solver for non-charge conformer PRO01A0877_001...
Skipping PBE solver for non-charge conformer ILE01A0878_001...
ForkPoolWorker-1: Calling delphi to calculate conformer LYS01A0879_001 in /tmp/pbe_data.data.home.granepura.5-kinases.cof_tpl_mg.run_kin.4i22_LYS01A0879_001
ForkPoolWorker-1: Calling delphi to calculate conformer LYS+1A0879_002 in /tmp/pbe_data.data.home.granepura.5-kinases.cof_tpl_mg.run_kin.4i22_LYS+1A0879_002
Skipping PBE solver for non-charge conformer TRP01A0880_001...
ForkPoolWorker-1: Calling delphi to calculate conformer MET01A0881_001 in /tmp/pbe_data.data.home.granepura.5-kinases.cof_tpl_mg.run_kin.4i22_MET01A0881_001
Skipping PBE solver for non-charge conformer ALA01A0882_001...
Skipping PBE solver for non-charge conformer LEU01A0883_001...
ForkPoolWorker-1: Calling delphi to calculate conformer GLU01A0884_001 in /tmp/pbe_data.data.home.granepura.5-kinases.cof_tpl_mg.run_kin.4i22_GLU01A0884_001
ForkPoolWorker-1: Calling delphi to calculate conformer GLU01A0884_002 in /tmp/pbe_data.data.home.granepura.5-kinases.cof_tpl_mg.run_kin.4i22_GLU01A0884_002
ForkPoolWorker-1: Calling delphi to calculate conformer GLU02A0884_003 in /tmp/pbe_data.data.home.granepura.5-kinases.cof_tpl_mg.run_kin.4i22_GLU02A0884_003
ForkPoolWorker-1: Calling delphi to calculate conformer GLU02A0884_004 in /tmp/pbe_data.data.home.granepura.5-kinases.cof_tpl_mg.run_kin.4i22_GLU02A0884_004
ForkPoolWorker-1: Calling delphi to calculate conformer GLU-1A0884_005 in /tmp/pbe_data.data.home.granepura.5-kinases.cof_tpl_mg.run_kin.4i22_GLU-1A0884_005
ForkPoolWorker-1: Calling delphi to calculate conformer SER01A0885_001 in /tmp/pbe_data.data.home.granepura.5-kinases.cof_tpl_mg.run_kin.4i22_SER01A0885_001
ForkPoolWorker-1: Calling delphi to calculate conformer SER01A0885_002 in /tmp/pbe_data.data.home.granepura.5-kinases.cof_tpl_mg.run_kin.4i22_SER01A0885_002
ForkPoolWorker-1: Calling delphi to calculate conformer SER01A0885_003 in /tmp/pbe_data.data.home.granepura.5-kinases.cof_tpl_mg.run_kin.4i22_SER01A0885_003
Skipping PBE solver for non-charge conformer ILE01A0886_001...
Skipping PBE solver for non-charge conformer LEU01A0887_001...
ForkPoolWorker-1: Calling delphi to calculate conformer HIS01A0888_001 in /tmp/pbe_data.data.home.granepura.5-kinases.cof_tpl_mg.run_kin.4i22_HIS01A0888_001
ForkPoolWorker-1: Calling delphi to calculate conformer HIS01A0888_002 in /tmp/pbe_data.data.home.granepura.5-kinases.cof_tpl_mg.run_kin.4i22_HIS01A0888_002
ForkPoolWorker-1: Calling delphi to calculate conformer HIS02A0888_003 in /tmp/pbe_data.data.home.granepura.5-kinases.cof_tpl_mg.run_kin.4i22_HIS02A0888_003
ForkPoolWorker-1: Calling delphi to calculate conformer HIS02A0888_004 in /tmp/pbe_data.data.home.granepura.5-kinases.cof_tpl_mg.run_kin.4i22_HIS02A0888_004
ForkPoolWorker-1: Calling delphi to calculate conformer HIS+1A0888_005 in /tmp/pbe_data.data.home.granepura.5-kinases.cof_tpl_mg.run_kin.4i22_HIS+1A0888_005
ForkPoolWorker-1: Calling delphi to calculate conformer HIS+1A0888_006 in /tmp/pbe_data.data.home.granepura.5-kinases.cof_tpl_mg.run_kin.4i22_HIS+1A0888_006
ForkPoolWorker-1: Calling delphi to calculate conformer ARG01A0889_001 in /tmp/pbe_data.data.home.granepura.5-kinases.cof_tpl_mg.run_kin.4i22_ARG01A0889_001
ForkPoolWorker-1: Calling delphi to calculate conformer ARG02A0889_002 in /tmp/pbe_data.data.home.granepura.5-kinases.cof_tpl_mg.run_kin.4i22_ARG02A0889_002
ForkPoolWorker-1: Calling delphi to calculate conformer ARG03A0889_003 in /tmp/pbe_data.data.home.granepura.5-kinases.cof_tpl_mg.run_kin.4i22_ARG03A0889_003
ForkPoolWorker-1: Calling delphi to calculate conformer ARG+1A0889_004 in /tmp/pbe_data.data.home.granepura.5-kinases.cof_tpl_mg.run_kin.4i22_ARG+1A0889_004
Skipping PBE solver for non-charge conformer ILE01A0890_001...
ForkPoolWorker-1: Calling delphi to calculate conformer TYR01A0891_001 in /tmp/pbe_data.data.home.granepura.5-kinases.cof_tpl_mg.run_kin.4i22_TYR01A0891_001
ForkPoolWorker-1: Calling delphi to calculate conformer TYR01A0891_002 in /tmp/pbe_data.data.home.granepura.5-kinases.cof_tpl_mg.run_kin.4i22_TYR01A0891_002
ForkPoolWorker-1: Calling delphi to calculate conformer TYR-1A0891_003 in /tmp/pbe_data.data.home.granepura.5-kinases.cof_tpl_mg.run_kin.4i22_TYR-1A0891_003
ForkPoolWorker-1: Calling delphi to calculate conformer THR01A0892_001 in /tmp/pbe_data.data.home.granepura.5-kinases.cof_tpl_mg.run_kin.4i22_THR01A0892_001
ForkPoolWorker-1: Calling delphi to calculate conformer HIS01A0893_001 in /tmp/pbe_data.data.home.granepura.5-kinases.cof_tpl_mg.run_kin.4i22_HIS01A0893_001
ForkPoolWorker-1: Calling delphi to calculate conformer HIS01A0893_002 in /tmp/pbe_data.data.home.granepura.5-kinases.cof_tpl_mg.run_kin.4i22_HIS01A0893_002
ForkPoolWorker-1: Calling delphi to calculate conformer HIS02A0893_003 in /tmp/pbe_data.data.home.granepura.5-kinases.cof_tpl_mg.run_kin.4i22_HIS02A0893_003
ForkPoolWorker-1: Calling delphi to calculate conformer HIS02A0893_004 in /tmp/pbe_data.data.home.granepura.5-kinases.cof_tpl_mg.run_kin.4i22_HIS02A0893_004
ForkPoolWorker-1: Calling delphi to calculate conformer HIS+1A0893_005 in /tmp/pbe_data.data.home.granepura.5-kinases.cof_tpl_mg.run_kin.4i22_HIS+1A0893_005
ForkPoolWorker-1: Calling delphi to calculate conformer HIS+1A0893_006 in /tmp/pbe_data.data.home.granepura.5-kinases.cof_tpl_mg.run_kin.4i22_HIS+1A0893_006
ForkPoolWorker-1: Calling delphi to calculate conformer GLN01A0894_001 in /tmp/pbe_data.data.home.granepura.5-kinases.cof_tpl_mg.run_kin.4i22_GLN01A0894_001
ForkPoolWorker-1: Calling delphi to calculate conformer GLN01A0894_002 in /tmp/pbe_data.data.home.granepura.5-kinases.cof_tpl_mg.run_kin.4i22_GLN01A0894_002
ForkPoolWorker-1: Calling delphi to calculate conformer SER01A0895_001 in /tmp/pbe_data.data.home.granepura.5-kinases.cof_tpl_mg.run_kin.4i22_SER01A0895_001
ForkPoolWorker-1: Calling delphi to calculate conformer SER01A0895_002 in /tmp/pbe_data.data.home.granepura.5-kinases.cof_tpl_mg.run_kin.4i22_SER01A0895_002
ForkPoolWorker-1: Calling delphi to calculate conformer ASP01A0896_001 in /tmp/pbe_data.data.home.granepura.5-kinases.cof_tpl_mg.run_kin.4i22_ASP01A0896_001
ForkPoolWorker-1: Calling delphi to calculate conformer ASP01A0896_002 in /tmp/pbe_data.data.home.granepura.5-kinases.cof_tpl_mg.run_kin.4i22_ASP01A0896_002
ForkPoolWorker-1: Calling delphi to calculate conformer ASP02A0896_003 in /tmp/pbe_data.data.home.granepura.5-kinases.cof_tpl_mg.run_kin.4i22_ASP02A0896_003
ForkPoolWorker-1: Calling delphi to calculate conformer ASP02A0896_004 in /tmp/pbe_data.data.home.granepura.5-kinases.cof_tpl_mg.run_kin.4i22_ASP02A0896_004
ForkPoolWorker-1: Calling delphi to calculate conformer ASP-1A0896_005 in /tmp/pbe_data.data.home.granepura.5-kinases.cof_tpl_mg.run_kin.4i22_ASP-1A0896_005
Skipping PBE solver for non-charge conformer VAL01A0897_001...
Skipping PBE solver for non-charge conformer TRP01A0898_001...
ForkPoolWorker-1: Calling delphi to calculate conformer SER01A0899_001 in /tmp/pbe_data.data.home.granepura.5-kinases.cof_tpl_mg.run_kin.4i22_SER01A0899_001
ForkPoolWorker-1: Calling delphi to calculate conformer SER01A0899_002 in /tmp/pbe_data.data.home.granepura.5-kinases.cof_tpl_mg.run_kin.4i22_SER01A0899_002
ForkPoolWorker-1: Calling delphi to calculate conformer TYR01A0900_001 in /tmp/pbe_data.data.home.granepura.5-kinases.cof_tpl_mg.run_kin.4i22_TYR01A0900_001
ForkPoolWorker-1: Calling delphi to calculate conformer TYR01A0900_002 in /tmp/pbe_data.data.home.granepura.5-kinases.cof_tpl_mg.run_kin.4i22_TYR01A0900_002
ForkPoolWorker-1: Calling delphi to calculate conformer TYR-1A0900_003 in /tmp/pbe_data.data.home.granepura.5-kinases.cof_tpl_mg.run_kin.4i22_TYR-1A0900_003
Skipping PBE solver for non-charge conformer VAL01A0902_001...
ForkPoolWorker-1: Calling delphi to calculate conformer THR01A0903_001 in /tmp/pbe_data.data.home.granepura.5-kinases.cof_tpl_mg.run_kin.4i22_THR01A0903_001
ForkPoolWorker-1: Calling delphi to calculate conformer THR01A0903_002 in /tmp/pbe_data.data.home.granepura.5-kinases.cof_tpl_mg.run_kin.4i22_THR01A0903_002
ForkPoolWorker-1: Calling delphi to calculate conformer THR01A0903_003 in /tmp/pbe_data.data.home.granepura.5-kinases.cof_tpl_mg.run_kin.4i22_THR01A0903_003
Skipping PBE solver for non-charge conformer VAL01A0904_001...
Skipping PBE solver for non-charge conformer TRP01A0905_001...
ForkPoolWorker-1: Calling delphi to calculate conformer GLU01A0906_001 in /tmp/pbe_data.data.home.granepura.5-kinases.cof_tpl_mg.run_kin.4i22_GLU01A0906_001
ForkPoolWorker-1: Calling delphi to calculate conformer GLU01A0906_002 in /tmp/pbe_data.data.home.granepura.5-kinases.cof_tpl_mg.run_kin.4i22_GLU01A0906_002
ForkPoolWorker-1: Calling delphi to calculate conformer GLU02A0906_003 in /tmp/pbe_data.data.home.granepura.5-kinases.cof_tpl_mg.run_kin.4i22_GLU02A0906_003
ForkPoolWorker-1: Calling delphi to calculate conformer GLU02A0906_004 in /tmp/pbe_data.data.home.granepura.5-kinases.cof_tpl_mg.run_kin.4i22_GLU02A0906_004
ForkPoolWorker-1: Calling delphi to calculate conformer GLU-1A0906_005 in /tmp/pbe_data.data.home.granepura.5-kinases.cof_tpl_mg.run_kin.4i22_GLU-1A0906_005
Skipping PBE solver for non-charge conformer LEU01A0907_001...
ForkPoolWorker-1: Calling delphi to calculate conformer MET01A0908_001 in /tmp/pbe_data.data.home.granepura.5-kinases.cof_tpl_mg.run_kin.4i22_MET01A0908_001
ForkPoolWorker-1: Calling delphi to calculate conformer THR01A0909_001 in /tmp/pbe_data.data.home.granepura.5-kinases.cof_tpl_mg.run_kin.4i22_THR01A0909_001
ForkPoolWorker-1: Calling delphi to calculate conformer THR01A0909_002 in /tmp/pbe_data.data.home.granepura.5-kinases.cof_tpl_mg.run_kin.4i22_THR01A0909_002
Skipping PBE solver for non-charge conformer PHE01A0910_001...
ForkPoolWorker-1: Calling delphi to calculate conformer SER01A0912_001 in /tmp/pbe_data.data.home.granepura.5-kinases.cof_tpl_mg.run_kin.4i22_SER01A0912_001
ForkPoolWorker-1: Calling delphi to calculate conformer LYS01A0913_001 in /tmp/pbe_data.data.home.granepura.5-kinases.cof_tpl_mg.run_kin.4i22_LYS01A0913_001
ForkPoolWorker-1: Calling delphi to calculate conformer LYS+1A0913_002 in /tmp/pbe_data.data.home.granepura.5-kinases.cof_tpl_mg.run_kin.4i22_LYS+1A0913_002
Skipping PBE solver for non-charge conformer PRO01A0914_001...
ForkPoolWorker-1: Calling delphi to calculate conformer TYR01A0915_001 in /tmp/pbe_data.data.home.granepura.5-kinases.cof_tpl_mg.run_kin.4i22_TYR01A0915_001
ForkPoolWorker-1: Calling delphi to calculate conformer TYR-1A0915_002 in /tmp/pbe_data.data.home.granepura.5-kinases.cof_tpl_mg.run_kin.4i22_TYR-1A0915_002
ForkPoolWorker-1: Calling delphi to calculate conformer ASP01A0916_001 in /tmp/pbe_data.data.home.granepura.5-kinases.cof_tpl_mg.run_kin.4i22_ASP01A0916_001
ForkPoolWorker-1: Calling delphi to calculate conformer ASP01A0916_002 in /tmp/pbe_data.data.home.granepura.5-kinases.cof_tpl_mg.run_kin.4i22_ASP01A0916_002
ForkPoolWorker-1: Calling delphi to calculate conformer ASP02A0916_003 in /tmp/pbe_data.data.home.granepura.5-kinases.cof_tpl_mg.run_kin.4i22_ASP02A0916_003
ForkPoolWorker-1: Calling delphi to calculate conformer ASP02A0916_004 in /tmp/pbe_data.data.home.granepura.5-kinases.cof_tpl_mg.run_kin.4i22_ASP02A0916_004
ForkPoolWorker-1: Calling delphi to calculate conformer ASP-1A0916_005 in /tmp/pbe_data.data.home.granepura.5-kinases.cof_tpl_mg.run_kin.4i22_ASP-1A0916_005
Skipping PBE solver for non-charge conformer ILE01A0918_001...
Skipping PBE solver for non-charge conformer PRO01A0919_001...
Skipping PBE solver for non-charge conformer ALA01A0920_001...
ForkPoolWorker-1: Calling delphi to calculate conformer SER01A0921_001 in /tmp/pbe_data.data.home.granepura.5-kinases.cof_tpl_mg.run_kin.4i22_SER01A0921_001
ForkPoolWorker-1: Calling delphi to calculate conformer GLU01A0922_001 in /tmp/pbe_data.data.home.granepura.5-kinases.cof_tpl_mg.run_kin.4i22_GLU01A0922_001
ForkPoolWorker-1: Calling delphi to calculate conformer GLU01A0922_002 in /tmp/pbe_data.data.home.granepura.5-kinases.cof_tpl_mg.run_kin.4i22_GLU01A0922_002
ForkPoolWorker-1: Calling delphi to calculate conformer GLU02A0922_003 in /tmp/pbe_data.data.home.granepura.5-kinases.cof_tpl_mg.run_kin.4i22_GLU02A0922_003
ForkPoolWorker-1: Calling delphi to calculate conformer GLU02A0922_004 in /tmp/pbe_data.data.home.granepura.5-kinases.cof_tpl_mg.run_kin.4i22_GLU02A0922_004
ForkPoolWorker-1: Calling delphi to calculate conformer GLU-1A0922_005 in /tmp/pbe_data.data.home.granepura.5-kinases.cof_tpl_mg.run_kin.4i22_GLU-1A0922_005
Skipping PBE solver for non-charge conformer ILE01A0923_001...
ForkPoolWorker-1: Calling delphi to calculate conformer SER01A0924_001 in /tmp/pbe_data.data.home.granepura.5-kinases.cof_tpl_mg.run_kin.4i22_SER01A0924_001
ForkPoolWorker-1: Calling delphi to calculate conformer SER01A0924_002 in /tmp/pbe_data.data.home.granepura.5-kinases.cof_tpl_mg.run_kin.4i22_SER01A0924_002
ForkPoolWorker-1: Calling delphi to calculate conformer SER01A0925_001 in /tmp/pbe_data.data.home.granepura.5-kinases.cof_tpl_mg.run_kin.4i22_SER01A0925_001
Skipping PBE solver for non-charge conformer ILE01A0926_001...
Skipping PBE solver for non-charge conformer LEU01A0927_001...
ForkPoolWorker-1: Calling delphi to calculate conformer GLU01A0928_001 in /tmp/pbe_data.data.home.granepura.5-kinases.cof_tpl_mg.run_kin.4i22_GLU01A0928_001
ForkPoolWorker-1: Calling delphi to calculate conformer GLU01A0928_002 in /tmp/pbe_data.data.home.granepura.5-kinases.cof_tpl_mg.run_kin.4i22_GLU01A0928_002
ForkPoolWorker-1: Calling delphi to calculate conformer GLU02A0928_003 in /tmp/pbe_data.data.home.granepura.5-kinases.cof_tpl_mg.run_kin.4i22_GLU02A0928_003
ForkPoolWorker-1: Calling delphi to calculate conformer GLU02A0928_004 in /tmp/pbe_data.data.home.granepura.5-kinases.cof_tpl_mg.run_kin.4i22_GLU02A0928_004
ForkPoolWorker-1: Calling delphi to calculate conformer GLU-1A0928_005 in /tmp/pbe_data.data.home.granepura.5-kinases.cof_tpl_mg.run_kin.4i22_GLU-1A0928_005
ForkPoolWorker-1: Calling delphi to calculate conformer LYS01A0929_001 in /tmp/pbe_data.data.home.granepura.5-kinases.cof_tpl_mg.run_kin.4i22_LYS01A0929_001
ForkPoolWorker-1: Calling delphi to calculate conformer LYS+1A0929_002 in /tmp/pbe_data.data.home.granepura.5-kinases.cof_tpl_mg.run_kin.4i22_LYS+1A0929_002
ForkPoolWorker-1: Calling delphi to calculate conformer GLU01A0931_001 in /tmp/pbe_data.data.home.granepura.5-kinases.cof_tpl_mg.run_kin.4i22_GLU01A0931_001
ForkPoolWorker-1: Calling delphi to calculate conformer GLU01A0931_002 in /tmp/pbe_data.data.home.granepura.5-kinases.cof_tpl_mg.run_kin.4i22_GLU01A0931_002
ForkPoolWorker-1: Calling delphi to calculate conformer GLU02A0931_003 in /tmp/pbe_data.data.home.granepura.5-kinases.cof_tpl_mg.run_kin.4i22_GLU02A0931_003
ForkPoolWorker-1: Calling delphi to calculate conformer GLU02A0931_004 in /tmp/pbe_data.data.home.granepura.5-kinases.cof_tpl_mg.run_kin.4i22_GLU02A0931_004
ForkPoolWorker-1: Calling delphi to calculate conformer GLU-1A0931_005 in /tmp/pbe_data.data.home.granepura.5-kinases.cof_tpl_mg.run_kin.4i22_GLU-1A0931_005
ForkPoolWorker-1: Calling delphi to calculate conformer ARG01A0932_001 in /tmp/pbe_data.data.home.granepura.5-kinases.cof_tpl_mg.run_kin.4i22_ARG01A0932_001
ForkPoolWorker-1: Calling delphi to calculate conformer ARG02A0932_002 in /tmp/pbe_data.data.home.granepura.5-kinases.cof_tpl_mg.run_kin.4i22_ARG02A0932_002
ForkPoolWorker-1: Calling delphi to calculate conformer ARG03A0932_003 in /tmp/pbe_data.data.home.granepura.5-kinases.cof_tpl_mg.run_kin.4i22_ARG03A0932_003
ForkPoolWorker-1: Calling delphi to calculate conformer ARG+1A0932_004 in /tmp/pbe_data.data.home.granepura.5-kinases.cof_tpl_mg.run_kin.4i22_ARG+1A0932_004
Skipping PBE solver for non-charge conformer LEU01A0933_001...
Skipping PBE solver for non-charge conformer PRO01A0934_001...
ForkPoolWorker-1: Calling delphi to calculate conformer GLN01A0935_001 in /tmp/pbe_data.data.home.granepura.5-kinases.cof_tpl_mg.run_kin.4i22_GLN01A0935_001
ForkPoolWorker-1: Calling delphi to calculate conformer GLN01A0935_002 in /tmp/pbe_data.data.home.granepura.5-kinases.cof_tpl_mg.run_kin.4i22_GLN01A0935_002
Skipping PBE solver for non-charge conformer PRO01A0936_001...
Skipping PBE solver for non-charge conformer PRO01A0937_001...
Skipping PBE solver for non-charge conformer ILE01A0938_001...
ForkPoolWorker-1: Calling delphi to calculate conformer CYS01A0939_001 in /tmp/pbe_data.data.home.granepura.5-kinases.cof_tpl_mg.run_kin.4i22_CYS01A0939_001
ForkPoolWorker-1: Calling delphi to calculate conformer CYS01A0939_002 in /tmp/pbe_data.data.home.granepura.5-kinases.cof_tpl_mg.run_kin.4i22_CYS01A0939_002
ForkPoolWorker-1: Calling delphi to calculate conformer CYS01A0939_003 in /tmp/pbe_data.data.home.granepura.5-kinases.cof_tpl_mg.run_kin.4i22_CYS01A0939_003
ForkPoolWorker-1: Calling delphi to calculate conformer CYS-1A0939_004 in /tmp/pbe_data.data.home.granepura.5-kinases.cof_tpl_mg.run_kin.4i22_CYS-1A0939_004
ForkPoolWorker-1: Calling delphi to calculate conformer THR01A0940_001 in /tmp/pbe_data.data.home.granepura.5-kinases.cof_tpl_mg.run_kin.4i22_THR01A0940_001
ForkPoolWorker-1: Calling delphi to calculate conformer THR01A0940_002 in /tmp/pbe_data.data.home.granepura.5-kinases.cof_tpl_mg.run_kin.4i22_THR01A0940_002
Skipping PBE solver for non-charge conformer ILE01A0941_001...
ForkPoolWorker-1: Calling delphi to calculate conformer ASP01A0942_001 in /tmp/pbe_data.data.home.granepura.5-kinases.cof_tpl_mg.run_kin.4i22_ASP01A0942_001
ForkPoolWorker-1: Calling delphi to calculate conformer ASP01A0942_002 in /tmp/pbe_data.data.home.granepura.5-kinases.cof_tpl_mg.run_kin.4i22_ASP01A0942_002
ForkPoolWorker-1: Calling delphi to calculate conformer ASP02A0942_003 in /tmp/pbe_data.data.home.granepura.5-kinases.cof_tpl_mg.run_kin.4i22_ASP02A0942_003
ForkPoolWorker-1: Calling delphi to calculate conformer ASP02A0942_004 in /tmp/pbe_data.data.home.granepura.5-kinases.cof_tpl_mg.run_kin.4i22_ASP02A0942_004
ForkPoolWorker-1: Calling delphi to calculate conformer ASP-1A0942_005 in /tmp/pbe_data.data.home.granepura.5-kinases.cof_tpl_mg.run_kin.4i22_ASP-1A0942_005
Skipping PBE solver for non-charge conformer VAL01A0943_001...
ForkPoolWorker-1: Calling delphi to calculate conformer TYR01A0944_001 in /tmp/pbe_data.data.home.granepura.5-kinases.cof_tpl_mg.run_kin.4i22_TYR01A0944_001
ForkPoolWorker-1: Calling delphi to calculate conformer TYR01A0944_002 in /tmp/pbe_data.data.home.granepura.5-kinases.cof_tpl_mg.run_kin.4i22_TYR01A0944_002
ForkPoolWorker-1: Calling delphi to calculate conformer TYR-1A0944_003 in /tmp/pbe_data.data.home.granepura.5-kinases.cof_tpl_mg.run_kin.4i22_TYR-1A0944_003
ForkPoolWorker-1: Calling delphi to calculate conformer MET01A0945_001 in /tmp/pbe_data.data.home.granepura.5-kinases.cof_tpl_mg.run_kin.4i22_MET01A0945_001
Skipping PBE solver for non-charge conformer ILE01A0946_001...
ForkPoolWorker-1: Calling delphi to calculate conformer MET01A0947_001 in /tmp/pbe_data.data.home.granepura.5-kinases.cof_tpl_mg.run_kin.4i22_MET01A0947_001
ForkPoolWorker-1: Calling delphi to calculate conformer ARG01A0948_001 in /tmp/pbe_data.data.home.granepura.5-kinases.cof_tpl_mg.run_kin.4i22_ARG01A0948_001
ForkPoolWorker-1: Calling delphi to calculate conformer ARG02A0948_002 in /tmp/pbe_data.data.home.granepura.5-kinases.cof_tpl_mg.run_kin.4i22_ARG02A0948_002
ForkPoolWorker-1: Calling delphi to calculate conformer ARG02A0948_003 in /tmp/pbe_data.data.home.granepura.5-kinases.cof_tpl_mg.run_kin.4i22_ARG02A0948_003
ForkPoolWorker-1: Calling delphi to calculate conformer ARG03A0948_004 in /tmp/pbe_data.data.home.granepura.5-kinases.cof_tpl_mg.run_kin.4i22_ARG03A0948_004
ForkPoolWorker-1: Calling delphi to calculate conformer ARG+1A0948_005 in /tmp/pbe_data.data.home.granepura.5-kinases.cof_tpl_mg.run_kin.4i22_ARG+1A0948_005
ForkPoolWorker-1: Calling delphi to calculate conformer LYS01A0949_001 in /tmp/pbe_data.data.home.granepura.5-kinases.cof_tpl_mg.run_kin.4i22_LYS01A0949_001
ForkPoolWorker-1: Calling delphi to calculate conformer LYS+1A0949_002 in /tmp/pbe_data.data.home.granepura.5-kinases.cof_tpl_mg.run_kin.4i22_LYS+1A0949_002
ForkPoolWorker-1: Calling delphi to calculate conformer CYS01A0950_001 in /tmp/pbe_data.data.home.granepura.5-kinases.cof_tpl_mg.run_kin.4i22_CYS01A0950_001
ForkPoolWorker-1: Calling delphi to calculate conformer CYS01A0950_002 in /tmp/pbe_data.data.home.granepura.5-kinases.cof_tpl_mg.run_kin.4i22_CYS01A0950_002
ForkPoolWorker-1: Calling delphi to calculate conformer CYS01A0950_003 in /tmp/pbe_data.data.home.granepura.5-kinases.cof_tpl_mg.run_kin.4i22_CYS01A0950_003
ForkPoolWorker-1: Calling delphi to calculate conformer CYS-1A0950_004 in /tmp/pbe_data.data.home.granepura.5-kinases.cof_tpl_mg.run_kin.4i22_CYS-1A0950_004
Skipping PBE solver for non-charge conformer TRP01A0951_001...
ForkPoolWorker-1: Calling delphi to calculate conformer MET01A0952_001 in /tmp/pbe_data.data.home.granepura.5-kinases.cof_tpl_mg.run_kin.4i22_MET01A0952_001
Skipping PBE solver for non-charge conformer ILE01A0953_001...
ForkPoolWorker-1: Calling delphi to calculate conformer ASP01A0954_001 in /tmp/pbe_data.data.home.granepura.5-kinases.cof_tpl_mg.run_kin.4i22_ASP01A0954_001
ForkPoolWorker-1: Calling delphi to calculate conformer ASP01A0954_002 in /tmp/pbe_data.data.home.granepura.5-kinases.cof_tpl_mg.run_kin.4i22_ASP01A0954_002
ForkPoolWorker-1: Calling delphi to calculate conformer ASP02A0954_003 in /tmp/pbe_data.data.home.granepura.5-kinases.cof_tpl_mg.run_kin.4i22_ASP02A0954_003
ForkPoolWorker-1: Calling delphi to calculate conformer ASP02A0954_004 in /tmp/pbe_data.data.home.granepura.5-kinases.cof_tpl_mg.run_kin.4i22_ASP02A0954_004
ForkPoolWorker-1: Calling delphi to calculate conformer ASP-1A0954_005 in /tmp/pbe_data.data.home.granepura.5-kinases.cof_tpl_mg.run_kin.4i22_ASP-1A0954_005
Skipping PBE solver for non-charge conformer ALA01A0955_001...
ForkPoolWorker-1: Calling delphi to calculate conformer ASP01A0956_001 in /tmp/pbe_data.data.home.granepura.5-kinases.cof_tpl_mg.run_kin.4i22_ASP01A0956_001
ForkPoolWorker-1: Calling delphi to calculate conformer ASP01A0956_002 in /tmp/pbe_data.data.home.granepura.5-kinases.cof_tpl_mg.run_kin.4i22_ASP01A0956_002
ForkPoolWorker-1: Calling delphi to calculate conformer ASP02A0956_003 in /tmp/pbe_data.data.home.granepura.5-kinases.cof_tpl_mg.run_kin.4i22_ASP02A0956_003
ForkPoolWorker-1: Calling delphi to calculate conformer ASP02A0956_004 in /tmp/pbe_data.data.home.granepura.5-kinases.cof_tpl_mg.run_kin.4i22_ASP02A0956_004
ForkPoolWorker-1: Calling delphi to calculate conformer ASP-1A0956_005 in /tmp/pbe_data.data.home.granepura.5-kinases.cof_tpl_mg.run_kin.4i22_ASP-1A0956_005
ForkPoolWorker-1: Calling delphi to calculate conformer SER01A0957_001 in /tmp/pbe_data.data.home.granepura.5-kinases.cof_tpl_mg.run_kin.4i22_SER01A0957_001
ForkPoolWorker-1: Calling delphi to calculate conformer SER01A0957_002 in /tmp/pbe_data.data.home.granepura.5-kinases.cof_tpl_mg.run_kin.4i22_SER01A0957_002
ForkPoolWorker-1: Calling delphi to calculate conformer ARG01A0958_001 in /tmp/pbe_data.data.home.granepura.5-kinases.cof_tpl_mg.run_kin.4i22_ARG01A0958_001
ForkPoolWorker-1: Calling delphi to calculate conformer ARG02A0958_002 in /tmp/pbe_data.data.home.granepura.5-kinases.cof_tpl_mg.run_kin.4i22_ARG02A0958_002
ForkPoolWorker-1: Calling delphi to calculate conformer ARG02A0958_003 in /tmp/pbe_data.data.home.granepura.5-kinases.cof_tpl_mg.run_kin.4i22_ARG02A0958_003
ForkPoolWorker-1: Calling delphi to calculate conformer ARG03A0958_004 in /tmp/pbe_data.data.home.granepura.5-kinases.cof_tpl_mg.run_kin.4i22_ARG03A0958_004
ForkPoolWorker-1: Calling delphi to calculate conformer ARG03A0958_005 in /tmp/pbe_data.data.home.granepura.5-kinases.cof_tpl_mg.run_kin.4i22_ARG03A0958_005
ForkPoolWorker-1: Calling delphi to calculate conformer ARG+1A0958_006 in /tmp/pbe_data.data.home.granepura.5-kinases.cof_tpl_mg.run_kin.4i22_ARG+1A0958_006
Skipping PBE solver for non-charge conformer PRO01A0959_001...
ForkPoolWorker-1: Calling delphi to calculate conformer LYS01A0960_001 in /tmp/pbe_data.data.home.granepura.5-kinases.cof_tpl_mg.run_kin.4i22_LYS01A0960_001
ForkPoolWorker-1: Calling delphi to calculate conformer LYS+1A0960_002 in /tmp/pbe_data.data.home.granepura.5-kinases.cof_tpl_mg.run_kin.4i22_LYS+1A0960_002
Skipping PBE solver for non-charge conformer PHE01A0961_001...
ForkPoolWorker-1: Calling delphi to calculate conformer ARG01A0962_001 in /tmp/pbe_data.data.home.granepura.5-kinases.cof_tpl_mg.run_kin.4i22_ARG01A0962_001
ForkPoolWorker-1: Calling delphi to calculate conformer ARG02A0962_002 in /tmp/pbe_data.data.home.granepura.5-kinases.cof_tpl_mg.run_kin.4i22_ARG02A0962_002
ForkPoolWorker-1: Calling delphi to calculate conformer ARG03A0962_003 in /tmp/pbe_data.data.home.granepura.5-kinases.cof_tpl_mg.run_kin.4i22_ARG03A0962_003
ForkPoolWorker-1: Calling delphi to calculate conformer ARG+1A0962_004 in /tmp/pbe_data.data.home.granepura.5-kinases.cof_tpl_mg.run_kin.4i22_ARG+1A0962_004
ForkPoolWorker-1: Calling delphi to calculate conformer GLU01A0963_001 in /tmp/pbe_data.data.home.granepura.5-kinases.cof_tpl_mg.run_kin.4i22_GLU01A0963_001
ForkPoolWorker-1: Calling delphi to calculate conformer GLU01A0963_002 in /tmp/pbe_data.data.home.granepura.5-kinases.cof_tpl_mg.run_kin.4i22_GLU01A0963_002
ForkPoolWorker-1: Calling delphi to calculate conformer GLU02A0963_003 in /tmp/pbe_data.data.home.granepura.5-kinases.cof_tpl_mg.run_kin.4i22_GLU02A0963_003
ForkPoolWorker-1: Calling delphi to calculate conformer GLU02A0963_004 in /tmp/pbe_data.data.home.granepura.5-kinases.cof_tpl_mg.run_kin.4i22_GLU02A0963_004
ForkPoolWorker-1: Calling delphi to calculate conformer GLU-1A0963_005 in /tmp/pbe_data.data.home.granepura.5-kinases.cof_tpl_mg.run_kin.4i22_GLU-1A0963_005
Skipping PBE solver for non-charge conformer LEU01A0964_001...
Skipping PBE solver for non-charge conformer ILE01A0965_001...
Skipping PBE solver for non-charge conformer ILE01A0966_001...
ForkPoolWorker-1: Calling delphi to calculate conformer GLU01A0967_001 in /tmp/pbe_data.data.home.granepura.5-kinases.cof_tpl_mg.run_kin.4i22_GLU01A0967_001
ForkPoolWorker-1: Calling delphi to calculate conformer GLU01A0967_002 in /tmp/pbe_data.data.home.granepura.5-kinases.cof_tpl_mg.run_kin.4i22_GLU01A0967_002
ForkPoolWorker-1: Calling delphi to calculate conformer GLU02A0967_003 in /tmp/pbe_data.data.home.granepura.5-kinases.cof_tpl_mg.run_kin.4i22_GLU02A0967_003
ForkPoolWorker-1: Calling delphi to calculate conformer GLU02A0967_004 in /tmp/pbe_data.data.home.granepura.5-kinases.cof_tpl_mg.run_kin.4i22_GLU02A0967_004
ForkPoolWorker-1: Calling delphi to calculate conformer GLU-1A0967_005 in /tmp/pbe_data.data.home.granepura.5-kinases.cof_tpl_mg.run_kin.4i22_GLU-1A0967_005
Skipping PBE solver for non-charge conformer PHE01A0968_001...
ForkPoolWorker-1: Calling delphi to calculate conformer SER01A0969_001 in /tmp/pbe_data.data.home.granepura.5-kinases.cof_tpl_mg.run_kin.4i22_SER01A0969_001
ForkPoolWorker-1: Calling delphi to calculate conformer SER01A0969_002 in /tmp/pbe_data.data.home.granepura.5-kinases.cof_tpl_mg.run_kin.4i22_SER01A0969_002
ForkPoolWorker-1: Calling delphi to calculate conformer LYS01A0970_001 in /tmp/pbe_data.data.home.granepura.5-kinases.cof_tpl_mg.run_kin.4i22_LYS01A0970_001
ForkPoolWorker-1: Calling delphi to calculate conformer LYS+1A0970_002 in /tmp/pbe_data.data.home.granepura.5-kinases.cof_tpl_mg.run_kin.4i22_LYS+1A0970_002
ForkPoolWorker-1: Calling delphi to calculate conformer MET01A0971_001 in /tmp/pbe_data.data.home.granepura.5-kinases.cof_tpl_mg.run_kin.4i22_MET01A0971_001
Skipping PBE solver for non-charge conformer ALA01A0972_001...
ForkPoolWorker-1: Calling delphi to calculate conformer ARG01A0973_001 in /tmp/pbe_data.data.home.granepura.5-kinases.cof_tpl_mg.run_kin.4i22_ARG01A0973_001
ForkPoolWorker-1: Calling delphi to calculate conformer ARG02A0973_002 in /tmp/pbe_data.data.home.granepura.5-kinases.cof_tpl_mg.run_kin.4i22_ARG02A0973_002
ForkPoolWorker-1: Calling delphi to calculate conformer ARG03A0973_003 in /tmp/pbe_data.data.home.granepura.5-kinases.cof_tpl_mg.run_kin.4i22_ARG03A0973_003
ForkPoolWorker-1: Calling delphi to calculate conformer ARG+1A0973_004 in /tmp/pbe_data.data.home.granepura.5-kinases.cof_tpl_mg.run_kin.4i22_ARG+1A0973_004
ForkPoolWorker-1: Calling delphi to calculate conformer ASP01A0974_001 in /tmp/pbe_data.data.home.granepura.5-kinases.cof_tpl_mg.run_kin.4i22_ASP01A0974_001
ForkPoolWorker-1: Calling delphi to calculate conformer ASP01A0974_002 in /tmp/pbe_data.data.home.granepura.5-kinases.cof_tpl_mg.run_kin.4i22_ASP01A0974_002
ForkPoolWorker-1: Calling delphi to calculate conformer ASP02A0974_003 in /tmp/pbe_data.data.home.granepura.5-kinases.cof_tpl_mg.run_kin.4i22_ASP02A0974_003
ForkPoolWorker-1: Calling delphi to calculate conformer ASP02A0974_004 in /tmp/pbe_data.data.home.granepura.5-kinases.cof_tpl_mg.run_kin.4i22_ASP02A0974_004
ForkPoolWorker-1: Calling delphi to calculate conformer ASP-1A0974_005 in /tmp/pbe_data.data.home.granepura.5-kinases.cof_tpl_mg.run_kin.4i22_ASP-1A0974_005
Skipping PBE solver for non-charge conformer PRO01A0975_001...
ForkPoolWorker-1: Calling delphi to calculate conformer GLN01A0976_001 in /tmp/pbe_data.data.home.granepura.5-kinases.cof_tpl_mg.run_kin.4i22_GLN01A0976_001
ForkPoolWorker-1: Calling delphi to calculate conformer GLN01A0976_002 in /tmp/pbe_data.data.home.granepura.5-kinases.cof_tpl_mg.run_kin.4i22_GLN01A0976_002
ForkPoolWorker-1: Calling delphi to calculate conformer ARG01A0977_001 in /tmp/pbe_data.data.home.granepura.5-kinases.cof_tpl_mg.run_kin.4i22_ARG01A0977_001
ForkPoolWorker-1: Calling delphi to calculate conformer ARG02A0977_002 in /tmp/pbe_data.data.home.granepura.5-kinases.cof_tpl_mg.run_kin.4i22_ARG02A0977_002
ForkPoolWorker-1: Calling delphi to calculate conformer ARG03A0977_003 in /tmp/pbe_data.data.home.granepura.5-kinases.cof_tpl_mg.run_kin.4i22_ARG03A0977_003
ForkPoolWorker-1: Calling delphi to calculate conformer ARG03A0977_004 in /tmp/pbe_data.data.home.granepura.5-kinases.cof_tpl_mg.run_kin.4i22_ARG03A0977_004
ForkPoolWorker-1: Calling delphi to calculate conformer ARG+1A0977_005 in /tmp/pbe_data.data.home.granepura.5-kinases.cof_tpl_mg.run_kin.4i22_ARG+1A0977_005
ForkPoolWorker-1: Calling delphi to calculate conformer TYR01A0978_001 in /tmp/pbe_data.data.home.granepura.5-kinases.cof_tpl_mg.run_kin.4i22_TYR01A0978_001
ForkPoolWorker-1: Calling delphi to calculate conformer TYR01A0978_002 in /tmp/pbe_data.data.home.granepura.5-kinases.cof_tpl_mg.run_kin.4i22_TYR01A0978_002
ForkPoolWorker-1: Calling delphi to calculate conformer TYR-1A0978_003 in /tmp/pbe_data.data.home.granepura.5-kinases.cof_tpl_mg.run_kin.4i22_TYR-1A0978_003
Skipping PBE solver for non-charge conformer LEU01A0979_001...
Skipping PBE solver for non-charge conformer VAL01A0980_001...
Skipping PBE solver for non-charge conformer ILE01A0981_001...
ForkPoolWorker-1: Calling delphi to calculate conformer GLN01A0982_001 in /tmp/pbe_data.data.home.granepura.5-kinases.cof_tpl_mg.run_kin.4i22_GLN01A0982_001
ForkPoolWorker-1: Calling delphi to calculate conformer GLN01A0982_002 in /tmp/pbe_data.data.home.granepura.5-kinases.cof_tpl_mg.run_kin.4i22_GLN01A0982_002
ForkPoolWorker-1: Calling delphi to calculate conformer ASP01A0984_001 in /tmp/pbe_data.data.home.granepura.5-kinases.cof_tpl_mg.run_kin.4i22_ASP01A0984_001
ForkPoolWorker-1: Calling delphi to calculate conformer ASP01A0984_002 in /tmp/pbe_data.data.home.granepura.5-kinases.cof_tpl_mg.run_kin.4i22_ASP01A0984_002
ForkPoolWorker-1: Calling delphi to calculate conformer ASP02A0984_003 in /tmp/pbe_data.data.home.granepura.5-kinases.cof_tpl_mg.run_kin.4i22_ASP02A0984_003
ForkPoolWorker-1: Calling delphi to calculate conformer ASP02A0984_004 in /tmp/pbe_data.data.home.granepura.5-kinases.cof_tpl_mg.run_kin.4i22_ASP02A0984_004
ForkPoolWorker-1: Calling delphi to calculate conformer ASP02A0984_005 in /tmp/pbe_data.data.home.granepura.5-kinases.cof_tpl_mg.run_kin.4i22_ASP02A0984_005
ForkPoolWorker-1: Calling delphi to calculate conformer ASP-1A0984_006 in /tmp/pbe_data.data.home.granepura.5-kinases.cof_tpl_mg.run_kin.4i22_ASP-1A0984_006
ForkPoolWorker-1: Calling delphi to calculate conformer GLU01A0985_001 in /tmp/pbe_data.data.home.granepura.5-kinases.cof_tpl_mg.run_kin.4i22_GLU01A0985_001
ForkPoolWorker-1: Calling delphi to calculate conformer GLU01A0985_002 in /tmp/pbe_data.data.home.granepura.5-kinases.cof_tpl_mg.run_kin.4i22_GLU01A0985_002
ForkPoolWorker-1: Calling delphi to calculate conformer GLU02A0985_003 in /tmp/pbe_data.data.home.granepura.5-kinases.cof_tpl_mg.run_kin.4i22_GLU02A0985_003
ForkPoolWorker-1: Calling delphi to calculate conformer GLU02A0985_004 in /tmp/pbe_data.data.home.granepura.5-kinases.cof_tpl_mg.run_kin.4i22_GLU02A0985_004
ForkPoolWorker-1: Calling delphi to calculate conformer GLU-1A0985_005 in /tmp/pbe_data.data.home.granepura.5-kinases.cof_tpl_mg.run_kin.4i22_GLU-1A0985_005
ForkPoolWorker-1: Calling delphi to calculate conformer ARG01A0986_001 in /tmp/pbe_data.data.home.granepura.5-kinases.cof_tpl_mg.run_kin.4i22_ARG01A0986_001
ForkPoolWorker-1: Calling delphi to calculate conformer ARG02A0986_002 in /tmp/pbe_data.data.home.granepura.5-kinases.cof_tpl_mg.run_kin.4i22_ARG02A0986_002
ForkPoolWorker-1: Calling delphi to calculate conformer ARG03A0986_003 in /tmp/pbe_data.data.home.granepura.5-kinases.cof_tpl_mg.run_kin.4i22_ARG03A0986_003
ForkPoolWorker-1: Calling delphi to calculate conformer ARG+1A0986_004 in /tmp/pbe_data.data.home.granepura.5-kinases.cof_tpl_mg.run_kin.4i22_ARG+1A0986_004
ForkPoolWorker-1: Calling delphi to calculate conformer MET01A0987_001 in /tmp/pbe_data.data.home.granepura.5-kinases.cof_tpl_mg.run_kin.4i22_MET01A0987_001
ForkPoolWorker-1: Calling delphi to calculate conformer HIS01A0988_001 in /tmp/pbe_data.data.home.granepura.5-kinases.cof_tpl_mg.run_kin.4i22_HIS01A0988_001
ForkPoolWorker-1: Calling delphi to calculate conformer HIS02A0988_002 in /tmp/pbe_data.data.home.granepura.5-kinases.cof_tpl_mg.run_kin.4i22_HIS02A0988_002
ForkPoolWorker-1: Calling delphi to calculate conformer HIS+1A0988_003 in /tmp/pbe_data.data.home.granepura.5-kinases.cof_tpl_mg.run_kin.4i22_HIS+1A0988_003
Skipping PBE solver for non-charge conformer LEU01A0989_001...
Skipping PBE solver for non-charge conformer PRO01A0990_001...
ForkPoolWorker-1: Calling delphi to calculate conformer SER01A0991_001 in /tmp/pbe_data.data.home.granepura.5-kinases.cof_tpl_mg.run_kin.4i22_SER01A0991_001
ForkPoolWorker-1: Calling delphi to calculate conformer SER01A0991_002 in /tmp/pbe_data.data.home.granepura.5-kinases.cof_tpl_mg.run_kin.4i22_SER01A0991_002
ForkPoolWorker-1: Calling delphi to calculate conformer SER01A0991_003 in /tmp/pbe_data.data.home.granepura.5-kinases.cof_tpl_mg.run_kin.4i22_SER01A0991_003
Skipping PBE solver for non-charge conformer PRO01A0992_001...
ForkPoolWorker-1: Calling delphi to calculate conformer THR01A0993_001 in /tmp/pbe_data.data.home.granepura.5-kinases.cof_tpl_mg.run_kin.4i22_THR01A0993_001
ForkPoolWorker-1: Calling delphi to calculate conformer THR01A0993_002 in /tmp/pbe_data.data.home.granepura.5-kinases.cof_tpl_mg.run_kin.4i22_THR01A0993_002
ForkPoolWorker-1: Calling delphi to calculate conformer ASP01A0994_001 in /tmp/pbe_data.data.home.granepura.5-kinases.cof_tpl_mg.run_kin.4i22_ASP01A0994_001
ForkPoolWorker-1: Calling delphi to calculate conformer ASP01A0994_002 in /tmp/pbe_data.data.home.granepura.5-kinases.cof_tpl_mg.run_kin.4i22_ASP01A0994_002
ForkPoolWorker-1: Calling delphi to calculate conformer ASP02A0994_003 in /tmp/pbe_data.data.home.granepura.5-kinases.cof_tpl_mg.run_kin.4i22_ASP02A0994_003
ForkPoolWorker-1: Calling delphi to calculate conformer ASP02A0994_004 in /tmp/pbe_data.data.home.granepura.5-kinases.cof_tpl_mg.run_kin.4i22_ASP02A0994_004
ForkPoolWorker-1: Calling delphi to calculate conformer ASP-1A0994_005 in /tmp/pbe_data.data.home.granepura.5-kinases.cof_tpl_mg.run_kin.4i22_ASP-1A0994_005
ForkPoolWorker-1: Calling delphi to calculate conformer SER01A0995_001 in /tmp/pbe_data.data.home.granepura.5-kinases.cof_tpl_mg.run_kin.4i22_SER01A0995_001
ForkPoolWorker-1: Calling delphi to calculate conformer ASN01A0996_001 in /tmp/pbe_data.data.home.granepura.5-kinases.cof_tpl_mg.run_kin.4i22_ASN01A0996_001
ForkPoolWorker-1: Calling delphi to calculate conformer ASN01A0996_002 in /tmp/pbe_data.data.home.granepura.5-kinases.cof_tpl_mg.run_kin.4i22_ASN01A0996_002
Skipping PBE solver for non-charge conformer PHE01A0997_001...
ForkPoolWorker-1: Calling delphi to calculate conformer TYR01A0998_001 in /tmp/pbe_data.data.home.granepura.5-kinases.cof_tpl_mg.run_kin.4i22_TYR01A0998_001
ForkPoolWorker-1: Calling delphi to calculate conformer TYR-1A0998_002 in /tmp/pbe_data.data.home.granepura.5-kinases.cof_tpl_mg.run_kin.4i22_TYR-1A0998_002
ForkPoolWorker-1: Calling delphi to calculate conformer ARG01A0999_001 in /tmp/pbe_data.data.home.granepura.5-kinases.cof_tpl_mg.run_kin.4i22_ARG01A0999_001
ForkPoolWorker-1: Calling delphi to calculate conformer ARG02A0999_002 in /tmp/pbe_data.data.home.granepura.5-kinases.cof_tpl_mg.run_kin.4i22_ARG02A0999_002
ForkPoolWorker-1: Calling delphi to calculate conformer ARG03A0999_003 in /tmp/pbe_data.data.home.granepura.5-kinases.cof_tpl_mg.run_kin.4i22_ARG03A0999_003
ForkPoolWorker-1: Calling delphi to calculate conformer ARG03A0999_004 in /tmp/pbe_data.data.home.granepura.5-kinases.cof_tpl_mg.run_kin.4i22_ARG03A0999_004
ForkPoolWorker-1: Calling delphi to calculate conformer ARG+1A0999_005 in /tmp/pbe_data.data.home.granepura.5-kinases.cof_tpl_mg.run_kin.4i22_ARG+1A0999_005
Skipping PBE solver for non-charge conformer ALA01A1000_001...
Skipping PBE solver for non-charge conformer LEU01A1001_001...
ForkPoolWorker-1: Calling delphi to calculate conformer MET01A1002_001 in /tmp/pbe_data.data.home.granepura.5-kinases.cof_tpl_mg.run_kin.4i22_MET01A1002_001
ForkPoolWorker-1: Calling delphi to calculate conformer ASP01A1003_001 in /tmp/pbe_data.data.home.granepura.5-kinases.cof_tpl_mg.run_kin.4i22_ASP01A1003_001
ForkPoolWorker-1: Calling delphi to calculate conformer ASP01A1003_002 in /tmp/pbe_data.data.home.granepura.5-kinases.cof_tpl_mg.run_kin.4i22_ASP01A1003_002
ForkPoolWorker-1: Calling delphi to calculate conformer ASP02A1003_003 in /tmp/pbe_data.data.home.granepura.5-kinases.cof_tpl_mg.run_kin.4i22_ASP02A1003_003
ForkPoolWorker-1: Calling delphi to calculate conformer ASP02A1003_004 in /tmp/pbe_data.data.home.granepura.5-kinases.cof_tpl_mg.run_kin.4i22_ASP02A1003_004
ForkPoolWorker-1: Calling delphi to calculate conformer ASP-1A1003_005 in /tmp/pbe_data.data.home.granepura.5-kinases.cof_tpl_mg.run_kin.4i22_ASP-1A1003_005
ForkPoolWorker-1: Calling delphi to calculate conformer GLU01A1004_001 in /tmp/pbe_data.data.home.granepura.5-kinases.cof_tpl_mg.run_kin.4i22_GLU01A1004_001
ForkPoolWorker-1: Calling delphi to calculate conformer GLU01A1004_002 in /tmp/pbe_data.data.home.granepura.5-kinases.cof_tpl_mg.run_kin.4i22_GLU01A1004_002
ForkPoolWorker-1: Calling delphi to calculate conformer GLU02A1004_003 in /tmp/pbe_data.data.home.granepura.5-kinases.cof_tpl_mg.run_kin.4i22_GLU02A1004_003
ForkPoolWorker-1: Calling delphi to calculate conformer GLU02A1004_004 in /tmp/pbe_data.data.home.granepura.5-kinases.cof_tpl_mg.run_kin.4i22_GLU02A1004_004
ForkPoolWorker-1: Calling delphi to calculate conformer GLU-1A1004_005 in /tmp/pbe_data.data.home.granepura.5-kinases.cof_tpl_mg.run_kin.4i22_GLU-1A1004_005
ForkPoolWorker-1: Calling delphi to calculate conformer GLU01A1005_001 in /tmp/pbe_data.data.home.granepura.5-kinases.cof_tpl_mg.run_kin.4i22_GLU01A1005_001
ForkPoolWorker-1: Calling delphi to calculate conformer GLU01A1005_002 in /tmp/pbe_data.data.home.granepura.5-kinases.cof_tpl_mg.run_kin.4i22_GLU01A1005_002
ForkPoolWorker-1: Calling delphi to calculate conformer GLU02A1005_003 in /tmp/pbe_data.data.home.granepura.5-kinases.cof_tpl_mg.run_kin.4i22_GLU02A1005_003
ForkPoolWorker-1: Calling delphi to calculate conformer GLU02A1005_004 in /tmp/pbe_data.data.home.granepura.5-kinases.cof_tpl_mg.run_kin.4i22_GLU02A1005_004
ForkPoolWorker-1: Calling delphi to calculate conformer GLU-1A1005_005 in /tmp/pbe_data.data.home.granepura.5-kinases.cof_tpl_mg.run_kin.4i22_GLU-1A1005_005
ForkPoolWorker-1: Calling delphi to calculate conformer ASP01A1006_001 in /tmp/pbe_data.data.home.granepura.5-kinases.cof_tpl_mg.run_kin.4i22_ASP01A1006_001
ForkPoolWorker-1: Calling delphi to calculate conformer ASP01A1006_002 in /tmp/pbe_data.data.home.granepura.5-kinases.cof_tpl_mg.run_kin.4i22_ASP01A1006_002
ForkPoolWorker-1: Calling delphi to calculate conformer ASP02A1006_003 in /tmp/pbe_data.data.home.granepura.5-kinases.cof_tpl_mg.run_kin.4i22_ASP02A1006_003
ForkPoolWorker-1: Calling delphi to calculate conformer ASP02A1006_004 in /tmp/pbe_data.data.home.granepura.5-kinases.cof_tpl_mg.run_kin.4i22_ASP02A1006_004
ForkPoolWorker-1: Calling delphi to calculate conformer ASP-1A1006_005 in /tmp/pbe_data.data.home.granepura.5-kinases.cof_tpl_mg.run_kin.4i22_ASP-1A1006_005
ForkPoolWorker-1: Calling delphi to calculate conformer MET01A1007_001 in /tmp/pbe_data.data.home.granepura.5-kinases.cof_tpl_mg.run_kin.4i22_MET01A1007_001
ForkPoolWorker-1: Calling delphi to calculate conformer ASP01A1008_001 in /tmp/pbe_data.data.home.granepura.5-kinases.cof_tpl_mg.run_kin.4i22_ASP01A1008_001
ForkPoolWorker-1: Calling delphi to calculate conformer ASP01A1008_002 in /tmp/pbe_data.data.home.granepura.5-kinases.cof_tpl_mg.run_kin.4i22_ASP01A1008_002
ForkPoolWorker-1: Calling delphi to calculate conformer ASP02A1008_003 in /tmp/pbe_data.data.home.granepura.5-kinases.cof_tpl_mg.run_kin.4i22_ASP02A1008_003
ForkPoolWorker-1: Calling delphi to calculate conformer ASP02A1008_004 in /tmp/pbe_data.data.home.granepura.5-kinases.cof_tpl_mg.run_kin.4i22_ASP02A1008_004
ForkPoolWorker-1: Calling delphi to calculate conformer ASP-1A1008_005 in /tmp/pbe_data.data.home.granepura.5-kinases.cof_tpl_mg.run_kin.4i22_ASP-1A1008_005
ForkPoolWorker-1: Calling delphi to calculate conformer ASP01A1009_001 in /tmp/pbe_data.data.home.granepura.5-kinases.cof_tpl_mg.run_kin.4i22_ASP01A1009_001
ForkPoolWorker-1: Calling delphi to calculate conformer ASP01A1009_002 in /tmp/pbe_data.data.home.granepura.5-kinases.cof_tpl_mg.run_kin.4i22_ASP01A1009_002
ForkPoolWorker-1: Calling delphi to calculate conformer ASP02A1009_003 in /tmp/pbe_data.data.home.granepura.5-kinases.cof_tpl_mg.run_kin.4i22_ASP02A1009_003
ForkPoolWorker-1: Calling delphi to calculate conformer ASP02A1009_004 in /tmp/pbe_data.data.home.granepura.5-kinases.cof_tpl_mg.run_kin.4i22_ASP02A1009_004
ForkPoolWorker-1: Calling delphi to calculate conformer ASP-1A1009_005 in /tmp/pbe_data.data.home.granepura.5-kinases.cof_tpl_mg.run_kin.4i22_ASP-1A1009_005
Skipping PBE solver for non-charge conformer VAL01A1010_001...
Skipping PBE solver for non-charge conformer VAL01A1011_001...
ForkPoolWorker-1: Calling delphi to calculate conformer ASP01A1012_001 in /tmp/pbe_data.data.home.granepura.5-kinases.cof_tpl_mg.run_kin.4i22_ASP01A1012_001
ForkPoolWorker-1: Calling delphi to calculate conformer ASP01A1012_002 in /tmp/pbe_data.data.home.granepura.5-kinases.cof_tpl_mg.run_kin.4i22_ASP01A1012_002
ForkPoolWorker-1: Calling delphi to calculate conformer ASP01A1012_003 in /tmp/pbe_data.data.home.granepura.5-kinases.cof_tpl_mg.run_kin.4i22_ASP01A1012_003
ForkPoolWorker-1: Calling delphi to calculate conformer ASP01A1012_004 in /tmp/pbe_data.data.home.granepura.5-kinases.cof_tpl_mg.run_kin.4i22_ASP01A1012_004
ForkPoolWorker-1: Calling delphi to calculate conformer ASP02A1012_005 in /tmp/pbe_data.data.home.granepura.5-kinases.cof_tpl_mg.run_kin.4i22_ASP02A1012_005
ForkPoolWorker-1: Calling delphi to calculate conformer ASP02A1012_006 in /tmp/pbe_data.data.home.granepura.5-kinases.cof_tpl_mg.run_kin.4i22_ASP02A1012_006
ForkPoolWorker-1: Calling delphi to calculate conformer ASP-1A1012_007 in /tmp/pbe_data.data.home.granepura.5-kinases.cof_tpl_mg.run_kin.4i22_ASP-1A1012_007
ForkPoolWorker-1: Calling delphi to calculate conformer ASP-1A1012_008 in /tmp/pbe_data.data.home.granepura.5-kinases.cof_tpl_mg.run_kin.4i22_ASP-1A1012_008
Skipping PBE solver for non-charge conformer ALA01A1013_001...
ForkPoolWorker-1: Calling delphi to calculate conformer ASP01A1014_001 in /tmp/pbe_data.data.home.granepura.5-kinases.cof_tpl_mg.run_kin.4i22_ASP01A1014_001
ForkPoolWorker-1: Calling delphi to calculate conformer ASP01A1014_002 in /tmp/pbe_data.data.home.granepura.5-kinases.cof_tpl_mg.run_kin.4i22_ASP01A1014_002
ForkPoolWorker-1: Calling delphi to calculate conformer ASP02A1014_003 in /tmp/pbe_data.data.home.granepura.5-kinases.cof_tpl_mg.run_kin.4i22_ASP02A1014_003
ForkPoolWorker-1: Calling delphi to calculate conformer ASP02A1014_004 in /tmp/pbe_data.data.home.granepura.5-kinases.cof_tpl_mg.run_kin.4i22_ASP02A1014_004
ForkPoolWorker-1: Calling delphi to calculate conformer ASP-1A1014_005 in /tmp/pbe_data.data.home.granepura.5-kinases.cof_tpl_mg.run_kin.4i22_ASP-1A1014_005
ForkPoolWorker-1: Calling delphi to calculate conformer IRE+aA9001_001 in /tmp/pbe_data.data.home.granepura.5-kinases.cof_tpl_mg.run_kin.4i22_IRE+aA9001_001
ForkPoolWorker-1: Calling delphi to calculate conformer IRE01A9001_002 in /tmp/pbe_data.data.home.granepura.5-kinases.cof_tpl_mg.run_kin.4i22_IRE01A9001_002
ForkPoolWorker-1: Calling delphi to calculate conformer IRE+1A9001_003 in /tmp/pbe_data.data.home.granepura.5-kinases.cof_tpl_mg.run_kin.4i22_IRE+1A9001_003
ForkPoolWorker-1: Calling delphi to calculate conformer IRE+2A9001_004 in /tmp/pbe_data.data.home.granepura.5-kinases.cof_tpl_mg.run_kin.4i22_IRE+2A9001_004
ForkPoolWorker-1: Calling delphi to calculate conformer IRE+3A9001_005 in /tmp/pbe_data.data.home.granepura.5-kinases.cof_tpl_mg.run_kin.4i22_IRE+3A9001_005
ForkPoolWorker-1: Calling delphi to calculate conformer ASN01A0700_001 in /tmp/pbe_data.data.home.granepura.5-kinases.cof_tpl_mg.run_kin.4I22_ASN01A0700_001
ForkPoolWorker-1: Calling delphi to calculate conformer GLN01A0701_001 in /tmp/pbe_data.data.home.granepura.5-kinases.cof_tpl_mg.run_kin.4I22_GLN01A0701_001
ForkPoolWorker-1: Calling delphi to calculate conformer GLN01A0701_002 in /tmp/pbe_data.data.home.granepura.5-kinases.cof_tpl_mg.run_kin.4I22_GLN01A0701_002
Skipping PBE solver for non-charge conformer ALA01A0702_001...
Skipping PBE solver for non-charge conformer LEU01A0703_001...
Skipping PBE solver for non-charge conformer LEU01A0704_001...
ForkPoolWorker-1: Calling delphi to calculate conformer ARG01A0705_001 in /tmp/pbe_data.data.home.granepura.5-kinases.cof_tpl_mg.run_kin.4I22_ARG01A0705_001
ForkPoolWorker-1: Calling delphi to calculate conformer ARG02A0705_002 in /tmp/pbe_data.data.home.granepura.5-kinases.cof_tpl_mg.run_kin.4I22_ARG02A0705_002
ForkPoolWorker-1: Calling delphi to calculate conformer ARG03A0705_003 in /tmp/pbe_data.data.home.granepura.5-kinases.cof_tpl_mg.run_kin.4I22_ARG03A0705_003
ForkPoolWorker-1: Calling delphi to calculate conformer ARG03A0705_004 in /tmp/pbe_data.data.home.granepura.5-kinases.cof_tpl_mg.run_kin.4I22_ARG03A0705_004
ForkPoolWorker-1: Calling delphi to calculate conformer ARG+1A0705_005 in /tmp/pbe_data.data.home.granepura.5-kinases.cof_tpl_mg.run_kin.4I22_ARG+1A0705_005
Skipping PBE solver for non-charge conformer ILE01A0706_001...
Skipping PBE solver for non-charge conformer LEU01A0707_001...
ForkPoolWorker-1: Calling delphi to calculate conformer LYS01A0708_001 in /tmp/pbe_data.data.home.granepura.5-kinases.cof_tpl_mg.run_kin.4I22_LYS01A0708_001
ForkPoolWorker-1: Calling delphi to calculate conformer LYS+1A0708_002 in /tmp/pbe_data.data.home.granepura.5-kinases.cof_tpl_mg.run_kin.4I22_LYS+1A0708_002
ForkPoolWorker-1: Calling delphi to calculate conformer GLU01A0709_001 in /tmp/pbe_data.data.home.granepura.5-kinases.cof_tpl_mg.run_kin.4I22_GLU01A0709_001
ForkPoolWorker-1: Calling delphi to calculate conformer GLU01A0709_002 in /tmp/pbe_data.data.home.granepura.5-kinases.cof_tpl_mg.run_kin.4I22_GLU01A0709_002
ForkPoolWorker-1: Calling delphi to calculate conformer GLU02A0709_003 in /tmp/pbe_data.data.home.granepura.5-kinases.cof_tpl_mg.run_kin.4I22_GLU02A0709_003
ForkPoolWorker-1: Calling delphi to calculate conformer GLU02A0709_004 in /tmp/pbe_data.data.home.granepura.5-kinases.cof_tpl_mg.run_kin.4I22_GLU02A0709_004
ForkPoolWorker-1: Calling delphi to calculate conformer GLU-1A0709_005 in /tmp/pbe_data.data.home.granepura.5-kinases.cof_tpl_mg.run_kin.4I22_GLU-1A0709_005
ForkPoolWorker-1: Calling delphi to calculate conformer THR01A0710_001 in /tmp/pbe_data.data.home.granepura.5-kinases.cof_tpl_mg.run_kin.4I22_THR01A0710_001
ForkPoolWorker-1: Calling delphi to calculate conformer THR01A0710_002 in /tmp/pbe_data.data.home.granepura.5-kinases.cof_tpl_mg.run_kin.4I22_THR01A0710_002
ForkPoolWorker-1: Calling delphi to calculate conformer GLU01A0711_001 in /tmp/pbe_data.data.home.granepura.5-kinases.cof_tpl_mg.run_kin.4I22_GLU01A0711_001
ForkPoolWorker-1: Calling delphi to calculate conformer GLU01A0711_002 in /tmp/pbe_data.data.home.granepura.5-kinases.cof_tpl_mg.run_kin.4I22_GLU01A0711_002
ForkPoolWorker-1: Calling delphi to calculate conformer GLU02A0711_003 in /tmp/pbe_data.data.home.granepura.5-kinases.cof_tpl_mg.run_kin.4I22_GLU02A0711_003
ForkPoolWorker-1: Calling delphi to calculate conformer GLU02A0711_004 in /tmp/pbe_data.data.home.granepura.5-kinases.cof_tpl_mg.run_kin.4I22_GLU02A0711_004
ForkPoolWorker-1: Calling delphi to calculate conformer GLU-1A0711_005 in /tmp/pbe_data.data.home.granepura.5-kinases.cof_tpl_mg.run_kin.4I22_GLU-1A0711_005
ForkPoolWorker-1: Calling delphi to calculate conformer ASN01A0700_001 in /tmp/pbe_data.data.home.granepura.5-kinases.cof_tpl_mg.run_kin.4I22_ASN01A0700_001
ForkPoolWorker-1: Calling delphi to calculate conformer GLN01A0701_001 in /tmp/pbe_data.data.home.granepura.5-kinases.cof_tpl_mg.run_kin.4I22_GLN01A0701_001
ForkPoolWorker-1: Calling delphi to calculate conformer GLN01A0701_002 in /tmp/pbe_data.data.home.granepura.5-kinases.cof_tpl_mg.run_kin.4I22_GLN01A0701_002
Skipping PBE solver for non-charge conformer ALA01A0702_001...
Skipping PBE solver for non-charge conformer LEU01A0703_001...
Skipping PBE solver for non-charge conformer LEU01A0704_001...
ForkPoolWorker-1: Calling delphi to calculate conformer ARG01A0705_001 in /tmp/pbe_data.data.home.granepura.5-kinases.cof_tpl_mg.run_kin.4I22_ARG01A0705_001
ForkPoolWorker-1: Calling delphi to calculate conformer ARG02A0705_002 in /tmp/pbe_data.data.home.granepura.5-kinases.cof_tpl_mg.run_kin.4I22_ARG02A0705_002
ForkPoolWorker-1: Calling delphi to calculate conformer ARG03A0705_003 in /tmp/pbe_data.data.home.granepura.5-kinases.cof_tpl_mg.run_kin.4I22_ARG03A0705_003
ForkPoolWorker-1: Calling delphi to calculate conformer ARG03A0705_004 in /tmp/pbe_data.data.home.granepura.5-kinases.cof_tpl_mg.run_kin.4I22_ARG03A0705_004
ForkPoolWorker-1: Calling delphi to calculate conformer ARG+1A0705_005 in /tmp/pbe_data.data.home.granepura.5-kinases.cof_tpl_mg.run_kin.4I22_ARG+1A0705_005
Skipping PBE solver for non-charge conformer ILE01A0706_001...
Skipping PBE solver for non-charge conformer LEU01A0707_001...
ForkPoolWorker-1: Calling delphi to calculate conformer LYS01A0708_001 in /tmp/pbe_data.data.home.granepura.5-kinases.cof_tpl_mg.run_kin.4I22_LYS01A0708_001
ForkPoolWorker-1: Calling delphi to calculate conformer LYS+1A0708_002 in /tmp/pbe_data.data.home.granepura.5-kinases.cof_tpl_mg.run_kin.4I22_LYS+1A0708_002
ForkPoolWorker-1: Calling delphi to calculate conformer GLU01A0709_001 in /tmp/pbe_data.data.home.granepura.5-kinases.cof_tpl_mg.run_kin.4I22_GLU01A0709_001
ForkPoolWorker-1: Calling delphi to calculate conformer GLU01A0709_002 in /tmp/pbe_data.data.home.granepura.5-kinases.cof_tpl_mg.run_kin.4I22_GLU01A0709_002
ForkPoolWorker-1: Calling delphi to calculate conformer GLU02A0709_003 in /tmp/pbe_data.data.home.granepura.5-kinases.cof_tpl_mg.run_kin.4I22_GLU02A0709_003
ForkPoolWorker-1: Calling delphi to calculate conformer GLU02A0709_004 in /tmp/pbe_data.data.home.granepura.5-kinases.cof_tpl_mg.run_kin.4I22_GLU02A0709_004
ForkPoolWorker-1: Calling delphi to calculate conformer GLU-1A0709_005 in /tmp/pbe_data.data.home.granepura.5-kinases.cof_tpl_mg.run_kin.4I22_GLU-1A0709_005
ForkPoolWorker-1: Calling delphi to calculate conformer THR01A0710_001 in /tmp/pbe_data.data.home.granepura.5-kinases.cof_tpl_mg.run_kin.4I22_THR01A0710_001
ForkPoolWorker-1: Calling delphi to calculate conformer THR01A0710_002 in /tmp/pbe_data.data.home.granepura.5-kinases.cof_tpl_mg.run_kin.4I22_THR01A0710_002
ForkPoolWorker-1: Calling delphi to calculate conformer GLU01A0711_001 in /tmp/pbe_data.data.home.granepura.5-kinases.cof_tpl_mg.run_kin.4I22_GLU01A0711_001
ForkPoolWorker-1: Calling delphi to calculate conformer GLU01A0711_002 in /tmp/pbe_data.data.home.granepura.5-kinases.cof_tpl_mg.run_kin.4I22_GLU01A0711_002
ForkPoolWorker-1: Calling delphi to calculate conformer GLU02A0711_003 in /tmp/pbe_data.data.home.granepura.5-kinases.cof_tpl_mg.run_kin.4I22_GLU02A0711_003
ForkPoolWorker-1: Calling delphi to calculate conformer GLU02A0711_004 in /tmp/pbe_data.data.home.granepura.5-kinases.cof_tpl_mg.run_kin.4I22_GLU02A0711_004
ForkPoolWorker-1: Calling delphi to calculate conformer GLU-1A0711_005 in /tmp/pbe_data.data.home.granepura.5-kinases.cof_tpl_mg.run_kin.4I22_GLU-1A0711_005
Skipping PBE solver for non-charge conformer PHE01A0712_001...
ForkPoolWorker-1: Calling delphi to calculate conformer LYS01A0713_001 in /tmp/pbe_data.data.home.granepura.5-kinases.cof_tpl_mg.run_kin.4I22_LYS01A0713_001
ForkPoolWorker-1: Calling delphi to calculate conformer LYS+1A0713_002 in /tmp/pbe_data.data.home.granepura.5-kinases.cof_tpl_mg.run_kin.4I22_LYS+1A0713_002
ForkPoolWorker-1: Calling delphi to calculate conformer LYS01A0714_001 in /tmp/pbe_data.data.home.granepura.5-kinases.cof_tpl_mg.run_kin.4I22_LYS01A0714_001
ForkPoolWorker-1: Calling delphi to calculate conformer LYS+1A0714_002 in /tmp/pbe_data.data.home.granepura.5-kinases.cof_tpl_mg.run_kin.4I22_LYS+1A0714_002
Skipping PBE solver for non-charge conformer ILE01A0715_001...
ForkPoolWorker-1: Calling delphi to calculate conformer LYS01A0716_001 in /tmp/pbe_data.data.home.granepura.5-kinases.cof_tpl_mg.run_kin.4I22_LYS01A0716_001
ForkPoolWorker-1: Calling delphi to calculate conformer LYS+1A0716_002 in /tmp/pbe_data.data.home.granepura.5-kinases.cof_tpl_mg.run_kin.4I22_LYS+1A0716_002
Skipping PBE solver for non-charge conformer VAL01A0717_001...
Skipping PBE solver for non-charge conformer LEU01A0718_001...
ForkPoolWorker-1: Calling delphi to calculate conformer SER01A0720_001 in /tmp/pbe_data.data.home.granepura.5-kinases.cof_tpl_mg.run_kin.4I22_SER01A0720_001
Skipping PBE solver for non-charge conformer ALA01A0722_001...
Skipping PBE solver for non-charge conformer PHE01A0723_001...
ForkPoolWorker-1: Calling delphi to calculate conformer THR01A0725_001 in /tmp/pbe_data.data.home.granepura.5-kinases.cof_tpl_mg.run_kin.4I22_THR01A0725_001
Skipping PBE solver for non-charge conformer VAL01A0726_001...
ForkPoolWorker-1: Calling delphi to calculate conformer TYR01A0727_001 in /tmp/pbe_data.data.home.granepura.5-kinases.cof_tpl_mg.run_kin.4I22_TYR01A0727_001
ForkPoolWorker-1: Calling delphi to calculate conformer TYR-1A0727_002 in /tmp/pbe_data.data.home.granepura.5-kinases.cof_tpl_mg.run_kin.4I22_TYR-1A0727_002
ForkPoolWorker-1: Calling delphi to calculate conformer LYS01A0728_001 in /tmp/pbe_data.data.home.granepura.5-kinases.cof_tpl_mg.run_kin.4I22_LYS01A0728_001
ForkPoolWorker-1: Calling delphi to calculate conformer LYS+1A0728_002 in /tmp/pbe_data.data.home.granepura.5-kinases.cof_tpl_mg.run_kin.4I22_LYS+1A0728_002
Skipping PBE solver for non-charge conformer LEU01A0730_001...
Skipping PBE solver for non-charge conformer TRP01A0731_001...
Skipping PBE solver for non-charge conformer ILE01A0732_001...
Skipping PBE solver for non-charge conformer PRO01A0733_001...
ForkPoolWorker-1: Calling delphi to calculate conformer GLU01A0734_001 in /tmp/pbe_data.data.home.granepura.5-kinases.cof_tpl_mg.run_kin.4I22_GLU01A0734_001
ForkPoolWorker-1: Calling delphi to calculate conformer GLU01A0734_002 in /tmp/pbe_data.data.home.granepura.5-kinases.cof_tpl_mg.run_kin.4I22_GLU01A0734_002
ForkPoolWorker-1: Calling delphi to calculate conformer GLU02A0734_003 in /tmp/pbe_data.data.home.granepura.5-kinases.cof_tpl_mg.run_kin.4I22_GLU02A0734_003
ForkPoolWorker-1: Calling delphi to calculate conformer GLU02A0734_004 in /tmp/pbe_data.data.home.granepura.5-kinases.cof_tpl_mg.run_kin.4I22_GLU02A0734_004
ForkPoolWorker-1: Calling delphi to calculate conformer GLU-1A0734_005 in /tmp/pbe_data.data.home.granepura.5-kinases.cof_tpl_mg.run_kin.4I22_GLU-1A0734_005
ForkPoolWorker-1: Calling delphi to calculate conformer GLU01A0736_001 in /tmp/pbe_data.data.home.granepura.5-kinases.cof_tpl_mg.run_kin.4I22_GLU01A0736_001
ForkPoolWorker-1: Calling delphi to calculate conformer GLU01A0736_002 in /tmp/pbe_data.data.home.granepura.5-kinases.cof_tpl_mg.run_kin.4I22_GLU01A0736_002
ForkPoolWorker-1: Calling delphi to calculate conformer GLU02A0736_003 in /tmp/pbe_data.data.home.granepura.5-kinases.cof_tpl_mg.run_kin.4I22_GLU02A0736_003
ForkPoolWorker-1: Calling delphi to calculate conformer GLU02A0736_004 in /tmp/pbe_data.data.home.granepura.5-kinases.cof_tpl_mg.run_kin.4I22_GLU02A0736_004
ForkPoolWorker-1: Calling delphi to calculate conformer GLU-1A0736_005 in /tmp/pbe_data.data.home.granepura.5-kinases.cof_tpl_mg.run_kin.4I22_GLU-1A0736_005
ForkPoolWorker-1: Calling delphi to calculate conformer LYS01A0737_001 in /tmp/pbe_data.data.home.granepura.5-kinases.cof_tpl_mg.run_kin.4I22_LYS01A0737_001
ForkPoolWorker-1: Calling delphi to calculate conformer LYS+1A0737_002 in /tmp/pbe_data.data.home.granepura.5-kinases.cof_tpl_mg.run_kin.4I22_LYS+1A0737_002
Skipping PBE solver for non-charge conformer VAL01A0738_001...
ForkPoolWorker-1: Calling delphi to calculate conformer LYS01A0739_001 in /tmp/pbe_data.data.home.granepura.5-kinases.cof_tpl_mg.run_kin.4I22_LYS01A0739_001
ForkPoolWorker-1: Calling delphi to calculate conformer LYS+1A0739_002 in /tmp/pbe_data.data.home.granepura.5-kinases.cof_tpl_mg.run_kin.4I22_LYS+1A0739_002
Skipping PBE solver for non-charge conformer ILE01A0740_001...
Skipping PBE solver for non-charge conformer PRO01A0741_001...
Skipping PBE solver for non-charge conformer VAL01A0742_001...
Skipping PBE solver for non-charge conformer ALA01A0743_001...
Skipping PBE solver for non-charge conformer ILE01A0744_001...
ForkPoolWorker-1: Calling delphi to calculate conformer LYS01A0745_001 in /tmp/pbe_data.data.home.granepura.5-kinases.cof_tpl_mg.run_kin.4I22_LYS01A0745_001
ForkPoolWorker-1: Calling delphi to calculate conformer LYS+1A0745_002 in /tmp/pbe_data.data.home.granepura.5-kinases.cof_tpl_mg.run_kin.4I22_LYS+1A0745_002
ForkPoolWorker-1: Calling delphi to calculate conformer GLU01A0746_001 in /tmp/pbe_data.data.home.granepura.5-kinases.cof_tpl_mg.run_kin.4I22_GLU01A0746_001
ForkPoolWorker-1: Calling delphi to calculate conformer GLU01A0746_002 in /tmp/pbe_data.data.home.granepura.5-kinases.cof_tpl_mg.run_kin.4I22_GLU01A0746_002
ForkPoolWorker-1: Calling delphi to calculate conformer GLU02A0746_003 in /tmp/pbe_data.data.home.granepura.5-kinases.cof_tpl_mg.run_kin.4I22_GLU02A0746_003
ForkPoolWorker-1: Calling delphi to calculate conformer GLU02A0746_004 in /tmp/pbe_data.data.home.granepura.5-kinases.cof_tpl_mg.run_kin.4I22_GLU02A0746_004
ForkPoolWorker-1: Calling delphi to calculate conformer GLU-1A0746_005 in /tmp/pbe_data.data.home.granepura.5-kinases.cof_tpl_mg.run_kin.4I22_GLU-1A0746_005
Skipping PBE solver for non-charge conformer LEU01A0747_001...
ForkPoolWorker-1: Calling delphi to calculate conformer ARG01A0748_001 in /tmp/pbe_data.data.home.granepura.5-kinases.cof_tpl_mg.run_kin.4I22_ARG01A0748_001
ForkPoolWorker-1: Calling delphi to calculate conformer ARG02A0748_002 in /tmp/pbe_data.data.home.granepura.5-kinases.cof_tpl_mg.run_kin.4I22_ARG02A0748_002
ForkPoolWorker-1: Calling delphi to calculate conformer ARG03A0748_003 in /tmp/pbe_data.data.home.granepura.5-kinases.cof_tpl_mg.run_kin.4I22_ARG03A0748_003
ForkPoolWorker-1: Calling delphi to calculate conformer ARG+1A0748_004 in /tmp/pbe_data.data.home.granepura.5-kinases.cof_tpl_mg.run_kin.4I22_ARG+1A0748_004
ForkPoolWorker-1: Calling delphi to calculate conformer LYS01A0754_001 in /tmp/pbe_data.data.home.granepura.5-kinases.cof_tpl_mg.run_kin.4I22_LYS01A0754_001
ForkPoolWorker-1: Calling delphi to calculate conformer LYS+1A0754_002 in /tmp/pbe_data.data.home.granepura.5-kinases.cof_tpl_mg.run_kin.4I22_LYS+1A0754_002
Skipping PBE solver for non-charge conformer ALA01A0755_001...
ForkPoolWorker-1: Calling delphi to calculate conformer ASN01A0756_001 in /tmp/pbe_data.data.home.granepura.5-kinases.cof_tpl_mg.run_kin.4I22_ASN01A0756_001
ForkPoolWorker-1: Calling delphi to calculate conformer ASN01A0756_002 in /tmp/pbe_data.data.home.granepura.5-kinases.cof_tpl_mg.run_kin.4I22_ASN01A0756_002
ForkPoolWorker-1: Calling delphi to calculate conformer LYS01A0757_001 in /tmp/pbe_data.data.home.granepura.5-kinases.cof_tpl_mg.run_kin.4I22_LYS01A0757_001
ForkPoolWorker-1: Calling delphi to calculate conformer LYS+1A0757_002 in /tmp/pbe_data.data.home.granepura.5-kinases.cof_tpl_mg.run_kin.4I22_LYS+1A0757_002
ForkPoolWorker-1: Calling delphi to calculate conformer GLU01A0758_001 in /tmp/pbe_data.data.home.granepura.5-kinases.cof_tpl_mg.run_kin.4I22_GLU01A0758_001
ForkPoolWorker-1: Calling delphi to calculate conformer GLU01A0758_002 in /tmp/pbe_data.data.home.granepura.5-kinases.cof_tpl_mg.run_kin.4I22_GLU01A0758_002
ForkPoolWorker-1: Calling delphi to calculate conformer GLU02A0758_003 in /tmp/pbe_data.data.home.granepura.5-kinases.cof_tpl_mg.run_kin.4I22_GLU02A0758_003
ForkPoolWorker-1: Calling delphi to calculate conformer GLU02A0758_004 in /tmp/pbe_data.data.home.granepura.5-kinases.cof_tpl_mg.run_kin.4I22_GLU02A0758_004
ForkPoolWorker-1: Calling delphi to calculate conformer GLU-1A0758_005 in /tmp/pbe_data.data.home.granepura.5-kinases.cof_tpl_mg.run_kin.4I22_GLU-1A0758_005
Skipping PBE solver for non-charge conformer ILE01A0759_001...
Skipping PBE solver for non-charge conformer LEU01A0760_001...
ForkPoolWorker-1: Calling delphi to calculate conformer ASP01A0761_001 in /tmp/pbe_data.data.home.granepura.5-kinases.cof_tpl_mg.run_kin.4I22_ASP01A0761_001
ForkPoolWorker-1: Calling delphi to calculate conformer ASP01A0761_002 in /tmp/pbe_data.data.home.granepura.5-kinases.cof_tpl_mg.run_kin.4I22_ASP01A0761_002
ForkPoolWorker-1: Calling delphi to calculate conformer ASP02A0761_003 in /tmp/pbe_data.data.home.granepura.5-kinases.cof_tpl_mg.run_kin.4I22_ASP02A0761_003
ForkPoolWorker-1: Calling delphi to calculate conformer ASP02A0761_004 in /tmp/pbe_data.data.home.granepura.5-kinases.cof_tpl_mg.run_kin.4I22_ASP02A0761_004
ForkPoolWorker-1: Calling delphi to calculate conformer ASP-1A0761_005 in /tmp/pbe_data.data.home.granepura.5-kinases.cof_tpl_mg.run_kin.4I22_ASP-1A0761_005
ForkPoolWorker-1: Calling delphi to calculate conformer GLU01A0762_001 in /tmp/pbe_data.data.home.granepura.5-kinases.cof_tpl_mg.run_kin.4I22_GLU01A0762_001
ForkPoolWorker-1: Calling delphi to calculate conformer GLU01A0762_002 in /tmp/pbe_data.data.home.granepura.5-kinases.cof_tpl_mg.run_kin.4I22_GLU01A0762_002
ForkPoolWorker-1: Calling delphi to calculate conformer GLU02A0762_003 in /tmp/pbe_data.data.home.granepura.5-kinases.cof_tpl_mg.run_kin.4I22_GLU02A0762_003
ForkPoolWorker-1: Calling delphi to calculate conformer GLU02A0762_004 in /tmp/pbe_data.data.home.granepura.5-kinases.cof_tpl_mg.run_kin.4I22_GLU02A0762_004
ForkPoolWorker-1: Calling delphi to calculate conformer GLU-1A0762_005 in /tmp/pbe_data.data.home.granepura.5-kinases.cof_tpl_mg.run_kin.4I22_GLU-1A0762_005
Skipping PBE solver for non-charge conformer ALA01A0763_001...
ForkPoolWorker-1: Calling delphi to calculate conformer TYR01A0764_001 in /tmp/pbe_data.data.home.granepura.5-kinases.cof_tpl_mg.run_kin.4I22_TYR01A0764_001
ForkPoolWorker-1: Calling delphi to calculate conformer TYR01A0764_002 in /tmp/pbe_data.data.home.granepura.5-kinases.cof_tpl_mg.run_kin.4I22_TYR01A0764_002
ForkPoolWorker-1: Calling delphi to calculate conformer TYR-1A0764_003 in /tmp/pbe_data.data.home.granepura.5-kinases.cof_tpl_mg.run_kin.4I22_TYR-1A0764_003
Skipping PBE solver for non-charge conformer VAL01A0765_001...
ForkPoolWorker-1: Calling delphi to calculate conformer MET01A0766_001 in /tmp/pbe_data.data.home.granepura.5-kinases.cof_tpl_mg.run_kin.4I22_MET01A0766_001
Skipping PBE solver for non-charge conformer ALA01A0767_001...
ForkPoolWorker-1: Calling delphi to calculate conformer SER01A0768_001 in /tmp/pbe_data.data.home.granepura.5-kinases.cof_tpl_mg.run_kin.4I22_SER01A0768_001
ForkPoolWorker-1: Calling delphi to calculate conformer SER01A0768_002 in /tmp/pbe_data.data.home.granepura.5-kinases.cof_tpl_mg.run_kin.4I22_SER01A0768_002
ForkPoolWorker-1: Calling delphi to calculate conformer SER01A0768_003 in /tmp/pbe_data.data.home.granepura.5-kinases.cof_tpl_mg.run_kin.4I22_SER01A0768_003
Skipping PBE solver for non-charge conformer VAL01A0769_001...
ForkPoolWorker-1: Calling delphi to calculate conformer ASP01A0770_001 in /tmp/pbe_data.data.home.granepura.5-kinases.cof_tpl_mg.run_kin.4I22_ASP01A0770_001
ForkPoolWorker-1: Calling delphi to calculate conformer ASP01A0770_002 in /tmp/pbe_data.data.home.granepura.5-kinases.cof_tpl_mg.run_kin.4I22_ASP01A0770_002
ForkPoolWorker-1: Calling delphi to calculate conformer ASP02A0770_003 in /tmp/pbe_data.data.home.granepura.5-kinases.cof_tpl_mg.run_kin.4I22_ASP02A0770_003
ForkPoolWorker-1: Calling delphi to calculate conformer ASP02A0770_004 in /tmp/pbe_data.data.home.granepura.5-kinases.cof_tpl_mg.run_kin.4I22_ASP02A0770_004
ForkPoolWorker-1: Calling delphi to calculate conformer ASP-1A0770_005 in /tmp/pbe_data.data.home.granepura.5-kinases.cof_tpl_mg.run_kin.4I22_ASP-1A0770_005
ForkPoolWorker-1: Calling delphi to calculate conformer ASN01A0771_001 in /tmp/pbe_data.data.home.granepura.5-kinases.cof_tpl_mg.run_kin.4I22_ASN01A0771_001
ForkPoolWorker-1: Calling delphi to calculate conformer ASN01A0771_002 in /tmp/pbe_data.data.home.granepura.5-kinases.cof_tpl_mg.run_kin.4I22_ASN01A0771_002
Skipping PBE solver for non-charge conformer PRO01A0772_001...
ForkPoolWorker-1: Calling delphi to calculate conformer HIS01A0773_001 in /tmp/pbe_data.data.home.granepura.5-kinases.cof_tpl_mg.run_kin.4I22_HIS01A0773_001
ForkPoolWorker-1: Calling delphi to calculate conformer HIS02A0773_002 in /tmp/pbe_data.data.home.granepura.5-kinases.cof_tpl_mg.run_kin.4I22_HIS02A0773_002
ForkPoolWorker-1: Calling delphi to calculate conformer HIS+1A0773_003 in /tmp/pbe_data.data.home.granepura.5-kinases.cof_tpl_mg.run_kin.4I22_HIS+1A0773_003
Skipping PBE solver for non-charge conformer VAL01A0774_001...
ForkPoolWorker-1: Calling delphi to calculate conformer CYS01A0775_001 in /tmp/pbe_data.data.home.granepura.5-kinases.cof_tpl_mg.run_kin.4I22_CYS01A0775_001
ForkPoolWorker-1: Calling delphi to calculate conformer CYS01A0775_002 in /tmp/pbe_data.data.home.granepura.5-kinases.cof_tpl_mg.run_kin.4I22_CYS01A0775_002
ForkPoolWorker-1: Calling delphi to calculate conformer CYS01A0775_003 in /tmp/pbe_data.data.home.granepura.5-kinases.cof_tpl_mg.run_kin.4I22_CYS01A0775_003
ForkPoolWorker-1: Calling delphi to calculate conformer CYS-1A0775_004 in /tmp/pbe_data.data.home.granepura.5-kinases.cof_tpl_mg.run_kin.4I22_CYS-1A0775_004
ForkPoolWorker-1: Calling delphi to calculate conformer ARG01A0776_001 in /tmp/pbe_data.data.home.granepura.5-kinases.cof_tpl_mg.run_kin.4I22_ARG01A0776_001
ForkPoolWorker-1: Calling delphi to calculate conformer ARG02A0776_002 in /tmp/pbe_data.data.home.granepura.5-kinases.cof_tpl_mg.run_kin.4I22_ARG02A0776_002
ForkPoolWorker-1: Calling delphi to calculate conformer ARG02A0776_003 in /tmp/pbe_data.data.home.granepura.5-kinases.cof_tpl_mg.run_kin.4I22_ARG02A0776_003
ForkPoolWorker-1: Calling delphi to calculate conformer ARG03A0776_004 in /tmp/pbe_data.data.home.granepura.5-kinases.cof_tpl_mg.run_kin.4I22_ARG03A0776_004
ForkPoolWorker-1: Calling delphi to calculate conformer ARG+1A0776_005 in /tmp/pbe_data.data.home.granepura.5-kinases.cof_tpl_mg.run_kin.4I22_ARG+1A0776_005
Skipping PBE solver for non-charge conformer LEU01A0777_001...
Skipping PBE solver for non-charge conformer LEU01A0778_001...
Skipping PBE solver for non-charge conformer ILE01A0780_001...
ForkPoolWorker-1: Calling delphi to calculate conformer CYS01A0781_001 in /tmp/pbe_data.data.home.granepura.5-kinases.cof_tpl_mg.run_kin.4I22_CYS01A0781_001
ForkPoolWorker-1: Calling delphi to calculate conformer CYS01A0781_002 in /tmp/pbe_data.data.home.granepura.5-kinases.cof_tpl_mg.run_kin.4I22_CYS01A0781_002
ForkPoolWorker-1: Calling delphi to calculate conformer CYS01A0781_003 in /tmp/pbe_data.data.home.granepura.5-kinases.cof_tpl_mg.run_kin.4I22_CYS01A0781_003
ForkPoolWorker-1: Calling delphi to calculate conformer CYS-1A0781_004 in /tmp/pbe_data.data.home.granepura.5-kinases.cof_tpl_mg.run_kin.4I22_CYS-1A0781_004
Skipping PBE solver for non-charge conformer LEU01A0782_001...
ForkPoolWorker-1: Calling delphi to calculate conformer THR01A0783_001 in /tmp/pbe_data.data.home.granepura.5-kinases.cof_tpl_mg.run_kin.4I22_THR01A0783_001
ForkPoolWorker-1: Calling delphi to calculate conformer THR01A0783_002 in /tmp/pbe_data.data.home.granepura.5-kinases.cof_tpl_mg.run_kin.4I22_THR01A0783_002
ForkPoolWorker-1: Calling delphi to calculate conformer THR01A0783_003 in /tmp/pbe_data.data.home.granepura.5-kinases.cof_tpl_mg.run_kin.4I22_THR01A0783_003
ForkPoolWorker-1: Calling delphi to calculate conformer SER01A0784_001 in /tmp/pbe_data.data.home.granepura.5-kinases.cof_tpl_mg.run_kin.4I22_SER01A0784_001
ForkPoolWorker-1: Calling delphi to calculate conformer THR01A0785_001 in /tmp/pbe_data.data.home.granepura.5-kinases.cof_tpl_mg.run_kin.4I22_THR01A0785_001
ForkPoolWorker-1: Calling delphi to calculate conformer THR01A0785_002 in /tmp/pbe_data.data.home.granepura.5-kinases.cof_tpl_mg.run_kin.4I22_THR01A0785_002
Skipping PBE solver for non-charge conformer VAL01A0786_001...
ForkPoolWorker-1: Calling delphi to calculate conformer GLN01A0787_001 in /tmp/pbe_data.data.home.granepura.5-kinases.cof_tpl_mg.run_kin.4I22_GLN01A0787_001
ForkPoolWorker-1: Calling delphi to calculate conformer GLN01A0787_002 in /tmp/pbe_data.data.home.granepura.5-kinases.cof_tpl_mg.run_kin.4I22_GLN01A0787_002
Skipping PBE solver for non-charge conformer LEU01A0788_001...
Skipping PBE solver for non-charge conformer ILE01A0789_001...
ForkPoolWorker-1: Calling delphi to calculate conformer MET01A0790_001 in /tmp/pbe_data.data.home.granepura.5-kinases.cof_tpl_mg.run_kin.4I22_MET01A0790_001
ForkPoolWorker-1: Calling delphi to calculate conformer GLN01A0791_001 in /tmp/pbe_data.data.home.granepura.5-kinases.cof_tpl_mg.run_kin.4I22_GLN01A0791_001
ForkPoolWorker-1: Calling delphi to calculate conformer GLN01A0791_002 in /tmp/pbe_data.data.home.granepura.5-kinases.cof_tpl_mg.run_kin.4I22_GLN01A0791_002
Skipping PBE solver for non-charge conformer LEU01A0792_001...
ForkPoolWorker-1: Calling delphi to calculate conformer MET01A0793_001 in /tmp/pbe_data.data.home.granepura.5-kinases.cof_tpl_mg.run_kin.4I22_MET01A0793_001
Skipping PBE solver for non-charge conformer PRO01A0794_001...
Skipping PBE solver for non-charge conformer PHE01A0795_001...
ForkPoolWorker-1: Calling delphi to calculate conformer CYS01A0797_001 in /tmp/pbe_data.data.home.granepura.5-kinases.cof_tpl_mg.run_kin.4I22_CYS01A0797_001
ForkPoolWorker-1: Calling delphi to calculate conformer CYS01A0797_002 in /tmp/pbe_data.data.home.granepura.5-kinases.cof_tpl_mg.run_kin.4I22_CYS01A0797_002
ForkPoolWorker-1: Calling delphi to calculate conformer CYS01A0797_003 in /tmp/pbe_data.data.home.granepura.5-kinases.cof_tpl_mg.run_kin.4I22_CYS01A0797_003
ForkPoolWorker-1: Calling delphi to calculate conformer CYS-1A0797_004 in /tmp/pbe_data.data.home.granepura.5-kinases.cof_tpl_mg.run_kin.4I22_CYS-1A0797_004
Skipping PBE solver for non-charge conformer LEU01A0798_001...
Skipping PBE solver for non-charge conformer LEU01A0799_001...
ForkPoolWorker-1: Calling delphi to calculate conformer ASP01A0800_001 in /tmp/pbe_data.data.home.granepura.5-kinases.cof_tpl_mg.run_kin.4I22_ASP01A0800_001
ForkPoolWorker-1: Calling delphi to calculate conformer ASP01A0800_002 in /tmp/pbe_data.data.home.granepura.5-kinases.cof_tpl_mg.run_kin.4I22_ASP01A0800_002
ForkPoolWorker-1: Calling delphi to calculate conformer ASP02A0800_003 in /tmp/pbe_data.data.home.granepura.5-kinases.cof_tpl_mg.run_kin.4I22_ASP02A0800_003
ForkPoolWorker-1: Calling delphi to calculate conformer ASP02A0800_004 in /tmp/pbe_data.data.home.granepura.5-kinases.cof_tpl_mg.run_kin.4I22_ASP02A0800_004
ForkPoolWorker-1: Calling delphi to calculate conformer ASP-1A0800_005 in /tmp/pbe_data.data.home.granepura.5-kinases.cof_tpl_mg.run_kin.4I22_ASP-1A0800_005
ForkPoolWorker-1: Calling delphi to calculate conformer TYR01A0801_001 in /tmp/pbe_data.data.home.granepura.5-kinases.cof_tpl_mg.run_kin.4I22_TYR01A0801_001
ForkPoolWorker-1: Calling delphi to calculate conformer TYR-1A0801_002 in /tmp/pbe_data.data.home.granepura.5-kinases.cof_tpl_mg.run_kin.4I22_TYR-1A0801_002
Skipping PBE solver for non-charge conformer VAL01A0802_001...
ForkPoolWorker-1: Calling delphi to calculate conformer ARG01A0803_001 in /tmp/pbe_data.data.home.granepura.5-kinases.cof_tpl_mg.run_kin.4I22_ARG01A0803_001
ForkPoolWorker-1: Calling delphi to calculate conformer ARG02A0803_002 in /tmp/pbe_data.data.home.granepura.5-kinases.cof_tpl_mg.run_kin.4I22_ARG02A0803_002
ForkPoolWorker-1: Calling delphi to calculate conformer ARG03A0803_003 in /tmp/pbe_data.data.home.granepura.5-kinases.cof_tpl_mg.run_kin.4I22_ARG03A0803_003
ForkPoolWorker-1: Calling delphi to calculate conformer ARG+1A0803_004 in /tmp/pbe_data.data.home.granepura.5-kinases.cof_tpl_mg.run_kin.4I22_ARG+1A0803_004
ForkPoolWorker-1: Calling delphi to calculate conformer GLU01A0804_001 in /tmp/pbe_data.data.home.granepura.5-kinases.cof_tpl_mg.run_kin.4I22_GLU01A0804_001
ForkPoolWorker-1: Calling delphi to calculate conformer GLU01A0804_002 in /tmp/pbe_data.data.home.granepura.5-kinases.cof_tpl_mg.run_kin.4I22_GLU01A0804_002
ForkPoolWorker-1: Calling delphi to calculate conformer GLU02A0804_003 in /tmp/pbe_data.data.home.granepura.5-kinases.cof_tpl_mg.run_kin.4I22_GLU02A0804_003
ForkPoolWorker-1: Calling delphi to calculate conformer GLU02A0804_004 in /tmp/pbe_data.data.home.granepura.5-kinases.cof_tpl_mg.run_kin.4I22_GLU02A0804_004
ForkPoolWorker-1: Calling delphi to calculate conformer GLU-1A0804_005 in /tmp/pbe_data.data.home.granepura.5-kinases.cof_tpl_mg.run_kin.4I22_GLU-1A0804_005
ForkPoolWorker-1: Calling delphi to calculate conformer HIS01A0805_001 in /tmp/pbe_data.data.home.granepura.5-kinases.cof_tpl_mg.run_kin.4I22_HIS01A0805_001
ForkPoolWorker-1: Calling delphi to calculate conformer HIS01A0805_002 in /tmp/pbe_data.data.home.granepura.5-kinases.cof_tpl_mg.run_kin.4I22_HIS01A0805_002
ForkPoolWorker-1: Calling delphi to calculate conformer HIS02A0805_003 in /tmp/pbe_data.data.home.granepura.5-kinases.cof_tpl_mg.run_kin.4I22_HIS02A0805_003
ForkPoolWorker-1: Calling delphi to calculate conformer HIS02A0805_004 in /tmp/pbe_data.data.home.granepura.5-kinases.cof_tpl_mg.run_kin.4I22_HIS02A0805_004
ForkPoolWorker-1: Calling delphi to calculate conformer HIS+1A0805_005 in /tmp/pbe_data.data.home.granepura.5-kinases.cof_tpl_mg.run_kin.4I22_HIS+1A0805_005
ForkPoolWorker-1: Calling delphi to calculate conformer HIS+1A0805_006 in /tmp/pbe_data.data.home.granepura.5-kinases.cof_tpl_mg.run_kin.4I22_HIS+1A0805_006
ForkPoolWorker-1: Calling delphi to calculate conformer LYS01A0806_001 in /tmp/pbe_data.data.home.granepura.5-kinases.cof_tpl_mg.run_kin.4I22_LYS01A0806_001
ForkPoolWorker-1: Calling delphi to calculate conformer LYS+1A0806_002 in /tmp/pbe_data.data.home.granepura.5-kinases.cof_tpl_mg.run_kin.4I22_LYS+1A0806_002
ForkPoolWorker-1: Calling delphi to calculate conformer ASP01A0807_001 in /tmp/pbe_data.data.home.granepura.5-kinases.cof_tpl_mg.run_kin.4I22_ASP01A0807_001
ForkPoolWorker-1: Calling delphi to calculate conformer ASP01A0807_002 in /tmp/pbe_data.data.home.granepura.5-kinases.cof_tpl_mg.run_kin.4I22_ASP01A0807_002
ForkPoolWorker-1: Calling delphi to calculate conformer ASP02A0807_003 in /tmp/pbe_data.data.home.granepura.5-kinases.cof_tpl_mg.run_kin.4I22_ASP02A0807_003
ForkPoolWorker-1: Calling delphi to calculate conformer ASP02A0807_004 in /tmp/pbe_data.data.home.granepura.5-kinases.cof_tpl_mg.run_kin.4I22_ASP02A0807_004
ForkPoolWorker-1: Calling delphi to calculate conformer ASP-1A0807_005 in /tmp/pbe_data.data.home.granepura.5-kinases.cof_tpl_mg.run_kin.4I22_ASP-1A0807_005
ForkPoolWorker-1: Calling delphi to calculate conformer ASN01A0808_001 in /tmp/pbe_data.data.home.granepura.5-kinases.cof_tpl_mg.run_kin.4I22_ASN01A0808_001
ForkPoolWorker-1: Calling delphi to calculate conformer ASN01A0808_002 in /tmp/pbe_data.data.home.granepura.5-kinases.cof_tpl_mg.run_kin.4I22_ASN01A0808_002
Skipping PBE solver for non-charge conformer ILE01A0809_001...
ForkPoolWorker-1: Calling delphi to calculate conformer SER01A0811_001 in /tmp/pbe_data.data.home.granepura.5-kinases.cof_tpl_mg.run_kin.4I22_SER01A0811_001
ForkPoolWorker-1: Calling delphi to calculate conformer SER01A0811_002 in /tmp/pbe_data.data.home.granepura.5-kinases.cof_tpl_mg.run_kin.4I22_SER01A0811_002
ForkPoolWorker-1: Calling delphi to calculate conformer SER01A0811_003 in /tmp/pbe_data.data.home.granepura.5-kinases.cof_tpl_mg.run_kin.4I22_SER01A0811_003
ForkPoolWorker-1: Calling delphi to calculate conformer GLN01A0812_001 in /tmp/pbe_data.data.home.granepura.5-kinases.cof_tpl_mg.run_kin.4I22_GLN01A0812_001
ForkPoolWorker-1: Calling delphi to calculate conformer GLN01A0812_002 in /tmp/pbe_data.data.home.granepura.5-kinases.cof_tpl_mg.run_kin.4I22_GLN01A0812_002
ForkPoolWorker-1: Calling delphi to calculate conformer GLN01A0812_003 in /tmp/pbe_data.data.home.granepura.5-kinases.cof_tpl_mg.run_kin.4I22_GLN01A0812_003
ForkPoolWorker-1: Calling delphi to calculate conformer TYR01A0813_001 in /tmp/pbe_data.data.home.granepura.5-kinases.cof_tpl_mg.run_kin.4I22_TYR01A0813_001
ForkPoolWorker-1: Calling delphi to calculate conformer TYR01A0813_002 in /tmp/pbe_data.data.home.granepura.5-kinases.cof_tpl_mg.run_kin.4I22_TYR01A0813_002
ForkPoolWorker-1: Calling delphi to calculate conformer TYR-1A0813_003 in /tmp/pbe_data.data.home.granepura.5-kinases.cof_tpl_mg.run_kin.4I22_TYR-1A0813_003
Skipping PBE solver for non-charge conformer LEU01A0814_001...
Skipping PBE solver for non-charge conformer LEU01A0815_001...
ForkPoolWorker-1: Calling delphi to calculate conformer ASN01A0816_001 in /tmp/pbe_data.data.home.granepura.5-kinases.cof_tpl_mg.run_kin.4I22_ASN01A0816_001
ForkPoolWorker-1: Calling delphi to calculate conformer ASN01A0816_002 in /tmp/pbe_data.data.home.granepura.5-kinases.cof_tpl_mg.run_kin.4I22_ASN01A0816_002
Skipping PBE solver for non-charge conformer TRP01A0817_001...
ForkPoolWorker-1: Calling delphi to calculate conformer CYS01A0818_001 in /tmp/pbe_data.data.home.granepura.5-kinases.cof_tpl_mg.run_kin.4I22_CYS01A0818_001
ForkPoolWorker-1: Calling delphi to calculate conformer CYS01A0818_002 in /tmp/pbe_data.data.home.granepura.5-kinases.cof_tpl_mg.run_kin.4I22_CYS01A0818_002
ForkPoolWorker-1: Calling delphi to calculate conformer CYS01A0818_003 in /tmp/pbe_data.data.home.granepura.5-kinases.cof_tpl_mg.run_kin.4I22_CYS01A0818_003
ForkPoolWorker-1: Calling delphi to calculate conformer CYS-1A0818_004 in /tmp/pbe_data.data.home.granepura.5-kinases.cof_tpl_mg.run_kin.4I22_CYS-1A0818_004
Skipping PBE solver for non-charge conformer VAL01A0819_001...
ForkPoolWorker-1: Calling delphi to calculate conformer GLN01A0820_001 in /tmp/pbe_data.data.home.granepura.5-kinases.cof_tpl_mg.run_kin.4I22_GLN01A0820_001
ForkPoolWorker-1: Calling delphi to calculate conformer GLN01A0820_002 in /tmp/pbe_data.data.home.granepura.5-kinases.cof_tpl_mg.run_kin.4I22_GLN01A0820_002
Skipping PBE solver for non-charge conformer ILE01A0821_001...
Skipping PBE solver for non-charge conformer ALA01A0822_001...
ForkPoolWorker-1: Calling delphi to calculate conformer LYS01A0823_001 in /tmp/pbe_data.data.home.granepura.5-kinases.cof_tpl_mg.run_kin.4I22_LYS01A0823_001
ForkPoolWorker-1: Calling delphi to calculate conformer LYS+1A0823_002 in /tmp/pbe_data.data.home.granepura.5-kinases.cof_tpl_mg.run_kin.4I22_LYS+1A0823_002
ForkPoolWorker-1: Calling delphi to calculate conformer MET01A0825_001 in /tmp/pbe_data.data.home.granepura.5-kinases.cof_tpl_mg.run_kin.4I22_MET01A0825_001
ForkPoolWorker-1: Calling delphi to calculate conformer ASN01A0826_001 in /tmp/pbe_data.data.home.granepura.5-kinases.cof_tpl_mg.run_kin.4I22_ASN01A0826_001
ForkPoolWorker-1: Calling delphi to calculate conformer ASN01A0826_002 in /tmp/pbe_data.data.home.granepura.5-kinases.cof_tpl_mg.run_kin.4I22_ASN01A0826_002
ForkPoolWorker-1: Calling delphi to calculate conformer TYR01A0827_001 in /tmp/pbe_data.data.home.granepura.5-kinases.cof_tpl_mg.run_kin.4I22_TYR01A0827_001
ForkPoolWorker-1: Calling delphi to calculate conformer TYR01A0827_002 in /tmp/pbe_data.data.home.granepura.5-kinases.cof_tpl_mg.run_kin.4I22_TYR01A0827_002
ForkPoolWorker-1: Calling delphi to calculate conformer TYR-1A0827_003 in /tmp/pbe_data.data.home.granepura.5-kinases.cof_tpl_mg.run_kin.4I22_TYR-1A0827_003
Skipping PBE solver for non-charge conformer LEU01A0828_001...
ForkPoolWorker-1: Calling delphi to calculate conformer GLU01A0829_001 in /tmp/pbe_data.data.home.granepura.5-kinases.cof_tpl_mg.run_kin.4I22_GLU01A0829_001
ForkPoolWorker-1: Calling delphi to calculate conformer GLU01A0829_002 in /tmp/pbe_data.data.home.granepura.5-kinases.cof_tpl_mg.run_kin.4I22_GLU01A0829_002
ForkPoolWorker-1: Calling delphi to calculate conformer GLU02A0829_003 in /tmp/pbe_data.data.home.granepura.5-kinases.cof_tpl_mg.run_kin.4I22_GLU02A0829_003
ForkPoolWorker-1: Calling delphi to calculate conformer GLU02A0829_004 in /tmp/pbe_data.data.home.granepura.5-kinases.cof_tpl_mg.run_kin.4I22_GLU02A0829_004
ForkPoolWorker-1: Calling delphi to calculate conformer GLU-1A0829_005 in /tmp/pbe_data.data.home.granepura.5-kinases.cof_tpl_mg.run_kin.4I22_GLU-1A0829_005
ForkPoolWorker-1: Calling delphi to calculate conformer ASP01A0830_001 in /tmp/pbe_data.data.home.granepura.5-kinases.cof_tpl_mg.run_kin.4I22_ASP01A0830_001
ForkPoolWorker-1: Calling delphi to calculate conformer ASP01A0830_002 in /tmp/pbe_data.data.home.granepura.5-kinases.cof_tpl_mg.run_kin.4I22_ASP01A0830_002
ForkPoolWorker-1: Calling delphi to calculate conformer ASP02A0830_003 in /tmp/pbe_data.data.home.granepura.5-kinases.cof_tpl_mg.run_kin.4I22_ASP02A0830_003
ForkPoolWorker-1: Calling delphi to calculate conformer ASP02A0830_004 in /tmp/pbe_data.data.home.granepura.5-kinases.cof_tpl_mg.run_kin.4I22_ASP02A0830_004
ForkPoolWorker-1: Calling delphi to calculate conformer ASP-1A0830_005 in /tmp/pbe_data.data.home.granepura.5-kinases.cof_tpl_mg.run_kin.4I22_ASP-1A0830_005
ForkPoolWorker-1: Calling delphi to calculate conformer ARG01A0831_001 in /tmp/pbe_data.data.home.granepura.5-kinases.cof_tpl_mg.run_kin.4I22_ARG01A0831_001
ForkPoolWorker-1: Calling delphi to calculate conformer ARG02A0831_002 in /tmp/pbe_data.data.home.granepura.5-kinases.cof_tpl_mg.run_kin.4I22_ARG02A0831_002
ForkPoolWorker-1: Calling delphi to calculate conformer ARG03A0831_003 in /tmp/pbe_data.data.home.granepura.5-kinases.cof_tpl_mg.run_kin.4I22_ARG03A0831_003
ForkPoolWorker-1: Calling delphi to calculate conformer ARG03A0831_004 in /tmp/pbe_data.data.home.granepura.5-kinases.cof_tpl_mg.run_kin.4I22_ARG03A0831_004
ForkPoolWorker-1: Calling delphi to calculate conformer ARG+1A0831_005 in /tmp/pbe_data.data.home.granepura.5-kinases.cof_tpl_mg.run_kin.4I22_ARG+1A0831_005
ForkPoolWorker-1: Calling delphi to calculate conformer ARG01A0832_001 in /tmp/pbe_data.data.home.granepura.5-kinases.cof_tpl_mg.run_kin.4I22_ARG01A0832_001
ForkPoolWorker-1: Calling delphi to calculate conformer ARG02A0832_002 in /tmp/pbe_data.data.home.granepura.5-kinases.cof_tpl_mg.run_kin.4I22_ARG02A0832_002
ForkPoolWorker-1: Calling delphi to calculate conformer ARG03A0832_003 in /tmp/pbe_data.data.home.granepura.5-kinases.cof_tpl_mg.run_kin.4I22_ARG03A0832_003
ForkPoolWorker-1: Calling delphi to calculate conformer ARG+1A0832_004 in /tmp/pbe_data.data.home.granepura.5-kinases.cof_tpl_mg.run_kin.4I22_ARG+1A0832_004
Skipping PBE solver for non-charge conformer LEU01A0833_001...
Skipping PBE solver for non-charge conformer VAL01A0834_001...
ForkPoolWorker-1: Calling delphi to calculate conformer HIS01A0835_001 in /tmp/pbe_data.data.home.granepura.5-kinases.cof_tpl_mg.run_kin.4I22_HIS01A0835_001
ForkPoolWorker-1: Calling delphi to calculate conformer HIS02A0835_002 in /tmp/pbe_data.data.home.granepura.5-kinases.cof_tpl_mg.run_kin.4I22_HIS02A0835_002
ForkPoolWorker-1: Calling delphi to calculate conformer HIS+1A0835_003 in /tmp/pbe_data.data.home.granepura.5-kinases.cof_tpl_mg.run_kin.4I22_HIS+1A0835_003
ForkPoolWorker-1: Calling delphi to calculate conformer ARG01A0836_001 in /tmp/pbe_data.data.home.granepura.5-kinases.cof_tpl_mg.run_kin.4I22_ARG01A0836_001
ForkPoolWorker-1: Calling delphi to calculate conformer ARG02A0836_002 in /tmp/pbe_data.data.home.granepura.5-kinases.cof_tpl_mg.run_kin.4I22_ARG02A0836_002
ForkPoolWorker-1: Calling delphi to calculate conformer ARG03A0836_003 in /tmp/pbe_data.data.home.granepura.5-kinases.cof_tpl_mg.run_kin.4I22_ARG03A0836_003
ForkPoolWorker-1: Calling delphi to calculate conformer ARG+1A0836_004 in /tmp/pbe_data.data.home.granepura.5-kinases.cof_tpl_mg.run_kin.4I22_ARG+1A0836_004
ForkPoolWorker-1: Calling delphi to calculate conformer ASP01A0837_001 in /tmp/pbe_data.data.home.granepura.5-kinases.cof_tpl_mg.run_kin.4I22_ASP01A0837_001
ForkPoolWorker-1: Calling delphi to calculate conformer ASP01A0837_002 in /tmp/pbe_data.data.home.granepura.5-kinases.cof_tpl_mg.run_kin.4I22_ASP01A0837_002
ForkPoolWorker-1: Calling delphi to calculate conformer ASP02A0837_003 in /tmp/pbe_data.data.home.granepura.5-kinases.cof_tpl_mg.run_kin.4I22_ASP02A0837_003
ForkPoolWorker-1: Calling delphi to calculate conformer ASP02A0837_004 in /tmp/pbe_data.data.home.granepura.5-kinases.cof_tpl_mg.run_kin.4I22_ASP02A0837_004
ForkPoolWorker-1: Calling delphi to calculate conformer ASP-1A0837_005 in /tmp/pbe_data.data.home.granepura.5-kinases.cof_tpl_mg.run_kin.4I22_ASP-1A0837_005
Skipping PBE solver for non-charge conformer LEU01A0838_001...
Skipping PBE solver for non-charge conformer ALA01A0839_001...
Skipping PBE solver for non-charge conformer ALA01A0840_001...
ForkPoolWorker-1: Calling delphi to calculate conformer ARG01A0841_001 in /tmp/pbe_data.data.home.granepura.5-kinases.cof_tpl_mg.run_kin.4I22_ARG01A0841_001
ForkPoolWorker-1: Calling delphi to calculate conformer ARG02A0841_002 in /tmp/pbe_data.data.home.granepura.5-kinases.cof_tpl_mg.run_kin.4I22_ARG02A0841_002
ForkPoolWorker-1: Calling delphi to calculate conformer ARG02A0841_003 in /tmp/pbe_data.data.home.granepura.5-kinases.cof_tpl_mg.run_kin.4I22_ARG02A0841_003
ForkPoolWorker-1: Calling delphi to calculate conformer ARG03A0841_004 in /tmp/pbe_data.data.home.granepura.5-kinases.cof_tpl_mg.run_kin.4I22_ARG03A0841_004
ForkPoolWorker-1: Calling delphi to calculate conformer ARG+1A0841_005 in /tmp/pbe_data.data.home.granepura.5-kinases.cof_tpl_mg.run_kin.4I22_ARG+1A0841_005
ForkPoolWorker-1: Calling delphi to calculate conformer ASN01A0842_001 in /tmp/pbe_data.data.home.granepura.5-kinases.cof_tpl_mg.run_kin.4I22_ASN01A0842_001
ForkPoolWorker-1: Calling delphi to calculate conformer ASN01A0842_002 in /tmp/pbe_data.data.home.granepura.5-kinases.cof_tpl_mg.run_kin.4I22_ASN01A0842_002
Skipping PBE solver for non-charge conformer VAL01A0843_001...
Skipping PBE solver for non-charge conformer LEU01A0844_001...
Skipping PBE solver for non-charge conformer VAL01A0845_001...
ForkPoolWorker-1: Calling delphi to calculate conformer LYS01A0846_001 in /tmp/pbe_data.data.home.granepura.5-kinases.cof_tpl_mg.run_kin.4I22_LYS01A0846_001
ForkPoolWorker-1: Calling delphi to calculate conformer LYS+1A0846_002 in /tmp/pbe_data.data.home.granepura.5-kinases.cof_tpl_mg.run_kin.4I22_LYS+1A0846_002
ForkPoolWorker-1: Calling delphi to calculate conformer THR01A0847_001 in /tmp/pbe_data.data.home.granepura.5-kinases.cof_tpl_mg.run_kin.4I22_THR01A0847_001
ForkPoolWorker-1: Calling delphi to calculate conformer THR01A0847_002 in /tmp/pbe_data.data.home.granepura.5-kinases.cof_tpl_mg.run_kin.4I22_THR01A0847_002
Skipping PBE solver for non-charge conformer PRO01A0848_001...
ForkPoolWorker-1: Calling delphi to calculate conformer GLN01A0849_001 in /tmp/pbe_data.data.home.granepura.5-kinases.cof_tpl_mg.run_kin.4I22_GLN01A0849_001
ForkPoolWorker-1: Calling delphi to calculate conformer GLN01A0849_002 in /tmp/pbe_data.data.home.granepura.5-kinases.cof_tpl_mg.run_kin.4I22_GLN01A0849_002
ForkPoolWorker-1: Calling delphi to calculate conformer HIS01A0850_001 in /tmp/pbe_data.data.home.granepura.5-kinases.cof_tpl_mg.run_kin.4I22_HIS01A0850_001
ForkPoolWorker-1: Calling delphi to calculate conformer HIS01A0850_002 in /tmp/pbe_data.data.home.granepura.5-kinases.cof_tpl_mg.run_kin.4I22_HIS01A0850_002
ForkPoolWorker-1: Calling delphi to calculate conformer HIS02A0850_003 in /tmp/pbe_data.data.home.granepura.5-kinases.cof_tpl_mg.run_kin.4I22_HIS02A0850_003
ForkPoolWorker-1: Calling delphi to calculate conformer HIS02A0850_004 in /tmp/pbe_data.data.home.granepura.5-kinases.cof_tpl_mg.run_kin.4I22_HIS02A0850_004
ForkPoolWorker-1: Calling delphi to calculate conformer HIS+1A0850_005 in /tmp/pbe_data.data.home.granepura.5-kinases.cof_tpl_mg.run_kin.4I22_HIS+1A0850_005
ForkPoolWorker-1: Calling delphi to calculate conformer HIS+1A0850_006 in /tmp/pbe_data.data.home.granepura.5-kinases.cof_tpl_mg.run_kin.4I22_HIS+1A0850_006
Skipping PBE solver for non-charge conformer VAL01A0851_001...
ForkPoolWorker-1: Calling delphi to calculate conformer LYS01A0852_001 in /tmp/pbe_data.data.home.granepura.5-kinases.cof_tpl_mg.run_kin.4I22_LYS01A0852_001
ForkPoolWorker-1: Calling delphi to calculate conformer LYS+1A0852_002 in /tmp/pbe_data.data.home.granepura.5-kinases.cof_tpl_mg.run_kin.4I22_LYS+1A0852_002
Skipping PBE solver for non-charge conformer ILE01A0853_001...
ForkPoolWorker-1: Calling delphi to calculate conformer THR01A0854_001 in /tmp/pbe_data.data.home.granepura.5-kinases.cof_tpl_mg.run_kin.4I22_THR01A0854_001
ForkPoolWorker-1: Calling delphi to calculate conformer THR01A0854_002 in /tmp/pbe_data.data.home.granepura.5-kinases.cof_tpl_mg.run_kin.4I22_THR01A0854_002
ForkPoolWorker-1: Calling delphi to calculate conformer ASP01A0855_001 in /tmp/pbe_data.data.home.granepura.5-kinases.cof_tpl_mg.run_kin.4I22_ASP01A0855_001
ForkPoolWorker-1: Calling delphi to calculate conformer ASP01A0855_002 in /tmp/pbe_data.data.home.granepura.5-kinases.cof_tpl_mg.run_kin.4I22_ASP01A0855_002
ForkPoolWorker-1: Calling delphi to calculate conformer ASP02A0855_003 in /tmp/pbe_data.data.home.granepura.5-kinases.cof_tpl_mg.run_kin.4I22_ASP02A0855_003
ForkPoolWorker-1: Calling delphi to calculate conformer ASP02A0855_004 in /tmp/pbe_data.data.home.granepura.5-kinases.cof_tpl_mg.run_kin.4I22_ASP02A0855_004
ForkPoolWorker-1: Calling delphi to calculate conformer ASP-1A0855_005 in /tmp/pbe_data.data.home.granepura.5-kinases.cof_tpl_mg.run_kin.4I22_ASP-1A0855_005
Skipping PBE solver for non-charge conformer PHE01A0856_001...
ForkPoolWorker-1: Calling delphi to calculate conformer ARG01A0858_001 in /tmp/pbe_data.data.home.granepura.5-kinases.cof_tpl_mg.run_kin.4I22_ARG01A0858_001
ForkPoolWorker-1: Calling delphi to calculate conformer ARG02A0858_002 in /tmp/pbe_data.data.home.granepura.5-kinases.cof_tpl_mg.run_kin.4I22_ARG02A0858_002
ForkPoolWorker-1: Calling delphi to calculate conformer ARG03A0858_003 in /tmp/pbe_data.data.home.granepura.5-kinases.cof_tpl_mg.run_kin.4I22_ARG03A0858_003
ForkPoolWorker-1: Calling delphi to calculate conformer ARG+1A0858_004 in /tmp/pbe_data.data.home.granepura.5-kinases.cof_tpl_mg.run_kin.4I22_ARG+1A0858_004
Skipping PBE solver for non-charge conformer ALA01A0859_001...
ForkPoolWorker-1: Calling delphi to calculate conformer LYS01A0860_001 in /tmp/pbe_data.data.home.granepura.5-kinases.cof_tpl_mg.run_kin.4I22_LYS01A0860_001
ForkPoolWorker-1: Calling delphi to calculate conformer LYS+1A0860_002 in /tmp/pbe_data.data.home.granepura.5-kinases.cof_tpl_mg.run_kin.4I22_LYS+1A0860_002
Skipping PBE solver for non-charge conformer LEU01A0861_001...
Skipping PBE solver for non-charge conformer LEU01A0862_001...
Skipping PBE solver for non-charge conformer VAL01A0876_001...
Skipping PBE solver for non-charge conformer PRO01A0877_001...
Skipping PBE solver for non-charge conformer ILE01A0878_001...
ForkPoolWorker-1: Calling delphi to calculate conformer LYS01A0879_001 in /tmp/pbe_data.data.home.granepura.5-kinases.cof_tpl_mg.run_kin.4I22_LYS01A0879_001
ForkPoolWorker-1: Calling delphi to calculate conformer LYS+1A0879_002 in /tmp/pbe_data.data.home.granepura.5-kinases.cof_tpl_mg.run_kin.4I22_LYS+1A0879_002
Skipping PBE solver for non-charge conformer TRP01A0880_001...
ForkPoolWorker-1: Calling delphi to calculate conformer MET01A0881_001 in /tmp/pbe_data.data.home.granepura.5-kinases.cof_tpl_mg.run_kin.4I22_MET01A0881_001
Skipping PBE solver for non-charge conformer ALA01A0882_001...
Skipping PBE solver for non-charge conformer LEU01A0883_001...
ForkPoolWorker-1: Calling delphi to calculate conformer GLU01A0884_001 in /tmp/pbe_data.data.home.granepura.5-kinases.cof_tpl_mg.run_kin.4I22_GLU01A0884_001
ForkPoolWorker-1: Calling delphi to calculate conformer GLU01A0884_002 in /tmp/pbe_data.data.home.granepura.5-kinases.cof_tpl_mg.run_kin.4I22_GLU01A0884_002
ForkPoolWorker-1: Calling delphi to calculate conformer GLU02A0884_003 in /tmp/pbe_data.data.home.granepura.5-kinases.cof_tpl_mg.run_kin.4I22_GLU02A0884_003
ForkPoolWorker-1: Calling delphi to calculate conformer GLU02A0884_004 in /tmp/pbe_data.data.home.granepura.5-kinases.cof_tpl_mg.run_kin.4I22_GLU02A0884_004
ForkPoolWorker-1: Calling delphi to calculate conformer GLU-1A0884_005 in /tmp/pbe_data.data.home.granepura.5-kinases.cof_tpl_mg.run_kin.4I22_GLU-1A0884_005
ForkPoolWorker-1: Calling delphi to calculate conformer SER01A0885_001 in /tmp/pbe_data.data.home.granepura.5-kinases.cof_tpl_mg.run_kin.4I22_SER01A0885_001
ForkPoolWorker-1: Calling delphi to calculate conformer SER01A0885_002 in /tmp/pbe_data.data.home.granepura.5-kinases.cof_tpl_mg.run_kin.4I22_SER01A0885_002
ForkPoolWorker-1: Calling delphi to calculate conformer SER01A0885_003 in /tmp/pbe_data.data.home.granepura.5-kinases.cof_tpl_mg.run_kin.4I22_SER01A0885_003
Skipping PBE solver for non-charge conformer ILE01A0886_001...
Skipping PBE solver for non-charge conformer LEU01A0887_001...
ForkPoolWorker-1: Calling delphi to calculate conformer HIS01A0888_001 in /tmp/pbe_data.data.home.granepura.5-kinases.cof_tpl_mg.run_kin.4I22_HIS01A0888_001
ForkPoolWorker-1: Calling delphi to calculate conformer HIS01A0888_002 in /tmp/pbe_data.data.home.granepura.5-kinases.cof_tpl_mg.run_kin.4I22_HIS01A0888_002
ForkPoolWorker-1: Calling delphi to calculate conformer HIS02A0888_003 in /tmp/pbe_data.data.home.granepura.5-kinases.cof_tpl_mg.run_kin.4I22_HIS02A0888_003
ForkPoolWorker-1: Calling delphi to calculate conformer HIS02A0888_004 in /tmp/pbe_data.data.home.granepura.5-kinases.cof_tpl_mg.run_kin.4I22_HIS02A0888_004
ForkPoolWorker-1: Calling delphi to calculate conformer HIS+1A0888_005 in /tmp/pbe_data.data.home.granepura.5-kinases.cof_tpl_mg.run_kin.4I22_HIS+1A0888_005
ForkPoolWorker-1: Calling delphi to calculate conformer HIS+1A0888_006 in /tmp/pbe_data.data.home.granepura.5-kinases.cof_tpl_mg.run_kin.4I22_HIS+1A0888_006
ForkPoolWorker-1: Calling delphi to calculate conformer ARG01A0889_001 in /tmp/pbe_data.data.home.granepura.5-kinases.cof_tpl_mg.run_kin.4I22_ARG01A0889_001
ForkPoolWorker-1: Calling delphi to calculate conformer ARG02A0889_002 in /tmp/pbe_data.data.home.granepura.5-kinases.cof_tpl_mg.run_kin.4I22_ARG02A0889_002
ForkPoolWorker-1: Calling delphi to calculate conformer ARG03A0889_003 in /tmp/pbe_data.data.home.granepura.5-kinases.cof_tpl_mg.run_kin.4I22_ARG03A0889_003
ForkPoolWorker-1: Calling delphi to calculate conformer ARG+1A0889_004 in /tmp/pbe_data.data.home.granepura.5-kinases.cof_tpl_mg.run_kin.4I22_ARG+1A0889_004
Skipping PBE solver for non-charge conformer ILE01A0890_001...
ForkPoolWorker-1: Calling delphi to calculate conformer TYR01A0891_001 in /tmp/pbe_data.data.home.granepura.5-kinases.cof_tpl_mg.run_kin.4I22_TYR01A0891_001
ForkPoolWorker-1: Calling delphi to calculate conformer TYR01A0891_002 in /tmp/pbe_data.data.home.granepura.5-kinases.cof_tpl_mg.run_kin.4I22_TYR01A0891_002
ForkPoolWorker-1: Calling delphi to calculate conformer TYR-1A0891_003 in /tmp/pbe_data.data.home.granepura.5-kinases.cof_tpl_mg.run_kin.4I22_TYR-1A0891_003
ForkPoolWorker-1: Calling delphi to calculate conformer THR01A0892_001 in /tmp/pbe_data.data.home.granepura.5-kinases.cof_tpl_mg.run_kin.4I22_THR01A0892_001
ForkPoolWorker-1: Calling delphi to calculate conformer HIS01A0893_001 in /tmp/pbe_data.data.home.granepura.5-kinases.cof_tpl_mg.run_kin.4I22_HIS01A0893_001
ForkPoolWorker-1: Calling delphi to calculate conformer HIS01A0893_002 in /tmp/pbe_data.data.home.granepura.5-kinases.cof_tpl_mg.run_kin.4I22_HIS01A0893_002
ForkPoolWorker-1: Calling delphi to calculate conformer HIS02A0893_003 in /tmp/pbe_data.data.home.granepura.5-kinases.cof_tpl_mg.run_kin.4I22_HIS02A0893_003
ForkPoolWorker-1: Calling delphi to calculate conformer HIS02A0893_004 in /tmp/pbe_data.data.home.granepura.5-kinases.cof_tpl_mg.run_kin.4I22_HIS02A0893_004
ForkPoolWorker-1: Calling delphi to calculate conformer HIS+1A0893_005 in /tmp/pbe_data.data.home.granepura.5-kinases.cof_tpl_mg.run_kin.4I22_HIS+1A0893_005
ForkPoolWorker-1: Calling delphi to calculate conformer HIS+1A0893_006 in /tmp/pbe_data.data.home.granepura.5-kinases.cof_tpl_mg.run_kin.4I22_HIS+1A0893_006
ForkPoolWorker-1: Calling delphi to calculate conformer GLN01A0894_001 in /tmp/pbe_data.data.home.granepura.5-kinases.cof_tpl_mg.run_kin.4I22_GLN01A0894_001
ForkPoolWorker-1: Calling delphi to calculate conformer GLN01A0894_002 in /tmp/pbe_data.data.home.granepura.5-kinases.cof_tpl_mg.run_kin.4I22_GLN01A0894_002
ForkPoolWorker-1: Calling delphi to calculate conformer SER01A0895_001 in /tmp/pbe_data.data.home.granepura.5-kinases.cof_tpl_mg.run_kin.4I22_SER01A0895_001
ForkPoolWorker-1: Calling delphi to calculate conformer SER01A0895_002 in /tmp/pbe_data.data.home.granepura.5-kinases.cof_tpl_mg.run_kin.4I22_SER01A0895_002
ForkPoolWorker-1: Calling delphi to calculate conformer ASP01A0896_001 in /tmp/pbe_data.data.home.granepura.5-kinases.cof_tpl_mg.run_kin.4I22_ASP01A0896_001
ForkPoolWorker-1: Calling delphi to calculate conformer ASP01A0896_002 in /tmp/pbe_data.data.home.granepura.5-kinases.cof_tpl_mg.run_kin.4I22_ASP01A0896_002
ForkPoolWorker-1: Calling delphi to calculate conformer ASP02A0896_003 in /tmp/pbe_data.data.home.granepura.5-kinases.cof_tpl_mg.run_kin.4I22_ASP02A0896_003
ForkPoolWorker-1: Calling delphi to calculate conformer ASP02A0896_004 in /tmp/pbe_data.data.home.granepura.5-kinases.cof_tpl_mg.run_kin.4I22_ASP02A0896_004
ForkPoolWorker-1: Calling delphi to calculate conformer ASP-1A0896_005 in /tmp/pbe_data.data.home.granepura.5-kinases.cof_tpl_mg.run_kin.4I22_ASP-1A0896_005
Skipping PBE solver for non-charge conformer VAL01A0897_001...
Skipping PBE solver for non-charge conformer TRP01A0898_001...
ForkPoolWorker-1: Calling delphi to calculate conformer SER01A0899_001 in /tmp/pbe_data.data.home.granepura.5-kinases.cof_tpl_mg.run_kin.4I22_SER01A0899_001
ForkPoolWorker-1: Calling delphi to calculate conformer SER01A0899_002 in /tmp/pbe_data.data.home.granepura.5-kinases.cof_tpl_mg.run_kin.4I22_SER01A0899_002
ForkPoolWorker-1: Calling delphi to calculate conformer TYR01A0900_001 in /tmp/pbe_data.data.home.granepura.5-kinases.cof_tpl_mg.run_kin.4I22_TYR01A0900_001
ForkPoolWorker-1: Calling delphi to calculate conformer TYR01A0900_002 in /tmp/pbe_data.data.home.granepura.5-kinases.cof_tpl_mg.run_kin.4I22_TYR01A0900_002
ForkPoolWorker-1: Calling delphi to calculate conformer TYR-1A0900_003 in /tmp/pbe_data.data.home.granepura.5-kinases.cof_tpl_mg.run_kin.4I22_TYR-1A0900_003
Skipping PBE solver for non-charge conformer VAL01A0902_001...
ForkPoolWorker-1: Calling delphi to calculate conformer THR01A0903_001 in /tmp/pbe_data.data.home.granepura.5-kinases.cof_tpl_mg.run_kin.4I22_THR01A0903_001
ForkPoolWorker-1: Calling delphi to calculate conformer THR01A0903_002 in /tmp/pbe_data.data.home.granepura.5-kinases.cof_tpl_mg.run_kin.4I22_THR01A0903_002
ForkPoolWorker-1: Calling delphi to calculate conformer THR01A0903_003 in /tmp/pbe_data.data.home.granepura.5-kinases.cof_tpl_mg.run_kin.4I22_THR01A0903_003
Skipping PBE solver for non-charge conformer VAL01A0904_001...
Skipping PBE solver for non-charge conformer TRP01A0905_001...
ForkPoolWorker-1: Calling delphi to calculate conformer GLU01A0906_001 in /tmp/pbe_data.data.home.granepura.5-kinases.cof_tpl_mg.run_kin.4I22_GLU01A0906_001
ForkPoolWorker-1: Calling delphi to calculate conformer GLU01A0906_002 in /tmp/pbe_data.data.home.granepura.5-kinases.cof_tpl_mg.run_kin.4I22_GLU01A0906_002
ForkPoolWorker-1: Calling delphi to calculate conformer GLU02A0906_003 in /tmp/pbe_data.data.home.granepura.5-kinases.cof_tpl_mg.run_kin.4I22_GLU02A0906_003
ForkPoolWorker-1: Calling delphi to calculate conformer GLU02A0906_004 in /tmp/pbe_data.data.home.granepura.5-kinases.cof_tpl_mg.run_kin.4I22_GLU02A0906_004
ForkPoolWorker-1: Calling delphi to calculate conformer GLU-1A0906_005 in /tmp/pbe_data.data.home.granepura.5-kinases.cof_tpl_mg.run_kin.4I22_GLU-1A0906_005
Skipping PBE solver for non-charge conformer LEU01A0907_001...
ForkPoolWorker-1: Calling delphi to calculate conformer MET01A0908_001 in /tmp/pbe_data.data.home.granepura.5-kinases.cof_tpl_mg.run_kin.4I22_MET01A0908_001
ForkPoolWorker-1: Calling delphi to calculate conformer THR01A0909_001 in /tmp/pbe_data.data.home.granepura.5-kinases.cof_tpl_mg.run_kin.4I22_THR01A0909_001
ForkPoolWorker-1: Calling delphi to calculate conformer THR01A0909_002 in /tmp/pbe_data.data.home.granepura.5-kinases.cof_tpl_mg.run_kin.4I22_THR01A0909_002
Skipping PBE solver for non-charge conformer PHE01A0910_001...
ForkPoolWorker-1: Calling delphi to calculate conformer SER01A0912_001 in /tmp/pbe_data.data.home.granepura.5-kinases.cof_tpl_mg.run_kin.4I22_SER01A0912_001
ForkPoolWorker-1: Calling delphi to calculate conformer LYS01A0913_001 in /tmp/pbe_data.data.home.granepura.5-kinases.cof_tpl_mg.run_kin.4I22_LYS01A0913_001
ForkPoolWorker-1: Calling delphi to calculate conformer LYS+1A0913_002 in /tmp/pbe_data.data.home.granepura.5-kinases.cof_tpl_mg.run_kin.4I22_LYS+1A0913_002
Skipping PBE solver for non-charge conformer PRO01A0914_001...
ForkPoolWorker-1: Calling delphi to calculate conformer TYR01A0915_001 in /tmp/pbe_data.data.home.granepura.5-kinases.cof_tpl_mg.run_kin.4I22_TYR01A0915_001
ForkPoolWorker-1: Calling delphi to calculate conformer TYR-1A0915_002 in /tmp/pbe_data.data.home.granepura.5-kinases.cof_tpl_mg.run_kin.4I22_TYR-1A0915_002
ForkPoolWorker-1: Calling delphi to calculate conformer ASP01A0916_001 in /tmp/pbe_data.data.home.granepura.5-kinases.cof_tpl_mg.run_kin.4I22_ASP01A0916_001
ForkPoolWorker-1: Calling delphi to calculate conformer ASP01A0916_002 in /tmp/pbe_data.data.home.granepura.5-kinases.cof_tpl_mg.run_kin.4I22_ASP01A0916_002
ForkPoolWorker-1: Calling delphi to calculate conformer ASP02A0916_003 in /tmp/pbe_data.data.home.granepura.5-kinases.cof_tpl_mg.run_kin.4I22_ASP02A0916_003
ForkPoolWorker-1: Calling delphi to calculate conformer ASP02A0916_004 in /tmp/pbe_data.data.home.granepura.5-kinases.cof_tpl_mg.run_kin.4I22_ASP02A0916_004
ForkPoolWorker-1: Calling delphi to calculate conformer ASP-1A0916_005 in /tmp/pbe_data.data.home.granepura.5-kinases.cof_tpl_mg.run_kin.4I22_ASP-1A0916_005
Skipping PBE solver for non-charge conformer ILE01A0918_001...
Skipping PBE solver for non-charge conformer PRO01A0919_001...
Skipping PBE solver for non-charge conformer ALA01A0920_001...
ForkPoolWorker-1: Calling delphi to calculate conformer SER01A0921_001 in /tmp/pbe_data.data.home.granepura.5-kinases.cof_tpl_mg.run_kin.4I22_SER01A0921_001
ForkPoolWorker-1: Calling delphi to calculate conformer GLU01A0922_001 in /tmp/pbe_data.data.home.granepura.5-kinases.cof_tpl_mg.run_kin.4I22_GLU01A0922_001
ForkPoolWorker-1: Calling delphi to calculate conformer GLU01A0922_002 in /tmp/pbe_data.data.home.granepura.5-kinases.cof_tpl_mg.run_kin.4I22_GLU01A0922_002
ForkPoolWorker-1: Calling delphi to calculate conformer GLU02A0922_003 in /tmp/pbe_data.data.home.granepura.5-kinases.cof_tpl_mg.run_kin.4I22_GLU02A0922_003
ForkPoolWorker-1: Calling delphi to calculate conformer GLU02A0922_004 in /tmp/pbe_data.data.home.granepura.5-kinases.cof_tpl_mg.run_kin.4I22_GLU02A0922_004
ForkPoolWorker-1: Calling delphi to calculate conformer GLU-1A0922_005 in /tmp/pbe_data.data.home.granepura.5-kinases.cof_tpl_mg.run_kin.4I22_GLU-1A0922_005
Skipping PBE solver for non-charge conformer ILE01A0923_001...
ForkPoolWorker-1: Calling delphi to calculate conformer SER01A0924_001 in /tmp/pbe_data.data.home.granepura.5-kinases.cof_tpl_mg.run_kin.4I22_SER01A0924_001
ForkPoolWorker-1: Calling delphi to calculate conformer SER01A0924_002 in /tmp/pbe_data.data.home.granepura.5-kinases.cof_tpl_mg.run_kin.4I22_SER01A0924_002
ForkPoolWorker-1: Calling delphi to calculate conformer SER01A0925_001 in /tmp/pbe_data.data.home.granepura.5-kinases.cof_tpl_mg.run_kin.4I22_SER01A0925_001
Skipping PBE solver for non-charge conformer ILE01A0926_001...
Skipping PBE solver for non-charge conformer LEU01A0927_001...
ForkPoolWorker-1: Calling delphi to calculate conformer GLU01A0928_001 in /tmp/pbe_data.data.home.granepura.5-kinases.cof_tpl_mg.run_kin.4I22_GLU01A0928_001
ForkPoolWorker-1: Calling delphi to calculate conformer GLU01A0928_002 in /tmp/pbe_data.data.home.granepura.5-kinases.cof_tpl_mg.run_kin.4I22_GLU01A0928_002
ForkPoolWorker-1: Calling delphi to calculate conformer GLU02A0928_003 in /tmp/pbe_data.data.home.granepura.5-kinases.cof_tpl_mg.run_kin.4I22_GLU02A0928_003
ForkPoolWorker-1: Calling delphi to calculate conformer GLU02A0928_004 in /tmp/pbe_data.data.home.granepura.5-kinases.cof_tpl_mg.run_kin.4I22_GLU02A0928_004
ForkPoolWorker-1: Calling delphi to calculate conformer GLU-1A0928_005 in /tmp/pbe_data.data.home.granepura.5-kinases.cof_tpl_mg.run_kin.4I22_GLU-1A0928_005
ForkPoolWorker-1: Calling delphi to calculate conformer LYS01A0929_001 in /tmp/pbe_data.data.home.granepura.5-kinases.cof_tpl_mg.run_kin.4I22_LYS01A0929_001
ForkPoolWorker-1: Calling delphi to calculate conformer LYS+1A0929_002 in /tmp/pbe_data.data.home.granepura.5-kinases.cof_tpl_mg.run_kin.4I22_LYS+1A0929_002
ForkPoolWorker-1: Calling delphi to calculate conformer GLU01A0931_001 in /tmp/pbe_data.data.home.granepura.5-kinases.cof_tpl_mg.run_kin.4I22_GLU01A0931_001
ForkPoolWorker-1: Calling delphi to calculate conformer GLU01A0931_002 in /tmp/pbe_data.data.home.granepura.5-kinases.cof_tpl_mg.run_kin.4I22_GLU01A0931_002
ForkPoolWorker-1: Calling delphi to calculate conformer GLU02A0931_003 in /tmp/pbe_data.data.home.granepura.5-kinases.cof_tpl_mg.run_kin.4I22_GLU02A0931_003
ForkPoolWorker-1: Calling delphi to calculate conformer GLU02A0931_004 in /tmp/pbe_data.data.home.granepura.5-kinases.cof_tpl_mg.run_kin.4I22_GLU02A0931_004
ForkPoolWorker-1: Calling delphi to calculate conformer GLU-1A0931_005 in /tmp/pbe_data.data.home.granepura.5-kinases.cof_tpl_mg.run_kin.4I22_GLU-1A0931_005
ForkPoolWorker-1: Calling delphi to calculate conformer ARG01A0932_001 in /tmp/pbe_data.data.home.granepura.5-kinases.cof_tpl_mg.run_kin.4I22_ARG01A0932_001
ForkPoolWorker-1: Calling delphi to calculate conformer ARG02A0932_002 in /tmp/pbe_data.data.home.granepura.5-kinases.cof_tpl_mg.run_kin.4I22_ARG02A0932_002
ForkPoolWorker-1: Calling delphi to calculate conformer ARG03A0932_003 in /tmp/pbe_data.data.home.granepura.5-kinases.cof_tpl_mg.run_kin.4I22_ARG03A0932_003
ForkPoolWorker-1: Calling delphi to calculate conformer ARG+1A0932_004 in /tmp/pbe_data.data.home.granepura.5-kinases.cof_tpl_mg.run_kin.4I22_ARG+1A0932_004
Skipping PBE solver for non-charge conformer LEU01A0933_001...
Skipping PBE solver for non-charge conformer PRO01A0934_001...
ForkPoolWorker-1: Calling delphi to calculate conformer GLN01A0935_001 in /tmp/pbe_data.data.home.granepura.5-kinases.cof_tpl_mg.run_kin.4I22_GLN01A0935_001
ForkPoolWorker-1: Calling delphi to calculate conformer GLN01A0935_002 in /tmp/pbe_data.data.home.granepura.5-kinases.cof_tpl_mg.run_kin.4I22_GLN01A0935_002
Skipping PBE solver for non-charge conformer PRO01A0936_001...
Skipping PBE solver for non-charge conformer PRO01A0937_001...
Skipping PBE solver for non-charge conformer ILE01A0938_001...
ForkPoolWorker-1: Calling delphi to calculate conformer CYS01A0939_001 in /tmp/pbe_data.data.home.granepura.5-kinases.cof_tpl_mg.run_kin.4I22_CYS01A0939_001
ForkPoolWorker-1: Calling delphi to calculate conformer CYS01A0939_002 in /tmp/pbe_data.data.home.granepura.5-kinases.cof_tpl_mg.run_kin.4I22_CYS01A0939_002
ForkPoolWorker-1: Calling delphi to calculate conformer CYS01A0939_003 in /tmp/pbe_data.data.home.granepura.5-kinases.cof_tpl_mg.run_kin.4I22_CYS01A0939_003
ForkPoolWorker-1: Calling delphi to calculate conformer CYS-1A0939_004 in /tmp/pbe_data.data.home.granepura.5-kinases.cof_tpl_mg.run_kin.4I22_CYS-1A0939_004
ForkPoolWorker-1: Calling delphi to calculate conformer THR01A0940_001 in /tmp/pbe_data.data.home.granepura.5-kinases.cof_tpl_mg.run_kin.4I22_THR01A0940_001
ForkPoolWorker-1: Calling delphi to calculate conformer THR01A0940_002 in /tmp/pbe_data.data.home.granepura.5-kinases.cof_tpl_mg.run_kin.4I22_THR01A0940_002
Skipping PBE solver for non-charge conformer ILE01A0941_001...
ForkPoolWorker-1: Calling delphi to calculate conformer ASP01A0942_001 in /tmp/pbe_data.data.home.granepura.5-kinases.cof_tpl_mg.run_kin.4I22_ASP01A0942_001
ForkPoolWorker-1: Calling delphi to calculate conformer ASP01A0942_002 in /tmp/pbe_data.data.home.granepura.5-kinases.cof_tpl_mg.run_kin.4I22_ASP01A0942_002
ForkPoolWorker-1: Calling delphi to calculate conformer ASP02A0942_003 in /tmp/pbe_data.data.home.granepura.5-kinases.cof_tpl_mg.run_kin.4I22_ASP02A0942_003
ForkPoolWorker-1: Calling delphi to calculate conformer ASP02A0942_004 in /tmp/pbe_data.data.home.granepura.5-kinases.cof_tpl_mg.run_kin.4I22_ASP02A0942_004
ForkPoolWorker-1: Calling delphi to calculate conformer ASP-1A0942_005 in /tmp/pbe_data.data.home.granepura.5-kinases.cof_tpl_mg.run_kin.4I22_ASP-1A0942_005
Skipping PBE solver for non-charge conformer VAL01A0943_001...
ForkPoolWorker-1: Calling delphi to calculate conformer TYR01A0944_001 in /tmp/pbe_data.data.home.granepura.5-kinases.cof_tpl_mg.run_kin.4I22_TYR01A0944_001
ForkPoolWorker-1: Calling delphi to calculate conformer TYR01A0944_002 in /tmp/pbe_data.data.home.granepura.5-kinases.cof_tpl_mg.run_kin.4I22_TYR01A0944_002
ForkPoolWorker-1: Calling delphi to calculate conformer TYR-1A0944_003 in /tmp/pbe_data.data.home.granepura.5-kinases.cof_tpl_mg.run_kin.4I22_TYR-1A0944_003
ForkPoolWorker-1: Calling delphi to calculate conformer MET01A0945_001 in /tmp/pbe_data.data.home.granepura.5-kinases.cof_tpl_mg.run_kin.4I22_MET01A0945_001
Skipping PBE solver for non-charge conformer ILE01A0946_001...
ForkPoolWorker-1: Calling delphi to calculate conformer MET01A0947_001 in /tmp/pbe_data.data.home.granepura.5-kinases.cof_tpl_mg.run_kin.4I22_MET01A0947_001
ForkPoolWorker-1: Calling delphi to calculate conformer ARG01A0948_001 in /tmp/pbe_data.data.home.granepura.5-kinases.cof_tpl_mg.run_kin.4I22_ARG01A0948_001
ForkPoolWorker-1: Calling delphi to calculate conformer ARG02A0948_002 in /tmp/pbe_data.data.home.granepura.5-kinases.cof_tpl_mg.run_kin.4I22_ARG02A0948_002
ForkPoolWorker-1: Calling delphi to calculate conformer ARG02A0948_003 in /tmp/pbe_data.data.home.granepura.5-kinases.cof_tpl_mg.run_kin.4I22_ARG02A0948_003
ForkPoolWorker-1: Calling delphi to calculate conformer ARG03A0948_004 in /tmp/pbe_data.data.home.granepura.5-kinases.cof_tpl_mg.run_kin.4I22_ARG03A0948_004
ForkPoolWorker-1: Calling delphi to calculate conformer ARG+1A0948_005 in /tmp/pbe_data.data.home.granepura.5-kinases.cof_tpl_mg.run_kin.4I22_ARG+1A0948_005
ForkPoolWorker-1: Calling delphi to calculate conformer LYS01A0949_001 in /tmp/pbe_data.data.home.granepura.5-kinases.cof_tpl_mg.run_kin.4I22_LYS01A0949_001
ForkPoolWorker-1: Calling delphi to calculate conformer LYS+1A0949_002 in /tmp/pbe_data.data.home.granepura.5-kinases.cof_tpl_mg.run_kin.4I22_LYS+1A0949_002
ForkPoolWorker-1: Calling delphi to calculate conformer CYS01A0950_001 in /tmp/pbe_data.data.home.granepura.5-kinases.cof_tpl_mg.run_kin.4I22_CYS01A0950_001
ForkPoolWorker-1: Calling delphi to calculate conformer CYS01A0950_002 in /tmp/pbe_data.data.home.granepura.5-kinases.cof_tpl_mg.run_kin.4I22_CYS01A0950_002
ForkPoolWorker-1: Calling delphi to calculate conformer CYS01A0950_003 in /tmp/pbe_data.data.home.granepura.5-kinases.cof_tpl_mg.run_kin.4I22_CYS01A0950_003
ForkPoolWorker-1: Calling delphi to calculate conformer CYS-1A0950_004 in /tmp/pbe_data.data.home.granepura.5-kinases.cof_tpl_mg.run_kin.4I22_CYS-1A0950_004
Skipping PBE solver for non-charge conformer TRP01A0951_001...
ForkPoolWorker-1: Calling delphi to calculate conformer MET01A0952_001 in /tmp/pbe_data.data.home.granepura.5-kinases.cof_tpl_mg.run_kin.4I22_MET01A0952_001
Skipping PBE solver for non-charge conformer ILE01A0953_001...
ForkPoolWorker-1: Calling delphi to calculate conformer ASP01A0954_001 in /tmp/pbe_data.data.home.granepura.5-kinases.cof_tpl_mg.run_kin.4I22_ASP01A0954_001
ForkPoolWorker-1: Calling delphi to calculate conformer ASP01A0954_002 in /tmp/pbe_data.data.home.granepura.5-kinases.cof_tpl_mg.run_kin.4I22_ASP01A0954_002
ForkPoolWorker-1: Calling delphi to calculate conformer ASP02A0954_003 in /tmp/pbe_data.data.home.granepura.5-kinases.cof_tpl_mg.run_kin.4I22_ASP02A0954_003
ForkPoolWorker-1: Calling delphi to calculate conformer ASP02A0954_004 in /tmp/pbe_data.data.home.granepura.5-kinases.cof_tpl_mg.run_kin.4I22_ASP02A0954_004
ForkPoolWorker-1: Calling delphi to calculate conformer ASP-1A0954_005 in /tmp/pbe_data.data.home.granepura.5-kinases.cof_tpl_mg.run_kin.4I22_ASP-1A0954_005
Skipping PBE solver for non-charge conformer ALA01A0955_001...
ForkPoolWorker-1: Calling delphi to calculate conformer ASP01A0956_001 in /tmp/pbe_data.data.home.granepura.5-kinases.cof_tpl_mg.run_kin.4I22_ASP01A0956_001
ForkPoolWorker-1: Calling delphi to calculate conformer ASP01A0956_002 in /tmp/pbe_data.data.home.granepura.5-kinases.cof_tpl_mg.run_kin.4I22_ASP01A0956_002
ForkPoolWorker-1: Calling delphi to calculate conformer ASP02A0956_003 in /tmp/pbe_data.data.home.granepura.5-kinases.cof_tpl_mg.run_kin.4I22_ASP02A0956_003
ForkPoolWorker-1: Calling delphi to calculate conformer ASP02A0956_004 in /tmp/pbe_data.data.home.granepura.5-kinases.cof_tpl_mg.run_kin.4I22_ASP02A0956_004
ForkPoolWorker-1: Calling delphi to calculate conformer ASP-1A0956_005 in /tmp/pbe_data.data.home.granepura.5-kinases.cof_tpl_mg.run_kin.4I22_ASP-1A0956_005
ForkPoolWorker-1: Calling delphi to calculate conformer SER01A0957_001 in /tmp/pbe_data.data.home.granepura.5-kinases.cof_tpl_mg.run_kin.4I22_SER01A0957_001
ForkPoolWorker-1: Calling delphi to calculate conformer SER01A0957_002 in /tmp/pbe_data.data.home.granepura.5-kinases.cof_tpl_mg.run_kin.4I22_SER01A0957_002
ForkPoolWorker-1: Calling delphi to calculate conformer ARG01A0958_001 in /tmp/pbe_data.data.home.granepura.5-kinases.cof_tpl_mg.run_kin.4I22_ARG01A0958_001
ForkPoolWorker-1: Calling delphi to calculate conformer ARG02A0958_002 in /tmp/pbe_data.data.home.granepura.5-kinases.cof_tpl_mg.run_kin.4I22_ARG02A0958_002
ForkPoolWorker-1: Calling delphi to calculate conformer ARG02A0958_003 in /tmp/pbe_data.data.home.granepura.5-kinases.cof_tpl_mg.run_kin.4I22_ARG02A0958_003
ForkPoolWorker-1: Calling delphi to calculate conformer ARG03A0958_004 in /tmp/pbe_data.data.home.granepura.5-kinases.cof_tpl_mg.run_kin.4I22_ARG03A0958_004
ForkPoolWorker-1: Calling delphi to calculate conformer ARG03A0958_005 in /tmp/pbe_data.data.home.granepura.5-kinases.cof_tpl_mg.run_kin.4I22_ARG03A0958_005
ForkPoolWorker-1: Calling delphi to calculate conformer ARG+1A0958_006 in /tmp/pbe_data.data.home.granepura.5-kinases.cof_tpl_mg.run_kin.4I22_ARG+1A0958_006
Skipping PBE solver for non-charge conformer PRO01A0959_001...
ForkPoolWorker-1: Calling delphi to calculate conformer LYS01A0960_001 in /tmp/pbe_data.data.home.granepura.5-kinases.cof_tpl_mg.run_kin.4I22_LYS01A0960_001
ForkPoolWorker-1: Calling delphi to calculate conformer LYS+1A0960_002 in /tmp/pbe_data.data.home.granepura.5-kinases.cof_tpl_mg.run_kin.4I22_LYS+1A0960_002
Skipping PBE solver for non-charge conformer PHE01A0961_001...
ForkPoolWorker-1: Calling delphi to calculate conformer ARG01A0962_001 in /tmp/pbe_data.data.home.granepura.5-kinases.cof_tpl_mg.run_kin.4I22_ARG01A0962_001
ForkPoolWorker-1: Calling delphi to calculate conformer ARG02A0962_002 in /tmp/pbe_data.data.home.granepura.5-kinases.cof_tpl_mg.run_kin.4I22_ARG02A0962_002
ForkPoolWorker-1: Calling delphi to calculate conformer ARG03A0962_003 in /tmp/pbe_data.data.home.granepura.5-kinases.cof_tpl_mg.run_kin.4I22_ARG03A0962_003
ForkPoolWorker-1: Calling delphi to calculate conformer ARG+1A0962_004 in /tmp/pbe_data.data.home.granepura.5-kinases.cof_tpl_mg.run_kin.4I22_ARG+1A0962_004
ForkPoolWorker-1: Calling delphi to calculate conformer GLU01A0963_001 in /tmp/pbe_data.data.home.granepura.5-kinases.cof_tpl_mg.run_kin.4I22_GLU01A0963_001
ForkPoolWorker-1: Calling delphi to calculate conformer GLU01A0963_002 in /tmp/pbe_data.data.home.granepura.5-kinases.cof_tpl_mg.run_kin.4I22_GLU01A0963_002
ForkPoolWorker-1: Calling delphi to calculate conformer GLU02A0963_003 in /tmp/pbe_data.data.home.granepura.5-kinases.cof_tpl_mg.run_kin.4I22_GLU02A0963_003
ForkPoolWorker-1: Calling delphi to calculate conformer GLU02A0963_004 in /tmp/pbe_data.data.home.granepura.5-kinases.cof_tpl_mg.run_kin.4I22_GLU02A0963_004
ForkPoolWorker-1: Calling delphi to calculate conformer GLU-1A0963_005 in /tmp/pbe_data.data.home.granepura.5-kinases.cof_tpl_mg.run_kin.4I22_GLU-1A0963_005
Skipping PBE solver for non-charge conformer LEU01A0964_001...
Skipping PBE solver for non-charge conformer ILE01A0965_001...
Skipping PBE solver for non-charge conformer ILE01A0966_001...
ForkPoolWorker-1: Calling delphi to calculate conformer GLU01A0967_001 in /tmp/pbe_data.data.home.granepura.5-kinases.cof_tpl_mg.run_kin.4I22_GLU01A0967_001
ForkPoolWorker-1: Calling delphi to calculate conformer GLU01A0967_002 in /tmp/pbe_data.data.home.granepura.5-kinases.cof_tpl_mg.run_kin.4I22_GLU01A0967_002
ForkPoolWorker-1: Calling delphi to calculate conformer GLU02A0967_003 in /tmp/pbe_data.data.home.granepura.5-kinases.cof_tpl_mg.run_kin.4I22_GLU02A0967_003
ForkPoolWorker-1: Calling delphi to calculate conformer GLU02A0967_004 in /tmp/pbe_data.data.home.granepura.5-kinases.cof_tpl_mg.run_kin.4I22_GLU02A0967_004
ForkPoolWorker-1: Calling delphi to calculate conformer GLU-1A0967_005 in /tmp/pbe_data.data.home.granepura.5-kinases.cof_tpl_mg.run_kin.4I22_GLU-1A0967_005
Skipping PBE solver for non-charge conformer PHE01A0968_001...
ForkPoolWorker-1: Calling delphi to calculate conformer SER01A0969_001 in /tmp/pbe_data.data.home.granepura.5-kinases.cof_tpl_mg.run_kin.4I22_SER01A0969_001
ForkPoolWorker-1: Calling delphi to calculate conformer SER01A0969_002 in /tmp/pbe_data.data.home.granepura.5-kinases.cof_tpl_mg.run_kin.4I22_SER01A0969_002
ForkPoolWorker-1: Calling delphi to calculate conformer LYS01A0970_001 in /tmp/pbe_data.data.home.granepura.5-kinases.cof_tpl_mg.run_kin.4I22_LYS01A0970_001
ForkPoolWorker-1: Calling delphi to calculate conformer LYS+1A0970_002 in /tmp/pbe_data.data.home.granepura.5-kinases.cof_tpl_mg.run_kin.4I22_LYS+1A0970_002
ForkPoolWorker-1: Calling delphi to calculate conformer MET01A0971_001 in /tmp/pbe_data.data.home.granepura.5-kinases.cof_tpl_mg.run_kin.4I22_MET01A0971_001
Skipping PBE solver for non-charge conformer ALA01A0972_001...
ForkPoolWorker-1: Calling delphi to calculate conformer ARG01A0973_001 in /tmp/pbe_data.data.home.granepura.5-kinases.cof_tpl_mg.run_kin.4I22_ARG01A0973_001
ForkPoolWorker-1: Calling delphi to calculate conformer ARG02A0973_002 in /tmp/pbe_data.data.home.granepura.5-kinases.cof_tpl_mg.run_kin.4I22_ARG02A0973_002
ForkPoolWorker-1: Calling delphi to calculate conformer ARG03A0973_003 in /tmp/pbe_data.data.home.granepura.5-kinases.cof_tpl_mg.run_kin.4I22_ARG03A0973_003
ForkPoolWorker-1: Calling delphi to calculate conformer ARG+1A0973_004 in /tmp/pbe_data.data.home.granepura.5-kinases.cof_tpl_mg.run_kin.4I22_ARG+1A0973_004
ForkPoolWorker-1: Calling delphi to calculate conformer ASP01A0974_001 in /tmp/pbe_data.data.home.granepura.5-kinases.cof_tpl_mg.run_kin.4I22_ASP01A0974_001
ForkPoolWorker-1: Calling delphi to calculate conformer ASP01A0974_002 in /tmp/pbe_data.data.home.granepura.5-kinases.cof_tpl_mg.run_kin.4I22_ASP01A0974_002
ForkPoolWorker-1: Calling delphi to calculate conformer ASP02A0974_003 in /tmp/pbe_data.data.home.granepura.5-kinases.cof_tpl_mg.run_kin.4I22_ASP02A0974_003
ForkPoolWorker-1: Calling delphi to calculate conformer ASP02A0974_004 in /tmp/pbe_data.data.home.granepura.5-kinases.cof_tpl_mg.run_kin.4I22_ASP02A0974_004
ForkPoolWorker-1: Calling delphi to calculate conformer ASP-1A0974_005 in /tmp/pbe_data.data.home.granepura.5-kinases.cof_tpl_mg.run_kin.4I22_ASP-1A0974_005
Skipping PBE solver for non-charge conformer PRO01A0975_001...
ForkPoolWorker-1: Calling delphi to calculate conformer GLN01A0976_001 in /tmp/pbe_data.data.home.granepura.5-kinases.cof_tpl_mg.run_kin.4I22_GLN01A0976_001
ForkPoolWorker-1: Calling delphi to calculate conformer GLN01A0976_002 in /tmp/pbe_data.data.home.granepura.5-kinases.cof_tpl_mg.run_kin.4I22_GLN01A0976_002
ForkPoolWorker-1: Calling delphi to calculate conformer ARG01A0977_001 in /tmp/pbe_data.data.home.granepura.5-kinases.cof_tpl_mg.run_kin.4I22_ARG01A0977_001
ForkPoolWorker-1: Calling delphi to calculate conformer ARG02A0977_002 in /tmp/pbe_data.data.home.granepura.5-kinases.cof_tpl_mg.run_kin.4I22_ARG02A0977_002
ForkPoolWorker-1: Calling delphi to calculate conformer ARG03A0977_003 in /tmp/pbe_data.data.home.granepura.5-kinases.cof_tpl_mg.run_kin.4I22_ARG03A0977_003
ForkPoolWorker-1: Calling delphi to calculate conformer ARG03A0977_004 in /tmp/pbe_data.data.home.granepura.5-kinases.cof_tpl_mg.run_kin.4I22_ARG03A0977_004
ForkPoolWorker-1: Calling delphi to calculate conformer ARG+1A0977_005 in /tmp/pbe_data.data.home.granepura.5-kinases.cof_tpl_mg.run_kin.4I22_ARG+1A0977_005
ForkPoolWorker-1: Calling delphi to calculate conformer TYR01A0978_001 in /tmp/pbe_data.data.home.granepura.5-kinases.cof_tpl_mg.run_kin.4I22_TYR01A0978_001
ForkPoolWorker-1: Calling delphi to calculate conformer TYR01A0978_002 in /tmp/pbe_data.data.home.granepura.5-kinases.cof_tpl_mg.run_kin.4I22_TYR01A0978_002
ForkPoolWorker-1: Calling delphi to calculate conformer TYR-1A0978_003 in /tmp/pbe_data.data.home.granepura.5-kinases.cof_tpl_mg.run_kin.4I22_TYR-1A0978_003
Skipping PBE solver for non-charge conformer LEU01A0979_001...
Skipping PBE solver for non-charge conformer VAL01A0980_001...
Skipping PBE solver for non-charge conformer ILE01A0981_001...
ForkPoolWorker-1: Calling delphi to calculate conformer GLN01A0982_001 in /tmp/pbe_data.data.home.granepura.5-kinases.cof_tpl_mg.run_kin.4I22_GLN01A0982_001
ForkPoolWorker-1: Calling delphi to calculate conformer GLN01A0982_002 in /tmp/pbe_data.data.home.granepura.5-kinases.cof_tpl_mg.run_kin.4I22_GLN01A0982_002
ForkPoolWorker-1: Calling delphi to calculate conformer ASP01A0984_001 in /tmp/pbe_data.data.home.granepura.5-kinases.cof_tpl_mg.run_kin.4I22_ASP01A0984_001
ForkPoolWorker-1: Calling delphi to calculate conformer ASP01A0984_002 in /tmp/pbe_data.data.home.granepura.5-kinases.cof_tpl_mg.run_kin.4I22_ASP01A0984_002
ForkPoolWorker-1: Calling delphi to calculate conformer ASP02A0984_003 in /tmp/pbe_data.data.home.granepura.5-kinases.cof_tpl_mg.run_kin.4I22_ASP02A0984_003
ForkPoolWorker-1: Calling delphi to calculate conformer ASP02A0984_004 in /tmp/pbe_data.data.home.granepura.5-kinases.cof_tpl_mg.run_kin.4I22_ASP02A0984_004
ForkPoolWorker-1: Calling delphi to calculate conformer ASP02A0984_005 in /tmp/pbe_data.data.home.granepura.5-kinases.cof_tpl_mg.run_kin.4I22_ASP02A0984_005
ForkPoolWorker-1: Calling delphi to calculate conformer ASP-1A0984_006 in /tmp/pbe_data.data.home.granepura.5-kinases.cof_tpl_mg.run_kin.4I22_ASP-1A0984_006
ForkPoolWorker-1: Calling delphi to calculate conformer GLU01A0985_001 in /tmp/pbe_data.data.home.granepura.5-kinases.cof_tpl_mg.run_kin.4I22_GLU01A0985_001
ForkPoolWorker-1: Calling delphi to calculate conformer GLU01A0985_002 in /tmp/pbe_data.data.home.granepura.5-kinases.cof_tpl_mg.run_kin.4I22_GLU01A0985_002
ForkPoolWorker-1: Calling delphi to calculate conformer GLU02A0985_003 in /tmp/pbe_data.data.home.granepura.5-kinases.cof_tpl_mg.run_kin.4I22_GLU02A0985_003
ForkPoolWorker-1: Calling delphi to calculate conformer GLU02A0985_004 in /tmp/pbe_data.data.home.granepura.5-kinases.cof_tpl_mg.run_kin.4I22_GLU02A0985_004
ForkPoolWorker-1: Calling delphi to calculate conformer GLU-1A0985_005 in /tmp/pbe_data.data.home.granepura.5-kinases.cof_tpl_mg.run_kin.4I22_GLU-1A0985_005
ForkPoolWorker-1: Calling delphi to calculate conformer ARG01A0986_001 in /tmp/pbe_data.data.home.granepura.5-kinases.cof_tpl_mg.run_kin.4I22_ARG01A0986_001
ForkPoolWorker-1: Calling delphi to calculate conformer ARG02A0986_002 in /tmp/pbe_data.data.home.granepura.5-kinases.cof_tpl_mg.run_kin.4I22_ARG02A0986_002
ForkPoolWorker-1: Calling delphi to calculate conformer ARG03A0986_003 in /tmp/pbe_data.data.home.granepura.5-kinases.cof_tpl_mg.run_kin.4I22_ARG03A0986_003
ForkPoolWorker-1: Calling delphi to calculate conformer ARG+1A0986_004 in /tmp/pbe_data.data.home.granepura.5-kinases.cof_tpl_mg.run_kin.4I22_ARG+1A0986_004
ForkPoolWorker-1: Calling delphi to calculate conformer MET01A0987_001 in /tmp/pbe_data.data.home.granepura.5-kinases.cof_tpl_mg.run_kin.4I22_MET01A0987_001
ForkPoolWorker-1: Calling delphi to calculate conformer HIS01A0988_001 in /tmp/pbe_data.data.home.granepura.5-kinases.cof_tpl_mg.run_kin.4I22_HIS01A0988_001
ForkPoolWorker-1: Calling delphi to calculate conformer HIS02A0988_002 in /tmp/pbe_data.data.home.granepura.5-kinases.cof_tpl_mg.run_kin.4I22_HIS02A0988_002
ForkPoolWorker-1: Calling delphi to calculate conformer HIS+1A0988_003 in /tmp/pbe_data.data.home.granepura.5-kinases.cof_tpl_mg.run_kin.4I22_HIS+1A0988_003
Skipping PBE solver for non-charge conformer LEU01A0989_001...
Skipping PBE solver for non-charge conformer PRO01A0990_001...
ForkPoolWorker-1: Calling delphi to calculate conformer SER01A0991_001 in /tmp/pbe_data.data.home.granepura.5-kinases.cof_tpl_mg.run_kin.4I22_SER01A0991_001
ForkPoolWorker-1: Calling delphi to calculate conformer SER01A0991_002 in /tmp/pbe_data.data.home.granepura.5-kinases.cof_tpl_mg.run_kin.4I22_SER01A0991_002
ForkPoolWorker-1: Calling delphi to calculate conformer SER01A0991_003 in /tmp/pbe_data.data.home.granepura.5-kinases.cof_tpl_mg.run_kin.4I22_SER01A0991_003
Skipping PBE solver for non-charge conformer PRO01A0992_001...
ForkPoolWorker-1: Calling delphi to calculate conformer THR01A0993_001 in /tmp/pbe_data.data.home.granepura.5-kinases.cof_tpl_mg.run_kin.4I22_THR01A0993_001
ForkPoolWorker-1: Calling delphi to calculate conformer THR01A0993_002 in /tmp/pbe_data.data.home.granepura.5-kinases.cof_tpl_mg.run_kin.4I22_THR01A0993_002
ForkPoolWorker-1: Calling delphi to calculate conformer ASP01A0994_001 in /tmp/pbe_data.data.home.granepura.5-kinases.cof_tpl_mg.run_kin.4I22_ASP01A0994_001
ForkPoolWorker-1: Calling delphi to calculate conformer ASP01A0994_002 in /tmp/pbe_data.data.home.granepura.5-kinases.cof_tpl_mg.run_kin.4I22_ASP01A0994_002
ForkPoolWorker-1: Calling delphi to calculate conformer ASP02A0994_003 in /tmp/pbe_data.data.home.granepura.5-kinases.cof_tpl_mg.run_kin.4I22_ASP02A0994_003
ForkPoolWorker-1: Calling delphi to calculate conformer ASP02A0994_004 in /tmp/pbe_data.data.home.granepura.5-kinases.cof_tpl_mg.run_kin.4I22_ASP02A0994_004
ForkPoolWorker-1: Calling delphi to calculate conformer ASP-1A0994_005 in /tmp/pbe_data.data.home.granepura.5-kinases.cof_tpl_mg.run_kin.4I22_ASP-1A0994_005
ForkPoolWorker-1: Calling delphi to calculate conformer SER01A0995_001 in /tmp/pbe_data.data.home.granepura.5-kinases.cof_tpl_mg.run_kin.4I22_SER01A0995_001
ForkPoolWorker-1: Calling delphi to calculate conformer ASN01A0996_001 in /tmp/pbe_data.data.home.granepura.5-kinases.cof_tpl_mg.run_kin.4I22_ASN01A0996_001
ForkPoolWorker-1: Calling delphi to calculate conformer ASN01A0996_002 in /tmp/pbe_data.data.home.granepura.5-kinases.cof_tpl_mg.run_kin.4I22_ASN01A0996_002
Skipping PBE solver for non-charge conformer PHE01A0997_001...
ForkPoolWorker-1: Calling delphi to calculate conformer TYR01A0998_001 in /tmp/pbe_data.data.home.granepura.5-kinases.cof_tpl_mg.run_kin.4I22_TYR01A0998_001
ForkPoolWorker-1: Calling delphi to calculate conformer TYR-1A0998_002 in /tmp/pbe_data.data.home.granepura.5-kinases.cof_tpl_mg.run_kin.4I22_TYR-1A0998_002
ForkPoolWorker-1: Calling delphi to calculate conformer ARG01A0999_001 in /tmp/pbe_data.data.home.granepura.5-kinases.cof_tpl_mg.run_kin.4I22_ARG01A0999_001
ForkPoolWorker-1: Calling delphi to calculate conformer ARG02A0999_002 in /tmp/pbe_data.data.home.granepura.5-kinases.cof_tpl_mg.run_kin.4I22_ARG02A0999_002
ForkPoolWorker-1: Calling delphi to calculate conformer ARG03A0999_003 in /tmp/pbe_data.data.home.granepura.5-kinases.cof_tpl_mg.run_kin.4I22_ARG03A0999_003
ForkPoolWorker-1: Calling delphi to calculate conformer ARG03A0999_004 in /tmp/pbe_data.data.home.granepura.5-kinases.cof_tpl_mg.run_kin.4I22_ARG03A0999_004
ForkPoolWorker-1: Calling delphi to calculate conformer ARG+1A0999_005 in /tmp/pbe_data.data.home.granepura.5-kinases.cof_tpl_mg.run_kin.4I22_ARG+1A0999_005
Skipping PBE solver for non-charge conformer ALA01A1000_001...
Skipping PBE solver for non-charge conformer LEU01A1001_001...
ForkPoolWorker-1: Calling delphi to calculate conformer MET01A1002_001 in /tmp/pbe_data.data.home.granepura.5-kinases.cof_tpl_mg.run_kin.4I22_MET01A1002_001
ForkPoolWorker-1: Calling delphi to calculate conformer ASP01A1003_001 in /tmp/pbe_data.data.home.granepura.5-kinases.cof_tpl_mg.run_kin.4I22_ASP01A1003_001
ForkPoolWorker-1: Calling delphi to calculate conformer ASP01A1003_002 in /tmp/pbe_data.data.home.granepura.5-kinases.cof_tpl_mg.run_kin.4I22_ASP01A1003_002
ForkPoolWorker-1: Calling delphi to calculate conformer ASP02A1003_003 in /tmp/pbe_data.data.home.granepura.5-kinases.cof_tpl_mg.run_kin.4I22_ASP02A1003_003
ForkPoolWorker-1: Calling delphi to calculate conformer ASP02A1003_004 in /tmp/pbe_data.data.home.granepura.5-kinases.cof_tpl_mg.run_kin.4I22_ASP02A1003_004
ForkPoolWorker-1: Calling delphi to calculate conformer ASP-1A1003_005 in /tmp/pbe_data.data.home.granepura.5-kinases.cof_tpl_mg.run_kin.4I22_ASP-1A1003_005
ForkPoolWorker-1: Calling delphi to calculate conformer GLU01A1004_001 in /tmp/pbe_data.data.home.granepura.5-kinases.cof_tpl_mg.run_kin.4I22_GLU01A1004_001
ForkPoolWorker-1: Calling delphi to calculate conformer GLU01A1004_002 in /tmp/pbe_data.data.home.granepura.5-kinases.cof_tpl_mg.run_kin.4I22_GLU01A1004_002
ForkPoolWorker-1: Calling delphi to calculate conformer GLU02A1004_003 in /tmp/pbe_data.data.home.granepura.5-kinases.cof_tpl_mg.run_kin.4I22_GLU02A1004_003
ForkPoolWorker-1: Calling delphi to calculate conformer GLU02A1004_004 in /tmp/pbe_data.data.home.granepura.5-kinases.cof_tpl_mg.run_kin.4I22_GLU02A1004_004
ForkPoolWorker-1: Calling delphi to calculate conformer GLU-1A1004_005 in /tmp/pbe_data.data.home.granepura.5-kinases.cof_tpl_mg.run_kin.4I22_GLU-1A1004_005
ForkPoolWorker-1: Calling delphi to calculate conformer GLU01A1005_001 in /tmp/pbe_data.data.home.granepura.5-kinases.cof_tpl_mg.run_kin.4I22_GLU01A1005_001
ForkPoolWorker-1: Calling delphi to calculate conformer GLU01A1005_002 in /tmp/pbe_data.data.home.granepura.5-kinases.cof_tpl_mg.run_kin.4I22_GLU01A1005_002
ForkPoolWorker-1: Calling delphi to calculate conformer GLU02A1005_003 in /tmp/pbe_data.data.home.granepura.5-kinases.cof_tpl_mg.run_kin.4I22_GLU02A1005_003
ForkPoolWorker-1: Calling delphi to calculate conformer GLU02A1005_004 in /tmp/pbe_data.data.home.granepura.5-kinases.cof_tpl_mg.run_kin.4I22_GLU02A1005_004
ForkPoolWorker-1: Calling delphi to calculate conformer GLU-1A1005_005 in /tmp/pbe_data.data.home.granepura.5-kinases.cof_tpl_mg.run_kin.4I22_GLU-1A1005_005
ForkPoolWorker-1: Calling delphi to calculate conformer ASP01A1006_001 in /tmp/pbe_data.data.home.granepura.5-kinases.cof_tpl_mg.run_kin.4I22_ASP01A1006_001
ForkPoolWorker-1: Calling delphi to calculate conformer ASP01A1006_002 in /tmp/pbe_data.data.home.granepura.5-kinases.cof_tpl_mg.run_kin.4I22_ASP01A1006_002
ForkPoolWorker-1: Calling delphi to calculate conformer ASP02A1006_003 in /tmp/pbe_data.data.home.granepura.5-kinases.cof_tpl_mg.run_kin.4I22_ASP02A1006_003
ForkPoolWorker-1: Calling delphi to calculate conformer ASP02A1006_004 in /tmp/pbe_data.data.home.granepura.5-kinases.cof_tpl_mg.run_kin.4I22_ASP02A1006_004
ForkPoolWorker-1: Calling delphi to calculate conformer ASP-1A1006_005 in /tmp/pbe_data.data.home.granepura.5-kinases.cof_tpl_mg.run_kin.4I22_ASP-1A1006_005
ForkPoolWorker-1: Calling delphi to calculate conformer MET01A1007_001 in /tmp/pbe_data.data.home.granepura.5-kinases.cof_tpl_mg.run_kin.4I22_MET01A1007_001
ForkPoolWorker-1: Calling delphi to calculate conformer ASP01A1008_001 in /tmp/pbe_data.data.home.granepura.5-kinases.cof_tpl_mg.run_kin.4I22_ASP01A1008_001
ForkPoolWorker-1: Calling delphi to calculate conformer ASP01A1008_002 in /tmp/pbe_data.data.home.granepura.5-kinases.cof_tpl_mg.run_kin.4I22_ASP01A1008_002
ForkPoolWorker-1: Calling delphi to calculate conformer ASP02A1008_003 in /tmp/pbe_data.data.home.granepura.5-kinases.cof_tpl_mg.run_kin.4I22_ASP02A1008_003
ForkPoolWorker-1: Calling delphi to calculate conformer ASP02A1008_004 in /tmp/pbe_data.data.home.granepura.5-kinases.cof_tpl_mg.run_kin.4I22_ASP02A1008_004
ForkPoolWorker-1: Calling delphi to calculate conformer ASP-1A1008_005 in /tmp/pbe_data.data.home.granepura.5-kinases.cof_tpl_mg.run_kin.4I22_ASP-1A1008_005
ForkPoolWorker-1: Calling delphi to calculate conformer ASP01A1009_001 in /tmp/pbe_data.data.home.granepura.5-kinases.cof_tpl_mg.run_kin.4I22_ASP01A1009_001
ForkPoolWorker-1: Calling delphi to calculate conformer ASP01A1009_002 in /tmp/pbe_data.data.home.granepura.5-kinases.cof_tpl_mg.run_kin.4I22_ASP01A1009_002
ForkPoolWorker-1: Calling delphi to calculate conformer ASP02A1009_003 in /tmp/pbe_data.data.home.granepura.5-kinases.cof_tpl_mg.run_kin.4I22_ASP02A1009_003
ForkPoolWorker-1: Calling delphi to calculate conformer ASP02A1009_004 in /tmp/pbe_data.data.home.granepura.5-kinases.cof_tpl_mg.run_kin.4I22_ASP02A1009_004
ForkPoolWorker-1: Calling delphi to calculate conformer ASP-1A1009_005 in /tmp/pbe_data.data.home.granepura.5-kinases.cof_tpl_mg.run_kin.4I22_ASP-1A1009_005
Skipping PBE solver for non-charge conformer VAL01A1010_001...
Skipping PBE solver for non-charge conformer VAL01A1011_001...
ForkPoolWorker-1: Calling delphi to calculate conformer ASP01A1012_001 in /tmp/pbe_data.data.home.granepura.5-kinases.cof_tpl_mg.run_kin.4I22_ASP01A1012_001
ForkPoolWorker-1: Calling delphi to calculate conformer ASP01A1012_002 in /tmp/pbe_data.data.home.granepura.5-kinases.cof_tpl_mg.run_kin.4I22_ASP01A1012_002
ForkPoolWorker-1: Calling delphi to calculate conformer ASP01A1012_003 in /tmp/pbe_data.data.home.granepura.5-kinases.cof_tpl_mg.run_kin.4I22_ASP01A1012_003
ForkPoolWorker-1: Calling delphi to calculate conformer ASP01A1012_004 in /tmp/pbe_data.data.home.granepura.5-kinases.cof_tpl_mg.run_kin.4I22_ASP01A1012_004
ForkPoolWorker-1: Calling delphi to calculate conformer ASP02A1012_005 in /tmp/pbe_data.data.home.granepura.5-kinases.cof_tpl_mg.run_kin.4I22_ASP02A1012_005
ForkPoolWorker-1: Calling delphi to calculate conformer ASP02A1012_006 in /tmp/pbe_data.data.home.granepura.5-kinases.cof_tpl_mg.run_kin.4I22_ASP02A1012_006
ForkPoolWorker-1: Calling delphi to calculate conformer ASP-1A1012_007 in /tmp/pbe_data.data.home.granepura.5-kinases.cof_tpl_mg.run_kin.4I22_ASP-1A1012_007
ForkPoolWorker-1: Calling delphi to calculate conformer ASP-1A1012_008 in /tmp/pbe_data.data.home.granepura.5-kinases.cof_tpl_mg.run_kin.4I22_ASP-1A1012_008
Skipping PBE solver for non-charge conformer ALA01A1013_001...
ForkPoolWorker-1: Calling delphi to calculate conformer ASP01A1014_001 in /tmp/pbe_data.data.home.granepura.5-kinases.cof_tpl_mg.run_kin.4I22_ASP01A1014_001
ForkPoolWorker-1: Calling delphi to calculate conformer ASP01A1014_002 in /tmp/pbe_data.data.home.granepura.5-kinases.cof_tpl_mg.run_kin.4I22_ASP01A1014_002
ForkPoolWorker-1: Calling delphi to calculate conformer ASP02A1014_003 in /tmp/pbe_data.data.home.granepura.5-kinases.cof_tpl_mg.run_kin.4I22_ASP02A1014_003
ForkPoolWorker-1: Calling delphi to calculate conformer ASP02A1014_004 in /tmp/pbe_data.data.home.granepura.5-kinases.cof_tpl_mg.run_kin.4I22_ASP02A1014_004
ForkPoolWorker-1: Calling delphi to calculate conformer ASP-1A1014_005 in /tmp/pbe_data.data.home.granepura.5-kinases.cof_tpl_mg.run_kin.4I22_ASP-1A1014_005
ForkPoolWorker-1: Calling delphi to calculate conformer IRE+aA9001_001 in /tmp/pbe_data.data.home.granepura.5-kinases.cof_tpl_mg.run_kin.4I22_IRE+aA9001_001
ForkPoolWorker-1: Calling delphi to calculate conformer IRE01A9001_002 in /tmp/pbe_data.data.home.granepura.5-kinases.cof_tpl_mg.run_kin.4I22_IRE01A9001_002
ForkPoolWorker-1: Calling delphi to calculate conformer IRE+1A9001_003 in /tmp/pbe_data.data.home.granepura.5-kinases.cof_tpl_mg.run_kin.4I22_IRE+1A9001_003
ForkPoolWorker-1: Calling delphi to calculate conformer IRE+2A9001_004 in /tmp/pbe_data.data.home.granepura.5-kinases.cof_tpl_mg.run_kin.4I22_IRE+2A9001_004
ForkPoolWorker-1: Calling delphi to calculate conformer IRE+3A9001_005 in /tmp/pbe_data.data.home.granepura.5-kinases.cof_tpl_mg.run_kin.4I22_IRE+3A9001_005
ForkPoolWorker-1: Calling delphi to calculate conformer (1/639) ASN01A0700_001 in /tmp/pbe_data.data.home.schowdhury.Project_kinases.cof_tpl_mg.run_kin.4I22_ASN01A0700_001
ForkPoolWorker-1: Calling delphi to calculate conformer (2/639) GLN01A0701_001 in /tmp/pbe_data.data.home.schowdhury.Project_kinases.cof_tpl_mg.run_kin.4I22_GLN01A0701_001
ForkPoolWorker-1: Calling delphi to calculate conformer (3/639) GLN01A0701_002 in /tmp/pbe_data.data.home.schowdhury.Project_kinases.cof_tpl_mg.run_kin.4I22_GLN01A0701_002
Skipping PBE solver for non-charge conformer (4/639) ALA01A0702_001...
Skipping PBE solver for non-charge conformer (5/639) LEU01A0703_001...
Skipping PBE solver for non-charge conformer (6/639) LEU01A0704_001...
ForkPoolWorker-1: Calling delphi to calculate conformer (7/639) ARG01A0705_001 in /tmp/pbe_data.data.home.schowdhury.Project_kinases.cof_tpl_mg.run_kin.4I22_ARG01A0705_001
ForkPoolWorker-1: Calling delphi to calculate conformer (8/639) ARG02A0705_002 in /tmp/pbe_data.data.home.schowdhury.Project_kinases.cof_tpl_mg.run_kin.4I22_ARG02A0705_002
ForkPoolWorker-1: Calling delphi to calculate conformer (9/639) ARG03A0705_003 in /tmp/pbe_data.data.home.schowdhury.Project_kinases.cof_tpl_mg.run_kin.4I22_ARG03A0705_003
ForkPoolWorker-1: Calling delphi to calculate conformer (10/639) ARG03A0705_004 in /tmp/pbe_data.data.home.schowdhury.Project_kinases.cof_tpl_mg.run_kin.4I22_ARG03A0705_004
ForkPoolWorker-1: Calling delphi to calculate conformer (11/639) ARG+1A0705_005 in /tmp/pbe_data.data.home.schowdhury.Project_kinases.cof_tpl_mg.run_kin.4I22_ARG+1A0705_005
Skipping PBE solver for non-charge conformer (12/639) ILE01A0706_001...
Skipping PBE solver for non-charge conformer (13/639) LEU01A0707_001...
ForkPoolWorker-1: Calling delphi to calculate conformer (14/639) LYS01A0708_001 in /tmp/pbe_data.data.home.schowdhury.Project_kinases.cof_tpl_mg.run_kin.4I22_LYS01A0708_001
ForkPoolWorker-1: Calling delphi to calculate conformer (15/639) LYS+1A0708_002 in /tmp/pbe_data.data.home.schowdhury.Project_kinases.cof_tpl_mg.run_kin.4I22_LYS+1A0708_002
ForkPoolWorker-1: Calling delphi to calculate conformer (16/639) GLU01A0709_001 in /tmp/pbe_data.data.home.schowdhury.Project_kinases.cof_tpl_mg.run_kin.4I22_GLU01A0709_001
ForkPoolWorker-1: Calling delphi to calculate conformer (17/639) GLU01A0709_002 in /tmp/pbe_data.data.home.schowdhury.Project_kinases.cof_tpl_mg.run_kin.4I22_GLU01A0709_002
ForkPoolWorker-1: Calling delphi to calculate conformer (18/639) GLU02A0709_003 in /tmp/pbe_data.data.home.schowdhury.Project_kinases.cof_tpl_mg.run_kin.4I22_GLU02A0709_003
ForkPoolWorker-1: Calling delphi to calculate conformer (19/639) GLU02A0709_004 in /tmp/pbe_data.data.home.schowdhury.Project_kinases.cof_tpl_mg.run_kin.4I22_GLU02A0709_004
ForkPoolWorker-1: Calling delphi to calculate conformer (20/639) GLU-1A0709_005 in /tmp/pbe_data.data.home.schowdhury.Project_kinases.cof_tpl_mg.run_kin.4I22_GLU-1A0709_005
ForkPoolWorker-1: Calling delphi to calculate conformer (21/639) THR01A0710_001 in /tmp/pbe_data.data.home.schowdhury.Project_kinases.cof_tpl_mg.run_kin.4I22_THR01A0710_001
ForkPoolWorker-1: Calling delphi to calculate conformer (22/639) THR01A0710_002 in /tmp/pbe_data.data.home.schowdhury.Project_kinases.cof_tpl_mg.run_kin.4I22_THR01A0710_002
ForkPoolWorker-1: Calling delphi to calculate conformer (23/639) GLU01A0711_001 in /tmp/pbe_data.data.home.schowdhury.Project_kinases.cof_tpl_mg.run_kin.4I22_GLU01A0711_001
ForkPoolWorker-1: Calling delphi to calculate conformer (24/639) GLU01A0711_002 in /tmp/pbe_data.data.home.schowdhury.Project_kinases.cof_tpl_mg.run_kin.4I22_GLU01A0711_002
ForkPoolWorker-1: Calling delphi to calculate conformer (25/639) GLU02A0711_003 in /tmp/pbe_data.data.home.schowdhury.Project_kinases.cof_tpl_mg.run_kin.4I22_GLU02A0711_003
ForkPoolWorker-1: Calling delphi to calculate conformer (26/639) GLU02A0711_004 in /tmp/pbe_data.data.home.schowdhury.Project_kinases.cof_tpl_mg.run_kin.4I22_GLU02A0711_004
ForkPoolWorker-1: Calling delphi to calculate conformer (27/639) GLU-1A0711_005 in /tmp/pbe_data.data.home.schowdhury.Project_kinases.cof_tpl_mg.run_kin.4I22_GLU-1A0711_005
Skipping PBE solver for non-charge conformer (28/639) PHE01A0712_001...
ForkPoolWorker-1: Calling delphi to calculate conformer (29/639) LYS01A0713_001 in /tmp/pbe_data.data.home.schowdhury.Project_kinases.cof_tpl_mg.run_kin.4I22_LYS01A0713_001
ForkPoolWorker-1: Calling delphi to calculate conformer (30/639) LYS+1A0713_002 in /tmp/pbe_data.data.home.schowdhury.Project_kinases.cof_tpl_mg.run_kin.4I22_LYS+1A0713_002
ForkPoolWorker-1: Calling delphi to calculate conformer (31/639) LYS01A0714_001 in /tmp/pbe_data.data.home.schowdhury.Project_kinases.cof_tpl_mg.run_kin.4I22_LYS01A0714_001
ForkPoolWorker-1: Calling delphi to calculate conformer (32/639) LYS+1A0714_002 in /tmp/pbe_data.data.home.schowdhury.Project_kinases.cof_tpl_mg.run_kin.4I22_LYS+1A0714_002
Skipping PBE solver for non-charge conformer (33/639) ILE01A0715_001...
ForkPoolWorker-1: Calling delphi to calculate conformer (34/639) LYS01A0716_001 in /tmp/pbe_data.data.home.schowdhury.Project_kinases.cof_tpl_mg.run_kin.4I22_LYS01A0716_001
ForkPoolWorker-1: Calling delphi to calculate conformer (35/639) LYS+1A0716_002 in /tmp/pbe_data.data.home.schowdhury.Project_kinases.cof_tpl_mg.run_kin.4I22_LYS+1A0716_002
Skipping PBE solver for non-charge conformer (36/639) VAL01A0717_001...
Skipping PBE solver for non-charge conformer (37/639) LEU01A0718_001...
ForkPoolWorker-1: Calling delphi to calculate conformer (38/639) SER01A0720_001 in /tmp/pbe_data.data.home.schowdhury.Project_kinases.cof_tpl_mg.run_kin.4I22_SER01A0720_001
Skipping PBE solver for non-charge conformer (39/639) ALA01A0722_001...
Skipping PBE solver for non-charge conformer (40/639) PHE01A0723_001...
ForkPoolWorker-1: Calling delphi to calculate conformer (41/639) THR01A0725_001 in /tmp/pbe_data.data.home.schowdhury.Project_kinases.cof_tpl_mg.run_kin.4I22_THR01A0725_001
Skipping PBE solver for non-charge conformer (42/639) VAL01A0726_001...
ForkPoolWorker-1: Calling delphi to calculate conformer (43/639) TYR01A0727_001 in /tmp/pbe_data.data.home.schowdhury.Project_kinases.cof_tpl_mg.run_kin.4I22_TYR01A0727_001
ForkPoolWorker-1: Calling delphi to calculate conformer (44/639) TYR-1A0727_002 in /tmp/pbe_data.data.home.schowdhury.Project_kinases.cof_tpl_mg.run_kin.4I22_TYR-1A0727_002
ForkPoolWorker-1: Calling delphi to calculate conformer (45/639) LYS01A0728_001 in /tmp/pbe_data.data.home.schowdhury.Project_kinases.cof_tpl_mg.run_kin.4I22_LYS01A0728_001
ForkPoolWorker-1: Calling delphi to calculate conformer (46/639) LYS+1A0728_002 in /tmp/pbe_data.data.home.schowdhury.Project_kinases.cof_tpl_mg.run_kin.4I22_LYS+1A0728_002
Skipping PBE solver for non-charge conformer (47/639) LEU01A0730_001...
Skipping PBE solver for non-charge conformer (48/639) TRP01A0731_001...
Skipping PBE solver for non-charge conformer (49/639) ILE01A0732_001...
Skipping PBE solver for non-charge conformer (50/639) PRO01A0733_001...
ForkPoolWorker-1: Calling delphi to calculate conformer (51/639) GLU01A0734_001 in /tmp/pbe_data.data.home.schowdhury.Project_kinases.cof_tpl_mg.run_kin.4I22_GLU01A0734_001
ForkPoolWorker-1: Calling delphi to calculate conformer (52/639) GLU01A0734_002 in /tmp/pbe_data.data.home.schowdhury.Project_kinases.cof_tpl_mg.run_kin.4I22_GLU01A0734_002
ForkPoolWorker-1: Calling delphi to calculate conformer (53/639) GLU02A0734_003 in /tmp/pbe_data.data.home.schowdhury.Project_kinases.cof_tpl_mg.run_kin.4I22_GLU02A0734_003
ForkPoolWorker-1: Calling delphi to calculate conformer (54/639) GLU02A0734_004 in /tmp/pbe_data.data.home.schowdhury.Project_kinases.cof_tpl_mg.run_kin.4I22_GLU02A0734_004
ForkPoolWorker-1: Calling delphi to calculate conformer (55/639) GLU-1A0734_005 in /tmp/pbe_data.data.home.schowdhury.Project_kinases.cof_tpl_mg.run_kin.4I22_GLU-1A0734_005
ForkPoolWorker-1: Calling delphi to calculate conformer (56/639) GLU01A0736_001 in /tmp/pbe_data.data.home.schowdhury.Project_kinases.cof_tpl_mg.run_kin.4I22_GLU01A0736_001
ForkPoolWorker-1: Calling delphi to calculate conformer (57/639) GLU01A0736_002 in /tmp/pbe_data.data.home.schowdhury.Project_kinases.cof_tpl_mg.run_kin.4I22_GLU01A0736_002
ForkPoolWorker-1: Calling delphi to calculate conformer (58/639) GLU02A0736_003 in /tmp/pbe_data.data.home.schowdhury.Project_kinases.cof_tpl_mg.run_kin.4I22_GLU02A0736_003
ForkPoolWorker-1: Calling delphi to calculate conformer (59/639) GLU02A0736_004 in /tmp/pbe_data.data.home.schowdhury.Project_kinases.cof_tpl_mg.run_kin.4I22_GLU02A0736_004
ForkPoolWorker-1: Calling delphi to calculate conformer (60/639) GLU-1A0736_005 in /tmp/pbe_data.data.home.schowdhury.Project_kinases.cof_tpl_mg.run_kin.4I22_GLU-1A0736_005
ForkPoolWorker-1: Calling delphi to calculate conformer (61/639) LYS01A0737_001 in /tmp/pbe_data.data.home.schowdhury.Project_kinases.cof_tpl_mg.run_kin.4I22_LYS01A0737_001
ForkPoolWorker-1: Calling delphi to calculate conformer (62/639) LYS+1A0737_002 in /tmp/pbe_data.data.home.schowdhury.Project_kinases.cof_tpl_mg.run_kin.4I22_LYS+1A0737_002
Skipping PBE solver for non-charge conformer (63/639) VAL01A0738_001...
ForkPoolWorker-1: Calling delphi to calculate conformer (64/639) LYS01A0739_001 in /tmp/pbe_data.data.home.schowdhury.Project_kinases.cof_tpl_mg.run_kin.4I22_LYS01A0739_001
ForkPoolWorker-1: Calling delphi to calculate conformer (65/639) LYS+1A0739_002 in /tmp/pbe_data.data.home.schowdhury.Project_kinases.cof_tpl_mg.run_kin.4I22_LYS+1A0739_002
Skipping PBE solver for non-charge conformer (66/639) ILE01A0740_001...
Skipping PBE solver for non-charge conformer (67/639) PRO01A0741_001...
Skipping PBE solver for non-charge conformer (68/639) VAL01A0742_001...
Skipping PBE solver for non-charge conformer (69/639) ALA01A0743_001...
Skipping PBE solver for non-charge conformer (70/639) ILE01A0744_001...
ForkPoolWorker-1: Calling delphi to calculate conformer (71/639) LYS01A0745_001 in /tmp/pbe_data.data.home.schowdhury.Project_kinases.cof_tpl_mg.run_kin.4I22_LYS01A0745_001
ForkPoolWorker-1: Calling delphi to calculate conformer (72/639) LYS+1A0745_002 in /tmp/pbe_data.data.home.schowdhury.Project_kinases.cof_tpl_mg.run_kin.4I22_LYS+1A0745_002
ForkPoolWorker-1: Calling delphi to calculate conformer (73/639) GLU01A0746_001 in /tmp/pbe_data.data.home.schowdhury.Project_kinases.cof_tpl_mg.run_kin.4I22_GLU01A0746_001
ForkPoolWorker-1: Calling delphi to calculate conformer (74/639) GLU01A0746_002 in /tmp/pbe_data.data.home.schowdhury.Project_kinases.cof_tpl_mg.run_kin.4I22_GLU01A0746_002
ForkPoolWorker-1: Calling delphi to calculate conformer (75/639) GLU02A0746_003 in /tmp/pbe_data.data.home.schowdhury.Project_kinases.cof_tpl_mg.run_kin.4I22_GLU02A0746_003
ForkPoolWorker-1: Calling delphi to calculate conformer (76/639) GLU02A0746_004 in /tmp/pbe_data.data.home.schowdhury.Project_kinases.cof_tpl_mg.run_kin.4I22_GLU02A0746_004
ForkPoolWorker-1: Calling delphi to calculate conformer (77/639) GLU-1A0746_005 in /tmp/pbe_data.data.home.schowdhury.Project_kinases.cof_tpl_mg.run_kin.4I22_GLU-1A0746_005
Skipping PBE solver for non-charge conformer (78/639) LEU01A0747_001...
ForkPoolWorker-1: Calling delphi to calculate conformer (79/639) ARG01A0748_001 in /tmp/pbe_data.data.home.schowdhury.Project_kinases.cof_tpl_mg.run_kin.4I22_ARG01A0748_001
ForkPoolWorker-1: Calling delphi to calculate conformer (80/639) ARG02A0748_002 in /tmp/pbe_data.data.home.schowdhury.Project_kinases.cof_tpl_mg.run_kin.4I22_ARG02A0748_002
ForkPoolWorker-1: Calling delphi to calculate conformer (81/639) ARG03A0748_003 in /tmp/pbe_data.data.home.schowdhury.Project_kinases.cof_tpl_mg.run_kin.4I22_ARG03A0748_003
ForkPoolWorker-1: Calling delphi to calculate conformer (82/639) ARG+1A0748_004 in /tmp/pbe_data.data.home.schowdhury.Project_kinases.cof_tpl_mg.run_kin.4I22_ARG+1A0748_004
ForkPoolWorker-1: Calling delphi to calculate conformer (83/639) LYS01A0754_001 in /tmp/pbe_data.data.home.schowdhury.Project_kinases.cof_tpl_mg.run_kin.4I22_LYS01A0754_001
ForkPoolWorker-1: Calling delphi to calculate conformer (84/639) LYS+1A0754_002 in /tmp/pbe_data.data.home.schowdhury.Project_kinases.cof_tpl_mg.run_kin.4I22_LYS+1A0754_002
Skipping PBE solver for non-charge conformer (85/639) ALA01A0755_001...
ForkPoolWorker-1: Calling delphi to calculate conformer (86/639) ASN01A0756_001 in /tmp/pbe_data.data.home.schowdhury.Project_kinases.cof_tpl_mg.run_kin.4I22_ASN01A0756_001
ForkPoolWorker-1: Calling delphi to calculate conformer (87/639) ASN01A0756_002 in /tmp/pbe_data.data.home.schowdhury.Project_kinases.cof_tpl_mg.run_kin.4I22_ASN01A0756_002
ForkPoolWorker-1: Calling delphi to calculate conformer (88/639) LYS01A0757_001 in /tmp/pbe_data.data.home.schowdhury.Project_kinases.cof_tpl_mg.run_kin.4I22_LYS01A0757_001
ForkPoolWorker-1: Calling delphi to calculate conformer (89/639) LYS+1A0757_002 in /tmp/pbe_data.data.home.schowdhury.Project_kinases.cof_tpl_mg.run_kin.4I22_LYS+1A0757_002
ForkPoolWorker-1: Calling delphi to calculate conformer (90/639) GLU01A0758_001 in /tmp/pbe_data.data.home.schowdhury.Project_kinases.cof_tpl_mg.run_kin.4I22_GLU01A0758_001
ForkPoolWorker-1: Calling delphi to calculate conformer (91/639) GLU01A0758_002 in /tmp/pbe_data.data.home.schowdhury.Project_kinases.cof_tpl_mg.run_kin.4I22_GLU01A0758_002
ForkPoolWorker-1: Calling delphi to calculate conformer (92/639) GLU02A0758_003 in /tmp/pbe_data.data.home.schowdhury.Project_kinases.cof_tpl_mg.run_kin.4I22_GLU02A0758_003
ForkPoolWorker-1: Calling delphi to calculate conformer (93/639) GLU02A0758_004 in /tmp/pbe_data.data.home.schowdhury.Project_kinases.cof_tpl_mg.run_kin.4I22_GLU02A0758_004
ForkPoolWorker-1: Calling delphi to calculate conformer (94/639) GLU-1A0758_005 in /tmp/pbe_data.data.home.schowdhury.Project_kinases.cof_tpl_mg.run_kin.4I22_GLU-1A0758_005
Skipping PBE solver for non-charge conformer (95/639) ILE01A0759_001...
Skipping PBE solver for non-charge conformer (96/639) LEU01A0760_001...
ForkPoolWorker-1: Calling delphi to calculate conformer (97/639) ASP01A0761_001 in /tmp/pbe_data.data.home.schowdhury.Project_kinases.cof_tpl_mg.run_kin.4I22_ASP01A0761_001
ForkPoolWorker-1: Calling delphi to calculate conformer (98/639) ASP01A0761_002 in /tmp/pbe_data.data.home.schowdhury.Project_kinases.cof_tpl_mg.run_kin.4I22_ASP01A0761_002
ForkPoolWorker-1: Calling delphi to calculate conformer (99/639) ASP02A0761_003 in /tmp/pbe_data.data.home.schowdhury.Project_kinases.cof_tpl_mg.run_kin.4I22_ASP02A0761_003
ForkPoolWorker-1: Calling delphi to calculate conformer (100/639) ASP02A0761_004 in /tmp/pbe_data.data.home.schowdhury.Project_kinases.cof_tpl_mg.run_kin.4I22_ASP02A0761_004
ForkPoolWorker-1: Calling delphi to calculate conformer (101/639) ASP-1A0761_005 in /tmp/pbe_data.data.home.schowdhury.Project_kinases.cof_tpl_mg.run_kin.4I22_ASP-1A0761_005
ForkPoolWorker-1: Calling delphi to calculate conformer (102/639) GLU01A0762_001 in /tmp/pbe_data.data.home.schowdhury.Project_kinases.cof_tpl_mg.run_kin.4I22_GLU01A0762_001
ForkPoolWorker-1: Calling delphi to calculate conformer (103/639) GLU01A0762_002 in /tmp/pbe_data.data.home.schowdhury.Project_kinases.cof_tpl_mg.run_kin.4I22_GLU01A0762_002
ForkPoolWorker-1: Calling delphi to calculate conformer (104/639) GLU02A0762_003 in /tmp/pbe_data.data.home.schowdhury.Project_kinases.cof_tpl_mg.run_kin.4I22_GLU02A0762_003
ForkPoolWorker-1: Calling delphi to calculate conformer (105/639) GLU02A0762_004 in /tmp/pbe_data.data.home.schowdhury.Project_kinases.cof_tpl_mg.run_kin.4I22_GLU02A0762_004
ForkPoolWorker-1: Calling delphi to calculate conformer (106/639) GLU-1A0762_005 in /tmp/pbe_data.data.home.schowdhury.Project_kinases.cof_tpl_mg.run_kin.4I22_GLU-1A0762_005
Skipping PBE solver for non-charge conformer (107/639) ALA01A0763_001...
ForkPoolWorker-1: Calling delphi to calculate conformer (108/639) TYR01A0764_001 in /tmp/pbe_data.data.home.schowdhury.Project_kinases.cof_tpl_mg.run_kin.4I22_TYR01A0764_001
ForkPoolWorker-1: Calling delphi to calculate conformer (109/639) TYR01A0764_002 in /tmp/pbe_data.data.home.schowdhury.Project_kinases.cof_tpl_mg.run_kin.4I22_TYR01A0764_002
ForkPoolWorker-1: Calling delphi to calculate conformer (110/639) TYR-1A0764_003 in /tmp/pbe_data.data.home.schowdhury.Project_kinases.cof_tpl_mg.run_kin.4I22_TYR-1A0764_003
Skipping PBE solver for non-charge conformer (111/639) VAL01A0765_001...
ForkPoolWorker-1: Calling delphi to calculate conformer (112/639) MET01A0766_001 in /tmp/pbe_data.data.home.schowdhury.Project_kinases.cof_tpl_mg.run_kin.4I22_MET01A0766_001
Skipping PBE solver for non-charge conformer (113/639) ALA01A0767_001...
ForkPoolWorker-1: Calling delphi to calculate conformer (114/639) SER01A0768_001 in /tmp/pbe_data.data.home.schowdhury.Project_kinases.cof_tpl_mg.run_kin.4I22_SER01A0768_001
ForkPoolWorker-1: Calling delphi to calculate conformer (115/639) SER01A0768_002 in /tmp/pbe_data.data.home.schowdhury.Project_kinases.cof_tpl_mg.run_kin.4I22_SER01A0768_002
ForkPoolWorker-1: Calling delphi to calculate conformer (116/639) SER01A0768_003 in /tmp/pbe_data.data.home.schowdhury.Project_kinases.cof_tpl_mg.run_kin.4I22_SER01A0768_003
Skipping PBE solver for non-charge conformer (117/639) VAL01A0769_001...
ForkPoolWorker-1: Calling delphi to calculate conformer (118/639) ASP01A0770_001 in /tmp/pbe_data.data.home.schowdhury.Project_kinases.cof_tpl_mg.run_kin.4I22_ASP01A0770_001
ForkPoolWorker-1: Calling delphi to calculate conformer (119/639) ASP01A0770_002 in /tmp/pbe_data.data.home.schowdhury.Project_kinases.cof_tpl_mg.run_kin.4I22_ASP01A0770_002
ForkPoolWorker-1: Calling delphi to calculate conformer (120/639) ASP02A0770_003 in /tmp/pbe_data.data.home.schowdhury.Project_kinases.cof_tpl_mg.run_kin.4I22_ASP02A0770_003
ForkPoolWorker-1: Calling delphi to calculate conformer (121/639) ASP02A0770_004 in /tmp/pbe_data.data.home.schowdhury.Project_kinases.cof_tpl_mg.run_kin.4I22_ASP02A0770_004
ForkPoolWorker-1: Calling delphi to calculate conformer (122/639) ASP-1A0770_005 in /tmp/pbe_data.data.home.schowdhury.Project_kinases.cof_tpl_mg.run_kin.4I22_ASP-1A0770_005
ForkPoolWorker-1: Calling delphi to calculate conformer (123/639) ASN01A0771_001 in /tmp/pbe_data.data.home.schowdhury.Project_kinases.cof_tpl_mg.run_kin.4I22_ASN01A0771_001
ForkPoolWorker-1: Calling delphi to calculate conformer (124/639) ASN01A0771_002 in /tmp/pbe_data.data.home.schowdhury.Project_kinases.cof_tpl_mg.run_kin.4I22_ASN01A0771_002
Skipping PBE solver for non-charge conformer (125/639) PRO01A0772_001...
ForkPoolWorker-1: Calling delphi to calculate conformer (126/639) HIS01A0773_001 in /tmp/pbe_data.data.home.schowdhury.Project_kinases.cof_tpl_mg.run_kin.4I22_HIS01A0773_001
ForkPoolWorker-1: Calling delphi to calculate conformer (127/639) HIS02A0773_002 in /tmp/pbe_data.data.home.schowdhury.Project_kinases.cof_tpl_mg.run_kin.4I22_HIS02A0773_002
ForkPoolWorker-1: Calling delphi to calculate conformer (128/639) HIS+1A0773_003 in /tmp/pbe_data.data.home.schowdhury.Project_kinases.cof_tpl_mg.run_kin.4I22_HIS+1A0773_003
Skipping PBE solver for non-charge conformer (129/639) VAL01A0774_001...
ForkPoolWorker-1: Calling delphi to calculate conformer (130/639) CYS01A0775_001 in /tmp/pbe_data.data.home.schowdhury.Project_kinases.cof_tpl_mg.run_kin.4I22_CYS01A0775_001
ForkPoolWorker-1: Calling delphi to calculate conformer (131/639) CYS01A0775_002 in /tmp/pbe_data.data.home.schowdhury.Project_kinases.cof_tpl_mg.run_kin.4I22_CYS01A0775_002
ForkPoolWorker-1: Calling delphi to calculate conformer (132/639) CYS01A0775_003 in /tmp/pbe_data.data.home.schowdhury.Project_kinases.cof_tpl_mg.run_kin.4I22_CYS01A0775_003
ForkPoolWorker-1: Calling delphi to calculate conformer (133/639) CYS-1A0775_004 in /tmp/pbe_data.data.home.schowdhury.Project_kinases.cof_tpl_mg.run_kin.4I22_CYS-1A0775_004
ForkPoolWorker-1: Calling delphi to calculate conformer (134/639) ARG01A0776_001 in /tmp/pbe_data.data.home.schowdhury.Project_kinases.cof_tpl_mg.run_kin.4I22_ARG01A0776_001
ForkPoolWorker-1: Calling delphi to calculate conformer (135/639) ARG02A0776_002 in /tmp/pbe_data.data.home.schowdhury.Project_kinases.cof_tpl_mg.run_kin.4I22_ARG02A0776_002
ForkPoolWorker-1: Calling delphi to calculate conformer (136/639) ARG02A0776_003 in /tmp/pbe_data.data.home.schowdhury.Project_kinases.cof_tpl_mg.run_kin.4I22_ARG02A0776_003
ForkPoolWorker-1: Calling delphi to calculate conformer (137/639) ARG03A0776_004 in /tmp/pbe_data.data.home.schowdhury.Project_kinases.cof_tpl_mg.run_kin.4I22_ARG03A0776_004
ForkPoolWorker-1: Calling delphi to calculate conformer (138/639) ARG+1A0776_005 in /tmp/pbe_data.data.home.schowdhury.Project_kinases.cof_tpl_mg.run_kin.4I22_ARG+1A0776_005
Skipping PBE solver for non-charge conformer (139/639) LEU01A0777_001...
Skipping PBE solver for non-charge conformer (140/639) LEU01A0778_001...
Skipping PBE solver for non-charge conformer (141/639) ILE01A0780_001...
ForkPoolWorker-1: Calling delphi to calculate conformer (142/639) CYS01A0781_001 in /tmp/pbe_data.data.home.schowdhury.Project_kinases.cof_tpl_mg.run_kin.4I22_CYS01A0781_001
ForkPoolWorker-1: Calling delphi to calculate conformer (143/639) CYS01A0781_002 in /tmp/pbe_data.data.home.schowdhury.Project_kinases.cof_tpl_mg.run_kin.4I22_CYS01A0781_002
ForkPoolWorker-1: Calling delphi to calculate conformer (144/639) CYS01A0781_003 in /tmp/pbe_data.data.home.schowdhury.Project_kinases.cof_tpl_mg.run_kin.4I22_CYS01A0781_003
ForkPoolWorker-1: Calling delphi to calculate conformer (145/639) CYS-1A0781_004 in /tmp/pbe_data.data.home.schowdhury.Project_kinases.cof_tpl_mg.run_kin.4I22_CYS-1A0781_004
Skipping PBE solver for non-charge conformer (146/639) LEU01A0782_001...
ForkPoolWorker-1: Calling delphi to calculate conformer (147/639) THR01A0783_001 in /tmp/pbe_data.data.home.schowdhury.Project_kinases.cof_tpl_mg.run_kin.4I22_THR01A0783_001
ForkPoolWorker-1: Calling delphi to calculate conformer (148/639) THR01A0783_002 in /tmp/pbe_data.data.home.schowdhury.Project_kinases.cof_tpl_mg.run_kin.4I22_THR01A0783_002
ForkPoolWorker-1: Calling delphi to calculate conformer (149/639) THR01A0783_003 in /tmp/pbe_data.data.home.schowdhury.Project_kinases.cof_tpl_mg.run_kin.4I22_THR01A0783_003
ForkPoolWorker-1: Calling delphi to calculate conformer (150/639) SER01A0784_001 in /tmp/pbe_data.data.home.schowdhury.Project_kinases.cof_tpl_mg.run_kin.4I22_SER01A0784_001
ForkPoolWorker-1: Calling delphi to calculate conformer (151/639) THR01A0785_001 in /tmp/pbe_data.data.home.schowdhury.Project_kinases.cof_tpl_mg.run_kin.4I22_THR01A0785_001
ForkPoolWorker-1: Calling delphi to calculate conformer (152/639) THR01A0785_002 in /tmp/pbe_data.data.home.schowdhury.Project_kinases.cof_tpl_mg.run_kin.4I22_THR01A0785_002
Skipping PBE solver for non-charge conformer (153/639) VAL01A0786_001...
ForkPoolWorker-1: Calling delphi to calculate conformer (154/639) GLN01A0787_001 in /tmp/pbe_data.data.home.schowdhury.Project_kinases.cof_tpl_mg.run_kin.4I22_GLN01A0787_001
ForkPoolWorker-1: Calling delphi to calculate conformer (155/639) GLN01A0787_002 in /tmp/pbe_data.data.home.schowdhury.Project_kinases.cof_tpl_mg.run_kin.4I22_GLN01A0787_002
Skipping PBE solver for non-charge conformer (156/639) LEU01A0788_001...
Skipping PBE solver for non-charge conformer (157/639) ILE01A0789_001...
ForkPoolWorker-1: Calling delphi to calculate conformer (158/639) MET01A0790_001 in /tmp/pbe_data.data.home.schowdhury.Project_kinases.cof_tpl_mg.run_kin.4I22_MET01A0790_001
ForkPoolWorker-1: Calling delphi to calculate conformer (159/639) GLN01A0791_001 in /tmp/pbe_data.data.home.schowdhury.Project_kinases.cof_tpl_mg.run_kin.4I22_GLN01A0791_001
ForkPoolWorker-1: Calling delphi to calculate conformer (160/639) GLN01A0791_002 in /tmp/pbe_data.data.home.schowdhury.Project_kinases.cof_tpl_mg.run_kin.4I22_GLN01A0791_002
Skipping PBE solver for non-charge conformer (161/639) LEU01A0792_001...
ForkPoolWorker-1: Calling delphi to calculate conformer (162/639) MET01A0793_001 in /tmp/pbe_data.data.home.schowdhury.Project_kinases.cof_tpl_mg.run_kin.4I22_MET01A0793_001
Skipping PBE solver for non-charge conformer (163/639) PRO01A0794_001...
Skipping PBE solver for non-charge conformer (164/639) PHE01A0795_001...
ForkPoolWorker-1: Calling delphi to calculate conformer (165/639) CYS01A0797_001 in /tmp/pbe_data.data.home.schowdhury.Project_kinases.cof_tpl_mg.run_kin.4I22_CYS01A0797_001
ForkPoolWorker-1: Calling delphi to calculate conformer (166/639) CYS01A0797_002 in /tmp/pbe_data.data.home.schowdhury.Project_kinases.cof_tpl_mg.run_kin.4I22_CYS01A0797_002
ForkPoolWorker-1: Calling delphi to calculate conformer (167/639) CYS01A0797_003 in /tmp/pbe_data.data.home.schowdhury.Project_kinases.cof_tpl_mg.run_kin.4I22_CYS01A0797_003
ForkPoolWorker-1: Calling delphi to calculate conformer (168/639) CYS-1A0797_004 in /tmp/pbe_data.data.home.schowdhury.Project_kinases.cof_tpl_mg.run_kin.4I22_CYS-1A0797_004
Skipping PBE solver for non-charge conformer (169/639) LEU01A0798_001...
Skipping PBE solver for non-charge conformer (170/639) LEU01A0799_001...
ForkPoolWorker-1: Calling delphi to calculate conformer (171/639) ASP01A0800_001 in /tmp/pbe_data.data.home.schowdhury.Project_kinases.cof_tpl_mg.run_kin.4I22_ASP01A0800_001
ForkPoolWorker-1: Calling delphi to calculate conformer (172/639) ASP01A0800_002 in /tmp/pbe_data.data.home.schowdhury.Project_kinases.cof_tpl_mg.run_kin.4I22_ASP01A0800_002
ForkPoolWorker-1: Calling delphi to calculate conformer (173/639) ASP02A0800_003 in /tmp/pbe_data.data.home.schowdhury.Project_kinases.cof_tpl_mg.run_kin.4I22_ASP02A0800_003
ForkPoolWorker-1: Calling delphi to calculate conformer (174/639) ASP02A0800_004 in /tmp/pbe_data.data.home.schowdhury.Project_kinases.cof_tpl_mg.run_kin.4I22_ASP02A0800_004
ForkPoolWorker-1: Calling delphi to calculate conformer (175/639) ASP-1A0800_005 in /tmp/pbe_data.data.home.schowdhury.Project_kinases.cof_tpl_mg.run_kin.4I22_ASP-1A0800_005
ForkPoolWorker-1: Calling delphi to calculate conformer (176/639) TYR01A0801_001 in /tmp/pbe_data.data.home.schowdhury.Project_kinases.cof_tpl_mg.run_kin.4I22_TYR01A0801_001
ForkPoolWorker-1: Calling delphi to calculate conformer (177/639) TYR-1A0801_002 in /tmp/pbe_data.data.home.schowdhury.Project_kinases.cof_tpl_mg.run_kin.4I22_TYR-1A0801_002
Skipping PBE solver for non-charge conformer (178/639) VAL01A0802_001...
ForkPoolWorker-1: Calling delphi to calculate conformer (179/639) ARG01A0803_001 in /tmp/pbe_data.data.home.schowdhury.Project_kinases.cof_tpl_mg.run_kin.4I22_ARG01A0803_001
ForkPoolWorker-1: Calling delphi to calculate conformer (180/639) ARG02A0803_002 in /tmp/pbe_data.data.home.schowdhury.Project_kinases.cof_tpl_mg.run_kin.4I22_ARG02A0803_002
ForkPoolWorker-1: Calling delphi to calculate conformer (181/639) ARG03A0803_003 in /tmp/pbe_data.data.home.schowdhury.Project_kinases.cof_tpl_mg.run_kin.4I22_ARG03A0803_003
ForkPoolWorker-1: Calling delphi to calculate conformer (182/639) ARG+1A0803_004 in /tmp/pbe_data.data.home.schowdhury.Project_kinases.cof_tpl_mg.run_kin.4I22_ARG+1A0803_004
ForkPoolWorker-1: Calling delphi to calculate conformer (183/639) GLU01A0804_001 in /tmp/pbe_data.data.home.schowdhury.Project_kinases.cof_tpl_mg.run_kin.4I22_GLU01A0804_001
ForkPoolWorker-1: Calling delphi to calculate conformer (184/639) GLU01A0804_002 in /tmp/pbe_data.data.home.schowdhury.Project_kinases.cof_tpl_mg.run_kin.4I22_GLU01A0804_002
ForkPoolWorker-1: Calling delphi to calculate conformer (185/639) GLU02A0804_003 in /tmp/pbe_data.data.home.schowdhury.Project_kinases.cof_tpl_mg.run_kin.4I22_GLU02A0804_003
ForkPoolWorker-1: Calling delphi to calculate conformer (186/639) GLU02A0804_004 in /tmp/pbe_data.data.home.schowdhury.Project_kinases.cof_tpl_mg.run_kin.4I22_GLU02A0804_004
ForkPoolWorker-1: Calling delphi to calculate conformer (187/639) GLU-1A0804_005 in /tmp/pbe_data.data.home.schowdhury.Project_kinases.cof_tpl_mg.run_kin.4I22_GLU-1A0804_005
ForkPoolWorker-1: Calling delphi to calculate conformer (188/639) HIS01A0805_001 in /tmp/pbe_data.data.home.schowdhury.Project_kinases.cof_tpl_mg.run_kin.4I22_HIS01A0805_001
ForkPoolWorker-1: Calling delphi to calculate conformer (189/639) HIS01A0805_002 in /tmp/pbe_data.data.home.schowdhury.Project_kinases.cof_tpl_mg.run_kin.4I22_HIS01A0805_002
ForkPoolWorker-1: Calling delphi to calculate conformer (190/639) HIS02A0805_003 in /tmp/pbe_data.data.home.schowdhury.Project_kinases.cof_tpl_mg.run_kin.4I22_HIS02A0805_003
ForkPoolWorker-1: Calling delphi to calculate conformer (191/639) HIS02A0805_004 in /tmp/pbe_data.data.home.schowdhury.Project_kinases.cof_tpl_mg.run_kin.4I22_HIS02A0805_004
ForkPoolWorker-1: Calling delphi to calculate conformer (192/639) HIS+1A0805_005 in /tmp/pbe_data.data.home.schowdhury.Project_kinases.cof_tpl_mg.run_kin.4I22_HIS+1A0805_005
ForkPoolWorker-1: Calling delphi to calculate conformer (193/639) HIS+1A0805_006 in /tmp/pbe_data.data.home.schowdhury.Project_kinases.cof_tpl_mg.run_kin.4I22_HIS+1A0805_006
ForkPoolWorker-1: Calling delphi to calculate conformer (194/639) LYS01A0806_001 in /tmp/pbe_data.data.home.schowdhury.Project_kinases.cof_tpl_mg.run_kin.4I22_LYS01A0806_001
ForkPoolWorker-1: Calling delphi to calculate conformer (195/639) LYS+1A0806_002 in /tmp/pbe_data.data.home.schowdhury.Project_kinases.cof_tpl_mg.run_kin.4I22_LYS+1A0806_002
ForkPoolWorker-1: Calling delphi to calculate conformer (196/639) ASP01A0807_001 in /tmp/pbe_data.data.home.schowdhury.Project_kinases.cof_tpl_mg.run_kin.4I22_ASP01A0807_001
ForkPoolWorker-1: Calling delphi to calculate conformer (197/639) ASP01A0807_002 in /tmp/pbe_data.data.home.schowdhury.Project_kinases.cof_tpl_mg.run_kin.4I22_ASP01A0807_002
ForkPoolWorker-1: Calling delphi to calculate conformer (198/639) ASP02A0807_003 in /tmp/pbe_data.data.home.schowdhury.Project_kinases.cof_tpl_mg.run_kin.4I22_ASP02A0807_003
ForkPoolWorker-1: Calling delphi to calculate conformer (199/639) ASP02A0807_004 in /tmp/pbe_data.data.home.schowdhury.Project_kinases.cof_tpl_mg.run_kin.4I22_ASP02A0807_004
ForkPoolWorker-1: Calling delphi to calculate conformer (200/639) ASP-1A0807_005 in /tmp/pbe_data.data.home.schowdhury.Project_kinases.cof_tpl_mg.run_kin.4I22_ASP-1A0807_005
ForkPoolWorker-1: Calling delphi to calculate conformer (201/639) ASN01A0808_001 in /tmp/pbe_data.data.home.schowdhury.Project_kinases.cof_tpl_mg.run_kin.4I22_ASN01A0808_001
ForkPoolWorker-1: Calling delphi to calculate conformer (202/639) ASN01A0808_002 in /tmp/pbe_data.data.home.schowdhury.Project_kinases.cof_tpl_mg.run_kin.4I22_ASN01A0808_002
Skipping PBE solver for non-charge conformer (203/639) ILE01A0809_001...
ForkPoolWorker-1: Calling delphi to calculate conformer (204/639) SER01A0811_001 in /tmp/pbe_data.data.home.schowdhury.Project_kinases.cof_tpl_mg.run_kin.4I22_SER01A0811_001
ForkPoolWorker-1: Calling delphi to calculate conformer (205/639) SER01A0811_002 in /tmp/pbe_data.data.home.schowdhury.Project_kinases.cof_tpl_mg.run_kin.4I22_SER01A0811_002
ForkPoolWorker-1: Calling delphi to calculate conformer (206/639) SER01A0811_003 in /tmp/pbe_data.data.home.schowdhury.Project_kinases.cof_tpl_mg.run_kin.4I22_SER01A0811_003
ForkPoolWorker-1: Calling delphi to calculate conformer (207/639) GLN01A0812_001 in /tmp/pbe_data.data.home.schowdhury.Project_kinases.cof_tpl_mg.run_kin.4I22_GLN01A0812_001
ForkPoolWorker-1: Calling delphi to calculate conformer (208/639) GLN01A0812_002 in /tmp/pbe_data.data.home.schowdhury.Project_kinases.cof_tpl_mg.run_kin.4I22_GLN01A0812_002
ForkPoolWorker-1: Calling delphi to calculate conformer (209/639) GLN01A0812_003 in /tmp/pbe_data.data.home.schowdhury.Project_kinases.cof_tpl_mg.run_kin.4I22_GLN01A0812_003
ForkPoolWorker-1: Calling delphi to calculate conformer (210/639) TYR01A0813_001 in /tmp/pbe_data.data.home.schowdhury.Project_kinases.cof_tpl_mg.run_kin.4I22_TYR01A0813_001
ForkPoolWorker-1: Calling delphi to calculate conformer (211/639) TYR01A0813_002 in /tmp/pbe_data.data.home.schowdhury.Project_kinases.cof_tpl_mg.run_kin.4I22_TYR01A0813_002
ForkPoolWorker-1: Calling delphi to calculate conformer (212/639) TYR-1A0813_003 in /tmp/pbe_data.data.home.schowdhury.Project_kinases.cof_tpl_mg.run_kin.4I22_TYR-1A0813_003
Skipping PBE solver for non-charge conformer (213/639) LEU01A0814_001...
Skipping PBE solver for non-charge conformer (214/639) LEU01A0815_001...
ForkPoolWorker-1: Calling delphi to calculate conformer (215/639) ASN01A0816_001 in /tmp/pbe_data.data.home.schowdhury.Project_kinases.cof_tpl_mg.run_kin.4I22_ASN01A0816_001
ForkPoolWorker-1: Calling delphi to calculate conformer (216/639) ASN01A0816_002 in /tmp/pbe_data.data.home.schowdhury.Project_kinases.cof_tpl_mg.run_kin.4I22_ASN01A0816_002
Skipping PBE solver for non-charge conformer (217/639) TRP01A0817_001...
ForkPoolWorker-1: Calling delphi to calculate conformer (218/639) CYS01A0818_001 in /tmp/pbe_data.data.home.schowdhury.Project_kinases.cof_tpl_mg.run_kin.4I22_CYS01A0818_001
ForkPoolWorker-1: Calling delphi to calculate conformer (219/639) CYS01A0818_002 in /tmp/pbe_data.data.home.schowdhury.Project_kinases.cof_tpl_mg.run_kin.4I22_CYS01A0818_002
ForkPoolWorker-1: Calling delphi to calculate conformer (220/639) CYS01A0818_003 in /tmp/pbe_data.data.home.schowdhury.Project_kinases.cof_tpl_mg.run_kin.4I22_CYS01A0818_003
ForkPoolWorker-1: Calling delphi to calculate conformer (221/639) CYS-1A0818_004 in /tmp/pbe_data.data.home.schowdhury.Project_kinases.cof_tpl_mg.run_kin.4I22_CYS-1A0818_004
Skipping PBE solver for non-charge conformer (222/639) VAL01A0819_001...
ForkPoolWorker-1: Calling delphi to calculate conformer (223/639) GLN01A0820_001 in /tmp/pbe_data.data.home.schowdhury.Project_kinases.cof_tpl_mg.run_kin.4I22_GLN01A0820_001
ForkPoolWorker-1: Calling delphi to calculate conformer (224/639) GLN01A0820_002 in /tmp/pbe_data.data.home.schowdhury.Project_kinases.cof_tpl_mg.run_kin.4I22_GLN01A0820_002
Skipping PBE solver for non-charge conformer (225/639) ILE01A0821_001...
Skipping PBE solver for non-charge conformer (226/639) ALA01A0822_001...
ForkPoolWorker-1: Calling delphi to calculate conformer (227/639) LYS01A0823_001 in /tmp/pbe_data.data.home.schowdhury.Project_kinases.cof_tpl_mg.run_kin.4I22_LYS01A0823_001
ForkPoolWorker-1: Calling delphi to calculate conformer (228/639) LYS+1A0823_002 in /tmp/pbe_data.data.home.schowdhury.Project_kinases.cof_tpl_mg.run_kin.4I22_LYS+1A0823_002
ForkPoolWorker-1: Calling delphi to calculate conformer (229/639) MET01A0825_001 in /tmp/pbe_data.data.home.schowdhury.Project_kinases.cof_tpl_mg.run_kin.4I22_MET01A0825_001
ForkPoolWorker-1: Calling delphi to calculate conformer (230/639) ASN01A0826_001 in /tmp/pbe_data.data.home.schowdhury.Project_kinases.cof_tpl_mg.run_kin.4I22_ASN01A0826_001
ForkPoolWorker-1: Calling delphi to calculate conformer (231/639) ASN01A0826_002 in /tmp/pbe_data.data.home.schowdhury.Project_kinases.cof_tpl_mg.run_kin.4I22_ASN01A0826_002
ForkPoolWorker-1: Calling delphi to calculate conformer (232/639) TYR01A0827_001 in /tmp/pbe_data.data.home.schowdhury.Project_kinases.cof_tpl_mg.run_kin.4I22_TYR01A0827_001
ForkPoolWorker-1: Calling delphi to calculate conformer (233/639) TYR01A0827_002 in /tmp/pbe_data.data.home.schowdhury.Project_kinases.cof_tpl_mg.run_kin.4I22_TYR01A0827_002
ForkPoolWorker-1: Calling delphi to calculate conformer (234/639) TYR-1A0827_003 in /tmp/pbe_data.data.home.schowdhury.Project_kinases.cof_tpl_mg.run_kin.4I22_TYR-1A0827_003
Skipping PBE solver for non-charge conformer (235/639) LEU01A0828_001...
ForkPoolWorker-1: Calling delphi to calculate conformer (236/639) GLU01A0829_001 in /tmp/pbe_data.data.home.schowdhury.Project_kinases.cof_tpl_mg.run_kin.4I22_GLU01A0829_001
ForkPoolWorker-1: Calling delphi to calculate conformer (237/639) GLU01A0829_002 in /tmp/pbe_data.data.home.schowdhury.Project_kinases.cof_tpl_mg.run_kin.4I22_GLU01A0829_002
ForkPoolWorker-1: Calling delphi to calculate conformer (238/639) GLU02A0829_003 in /tmp/pbe_data.data.home.schowdhury.Project_kinases.cof_tpl_mg.run_kin.4I22_GLU02A0829_003
ForkPoolWorker-1: Calling delphi to calculate conformer (239/639) GLU02A0829_004 in /tmp/pbe_data.data.home.schowdhury.Project_kinases.cof_tpl_mg.run_kin.4I22_GLU02A0829_004
ForkPoolWorker-1: Calling delphi to calculate conformer (240/639) GLU-1A0829_005 in /tmp/pbe_data.data.home.schowdhury.Project_kinases.cof_tpl_mg.run_kin.4I22_GLU-1A0829_005
ForkPoolWorker-1: Calling delphi to calculate conformer (241/639) ASP01A0830_001 in /tmp/pbe_data.data.home.schowdhury.Project_kinases.cof_tpl_mg.run_kin.4I22_ASP01A0830_001
ForkPoolWorker-1: Calling delphi to calculate conformer (242/639) ASP01A0830_002 in /tmp/pbe_data.data.home.schowdhury.Project_kinases.cof_tpl_mg.run_kin.4I22_ASP01A0830_002
ForkPoolWorker-1: Calling delphi to calculate conformer (243/639) ASP02A0830_003 in /tmp/pbe_data.data.home.schowdhury.Project_kinases.cof_tpl_mg.run_kin.4I22_ASP02A0830_003
ForkPoolWorker-1: Calling delphi to calculate conformer (244/639) ASP02A0830_004 in /tmp/pbe_data.data.home.schowdhury.Project_kinases.cof_tpl_mg.run_kin.4I22_ASP02A0830_004
ForkPoolWorker-1: Calling delphi to calculate conformer (245/639) ASP-1A0830_005 in /tmp/pbe_data.data.home.schowdhury.Project_kinases.cof_tpl_mg.run_kin.4I22_ASP-1A0830_005
ForkPoolWorker-1: Calling delphi to calculate conformer (246/639) ARG01A0831_001 in /tmp/pbe_data.data.home.schowdhury.Project_kinases.cof_tpl_mg.run_kin.4I22_ARG01A0831_001
ForkPoolWorker-1: Calling delphi to calculate conformer (247/639) ARG02A0831_002 in /tmp/pbe_data.data.home.schowdhury.Project_kinases.cof_tpl_mg.run_kin.4I22_ARG02A0831_002
ForkPoolWorker-1: Calling delphi to calculate conformer (248/639) ARG03A0831_003 in /tmp/pbe_data.data.home.schowdhury.Project_kinases.cof_tpl_mg.run_kin.4I22_ARG03A0831_003
ForkPoolWorker-1: Calling delphi to calculate conformer (249/639) ARG03A0831_004 in /tmp/pbe_data.data.home.schowdhury.Project_kinases.cof_tpl_mg.run_kin.4I22_ARG03A0831_004
ForkPoolWorker-1: Calling delphi to calculate conformer (250/639) ARG+1A0831_005 in /tmp/pbe_data.data.home.schowdhury.Project_kinases.cof_tpl_mg.run_kin.4I22_ARG+1A0831_005
ForkPoolWorker-1: Calling delphi to calculate conformer (251/639) ARG01A0832_001 in /tmp/pbe_data.data.home.schowdhury.Project_kinases.cof_tpl_mg.run_kin.4I22_ARG01A0832_001
ForkPoolWorker-1: Calling delphi to calculate conformer (252/639) ARG02A0832_002 in /tmp/pbe_data.data.home.schowdhury.Project_kinases.cof_tpl_mg.run_kin.4I22_ARG02A0832_002
ForkPoolWorker-1: Calling delphi to calculate conformer (253/639) ARG03A0832_003 in /tmp/pbe_data.data.home.schowdhury.Project_kinases.cof_tpl_mg.run_kin.4I22_ARG03A0832_003
ForkPoolWorker-1: Calling delphi to calculate conformer (254/639) ARG+1A0832_004 in /tmp/pbe_data.data.home.schowdhury.Project_kinases.cof_tpl_mg.run_kin.4I22_ARG+1A0832_004
Skipping PBE solver for non-charge conformer (255/639) LEU01A0833_001...
Skipping PBE solver for non-charge conformer (256/639) VAL01A0834_001...
ForkPoolWorker-1: Calling delphi to calculate conformer (257/639) HIS01A0835_001 in /tmp/pbe_data.data.home.schowdhury.Project_kinases.cof_tpl_mg.run_kin.4I22_HIS01A0835_001
ForkPoolWorker-1: Calling delphi to calculate conformer (258/639) HIS02A0835_002 in /tmp/pbe_data.data.home.schowdhury.Project_kinases.cof_tpl_mg.run_kin.4I22_HIS02A0835_002
ForkPoolWorker-1: Calling delphi to calculate conformer (259/639) HIS+1A0835_003 in /tmp/pbe_data.data.home.schowdhury.Project_kinases.cof_tpl_mg.run_kin.4I22_HIS+1A0835_003
ForkPoolWorker-1: Calling delphi to calculate conformer (260/639) ARG01A0836_001 in /tmp/pbe_data.data.home.schowdhury.Project_kinases.cof_tpl_mg.run_kin.4I22_ARG01A0836_001
ForkPoolWorker-1: Calling delphi to calculate conformer (261/639) ARG02A0836_002 in /tmp/pbe_data.data.home.schowdhury.Project_kinases.cof_tpl_mg.run_kin.4I22_ARG02A0836_002
ForkPoolWorker-1: Calling delphi to calculate conformer (262/639) ARG03A0836_003 in /tmp/pbe_data.data.home.schowdhury.Project_kinases.cof_tpl_mg.run_kin.4I22_ARG03A0836_003
ForkPoolWorker-1: Calling delphi to calculate conformer (263/639) ARG+1A0836_004 in /tmp/pbe_data.data.home.schowdhury.Project_kinases.cof_tpl_mg.run_kin.4I22_ARG+1A0836_004
ForkPoolWorker-1: Calling delphi to calculate conformer (264/639) ASP01A0837_001 in /tmp/pbe_data.data.home.schowdhury.Project_kinases.cof_tpl_mg.run_kin.4I22_ASP01A0837_001
ForkPoolWorker-1: Calling delphi to calculate conformer (265/639) ASP01A0837_002 in /tmp/pbe_data.data.home.schowdhury.Project_kinases.cof_tpl_mg.run_kin.4I22_ASP01A0837_002
ForkPoolWorker-1: Calling delphi to calculate conformer (266/639) ASP02A0837_003 in /tmp/pbe_data.data.home.schowdhury.Project_kinases.cof_tpl_mg.run_kin.4I22_ASP02A0837_003
ForkPoolWorker-1: Calling delphi to calculate conformer (267/639) ASP02A0837_004 in /tmp/pbe_data.data.home.schowdhury.Project_kinases.cof_tpl_mg.run_kin.4I22_ASP02A0837_004
ForkPoolWorker-1: Calling delphi to calculate conformer (268/639) ASP-1A0837_005 in /tmp/pbe_data.data.home.schowdhury.Project_kinases.cof_tpl_mg.run_kin.4I22_ASP-1A0837_005
Skipping PBE solver for non-charge conformer (269/639) LEU01A0838_001...
Skipping PBE solver for non-charge conformer (270/639) ALA01A0839_001...
Skipping PBE solver for non-charge conformer (271/639) ALA01A0840_001...
ForkPoolWorker-1: Calling delphi to calculate conformer (272/639) ARG01A0841_001 in /tmp/pbe_data.data.home.schowdhury.Project_kinases.cof_tpl_mg.run_kin.4I22_ARG01A0841_001
ForkPoolWorker-1: Calling delphi to calculate conformer (273/639) ARG02A0841_002 in /tmp/pbe_data.data.home.schowdhury.Project_kinases.cof_tpl_mg.run_kin.4I22_ARG02A0841_002
ForkPoolWorker-1: Calling delphi to calculate conformer (274/639) ARG02A0841_003 in /tmp/pbe_data.data.home.schowdhury.Project_kinases.cof_tpl_mg.run_kin.4I22_ARG02A0841_003
ForkPoolWorker-1: Calling delphi to calculate conformer (275/639) ARG03A0841_004 in /tmp/pbe_data.data.home.schowdhury.Project_kinases.cof_tpl_mg.run_kin.4I22_ARG03A0841_004
ForkPoolWorker-1: Calling delphi to calculate conformer (276/639) ARG+1A0841_005 in /tmp/pbe_data.data.home.schowdhury.Project_kinases.cof_tpl_mg.run_kin.4I22_ARG+1A0841_005
ForkPoolWorker-1: Calling delphi to calculate conformer (277/639) ASN01A0842_001 in /tmp/pbe_data.data.home.schowdhury.Project_kinases.cof_tpl_mg.run_kin.4I22_ASN01A0842_001
ForkPoolWorker-1: Calling delphi to calculate conformer (278/639) ASN01A0842_002 in /tmp/pbe_data.data.home.schowdhury.Project_kinases.cof_tpl_mg.run_kin.4I22_ASN01A0842_002
Skipping PBE solver for non-charge conformer (279/639) VAL01A0843_001...
Skipping PBE solver for non-charge conformer (280/639) LEU01A0844_001...
Skipping PBE solver for non-charge conformer (281/639) VAL01A0845_001...
ForkPoolWorker-1: Calling delphi to calculate conformer (282/639) LYS01A0846_001 in /tmp/pbe_data.data.home.schowdhury.Project_kinases.cof_tpl_mg.run_kin.4I22_LYS01A0846_001
ForkPoolWorker-1: Calling delphi to calculate conformer (283/639) LYS+1A0846_002 in /tmp/pbe_data.data.home.schowdhury.Project_kinases.cof_tpl_mg.run_kin.4I22_LYS+1A0846_002
ForkPoolWorker-1: Calling delphi to calculate conformer (284/639) THR01A0847_001 in /tmp/pbe_data.data.home.schowdhury.Project_kinases.cof_tpl_mg.run_kin.4I22_THR01A0847_001
ForkPoolWorker-1: Calling delphi to calculate conformer (285/639) THR01A0847_002 in /tmp/pbe_data.data.home.schowdhury.Project_kinases.cof_tpl_mg.run_kin.4I22_THR01A0847_002
Skipping PBE solver for non-charge conformer (286/639) PRO01A0848_001...
ForkPoolWorker-1: Calling delphi to calculate conformer (287/639) GLN01A0849_001 in /tmp/pbe_data.data.home.schowdhury.Project_kinases.cof_tpl_mg.run_kin.4I22_GLN01A0849_001
ForkPoolWorker-1: Calling delphi to calculate conformer (288/639) GLN01A0849_002 in /tmp/pbe_data.data.home.schowdhury.Project_kinases.cof_tpl_mg.run_kin.4I22_GLN01A0849_002
ForkPoolWorker-1: Calling delphi to calculate conformer (289/639) HIS01A0850_001 in /tmp/pbe_data.data.home.schowdhury.Project_kinases.cof_tpl_mg.run_kin.4I22_HIS01A0850_001
ForkPoolWorker-1: Calling delphi to calculate conformer (290/639) HIS01A0850_002 in /tmp/pbe_data.data.home.schowdhury.Project_kinases.cof_tpl_mg.run_kin.4I22_HIS01A0850_002
ForkPoolWorker-1: Calling delphi to calculate conformer (291/639) HIS02A0850_003 in /tmp/pbe_data.data.home.schowdhury.Project_kinases.cof_tpl_mg.run_kin.4I22_HIS02A0850_003
ForkPoolWorker-1: Calling delphi to calculate conformer (292/639) HIS02A0850_004 in /tmp/pbe_data.data.home.schowdhury.Project_kinases.cof_tpl_mg.run_kin.4I22_HIS02A0850_004
ForkPoolWorker-1: Calling delphi to calculate conformer (293/639) HIS+1A0850_005 in /tmp/pbe_data.data.home.schowdhury.Project_kinases.cof_tpl_mg.run_kin.4I22_HIS+1A0850_005
ForkPoolWorker-1: Calling delphi to calculate conformer (294/639) HIS+1A0850_006 in /tmp/pbe_data.data.home.schowdhury.Project_kinases.cof_tpl_mg.run_kin.4I22_HIS+1A0850_006
Skipping PBE solver for non-charge conformer (295/639) VAL01A0851_001...
ForkPoolWorker-1: Calling delphi to calculate conformer (296/639) LYS01A0852_001 in /tmp/pbe_data.data.home.schowdhury.Project_kinases.cof_tpl_mg.run_kin.4I22_LYS01A0852_001
ForkPoolWorker-1: Calling delphi to calculate conformer (297/639) LYS+1A0852_002 in /tmp/pbe_data.data.home.schowdhury.Project_kinases.cof_tpl_mg.run_kin.4I22_LYS+1A0852_002
Skipping PBE solver for non-charge conformer (298/639) ILE01A0853_001...
ForkPoolWorker-1: Calling delphi to calculate conformer (299/639) THR01A0854_001 in /tmp/pbe_data.data.home.schowdhury.Project_kinases.cof_tpl_mg.run_kin.4I22_THR01A0854_001
ForkPoolWorker-1: Calling delphi to calculate conformer (300/639) THR01A0854_002 in /tmp/pbe_data.data.home.schowdhury.Project_kinases.cof_tpl_mg.run_kin.4I22_THR01A0854_002
ForkPoolWorker-1: Calling delphi to calculate conformer (301/639) ASP01A0855_001 in /tmp/pbe_data.data.home.schowdhury.Project_kinases.cof_tpl_mg.run_kin.4I22_ASP01A0855_001
ForkPoolWorker-1: Calling delphi to calculate conformer (302/639) ASP01A0855_002 in /tmp/pbe_data.data.home.schowdhury.Project_kinases.cof_tpl_mg.run_kin.4I22_ASP01A0855_002
ForkPoolWorker-1: Calling delphi to calculate conformer (303/639) ASP02A0855_003 in /tmp/pbe_data.data.home.schowdhury.Project_kinases.cof_tpl_mg.run_kin.4I22_ASP02A0855_003
ForkPoolWorker-1: Calling delphi to calculate conformer (304/639) ASP02A0855_004 in /tmp/pbe_data.data.home.schowdhury.Project_kinases.cof_tpl_mg.run_kin.4I22_ASP02A0855_004
ForkPoolWorker-1: Calling delphi to calculate conformer (305/639) ASP-1A0855_005 in /tmp/pbe_data.data.home.schowdhury.Project_kinases.cof_tpl_mg.run_kin.4I22_ASP-1A0855_005
Skipping PBE solver for non-charge conformer (306/639) PHE01A0856_001...
ForkPoolWorker-1: Calling delphi to calculate conformer (307/639) ARG01A0858_001 in /tmp/pbe_data.data.home.schowdhury.Project_kinases.cof_tpl_mg.run_kin.4I22_ARG01A0858_001
ForkPoolWorker-1: Calling delphi to calculate conformer (308/639) ARG02A0858_002 in /tmp/pbe_data.data.home.schowdhury.Project_kinases.cof_tpl_mg.run_kin.4I22_ARG02A0858_002
ForkPoolWorker-1: Calling delphi to calculate conformer (309/639) ARG03A0858_003 in /tmp/pbe_data.data.home.schowdhury.Project_kinases.cof_tpl_mg.run_kin.4I22_ARG03A0858_003
ForkPoolWorker-1: Calling delphi to calculate conformer (310/639) ARG+1A0858_004 in /tmp/pbe_data.data.home.schowdhury.Project_kinases.cof_tpl_mg.run_kin.4I22_ARG+1A0858_004
Skipping PBE solver for non-charge conformer (311/639) ALA01A0859_001...
ForkPoolWorker-1: Calling delphi to calculate conformer (312/639) LYS01A0860_001 in /tmp/pbe_data.data.home.schowdhury.Project_kinases.cof_tpl_mg.run_kin.4I22_LYS01A0860_001
ForkPoolWorker-1: Calling delphi to calculate conformer (313/639) LYS+1A0860_002 in /tmp/pbe_data.data.home.schowdhury.Project_kinases.cof_tpl_mg.run_kin.4I22_LYS+1A0860_002
Skipping PBE solver for non-charge conformer (314/639) LEU01A0861_001...
Skipping PBE solver for non-charge conformer (315/639) LEU01A0862_001...
Skipping PBE solver for non-charge conformer (316/639) VAL01A0876_001...
Skipping PBE solver for non-charge conformer (317/639) PRO01A0877_001...
Skipping PBE solver for non-charge conformer (318/639) ILE01A0878_001...
ForkPoolWorker-1: Calling delphi to calculate conformer (319/639) LYS01A0879_001 in /tmp/pbe_data.data.home.schowdhury.Project_kinases.cof_tpl_mg.run_kin.4I22_LYS01A0879_001
ForkPoolWorker-1: Calling delphi to calculate conformer (320/639) LYS+1A0879_002 in /tmp/pbe_data.data.home.schowdhury.Project_kinases.cof_tpl_mg.run_kin.4I22_LYS+1A0879_002
Skipping PBE solver for non-charge conformer (321/639) TRP01A0880_001...
ForkPoolWorker-1: Calling delphi to calculate conformer (322/639) MET01A0881_001 in /tmp/pbe_data.data.home.schowdhury.Project_kinases.cof_tpl_mg.run_kin.4I22_MET01A0881_001
Skipping PBE solver for non-charge conformer (323/639) ALA01A0882_001...
Skipping PBE solver for non-charge conformer (324/639) LEU01A0883_001...
ForkPoolWorker-1: Calling delphi to calculate conformer (325/639) GLU01A0884_001 in /tmp/pbe_data.data.home.schowdhury.Project_kinases.cof_tpl_mg.run_kin.4I22_GLU01A0884_001
ForkPoolWorker-1: Calling delphi to calculate conformer (326/639) GLU01A0884_002 in /tmp/pbe_data.data.home.schowdhury.Project_kinases.cof_tpl_mg.run_kin.4I22_GLU01A0884_002
ForkPoolWorker-1: Calling delphi to calculate conformer (327/639) GLU02A0884_003 in /tmp/pbe_data.data.home.schowdhury.Project_kinases.cof_tpl_mg.run_kin.4I22_GLU02A0884_003
ForkPoolWorker-1: Calling delphi to calculate conformer (328/639) GLU02A0884_004 in /tmp/pbe_data.data.home.schowdhury.Project_kinases.cof_tpl_mg.run_kin.4I22_GLU02A0884_004
ForkPoolWorker-1: Calling delphi to calculate conformer (329/639) GLU-1A0884_005 in /tmp/pbe_data.data.home.schowdhury.Project_kinases.cof_tpl_mg.run_kin.4I22_GLU-1A0884_005
ForkPoolWorker-1: Calling delphi to calculate conformer (330/639) SER01A0885_001 in /tmp/pbe_data.data.home.schowdhury.Project_kinases.cof_tpl_mg.run_kin.4I22_SER01A0885_001
ForkPoolWorker-1: Calling delphi to calculate conformer (331/639) SER01A0885_002 in /tmp/pbe_data.data.home.schowdhury.Project_kinases.cof_tpl_mg.run_kin.4I22_SER01A0885_002
ForkPoolWorker-1: Calling delphi to calculate conformer (332/639) SER01A0885_003 in /tmp/pbe_data.data.home.schowdhury.Project_kinases.cof_tpl_mg.run_kin.4I22_SER01A0885_003
Skipping PBE solver for non-charge conformer (333/639) ILE01A0886_001...
Skipping PBE solver for non-charge conformer (334/639) LEU01A0887_001...
ForkPoolWorker-1: Calling delphi to calculate conformer (335/639) HIS01A0888_001 in /tmp/pbe_data.data.home.schowdhury.Project_kinases.cof_tpl_mg.run_kin.4I22_HIS01A0888_001
ForkPoolWorker-1: Calling delphi to calculate conformer (336/639) HIS01A0888_002 in /tmp/pbe_data.data.home.schowdhury.Project_kinases.cof_tpl_mg.run_kin.4I22_HIS01A0888_002
ForkPoolWorker-1: Calling delphi to calculate conformer (337/639) HIS02A0888_003 in /tmp/pbe_data.data.home.schowdhury.Project_kinases.cof_tpl_mg.run_kin.4I22_HIS02A0888_003
ForkPoolWorker-1: Calling delphi to calculate conformer (338/639) HIS02A0888_004 in /tmp/pbe_data.data.home.schowdhury.Project_kinases.cof_tpl_mg.run_kin.4I22_HIS02A0888_004
ForkPoolWorker-1: Calling delphi to calculate conformer (339/639) HIS+1A0888_005 in /tmp/pbe_data.data.home.schowdhury.Project_kinases.cof_tpl_mg.run_kin.4I22_HIS+1A0888_005
ForkPoolWorker-1: Calling delphi to calculate conformer (340/639) HIS+1A0888_006 in /tmp/pbe_data.data.home.schowdhury.Project_kinases.cof_tpl_mg.run_kin.4I22_HIS+1A0888_006
ForkPoolWorker-1: Calling delphi to calculate conformer (341/639) ARG01A0889_001 in /tmp/pbe_data.data.home.schowdhury.Project_kinases.cof_tpl_mg.run_kin.4I22_ARG01A0889_001
ForkPoolWorker-1: Calling delphi to calculate conformer (342/639) ARG02A0889_002 in /tmp/pbe_data.data.home.schowdhury.Project_kinases.cof_tpl_mg.run_kin.4I22_ARG02A0889_002
ForkPoolWorker-1: Calling delphi to calculate conformer (343/639) ARG03A0889_003 in /tmp/pbe_data.data.home.schowdhury.Project_kinases.cof_tpl_mg.run_kin.4I22_ARG03A0889_003
ForkPoolWorker-1: Calling delphi to calculate conformer (344/639) ARG+1A0889_004 in /tmp/pbe_data.data.home.schowdhury.Project_kinases.cof_tpl_mg.run_kin.4I22_ARG+1A0889_004
Skipping PBE solver for non-charge conformer (345/639) ILE01A0890_001...
ForkPoolWorker-1: Calling delphi to calculate conformer (346/639) TYR01A0891_001 in /tmp/pbe_data.data.home.schowdhury.Project_kinases.cof_tpl_mg.run_kin.4I22_TYR01A0891_001
ForkPoolWorker-1: Calling delphi to calculate conformer (347/639) TYR01A0891_002 in /tmp/pbe_data.data.home.schowdhury.Project_kinases.cof_tpl_mg.run_kin.4I22_TYR01A0891_002
ForkPoolWorker-1: Calling delphi to calculate conformer (348/639) TYR-1A0891_003 in /tmp/pbe_data.data.home.schowdhury.Project_kinases.cof_tpl_mg.run_kin.4I22_TYR-1A0891_003
ForkPoolWorker-1: Calling delphi to calculate conformer (349/639) THR01A0892_001 in /tmp/pbe_data.data.home.schowdhury.Project_kinases.cof_tpl_mg.run_kin.4I22_THR01A0892_001
ForkPoolWorker-1: Calling delphi to calculate conformer (350/639) HIS01A0893_001 in /tmp/pbe_data.data.home.schowdhury.Project_kinases.cof_tpl_mg.run_kin.4I22_HIS01A0893_001
ForkPoolWorker-1: Calling delphi to calculate conformer (351/639) HIS01A0893_002 in /tmp/pbe_data.data.home.schowdhury.Project_kinases.cof_tpl_mg.run_kin.4I22_HIS01A0893_002
ForkPoolWorker-1: Calling delphi to calculate conformer (352/639) HIS02A0893_003 in /tmp/pbe_data.data.home.schowdhury.Project_kinases.cof_tpl_mg.run_kin.4I22_HIS02A0893_003
ForkPoolWorker-1: Calling delphi to calculate conformer (353/639) HIS02A0893_004 in /tmp/pbe_data.data.home.schowdhury.Project_kinases.cof_tpl_mg.run_kin.4I22_HIS02A0893_004
ForkPoolWorker-1: Calling delphi to calculate conformer (354/639) HIS+1A0893_005 in /tmp/pbe_data.data.home.schowdhury.Project_kinases.cof_tpl_mg.run_kin.4I22_HIS+1A0893_005
ForkPoolWorker-1: Calling delphi to calculate conformer (355/639) HIS+1A0893_006 in /tmp/pbe_data.data.home.schowdhury.Project_kinases.cof_tpl_mg.run_kin.4I22_HIS+1A0893_006
ForkPoolWorker-1: Calling delphi to calculate conformer (356/639) GLN01A0894_001 in /tmp/pbe_data.data.home.schowdhury.Project_kinases.cof_tpl_mg.run_kin.4I22_GLN01A0894_001
ForkPoolWorker-1: Calling delphi to calculate conformer (357/639) GLN01A0894_002 in /tmp/pbe_data.data.home.schowdhury.Project_kinases.cof_tpl_mg.run_kin.4I22_GLN01A0894_002
ForkPoolWorker-1: Calling delphi to calculate conformer (358/639) SER01A0895_001 in /tmp/pbe_data.data.home.schowdhury.Project_kinases.cof_tpl_mg.run_kin.4I22_SER01A0895_001
ForkPoolWorker-1: Calling delphi to calculate conformer (359/639) SER01A0895_002 in /tmp/pbe_data.data.home.schowdhury.Project_kinases.cof_tpl_mg.run_kin.4I22_SER01A0895_002
ForkPoolWorker-1: Calling delphi to calculate conformer (360/639) ASP01A0896_001 in /tmp/pbe_data.data.home.schowdhury.Project_kinases.cof_tpl_mg.run_kin.4I22_ASP01A0896_001
ForkPoolWorker-1: Calling delphi to calculate conformer (361/639) ASP01A0896_002 in /tmp/pbe_data.data.home.schowdhury.Project_kinases.cof_tpl_mg.run_kin.4I22_ASP01A0896_002
ForkPoolWorker-1: Calling delphi to calculate conformer (362/639) ASP02A0896_003 in /tmp/pbe_data.data.home.schowdhury.Project_kinases.cof_tpl_mg.run_kin.4I22_ASP02A0896_003
ForkPoolWorker-1: Calling delphi to calculate conformer (363/639) ASP02A0896_004 in /tmp/pbe_data.data.home.schowdhury.Project_kinases.cof_tpl_mg.run_kin.4I22_ASP02A0896_004
ForkPoolWorker-1: Calling delphi to calculate conformer (364/639) ASP-1A0896_005 in /tmp/pbe_data.data.home.schowdhury.Project_kinases.cof_tpl_mg.run_kin.4I22_ASP-1A0896_005
Skipping PBE solver for non-charge conformer (365/639) VAL01A0897_001...
Skipping PBE solver for non-charge conformer (366/639) TRP01A0898_001...
ForkPoolWorker-1: Calling delphi to calculate conformer (367/639) SER01A0899_001 in /tmp/pbe_data.data.home.schowdhury.Project_kinases.cof_tpl_mg.run_kin.4I22_SER01A0899_001
ForkPoolWorker-1: Calling delphi to calculate conformer (368/639) SER01A0899_002 in /tmp/pbe_data.data.home.schowdhury.Project_kinases.cof_tpl_mg.run_kin.4I22_SER01A0899_002
ForkPoolWorker-1: Calling delphi to calculate conformer (369/639) TYR01A0900_001 in /tmp/pbe_data.data.home.schowdhury.Project_kinases.cof_tpl_mg.run_kin.4I22_TYR01A0900_001
ForkPoolWorker-1: Calling delphi to calculate conformer (370/639) TYR01A0900_002 in /tmp/pbe_data.data.home.schowdhury.Project_kinases.cof_tpl_mg.run_kin.4I22_TYR01A0900_002
ForkPoolWorker-1: Calling delphi to calculate conformer (371/639) TYR-1A0900_003 in /tmp/pbe_data.data.home.schowdhury.Project_kinases.cof_tpl_mg.run_kin.4I22_TYR-1A0900_003
Skipping PBE solver for non-charge conformer (372/639) VAL01A0902_001...
ForkPoolWorker-1: Calling delphi to calculate conformer (373/639) THR01A0903_001 in /tmp/pbe_data.data.home.schowdhury.Project_kinases.cof_tpl_mg.run_kin.4I22_THR01A0903_001
ForkPoolWorker-1: Calling delphi to calculate conformer (374/639) THR01A0903_002 in /tmp/pbe_data.data.home.schowdhury.Project_kinases.cof_tpl_mg.run_kin.4I22_THR01A0903_002
ForkPoolWorker-1: Calling delphi to calculate conformer (375/639) THR01A0903_003 in /tmp/pbe_data.data.home.schowdhury.Project_kinases.cof_tpl_mg.run_kin.4I22_THR01A0903_003
Skipping PBE solver for non-charge conformer (376/639) VAL01A0904_001...
Skipping PBE solver for non-charge conformer (377/639) TRP01A0905_001...
ForkPoolWorker-1: Calling delphi to calculate conformer (378/639) GLU01A0906_001 in /tmp/pbe_data.data.home.schowdhury.Project_kinases.cof_tpl_mg.run_kin.4I22_GLU01A0906_001
ForkPoolWorker-1: Calling delphi to calculate conformer (379/639) GLU01A0906_002 in /tmp/pbe_data.data.home.schowdhury.Project_kinases.cof_tpl_mg.run_kin.4I22_GLU01A0906_002
ForkPoolWorker-1: Calling delphi to calculate conformer (380/639) GLU02A0906_003 in /tmp/pbe_data.data.home.schowdhury.Project_kinases.cof_tpl_mg.run_kin.4I22_GLU02A0906_003
ForkPoolWorker-1: Calling delphi to calculate conformer (381/639) GLU02A0906_004 in /tmp/pbe_data.data.home.schowdhury.Project_kinases.cof_tpl_mg.run_kin.4I22_GLU02A0906_004
ForkPoolWorker-1: Calling delphi to calculate conformer (382/639) GLU-1A0906_005 in /tmp/pbe_data.data.home.schowdhury.Project_kinases.cof_tpl_mg.run_kin.4I22_GLU-1A0906_005
Skipping PBE solver for non-charge conformer (383/639) LEU01A0907_001...
ForkPoolWorker-1: Calling delphi to calculate conformer (384/639) MET01A0908_001 in /tmp/pbe_data.data.home.schowdhury.Project_kinases.cof_tpl_mg.run_kin.4I22_MET01A0908_001
ForkPoolWorker-1: Calling delphi to calculate conformer (385/639) THR01A0909_001 in /tmp/pbe_data.data.home.schowdhury.Project_kinases.cof_tpl_mg.run_kin.4I22_THR01A0909_001
ForkPoolWorker-1: Calling delphi to calculate conformer (386/639) THR01A0909_002 in /tmp/pbe_data.data.home.schowdhury.Project_kinases.cof_tpl_mg.run_kin.4I22_THR01A0909_002
Skipping PBE solver for non-charge conformer (387/639) PHE01A0910_001...
ForkPoolWorker-1: Calling delphi to calculate conformer (388/639) SER01A0912_001 in /tmp/pbe_data.data.home.schowdhury.Project_kinases.cof_tpl_mg.run_kin.4I22_SER01A0912_001
ForkPoolWorker-1: Calling delphi to calculate conformer (389/639) LYS01A0913_001 in /tmp/pbe_data.data.home.schowdhury.Project_kinases.cof_tpl_mg.run_kin.4I22_LYS01A0913_001
ForkPoolWorker-1: Calling delphi to calculate conformer (390/639) LYS+1A0913_002 in /tmp/pbe_data.data.home.schowdhury.Project_kinases.cof_tpl_mg.run_kin.4I22_LYS+1A0913_002
Skipping PBE solver for non-charge conformer (391/639) PRO01A0914_001...
ForkPoolWorker-1: Calling delphi to calculate conformer (392/639) TYR01A0915_001 in /tmp/pbe_data.data.home.schowdhury.Project_kinases.cof_tpl_mg.run_kin.4I22_TYR01A0915_001
ForkPoolWorker-1: Calling delphi to calculate conformer (393/639) TYR-1A0915_002 in /tmp/pbe_data.data.home.schowdhury.Project_kinases.cof_tpl_mg.run_kin.4I22_TYR-1A0915_002
ForkPoolWorker-1: Calling delphi to calculate conformer (394/639) ASP01A0916_001 in /tmp/pbe_data.data.home.schowdhury.Project_kinases.cof_tpl_mg.run_kin.4I22_ASP01A0916_001
ForkPoolWorker-1: Calling delphi to calculate conformer (395/639) ASP01A0916_002 in /tmp/pbe_data.data.home.schowdhury.Project_kinases.cof_tpl_mg.run_kin.4I22_ASP01A0916_002
ForkPoolWorker-1: Calling delphi to calculate conformer (396/639) ASP02A0916_003 in /tmp/pbe_data.data.home.schowdhury.Project_kinases.cof_tpl_mg.run_kin.4I22_ASP02A0916_003
ForkPoolWorker-1: Calling delphi to calculate conformer (397/639) ASP02A0916_004 in /tmp/pbe_data.data.home.schowdhury.Project_kinases.cof_tpl_mg.run_kin.4I22_ASP02A0916_004
ForkPoolWorker-1: Calling delphi to calculate conformer (398/639) ASP-1A0916_005 in /tmp/pbe_data.data.home.schowdhury.Project_kinases.cof_tpl_mg.run_kin.4I22_ASP-1A0916_005
Skipping PBE solver for non-charge conformer (399/639) ILE01A0918_001...
Skipping PBE solver for non-charge conformer (400/639) PRO01A0919_001...
Skipping PBE solver for non-charge conformer (401/639) ALA01A0920_001...
ForkPoolWorker-1: Calling delphi to calculate conformer (402/639) SER01A0921_001 in /tmp/pbe_data.data.home.schowdhury.Project_kinases.cof_tpl_mg.run_kin.4I22_SER01A0921_001
ForkPoolWorker-1: Calling delphi to calculate conformer (403/639) GLU01A0922_001 in /tmp/pbe_data.data.home.schowdhury.Project_kinases.cof_tpl_mg.run_kin.4I22_GLU01A0922_001
ForkPoolWorker-1: Calling delphi to calculate conformer (404/639) GLU01A0922_002 in /tmp/pbe_data.data.home.schowdhury.Project_kinases.cof_tpl_mg.run_kin.4I22_GLU01A0922_002
ForkPoolWorker-1: Calling delphi to calculate conformer (405/639) GLU02A0922_003 in /tmp/pbe_data.data.home.schowdhury.Project_kinases.cof_tpl_mg.run_kin.4I22_GLU02A0922_003
ForkPoolWorker-1: Calling delphi to calculate conformer (406/639) GLU02A0922_004 in /tmp/pbe_data.data.home.schowdhury.Project_kinases.cof_tpl_mg.run_kin.4I22_GLU02A0922_004
ForkPoolWorker-1: Calling delphi to calculate conformer (407/639) GLU-1A0922_005 in /tmp/pbe_data.data.home.schowdhury.Project_kinases.cof_tpl_mg.run_kin.4I22_GLU-1A0922_005
Skipping PBE solver for non-charge conformer (408/639) ILE01A0923_001...
ForkPoolWorker-1: Calling delphi to calculate conformer (409/639) SER01A0924_001 in /tmp/pbe_data.data.home.schowdhury.Project_kinases.cof_tpl_mg.run_kin.4I22_SER01A0924_001
ForkPoolWorker-1: Calling delphi to calculate conformer (410/639) SER01A0924_002 in /tmp/pbe_data.data.home.schowdhury.Project_kinases.cof_tpl_mg.run_kin.4I22_SER01A0924_002
ForkPoolWorker-1: Calling delphi to calculate conformer (411/639) SER01A0925_001 in /tmp/pbe_data.data.home.schowdhury.Project_kinases.cof_tpl_mg.run_kin.4I22_SER01A0925_001
Skipping PBE solver for non-charge conformer (412/639) ILE01A0926_001...
Skipping PBE solver for non-charge conformer (413/639) LEU01A0927_001...
ForkPoolWorker-1: Calling delphi to calculate conformer (414/639) GLU01A0928_001 in /tmp/pbe_data.data.home.schowdhury.Project_kinases.cof_tpl_mg.run_kin.4I22_GLU01A0928_001
ForkPoolWorker-1: Calling delphi to calculate conformer (415/639) GLU01A0928_002 in /tmp/pbe_data.data.home.schowdhury.Project_kinases.cof_tpl_mg.run_kin.4I22_GLU01A0928_002
ForkPoolWorker-1: Calling delphi to calculate conformer (416/639) GLU02A0928_003 in /tmp/pbe_data.data.home.schowdhury.Project_kinases.cof_tpl_mg.run_kin.4I22_GLU02A0928_003
ForkPoolWorker-1: Calling delphi to calculate conformer (417/639) GLU02A0928_004 in /tmp/pbe_data.data.home.schowdhury.Project_kinases.cof_tpl_mg.run_kin.4I22_GLU02A0928_004
ForkPoolWorker-1: Calling delphi to calculate conformer (418/639) GLU-1A0928_005 in /tmp/pbe_data.data.home.schowdhury.Project_kinases.cof_tpl_mg.run_kin.4I22_GLU-1A0928_005
ForkPoolWorker-1: Calling delphi to calculate conformer (419/639) LYS01A0929_001 in /tmp/pbe_data.data.home.schowdhury.Project_kinases.cof_tpl_mg.run_kin.4I22_LYS01A0929_001
ForkPoolWorker-1: Calling delphi to calculate conformer (420/639) LYS+1A0929_002 in /tmp/pbe_data.data.home.schowdhury.Project_kinases.cof_tpl_mg.run_kin.4I22_LYS+1A0929_002
ForkPoolWorker-1: Calling delphi to calculate conformer (421/639) GLU01A0931_001 in /tmp/pbe_data.data.home.schowdhury.Project_kinases.cof_tpl_mg.run_kin.4I22_GLU01A0931_001
ForkPoolWorker-1: Calling delphi to calculate conformer (422/639) GLU01A0931_002 in /tmp/pbe_data.data.home.schowdhury.Project_kinases.cof_tpl_mg.run_kin.4I22_GLU01A0931_002
ForkPoolWorker-1: Calling delphi to calculate conformer (423/639) GLU02A0931_003 in /tmp/pbe_data.data.home.schowdhury.Project_kinases.cof_tpl_mg.run_kin.4I22_GLU02A0931_003
ForkPoolWorker-1: Calling delphi to calculate conformer (424/639) GLU02A0931_004 in /tmp/pbe_data.data.home.schowdhury.Project_kinases.cof_tpl_mg.run_kin.4I22_GLU02A0931_004
ForkPoolWorker-1: Calling delphi to calculate conformer (425/639) GLU-1A0931_005 in /tmp/pbe_data.data.home.schowdhury.Project_kinases.cof_tpl_mg.run_kin.4I22_GLU-1A0931_005
ForkPoolWorker-1: Calling delphi to calculate conformer (426/639) ARG01A0932_001 in /tmp/pbe_data.data.home.schowdhury.Project_kinases.cof_tpl_mg.run_kin.4I22_ARG01A0932_001
ForkPoolWorker-1: Calling delphi to calculate conformer (427/639) ARG02A0932_002 in /tmp/pbe_data.data.home.schowdhury.Project_kinases.cof_tpl_mg.run_kin.4I22_ARG02A0932_002
ForkPoolWorker-1: Calling delphi to calculate conformer (428/639) ARG03A0932_003 in /tmp/pbe_data.data.home.schowdhury.Project_kinases.cof_tpl_mg.run_kin.4I22_ARG03A0932_003
ForkPoolWorker-1: Calling delphi to calculate conformer (429/639) ARG+1A0932_004 in /tmp/pbe_data.data.home.schowdhury.Project_kinases.cof_tpl_mg.run_kin.4I22_ARG+1A0932_004
Skipping PBE solver for non-charge conformer (430/639) LEU01A0933_001...
Skipping PBE solver for non-charge conformer (431/639) PRO01A0934_001...
ForkPoolWorker-1: Calling delphi to calculate conformer (432/639) GLN01A0935_001 in /tmp/pbe_data.data.home.schowdhury.Project_kinases.cof_tpl_mg.run_kin.4I22_GLN01A0935_001
ForkPoolWorker-1: Calling delphi to calculate conformer (433/639) GLN01A0935_002 in /tmp/pbe_data.data.home.schowdhury.Project_kinases.cof_tpl_mg.run_kin.4I22_GLN01A0935_002
Skipping PBE solver for non-charge conformer (434/639) PRO01A0936_001...
Skipping PBE solver for non-charge conformer (435/639) PRO01A0937_001...
Skipping PBE solver for non-charge conformer (436/639) ILE01A0938_001...
ForkPoolWorker-1: Calling delphi to calculate conformer (437/639) CYS01A0939_001 in /tmp/pbe_data.data.home.schowdhury.Project_kinases.cof_tpl_mg.run_kin.4I22_CYS01A0939_001
ForkPoolWorker-1: Calling delphi to calculate conformer (438/639) CYS01A0939_002 in /tmp/pbe_data.data.home.schowdhury.Project_kinases.cof_tpl_mg.run_kin.4I22_CYS01A0939_002
ForkPoolWorker-1: Calling delphi to calculate conformer (439/639) CYS01A0939_003 in /tmp/pbe_data.data.home.schowdhury.Project_kinases.cof_tpl_mg.run_kin.4I22_CYS01A0939_003
ForkPoolWorker-1: Calling delphi to calculate conformer (440/639) CYS-1A0939_004 in /tmp/pbe_data.data.home.schowdhury.Project_kinases.cof_tpl_mg.run_kin.4I22_CYS-1A0939_004
ForkPoolWorker-1: Calling delphi to calculate conformer (441/639) THR01A0940_001 in /tmp/pbe_data.data.home.schowdhury.Project_kinases.cof_tpl_mg.run_kin.4I22_THR01A0940_001
ForkPoolWorker-1: Calling delphi to calculate conformer (442/639) THR01A0940_002 in /tmp/pbe_data.data.home.schowdhury.Project_kinases.cof_tpl_mg.run_kin.4I22_THR01A0940_002
Skipping PBE solver for non-charge conformer (443/639) ILE01A0941_001...
ForkPoolWorker-1: Calling delphi to calculate conformer (444/639) ASP01A0942_001 in /tmp/pbe_data.data.home.schowdhury.Project_kinases.cof_tpl_mg.run_kin.4I22_ASP01A0942_001
ForkPoolWorker-1: Calling delphi to calculate conformer (445/639) ASP01A0942_002 in /tmp/pbe_data.data.home.schowdhury.Project_kinases.cof_tpl_mg.run_kin.4I22_ASP01A0942_002
ForkPoolWorker-1: Calling delphi to calculate conformer (446/639) ASP02A0942_003 in /tmp/pbe_data.data.home.schowdhury.Project_kinases.cof_tpl_mg.run_kin.4I22_ASP02A0942_003
ForkPoolWorker-1: Calling delphi to calculate conformer (447/639) ASP02A0942_004 in /tmp/pbe_data.data.home.schowdhury.Project_kinases.cof_tpl_mg.run_kin.4I22_ASP02A0942_004
ForkPoolWorker-1: Calling delphi to calculate conformer (448/639) ASP-1A0942_005 in /tmp/pbe_data.data.home.schowdhury.Project_kinases.cof_tpl_mg.run_kin.4I22_ASP-1A0942_005
Skipping PBE solver for non-charge conformer (449/639) VAL01A0943_001...
ForkPoolWorker-1: Calling delphi to calculate conformer (450/639) TYR01A0944_001 in /tmp/pbe_data.data.home.schowdhury.Project_kinases.cof_tpl_mg.run_kin.4I22_TYR01A0944_001
ForkPoolWorker-1: Calling delphi to calculate conformer (451/639) TYR01A0944_002 in /tmp/pbe_data.data.home.schowdhury.Project_kinases.cof_tpl_mg.run_kin.4I22_TYR01A0944_002
ForkPoolWorker-1: Calling delphi to calculate conformer (452/639) TYR-1A0944_003 in /tmp/pbe_data.data.home.schowdhury.Project_kinases.cof_tpl_mg.run_kin.4I22_TYR-1A0944_003
ForkPoolWorker-1: Calling delphi to calculate conformer (453/639) MET01A0945_001 in /tmp/pbe_data.data.home.schowdhury.Project_kinases.cof_tpl_mg.run_kin.4I22_MET01A0945_001
Skipping PBE solver for non-charge conformer (454/639) ILE01A0946_001...
ForkPoolWorker-1: Calling delphi to calculate conformer (455/639) MET01A0947_001 in /tmp/pbe_data.data.home.schowdhury.Project_kinases.cof_tpl_mg.run_kin.4I22_MET01A0947_001
ForkPoolWorker-1: Calling delphi to calculate conformer (456/639) ARG01A0948_001 in /tmp/pbe_data.data.home.schowdhury.Project_kinases.cof_tpl_mg.run_kin.4I22_ARG01A0948_001
ForkPoolWorker-1: Calling delphi to calculate conformer (457/639) ARG02A0948_002 in /tmp/pbe_data.data.home.schowdhury.Project_kinases.cof_tpl_mg.run_kin.4I22_ARG02A0948_002
ForkPoolWorker-1: Calling delphi to calculate conformer (458/639) ARG02A0948_003 in /tmp/pbe_data.data.home.schowdhury.Project_kinases.cof_tpl_mg.run_kin.4I22_ARG02A0948_003
ForkPoolWorker-1: Calling delphi to calculate conformer (459/639) ARG03A0948_004 in /tmp/pbe_data.data.home.schowdhury.Project_kinases.cof_tpl_mg.run_kin.4I22_ARG03A0948_004
ForkPoolWorker-1: Calling delphi to calculate conformer (460/639) ARG+1A0948_005 in /tmp/pbe_data.data.home.schowdhury.Project_kinases.cof_tpl_mg.run_kin.4I22_ARG+1A0948_005
ForkPoolWorker-1: Calling delphi to calculate conformer (461/639) LYS01A0949_001 in /tmp/pbe_data.data.home.schowdhury.Project_kinases.cof_tpl_mg.run_kin.4I22_LYS01A0949_001
ForkPoolWorker-1: Calling delphi to calculate conformer (462/639) LYS+1A0949_002 in /tmp/pbe_data.data.home.schowdhury.Project_kinases.cof_tpl_mg.run_kin.4I22_LYS+1A0949_002
ForkPoolWorker-1: Calling delphi to calculate conformer (463/639) CYS01A0950_001 in /tmp/pbe_data.data.home.schowdhury.Project_kinases.cof_tpl_mg.run_kin.4I22_CYS01A0950_001
ForkPoolWorker-1: Calling delphi to calculate conformer (464/639) CYS01A0950_002 in /tmp/pbe_data.data.home.schowdhury.Project_kinases.cof_tpl_mg.run_kin.4I22_CYS01A0950_002
ForkPoolWorker-1: Calling delphi to calculate conformer (465/639) CYS01A0950_003 in /tmp/pbe_data.data.home.schowdhury.Project_kinases.cof_tpl_mg.run_kin.4I22_CYS01A0950_003
ForkPoolWorker-1: Calling delphi to calculate conformer (466/639) CYS-1A0950_004 in /tmp/pbe_data.data.home.schowdhury.Project_kinases.cof_tpl_mg.run_kin.4I22_CYS-1A0950_004
Skipping PBE solver for non-charge conformer (467/639) TRP01A0951_001...
ForkPoolWorker-1: Calling delphi to calculate conformer (468/639) MET01A0952_001 in /tmp/pbe_data.data.home.schowdhury.Project_kinases.cof_tpl_mg.run_kin.4I22_MET01A0952_001
Skipping PBE solver for non-charge conformer (469/639) ILE01A0953_001...
ForkPoolWorker-1: Calling delphi to calculate conformer (470/639) ASP01A0954_001 in /tmp/pbe_data.data.home.schowdhury.Project_kinases.cof_tpl_mg.run_kin.4I22_ASP01A0954_001
ForkPoolWorker-1: Calling delphi to calculate conformer (471/639) ASP01A0954_002 in /tmp/pbe_data.data.home.schowdhury.Project_kinases.cof_tpl_mg.run_kin.4I22_ASP01A0954_002
ForkPoolWorker-1: Calling delphi to calculate conformer (472/639) ASP02A0954_003 in /tmp/pbe_data.data.home.schowdhury.Project_kinases.cof_tpl_mg.run_kin.4I22_ASP02A0954_003
ForkPoolWorker-1: Calling delphi to calculate conformer (473/639) ASP02A0954_004 in /tmp/pbe_data.data.home.schowdhury.Project_kinases.cof_tpl_mg.run_kin.4I22_ASP02A0954_004
ForkPoolWorker-1: Calling delphi to calculate conformer (474/639) ASP-1A0954_005 in /tmp/pbe_data.data.home.schowdhury.Project_kinases.cof_tpl_mg.run_kin.4I22_ASP-1A0954_005
Skipping PBE solver for non-charge conformer (475/639) ALA01A0955_001...
ForkPoolWorker-1: Calling delphi to calculate conformer (476/639) ASP01A0956_001 in /tmp/pbe_data.data.home.schowdhury.Project_kinases.cof_tpl_mg.run_kin.4I22_ASP01A0956_001
ForkPoolWorker-1: Calling delphi to calculate conformer (477/639) ASP01A0956_002 in /tmp/pbe_data.data.home.schowdhury.Project_kinases.cof_tpl_mg.run_kin.4I22_ASP01A0956_002
ForkPoolWorker-1: Calling delphi to calculate conformer (478/639) ASP02A0956_003 in /tmp/pbe_data.data.home.schowdhury.Project_kinases.cof_tpl_mg.run_kin.4I22_ASP02A0956_003
ForkPoolWorker-1: Calling delphi to calculate conformer (479/639) ASP02A0956_004 in /tmp/pbe_data.data.home.schowdhury.Project_kinases.cof_tpl_mg.run_kin.4I22_ASP02A0956_004
ForkPoolWorker-1: Calling delphi to calculate conformer (480/639) ASP-1A0956_005 in /tmp/pbe_data.data.home.schowdhury.Project_kinases.cof_tpl_mg.run_kin.4I22_ASP-1A0956_005
ForkPoolWorker-1: Calling delphi to calculate conformer (481/639) SER01A0957_001 in /tmp/pbe_data.data.home.schowdhury.Project_kinases.cof_tpl_mg.run_kin.4I22_SER01A0957_001
ForkPoolWorker-1: Calling delphi to calculate conformer (482/639) SER01A0957_002 in /tmp/pbe_data.data.home.schowdhury.Project_kinases.cof_tpl_mg.run_kin.4I22_SER01A0957_002
ForkPoolWorker-1: Calling delphi to calculate conformer (483/639) ARG01A0958_001 in /tmp/pbe_data.data.home.schowdhury.Project_kinases.cof_tpl_mg.run_kin.4I22_ARG01A0958_001
ForkPoolWorker-1: Calling delphi to calculate conformer (484/639) ARG02A0958_002 in /tmp/pbe_data.data.home.schowdhury.Project_kinases.cof_tpl_mg.run_kin.4I22_ARG02A0958_002
ForkPoolWorker-1: Calling delphi to calculate conformer (485/639) ARG02A0958_003 in /tmp/pbe_data.data.home.schowdhury.Project_kinases.cof_tpl_mg.run_kin.4I22_ARG02A0958_003
ForkPoolWorker-1: Calling delphi to calculate conformer (486/639) ARG03A0958_004 in /tmp/pbe_data.data.home.schowdhury.Project_kinases.cof_tpl_mg.run_kin.4I22_ARG03A0958_004
ForkPoolWorker-1: Calling delphi to calculate conformer (487/639) ARG03A0958_005 in /tmp/pbe_data.data.home.schowdhury.Project_kinases.cof_tpl_mg.run_kin.4I22_ARG03A0958_005
ForkPoolWorker-1: Calling delphi to calculate conformer (488/639) ARG+1A0958_006 in /tmp/pbe_data.data.home.schowdhury.Project_kinases.cof_tpl_mg.run_kin.4I22_ARG+1A0958_006
Skipping PBE solver for non-charge conformer (489/639) PRO01A0959_001...
ForkPoolWorker-1: Calling delphi to calculate conformer (490/639) LYS01A0960_001 in /tmp/pbe_data.data.home.schowdhury.Project_kinases.cof_tpl_mg.run_kin.4I22_LYS01A0960_001
ForkPoolWorker-1: Calling delphi to calculate conformer (491/639) LYS+1A0960_002 in /tmp/pbe_data.data.home.schowdhury.Project_kinases.cof_tpl_mg.run_kin.4I22_LYS+1A0960_002
Skipping PBE solver for non-charge conformer (492/639) PHE01A0961_001...
ForkPoolWorker-1: Calling delphi to calculate conformer (493/639) ARG01A0962_001 in /tmp/pbe_data.data.home.schowdhury.Project_kinases.cof_tpl_mg.run_kin.4I22_ARG01A0962_001
ForkPoolWorker-1: Calling delphi to calculate conformer (494/639) ARG02A0962_002 in /tmp/pbe_data.data.home.schowdhury.Project_kinases.cof_tpl_mg.run_kin.4I22_ARG02A0962_002
ForkPoolWorker-1: Calling delphi to calculate conformer (495/639) ARG03A0962_003 in /tmp/pbe_data.data.home.schowdhury.Project_kinases.cof_tpl_mg.run_kin.4I22_ARG03A0962_003
ForkPoolWorker-1: Calling delphi to calculate conformer (496/639) ARG+1A0962_004 in /tmp/pbe_data.data.home.schowdhury.Project_kinases.cof_tpl_mg.run_kin.4I22_ARG+1A0962_004
ForkPoolWorker-1: Calling delphi to calculate conformer (497/639) GLU01A0963_001 in /tmp/pbe_data.data.home.schowdhury.Project_kinases.cof_tpl_mg.run_kin.4I22_GLU01A0963_001
ForkPoolWorker-1: Calling delphi to calculate conformer (498/639) GLU01A0963_002 in /tmp/pbe_data.data.home.schowdhury.Project_kinases.cof_tpl_mg.run_kin.4I22_GLU01A0963_002
ForkPoolWorker-1: Calling delphi to calculate conformer (499/639) GLU02A0963_003 in /tmp/pbe_data.data.home.schowdhury.Project_kinases.cof_tpl_mg.run_kin.4I22_GLU02A0963_003
ForkPoolWorker-1: Calling delphi to calculate conformer (500/639) GLU02A0963_004 in /tmp/pbe_data.data.home.schowdhury.Project_kinases.cof_tpl_mg.run_kin.4I22_GLU02A0963_004
ForkPoolWorker-1: Calling delphi to calculate conformer (501/639) GLU-1A0963_005 in /tmp/pbe_data.data.home.schowdhury.Project_kinases.cof_tpl_mg.run_kin.4I22_GLU-1A0963_005
Skipping PBE solver for non-charge conformer (502/639) LEU01A0964_001...
Skipping PBE solver for non-charge conformer (503/639) ILE01A0965_001...
Skipping PBE solver for non-charge conformer (504/639) ILE01A0966_001...
ForkPoolWorker-1: Calling delphi to calculate conformer (505/639) GLU01A0967_001 in /tmp/pbe_data.data.home.schowdhury.Project_kinases.cof_tpl_mg.run_kin.4I22_GLU01A0967_001
ForkPoolWorker-1: Calling delphi to calculate conformer (506/639) GLU01A0967_002 in /tmp/pbe_data.data.home.schowdhury.Project_kinases.cof_tpl_mg.run_kin.4I22_GLU01A0967_002
ForkPoolWorker-1: Calling delphi to calculate conformer (507/639) GLU02A0967_003 in /tmp/pbe_data.data.home.schowdhury.Project_kinases.cof_tpl_mg.run_kin.4I22_GLU02A0967_003
ForkPoolWorker-1: Calling delphi to calculate conformer (508/639) GLU02A0967_004 in /tmp/pbe_data.data.home.schowdhury.Project_kinases.cof_tpl_mg.run_kin.4I22_GLU02A0967_004
ForkPoolWorker-1: Calling delphi to calculate conformer (509/639) GLU-1A0967_005 in /tmp/pbe_data.data.home.schowdhury.Project_kinases.cof_tpl_mg.run_kin.4I22_GLU-1A0967_005
Skipping PBE solver for non-charge conformer (510/639) PHE01A0968_001...
ForkPoolWorker-1: Calling delphi to calculate conformer (511/639) SER01A0969_001 in /tmp/pbe_data.data.home.schowdhury.Project_kinases.cof_tpl_mg.run_kin.4I22_SER01A0969_001
ForkPoolWorker-1: Calling delphi to calculate conformer (512/639) SER01A0969_002 in /tmp/pbe_data.data.home.schowdhury.Project_kinases.cof_tpl_mg.run_kin.4I22_SER01A0969_002
ForkPoolWorker-1: Calling delphi to calculate conformer (513/639) LYS01A0970_001 in /tmp/pbe_data.data.home.schowdhury.Project_kinases.cof_tpl_mg.run_kin.4I22_LYS01A0970_001
ForkPoolWorker-1: Calling delphi to calculate conformer (514/639) LYS+1A0970_002 in /tmp/pbe_data.data.home.schowdhury.Project_kinases.cof_tpl_mg.run_kin.4I22_LYS+1A0970_002
ForkPoolWorker-1: Calling delphi to calculate conformer (515/639) MET01A0971_001 in /tmp/pbe_data.data.home.schowdhury.Project_kinases.cof_tpl_mg.run_kin.4I22_MET01A0971_001
Skipping PBE solver for non-charge conformer (516/639) ALA01A0972_001...
ForkPoolWorker-1: Calling delphi to calculate conformer (517/639) ARG01A0973_001 in /tmp/pbe_data.data.home.schowdhury.Project_kinases.cof_tpl_mg.run_kin.4I22_ARG01A0973_001
ForkPoolWorker-1: Calling delphi to calculate conformer (518/639) ARG02A0973_002 in /tmp/pbe_data.data.home.schowdhury.Project_kinases.cof_tpl_mg.run_kin.4I22_ARG02A0973_002
ForkPoolWorker-1: Calling delphi to calculate conformer (519/639) ARG03A0973_003 in /tmp/pbe_data.data.home.schowdhury.Project_kinases.cof_tpl_mg.run_kin.4I22_ARG03A0973_003
ForkPoolWorker-1: Calling delphi to calculate conformer (520/639) ARG+1A0973_004 in /tmp/pbe_data.data.home.schowdhury.Project_kinases.cof_tpl_mg.run_kin.4I22_ARG+1A0973_004
ForkPoolWorker-1: Calling delphi to calculate conformer (521/639) ASP01A0974_001 in /tmp/pbe_data.data.home.schowdhury.Project_kinases.cof_tpl_mg.run_kin.4I22_ASP01A0974_001
ForkPoolWorker-1: Calling delphi to calculate conformer (522/639) ASP01A0974_002 in /tmp/pbe_data.data.home.schowdhury.Project_kinases.cof_tpl_mg.run_kin.4I22_ASP01A0974_002
ForkPoolWorker-1: Calling delphi to calculate conformer (523/639) ASP02A0974_003 in /tmp/pbe_data.data.home.schowdhury.Project_kinases.cof_tpl_mg.run_kin.4I22_ASP02A0974_003
ForkPoolWorker-1: Calling delphi to calculate conformer (524/639) ASP02A0974_004 in /tmp/pbe_data.data.home.schowdhury.Project_kinases.cof_tpl_mg.run_kin.4I22_ASP02A0974_004
ForkPoolWorker-1: Calling delphi to calculate conformer (525/639) ASP-1A0974_005 in /tmp/pbe_data.data.home.schowdhury.Project_kinases.cof_tpl_mg.run_kin.4I22_ASP-1A0974_005
Skipping PBE solver for non-charge conformer (526/639) PRO01A0975_001...
ForkPoolWorker-1: Calling delphi to calculate conformer (527/639) GLN01A0976_001 in /tmp/pbe_data.data.home.schowdhury.Project_kinases.cof_tpl_mg.run_kin.4I22_GLN01A0976_001
ForkPoolWorker-1: Calling delphi to calculate conformer (528/639) GLN01A0976_002 in /tmp/pbe_data.data.home.schowdhury.Project_kinases.cof_tpl_mg.run_kin.4I22_GLN01A0976_002
ForkPoolWorker-1: Calling delphi to calculate conformer (529/639) ARG01A0977_001 in /tmp/pbe_data.data.home.schowdhury.Project_kinases.cof_tpl_mg.run_kin.4I22_ARG01A0977_001
ForkPoolWorker-1: Calling delphi to calculate conformer (530/639) ARG02A0977_002 in /tmp/pbe_data.data.home.schowdhury.Project_kinases.cof_tpl_mg.run_kin.4I22_ARG02A0977_002
ForkPoolWorker-1: Calling delphi to calculate conformer (531/639) ARG03A0977_003 in /tmp/pbe_data.data.home.schowdhury.Project_kinases.cof_tpl_mg.run_kin.4I22_ARG03A0977_003
ForkPoolWorker-1: Calling delphi to calculate conformer (532/639) ARG03A0977_004 in /tmp/pbe_data.data.home.schowdhury.Project_kinases.cof_tpl_mg.run_kin.4I22_ARG03A0977_004
ForkPoolWorker-1: Calling delphi to calculate conformer (533/639) ARG+1A0977_005 in /tmp/pbe_data.data.home.schowdhury.Project_kinases.cof_tpl_mg.run_kin.4I22_ARG+1A0977_005
ForkPoolWorker-1: Calling delphi to calculate conformer (534/639) TYR01A0978_001 in /tmp/pbe_data.data.home.schowdhury.Project_kinases.cof_tpl_mg.run_kin.4I22_TYR01A0978_001
ForkPoolWorker-1: Calling delphi to calculate conformer (535/639) TYR01A0978_002 in /tmp/pbe_data.data.home.schowdhury.Project_kinases.cof_tpl_mg.run_kin.4I22_TYR01A0978_002
ForkPoolWorker-1: Calling delphi to calculate conformer (536/639) TYR-1A0978_003 in /tmp/pbe_data.data.home.schowdhury.Project_kinases.cof_tpl_mg.run_kin.4I22_TYR-1A0978_003
Skipping PBE solver for non-charge conformer (537/639) LEU01A0979_001...
Skipping PBE solver for non-charge conformer (538/639) VAL01A0980_001...
Skipping PBE solver for non-charge conformer (539/639) ILE01A0981_001...
ForkPoolWorker-1: Calling delphi to calculate conformer (540/639) GLN01A0982_001 in /tmp/pbe_data.data.home.schowdhury.Project_kinases.cof_tpl_mg.run_kin.4I22_GLN01A0982_001
ForkPoolWorker-1: Calling delphi to calculate conformer (541/639) GLN01A0982_002 in /tmp/pbe_data.data.home.schowdhury.Project_kinases.cof_tpl_mg.run_kin.4I22_GLN01A0982_002
ForkPoolWorker-1: Calling delphi to calculate conformer (542/639) ASP01A0984_001 in /tmp/pbe_data.data.home.schowdhury.Project_kinases.cof_tpl_mg.run_kin.4I22_ASP01A0984_001
ForkPoolWorker-1: Calling delphi to calculate conformer (543/639) ASP01A0984_002 in /tmp/pbe_data.data.home.schowdhury.Project_kinases.cof_tpl_mg.run_kin.4I22_ASP01A0984_002
ForkPoolWorker-1: Calling delphi to calculate conformer (544/639) ASP02A0984_003 in /tmp/pbe_data.data.home.schowdhury.Project_kinases.cof_tpl_mg.run_kin.4I22_ASP02A0984_003
ForkPoolWorker-1: Calling delphi to calculate conformer (545/639) ASP02A0984_004 in /tmp/pbe_data.data.home.schowdhury.Project_kinases.cof_tpl_mg.run_kin.4I22_ASP02A0984_004
ForkPoolWorker-1: Calling delphi to calculate conformer (546/639) ASP02A0984_005 in /tmp/pbe_data.data.home.schowdhury.Project_kinases.cof_tpl_mg.run_kin.4I22_ASP02A0984_005
ForkPoolWorker-1: Calling delphi to calculate conformer (547/639) ASP-1A0984_006 in /tmp/pbe_data.data.home.schowdhury.Project_kinases.cof_tpl_mg.run_kin.4I22_ASP-1A0984_006
ForkPoolWorker-1: Calling delphi to calculate conformer (548/639) GLU01A0985_001 in /tmp/pbe_data.data.home.schowdhury.Project_kinases.cof_tpl_mg.run_kin.4I22_GLU01A0985_001
ForkPoolWorker-1: Calling delphi to calculate conformer (549/639) GLU01A0985_002 in /tmp/pbe_data.data.home.schowdhury.Project_kinases.cof_tpl_mg.run_kin.4I22_GLU01A0985_002
ForkPoolWorker-1: Calling delphi to calculate conformer (550/639) GLU02A0985_003 in /tmp/pbe_data.data.home.schowdhury.Project_kinases.cof_tpl_mg.run_kin.4I22_GLU02A0985_003
ForkPoolWorker-1: Calling delphi to calculate conformer (551/639) GLU02A0985_004 in /tmp/pbe_data.data.home.schowdhury.Project_kinases.cof_tpl_mg.run_kin.4I22_GLU02A0985_004
ForkPoolWorker-1: Calling delphi to calculate conformer (552/639) GLU-1A0985_005 in /tmp/pbe_data.data.home.schowdhury.Project_kinases.cof_tpl_mg.run_kin.4I22_GLU-1A0985_005
ForkPoolWorker-1: Calling delphi to calculate conformer (553/639) ARG01A0986_001 in /tmp/pbe_data.data.home.schowdhury.Project_kinases.cof_tpl_mg.run_kin.4I22_ARG01A0986_001
ForkPoolWorker-1: Calling delphi to calculate conformer (554/639) ARG02A0986_002 in /tmp/pbe_data.data.home.schowdhury.Project_kinases.cof_tpl_mg.run_kin.4I22_ARG02A0986_002
ForkPoolWorker-1: Calling delphi to calculate conformer (555/639) ARG03A0986_003 in /tmp/pbe_data.data.home.schowdhury.Project_kinases.cof_tpl_mg.run_kin.4I22_ARG03A0986_003
ForkPoolWorker-1: Calling delphi to calculate conformer (556/639) ARG+1A0986_004 in /tmp/pbe_data.data.home.schowdhury.Project_kinases.cof_tpl_mg.run_kin.4I22_ARG+1A0986_004
ForkPoolWorker-1: Calling delphi to calculate conformer (557/639) MET01A0987_001 in /tmp/pbe_data.data.home.schowdhury.Project_kinases.cof_tpl_mg.run_kin.4I22_MET01A0987_001
ForkPoolWorker-1: Calling delphi to calculate conformer (558/639) HIS01A0988_001 in /tmp/pbe_data.data.home.schowdhury.Project_kinases.cof_tpl_mg.run_kin.4I22_HIS01A0988_001
ForkPoolWorker-1: Calling delphi to calculate conformer (559/639) HIS02A0988_002 in /tmp/pbe_data.data.home.schowdhury.Project_kinases.cof_tpl_mg.run_kin.4I22_HIS02A0988_002
ForkPoolWorker-1: Calling delphi to calculate conformer (560/639) HIS+1A0988_003 in /tmp/pbe_data.data.home.schowdhury.Project_kinases.cof_tpl_mg.run_kin.4I22_HIS+1A0988_003
Skipping PBE solver for non-charge conformer (561/639) LEU01A0989_001...
Skipping PBE solver for non-charge conformer (562/639) PRO01A0990_001...
ForkPoolWorker-1: Calling delphi to calculate conformer (563/639) SER01A0991_001 in /tmp/pbe_data.data.home.schowdhury.Project_kinases.cof_tpl_mg.run_kin.4I22_SER01A0991_001
ForkPoolWorker-1: Calling delphi to calculate conformer (564/639) SER01A0991_002 in /tmp/pbe_data.data.home.schowdhury.Project_kinases.cof_tpl_mg.run_kin.4I22_SER01A0991_002
ForkPoolWorker-1: Calling delphi to calculate conformer (565/639) SER01A0991_003 in /tmp/pbe_data.data.home.schowdhury.Project_kinases.cof_tpl_mg.run_kin.4I22_SER01A0991_003
Skipping PBE solver for non-charge conformer (566/639) PRO01A0992_001...
ForkPoolWorker-1: Calling delphi to calculate conformer (567/639) THR01A0993_001 in /tmp/pbe_data.data.home.schowdhury.Project_kinases.cof_tpl_mg.run_kin.4I22_THR01A0993_001
ForkPoolWorker-1: Calling delphi to calculate conformer (568/639) THR01A0993_002 in /tmp/pbe_data.data.home.schowdhury.Project_kinases.cof_tpl_mg.run_kin.4I22_THR01A0993_002
ForkPoolWorker-1: Calling delphi to calculate conformer (569/639) ASP01A0994_001 in /tmp/pbe_data.data.home.schowdhury.Project_kinases.cof_tpl_mg.run_kin.4I22_ASP01A0994_001
ForkPoolWorker-1: Calling delphi to calculate conformer (570/639) ASP01A0994_002 in /tmp/pbe_data.data.home.schowdhury.Project_kinases.cof_tpl_mg.run_kin.4I22_ASP01A0994_002
ForkPoolWorker-1: Calling delphi to calculate conformer (571/639) ASP02A0994_003 in /tmp/pbe_data.data.home.schowdhury.Project_kinases.cof_tpl_mg.run_kin.4I22_ASP02A0994_003
ForkPoolWorker-1: Calling delphi to calculate conformer (572/639) ASP02A0994_004 in /tmp/pbe_data.data.home.schowdhury.Project_kinases.cof_tpl_mg.run_kin.4I22_ASP02A0994_004
ForkPoolWorker-1: Calling delphi to calculate conformer (573/639) ASP-1A0994_005 in /tmp/pbe_data.data.home.schowdhury.Project_kinases.cof_tpl_mg.run_kin.4I22_ASP-1A0994_005
ForkPoolWorker-1: Calling delphi to calculate conformer (574/639) SER01A0995_001 in /tmp/pbe_data.data.home.schowdhury.Project_kinases.cof_tpl_mg.run_kin.4I22_SER01A0995_001
ForkPoolWorker-1: Calling delphi to calculate conformer (575/639) ASN01A0996_001 in /tmp/pbe_data.data.home.schowdhury.Project_kinases.cof_tpl_mg.run_kin.4I22_ASN01A0996_001
ForkPoolWorker-1: Calling delphi to calculate conformer (576/639) ASN01A0996_002 in /tmp/pbe_data.data.home.schowdhury.Project_kinases.cof_tpl_mg.run_kin.4I22_ASN01A0996_002
Skipping PBE solver for non-charge conformer (577/639) PHE01A0997_001...
ForkPoolWorker-1: Calling delphi to calculate conformer (578/639) TYR01A0998_001 in /tmp/pbe_data.data.home.schowdhury.Project_kinases.cof_tpl_mg.run_kin.4I22_TYR01A0998_001
ForkPoolWorker-1: Calling delphi to calculate conformer (579/639) TYR-1A0998_002 in /tmp/pbe_data.data.home.schowdhury.Project_kinases.cof_tpl_mg.run_kin.4I22_TYR-1A0998_002
ForkPoolWorker-1: Calling delphi to calculate conformer (580/639) ARG01A0999_001 in /tmp/pbe_data.data.home.schowdhury.Project_kinases.cof_tpl_mg.run_kin.4I22_ARG01A0999_001
ForkPoolWorker-1: Calling delphi to calculate conformer (581/639) ARG02A0999_002 in /tmp/pbe_data.data.home.schowdhury.Project_kinases.cof_tpl_mg.run_kin.4I22_ARG02A0999_002
ForkPoolWorker-1: Calling delphi to calculate conformer (582/639) ARG03A0999_003 in /tmp/pbe_data.data.home.schowdhury.Project_kinases.cof_tpl_mg.run_kin.4I22_ARG03A0999_003
ForkPoolWorker-1: Calling delphi to calculate conformer (583/639) ARG03A0999_004 in /tmp/pbe_data.data.home.schowdhury.Project_kinases.cof_tpl_mg.run_kin.4I22_ARG03A0999_004
ForkPoolWorker-1: Calling delphi to calculate conformer (584/639) ARG+1A0999_005 in /tmp/pbe_data.data.home.schowdhury.Project_kinases.cof_tpl_mg.run_kin.4I22_ARG+1A0999_005
Skipping PBE solver for non-charge conformer (585/639) ALA01A1000_001...
Skipping PBE solver for non-charge conformer (586/639) LEU01A1001_001...
ForkPoolWorker-1: Calling delphi to calculate conformer (587/639) MET01A1002_001 in /tmp/pbe_data.data.home.schowdhury.Project_kinases.cof_tpl_mg.run_kin.4I22_MET01A1002_001
ForkPoolWorker-1: Calling delphi to calculate conformer (588/639) ASP01A1003_001 in /tmp/pbe_data.data.home.schowdhury.Project_kinases.cof_tpl_mg.run_kin.4I22_ASP01A1003_001
ForkPoolWorker-1: Calling delphi to calculate conformer (589/639) ASP01A1003_002 in /tmp/pbe_data.data.home.schowdhury.Project_kinases.cof_tpl_mg.run_kin.4I22_ASP01A1003_002
ForkPoolWorker-1: Calling delphi to calculate conformer (590/639) ASP02A1003_003 in /tmp/pbe_data.data.home.schowdhury.Project_kinases.cof_tpl_mg.run_kin.4I22_ASP02A1003_003
ForkPoolWorker-1: Calling delphi to calculate conformer (591/639) ASP02A1003_004 in /tmp/pbe_data.data.home.schowdhury.Project_kinases.cof_tpl_mg.run_kin.4I22_ASP02A1003_004
ForkPoolWorker-1: Calling delphi to calculate conformer (592/639) ASP-1A1003_005 in /tmp/pbe_data.data.home.schowdhury.Project_kinases.cof_tpl_mg.run_kin.4I22_ASP-1A1003_005
ForkPoolWorker-1: Calling delphi to calculate conformer (593/639) GLU01A1004_001 in /tmp/pbe_data.data.home.schowdhury.Project_kinases.cof_tpl_mg.run_kin.4I22_GLU01A1004_001
ForkPoolWorker-1: Calling delphi to calculate conformer (594/639) GLU01A1004_002 in /tmp/pbe_data.data.home.schowdhury.Project_kinases.cof_tpl_mg.run_kin.4I22_GLU01A1004_002
ForkPoolWorker-1: Calling delphi to calculate conformer (595/639) GLU02A1004_003 in /tmp/pbe_data.data.home.schowdhury.Project_kinases.cof_tpl_mg.run_kin.4I22_GLU02A1004_003
ForkPoolWorker-1: Calling delphi to calculate conformer (596/639) GLU02A1004_004 in /tmp/pbe_data.data.home.schowdhury.Project_kinases.cof_tpl_mg.run_kin.4I22_GLU02A1004_004
ForkPoolWorker-1: Calling delphi to calculate conformer (597/639) GLU-1A1004_005 in /tmp/pbe_data.data.home.schowdhury.Project_kinases.cof_tpl_mg.run_kin.4I22_GLU-1A1004_005
ForkPoolWorker-1: Calling delphi to calculate conformer (598/639) GLU01A1005_001 in /tmp/pbe_data.data.home.schowdhury.Project_kinases.cof_tpl_mg.run_kin.4I22_GLU01A1005_001
ForkPoolWorker-1: Calling delphi to calculate conformer (599/639) GLU01A1005_002 in /tmp/pbe_data.data.home.schowdhury.Project_kinases.cof_tpl_mg.run_kin.4I22_GLU01A1005_002
ForkPoolWorker-1: Calling delphi to calculate conformer (600/639) GLU02A1005_003 in /tmp/pbe_data.data.home.schowdhury.Project_kinases.cof_tpl_mg.run_kin.4I22_GLU02A1005_003
ForkPoolWorker-1: Calling delphi to calculate conformer (601/639) GLU02A1005_004 in /tmp/pbe_data.data.home.schowdhury.Project_kinases.cof_tpl_mg.run_kin.4I22_GLU02A1005_004
ForkPoolWorker-1: Calling delphi to calculate conformer (602/639) GLU-1A1005_005 in /tmp/pbe_data.data.home.schowdhury.Project_kinases.cof_tpl_mg.run_kin.4I22_GLU-1A1005_005
ForkPoolWorker-1: Calling delphi to calculate conformer (603/639) ASP01A1006_001 in /tmp/pbe_data.data.home.schowdhury.Project_kinases.cof_tpl_mg.run_kin.4I22_ASP01A1006_001
ForkPoolWorker-1: Calling delphi to calculate conformer (604/639) ASP01A1006_002 in /tmp/pbe_data.data.home.schowdhury.Project_kinases.cof_tpl_mg.run_kin.4I22_ASP01A1006_002
ForkPoolWorker-1: Calling delphi to calculate conformer (605/639) ASP02A1006_003 in /tmp/pbe_data.data.home.schowdhury.Project_kinases.cof_tpl_mg.run_kin.4I22_ASP02A1006_003
ForkPoolWorker-1: Calling delphi to calculate conformer (606/639) ASP02A1006_004 in /tmp/pbe_data.data.home.schowdhury.Project_kinases.cof_tpl_mg.run_kin.4I22_ASP02A1006_004
ForkPoolWorker-1: Calling delphi to calculate conformer (607/639) ASP-1A1006_005 in /tmp/pbe_data.data.home.schowdhury.Project_kinases.cof_tpl_mg.run_kin.4I22_ASP-1A1006_005
ForkPoolWorker-1: Calling delphi to calculate conformer (608/639) MET01A1007_001 in /tmp/pbe_data.data.home.schowdhury.Project_kinases.cof_tpl_mg.run_kin.4I22_MET01A1007_001
ForkPoolWorker-1: Calling delphi to calculate conformer (609/639) ASP01A1008_001 in /tmp/pbe_data.data.home.schowdhury.Project_kinases.cof_tpl_mg.run_kin.4I22_ASP01A1008_001
ForkPoolWorker-1: Calling delphi to calculate conformer (610/639) ASP01A1008_002 in /tmp/pbe_data.data.home.schowdhury.Project_kinases.cof_tpl_mg.run_kin.4I22_ASP01A1008_002
ForkPoolWorker-1: Calling delphi to calculate conformer (611/639) ASP02A1008_003 in /tmp/pbe_data.data.home.schowdhury.Project_kinases.cof_tpl_mg.run_kin.4I22_ASP02A1008_003
ForkPoolWorker-1: Calling delphi to calculate conformer (612/639) ASP02A1008_004 in /tmp/pbe_data.data.home.schowdhury.Project_kinases.cof_tpl_mg.run_kin.4I22_ASP02A1008_004
ForkPoolWorker-1: Calling delphi to calculate conformer (613/639) ASP-1A1008_005 in /tmp/pbe_data.data.home.schowdhury.Project_kinases.cof_tpl_mg.run_kin.4I22_ASP-1A1008_005
ForkPoolWorker-1: Calling delphi to calculate conformer (614/639) ASP01A1009_001 in /tmp/pbe_data.data.home.schowdhury.Project_kinases.cof_tpl_mg.run_kin.4I22_ASP01A1009_001
ForkPoolWorker-1: Calling delphi to calculate conformer (615/639) ASP01A1009_002 in /tmp/pbe_data.data.home.schowdhury.Project_kinases.cof_tpl_mg.run_kin.4I22_ASP01A1009_002
ForkPoolWorker-1: Calling delphi to calculate conformer (616/639) ASP02A1009_003 in /tmp/pbe_data.data.home.schowdhury.Project_kinases.cof_tpl_mg.run_kin.4I22_ASP02A1009_003
ForkPoolWorker-1: Calling delphi to calculate conformer (617/639) ASP02A1009_004 in /tmp/pbe_data.data.home.schowdhury.Project_kinases.cof_tpl_mg.run_kin.4I22_ASP02A1009_004
ForkPoolWorker-1: Calling delphi to calculate conformer (618/639) ASP-1A1009_005 in /tmp/pbe_data.data.home.schowdhury.Project_kinases.cof_tpl_mg.run_kin.4I22_ASP-1A1009_005
Skipping PBE solver for non-charge conformer (619/639) VAL01A1010_001...
Skipping PBE solver for non-charge conformer (620/639) VAL01A1011_001...
ForkPoolWorker-1: Calling delphi to calculate conformer (621/639) ASP01A1012_001 in /tmp/pbe_data.data.home.schowdhury.Project_kinases.cof_tpl_mg.run_kin.4I22_ASP01A1012_001
ForkPoolWorker-1: Calling delphi to calculate conformer (622/639) ASP01A1012_002 in /tmp/pbe_data.data.home.schowdhury.Project_kinases.cof_tpl_mg.run_kin.4I22_ASP01A1012_002
ForkPoolWorker-1: Calling delphi to calculate conformer (623/639) ASP01A1012_003 in /tmp/pbe_data.data.home.schowdhury.Project_kinases.cof_tpl_mg.run_kin.4I22_ASP01A1012_003
ForkPoolWorker-1: Calling delphi to calculate conformer (624/639) ASP01A1012_004 in /tmp/pbe_data.data.home.schowdhury.Project_kinases.cof_tpl_mg.run_kin.4I22_ASP01A1012_004
ForkPoolWorker-1: Calling delphi to calculate conformer (625/639) ASP02A1012_005 in /tmp/pbe_data.data.home.schowdhury.Project_kinases.cof_tpl_mg.run_kin.4I22_ASP02A1012_005
ForkPoolWorker-1: Calling delphi to calculate conformer (626/639) ASP02A1012_006 in /tmp/pbe_data.data.home.schowdhury.Project_kinases.cof_tpl_mg.run_kin.4I22_ASP02A1012_006
ForkPoolWorker-1: Calling delphi to calculate conformer (627/639) ASP-1A1012_007 in /tmp/pbe_data.data.home.schowdhury.Project_kinases.cof_tpl_mg.run_kin.4I22_ASP-1A1012_007
ForkPoolWorker-1: Calling delphi to calculate conformer (628/639) ASP-1A1012_008 in /tmp/pbe_data.data.home.schowdhury.Project_kinases.cof_tpl_mg.run_kin.4I22_ASP-1A1012_008
Skipping PBE solver for non-charge conformer (629/639) ALA01A1013_001...
ForkPoolWorker-1: Calling delphi to calculate conformer (630/639) ASP01A1014_001 in /tmp/pbe_data.data.home.schowdhury.Project_kinases.cof_tpl_mg.run_kin.4I22_ASP01A1014_001
ForkPoolWorker-1: Calling delphi to calculate conformer (631/639) ASP01A1014_002 in /tmp/pbe_data.data.home.schowdhury.Project_kinases.cof_tpl_mg.run_kin.4I22_ASP01A1014_002
ForkPoolWorker-1: Calling delphi to calculate conformer (632/639) ASP02A1014_003 in /tmp/pbe_data.data.home.schowdhury.Project_kinases.cof_tpl_mg.run_kin.4I22_ASP02A1014_003
ForkPoolWorker-1: Calling delphi to calculate conformer (633/639) ASP02A1014_004 in /tmp/pbe_data.data.home.schowdhury.Project_kinases.cof_tpl_mg.run_kin.4I22_ASP02A1014_004
ForkPoolWorker-1: Calling delphi to calculate conformer (634/639) ASP-1A1014_005 in /tmp/pbe_data.data.home.schowdhury.Project_kinases.cof_tpl_mg.run_kin.4I22_ASP-1A1014_005
ForkPoolWorker-1: Calling delphi to calculate conformer (635/639) IRE+aA9001_001 in /tmp/pbe_data.data.home.schowdhury.Project_kinases.cof_tpl_mg.run_kin.4I22_IRE+aA9001_001
ForkPoolWorker-1: Calling delphi to calculate conformer (636/639) IRE01A9001_002 in /tmp/pbe_data.data.home.schowdhury.Project_kinases.cof_tpl_mg.run_kin.4I22_IRE01A9001_002
ForkPoolWorker-1: Calling delphi to calculate conformer (637/639) IRE+1A9001_003 in /tmp/pbe_data.data.home.schowdhury.Project_kinases.cof_tpl_mg.run_kin.4I22_IRE+1A9001_003
ForkPoolWorker-1: Calling delphi to calculate conformer (638/639) IRE+2A9001_004 in /tmp/pbe_data.data.home.schowdhury.Project_kinases.cof_tpl_mg.run_kin.4I22_IRE+2A9001_004
ForkPoolWorker-1: Calling delphi to calculate conformer (639/639) IRE+3A9001_005 in /tmp/pbe_data.data.home.schowdhury.Project_kinases.cof_tpl_mg.run_kin.4I22_IRE+3A9001_005
