ForkPoolWorker-2: Calling delphi to calculate conformer (2/641) GLU01A0697_002 in /tmp/pbe_data.data.home.granepura.5-Kinases.Kinases_MCCE.Trial02.run_holo.4G5P_GLU01A0697_002
ForkPoolWorker-3: Calling delphi to calculate conformer (3/641) GLU02A0697_003 in /tmp/pbe_data.data.home.granepura.5-Kinases.Kinases_MCCE.Trial02.run_holo.4G5P_GLU02A0697_003
ForkPoolWorker-5: Calling delphi to calculate conformer (5/641) GLU-1A0697_005 in /tmp/pbe_data.data.home.granepura.5-Kinases.Kinases_MCCE.Trial02.run_holo.4G5P_GLU-1A0697_005
ForkPoolWorker-4: Calling delphi to calculate conformer (4/641) GLU02A0697_004 in /tmp/pbe_data.data.home.granepura.5-Kinases.Kinases_MCCE.Trial02.run_holo.4G5P_GLU02A0697_004
ForkPoolWorker-1: Calling delphi to calculate conformer (1/641) GLU01A0697_001 in /tmp/pbe_data.data.home.granepura.5-Kinases.Kinases_MCCE.Trial02.run_holo.4G5P_GLU01A0697_001
Skipping PBE solver for non-charge conformer (6/641) ALA01A0698_001...
Skipping PBE solver for non-charge conformer (7/641) PRO01A0699_001...
ForkPoolWorker-5: Calling delphi to calculate conformer (8/641) ASN01A0700_001 in /tmp/pbe_data.data.home.granepura.5-Kinases.Kinases_MCCE.Trial02.run_holo.4G5P_ASN01A0700_001
ForkPoolWorker-3: Calling delphi to calculate conformer (9/641) ASN01A0700_002 in /tmp/pbe_data.data.home.granepura.5-Kinases.Kinases_MCCE.Trial02.run_holo.4G5P_ASN01A0700_002
ForkPoolWorker-2: Calling delphi to calculate conformer (10/641) ASN01A0700_003 in /tmp/pbe_data.data.home.granepura.5-Kinases.Kinases_MCCE.Trial02.run_holo.4G5P_ASN01A0700_003
ForkPoolWorker-1: Calling delphi to calculate conformer (11/641) ASN01A0700_004 in /tmp/pbe_data.data.home.granepura.5-Kinases.Kinases_MCCE.Trial02.run_holo.4G5P_ASN01A0700_004
ForkPoolWorker-4: Calling delphi to calculate conformer (12/641) GLN01A0701_001 in /tmp/pbe_data.data.home.granepura.5-Kinases.Kinases_MCCE.Trial02.run_holo.4G5P_GLN01A0701_001
ForkPoolWorker-2: Calling delphi to calculate conformer (13/641) GLN01A0701_002 in /tmp/pbe_data.data.home.granepura.5-Kinases.Kinases_MCCE.Trial02.run_holo.4G5P_GLN01A0701_002
Skipping PBE solver for non-charge conformer (14/641) ALA01A0702_001...
Skipping PBE solver for non-charge conformer (15/641) LEU01A0703_001...
Skipping PBE solver for non-charge conformer (16/641) LEU01A0704_001...
ForkPoolWorker-1: Calling delphi to calculate conformer (17/641) ARG01A0705_001 in /tmp/pbe_data.data.home.granepura.5-Kinases.Kinases_MCCE.Trial02.run_holo.4G5P_ARG01A0705_001
ForkPoolWorker-3: Calling delphi to calculate conformer (19/641) ARG03A0705_003 in /tmp/pbe_data.data.home.granepura.5-Kinases.Kinases_MCCE.Trial02.run_holo.4G5P_ARG03A0705_003
ForkPoolWorker-5: Calling delphi to calculate conformer (18/641) ARG02A0705_002 in /tmp/pbe_data.data.home.granepura.5-Kinases.Kinases_MCCE.Trial02.run_holo.4G5P_ARG02A0705_002
ForkPoolWorker-4: Calling delphi to calculate conformer (20/641) ARG+1A0705_004 in /tmp/pbe_data.data.home.granepura.5-Kinases.Kinases_MCCE.Trial02.run_holo.4G5P_ARG+1A0705_004
Skipping PBE solver for non-charge conformer (21/641) ILE01A0706_001...
Skipping PBE solver for non-charge conformer (22/641) LEU01A0707_001...
ForkPoolWorker-2: Calling delphi to calculate conformer (23/641) LYS01A0708_001 in /tmp/pbe_data.data.home.granepura.5-Kinases.Kinases_MCCE.Trial02.run_holo.4G5P_LYS01A0708_001
ForkPoolWorker-5: Calling delphi to calculate conformer (24/641) LYS+1A0708_002 in /tmp/pbe_data.data.home.granepura.5-Kinases.Kinases_MCCE.Trial02.run_holo.4G5P_LYS+1A0708_002
ForkPoolWorker-4: Calling delphi to calculate conformer (26/641) GLU01A0709_002 in /tmp/pbe_data.data.home.granepura.5-Kinases.Kinases_MCCE.Trial02.run_holo.4G5P_GLU01A0709_002
ForkPoolWorker-1: Calling delphi to calculate conformer (25/641) GLU01A0709_001 in /tmp/pbe_data.data.home.granepura.5-Kinases.Kinases_MCCE.Trial02.run_holo.4G5P_GLU01A0709_001
ForkPoolWorker-3: Calling delphi to calculate conformer (27/641) GLU02A0709_003 in /tmp/pbe_data.data.home.granepura.5-Kinases.Kinases_MCCE.Trial02.run_holo.4G5P_GLU02A0709_003
ForkPoolWorker-2: Calling delphi to calculate conformer (28/641) GLU02A0709_004 in /tmp/pbe_data.data.home.granepura.5-Kinases.Kinases_MCCE.Trial02.run_holo.4G5P_GLU02A0709_004
ForkPoolWorker-1: Calling delphi to calculate conformer (29/641) GLU-1A0709_005 in /tmp/pbe_data.data.home.granepura.5-Kinases.Kinases_MCCE.Trial02.run_holo.4G5P_GLU-1A0709_005
ForkPoolWorker-4: Calling delphi to calculate conformer (30/641) THR01A0710_001 in /tmp/pbe_data.data.home.granepura.5-Kinases.Kinases_MCCE.Trial02.run_holo.4G5P_THR01A0710_001
ForkPoolWorker-5: Calling delphi to calculate conformer (31/641) THR01A0710_002 in /tmp/pbe_data.data.home.granepura.5-Kinases.Kinases_MCCE.Trial02.run_holo.4G5P_THR01A0710_002
ForkPoolWorker-3: Calling delphi to calculate conformer (32/641) GLU01A0711_001 in /tmp/pbe_data.data.home.granepura.5-Kinases.Kinases_MCCE.Trial02.run_holo.4G5P_GLU01A0711_001
ForkPoolWorker-1: Calling delphi to calculate conformer (33/641) GLU01A0711_002 in /tmp/pbe_data.data.home.granepura.5-Kinases.Kinases_MCCE.Trial02.run_holo.4G5P_GLU01A0711_002
ForkPoolWorker-4: Calling delphi to calculate conformer (35/641) GLU02A0711_004 in /tmp/pbe_data.data.home.granepura.5-Kinases.Kinases_MCCE.Trial02.run_holo.4G5P_GLU02A0711_004
ForkPoolWorker-2: Calling delphi to calculate conformer (34/641) GLU02A0711_003 in /tmp/pbe_data.data.home.granepura.5-Kinases.Kinases_MCCE.Trial02.run_holo.4G5P_GLU02A0711_003
ForkPoolWorker-5: Calling delphi to calculate conformer (36/641) GLU-1A0711_005 in /tmp/pbe_data.data.home.granepura.5-Kinases.Kinases_MCCE.Trial02.run_holo.4G5P_GLU-1A0711_005
Skipping PBE solver for non-charge conformer (37/641) PHE01A0712_001...
ForkPoolWorker-3: Calling delphi to calculate conformer (38/641) LYS01A0713_001 in /tmp/pbe_data.data.home.granepura.5-Kinases.Kinases_MCCE.Trial02.run_holo.4G5P_LYS01A0713_001
ForkPoolWorker-1: Calling delphi to calculate conformer (39/641) LYS+1A0713_002 in /tmp/pbe_data.data.home.granepura.5-Kinases.Kinases_MCCE.Trial02.run_holo.4G5P_LYS+1A0713_002
ForkPoolWorker-2: Calling delphi to calculate conformer (40/641) LYS01A0714_001 in /tmp/pbe_data.data.home.granepura.5-Kinases.Kinases_MCCE.Trial02.run_holo.4G5P_LYS01A0714_001
ForkPoolWorker-4: Calling delphi to calculate conformer (41/641) LYS+1A0714_002 in /tmp/pbe_data.data.home.granepura.5-Kinases.Kinases_MCCE.Trial02.run_holo.4G5P_LYS+1A0714_002
Skipping PBE solver for non-charge conformer (42/641) ILE01A0715_001...
ForkPoolWorker-5: Calling delphi to calculate conformer (44/641) LYS+1A0716_002 in /tmp/pbe_data.data.home.granepura.5-Kinases.Kinases_MCCE.Trial02.run_holo.4G5P_LYS+1A0716_002
ForkPoolWorker-3: Calling delphi to calculate conformer (43/641) LYS01A0716_001 in /tmp/pbe_data.data.home.granepura.5-Kinases.Kinases_MCCE.Trial02.run_holo.4G5P_LYS01A0716_001
Skipping PBE solver for non-charge conformer (45/641) VAL01A0717_001...
Skipping PBE solver for non-charge conformer (46/641) LEU01A0718_001...
ForkPoolWorker-2: Calling delphi to calculate conformer (47/641) SER01A0720_001 in /tmp/pbe_data.data.home.granepura.5-Kinases.Kinases_MCCE.Trial02.run_holo.4G5P_SER01A0720_001
Skipping PBE solver for non-charge conformer (48/641) ALA01A0722_001...
Skipping PBE solver for non-charge conformer (49/641) PHE01A0723_001...
ForkPoolWorker-1: Calling delphi to calculate conformer (50/641) THR01A0725_001 in /tmp/pbe_data.data.home.granepura.5-Kinases.Kinases_MCCE.Trial02.run_holo.4G5P_THR01A0725_001
ForkPoolWorker-4: Calling delphi to calculate conformer (51/641) THR01A0725_002 in /tmp/pbe_data.data.home.granepura.5-Kinases.Kinases_MCCE.Trial02.run_holo.4G5P_THR01A0725_002
Skipping PBE solver for non-charge conformer (52/641) VAL01A0726_001...
ForkPoolWorker-5: Calling delphi to calculate conformer (53/641) TYR01A0727_001 in /tmp/pbe_data.data.home.granepura.5-Kinases.Kinases_MCCE.Trial02.run_holo.4G5P_TYR01A0727_001
ForkPoolWorker-3: Calling delphi to calculate conformer (54/641) TYR01A0727_002 in /tmp/pbe_data.data.home.granepura.5-Kinases.Kinases_MCCE.Trial02.run_holo.4G5P_TYR01A0727_002
ForkPoolWorker-4: Calling delphi to calculate conformer (55/641) TYR-1A0727_003 in /tmp/pbe_data.data.home.granepura.5-Kinases.Kinases_MCCE.Trial02.run_holo.4G5P_TYR-1A0727_003
ForkPoolWorker-2: Calling delphi to calculate conformer (56/641) LYS01A0728_001 in /tmp/pbe_data.data.home.granepura.5-Kinases.Kinases_MCCE.Trial02.run_holo.4G5P_LYS01A0728_001
ForkPoolWorker-1: Calling delphi to calculate conformer (57/641) LYS+1A0728_002 in /tmp/pbe_data.data.home.granepura.5-Kinases.Kinases_MCCE.Trial02.run_holo.4G5P_LYS+1A0728_002
Skipping PBE solver for non-charge conformer (58/641) LEU01A0730_001...
Skipping PBE solver for non-charge conformer (60/641) ILE01A0732_001...
Skipping PBE solver for non-charge conformer (59/641) TRP01A0731_001...
Skipping PBE solver for non-charge conformer (61/641) PRO01A0733_001...
ForkPoolWorker-5: Calling delphi to calculate conformer (62/641) GLU01A0734_001 in /tmp/pbe_data.data.home.granepura.5-Kinases.Kinases_MCCE.Trial02.run_holo.4G5P_GLU01A0734_001
ForkPoolWorker-3: Calling delphi to calculate conformer (63/641) GLU01A0734_002 in /tmp/pbe_data.data.home.granepura.5-Kinases.Kinases_MCCE.Trial02.run_holo.4G5P_GLU01A0734_002
ForkPoolWorker-4: Calling delphi to calculate conformer (64/641) GLU02A0734_003 in /tmp/pbe_data.data.home.granepura.5-Kinases.Kinases_MCCE.Trial02.run_holo.4G5P_GLU02A0734_003
ForkPoolWorker-2: Calling delphi to calculate conformer (65/641) GLU02A0734_004 in /tmp/pbe_data.data.home.granepura.5-Kinases.Kinases_MCCE.Trial02.run_holo.4G5P_GLU02A0734_004
ForkPoolWorker-1: Calling delphi to calculate conformer (66/641) GLU-1A0734_005 in /tmp/pbe_data.data.home.granepura.5-Kinases.Kinases_MCCE.Trial02.run_holo.4G5P_GLU-1A0734_005
ForkPoolWorker-5: Calling delphi to calculate conformer (67/641) GLU01A0736_001 in /tmp/pbe_data.data.home.granepura.5-Kinases.Kinases_MCCE.Trial02.run_holo.4G5P_GLU01A0736_001
ForkPoolWorker-3: Calling delphi to calculate conformer (68/641) GLU01A0736_002 in /tmp/pbe_data.data.home.granepura.5-Kinases.Kinases_MCCE.Trial02.run_holo.4G5P_GLU01A0736_002
ForkPoolWorker-4: Calling delphi to calculate conformer (69/641) GLU02A0736_003 in /tmp/pbe_data.data.home.granepura.5-Kinases.Kinases_MCCE.Trial02.run_holo.4G5P_GLU02A0736_003
ForkPoolWorker-1: Calling delphi to calculate conformer (70/641) GLU02A0736_004 in /tmp/pbe_data.data.home.granepura.5-Kinases.Kinases_MCCE.Trial02.run_holo.4G5P_GLU02A0736_004
ForkPoolWorker-2: Calling delphi to calculate conformer (71/641) GLU-1A0736_005 in /tmp/pbe_data.data.home.granepura.5-Kinases.Kinases_MCCE.Trial02.run_holo.4G5P_GLU-1A0736_005
ForkPoolWorker-5: Calling delphi to calculate conformer (72/641) LYS01A0737_001 in /tmp/pbe_data.data.home.granepura.5-Kinases.Kinases_MCCE.Trial02.run_holo.4G5P_LYS01A0737_001
ForkPoolWorker-3: Calling delphi to calculate conformer (73/641) LYS+1A0737_002 in /tmp/pbe_data.data.home.granepura.5-Kinases.Kinases_MCCE.Trial02.run_holo.4G5P_LYS+1A0737_002
ForkPoolWorker-4: Calling delphi to calculate conformer (75/641) LYS01A0739_001 in /tmp/pbe_data.data.home.granepura.5-Kinases.Kinases_MCCE.Trial02.run_holo.4G5P_LYS01A0739_001
Skipping PBE solver for non-charge conformer (74/641) VAL01A0738_001...
ForkPoolWorker-1: Calling delphi to calculate conformer (76/641) LYS+1A0739_002 in /tmp/pbe_data.data.home.granepura.5-Kinases.Kinases_MCCE.Trial02.run_holo.4G5P_LYS+1A0739_002
Skipping PBE solver for non-charge conformer (77/641) ILE01A0740_001...
Skipping PBE solver for non-charge conformer (79/641) VAL01A0742_001...
Skipping PBE solver for non-charge conformer (80/641) ALA01A0743_001...
Skipping PBE solver for non-charge conformer (78/641) PRO01A0741_001...
Skipping PBE solver for non-charge conformer (81/641) ILE01A0744_001...
ForkPoolWorker-2: Calling delphi to calculate conformer (82/641) LYS01A0745_001 in /tmp/pbe_data.data.home.granepura.5-Kinases.Kinases_MCCE.Trial02.run_holo.4G5P_LYS01A0745_001
ForkPoolWorker-3: Calling delphi to calculate conformer (83/641) LYS+1A0745_002 in /tmp/pbe_data.data.home.granepura.5-Kinases.Kinases_MCCE.Trial02.run_holo.4G5P_LYS+1A0745_002
ForkPoolWorker-5: Calling delphi to calculate conformer (84/641) GLU01A0746_001 in /tmp/pbe_data.data.home.granepura.5-Kinases.Kinases_MCCE.Trial02.run_holo.4G5P_GLU01A0746_001
ForkPoolWorker-4: Calling delphi to calculate conformer (85/641) GLU01A0746_002 in /tmp/pbe_data.data.home.granepura.5-Kinases.Kinases_MCCE.Trial02.run_holo.4G5P_GLU01A0746_002
ForkPoolWorker-1: Calling delphi to calculate conformer (86/641) GLU02A0746_003 in /tmp/pbe_data.data.home.granepura.5-Kinases.Kinases_MCCE.Trial02.run_holo.4G5P_GLU02A0746_003
ForkPoolWorker-3: Calling delphi to calculate conformer (87/641) GLU02A0746_004 in /tmp/pbe_data.data.home.granepura.5-Kinases.Kinases_MCCE.Trial02.run_holo.4G5P_GLU02A0746_004
ForkPoolWorker-2: Calling delphi to calculate conformer (88/641) GLU-1A0746_005 in /tmp/pbe_data.data.home.granepura.5-Kinases.Kinases_MCCE.Trial02.run_holo.4G5P_GLU-1A0746_005
Skipping PBE solver for non-charge conformer (89/641) LEU01A0747_001...
ForkPoolWorker-5: Calling delphi to calculate conformer (90/641) ARG01A0748_001 in /tmp/pbe_data.data.home.granepura.5-Kinases.Kinases_MCCE.Trial02.run_holo.4G5P_ARG01A0748_001
ForkPoolWorker-1: Calling delphi to calculate conformer (91/641) ARG02A0748_002 in /tmp/pbe_data.data.home.granepura.5-Kinases.Kinases_MCCE.Trial02.run_holo.4G5P_ARG02A0748_002
ForkPoolWorker-4: Calling delphi to calculate conformer (92/641) ARG03A0748_003 in /tmp/pbe_data.data.home.granepura.5-Kinases.Kinases_MCCE.Trial02.run_holo.4G5P_ARG03A0748_003
ForkPoolWorker-2: Calling delphi to calculate conformer (93/641) ARG+1A0748_004 in /tmp/pbe_data.data.home.granepura.5-Kinases.Kinases_MCCE.Trial02.run_holo.4G5P_ARG+1A0748_004
ForkPoolWorker-5: Calling delphi to calculate conformer (94/641) GLU01A0749_001 in /tmp/pbe_data.data.home.granepura.5-Kinases.Kinases_MCCE.Trial02.run_holo.4G5P_GLU01A0749_001
ForkPoolWorker-3: Calling delphi to calculate conformer (95/641) GLU01A0749_002 in /tmp/pbe_data.data.home.granepura.5-Kinases.Kinases_MCCE.Trial02.run_holo.4G5P_GLU01A0749_002
ForkPoolWorker-1: Calling delphi to calculate conformer (96/641) GLU02A0749_003 in /tmp/pbe_data.data.home.granepura.5-Kinases.Kinases_MCCE.Trial02.run_holo.4G5P_GLU02A0749_003
ForkPoolWorker-4: Calling delphi to calculate conformer (97/641) GLU02A0749_004 in /tmp/pbe_data.data.home.granepura.5-Kinases.Kinases_MCCE.Trial02.run_holo.4G5P_GLU02A0749_004
ForkPoolWorker-2: Calling delphi to calculate conformer (98/641) GLU-1A0749_005 in /tmp/pbe_data.data.home.granepura.5-Kinases.Kinases_MCCE.Trial02.run_holo.4G5P_GLU-1A0749_005
Skipping PBE solver for non-charge conformer (99/641) ALA01A0750_001...
ForkPoolWorker-3: Calling delphi to calculate conformer (100/641) THR01A0751_001 in /tmp/pbe_data.data.home.granepura.5-Kinases.Kinases_MCCE.Trial02.run_holo.4G5P_THR01A0751_001
ForkPoolWorker-5: Calling delphi to calculate conformer (101/641) THR01A0751_002 in /tmp/pbe_data.data.home.granepura.5-Kinases.Kinases_MCCE.Trial02.run_holo.4G5P_THR01A0751_002
ForkPoolWorker-1: Calling delphi to calculate conformer (102/641) SER01A0752_001 in /tmp/pbe_data.data.home.granepura.5-Kinases.Kinases_MCCE.Trial02.run_holo.4G5P_SER01A0752_001
ForkPoolWorker-4: Calling delphi to calculate conformer (103/641) SER01A0752_002 in /tmp/pbe_data.data.home.granepura.5-Kinases.Kinases_MCCE.Trial02.run_holo.4G5P_SER01A0752_002
Skipping PBE solver for non-charge conformer (104/641) PRO01A0753_001...
ForkPoolWorker-2: Calling delphi to calculate conformer (105/641) LYS01A0754_001 in /tmp/pbe_data.data.home.granepura.5-Kinases.Kinases_MCCE.Trial02.run_holo.4G5P_LYS01A0754_001
ForkPoolWorker-5: Calling delphi to calculate conformer (106/641) LYS+1A0754_002 in /tmp/pbe_data.data.home.granepura.5-Kinases.Kinases_MCCE.Trial02.run_holo.4G5P_LYS+1A0754_002
Skipping PBE solver for non-charge conformer (107/641) ALA01A0755_001...
ForkPoolWorker-3: Calling delphi to calculate conformer (108/641) ASN01A0756_001 in /tmp/pbe_data.data.home.granepura.5-Kinases.Kinases_MCCE.Trial02.run_holo.4G5P_ASN01A0756_001
ForkPoolWorker-1: Calling delphi to calculate conformer (109/641) ASN01A0756_002 in /tmp/pbe_data.data.home.granepura.5-Kinases.Kinases_MCCE.Trial02.run_holo.4G5P_ASN01A0756_002
ForkPoolWorker-4: Calling delphi to calculate conformer (110/641) LYS01A0757_001 in /tmp/pbe_data.data.home.granepura.5-Kinases.Kinases_MCCE.Trial02.run_holo.4G5P_LYS01A0757_001
ForkPoolWorker-2: Calling delphi to calculate conformer (111/641) LYS+1A0757_002 in /tmp/pbe_data.data.home.granepura.5-Kinases.Kinases_MCCE.Trial02.run_holo.4G5P_LYS+1A0757_002
ForkPoolWorker-5: Calling delphi to calculate conformer (112/641) GLU01A0758_001 in /tmp/pbe_data.data.home.granepura.5-Kinases.Kinases_MCCE.Trial02.run_holo.4G5P_GLU01A0758_001
ForkPoolWorker-3: Calling delphi to calculate conformer (113/641) GLU01A0758_002 in /tmp/pbe_data.data.home.granepura.5-Kinases.Kinases_MCCE.Trial02.run_holo.4G5P_GLU01A0758_002
ForkPoolWorker-1: Calling delphi to calculate conformer (114/641) GLU02A0758_003 in /tmp/pbe_data.data.home.granepura.5-Kinases.Kinases_MCCE.Trial02.run_holo.4G5P_GLU02A0758_003
ForkPoolWorker-4: Calling delphi to calculate conformer (115/641) GLU02A0758_004 in /tmp/pbe_data.data.home.granepura.5-Kinases.Kinases_MCCE.Trial02.run_holo.4G5P_GLU02A0758_004
ForkPoolWorker-2: Calling delphi to calculate conformer (116/641) GLU-1A0758_005 in /tmp/pbe_data.data.home.granepura.5-Kinases.Kinases_MCCE.Trial02.run_holo.4G5P_GLU-1A0758_005
Skipping PBE solver for non-charge conformer (117/641) ILE01A0759_001...
Skipping PBE solver for non-charge conformer (118/641) LEU01A0760_001...
ForkPoolWorker-3: Calling delphi to calculate conformer (119/641) ASP01A0761_001 in /tmp/pbe_data.data.home.granepura.5-Kinases.Kinases_MCCE.Trial02.run_holo.4G5P_ASP01A0761_001
ForkPoolWorker-5: Calling delphi to calculate conformer (120/641) ASP01A0761_002 in /tmp/pbe_data.data.home.granepura.5-Kinases.Kinases_MCCE.Trial02.run_holo.4G5P_ASP01A0761_002
ForkPoolWorker-1: Calling delphi to calculate conformer (121/641) ASP02A0761_003 in /tmp/pbe_data.data.home.granepura.5-Kinases.Kinases_MCCE.Trial02.run_holo.4G5P_ASP02A0761_003
ForkPoolWorker-4: Calling delphi to calculate conformer (122/641) ASP02A0761_004 in /tmp/pbe_data.data.home.granepura.5-Kinases.Kinases_MCCE.Trial02.run_holo.4G5P_ASP02A0761_004
ForkPoolWorker-2: Calling delphi to calculate conformer (123/641) ASP-1A0761_005 in /tmp/pbe_data.data.home.granepura.5-Kinases.Kinases_MCCE.Trial02.run_holo.4G5P_ASP-1A0761_005
ForkPoolWorker-3: Calling delphi to calculate conformer (125/641) GLU01A0762_002 in /tmp/pbe_data.data.home.granepura.5-Kinases.Kinases_MCCE.Trial02.run_holo.4G5P_GLU01A0762_002
ForkPoolWorker-5: Calling delphi to calculate conformer (124/641) GLU01A0762_001 in /tmp/pbe_data.data.home.granepura.5-Kinases.Kinases_MCCE.Trial02.run_holo.4G5P_GLU01A0762_001
ForkPoolWorker-1: Calling delphi to calculate conformer (126/641) GLU02A0762_003 in /tmp/pbe_data.data.home.granepura.5-Kinases.Kinases_MCCE.Trial02.run_holo.4G5P_GLU02A0762_003
ForkPoolWorker-4: Calling delphi to calculate conformer (127/641) GLU02A0762_004 in /tmp/pbe_data.data.home.granepura.5-Kinases.Kinases_MCCE.Trial02.run_holo.4G5P_GLU02A0762_004
ForkPoolWorker-2: Calling delphi to calculate conformer (128/641) GLU-1A0762_005 in /tmp/pbe_data.data.home.granepura.5-Kinases.Kinases_MCCE.Trial02.run_holo.4G5P_GLU-1A0762_005
Skipping PBE solver for non-charge conformer (129/641) ALA01A0763_001...
ForkPoolWorker-5: Calling delphi to calculate conformer (130/641) TYR01A0764_001 in /tmp/pbe_data.data.home.granepura.5-Kinases.Kinases_MCCE.Trial02.run_holo.4G5P_TYR01A0764_001
ForkPoolWorker-3: Calling delphi to calculate conformer (131/641) TYR01A0764_002 in /tmp/pbe_data.data.home.granepura.5-Kinases.Kinases_MCCE.Trial02.run_holo.4G5P_TYR01A0764_002
ForkPoolWorker-1: Calling delphi to calculate conformer (132/641) TYR01A0764_003 in /tmp/pbe_data.data.home.granepura.5-Kinases.Kinases_MCCE.Trial02.run_holo.4G5P_TYR01A0764_003
ForkPoolWorker-4: Calling delphi to calculate conformer (133/641) TYR-1A0764_004 in /tmp/pbe_data.data.home.granepura.5-Kinases.Kinases_MCCE.Trial02.run_holo.4G5P_TYR-1A0764_004
ForkPoolWorker-2: Calling delphi to calculate conformer (134/641) TYR-1A0764_005 in /tmp/pbe_data.data.home.granepura.5-Kinases.Kinases_MCCE.Trial02.run_holo.4G5P_TYR-1A0764_005
Skipping PBE solver for non-charge conformer (135/641) VAL01A0765_001...
ForkPoolWorker-5: Calling delphi to calculate conformer (136/641) MET01A0766_001 in /tmp/pbe_data.data.home.granepura.5-Kinases.Kinases_MCCE.Trial02.run_holo.4G5P_MET01A0766_001
Skipping PBE solver for non-charge conformer (137/641) ALA01A0767_001...
ForkPoolWorker-3: Calling delphi to calculate conformer (138/641) SER01A0768_001 in /tmp/pbe_data.data.home.granepura.5-Kinases.Kinases_MCCE.Trial02.run_holo.4G5P_SER01A0768_001
ForkPoolWorker-1: Calling delphi to calculate conformer (139/641) SER01A0768_002 in /tmp/pbe_data.data.home.granepura.5-Kinases.Kinases_MCCE.Trial02.run_holo.4G5P_SER01A0768_002
Skipping PBE solver for non-charge conformer (140/641) VAL01A0769_001...
ForkPoolWorker-4: Calling delphi to calculate conformer (141/641) ASP01A0770_001 in /tmp/pbe_data.data.home.granepura.5-Kinases.Kinases_MCCE.Trial02.run_holo.4G5P_ASP01A0770_001
ForkPoolWorker-2: Calling delphi to calculate conformer (142/641) ASP01A0770_002 in /tmp/pbe_data.data.home.granepura.5-Kinases.Kinases_MCCE.Trial02.run_holo.4G5P_ASP01A0770_002
ForkPoolWorker-5: Calling delphi to calculate conformer (143/641) ASP02A0770_003 in /tmp/pbe_data.data.home.granepura.5-Kinases.Kinases_MCCE.Trial02.run_holo.4G5P_ASP02A0770_003
ForkPoolWorker-3: Calling delphi to calculate conformer (144/641) ASP02A0770_004 in /tmp/pbe_data.data.home.granepura.5-Kinases.Kinases_MCCE.Trial02.run_holo.4G5P_ASP02A0770_004
ForkPoolWorker-1: Calling delphi to calculate conformer (145/641) ASP-1A0770_005 in /tmp/pbe_data.data.home.granepura.5-Kinases.Kinases_MCCE.Trial02.run_holo.4G5P_ASP-1A0770_005
ForkPoolWorker-4: Calling delphi to calculate conformer (146/641) ASN01A0771_001 in /tmp/pbe_data.data.home.granepura.5-Kinases.Kinases_MCCE.Trial02.run_holo.4G5P_ASN01A0771_001
ForkPoolWorker-2: Calling delphi to calculate conformer (147/641) ASN01A0771_002 in /tmp/pbe_data.data.home.granepura.5-Kinases.Kinases_MCCE.Trial02.run_holo.4G5P_ASN01A0771_002
Skipping PBE solver for non-charge conformer (148/641) PRO01A0772_001...
ForkPoolWorker-5: Calling delphi to calculate conformer (149/641) HIS01A0773_001 in /tmp/pbe_data.data.home.granepura.5-Kinases.Kinases_MCCE.Trial02.run_holo.4G5P_HIS01A0773_001
ForkPoolWorker-3: Calling delphi to calculate conformer (150/641) HIS01A0773_002 in /tmp/pbe_data.data.home.granepura.5-Kinases.Kinases_MCCE.Trial02.run_holo.4G5P_HIS01A0773_002
ForkPoolWorker-1: Calling delphi to calculate conformer (151/641) HIS02A0773_003 in /tmp/pbe_data.data.home.granepura.5-Kinases.Kinases_MCCE.Trial02.run_holo.4G5P_HIS02A0773_003
ForkPoolWorker-4: Calling delphi to calculate conformer (152/641) HIS02A0773_004 in /tmp/pbe_data.data.home.granepura.5-Kinases.Kinases_MCCE.Trial02.run_holo.4G5P_HIS02A0773_004
ForkPoolWorker-2: Calling delphi to calculate conformer (153/641) HIS+1A0773_005 in /tmp/pbe_data.data.home.granepura.5-Kinases.Kinases_MCCE.Trial02.run_holo.4G5P_HIS+1A0773_005
ForkPoolWorker-5: Calling delphi to calculate conformer (154/641) HIS+1A0773_006 in /tmp/pbe_data.data.home.granepura.5-Kinases.Kinases_MCCE.Trial02.run_holo.4G5P_HIS+1A0773_006
Skipping PBE solver for non-charge conformer (155/641) VAL01A0774_001...
ForkPoolWorker-3: Calling delphi to calculate conformer (156/641) CYS01A0775_001 in /tmp/pbe_data.data.home.granepura.5-Kinases.Kinases_MCCE.Trial02.run_holo.4G5P_CYS01A0775_001
ForkPoolWorker-1: Calling delphi to calculate conformer (157/641) CYS01A0775_002 in /tmp/pbe_data.data.home.granepura.5-Kinases.Kinases_MCCE.Trial02.run_holo.4G5P_CYS01A0775_002
ForkPoolWorker-4: Calling delphi to calculate conformer (158/641) CYS01A0775_003 in /tmp/pbe_data.data.home.granepura.5-Kinases.Kinases_MCCE.Trial02.run_holo.4G5P_CYS01A0775_003
ForkPoolWorker-2: Calling delphi to calculate conformer (159/641) CYS-1A0775_004 in /tmp/pbe_data.data.home.granepura.5-Kinases.Kinases_MCCE.Trial02.run_holo.4G5P_CYS-1A0775_004
ForkPoolWorker-5: Calling delphi to calculate conformer (160/641) ARG01A0776_001 in /tmp/pbe_data.data.home.granepura.5-Kinases.Kinases_MCCE.Trial02.run_holo.4G5P_ARG01A0776_001
ForkPoolWorker-3: Calling delphi to calculate conformer (161/641) ARG02A0776_002 in /tmp/pbe_data.data.home.granepura.5-Kinases.Kinases_MCCE.Trial02.run_holo.4G5P_ARG02A0776_002
ForkPoolWorker-1: Calling delphi to calculate conformer (162/641) ARG03A0776_003 in /tmp/pbe_data.data.home.granepura.5-Kinases.Kinases_MCCE.Trial02.run_holo.4G5P_ARG03A0776_003
ForkPoolWorker-4: Calling delphi to calculate conformer (163/641) ARG03A0776_004 in /tmp/pbe_data.data.home.granepura.5-Kinases.Kinases_MCCE.Trial02.run_holo.4G5P_ARG03A0776_004
ForkPoolWorker-2: Calling delphi to calculate conformer (164/641) ARG+1A0776_005 in /tmp/pbe_data.data.home.granepura.5-Kinases.Kinases_MCCE.Trial02.run_holo.4G5P_ARG+1A0776_005
Skipping PBE solver for non-charge conformer (165/641) LEU01A0777_001...
Skipping PBE solver for non-charge conformer (166/641) LEU01A0778_001...
Skipping PBE solver for non-charge conformer (167/641) ILE01A0780_001...
ForkPoolWorker-5: Calling delphi to calculate conformer (168/641) CYS01A0781_001 in /tmp/pbe_data.data.home.granepura.5-Kinases.Kinases_MCCE.Trial02.run_holo.4G5P_CYS01A0781_001
ForkPoolWorker-3: Calling delphi to calculate conformer (169/641) CYS01A0781_002 in /tmp/pbe_data.data.home.granepura.5-Kinases.Kinases_MCCE.Trial02.run_holo.4G5P_CYS01A0781_002
ForkPoolWorker-1: Calling delphi to calculate conformer (170/641) CYS01A0781_003 in /tmp/pbe_data.data.home.granepura.5-Kinases.Kinases_MCCE.Trial02.run_holo.4G5P_CYS01A0781_003
ForkPoolWorker-4: Calling delphi to calculate conformer (171/641) CYS-1A0781_004 in /tmp/pbe_data.data.home.granepura.5-Kinases.Kinases_MCCE.Trial02.run_holo.4G5P_CYS-1A0781_004
Skipping PBE solver for non-charge conformer (172/641) LEU01A0782_001...
ForkPoolWorker-2: Calling delphi to calculate conformer (173/641) THR01A0783_001 in /tmp/pbe_data.data.home.granepura.5-Kinases.Kinases_MCCE.Trial02.run_holo.4G5P_THR01A0783_001
ForkPoolWorker-5: Calling delphi to calculate conformer (174/641) THR01A0783_002 in /tmp/pbe_data.data.home.granepura.5-Kinases.Kinases_MCCE.Trial02.run_holo.4G5P_THR01A0783_002
ForkPoolWorker-3: Calling delphi to calculate conformer (175/641) SER01A0784_001 in /tmp/pbe_data.data.home.granepura.5-Kinases.Kinases_MCCE.Trial02.run_holo.4G5P_SER01A0784_001
ForkPoolWorker-1: Calling delphi to calculate conformer (176/641) SER01A0784_002 in /tmp/pbe_data.data.home.granepura.5-Kinases.Kinases_MCCE.Trial02.run_holo.4G5P_SER01A0784_002
ForkPoolWorker-4: Calling delphi to calculate conformer (177/641) THR01A0785_001 in /tmp/pbe_data.data.home.granepura.5-Kinases.Kinases_MCCE.Trial02.run_holo.4G5P_THR01A0785_001
ForkPoolWorker-2: Calling delphi to calculate conformer (178/641) THR01A0785_002 in /tmp/pbe_data.data.home.granepura.5-Kinases.Kinases_MCCE.Trial02.run_holo.4G5P_THR01A0785_002
ForkPoolWorker-5: Calling delphi to calculate conformer (179/641) THR01A0785_003 in /tmp/pbe_data.data.home.granepura.5-Kinases.Kinases_MCCE.Trial02.run_holo.4G5P_THR01A0785_003
ForkPoolWorker-3: Calling delphi to calculate conformer (180/641) THR01A0785_004 in /tmp/pbe_data.data.home.granepura.5-Kinases.Kinases_MCCE.Trial02.run_holo.4G5P_THR01A0785_004
ForkPoolWorker-1: Calling delphi to calculate conformer (181/641) THR01A0785_005 in /tmp/pbe_data.data.home.granepura.5-Kinases.Kinases_MCCE.Trial02.run_holo.4G5P_THR01A0785_005
Skipping PBE solver for non-charge conformer (182/641) VAL01A0786_001...
ForkPoolWorker-4: Calling delphi to calculate conformer (183/641) GLN01A0787_001 in /tmp/pbe_data.data.home.granepura.5-Kinases.Kinases_MCCE.Trial02.run_holo.4G5P_GLN01A0787_001
ForkPoolWorker-2: Calling delphi to calculate conformer (184/641) GLN01A0787_002 in /tmp/pbe_data.data.home.granepura.5-Kinases.Kinases_MCCE.Trial02.run_holo.4G5P_GLN01A0787_002
Skipping PBE solver for non-charge conformer (185/641) LEU01A0788_001...
Skipping PBE solver for non-charge conformer (186/641) ILE01A0789_001...
ForkPoolWorker-5: Calling delphi to calculate conformer (187/641) MET01A0790_001 in /tmp/pbe_data.data.home.granepura.5-Kinases.Kinases_MCCE.Trial02.run_holo.4G5P_MET01A0790_001
ForkPoolWorker-3: Calling delphi to calculate conformer (188/641) GLN01A0791_001 in /tmp/pbe_data.data.home.granepura.5-Kinases.Kinases_MCCE.Trial02.run_holo.4G5P_GLN01A0791_001
ForkPoolWorker-1: Calling delphi to calculate conformer (189/641) GLN01A0791_002 in /tmp/pbe_data.data.home.granepura.5-Kinases.Kinases_MCCE.Trial02.run_holo.4G5P_GLN01A0791_002
Skipping PBE solver for non-charge conformer (190/641) LEU01A0792_001...
ForkPoolWorker-4: Calling delphi to calculate conformer (191/641) MET01A0793_001 in /tmp/pbe_data.data.home.granepura.5-Kinases.Kinases_MCCE.Trial02.run_holo.4G5P_MET01A0793_001
Skipping PBE solver for non-charge conformer (192/641) PRO01A0794_001...
Skipping PBE solver for non-charge conformer (193/641) PHE01A0795_001...
ForkPoolWorker-2: Calling delphi to calculate conformer (194/641) CYS01A0797_001 in /tmp/pbe_data.data.home.granepura.5-Kinases.Kinases_MCCE.Trial02.run_holo.4G5P_CYS01A0797_001
ForkPoolWorker-5: Calling delphi to calculate conformer (195/641) CYS01A0797_002 in /tmp/pbe_data.data.home.granepura.5-Kinases.Kinases_MCCE.Trial02.run_holo.4G5P_CYS01A0797_002
ForkPoolWorker-3: Calling delphi to calculate conformer (196/641) CYS01A0797_003 in /tmp/pbe_data.data.home.granepura.5-Kinases.Kinases_MCCE.Trial02.run_holo.4G5P_CYS01A0797_003
ForkPoolWorker-1: Calling delphi to calculate conformer (197/641) CYS-1A0797_004 in /tmp/pbe_data.data.home.granepura.5-Kinases.Kinases_MCCE.Trial02.run_holo.4G5P_CYS-1A0797_004
Skipping PBE solver for non-charge conformer (198/641) LEU01A0798_001...
Skipping PBE solver for non-charge conformer (199/641) LEU01A0799_001...
ForkPoolWorker-4: Calling delphi to calculate conformer (200/641) ASP01A0800_001 in /tmp/pbe_data.data.home.granepura.5-Kinases.Kinases_MCCE.Trial02.run_holo.4G5P_ASP01A0800_001
ForkPoolWorker-2: Calling delphi to calculate conformer (201/641) ASP01A0800_002 in /tmp/pbe_data.data.home.granepura.5-Kinases.Kinases_MCCE.Trial02.run_holo.4G5P_ASP01A0800_002
ForkPoolWorker-5: Calling delphi to calculate conformer (202/641) ASP02A0800_003 in /tmp/pbe_data.data.home.granepura.5-Kinases.Kinases_MCCE.Trial02.run_holo.4G5P_ASP02A0800_003
ForkPoolWorker-3: Calling delphi to calculate conformer (203/641) ASP02A0800_004 in /tmp/pbe_data.data.home.granepura.5-Kinases.Kinases_MCCE.Trial02.run_holo.4G5P_ASP02A0800_004
ForkPoolWorker-1: Calling delphi to calculate conformer (204/641) ASP-1A0800_005 in /tmp/pbe_data.data.home.granepura.5-Kinases.Kinases_MCCE.Trial02.run_holo.4G5P_ASP-1A0800_005
ForkPoolWorker-4: Calling delphi to calculate conformer (205/641) TYR01A0801_001 in /tmp/pbe_data.data.home.granepura.5-Kinases.Kinases_MCCE.Trial02.run_holo.4G5P_TYR01A0801_001
ForkPoolWorker-2: Calling delphi to calculate conformer (206/641) TYR01A0801_002 in /tmp/pbe_data.data.home.granepura.5-Kinases.Kinases_MCCE.Trial02.run_holo.4G5P_TYR01A0801_002
ForkPoolWorker-5: Calling delphi to calculate conformer (207/641) TYR-1A0801_003 in /tmp/pbe_data.data.home.granepura.5-Kinases.Kinases_MCCE.Trial02.run_holo.4G5P_TYR-1A0801_003
Skipping PBE solver for non-charge conformer (208/641) VAL01A0802_001...
ForkPoolWorker-3: Calling delphi to calculate conformer (209/641) ARG01A0803_001 in /tmp/pbe_data.data.home.granepura.5-Kinases.Kinases_MCCE.Trial02.run_holo.4G5P_ARG01A0803_001
ForkPoolWorker-1: Calling delphi to calculate conformer (210/641) ARG02A0803_002 in /tmp/pbe_data.data.home.granepura.5-Kinases.Kinases_MCCE.Trial02.run_holo.4G5P_ARG02A0803_002
ForkPoolWorker-4: Calling delphi to calculate conformer (211/641) ARG03A0803_003 in /tmp/pbe_data.data.home.granepura.5-Kinases.Kinases_MCCE.Trial02.run_holo.4G5P_ARG03A0803_003
ForkPoolWorker-2: Calling delphi to calculate conformer (212/641) ARG+1A0803_004 in /tmp/pbe_data.data.home.granepura.5-Kinases.Kinases_MCCE.Trial02.run_holo.4G5P_ARG+1A0803_004
ForkPoolWorker-5: Calling delphi to calculate conformer (213/641) GLU01A0804_001 in /tmp/pbe_data.data.home.granepura.5-Kinases.Kinases_MCCE.Trial02.run_holo.4G5P_GLU01A0804_001
ForkPoolWorker-3: Calling delphi to calculate conformer (214/641) GLU01A0804_002 in /tmp/pbe_data.data.home.granepura.5-Kinases.Kinases_MCCE.Trial02.run_holo.4G5P_GLU01A0804_002
ForkPoolWorker-1: Calling delphi to calculate conformer (215/641) GLU02A0804_003 in /tmp/pbe_data.data.home.granepura.5-Kinases.Kinases_MCCE.Trial02.run_holo.4G5P_GLU02A0804_003
ForkPoolWorker-4: Calling delphi to calculate conformer (216/641) GLU02A0804_004 in /tmp/pbe_data.data.home.granepura.5-Kinases.Kinases_MCCE.Trial02.run_holo.4G5P_GLU02A0804_004
ForkPoolWorker-2: Calling delphi to calculate conformer (217/641) GLU-1A0804_005 in /tmp/pbe_data.data.home.granepura.5-Kinases.Kinases_MCCE.Trial02.run_holo.4G5P_GLU-1A0804_005
ForkPoolWorker-5: Calling delphi to calculate conformer (218/641) HIS01A0805_001 in /tmp/pbe_data.data.home.granepura.5-Kinases.Kinases_MCCE.Trial02.run_holo.4G5P_HIS01A0805_001
ForkPoolWorker-3: Calling delphi to calculate conformer (219/641) HIS01A0805_002 in /tmp/pbe_data.data.home.granepura.5-Kinases.Kinases_MCCE.Trial02.run_holo.4G5P_HIS01A0805_002
ForkPoolWorker-1: Calling delphi to calculate conformer (220/641) HIS01A0805_003 in /tmp/pbe_data.data.home.granepura.5-Kinases.Kinases_MCCE.Trial02.run_holo.4G5P_HIS01A0805_003
ForkPoolWorker-4: Calling delphi to calculate conformer (221/641) HIS02A0805_004 in /tmp/pbe_data.data.home.granepura.5-Kinases.Kinases_MCCE.Trial02.run_holo.4G5P_HIS02A0805_004
ForkPoolWorker-2: Calling delphi to calculate conformer (222/641) HIS02A0805_005 in /tmp/pbe_data.data.home.granepura.5-Kinases.Kinases_MCCE.Trial02.run_holo.4G5P_HIS02A0805_005
ForkPoolWorker-5: Calling delphi to calculate conformer (223/641) HIS02A0805_006 in /tmp/pbe_data.data.home.granepura.5-Kinases.Kinases_MCCE.Trial02.run_holo.4G5P_HIS02A0805_006
ForkPoolWorker-3: Calling delphi to calculate conformer (224/641) HIS+1A0805_007 in /tmp/pbe_data.data.home.granepura.5-Kinases.Kinases_MCCE.Trial02.run_holo.4G5P_HIS+1A0805_007
ForkPoolWorker-1: Calling delphi to calculate conformer (225/641) HIS+1A0805_008 in /tmp/pbe_data.data.home.granepura.5-Kinases.Kinases_MCCE.Trial02.run_holo.4G5P_HIS+1A0805_008
ForkPoolWorker-4: Calling delphi to calculate conformer (226/641) HIS+1A0805_009 in /tmp/pbe_data.data.home.granepura.5-Kinases.Kinases_MCCE.Trial02.run_holo.4G5P_HIS+1A0805_009
ForkPoolWorker-2: Calling delphi to calculate conformer (227/641) LYS01A0806_001 in /tmp/pbe_data.data.home.granepura.5-Kinases.Kinases_MCCE.Trial02.run_holo.4G5P_LYS01A0806_001
ForkPoolWorker-5: Calling delphi to calculate conformer (228/641) LYS+1A0806_002 in /tmp/pbe_data.data.home.granepura.5-Kinases.Kinases_MCCE.Trial02.run_holo.4G5P_LYS+1A0806_002
ForkPoolWorker-3: Calling delphi to calculate conformer (229/641) ASP01A0807_001 in /tmp/pbe_data.data.home.granepura.5-Kinases.Kinases_MCCE.Trial02.run_holo.4G5P_ASP01A0807_001
ForkPoolWorker-1: Calling delphi to calculate conformer (230/641) ASP01A0807_002 in /tmp/pbe_data.data.home.granepura.5-Kinases.Kinases_MCCE.Trial02.run_holo.4G5P_ASP01A0807_002
ForkPoolWorker-4: Calling delphi to calculate conformer (231/641) ASP02A0807_003 in /tmp/pbe_data.data.home.granepura.5-Kinases.Kinases_MCCE.Trial02.run_holo.4G5P_ASP02A0807_003
ForkPoolWorker-2: Calling delphi to calculate conformer (232/641) ASP02A0807_004 in /tmp/pbe_data.data.home.granepura.5-Kinases.Kinases_MCCE.Trial02.run_holo.4G5P_ASP02A0807_004
ForkPoolWorker-5: Calling delphi to calculate conformer (233/641) ASP-1A0807_005 in /tmp/pbe_data.data.home.granepura.5-Kinases.Kinases_MCCE.Trial02.run_holo.4G5P_ASP-1A0807_005
ForkPoolWorker-3: Calling delphi to calculate conformer (234/641) ASN01A0808_001 in /tmp/pbe_data.data.home.granepura.5-Kinases.Kinases_MCCE.Trial02.run_holo.4G5P_ASN01A0808_001
ForkPoolWorker-1: Calling delphi to calculate conformer (235/641) ASN01A0808_002 in /tmp/pbe_data.data.home.granepura.5-Kinases.Kinases_MCCE.Trial02.run_holo.4G5P_ASN01A0808_002
Skipping PBE solver for non-charge conformer (236/641) ILE01A0809_001...
ForkPoolWorker-4: Calling delphi to calculate conformer (237/641) SER01A0811_001 in /tmp/pbe_data.data.home.granepura.5-Kinases.Kinases_MCCE.Trial02.run_holo.4G5P_SER01A0811_001
ForkPoolWorker-2: Calling delphi to calculate conformer (238/641) SER01A0811_002 in /tmp/pbe_data.data.home.granepura.5-Kinases.Kinases_MCCE.Trial02.run_holo.4G5P_SER01A0811_002
ForkPoolWorker-5: Calling delphi to calculate conformer (239/641) SER01A0811_003 in /tmp/pbe_data.data.home.granepura.5-Kinases.Kinases_MCCE.Trial02.run_holo.4G5P_SER01A0811_003
ForkPoolWorker-3: Calling delphi to calculate conformer (240/641) GLN01A0812_001 in /tmp/pbe_data.data.home.granepura.5-Kinases.Kinases_MCCE.Trial02.run_holo.4G5P_GLN01A0812_001
ForkPoolWorker-1: Calling delphi to calculate conformer (241/641) GLN01A0812_002 in /tmp/pbe_data.data.home.granepura.5-Kinases.Kinases_MCCE.Trial02.run_holo.4G5P_GLN01A0812_002
ForkPoolWorker-4: Calling delphi to calculate conformer (242/641) TYR01A0813_001 in /tmp/pbe_data.data.home.granepura.5-Kinases.Kinases_MCCE.Trial02.run_holo.4G5P_TYR01A0813_001
ForkPoolWorker-2: Calling delphi to calculate conformer (243/641) TYR-1A0813_002 in /tmp/pbe_data.data.home.granepura.5-Kinases.Kinases_MCCE.Trial02.run_holo.4G5P_TYR-1A0813_002
Skipping PBE solver for non-charge conformer (244/641) LEU01A0814_001...
Skipping PBE solver for non-charge conformer (245/641) LEU01A0815_001...
ForkPoolWorker-5: Calling delphi to calculate conformer (246/641) ASN01A0816_001 in /tmp/pbe_data.data.home.granepura.5-Kinases.Kinases_MCCE.Trial02.run_holo.4G5P_ASN01A0816_001
ForkPoolWorker-3: Calling delphi to calculate conformer (247/641) ASN01A0816_002 in /tmp/pbe_data.data.home.granepura.5-Kinases.Kinases_MCCE.Trial02.run_holo.4G5P_ASN01A0816_002
Skipping PBE solver for non-charge conformer (248/641) TRP01A0817_001...
ForkPoolWorker-1: Calling delphi to calculate conformer (249/641) CYS01A0818_001 in /tmp/pbe_data.data.home.granepura.5-Kinases.Kinases_MCCE.Trial02.run_holo.4G5P_CYS01A0818_001
ForkPoolWorker-4: Calling delphi to calculate conformer (250/641) CYS01A0818_002 in /tmp/pbe_data.data.home.granepura.5-Kinases.Kinases_MCCE.Trial02.run_holo.4G5P_CYS01A0818_002
ForkPoolWorker-2: Calling delphi to calculate conformer (251/641) CYS01A0818_003 in /tmp/pbe_data.data.home.granepura.5-Kinases.Kinases_MCCE.Trial02.run_holo.4G5P_CYS01A0818_003
ForkPoolWorker-5: Calling delphi to calculate conformer (252/641) CYS-1A0818_004 in /tmp/pbe_data.data.home.granepura.5-Kinases.Kinases_MCCE.Trial02.run_holo.4G5P_CYS-1A0818_004
Skipping PBE solver for non-charge conformer (253/641) VAL01A0819_001...
ForkPoolWorker-3: Calling delphi to calculate conformer (254/641) GLN01A0820_001 in /tmp/pbe_data.data.home.granepura.5-Kinases.Kinases_MCCE.Trial02.run_holo.4G5P_GLN01A0820_001
ForkPoolWorker-1: Calling delphi to calculate conformer (255/641) GLN01A0820_002 in /tmp/pbe_data.data.home.granepura.5-Kinases.Kinases_MCCE.Trial02.run_holo.4G5P_GLN01A0820_002
Skipping PBE solver for non-charge conformer (256/641) ILE01A0821_001...
Skipping PBE solver for non-charge conformer (257/641) ALA01A0822_001...
ForkPoolWorker-4: Calling delphi to calculate conformer (258/641) LYS01A0823_001 in /tmp/pbe_data.data.home.granepura.5-Kinases.Kinases_MCCE.Trial02.run_holo.4G5P_LYS01A0823_001
ForkPoolWorker-2: Calling delphi to calculate conformer (259/641) LYS+1A0823_002 in /tmp/pbe_data.data.home.granepura.5-Kinases.Kinases_MCCE.Trial02.run_holo.4G5P_LYS+1A0823_002
ForkPoolWorker-5: Calling delphi to calculate conformer (260/641) MET01A0825_001 in /tmp/pbe_data.data.home.granepura.5-Kinases.Kinases_MCCE.Trial02.run_holo.4G5P_MET01A0825_001
ForkPoolWorker-3: Calling delphi to calculate conformer (261/641) ASN01A0826_001 in /tmp/pbe_data.data.home.granepura.5-Kinases.Kinases_MCCE.Trial02.run_holo.4G5P_ASN01A0826_001
ForkPoolWorker-1: Calling delphi to calculate conformer (262/641) ASN01A0826_002 in /tmp/pbe_data.data.home.granepura.5-Kinases.Kinases_MCCE.Trial02.run_holo.4G5P_ASN01A0826_002
ForkPoolWorker-4: Calling delphi to calculate conformer (263/641) TYR01A0827_001 in /tmp/pbe_data.data.home.granepura.5-Kinases.Kinases_MCCE.Trial02.run_holo.4G5P_TYR01A0827_001
ForkPoolWorker-2: Calling delphi to calculate conformer (264/641) TYR01A0827_002 in /tmp/pbe_data.data.home.granepura.5-Kinases.Kinases_MCCE.Trial02.run_holo.4G5P_TYR01A0827_002
ForkPoolWorker-5: Calling delphi to calculate conformer (265/641) TYR-1A0827_003 in /tmp/pbe_data.data.home.granepura.5-Kinases.Kinases_MCCE.Trial02.run_holo.4G5P_TYR-1A0827_003
Skipping PBE solver for non-charge conformer (266/641) LEU01A0828_001...
ForkPoolWorker-3: Calling delphi to calculate conformer (267/641) GLU01A0829_001 in /tmp/pbe_data.data.home.granepura.5-Kinases.Kinases_MCCE.Trial02.run_holo.4G5P_GLU01A0829_001
ForkPoolWorker-1: Calling delphi to calculate conformer (268/641) GLU01A0829_002 in /tmp/pbe_data.data.home.granepura.5-Kinases.Kinases_MCCE.Trial02.run_holo.4G5P_GLU01A0829_002
ForkPoolWorker-4: Calling delphi to calculate conformer (269/641) GLU02A0829_003 in /tmp/pbe_data.data.home.granepura.5-Kinases.Kinases_MCCE.Trial02.run_holo.4G5P_GLU02A0829_003
ForkPoolWorker-2: Calling delphi to calculate conformer (270/641) GLU02A0829_004 in /tmp/pbe_data.data.home.granepura.5-Kinases.Kinases_MCCE.Trial02.run_holo.4G5P_GLU02A0829_004
ForkPoolWorker-5: Calling delphi to calculate conformer (271/641) GLU-1A0829_005 in /tmp/pbe_data.data.home.granepura.5-Kinases.Kinases_MCCE.Trial02.run_holo.4G5P_GLU-1A0829_005
ForkPoolWorker-3: Calling delphi to calculate conformer (272/641) ASP01A0830_001 in /tmp/pbe_data.data.home.granepura.5-Kinases.Kinases_MCCE.Trial02.run_holo.4G5P_ASP01A0830_001
ForkPoolWorker-1: Calling delphi to calculate conformer (273/641) ASP01A0830_002 in /tmp/pbe_data.data.home.granepura.5-Kinases.Kinases_MCCE.Trial02.run_holo.4G5P_ASP01A0830_002
ForkPoolWorker-4: Calling delphi to calculate conformer (274/641) ASP02A0830_003 in /tmp/pbe_data.data.home.granepura.5-Kinases.Kinases_MCCE.Trial02.run_holo.4G5P_ASP02A0830_003
ForkPoolWorker-2: Calling delphi to calculate conformer (275/641) ASP02A0830_004 in /tmp/pbe_data.data.home.granepura.5-Kinases.Kinases_MCCE.Trial02.run_holo.4G5P_ASP02A0830_004
ForkPoolWorker-5: Calling delphi to calculate conformer (276/641) ASP-1A0830_005 in /tmp/pbe_data.data.home.granepura.5-Kinases.Kinases_MCCE.Trial02.run_holo.4G5P_ASP-1A0830_005
ForkPoolWorker-3: Calling delphi to calculate conformer (277/641) ARG01A0831_001 in /tmp/pbe_data.data.home.granepura.5-Kinases.Kinases_MCCE.Trial02.run_holo.4G5P_ARG01A0831_001
ForkPoolWorker-1: Calling delphi to calculate conformer (278/641) ARG02A0831_002 in /tmp/pbe_data.data.home.granepura.5-Kinases.Kinases_MCCE.Trial02.run_holo.4G5P_ARG02A0831_002
ForkPoolWorker-4: Calling delphi to calculate conformer (279/641) ARG03A0831_003 in /tmp/pbe_data.data.home.granepura.5-Kinases.Kinases_MCCE.Trial02.run_holo.4G5P_ARG03A0831_003
ForkPoolWorker-2: Calling delphi to calculate conformer (280/641) ARG+1A0831_004 in /tmp/pbe_data.data.home.granepura.5-Kinases.Kinases_MCCE.Trial02.run_holo.4G5P_ARG+1A0831_004
ForkPoolWorker-5: Calling delphi to calculate conformer (281/641) ARG01A0832_001 in /tmp/pbe_data.data.home.granepura.5-Kinases.Kinases_MCCE.Trial02.run_holo.4G5P_ARG01A0832_001
ForkPoolWorker-3: Calling delphi to calculate conformer (282/641) ARG02A0832_002 in /tmp/pbe_data.data.home.granepura.5-Kinases.Kinases_MCCE.Trial02.run_holo.4G5P_ARG02A0832_002
ForkPoolWorker-1: Calling delphi to calculate conformer (283/641) ARG03A0832_003 in /tmp/pbe_data.data.home.granepura.5-Kinases.Kinases_MCCE.Trial02.run_holo.4G5P_ARG03A0832_003
ForkPoolWorker-4: Calling delphi to calculate conformer (284/641) ARG+1A0832_004 in /tmp/pbe_data.data.home.granepura.5-Kinases.Kinases_MCCE.Trial02.run_holo.4G5P_ARG+1A0832_004
Skipping PBE solver for non-charge conformer (285/641) LEU01A0833_001...
Skipping PBE solver for non-charge conformer (286/641) VAL01A0834_001...
ForkPoolWorker-2: Calling delphi to calculate conformer (287/641) HIS01A0835_001 in /tmp/pbe_data.data.home.granepura.5-Kinases.Kinases_MCCE.Trial02.run_holo.4G5P_HIS01A0835_001
ForkPoolWorker-5: Calling delphi to calculate conformer (288/641) HIS02A0835_002 in /tmp/pbe_data.data.home.granepura.5-Kinases.Kinases_MCCE.Trial02.run_holo.4G5P_HIS02A0835_002
ForkPoolWorker-3: Calling delphi to calculate conformer (289/641) HIS+1A0835_003 in /tmp/pbe_data.data.home.granepura.5-Kinases.Kinases_MCCE.Trial02.run_holo.4G5P_HIS+1A0835_003
ForkPoolWorker-1: Calling delphi to calculate conformer (290/641) ARG01A0836_001 in /tmp/pbe_data.data.home.granepura.5-Kinases.Kinases_MCCE.Trial02.run_holo.4G5P_ARG01A0836_001
ForkPoolWorker-4: Calling delphi to calculate conformer (291/641) ARG02A0836_002 in /tmp/pbe_data.data.home.granepura.5-Kinases.Kinases_MCCE.Trial02.run_holo.4G5P_ARG02A0836_002
ForkPoolWorker-2: Calling delphi to calculate conformer (292/641) ARG02A0836_003 in /tmp/pbe_data.data.home.granepura.5-Kinases.Kinases_MCCE.Trial02.run_holo.4G5P_ARG02A0836_003
ForkPoolWorker-5: Calling delphi to calculate conformer (293/641) ARG03A0836_004 in /tmp/pbe_data.data.home.granepura.5-Kinases.Kinases_MCCE.Trial02.run_holo.4G5P_ARG03A0836_004
ForkPoolWorker-3: Calling delphi to calculate conformer (294/641) ARG+1A0836_005 in /tmp/pbe_data.data.home.granepura.5-Kinases.Kinases_MCCE.Trial02.run_holo.4G5P_ARG+1A0836_005
ForkPoolWorker-1: Calling delphi to calculate conformer (295/641) ASP01A0837_001 in /tmp/pbe_data.data.home.granepura.5-Kinases.Kinases_MCCE.Trial02.run_holo.4G5P_ASP01A0837_001
ForkPoolWorker-4: Calling delphi to calculate conformer (296/641) ASP01A0837_002 in /tmp/pbe_data.data.home.granepura.5-Kinases.Kinases_MCCE.Trial02.run_holo.4G5P_ASP01A0837_002
ForkPoolWorker-2: Calling delphi to calculate conformer (297/641) ASP02A0837_003 in /tmp/pbe_data.data.home.granepura.5-Kinases.Kinases_MCCE.Trial02.run_holo.4G5P_ASP02A0837_003
ForkPoolWorker-5: Calling delphi to calculate conformer (298/641) ASP02A0837_004 in /tmp/pbe_data.data.home.granepura.5-Kinases.Kinases_MCCE.Trial02.run_holo.4G5P_ASP02A0837_004
ForkPoolWorker-3: Calling delphi to calculate conformer (299/641) ASP-1A0837_005 in /tmp/pbe_data.data.home.granepura.5-Kinases.Kinases_MCCE.Trial02.run_holo.4G5P_ASP-1A0837_005
Skipping PBE solver for non-charge conformer (300/641) LEU01A0838_001...
Skipping PBE solver for non-charge conformer (301/641) ALA01A0839_001...
Skipping PBE solver for non-charge conformer (302/641) ALA01A0840_001...
ForkPoolWorker-1: Calling delphi to calculate conformer (303/641) ARG01A0841_001 in /tmp/pbe_data.data.home.granepura.5-Kinases.Kinases_MCCE.Trial02.run_holo.4G5P_ARG01A0841_001
ForkPoolWorker-4: Calling delphi to calculate conformer (304/641) ARG02A0841_002 in /tmp/pbe_data.data.home.granepura.5-Kinases.Kinases_MCCE.Trial02.run_holo.4G5P_ARG02A0841_002
ForkPoolWorker-2: Calling delphi to calculate conformer (305/641) ARG02A0841_003 in /tmp/pbe_data.data.home.granepura.5-Kinases.Kinases_MCCE.Trial02.run_holo.4G5P_ARG02A0841_003
ForkPoolWorker-5: Calling delphi to calculate conformer (306/641) ARG03A0841_004 in /tmp/pbe_data.data.home.granepura.5-Kinases.Kinases_MCCE.Trial02.run_holo.4G5P_ARG03A0841_004
ForkPoolWorker-3: Calling delphi to calculate conformer (307/641) ARG+1A0841_005 in /tmp/pbe_data.data.home.granepura.5-Kinases.Kinases_MCCE.Trial02.run_holo.4G5P_ARG+1A0841_005
ForkPoolWorker-1: Calling delphi to calculate conformer (308/641) ASN01A0842_001 in /tmp/pbe_data.data.home.granepura.5-Kinases.Kinases_MCCE.Trial02.run_holo.4G5P_ASN01A0842_001
ForkPoolWorker-4: Calling delphi to calculate conformer (309/641) ASN01A0842_002 in /tmp/pbe_data.data.home.granepura.5-Kinases.Kinases_MCCE.Trial02.run_holo.4G5P_ASN01A0842_002
Skipping PBE solver for non-charge conformer (310/641) VAL01A0843_001...
Skipping PBE solver for non-charge conformer (311/641) LEU01A0844_001...
Skipping PBE solver for non-charge conformer (312/641) VAL01A0845_001...
ForkPoolWorker-2: Calling delphi to calculate conformer (313/641) LYS01A0846_001 in /tmp/pbe_data.data.home.granepura.5-Kinases.Kinases_MCCE.Trial02.run_holo.4G5P_LYS01A0846_001
ForkPoolWorker-5: Calling delphi to calculate conformer (314/641) LYS+1A0846_002 in /tmp/pbe_data.data.home.granepura.5-Kinases.Kinases_MCCE.Trial02.run_holo.4G5P_LYS+1A0846_002
ForkPoolWorker-3: Calling delphi to calculate conformer (315/641) THR01A0847_001 in /tmp/pbe_data.data.home.granepura.5-Kinases.Kinases_MCCE.Trial02.run_holo.4G5P_THR01A0847_001
ForkPoolWorker-1: Calling delphi to calculate conformer (316/641) THR01A0847_002 in /tmp/pbe_data.data.home.granepura.5-Kinases.Kinases_MCCE.Trial02.run_holo.4G5P_THR01A0847_002
Skipping PBE solver for non-charge conformer (317/641) PRO01A0848_001...
ForkPoolWorker-4: Calling delphi to calculate conformer (318/641) GLN01A0849_001 in /tmp/pbe_data.data.home.granepura.5-Kinases.Kinases_MCCE.Trial02.run_holo.4G5P_GLN01A0849_001
ForkPoolWorker-2: Calling delphi to calculate conformer (319/641) HIS01A0850_001 in /tmp/pbe_data.data.home.granepura.5-Kinases.Kinases_MCCE.Trial02.run_holo.4G5P_HIS01A0850_001
ForkPoolWorker-5: Calling delphi to calculate conformer (320/641) HIS01A0850_002 in /tmp/pbe_data.data.home.granepura.5-Kinases.Kinases_MCCE.Trial02.run_holo.4G5P_HIS01A0850_002
ForkPoolWorker-3: Calling delphi to calculate conformer (321/641) HIS02A0850_003 in /tmp/pbe_data.data.home.granepura.5-Kinases.Kinases_MCCE.Trial02.run_holo.4G5P_HIS02A0850_003
ForkPoolWorker-1: Calling delphi to calculate conformer (322/641) HIS02A0850_004 in /tmp/pbe_data.data.home.granepura.5-Kinases.Kinases_MCCE.Trial02.run_holo.4G5P_HIS02A0850_004
ForkPoolWorker-4: Calling delphi to calculate conformer (323/641) HIS+1A0850_005 in /tmp/pbe_data.data.home.granepura.5-Kinases.Kinases_MCCE.Trial02.run_holo.4G5P_HIS+1A0850_005
ForkPoolWorker-2: Calling delphi to calculate conformer (324/641) HIS+1A0850_006 in /tmp/pbe_data.data.home.granepura.5-Kinases.Kinases_MCCE.Trial02.run_holo.4G5P_HIS+1A0850_006
Skipping PBE solver for non-charge conformer (325/641) VAL01A0851_001...
ForkPoolWorker-5: Calling delphi to calculate conformer (326/641) LYS01A0852_001 in /tmp/pbe_data.data.home.granepura.5-Kinases.Kinases_MCCE.Trial02.run_holo.4G5P_LYS01A0852_001
ForkPoolWorker-3: Calling delphi to calculate conformer (327/641) LYS+1A0852_002 in /tmp/pbe_data.data.home.granepura.5-Kinases.Kinases_MCCE.Trial02.run_holo.4G5P_LYS+1A0852_002
Skipping PBE solver for non-charge conformer (328/641) ILE01A0853_001...
ForkPoolWorker-1: Calling delphi to calculate conformer (329/641) THR01A0854_001 in /tmp/pbe_data.data.home.granepura.5-Kinases.Kinases_MCCE.Trial02.run_holo.4G5P_THR01A0854_001
ForkPoolWorker-4: Calling delphi to calculate conformer (330/641) THR01A0854_002 in /tmp/pbe_data.data.home.granepura.5-Kinases.Kinases_MCCE.Trial02.run_holo.4G5P_THR01A0854_002
ForkPoolWorker-2: Calling delphi to calculate conformer (331/641) ASP01A0855_001 in /tmp/pbe_data.data.home.granepura.5-Kinases.Kinases_MCCE.Trial02.run_holo.4G5P_ASP01A0855_001
ForkPoolWorker-5: Calling delphi to calculate conformer (332/641) ASP01A0855_002 in /tmp/pbe_data.data.home.granepura.5-Kinases.Kinases_MCCE.Trial02.run_holo.4G5P_ASP01A0855_002
ForkPoolWorker-3: Calling delphi to calculate conformer (333/641) ASP02A0855_003 in /tmp/pbe_data.data.home.granepura.5-Kinases.Kinases_MCCE.Trial02.run_holo.4G5P_ASP02A0855_003
ForkPoolWorker-1: Calling delphi to calculate conformer (334/641) ASP02A0855_004 in /tmp/pbe_data.data.home.granepura.5-Kinases.Kinases_MCCE.Trial02.run_holo.4G5P_ASP02A0855_004
ForkPoolWorker-4: Calling delphi to calculate conformer (335/641) ASP-1A0855_005 in /tmp/pbe_data.data.home.granepura.5-Kinases.Kinases_MCCE.Trial02.run_holo.4G5P_ASP-1A0855_005
Skipping PBE solver for non-charge conformer (336/641) PHE01A0856_001...
Skipping PBE solver for non-charge conformer (337/641) LEU01A0858_001...
Skipping PBE solver for non-charge conformer (338/641) ALA01A0859_001...
ForkPoolWorker-2: Calling delphi to calculate conformer (339/641) LYS01A0860_001 in /tmp/pbe_data.data.home.granepura.5-Kinases.Kinases_MCCE.Trial02.run_holo.4G5P_LYS01A0860_001
ForkPoolWorker-5: Calling delphi to calculate conformer (340/641) LYS+1A0860_002 in /tmp/pbe_data.data.home.granepura.5-Kinases.Kinases_MCCE.Trial02.run_holo.4G5P_LYS+1A0860_002
Skipping PBE solver for non-charge conformer (341/641) LEU01A0861_001...
Skipping PBE solver for non-charge conformer (342/641) LEU01A0862_001...
Skipping PBE solver for non-charge conformer (343/641) ALA01A0864_001...
ForkPoolWorker-3: Calling delphi to calculate conformer (344/641) GLU01A0865_001 in /tmp/pbe_data.data.home.granepura.5-Kinases.Kinases_MCCE.Trial02.run_holo.4G5P_GLU01A0865_001
ForkPoolWorker-1: Calling delphi to calculate conformer (345/641) GLU01A0865_002 in /tmp/pbe_data.data.home.granepura.5-Kinases.Kinases_MCCE.Trial02.run_holo.4G5P_GLU01A0865_002
ForkPoolWorker-4: Calling delphi to calculate conformer (346/641) GLU02A0865_003 in /tmp/pbe_data.data.home.granepura.5-Kinases.Kinases_MCCE.Trial02.run_holo.4G5P_GLU02A0865_003
ForkPoolWorker-2: Calling delphi to calculate conformer (347/641) GLU02A0865_004 in /tmp/pbe_data.data.home.granepura.5-Kinases.Kinases_MCCE.Trial02.run_holo.4G5P_GLU02A0865_004
ForkPoolWorker-5: Calling delphi to calculate conformer (348/641) GLU-1A0865_005 in /tmp/pbe_data.data.home.granepura.5-Kinases.Kinases_MCCE.Trial02.run_holo.4G5P_GLU-1A0865_005
ForkPoolWorker-3: Calling delphi to calculate conformer (349/641) GLU01A0866_001 in /tmp/pbe_data.data.home.granepura.5-Kinases.Kinases_MCCE.Trial02.run_holo.4G5P_GLU01A0866_001
ForkPoolWorker-1: Calling delphi to calculate conformer (350/641) GLU01A0866_002 in /tmp/pbe_data.data.home.granepura.5-Kinases.Kinases_MCCE.Trial02.run_holo.4G5P_GLU01A0866_002
ForkPoolWorker-4: Calling delphi to calculate conformer (351/641) GLU02A0866_003 in /tmp/pbe_data.data.home.granepura.5-Kinases.Kinases_MCCE.Trial02.run_holo.4G5P_GLU02A0866_003
ForkPoolWorker-2: Calling delphi to calculate conformer (352/641) GLU02A0866_004 in /tmp/pbe_data.data.home.granepura.5-Kinases.Kinases_MCCE.Trial02.run_holo.4G5P_GLU02A0866_004
ForkPoolWorker-5: Calling delphi to calculate conformer (353/641) GLU-1A0866_005 in /tmp/pbe_data.data.home.granepura.5-Kinases.Kinases_MCCE.Trial02.run_holo.4G5P_GLU-1A0866_005
ForkPoolWorker-3: Calling delphi to calculate conformer (354/641) LYS01A0867_001 in /tmp/pbe_data.data.home.granepura.5-Kinases.Kinases_MCCE.Trial02.run_holo.4G5P_LYS01A0867_001
ForkPoolWorker-1: Calling delphi to calculate conformer (355/641) LYS+1A0867_002 in /tmp/pbe_data.data.home.granepura.5-Kinases.Kinases_MCCE.Trial02.run_holo.4G5P_LYS+1A0867_002
ForkPoolWorker-4: Calling delphi to calculate conformer (356/641) GLU01A0868_001 in /tmp/pbe_data.data.home.granepura.5-Kinases.Kinases_MCCE.Trial02.run_holo.4G5P_GLU01A0868_001
ForkPoolWorker-2: Calling delphi to calculate conformer (357/641) GLU01A0868_002 in /tmp/pbe_data.data.home.granepura.5-Kinases.Kinases_MCCE.Trial02.run_holo.4G5P_GLU01A0868_002
ForkPoolWorker-5: Calling delphi to calculate conformer (358/641) GLU02A0868_003 in /tmp/pbe_data.data.home.granepura.5-Kinases.Kinases_MCCE.Trial02.run_holo.4G5P_GLU02A0868_003
ForkPoolWorker-3: Calling delphi to calculate conformer (359/641) GLU02A0868_004 in /tmp/pbe_data.data.home.granepura.5-Kinases.Kinases_MCCE.Trial02.run_holo.4G5P_GLU02A0868_004
ForkPoolWorker-1: Calling delphi to calculate conformer (360/641) GLU-1A0868_005 in /tmp/pbe_data.data.home.granepura.5-Kinases.Kinases_MCCE.Trial02.run_holo.4G5P_GLU-1A0868_005
ForkPoolWorker-4: Calling delphi to calculate conformer (361/641) TYR01A0869_001 in /tmp/pbe_data.data.home.granepura.5-Kinases.Kinases_MCCE.Trial02.run_holo.4G5P_TYR01A0869_001
ForkPoolWorker-2: Calling delphi to calculate conformer (362/641) TYR01A0869_002 in /tmp/pbe_data.data.home.granepura.5-Kinases.Kinases_MCCE.Trial02.run_holo.4G5P_TYR01A0869_002
ForkPoolWorker-5: Calling delphi to calculate conformer (363/641) TYR-1A0869_003 in /tmp/pbe_data.data.home.granepura.5-Kinases.Kinases_MCCE.Trial02.run_holo.4G5P_TYR-1A0869_003
ForkPoolWorker-3: Calling delphi to calculate conformer (364/641) HIS01A0870_001 in /tmp/pbe_data.data.home.granepura.5-Kinases.Kinases_MCCE.Trial02.run_holo.4G5P_HIS01A0870_001
ForkPoolWorker-1: Calling delphi to calculate conformer (365/641) HIS02A0870_002 in /tmp/pbe_data.data.home.granepura.5-Kinases.Kinases_MCCE.Trial02.run_holo.4G5P_HIS02A0870_002
ForkPoolWorker-4: Calling delphi to calculate conformer (366/641) HIS+1A0870_003 in /tmp/pbe_data.data.home.granepura.5-Kinases.Kinases_MCCE.Trial02.run_holo.4G5P_HIS+1A0870_003
Skipping PBE solver for non-charge conformer (367/641) ALA01A0871_001...
ForkPoolWorker-2: Calling delphi to calculate conformer (368/641) GLU01A0872_001 in /tmp/pbe_data.data.home.granepura.5-Kinases.Kinases_MCCE.Trial02.run_holo.4G5P_GLU01A0872_001
ForkPoolWorker-5: Calling delphi to calculate conformer (369/641) GLU01A0872_002 in /tmp/pbe_data.data.home.granepura.5-Kinases.Kinases_MCCE.Trial02.run_holo.4G5P_GLU01A0872_002
ForkPoolWorker-3: Calling delphi to calculate conformer (370/641) GLU02A0872_003 in /tmp/pbe_data.data.home.granepura.5-Kinases.Kinases_MCCE.Trial02.run_holo.4G5P_GLU02A0872_003
ForkPoolWorker-1: Calling delphi to calculate conformer (371/641) GLU02A0872_004 in /tmp/pbe_data.data.home.granepura.5-Kinases.Kinases_MCCE.Trial02.run_holo.4G5P_GLU02A0872_004
ForkPoolWorker-4: Calling delphi to calculate conformer (372/641) GLU-1A0872_005 in /tmp/pbe_data.data.home.granepura.5-Kinases.Kinases_MCCE.Trial02.run_holo.4G5P_GLU-1A0872_005
ForkPoolWorker-2: Calling delphi to calculate conformer (373/641) LYS01A0875_001 in /tmp/pbe_data.data.home.granepura.5-Kinases.Kinases_MCCE.Trial02.run_holo.4G5P_LYS01A0875_001
ForkPoolWorker-5: Calling delphi to calculate conformer (374/641) LYS+1A0875_002 in /tmp/pbe_data.data.home.granepura.5-Kinases.Kinases_MCCE.Trial02.run_holo.4G5P_LYS+1A0875_002
Skipping PBE solver for non-charge conformer (375/641) VAL01A0876_001...
Skipping PBE solver for non-charge conformer (376/641) PRO01A0877_001...
Skipping PBE solver for non-charge conformer (377/641) ILE01A0878_001...
ForkPoolWorker-3: Calling delphi to calculate conformer (378/641) LYS01A0879_001 in /tmp/pbe_data.data.home.granepura.5-Kinases.Kinases_MCCE.Trial02.run_holo.4G5P_LYS01A0879_001
ForkPoolWorker-1: Calling delphi to calculate conformer (379/641) LYS+1A0879_002 in /tmp/pbe_data.data.home.granepura.5-Kinases.Kinases_MCCE.Trial02.run_holo.4G5P_LYS+1A0879_002
Skipping PBE solver for non-charge conformer (380/641) TRP01A0880_001...
ForkPoolWorker-4: Calling delphi to calculate conformer (381/641) MET01A0881_001 in /tmp/pbe_data.data.home.granepura.5-Kinases.Kinases_MCCE.Trial02.run_holo.4G5P_MET01A0881_001
Skipping PBE solver for non-charge conformer (382/641) ALA01A0882_001...
Skipping PBE solver for non-charge conformer (383/641) LEU01A0883_001...
ForkPoolWorker-2: Calling delphi to calculate conformer (384/641) GLU01A0884_001 in /tmp/pbe_data.data.home.granepura.5-Kinases.Kinases_MCCE.Trial02.run_holo.4G5P_GLU01A0884_001
ForkPoolWorker-5: Calling delphi to calculate conformer (385/641) GLU01A0884_002 in /tmp/pbe_data.data.home.granepura.5-Kinases.Kinases_MCCE.Trial02.run_holo.4G5P_GLU01A0884_002
ForkPoolWorker-3: Calling delphi to calculate conformer (386/641) GLU02A0884_003 in /tmp/pbe_data.data.home.granepura.5-Kinases.Kinases_MCCE.Trial02.run_holo.4G5P_GLU02A0884_003
ForkPoolWorker-1: Calling delphi to calculate conformer (387/641) GLU02A0884_004 in /tmp/pbe_data.data.home.granepura.5-Kinases.Kinases_MCCE.Trial02.run_holo.4G5P_GLU02A0884_004
ForkPoolWorker-4: Calling delphi to calculate conformer (388/641) GLU-1A0884_005 in /tmp/pbe_data.data.home.granepura.5-Kinases.Kinases_MCCE.Trial02.run_holo.4G5P_GLU-1A0884_005
ForkPoolWorker-2: Calling delphi to calculate conformer (389/641) SER01A0885_001 in /tmp/pbe_data.data.home.granepura.5-Kinases.Kinases_MCCE.Trial02.run_holo.4G5P_SER01A0885_001
ForkPoolWorker-5: Calling delphi to calculate conformer (390/641) SER01A0885_002 in /tmp/pbe_data.data.home.granepura.5-Kinases.Kinases_MCCE.Trial02.run_holo.4G5P_SER01A0885_002
ForkPoolWorker-3: Calling delphi to calculate conformer (391/641) SER01A0885_003 in /tmp/pbe_data.data.home.granepura.5-Kinases.Kinases_MCCE.Trial02.run_holo.4G5P_SER01A0885_003
Skipping PBE solver for non-charge conformer (392/641) ILE01A0886_001...
Skipping PBE solver for non-charge conformer (393/641) LEU01A0887_001...
ForkPoolWorker-1: Calling delphi to calculate conformer (394/641) HIS01A0888_001 in /tmp/pbe_data.data.home.granepura.5-Kinases.Kinases_MCCE.Trial02.run_holo.4G5P_HIS01A0888_001
ForkPoolWorker-4: Calling delphi to calculate conformer (395/641) HIS01A0888_002 in /tmp/pbe_data.data.home.granepura.5-Kinases.Kinases_MCCE.Trial02.run_holo.4G5P_HIS01A0888_002
ForkPoolWorker-2: Calling delphi to calculate conformer (396/641) HIS02A0888_003 in /tmp/pbe_data.data.home.granepura.5-Kinases.Kinases_MCCE.Trial02.run_holo.4G5P_HIS02A0888_003
ForkPoolWorker-5: Calling delphi to calculate conformer (397/641) HIS02A0888_004 in /tmp/pbe_data.data.home.granepura.5-Kinases.Kinases_MCCE.Trial02.run_holo.4G5P_HIS02A0888_004
ForkPoolWorker-3: Calling delphi to calculate conformer (398/641) HIS+1A0888_005 in /tmp/pbe_data.data.home.granepura.5-Kinases.Kinases_MCCE.Trial02.run_holo.4G5P_HIS+1A0888_005
ForkPoolWorker-1: Calling delphi to calculate conformer (399/641) HIS+1A0888_006 in /tmp/pbe_data.data.home.granepura.5-Kinases.Kinases_MCCE.Trial02.run_holo.4G5P_HIS+1A0888_006
ForkPoolWorker-4: Calling delphi to calculate conformer (400/641) ARG01A0889_001 in /tmp/pbe_data.data.home.granepura.5-Kinases.Kinases_MCCE.Trial02.run_holo.4G5P_ARG01A0889_001
ForkPoolWorker-2: Calling delphi to calculate conformer (401/641) ARG02A0889_002 in /tmp/pbe_data.data.home.granepura.5-Kinases.Kinases_MCCE.Trial02.run_holo.4G5P_ARG02A0889_002
ForkPoolWorker-5: Calling delphi to calculate conformer (402/641) ARG03A0889_003 in /tmp/pbe_data.data.home.granepura.5-Kinases.Kinases_MCCE.Trial02.run_holo.4G5P_ARG03A0889_003
ForkPoolWorker-3: Calling delphi to calculate conformer (403/641) ARG+1A0889_004 in /tmp/pbe_data.data.home.granepura.5-Kinases.Kinases_MCCE.Trial02.run_holo.4G5P_ARG+1A0889_004
Skipping PBE solver for non-charge conformer (404/641) ILE01A0890_001...
ForkPoolWorker-1: Calling delphi to calculate conformer (405/641) TYR01A0891_001 in /tmp/pbe_data.data.home.granepura.5-Kinases.Kinases_MCCE.Trial02.run_holo.4G5P_TYR01A0891_001
ForkPoolWorker-4: Calling delphi to calculate conformer (406/641) TYR-1A0891_002 in /tmp/pbe_data.data.home.granepura.5-Kinases.Kinases_MCCE.Trial02.run_holo.4G5P_TYR-1A0891_002
ForkPoolWorker-2: Calling delphi to calculate conformer (407/641) THR01A0892_001 in /tmp/pbe_data.data.home.granepura.5-Kinases.Kinases_MCCE.Trial02.run_holo.4G5P_THR01A0892_001
ForkPoolWorker-5: Calling delphi to calculate conformer (408/641) THR01A0892_002 in /tmp/pbe_data.data.home.granepura.5-Kinases.Kinases_MCCE.Trial02.run_holo.4G5P_THR01A0892_002
ForkPoolWorker-3: Calling delphi to calculate conformer (409/641) HIS01A0893_001 in /tmp/pbe_data.data.home.granepura.5-Kinases.Kinases_MCCE.Trial02.run_holo.4G5P_HIS01A0893_001
ForkPoolWorker-1: Calling delphi to calculate conformer (410/641) HIS01A0893_002 in /tmp/pbe_data.data.home.granepura.5-Kinases.Kinases_MCCE.Trial02.run_holo.4G5P_HIS01A0893_002
ForkPoolWorker-4: Calling delphi to calculate conformer (411/641) HIS02A0893_003 in /tmp/pbe_data.data.home.granepura.5-Kinases.Kinases_MCCE.Trial02.run_holo.4G5P_HIS02A0893_003
ForkPoolWorker-2: Calling delphi to calculate conformer (412/641) HIS02A0893_004 in /tmp/pbe_data.data.home.granepura.5-Kinases.Kinases_MCCE.Trial02.run_holo.4G5P_HIS02A0893_004
ForkPoolWorker-5: Calling delphi to calculate conformer (413/641) HIS+1A0893_005 in /tmp/pbe_data.data.home.granepura.5-Kinases.Kinases_MCCE.Trial02.run_holo.4G5P_HIS+1A0893_005
ForkPoolWorker-3: Calling delphi to calculate conformer (414/641) HIS+1A0893_006 in /tmp/pbe_data.data.home.granepura.5-Kinases.Kinases_MCCE.Trial02.run_holo.4G5P_HIS+1A0893_006
ForkPoolWorker-1: Calling delphi to calculate conformer (415/641) GLN01A0894_001 in /tmp/pbe_data.data.home.granepura.5-Kinases.Kinases_MCCE.Trial02.run_holo.4G5P_GLN01A0894_001
ForkPoolWorker-4: Calling delphi to calculate conformer (416/641) GLN01A0894_002 in /tmp/pbe_data.data.home.granepura.5-Kinases.Kinases_MCCE.Trial02.run_holo.4G5P_GLN01A0894_002
ForkPoolWorker-2: Calling delphi to calculate conformer (417/641) SER01A0895_001 in /tmp/pbe_data.data.home.granepura.5-Kinases.Kinases_MCCE.Trial02.run_holo.4G5P_SER01A0895_001
ForkPoolWorker-5: Calling delphi to calculate conformer (418/641) SER01A0895_002 in /tmp/pbe_data.data.home.granepura.5-Kinases.Kinases_MCCE.Trial02.run_holo.4G5P_SER01A0895_002
ForkPoolWorker-3: Calling delphi to calculate conformer (419/641) SER01A0895_003 in /tmp/pbe_data.data.home.granepura.5-Kinases.Kinases_MCCE.Trial02.run_holo.4G5P_SER01A0895_003
ForkPoolWorker-1: Calling delphi to calculate conformer (420/641) ASP01A0896_001 in /tmp/pbe_data.data.home.granepura.5-Kinases.Kinases_MCCE.Trial02.run_holo.4G5P_ASP01A0896_001
ForkPoolWorker-4: Calling delphi to calculate conformer (421/641) ASP01A0896_002 in /tmp/pbe_data.data.home.granepura.5-Kinases.Kinases_MCCE.Trial02.run_holo.4G5P_ASP01A0896_002
ForkPoolWorker-2: Calling delphi to calculate conformer (422/641) ASP02A0896_003 in /tmp/pbe_data.data.home.granepura.5-Kinases.Kinases_MCCE.Trial02.run_holo.4G5P_ASP02A0896_003
ForkPoolWorker-5: Calling delphi to calculate conformer (423/641) ASP02A0896_004 in /tmp/pbe_data.data.home.granepura.5-Kinases.Kinases_MCCE.Trial02.run_holo.4G5P_ASP02A0896_004
ForkPoolWorker-3: Calling delphi to calculate conformer (424/641) ASP-1A0896_005 in /tmp/pbe_data.data.home.granepura.5-Kinases.Kinases_MCCE.Trial02.run_holo.4G5P_ASP-1A0896_005
Skipping PBE solver for non-charge conformer (425/641) VAL01A0897_001...
Skipping PBE solver for non-charge conformer (426/641) TRP01A0898_001...
ForkPoolWorker-1: Calling delphi to calculate conformer (427/641) SER01A0899_001 in /tmp/pbe_data.data.home.granepura.5-Kinases.Kinases_MCCE.Trial02.run_holo.4G5P_SER01A0899_001
ForkPoolWorker-4: Calling delphi to calculate conformer (428/641) SER01A0899_002 in /tmp/pbe_data.data.home.granepura.5-Kinases.Kinases_MCCE.Trial02.run_holo.4G5P_SER01A0899_002
ForkPoolWorker-2: Calling delphi to calculate conformer (429/641) TYR01A0900_001 in /tmp/pbe_data.data.home.granepura.5-Kinases.Kinases_MCCE.Trial02.run_holo.4G5P_TYR01A0900_001
ForkPoolWorker-5: Calling delphi to calculate conformer (430/641) TYR01A0900_002 in /tmp/pbe_data.data.home.granepura.5-Kinases.Kinases_MCCE.Trial02.run_holo.4G5P_TYR01A0900_002
ForkPoolWorker-3: Calling delphi to calculate conformer (431/641) TYR-1A0900_003 in /tmp/pbe_data.data.home.granepura.5-Kinases.Kinases_MCCE.Trial02.run_holo.4G5P_TYR-1A0900_003
Skipping PBE solver for non-charge conformer (432/641) VAL01A0902_001...
ForkPoolWorker-1: Calling delphi to calculate conformer (433/641) THR01A0903_001 in /tmp/pbe_data.data.home.granepura.5-Kinases.Kinases_MCCE.Trial02.run_holo.4G5P_THR01A0903_001
Skipping PBE solver for non-charge conformer (434/641) VAL01A0904_001...
Skipping PBE solver for non-charge conformer (435/641) TRP01A0905_001...
ForkPoolWorker-4: Calling delphi to calculate conformer (436/641) GLU01A0906_001 in /tmp/pbe_data.data.home.granepura.5-Kinases.Kinases_MCCE.Trial02.run_holo.4G5P_GLU01A0906_001
ForkPoolWorker-2: Calling delphi to calculate conformer (437/641) GLU01A0906_002 in /tmp/pbe_data.data.home.granepura.5-Kinases.Kinases_MCCE.Trial02.run_holo.4G5P_GLU01A0906_002
ForkPoolWorker-5: Calling delphi to calculate conformer (438/641) GLU02A0906_003 in /tmp/pbe_data.data.home.granepura.5-Kinases.Kinases_MCCE.Trial02.run_holo.4G5P_GLU02A0906_003
ForkPoolWorker-3: Calling delphi to calculate conformer (439/641) GLU02A0906_004 in /tmp/pbe_data.data.home.granepura.5-Kinases.Kinases_MCCE.Trial02.run_holo.4G5P_GLU02A0906_004
ForkPoolWorker-1: Calling delphi to calculate conformer (440/641) GLU-1A0906_005 in /tmp/pbe_data.data.home.granepura.5-Kinases.Kinases_MCCE.Trial02.run_holo.4G5P_GLU-1A0906_005
Skipping PBE solver for non-charge conformer (441/641) LEU01A0907_001...
ForkPoolWorker-4: Calling delphi to calculate conformer (442/641) MET01A0908_001 in /tmp/pbe_data.data.home.granepura.5-Kinases.Kinases_MCCE.Trial02.run_holo.4G5P_MET01A0908_001
ForkPoolWorker-2: Calling delphi to calculate conformer (443/641) THR01A0909_001 in /tmp/pbe_data.data.home.granepura.5-Kinases.Kinases_MCCE.Trial02.run_holo.4G5P_THR01A0909_001
ForkPoolWorker-5: Calling delphi to calculate conformer (444/641) THR01A0909_002 in /tmp/pbe_data.data.home.granepura.5-Kinases.Kinases_MCCE.Trial02.run_holo.4G5P_THR01A0909_002
Skipping PBE solver for non-charge conformer (445/641) PHE01A0910_001...
ForkPoolWorker-3: Calling delphi to calculate conformer (446/641) SER01A0912_001 in /tmp/pbe_data.data.home.granepura.5-Kinases.Kinases_MCCE.Trial02.run_holo.4G5P_SER01A0912_001
ForkPoolWorker-1: Calling delphi to calculate conformer (447/641) LYS01A0913_001 in /tmp/pbe_data.data.home.granepura.5-Kinases.Kinases_MCCE.Trial02.run_holo.4G5P_LYS01A0913_001
ForkPoolWorker-4: Calling delphi to calculate conformer (448/641) LYS+1A0913_002 in /tmp/pbe_data.data.home.granepura.5-Kinases.Kinases_MCCE.Trial02.run_holo.4G5P_LYS+1A0913_002
Skipping PBE solver for non-charge conformer (449/641) PRO01A0914_001...
ForkPoolWorker-2: Calling delphi to calculate conformer (450/641) TYR01A0915_001 in /tmp/pbe_data.data.home.granepura.5-Kinases.Kinases_MCCE.Trial02.run_holo.4G5P_TYR01A0915_001
ForkPoolWorker-5: Calling delphi to calculate conformer (451/641) TYR-1A0915_002 in /tmp/pbe_data.data.home.granepura.5-Kinases.Kinases_MCCE.Trial02.run_holo.4G5P_TYR-1A0915_002
ForkPoolWorker-3: Calling delphi to calculate conformer (452/641) ASP01A0916_001 in /tmp/pbe_data.data.home.granepura.5-Kinases.Kinases_MCCE.Trial02.run_holo.4G5P_ASP01A0916_001
ForkPoolWorker-1: Calling delphi to calculate conformer (453/641) ASP01A0916_002 in /tmp/pbe_data.data.home.granepura.5-Kinases.Kinases_MCCE.Trial02.run_holo.4G5P_ASP01A0916_002
ForkPoolWorker-4: Calling delphi to calculate conformer (454/641) ASP02A0916_003 in /tmp/pbe_data.data.home.granepura.5-Kinases.Kinases_MCCE.Trial02.run_holo.4G5P_ASP02A0916_003
ForkPoolWorker-2: Calling delphi to calculate conformer (455/641) ASP02A0916_004 in /tmp/pbe_data.data.home.granepura.5-Kinases.Kinases_MCCE.Trial02.run_holo.4G5P_ASP02A0916_004
ForkPoolWorker-5: Calling delphi to calculate conformer (456/641) ASP-1A0916_005 in /tmp/pbe_data.data.home.granepura.5-Kinases.Kinases_MCCE.Trial02.run_holo.4G5P_ASP-1A0916_005
Skipping PBE solver for non-charge conformer (457/641) ILE01A0918_001...
Skipping PBE solver for non-charge conformer (458/641) PRO01A0919_001...
Skipping PBE solver for non-charge conformer (459/641) ALA01A0920_001...
ForkPoolWorker-3: Calling delphi to calculate conformer (460/641) SER01A0921_001 in /tmp/pbe_data.data.home.granepura.5-Kinases.Kinases_MCCE.Trial02.run_holo.4G5P_SER01A0921_001
ForkPoolWorker-1: Calling delphi to calculate conformer (461/641) SER01A0921_002 in /tmp/pbe_data.data.home.granepura.5-Kinases.Kinases_MCCE.Trial02.run_holo.4G5P_SER01A0921_002
ForkPoolWorker-4: Calling delphi to calculate conformer (462/641) GLU01A0922_001 in /tmp/pbe_data.data.home.granepura.5-Kinases.Kinases_MCCE.Trial02.run_holo.4G5P_GLU01A0922_001
ForkPoolWorker-2: Calling delphi to calculate conformer (463/641) GLU01A0922_002 in /tmp/pbe_data.data.home.granepura.5-Kinases.Kinases_MCCE.Trial02.run_holo.4G5P_GLU01A0922_002
ForkPoolWorker-5: Calling delphi to calculate conformer (464/641) GLU02A0922_003 in /tmp/pbe_data.data.home.granepura.5-Kinases.Kinases_MCCE.Trial02.run_holo.4G5P_GLU02A0922_003
ForkPoolWorker-3: Calling delphi to calculate conformer (465/641) GLU02A0922_004 in /tmp/pbe_data.data.home.granepura.5-Kinases.Kinases_MCCE.Trial02.run_holo.4G5P_GLU02A0922_004
ForkPoolWorker-1: Calling delphi to calculate conformer (466/641) GLU-1A0922_005 in /tmp/pbe_data.data.home.granepura.5-Kinases.Kinases_MCCE.Trial02.run_holo.4G5P_GLU-1A0922_005
Skipping PBE solver for non-charge conformer (467/641) ILE01A0923_001...
ForkPoolWorker-4: Calling delphi to calculate conformer (468/641) SER01A0924_001 in /tmp/pbe_data.data.home.granepura.5-Kinases.Kinases_MCCE.Trial02.run_holo.4G5P_SER01A0924_001
ForkPoolWorker-2: Calling delphi to calculate conformer (469/641) SER01A0925_001 in /tmp/pbe_data.data.home.granepura.5-Kinases.Kinases_MCCE.Trial02.run_holo.4G5P_SER01A0925_001
Skipping PBE solver for non-charge conformer (470/641) ILE01A0926_001...
Skipping PBE solver for non-charge conformer (471/641) LEU01A0927_001...
ForkPoolWorker-5: Calling delphi to calculate conformer (472/641) GLU01A0928_001 in /tmp/pbe_data.data.home.granepura.5-Kinases.Kinases_MCCE.Trial02.run_holo.4G5P_GLU01A0928_001
ForkPoolWorker-3: Calling delphi to calculate conformer (473/641) GLU01A0928_002 in /tmp/pbe_data.data.home.granepura.5-Kinases.Kinases_MCCE.Trial02.run_holo.4G5P_GLU01A0928_002
ForkPoolWorker-1: Calling delphi to calculate conformer (474/641) GLU02A0928_003 in /tmp/pbe_data.data.home.granepura.5-Kinases.Kinases_MCCE.Trial02.run_holo.4G5P_GLU02A0928_003
ForkPoolWorker-4: Calling delphi to calculate conformer (475/641) GLU02A0928_004 in /tmp/pbe_data.data.home.granepura.5-Kinases.Kinases_MCCE.Trial02.run_holo.4G5P_GLU02A0928_004
ForkPoolWorker-2: Calling delphi to calculate conformer (476/641) GLU-1A0928_005 in /tmp/pbe_data.data.home.granepura.5-Kinases.Kinases_MCCE.Trial02.run_holo.4G5P_GLU-1A0928_005
ForkPoolWorker-5: Calling delphi to calculate conformer (477/641) LYS01A0929_001 in /tmp/pbe_data.data.home.granepura.5-Kinases.Kinases_MCCE.Trial02.run_holo.4G5P_LYS01A0929_001
ForkPoolWorker-3: Calling delphi to calculate conformer (478/641) LYS+1A0929_002 in /tmp/pbe_data.data.home.granepura.5-Kinases.Kinases_MCCE.Trial02.run_holo.4G5P_LYS+1A0929_002
ForkPoolWorker-1: Calling delphi to calculate conformer (479/641) GLU01A0931_001 in /tmp/pbe_data.data.home.granepura.5-Kinases.Kinases_MCCE.Trial02.run_holo.4G5P_GLU01A0931_001
ForkPoolWorker-4: Calling delphi to calculate conformer (480/641) GLU01A0931_002 in /tmp/pbe_data.data.home.granepura.5-Kinases.Kinases_MCCE.Trial02.run_holo.4G5P_GLU01A0931_002
ForkPoolWorker-2: Calling delphi to calculate conformer (481/641) GLU02A0931_003 in /tmp/pbe_data.data.home.granepura.5-Kinases.Kinases_MCCE.Trial02.run_holo.4G5P_GLU02A0931_003
ForkPoolWorker-5: Calling delphi to calculate conformer (482/641) GLU02A0931_004 in /tmp/pbe_data.data.home.granepura.5-Kinases.Kinases_MCCE.Trial02.run_holo.4G5P_GLU02A0931_004
ForkPoolWorker-3: Calling delphi to calculate conformer (483/641) GLU-1A0931_005 in /tmp/pbe_data.data.home.granepura.5-Kinases.Kinases_MCCE.Trial02.run_holo.4G5P_GLU-1A0931_005
ForkPoolWorker-1: Calling delphi to calculate conformer (484/641) ARG01A0932_001 in /tmp/pbe_data.data.home.granepura.5-Kinases.Kinases_MCCE.Trial02.run_holo.4G5P_ARG01A0932_001
ForkPoolWorker-4: Calling delphi to calculate conformer (485/641) ARG02A0932_002 in /tmp/pbe_data.data.home.granepura.5-Kinases.Kinases_MCCE.Trial02.run_holo.4G5P_ARG02A0932_002
ForkPoolWorker-2: Calling delphi to calculate conformer (486/641) ARG03A0932_003 in /tmp/pbe_data.data.home.granepura.5-Kinases.Kinases_MCCE.Trial02.run_holo.4G5P_ARG03A0932_003
ForkPoolWorker-5: Calling delphi to calculate conformer (487/641) ARG+1A0932_004 in /tmp/pbe_data.data.home.granepura.5-Kinases.Kinases_MCCE.Trial02.run_holo.4G5P_ARG+1A0932_004
Skipping PBE solver for non-charge conformer (488/641) LEU01A0933_001...
Skipping PBE solver for non-charge conformer (489/641) PRO01A0934_001...
ForkPoolWorker-3: Calling delphi to calculate conformer (490/641) GLN01A0935_001 in /tmp/pbe_data.data.home.granepura.5-Kinases.Kinases_MCCE.Trial02.run_holo.4G5P_GLN01A0935_001
ForkPoolWorker-1: Calling delphi to calculate conformer (491/641) GLN01A0935_002 in /tmp/pbe_data.data.home.granepura.5-Kinases.Kinases_MCCE.Trial02.run_holo.4G5P_GLN01A0935_002
Skipping PBE solver for non-charge conformer (492/641) PRO01A0936_001...
Skipping PBE solver for non-charge conformer (493/641) PRO01A0937_001...
Skipping PBE solver for non-charge conformer (494/641) ILE01A0938_001...
ForkPoolWorker-4: Calling delphi to calculate conformer (495/641) CYS01A0939_001 in /tmp/pbe_data.data.home.granepura.5-Kinases.Kinases_MCCE.Trial02.run_holo.4G5P_CYS01A0939_001
ForkPoolWorker-2: Calling delphi to calculate conformer (496/641) CYS01A0939_002 in /tmp/pbe_data.data.home.granepura.5-Kinases.Kinases_MCCE.Trial02.run_holo.4G5P_CYS01A0939_002
ForkPoolWorker-5: Calling delphi to calculate conformer (497/641) CYS01A0939_003 in /tmp/pbe_data.data.home.granepura.5-Kinases.Kinases_MCCE.Trial02.run_holo.4G5P_CYS01A0939_003
ForkPoolWorker-3: Calling delphi to calculate conformer (498/641) CYS-1A0939_004 in /tmp/pbe_data.data.home.granepura.5-Kinases.Kinases_MCCE.Trial02.run_holo.4G5P_CYS-1A0939_004
ForkPoolWorker-1: Calling delphi to calculate conformer (499/641) THR01A0940_001 in /tmp/pbe_data.data.home.granepura.5-Kinases.Kinases_MCCE.Trial02.run_holo.4G5P_THR01A0940_001
ForkPoolWorker-4: Calling delphi to calculate conformer (500/641) THR01A0940_002 in /tmp/pbe_data.data.home.granepura.5-Kinases.Kinases_MCCE.Trial02.run_holo.4G5P_THR01A0940_002
Skipping PBE solver for non-charge conformer (501/641) ILE01A0941_001...
ForkPoolWorker-2: Calling delphi to calculate conformer (502/641) ASP01A0942_001 in /tmp/pbe_data.data.home.granepura.5-Kinases.Kinases_MCCE.Trial02.run_holo.4G5P_ASP01A0942_001
ForkPoolWorker-5: Calling delphi to calculate conformer (503/641) ASP01A0942_002 in /tmp/pbe_data.data.home.granepura.5-Kinases.Kinases_MCCE.Trial02.run_holo.4G5P_ASP01A0942_002
ForkPoolWorker-3: Calling delphi to calculate conformer (504/641) ASP02A0942_003 in /tmp/pbe_data.data.home.granepura.5-Kinases.Kinases_MCCE.Trial02.run_holo.4G5P_ASP02A0942_003
ForkPoolWorker-1: Calling delphi to calculate conformer (505/641) ASP02A0942_004 in /tmp/pbe_data.data.home.granepura.5-Kinases.Kinases_MCCE.Trial02.run_holo.4G5P_ASP02A0942_004
ForkPoolWorker-4: Calling delphi to calculate conformer (506/641) ASP-1A0942_005 in /tmp/pbe_data.data.home.granepura.5-Kinases.Kinases_MCCE.Trial02.run_holo.4G5P_ASP-1A0942_005
Skipping PBE solver for non-charge conformer (507/641) VAL01A0943_001...
ForkPoolWorker-2: Calling delphi to calculate conformer (508/641) TYR01A0944_001 in /tmp/pbe_data.data.home.granepura.5-Kinases.Kinases_MCCE.Trial02.run_holo.4G5P_TYR01A0944_001
ForkPoolWorker-5: Calling delphi to calculate conformer (509/641) TYR01A0944_002 in /tmp/pbe_data.data.home.granepura.5-Kinases.Kinases_MCCE.Trial02.run_holo.4G5P_TYR01A0944_002
ForkPoolWorker-3: Calling delphi to calculate conformer (510/641) TYR-1A0944_003 in /tmp/pbe_data.data.home.granepura.5-Kinases.Kinases_MCCE.Trial02.run_holo.4G5P_TYR-1A0944_003
ForkPoolWorker-1: Calling delphi to calculate conformer (511/641) MET01A0945_001 in /tmp/pbe_data.data.home.granepura.5-Kinases.Kinases_MCCE.Trial02.run_holo.4G5P_MET01A0945_001
Skipping PBE solver for non-charge conformer (512/641) ILE01A0946_001...
ForkPoolWorker-4: Calling delphi to calculate conformer (513/641) MET01A0947_001 in /tmp/pbe_data.data.home.granepura.5-Kinases.Kinases_MCCE.Trial02.run_holo.4G5P_MET01A0947_001
Skipping PBE solver for non-charge conformer (514/641) VAL01A0948_001...
ForkPoolWorker-2: Calling delphi to calculate conformer (515/641) LYS01A0949_001 in /tmp/pbe_data.data.home.granepura.5-Kinases.Kinases_MCCE.Trial02.run_holo.4G5P_LYS01A0949_001
ForkPoolWorker-5: Calling delphi to calculate conformer (516/641) LYS+1A0949_002 in /tmp/pbe_data.data.home.granepura.5-Kinases.Kinases_MCCE.Trial02.run_holo.4G5P_LYS+1A0949_002
ForkPoolWorker-3: Calling delphi to calculate conformer (517/641) CYS01A0950_001 in /tmp/pbe_data.data.home.granepura.5-Kinases.Kinases_MCCE.Trial02.run_holo.4G5P_CYS01A0950_001
ForkPoolWorker-1: Calling delphi to calculate conformer (518/641) CYS01A0950_002 in /tmp/pbe_data.data.home.granepura.5-Kinases.Kinases_MCCE.Trial02.run_holo.4G5P_CYS01A0950_002
ForkPoolWorker-4: Calling delphi to calculate conformer (519/641) CYS01A0950_003 in /tmp/pbe_data.data.home.granepura.5-Kinases.Kinases_MCCE.Trial02.run_holo.4G5P_CYS01A0950_003
ForkPoolWorker-2: Calling delphi to calculate conformer (520/641) CYS-1A0950_004 in /tmp/pbe_data.data.home.granepura.5-Kinases.Kinases_MCCE.Trial02.run_holo.4G5P_CYS-1A0950_004
Skipping PBE solver for non-charge conformer (521/641) TRP01A0951_001...
ForkPoolWorker-5: Calling delphi to calculate conformer (522/641) MET01A0952_001 in /tmp/pbe_data.data.home.granepura.5-Kinases.Kinases_MCCE.Trial02.run_holo.4G5P_MET01A0952_001
Skipping PBE solver for non-charge conformer (523/641) ILE01A0953_001...
ForkPoolWorker-3: Calling delphi to calculate conformer (524/641) ASP01A0954_001 in /tmp/pbe_data.data.home.granepura.5-Kinases.Kinases_MCCE.Trial02.run_holo.4G5P_ASP01A0954_001
ForkPoolWorker-1: Calling delphi to calculate conformer (525/641) ASP01A0954_002 in /tmp/pbe_data.data.home.granepura.5-Kinases.Kinases_MCCE.Trial02.run_holo.4G5P_ASP01A0954_002
ForkPoolWorker-4: Calling delphi to calculate conformer (526/641) ASP02A0954_003 in /tmp/pbe_data.data.home.granepura.5-Kinases.Kinases_MCCE.Trial02.run_holo.4G5P_ASP02A0954_003
ForkPoolWorker-2: Calling delphi to calculate conformer (527/641) ASP02A0954_004 in /tmp/pbe_data.data.home.granepura.5-Kinases.Kinases_MCCE.Trial02.run_holo.4G5P_ASP02A0954_004
ForkPoolWorker-5: Calling delphi to calculate conformer (528/641) ASP-1A0954_005 in /tmp/pbe_data.data.home.granepura.5-Kinases.Kinases_MCCE.Trial02.run_holo.4G5P_ASP-1A0954_005
Skipping PBE solver for non-charge conformer (529/641) ALA01A0955_001...
ForkPoolWorker-3: Calling delphi to calculate conformer (530/641) ASP01A0956_001 in /tmp/pbe_data.data.home.granepura.5-Kinases.Kinases_MCCE.Trial02.run_holo.4G5P_ASP01A0956_001
ForkPoolWorker-1: Calling delphi to calculate conformer (531/641) ASP01A0956_002 in /tmp/pbe_data.data.home.granepura.5-Kinases.Kinases_MCCE.Trial02.run_holo.4G5P_ASP01A0956_002
ForkPoolWorker-4: Calling delphi to calculate conformer (532/641) ASP02A0956_003 in /tmp/pbe_data.data.home.granepura.5-Kinases.Kinases_MCCE.Trial02.run_holo.4G5P_ASP02A0956_003
ForkPoolWorker-2: Calling delphi to calculate conformer (533/641) ASP02A0956_004 in /tmp/pbe_data.data.home.granepura.5-Kinases.Kinases_MCCE.Trial02.run_holo.4G5P_ASP02A0956_004
ForkPoolWorker-5: Calling delphi to calculate conformer (534/641) ASP-1A0956_005 in /tmp/pbe_data.data.home.granepura.5-Kinases.Kinases_MCCE.Trial02.run_holo.4G5P_ASP-1A0956_005
ForkPoolWorker-3: Calling delphi to calculate conformer (535/641) SER01A0957_001 in /tmp/pbe_data.data.home.granepura.5-Kinases.Kinases_MCCE.Trial02.run_holo.4G5P_SER01A0957_001
ForkPoolWorker-1: Calling delphi to calculate conformer (536/641) SER01A0957_002 in /tmp/pbe_data.data.home.granepura.5-Kinases.Kinases_MCCE.Trial02.run_holo.4G5P_SER01A0957_002
ForkPoolWorker-4: Calling delphi to calculate conformer (537/641) SER01A0957_003 in /tmp/pbe_data.data.home.granepura.5-Kinases.Kinases_MCCE.Trial02.run_holo.4G5P_SER01A0957_003
ForkPoolWorker-2: Calling delphi to calculate conformer (538/641) ARG01A0958_001 in /tmp/pbe_data.data.home.granepura.5-Kinases.Kinases_MCCE.Trial02.run_holo.4G5P_ARG01A0958_001
ForkPoolWorker-5: Calling delphi to calculate conformer (539/641) ARG02A0958_002 in /tmp/pbe_data.data.home.granepura.5-Kinases.Kinases_MCCE.Trial02.run_holo.4G5P_ARG02A0958_002
ForkPoolWorker-3: Calling delphi to calculate conformer (540/641) ARG02A0958_003 in /tmp/pbe_data.data.home.granepura.5-Kinases.Kinases_MCCE.Trial02.run_holo.4G5P_ARG02A0958_003
ForkPoolWorker-1: Calling delphi to calculate conformer (541/641) ARG03A0958_004 in /tmp/pbe_data.data.home.granepura.5-Kinases.Kinases_MCCE.Trial02.run_holo.4G5P_ARG03A0958_004
ForkPoolWorker-4: Calling delphi to calculate conformer (542/641) ARG03A0958_005 in /tmp/pbe_data.data.home.granepura.5-Kinases.Kinases_MCCE.Trial02.run_holo.4G5P_ARG03A0958_005
ForkPoolWorker-2: Calling delphi to calculate conformer (543/641) ARG+1A0958_006 in /tmp/pbe_data.data.home.granepura.5-Kinases.Kinases_MCCE.Trial02.run_holo.4G5P_ARG+1A0958_006
Skipping PBE solver for non-charge conformer (544/641) PRO01A0959_001...
ForkPoolWorker-3: Calling delphi to calculate conformer (545/641) LYS01A0960_001 in /tmp/pbe_data.data.home.granepura.5-Kinases.Kinases_MCCE.Trial02.run_holo.4G5P_LYS01A0960_001
ForkPoolWorker-5: Calling delphi to calculate conformer (546/641) LYS+1A0960_002 in /tmp/pbe_data.data.home.granepura.5-Kinases.Kinases_MCCE.Trial02.run_holo.4G5P_LYS+1A0960_002
Skipping PBE solver for non-charge conformer (547/641) PHE01A0961_001...
ForkPoolWorker-1: Calling delphi to calculate conformer (548/641) ARG01A0962_001 in /tmp/pbe_data.data.home.granepura.5-Kinases.Kinases_MCCE.Trial02.run_holo.4G5P_ARG01A0962_001
ForkPoolWorker-4: Calling delphi to calculate conformer (549/641) ARG02A0962_002 in /tmp/pbe_data.data.home.granepura.5-Kinases.Kinases_MCCE.Trial02.run_holo.4G5P_ARG02A0962_002
ForkPoolWorker-2: Calling delphi to calculate conformer (550/641) ARG03A0962_003 in /tmp/pbe_data.data.home.granepura.5-Kinases.Kinases_MCCE.Trial02.run_holo.4G5P_ARG03A0962_003
ForkPoolWorker-5: Calling delphi to calculate conformer (551/641) ARG+1A0962_004 in /tmp/pbe_data.data.home.granepura.5-Kinases.Kinases_MCCE.Trial02.run_holo.4G5P_ARG+1A0962_004
ForkPoolWorker-3: Calling delphi to calculate conformer (552/641) GLU01A0963_001 in /tmp/pbe_data.data.home.granepura.5-Kinases.Kinases_MCCE.Trial02.run_holo.4G5P_GLU01A0963_001
ForkPoolWorker-1: Calling delphi to calculate conformer (553/641) GLU01A0963_002 in /tmp/pbe_data.data.home.granepura.5-Kinases.Kinases_MCCE.Trial02.run_holo.4G5P_GLU01A0963_002
ForkPoolWorker-4: Calling delphi to calculate conformer (554/641) GLU02A0963_003 in /tmp/pbe_data.data.home.granepura.5-Kinases.Kinases_MCCE.Trial02.run_holo.4G5P_GLU02A0963_003
ForkPoolWorker-2: Calling delphi to calculate conformer (555/641) GLU02A0963_004 in /tmp/pbe_data.data.home.granepura.5-Kinases.Kinases_MCCE.Trial02.run_holo.4G5P_GLU02A0963_004
ForkPoolWorker-5: Calling delphi to calculate conformer (556/641) GLU-1A0963_005 in /tmp/pbe_data.data.home.granepura.5-Kinases.Kinases_MCCE.Trial02.run_holo.4G5P_GLU-1A0963_005
Skipping PBE solver for non-charge conformer (557/641) LEU01A0964_001...
Skipping PBE solver for non-charge conformer (558/641) ILE01A0965_001...
Skipping PBE solver for non-charge conformer (559/641) ILE01A0966_001...
ForkPoolWorker-3: Calling delphi to calculate conformer (560/641) GLU01A0967_001 in /tmp/pbe_data.data.home.granepura.5-Kinases.Kinases_MCCE.Trial02.run_holo.4G5P_GLU01A0967_001
ForkPoolWorker-1: Calling delphi to calculate conformer (561/641) GLU01A0967_002 in /tmp/pbe_data.data.home.granepura.5-Kinases.Kinases_MCCE.Trial02.run_holo.4G5P_GLU01A0967_002
ForkPoolWorker-4: Calling delphi to calculate conformer (562/641) GLU02A0967_003 in /tmp/pbe_data.data.home.granepura.5-Kinases.Kinases_MCCE.Trial02.run_holo.4G5P_GLU02A0967_003
ForkPoolWorker-2: Calling delphi to calculate conformer (563/641) GLU02A0967_004 in /tmp/pbe_data.data.home.granepura.5-Kinases.Kinases_MCCE.Trial02.run_holo.4G5P_GLU02A0967_004
ForkPoolWorker-5: Calling delphi to calculate conformer (564/641) GLU-1A0967_005 in /tmp/pbe_data.data.home.granepura.5-Kinases.Kinases_MCCE.Trial02.run_holo.4G5P_GLU-1A0967_005
Skipping PBE solver for non-charge conformer (565/641) PHE01A0968_001...
ForkPoolWorker-3: Calling delphi to calculate conformer (566/641) SER01A0969_001 in /tmp/pbe_data.data.home.granepura.5-Kinases.Kinases_MCCE.Trial02.run_holo.4G5P_SER01A0969_001
ForkPoolWorker-1: Calling delphi to calculate conformer (567/641) SER01A0969_002 in /tmp/pbe_data.data.home.granepura.5-Kinases.Kinases_MCCE.Trial02.run_holo.4G5P_SER01A0969_002
ForkPoolWorker-4: Calling delphi to calculate conformer (568/641) LYS01A0970_001 in /tmp/pbe_data.data.home.granepura.5-Kinases.Kinases_MCCE.Trial02.run_holo.4G5P_LYS01A0970_001
ForkPoolWorker-2: Calling delphi to calculate conformer (569/641) LYS+1A0970_002 in /tmp/pbe_data.data.home.granepura.5-Kinases.Kinases_MCCE.Trial02.run_holo.4G5P_LYS+1A0970_002
ForkPoolWorker-5: Calling delphi to calculate conformer (570/641) MET01A0971_001 in /tmp/pbe_data.data.home.granepura.5-Kinases.Kinases_MCCE.Trial02.run_holo.4G5P_MET01A0971_001
Skipping PBE solver for non-charge conformer (571/641) ALA01A0972_001...
ForkPoolWorker-3: Calling delphi to calculate conformer (572/641) ARG01A0973_001 in /tmp/pbe_data.data.home.granepura.5-Kinases.Kinases_MCCE.Trial02.run_holo.4G5P_ARG01A0973_001
ForkPoolWorker-1: Calling delphi to calculate conformer (573/641) ARG02A0973_002 in /tmp/pbe_data.data.home.granepura.5-Kinases.Kinases_MCCE.Trial02.run_holo.4G5P_ARG02A0973_002
ForkPoolWorker-4: Calling delphi to calculate conformer (574/641) ARG03A0973_003 in /tmp/pbe_data.data.home.granepura.5-Kinases.Kinases_MCCE.Trial02.run_holo.4G5P_ARG03A0973_003
ForkPoolWorker-2: Calling delphi to calculate conformer (575/641) ARG+1A0973_004 in /tmp/pbe_data.data.home.granepura.5-Kinases.Kinases_MCCE.Trial02.run_holo.4G5P_ARG+1A0973_004
ForkPoolWorker-5: Calling delphi to calculate conformer (576/641) ASP01A0974_001 in /tmp/pbe_data.data.home.granepura.5-Kinases.Kinases_MCCE.Trial02.run_holo.4G5P_ASP01A0974_001
ForkPoolWorker-3: Calling delphi to calculate conformer (577/641) ASP01A0974_002 in /tmp/pbe_data.data.home.granepura.5-Kinases.Kinases_MCCE.Trial02.run_holo.4G5P_ASP01A0974_002
ForkPoolWorker-1: Calling delphi to calculate conformer (578/641) ASP02A0974_003 in /tmp/pbe_data.data.home.granepura.5-Kinases.Kinases_MCCE.Trial02.run_holo.4G5P_ASP02A0974_003
ForkPoolWorker-4: Calling delphi to calculate conformer (579/641) ASP02A0974_004 in /tmp/pbe_data.data.home.granepura.5-Kinases.Kinases_MCCE.Trial02.run_holo.4G5P_ASP02A0974_004
ForkPoolWorker-2: Calling delphi to calculate conformer (580/641) ASP-1A0974_005 in /tmp/pbe_data.data.home.granepura.5-Kinases.Kinases_MCCE.Trial02.run_holo.4G5P_ASP-1A0974_005
Skipping PBE solver for non-charge conformer (581/641) PRO01A0975_001...
ForkPoolWorker-5: Calling delphi to calculate conformer (582/641) GLN01A0976_001 in /tmp/pbe_data.data.home.granepura.5-Kinases.Kinases_MCCE.Trial02.run_holo.4G5P_GLN01A0976_001
ForkPoolWorker-3: Calling delphi to calculate conformer (583/641) GLN01A0976_002 in /tmp/pbe_data.data.home.granepura.5-Kinases.Kinases_MCCE.Trial02.run_holo.4G5P_GLN01A0976_002
ForkPoolWorker-1: Calling delphi to calculate conformer (584/641) ARG01A0977_001 in /tmp/pbe_data.data.home.granepura.5-Kinases.Kinases_MCCE.Trial02.run_holo.4G5P_ARG01A0977_001
ForkPoolWorker-4: Calling delphi to calculate conformer (585/641) ARG02A0977_002 in /tmp/pbe_data.data.home.granepura.5-Kinases.Kinases_MCCE.Trial02.run_holo.4G5P_ARG02A0977_002
ForkPoolWorker-2: Calling delphi to calculate conformer (586/641) ARG03A0977_003 in /tmp/pbe_data.data.home.granepura.5-Kinases.Kinases_MCCE.Trial02.run_holo.4G5P_ARG03A0977_003
ForkPoolWorker-5: Calling delphi to calculate conformer (587/641) ARG+1A0977_004 in /tmp/pbe_data.data.home.granepura.5-Kinases.Kinases_MCCE.Trial02.run_holo.4G5P_ARG+1A0977_004
ForkPoolWorker-3: Calling delphi to calculate conformer (588/641) TYR01A0978_001 in /tmp/pbe_data.data.home.granepura.5-Kinases.Kinases_MCCE.Trial02.run_holo.4G5P_TYR01A0978_001
ForkPoolWorker-1: Calling delphi to calculate conformer (589/641) TYR-1A0978_002 in /tmp/pbe_data.data.home.granepura.5-Kinases.Kinases_MCCE.Trial02.run_holo.4G5P_TYR-1A0978_002
Skipping PBE solver for non-charge conformer (590/641) LEU01A0979_001...
Skipping PBE solver for non-charge conformer (591/641) VAL01A0980_001...
Skipping PBE solver for non-charge conformer (592/641) ILE01A0981_001...
ForkPoolWorker-4: Calling delphi to calculate conformer (593/641) GLN01A0982_001 in /tmp/pbe_data.data.home.granepura.5-Kinases.Kinases_MCCE.Trial02.run_holo.4G5P_GLN01A0982_001
ForkPoolWorker-2: Calling delphi to calculate conformer (594/641) GLN01A0982_002 in /tmp/pbe_data.data.home.granepura.5-Kinases.Kinases_MCCE.Trial02.run_holo.4G5P_GLN01A0982_002
ForkPoolWorker-3: Calling delphi to calculate conformer (595/641) ASP01A0984_001 in /tmp/pbe_data.data.home.granepura.5-Kinases.Kinases_MCCE.Trial02.run_holo.4G5P_ASP01A0984_001
ForkPoolWorker-5: Calling delphi to calculate conformer (596/641) ASP01A0984_002 in /tmp/pbe_data.data.home.granepura.5-Kinases.Kinases_MCCE.Trial02.run_holo.4G5P_ASP01A0984_002
ForkPoolWorker-1: Calling delphi to calculate conformer (597/641) ASP02A0984_003 in /tmp/pbe_data.data.home.granepura.5-Kinases.Kinases_MCCE.Trial02.run_holo.4G5P_ASP02A0984_003
ForkPoolWorker-4: Calling delphi to calculate conformer (598/641) ASP02A0984_004 in /tmp/pbe_data.data.home.granepura.5-Kinases.Kinases_MCCE.Trial02.run_holo.4G5P_ASP02A0984_004
ForkPoolWorker-2: Calling delphi to calculate conformer (599/641) ASP-1A0984_005 in /tmp/pbe_data.data.home.granepura.5-Kinases.Kinases_MCCE.Trial02.run_holo.4G5P_ASP-1A0984_005
ForkPoolWorker-3: Calling delphi to calculate conformer (600/641) GLU01A0985_001 in /tmp/pbe_data.data.home.granepura.5-Kinases.Kinases_MCCE.Trial02.run_holo.4G5P_GLU01A0985_001
ForkPoolWorker-5: Calling delphi to calculate conformer (601/641) GLU01A0985_002 in /tmp/pbe_data.data.home.granepura.5-Kinases.Kinases_MCCE.Trial02.run_holo.4G5P_GLU01A0985_002
ForkPoolWorker-1: Calling delphi to calculate conformer (602/641) GLU02A0985_003 in /tmp/pbe_data.data.home.granepura.5-Kinases.Kinases_MCCE.Trial02.run_holo.4G5P_GLU02A0985_003
ForkPoolWorker-4: Calling delphi to calculate conformer (603/641) GLU02A0985_004 in /tmp/pbe_data.data.home.granepura.5-Kinases.Kinases_MCCE.Trial02.run_holo.4G5P_GLU02A0985_004
ForkPoolWorker-2: Calling delphi to calculate conformer (604/641) GLU-1A0985_005 in /tmp/pbe_data.data.home.granepura.5-Kinases.Kinases_MCCE.Trial02.run_holo.4G5P_GLU-1A0985_005
ForkPoolWorker-5: Calling delphi to calculate conformer (606/641) ARG02A0986_002 in /tmp/pbe_data.data.home.granepura.5-Kinases.Kinases_MCCE.Trial02.run_holo.4G5P_ARG02A0986_002
ForkPoolWorker-3: Calling delphi to calculate conformer (605/641) ARG01A0986_001 in /tmp/pbe_data.data.home.granepura.5-Kinases.Kinases_MCCE.Trial02.run_holo.4G5P_ARG01A0986_001
ForkPoolWorker-1: Calling delphi to calculate conformer (607/641) ARG03A0986_003 in /tmp/pbe_data.data.home.granepura.5-Kinases.Kinases_MCCE.Trial02.run_holo.4G5P_ARG03A0986_003
ForkPoolWorker-4: Calling delphi to calculate conformer (608/641) ARG+1A0986_004 in /tmp/pbe_data.data.home.granepura.5-Kinases.Kinases_MCCE.Trial02.run_holo.4G5P_ARG+1A0986_004
ForkPoolWorker-2: Calling delphi to calculate conformer (609/641) ASP01A1009_001 in /tmp/pbe_data.data.home.granepura.5-Kinases.Kinases_MCCE.Trial02.run_holo.4G5P_ASP01A1009_001
ForkPoolWorker-3: Calling delphi to calculate conformer (611/641) ASP02A1009_003 in /tmp/pbe_data.data.home.granepura.5-Kinases.Kinases_MCCE.Trial02.run_holo.4G5P_ASP02A1009_003
ForkPoolWorker-5: Calling delphi to calculate conformer (610/641) ASP01A1009_002 in /tmp/pbe_data.data.home.granepura.5-Kinases.Kinases_MCCE.Trial02.run_holo.4G5P_ASP01A1009_002
ForkPoolWorker-1: Calling delphi to calculate conformer (612/641) ASP02A1009_004 in /tmp/pbe_data.data.home.granepura.5-Kinases.Kinases_MCCE.Trial02.run_holo.4G5P_ASP02A1009_004
ForkPoolWorker-4: Calling delphi to calculate conformer (613/641) ASP-1A1009_005 in /tmp/pbe_data.data.home.granepura.5-Kinases.Kinases_MCCE.Trial02.run_holo.4G5P_ASP-1A1009_005
Skipping PBE solver for non-charge conformer (614/641) VAL01A1010_001...
Skipping PBE solver for non-charge conformer (615/641) VAL01A1011_001...
ForkPoolWorker-2: Calling delphi to calculate conformer (616/641) ASP01A1012_001 in /tmp/pbe_data.data.home.granepura.5-Kinases.Kinases_MCCE.Trial02.run_holo.4G5P_ASP01A1012_001
ForkPoolWorker-3: Calling delphi to calculate conformer (617/641) ASP01A1012_002 in /tmp/pbe_data.data.home.granepura.5-Kinases.Kinases_MCCE.Trial02.run_holo.4G5P_ASP01A1012_002
ForkPoolWorker-5: Calling delphi to calculate conformer (618/641) ASP02A1012_003 in /tmp/pbe_data.data.home.granepura.5-Kinases.Kinases_MCCE.Trial02.run_holo.4G5P_ASP02A1012_003
ForkPoolWorker-4: Calling delphi to calculate conformer (619/641) ASP02A1012_004 in /tmp/pbe_data.data.home.granepura.5-Kinases.Kinases_MCCE.Trial02.run_holo.4G5P_ASP02A1012_004
ForkPoolWorker-1: Calling delphi to calculate conformer (620/641) ASP-1A1012_005 in /tmp/pbe_data.data.home.granepura.5-Kinases.Kinases_MCCE.Trial02.run_holo.4G5P_ASP-1A1012_005
Skipping PBE solver for non-charge conformer (621/641) ALA01A1013_001...
ForkPoolWorker-2: Calling delphi to calculate conformer (622/641) ASP01A1014_001 in /tmp/pbe_data.data.home.granepura.5-Kinases.Kinases_MCCE.Trial02.run_holo.4G5P_ASP01A1014_001
ForkPoolWorker-5: Calling delphi to calculate conformer (623/641) ASP01A1014_002 in /tmp/pbe_data.data.home.granepura.5-Kinases.Kinases_MCCE.Trial02.run_holo.4G5P_ASP01A1014_002
ForkPoolWorker-3: Calling delphi to calculate conformer (624/641) ASP01A1014_003 in /tmp/pbe_data.data.home.granepura.5-Kinases.Kinases_MCCE.Trial02.run_holo.4G5P_ASP01A1014_003
ForkPoolWorker-1: Calling delphi to calculate conformer (625/641) ASP01A1014_004 in /tmp/pbe_data.data.home.granepura.5-Kinases.Kinases_MCCE.Trial02.run_holo.4G5P_ASP01A1014_004
ForkPoolWorker-4: Calling delphi to calculate conformer (626/641) ASP02A1014_005 in /tmp/pbe_data.data.home.granepura.5-Kinases.Kinases_MCCE.Trial02.run_holo.4G5P_ASP02A1014_005
ForkPoolWorker-2: Calling delphi to calculate conformer (627/641) ASP02A1014_006 in /tmp/pbe_data.data.home.granepura.5-Kinases.Kinases_MCCE.Trial02.run_holo.4G5P_ASP02A1014_006
ForkPoolWorker-3: Calling delphi to calculate conformer (628/641) ASP02A1014_007 in /tmp/pbe_data.data.home.granepura.5-Kinases.Kinases_MCCE.Trial02.run_holo.4G5P_ASP02A1014_007
ForkPoolWorker-5: Calling delphi to calculate conformer (629/641) ASP02A1014_008 in /tmp/pbe_data.data.home.granepura.5-Kinases.Kinases_MCCE.Trial02.run_holo.4G5P_ASP02A1014_008
ForkPoolWorker-1: Calling delphi to calculate conformer (630/641) ASP-1A1014_009 in /tmp/pbe_data.data.home.granepura.5-Kinases.Kinases_MCCE.Trial02.run_holo.4G5P_ASP-1A1014_009
ForkPoolWorker-4: Calling delphi to calculate conformer (631/641) ASP-1A1014_010 in /tmp/pbe_data.data.home.granepura.5-Kinases.Kinases_MCCE.Trial02.run_holo.4G5P_ASP-1A1014_010
ForkPoolWorker-2: Calling delphi to calculate conformer (632/641) GLU01A1015_001 in /tmp/pbe_data.data.home.granepura.5-Kinases.Kinases_MCCE.Trial02.run_holo.4G5P_GLU01A1015_001
ForkPoolWorker-3: Calling delphi to calculate conformer (634/641) GLU02A1015_003 in /tmp/pbe_data.data.home.granepura.5-Kinases.Kinases_MCCE.Trial02.run_holo.4G5P_GLU02A1015_003
ForkPoolWorker-5: Calling delphi to calculate conformer (633/641) GLU01A1015_002 in /tmp/pbe_data.data.home.granepura.5-Kinases.Kinases_MCCE.Trial02.run_holo.4G5P_GLU01A1015_002
ForkPoolWorker-1: Calling delphi to calculate conformer (635/641) GLU02A1015_004 in /tmp/pbe_data.data.home.granepura.5-Kinases.Kinases_MCCE.Trial02.run_holo.4G5P_GLU02A1015_004
ForkPoolWorker-4: Calling delphi to calculate conformer (636/641) GLU-1A1015_005 in /tmp/pbe_data.data.home.granepura.5-Kinases.Kinases_MCCE.Trial02.run_holo.4G5P_GLU-1A1015_005
ForkPoolWorker-2: Calling delphi to calculate conformer (637/641) TYR01A1016_001 in /tmp/pbe_data.data.home.granepura.5-Kinases.Kinases_MCCE.Trial02.run_holo.4G5P_TYR01A1016_001
ForkPoolWorker-5: Calling delphi to calculate conformer (638/641) TYR-1A1016_002 in /tmp/pbe_data.data.home.granepura.5-Kinases.Kinases_MCCE.Trial02.run_holo.4G5P_TYR-1A1016_002
ForkPoolWorker-3: Calling delphi to calculate conformer (639/641) 0WN+1A1101_001 in /tmp/pbe_data.data.home.granepura.5-Kinases.Kinases_MCCE.Trial02.run_holo.4G5P_0WN+1A1101_001
ForkPoolWorker-1: Calling delphi to calculate conformer (640/641) 0WN01A1101_002 in /tmp/pbe_data.data.home.granepura.5-Kinases.Kinases_MCCE.Trial02.run_holo.4G5P_0WN01A1101_002
ForkPoolWorker-4: Calling delphi to calculate conformer (641/641) 0WN+aA1101_003 in /tmp/pbe_data.data.home.granepura.5-Kinases.Kinases_MCCE.Trial02.run_holo.4G5P_0WN+aA1101_003
