ForkPoolWorker-1: Calling delphi to calculate conformer MET01A0061_001 in /tmp/pbe_data.data.home.granepura.5-kinases.cof_tpl_mg.run_prot2.4lmn_MET01A0061_001
ForkPoolWorker-1: Calling delphi to calculate conformer GLU01A0062_001 in /tmp/pbe_data.data.home.granepura.5-kinases.cof_tpl_mg.run_prot2.4lmn_GLU01A0062_001
ForkPoolWorker-1: Calling delphi to calculate conformer GLU01A0062_002 in /tmp/pbe_data.data.home.granepura.5-kinases.cof_tpl_mg.run_prot2.4lmn_GLU01A0062_002
ForkPoolWorker-1: Calling delphi to calculate conformer GLU02A0062_003 in /tmp/pbe_data.data.home.granepura.5-kinases.cof_tpl_mg.run_prot2.4lmn_GLU02A0062_003
ForkPoolWorker-1: Calling delphi to calculate conformer GLU02A0062_004 in /tmp/pbe_data.data.home.granepura.5-kinases.cof_tpl_mg.run_prot2.4lmn_GLU02A0062_004
ForkPoolWorker-1: Calling delphi to calculate conformer GLU-1A0062_005 in /tmp/pbe_data.data.home.granepura.5-kinases.cof_tpl_mg.run_prot2.4lmn_GLU-1A0062_005
Skipping PBE solver for non-charge conformer LEU01A0063_001...
ForkPoolWorker-1: Calling delphi to calculate conformer LYS01A0064_001 in /tmp/pbe_data.data.home.granepura.5-kinases.cof_tpl_mg.run_prot2.4lmn_LYS01A0064_001
ForkPoolWorker-1: Calling delphi to calculate conformer LYS+1A0064_002 in /tmp/pbe_data.data.home.granepura.5-kinases.cof_tpl_mg.run_prot2.4lmn_LYS+1A0064_002
ForkPoolWorker-1: Calling delphi to calculate conformer ASP01A0065_001 in /tmp/pbe_data.data.home.granepura.5-kinases.cof_tpl_mg.run_prot2.4lmn_ASP01A0065_001
ForkPoolWorker-1: Calling delphi to calculate conformer ASP01A0065_002 in /tmp/pbe_data.data.home.granepura.5-kinases.cof_tpl_mg.run_prot2.4lmn_ASP01A0065_002
ForkPoolWorker-1: Calling delphi to calculate conformer ASP02A0065_003 in /tmp/pbe_data.data.home.granepura.5-kinases.cof_tpl_mg.run_prot2.4lmn_ASP02A0065_003
ForkPoolWorker-1: Calling delphi to calculate conformer ASP02A0065_004 in /tmp/pbe_data.data.home.granepura.5-kinases.cof_tpl_mg.run_prot2.4lmn_ASP02A0065_004
ForkPoolWorker-1: Calling delphi to calculate conformer ASP-1A0065_005 in /tmp/pbe_data.data.home.granepura.5-kinases.cof_tpl_mg.run_prot2.4lmn_ASP-1A0065_005
ForkPoolWorker-1: Calling delphi to calculate conformer ASP01A0066_001 in /tmp/pbe_data.data.home.granepura.5-kinases.cof_tpl_mg.run_prot2.4lmn_ASP01A0066_001
ForkPoolWorker-1: Calling delphi to calculate conformer ASP01A0066_002 in /tmp/pbe_data.data.home.granepura.5-kinases.cof_tpl_mg.run_prot2.4lmn_ASP01A0066_002
ForkPoolWorker-1: Calling delphi to calculate conformer ASP02A0066_003 in /tmp/pbe_data.data.home.granepura.5-kinases.cof_tpl_mg.run_prot2.4lmn_ASP02A0066_003
ForkPoolWorker-1: Calling delphi to calculate conformer ASP02A0066_004 in /tmp/pbe_data.data.home.granepura.5-kinases.cof_tpl_mg.run_prot2.4lmn_ASP02A0066_004
ForkPoolWorker-1: Calling delphi to calculate conformer ASP-1A0066_005 in /tmp/pbe_data.data.home.granepura.5-kinases.cof_tpl_mg.run_prot2.4lmn_ASP-1A0066_005
ForkPoolWorker-1: Calling delphi to calculate conformer ASP01A0067_001 in /tmp/pbe_data.data.home.granepura.5-kinases.cof_tpl_mg.run_prot2.4lmn_ASP01A0067_001
ForkPoolWorker-1: Calling delphi to calculate conformer ASP01A0067_002 in /tmp/pbe_data.data.home.granepura.5-kinases.cof_tpl_mg.run_prot2.4lmn_ASP01A0067_002
ForkPoolWorker-1: Calling delphi to calculate conformer ASP02A0067_003 in /tmp/pbe_data.data.home.granepura.5-kinases.cof_tpl_mg.run_prot2.4lmn_ASP02A0067_003
ForkPoolWorker-1: Calling delphi to calculate conformer ASP02A0067_004 in /tmp/pbe_data.data.home.granepura.5-kinases.cof_tpl_mg.run_prot2.4lmn_ASP02A0067_004
ForkPoolWorker-1: Calling delphi to calculate conformer ASP-1A0067_005 in /tmp/pbe_data.data.home.granepura.5-kinases.cof_tpl_mg.run_prot2.4lmn_ASP-1A0067_005
Skipping PBE solver for non-charge conformer PHE01A0068_001...
ForkPoolWorker-1: Calling delphi to calculate conformer GLU01A0069_001 in /tmp/pbe_data.data.home.granepura.5-kinases.cof_tpl_mg.run_prot2.4lmn_GLU01A0069_001
ForkPoolWorker-1: Calling delphi to calculate conformer GLU01A0069_002 in /tmp/pbe_data.data.home.granepura.5-kinases.cof_tpl_mg.run_prot2.4lmn_GLU01A0069_002
ForkPoolWorker-1: Calling delphi to calculate conformer GLU02A0069_003 in /tmp/pbe_data.data.home.granepura.5-kinases.cof_tpl_mg.run_prot2.4lmn_GLU02A0069_003
ForkPoolWorker-1: Calling delphi to calculate conformer GLU02A0069_004 in /tmp/pbe_data.data.home.granepura.5-kinases.cof_tpl_mg.run_prot2.4lmn_GLU02A0069_004
ForkPoolWorker-1: Calling delphi to calculate conformer GLU-1A0069_005 in /tmp/pbe_data.data.home.granepura.5-kinases.cof_tpl_mg.run_prot2.4lmn_GLU-1A0069_005
ForkPoolWorker-1: Calling delphi to calculate conformer LYS01A0070_001 in /tmp/pbe_data.data.home.granepura.5-kinases.cof_tpl_mg.run_prot2.4lmn_LYS01A0070_001
ForkPoolWorker-1: Calling delphi to calculate conformer LYS+1A0070_002 in /tmp/pbe_data.data.home.granepura.5-kinases.cof_tpl_mg.run_prot2.4lmn_LYS+1A0070_002
Skipping PBE solver for non-charge conformer ILE01A0071_001...
ForkPoolWorker-1: Calling delphi to calculate conformer SER01A0072_001 in /tmp/pbe_data.data.home.granepura.5-kinases.cof_tpl_mg.run_prot2.4lmn_SER01A0072_001
ForkPoolWorker-1: Calling delphi to calculate conformer GLU01A0073_001 in /tmp/pbe_data.data.home.granepura.5-kinases.cof_tpl_mg.run_prot2.4lmn_GLU01A0073_001
ForkPoolWorker-1: Calling delphi to calculate conformer GLU01A0073_002 in /tmp/pbe_data.data.home.granepura.5-kinases.cof_tpl_mg.run_prot2.4lmn_GLU01A0073_002
ForkPoolWorker-1: Calling delphi to calculate conformer GLU02A0073_003 in /tmp/pbe_data.data.home.granepura.5-kinases.cof_tpl_mg.run_prot2.4lmn_GLU02A0073_003
ForkPoolWorker-1: Calling delphi to calculate conformer GLU02A0073_004 in /tmp/pbe_data.data.home.granepura.5-kinases.cof_tpl_mg.run_prot2.4lmn_GLU02A0073_004
ForkPoolWorker-1: Calling delphi to calculate conformer GLU-1A0073_005 in /tmp/pbe_data.data.home.granepura.5-kinases.cof_tpl_mg.run_prot2.4lmn_GLU-1A0073_005
Skipping PBE solver for non-charge conformer LEU01A0074_001...
Skipping PBE solver for non-charge conformer ALA01A0076_001...
ForkPoolWorker-1: Calling delphi to calculate conformer ASN01A0078_001 in /tmp/pbe_data.data.home.granepura.5-kinases.cof_tpl_mg.run_prot2.4lmn_ASN01A0078_001
Skipping PBE solver for non-charge conformer VAL01A0081_001...
Skipping PBE solver for non-charge conformer VAL01A0082_001...
Skipping PBE solver for non-charge conformer PHE01A0083_001...
ForkPoolWorker-1: Calling delphi to calculate conformer LYS01A0084_001 in /tmp/pbe_data.data.home.granepura.5-kinases.cof_tpl_mg.run_prot2.4lmn_LYS01A0084_001
ForkPoolWorker-1: Calling delphi to calculate conformer LYS+1A0084_002 in /tmp/pbe_data.data.home.granepura.5-kinases.cof_tpl_mg.run_prot2.4lmn_LYS+1A0084_002
Skipping PBE solver for non-charge conformer VAL01A0085_001...
ForkPoolWorker-1: Calling delphi to calculate conformer SER01A0086_001 in /tmp/pbe_data.data.home.granepura.5-kinases.cof_tpl_mg.run_prot2.4lmn_SER01A0086_001
ForkPoolWorker-1: Calling delphi to calculate conformer SER01A0086_002 in /tmp/pbe_data.data.home.granepura.5-kinases.cof_tpl_mg.run_prot2.4lmn_SER01A0086_002
ForkPoolWorker-1: Calling delphi to calculate conformer HIS01A0087_001 in /tmp/pbe_data.data.home.granepura.5-kinases.cof_tpl_mg.run_prot2.4lmn_HIS01A0087_001
ForkPoolWorker-1: Calling delphi to calculate conformer HIS02A0087_002 in /tmp/pbe_data.data.home.granepura.5-kinases.cof_tpl_mg.run_prot2.4lmn_HIS02A0087_002
ForkPoolWorker-1: Calling delphi to calculate conformer HIS+1A0087_003 in /tmp/pbe_data.data.home.granepura.5-kinases.cof_tpl_mg.run_prot2.4lmn_HIS+1A0087_003
ForkPoolWorker-1: Calling delphi to calculate conformer LYS01A0088_001 in /tmp/pbe_data.data.home.granepura.5-kinases.cof_tpl_mg.run_prot2.4lmn_LYS01A0088_001
ForkPoolWorker-1: Calling delphi to calculate conformer LYS+1A0088_002 in /tmp/pbe_data.data.home.granepura.5-kinases.cof_tpl_mg.run_prot2.4lmn_LYS+1A0088_002
Skipping PBE solver for non-charge conformer PRO01A0089_001...
ForkPoolWorker-1: Calling delphi to calculate conformer SER01A0090_001 in /tmp/pbe_data.data.home.granepura.5-kinases.cof_tpl_mg.run_prot2.4lmn_SER01A0090_001
ForkPoolWorker-1: Calling delphi to calculate conformer SER01A0090_002 in /tmp/pbe_data.data.home.granepura.5-kinases.cof_tpl_mg.run_prot2.4lmn_SER01A0090_002
ForkPoolWorker-1: Calling delphi to calculate conformer SER01A0090_003 in /tmp/pbe_data.data.home.granepura.5-kinases.cof_tpl_mg.run_prot2.4lmn_SER01A0090_003
Skipping PBE solver for non-charge conformer LEU01A0092_001...
Skipping PBE solver for non-charge conformer VAL01A0093_001...
ForkPoolWorker-1: Calling delphi to calculate conformer MET01A0094_001 in /tmp/pbe_data.data.home.granepura.5-kinases.cof_tpl_mg.run_prot2.4lmn_MET01A0094_001
Skipping PBE solver for non-charge conformer ALA01A0095_001...
ForkPoolWorker-1: Calling delphi to calculate conformer ARG01A0096_001 in /tmp/pbe_data.data.home.granepura.5-kinases.cof_tpl_mg.run_prot2.4lmn_ARG01A0096_001
ForkPoolWorker-1: Calling delphi to calculate conformer ARG02A0096_002 in /tmp/pbe_data.data.home.granepura.5-kinases.cof_tpl_mg.run_prot2.4lmn_ARG02A0096_002
ForkPoolWorker-1: Calling delphi to calculate conformer ARG02A0096_003 in /tmp/pbe_data.data.home.granepura.5-kinases.cof_tpl_mg.run_prot2.4lmn_ARG02A0096_003
ForkPoolWorker-1: Calling delphi to calculate conformer ARG03A0096_004 in /tmp/pbe_data.data.home.granepura.5-kinases.cof_tpl_mg.run_prot2.4lmn_ARG03A0096_004
ForkPoolWorker-1: Calling delphi to calculate conformer ARG03A0096_005 in /tmp/pbe_data.data.home.granepura.5-kinases.cof_tpl_mg.run_prot2.4lmn_ARG03A0096_005
ForkPoolWorker-1: Calling delphi to calculate conformer ARG+1A0096_006 in /tmp/pbe_data.data.home.granepura.5-kinases.cof_tpl_mg.run_prot2.4lmn_ARG+1A0096_006
ForkPoolWorker-1: Calling delphi to calculate conformer LYS01A0097_001 in /tmp/pbe_data.data.home.granepura.5-kinases.cof_tpl_mg.run_prot2.4lmn_LYS01A0097_001
ForkPoolWorker-1: Calling delphi to calculate conformer LYS+1A0097_002 in /tmp/pbe_data.data.home.granepura.5-kinases.cof_tpl_mg.run_prot2.4lmn_LYS+1A0097_002
Skipping PBE solver for non-charge conformer LEU01A0098_001...
Skipping PBE solver for non-charge conformer ILE01A0099_001...
ForkPoolWorker-1: Calling delphi to calculate conformer HIS01A0100_001 in /tmp/pbe_data.data.home.granepura.5-kinases.cof_tpl_mg.run_prot2.4lmn_HIS01A0100_001
ForkPoolWorker-1: Calling delphi to calculate conformer HIS02A0100_002 in /tmp/pbe_data.data.home.granepura.5-kinases.cof_tpl_mg.run_prot2.4lmn_HIS02A0100_002
ForkPoolWorker-1: Calling delphi to calculate conformer HIS+1A0100_003 in /tmp/pbe_data.data.home.granepura.5-kinases.cof_tpl_mg.run_prot2.4lmn_HIS+1A0100_003
Skipping PBE solver for non-charge conformer LEU01A0101_001...
ForkPoolWorker-1: Calling delphi to calculate conformer GLU01A0102_001 in /tmp/pbe_data.data.home.granepura.5-kinases.cof_tpl_mg.run_prot2.4lmn_GLU01A0102_001
ForkPoolWorker-1: Calling delphi to calculate conformer GLU01A0102_002 in /tmp/pbe_data.data.home.granepura.5-kinases.cof_tpl_mg.run_prot2.4lmn_GLU01A0102_002
ForkPoolWorker-1: Calling delphi to calculate conformer GLU02A0102_003 in /tmp/pbe_data.data.home.granepura.5-kinases.cof_tpl_mg.run_prot2.4lmn_GLU02A0102_003
ForkPoolWorker-1: Calling delphi to calculate conformer GLU02A0102_004 in /tmp/pbe_data.data.home.granepura.5-kinases.cof_tpl_mg.run_prot2.4lmn_GLU02A0102_004
ForkPoolWorker-1: Calling delphi to calculate conformer GLU-1A0102_005 in /tmp/pbe_data.data.home.granepura.5-kinases.cof_tpl_mg.run_prot2.4lmn_GLU-1A0102_005
Skipping PBE solver for non-charge conformer ILE01A0103_001...
ForkPoolWorker-1: Calling delphi to calculate conformer LYS01A0104_001 in /tmp/pbe_data.data.home.granepura.5-kinases.cof_tpl_mg.run_prot2.4lmn_LYS01A0104_001
ForkPoolWorker-1: Calling delphi to calculate conformer LYS+1A0104_002 in /tmp/pbe_data.data.home.granepura.5-kinases.cof_tpl_mg.run_prot2.4lmn_LYS+1A0104_002
Skipping PBE solver for non-charge conformer PRO01A0105_001...
Skipping PBE solver for non-charge conformer ALA01A0106_001...
Skipping PBE solver for non-charge conformer ILE01A0107_001...
ForkPoolWorker-1: Calling delphi to calculate conformer ARG01A0108_001 in /tmp/pbe_data.data.home.granepura.5-kinases.cof_tpl_mg.run_prot2.4lmn_ARG01A0108_001
ForkPoolWorker-1: Calling delphi to calculate conformer ARG02A0108_002 in /tmp/pbe_data.data.home.granepura.5-kinases.cof_tpl_mg.run_prot2.4lmn_ARG02A0108_002
ForkPoolWorker-1: Calling delphi to calculate conformer ARG03A0108_003 in /tmp/pbe_data.data.home.granepura.5-kinases.cof_tpl_mg.run_prot2.4lmn_ARG03A0108_003
ForkPoolWorker-1: Calling delphi to calculate conformer ARG+1A0108_004 in /tmp/pbe_data.data.home.granepura.5-kinases.cof_tpl_mg.run_prot2.4lmn_ARG+1A0108_004
ForkPoolWorker-1: Calling delphi to calculate conformer ASN01A0109_001 in /tmp/pbe_data.data.home.granepura.5-kinases.cof_tpl_mg.run_prot2.4lmn_ASN01A0109_001
ForkPoolWorker-1: Calling delphi to calculate conformer ASN01A0109_002 in /tmp/pbe_data.data.home.granepura.5-kinases.cof_tpl_mg.run_prot2.4lmn_ASN01A0109_002
ForkPoolWorker-1: Calling delphi to calculate conformer GLN01A0110_001 in /tmp/pbe_data.data.home.granepura.5-kinases.cof_tpl_mg.run_prot2.4lmn_GLN01A0110_001
ForkPoolWorker-1: Calling delphi to calculate conformer GLN01A0110_002 in /tmp/pbe_data.data.home.granepura.5-kinases.cof_tpl_mg.run_prot2.4lmn_GLN01A0110_002
Skipping PBE solver for non-charge conformer ILE01A0111_001...
Skipping PBE solver for non-charge conformer ILE01A0112_001...
ForkPoolWorker-1: Calling delphi to calculate conformer ARG01A0113_001 in /tmp/pbe_data.data.home.granepura.5-kinases.cof_tpl_mg.run_prot2.4lmn_ARG01A0113_001
ForkPoolWorker-1: Calling delphi to calculate conformer ARG02A0113_002 in /tmp/pbe_data.data.home.granepura.5-kinases.cof_tpl_mg.run_prot2.4lmn_ARG02A0113_002
ForkPoolWorker-1: Calling delphi to calculate conformer ARG03A0113_003 in /tmp/pbe_data.data.home.granepura.5-kinases.cof_tpl_mg.run_prot2.4lmn_ARG03A0113_003
ForkPoolWorker-1: Calling delphi to calculate conformer ARG+1A0113_004 in /tmp/pbe_data.data.home.granepura.5-kinases.cof_tpl_mg.run_prot2.4lmn_ARG+1A0113_004
ForkPoolWorker-1: Calling delphi to calculate conformer GLU01A0114_001 in /tmp/pbe_data.data.home.granepura.5-kinases.cof_tpl_mg.run_prot2.4lmn_GLU01A0114_001
ForkPoolWorker-1: Calling delphi to calculate conformer GLU01A0114_002 in /tmp/pbe_data.data.home.granepura.5-kinases.cof_tpl_mg.run_prot2.4lmn_GLU01A0114_002
ForkPoolWorker-1: Calling delphi to calculate conformer GLU02A0114_003 in /tmp/pbe_data.data.home.granepura.5-kinases.cof_tpl_mg.run_prot2.4lmn_GLU02A0114_003
ForkPoolWorker-1: Calling delphi to calculate conformer GLU02A0114_004 in /tmp/pbe_data.data.home.granepura.5-kinases.cof_tpl_mg.run_prot2.4lmn_GLU02A0114_004
ForkPoolWorker-1: Calling delphi to calculate conformer GLU-1A0114_005 in /tmp/pbe_data.data.home.granepura.5-kinases.cof_tpl_mg.run_prot2.4lmn_GLU-1A0114_005
Skipping PBE solver for non-charge conformer LEU01A0115_001...
ForkPoolWorker-1: Calling delphi to calculate conformer GLN01A0116_001 in /tmp/pbe_data.data.home.granepura.5-kinases.cof_tpl_mg.run_prot2.4lmn_GLN01A0116_001
ForkPoolWorker-1: Calling delphi to calculate conformer GLN01A0116_002 in /tmp/pbe_data.data.home.granepura.5-kinases.cof_tpl_mg.run_prot2.4lmn_GLN01A0116_002
Skipping PBE solver for non-charge conformer VAL01A0117_001...
Skipping PBE solver for non-charge conformer LEU01A0118_001...
ForkPoolWorker-1: Calling delphi to calculate conformer HIS01A0119_001 in /tmp/pbe_data.data.home.granepura.5-kinases.cof_tpl_mg.run_prot2.4lmn_HIS01A0119_001
ForkPoolWorker-1: Calling delphi to calculate conformer HIS01A0119_002 in /tmp/pbe_data.data.home.granepura.5-kinases.cof_tpl_mg.run_prot2.4lmn_HIS01A0119_002
ForkPoolWorker-1: Calling delphi to calculate conformer HIS02A0119_003 in /tmp/pbe_data.data.home.granepura.5-kinases.cof_tpl_mg.run_prot2.4lmn_HIS02A0119_003
ForkPoolWorker-1: Calling delphi to calculate conformer HIS02A0119_004 in /tmp/pbe_data.data.home.granepura.5-kinases.cof_tpl_mg.run_prot2.4lmn_HIS02A0119_004
ForkPoolWorker-1: Calling delphi to calculate conformer HIS+1A0119_005 in /tmp/pbe_data.data.home.granepura.5-kinases.cof_tpl_mg.run_prot2.4lmn_HIS+1A0119_005
ForkPoolWorker-1: Calling delphi to calculate conformer HIS+1A0119_006 in /tmp/pbe_data.data.home.granepura.5-kinases.cof_tpl_mg.run_prot2.4lmn_HIS+1A0119_006
ForkPoolWorker-1: Calling delphi to calculate conformer GLU01A0120_001 in /tmp/pbe_data.data.home.granepura.5-kinases.cof_tpl_mg.run_prot2.4lmn_GLU01A0120_001
ForkPoolWorker-1: Calling delphi to calculate conformer GLU01A0120_002 in /tmp/pbe_data.data.home.granepura.5-kinases.cof_tpl_mg.run_prot2.4lmn_GLU01A0120_002
ForkPoolWorker-1: Calling delphi to calculate conformer GLU02A0120_003 in /tmp/pbe_data.data.home.granepura.5-kinases.cof_tpl_mg.run_prot2.4lmn_GLU02A0120_003
ForkPoolWorker-1: Calling delphi to calculate conformer GLU02A0120_004 in /tmp/pbe_data.data.home.granepura.5-kinases.cof_tpl_mg.run_prot2.4lmn_GLU02A0120_004
ForkPoolWorker-1: Calling delphi to calculate conformer GLU-1A0120_005 in /tmp/pbe_data.data.home.granepura.5-kinases.cof_tpl_mg.run_prot2.4lmn_GLU-1A0120_005
ForkPoolWorker-1: Calling delphi to calculate conformer CYS01A0121_001 in /tmp/pbe_data.data.home.granepura.5-kinases.cof_tpl_mg.run_prot2.4lmn_CYS01A0121_001
ForkPoolWorker-1: Calling delphi to calculate conformer CYS01A0121_002 in /tmp/pbe_data.data.home.granepura.5-kinases.cof_tpl_mg.run_prot2.4lmn_CYS01A0121_002
ForkPoolWorker-1: Calling delphi to calculate conformer CYS01A0121_003 in /tmp/pbe_data.data.home.granepura.5-kinases.cof_tpl_mg.run_prot2.4lmn_CYS01A0121_003
ForkPoolWorker-1: Calling delphi to calculate conformer CYS-1A0121_004 in /tmp/pbe_data.data.home.granepura.5-kinases.cof_tpl_mg.run_prot2.4lmn_CYS-1A0121_004
ForkPoolWorker-1: Calling delphi to calculate conformer ASN01A0122_001 in /tmp/pbe_data.data.home.granepura.5-kinases.cof_tpl_mg.run_prot2.4lmn_ASN01A0122_001
ForkPoolWorker-1: Calling delphi to calculate conformer ASN01A0122_002 in /tmp/pbe_data.data.home.granepura.5-kinases.cof_tpl_mg.run_prot2.4lmn_ASN01A0122_002
ForkPoolWorker-1: Calling delphi to calculate conformer SER01A0123_001 in /tmp/pbe_data.data.home.granepura.5-kinases.cof_tpl_mg.run_prot2.4lmn_SER01A0123_001
ForkPoolWorker-1: Calling delphi to calculate conformer SER01A0123_002 in /tmp/pbe_data.data.home.granepura.5-kinases.cof_tpl_mg.run_prot2.4lmn_SER01A0123_002
Skipping PBE solver for non-charge conformer PRO01A0124_001...
ForkPoolWorker-1: Calling delphi to calculate conformer TYR01A0125_001 in /tmp/pbe_data.data.home.granepura.5-kinases.cof_tpl_mg.run_prot2.4lmn_TYR01A0125_001
ForkPoolWorker-1: Calling delphi to calculate conformer TYR01A0125_002 in /tmp/pbe_data.data.home.granepura.5-kinases.cof_tpl_mg.run_prot2.4lmn_TYR01A0125_002
ForkPoolWorker-1: Calling delphi to calculate conformer TYR-1A0125_003 in /tmp/pbe_data.data.home.granepura.5-kinases.cof_tpl_mg.run_prot2.4lmn_TYR-1A0125_003
Skipping PBE solver for non-charge conformer ILE01A0126_001...
Skipping PBE solver for non-charge conformer VAL01A0127_001...
Skipping PBE solver for non-charge conformer PHE01A0129_001...
ForkPoolWorker-1: Calling delphi to calculate conformer TYR01A0130_001 in /tmp/pbe_data.data.home.granepura.5-kinases.cof_tpl_mg.run_prot2.4lmn_TYR01A0130_001
ForkPoolWorker-1: Calling delphi to calculate conformer TYR01A0130_002 in /tmp/pbe_data.data.home.granepura.5-kinases.cof_tpl_mg.run_prot2.4lmn_TYR01A0130_002
ForkPoolWorker-1: Calling delphi to calculate conformer TYR-1A0130_003 in /tmp/pbe_data.data.home.granepura.5-kinases.cof_tpl_mg.run_prot2.4lmn_TYR-1A0130_003
Skipping PBE solver for non-charge conformer ALA01A0132_001...
Skipping PBE solver for non-charge conformer PHE01A0133_001...
ForkPoolWorker-1: Calling delphi to calculate conformer TYR01A0134_001 in /tmp/pbe_data.data.home.granepura.5-kinases.cof_tpl_mg.run_prot2.4lmn_TYR01A0134_001
ForkPoolWorker-1: Calling delphi to calculate conformer TYR-1A0134_002 in /tmp/pbe_data.data.home.granepura.5-kinases.cof_tpl_mg.run_prot2.4lmn_TYR-1A0134_002
ForkPoolWorker-1: Calling delphi to calculate conformer SER01A0135_001 in /tmp/pbe_data.data.home.granepura.5-kinases.cof_tpl_mg.run_prot2.4lmn_SER01A0135_001
ForkPoolWorker-1: Calling delphi to calculate conformer SER01A0135_002 in /tmp/pbe_data.data.home.granepura.5-kinases.cof_tpl_mg.run_prot2.4lmn_SER01A0135_002
ForkPoolWorker-1: Calling delphi to calculate conformer ASP01A0136_001 in /tmp/pbe_data.data.home.granepura.5-kinases.cof_tpl_mg.run_prot2.4lmn_ASP01A0136_001
ForkPoolWorker-1: Calling delphi to calculate conformer ASP01A0136_002 in /tmp/pbe_data.data.home.granepura.5-kinases.cof_tpl_mg.run_prot2.4lmn_ASP01A0136_002
ForkPoolWorker-1: Calling delphi to calculate conformer ASP02A0136_003 in /tmp/pbe_data.data.home.granepura.5-kinases.cof_tpl_mg.run_prot2.4lmn_ASP02A0136_003
ForkPoolWorker-1: Calling delphi to calculate conformer ASP02A0136_004 in /tmp/pbe_data.data.home.granepura.5-kinases.cof_tpl_mg.run_prot2.4lmn_ASP02A0136_004
ForkPoolWorker-1: Calling delphi to calculate conformer ASP-1A0136_005 in /tmp/pbe_data.data.home.granepura.5-kinases.cof_tpl_mg.run_prot2.4lmn_ASP-1A0136_005
ForkPoolWorker-1: Calling delphi to calculate conformer GLU01A0138_001 in /tmp/pbe_data.data.home.granepura.5-kinases.cof_tpl_mg.run_prot2.4lmn_GLU01A0138_001
ForkPoolWorker-1: Calling delphi to calculate conformer GLU01A0138_002 in /tmp/pbe_data.data.home.granepura.5-kinases.cof_tpl_mg.run_prot2.4lmn_GLU01A0138_002
ForkPoolWorker-1: Calling delphi to calculate conformer GLU02A0138_003 in /tmp/pbe_data.data.home.granepura.5-kinases.cof_tpl_mg.run_prot2.4lmn_GLU02A0138_003
ForkPoolWorker-1: Calling delphi to calculate conformer GLU02A0138_004 in /tmp/pbe_data.data.home.granepura.5-kinases.cof_tpl_mg.run_prot2.4lmn_GLU02A0138_004
ForkPoolWorker-1: Calling delphi to calculate conformer GLU-1A0138_005 in /tmp/pbe_data.data.home.granepura.5-kinases.cof_tpl_mg.run_prot2.4lmn_GLU-1A0138_005
Skipping PBE solver for non-charge conformer ILE01A0139_001...
ForkPoolWorker-1: Calling delphi to calculate conformer SER01A0140_001 in /tmp/pbe_data.data.home.granepura.5-kinases.cof_tpl_mg.run_prot2.4lmn_SER01A0140_001
ForkPoolWorker-1: Calling delphi to calculate conformer SER01A0140_002 in /tmp/pbe_data.data.home.granepura.5-kinases.cof_tpl_mg.run_prot2.4lmn_SER01A0140_002
ForkPoolWorker-1: Calling delphi to calculate conformer SER01A0140_003 in /tmp/pbe_data.data.home.granepura.5-kinases.cof_tpl_mg.run_prot2.4lmn_SER01A0140_003
ForkPoolWorker-1: Calling delphi to calculate conformer SER01A0140_004 in /tmp/pbe_data.data.home.granepura.5-kinases.cof_tpl_mg.run_prot2.4lmn_SER01A0140_004
ForkPoolWorker-1: Calling delphi to calculate conformer SER01A0140_005 in /tmp/pbe_data.data.home.granepura.5-kinases.cof_tpl_mg.run_prot2.4lmn_SER01A0140_005
Skipping PBE solver for non-charge conformer ILE01A0141_001...
ForkPoolWorker-1: Calling delphi to calculate conformer CYS01A0142_001 in /tmp/pbe_data.data.home.granepura.5-kinases.cof_tpl_mg.run_prot2.4lmn_CYS01A0142_001
ForkPoolWorker-1: Calling delphi to calculate conformer CYS01A0142_002 in /tmp/pbe_data.data.home.granepura.5-kinases.cof_tpl_mg.run_prot2.4lmn_CYS01A0142_002
ForkPoolWorker-1: Calling delphi to calculate conformer CYS01A0142_003 in /tmp/pbe_data.data.home.granepura.5-kinases.cof_tpl_mg.run_prot2.4lmn_CYS01A0142_003
ForkPoolWorker-1: Calling delphi to calculate conformer CYS-1A0142_004 in /tmp/pbe_data.data.home.granepura.5-kinases.cof_tpl_mg.run_prot2.4lmn_CYS-1A0142_004
ForkPoolWorker-1: Calling delphi to calculate conformer MET01A0143_001 in /tmp/pbe_data.data.home.granepura.5-kinases.cof_tpl_mg.run_prot2.4lmn_MET01A0143_001
ForkPoolWorker-1: Calling delphi to calculate conformer GLU01A0144_001 in /tmp/pbe_data.data.home.granepura.5-kinases.cof_tpl_mg.run_prot2.4lmn_GLU01A0144_001
ForkPoolWorker-1: Calling delphi to calculate conformer GLU01A0144_002 in /tmp/pbe_data.data.home.granepura.5-kinases.cof_tpl_mg.run_prot2.4lmn_GLU01A0144_002
ForkPoolWorker-1: Calling delphi to calculate conformer GLU01A0144_003 in /tmp/pbe_data.data.home.granepura.5-kinases.cof_tpl_mg.run_prot2.4lmn_GLU01A0144_003
ForkPoolWorker-1: Calling delphi to calculate conformer GLU01A0144_004 in /tmp/pbe_data.data.home.granepura.5-kinases.cof_tpl_mg.run_prot2.4lmn_GLU01A0144_004
ForkPoolWorker-1: Calling delphi to calculate conformer GLU02A0144_005 in /tmp/pbe_data.data.home.granepura.5-kinases.cof_tpl_mg.run_prot2.4lmn_GLU02A0144_005
ForkPoolWorker-1: Calling delphi to calculate conformer GLU02A0144_006 in /tmp/pbe_data.data.home.granepura.5-kinases.cof_tpl_mg.run_prot2.4lmn_GLU02A0144_006
ForkPoolWorker-1: Calling delphi to calculate conformer GLU02A0144_007 in /tmp/pbe_data.data.home.granepura.5-kinases.cof_tpl_mg.run_prot2.4lmn_GLU02A0144_007
ForkPoolWorker-1: Calling delphi to calculate conformer GLU02A0144_008 in /tmp/pbe_data.data.home.granepura.5-kinases.cof_tpl_mg.run_prot2.4lmn_GLU02A0144_008
ForkPoolWorker-1: Calling delphi to calculate conformer GLU-1A0144_009 in /tmp/pbe_data.data.home.granepura.5-kinases.cof_tpl_mg.run_prot2.4lmn_GLU-1A0144_009
ForkPoolWorker-1: Calling delphi to calculate conformer GLU-1A0144_010 in /tmp/pbe_data.data.home.granepura.5-kinases.cof_tpl_mg.run_prot2.4lmn_GLU-1A0144_010
ForkPoolWorker-1: Calling delphi to calculate conformer HIS01A0145_001 in /tmp/pbe_data.data.home.granepura.5-kinases.cof_tpl_mg.run_prot2.4lmn_HIS01A0145_001
ForkPoolWorker-1: Calling delphi to calculate conformer HIS01A0145_002 in /tmp/pbe_data.data.home.granepura.5-kinases.cof_tpl_mg.run_prot2.4lmn_HIS01A0145_002
ForkPoolWorker-1: Calling delphi to calculate conformer HIS02A0145_003 in /tmp/pbe_data.data.home.granepura.5-kinases.cof_tpl_mg.run_prot2.4lmn_HIS02A0145_003
ForkPoolWorker-1: Calling delphi to calculate conformer HIS02A0145_004 in /tmp/pbe_data.data.home.granepura.5-kinases.cof_tpl_mg.run_prot2.4lmn_HIS02A0145_004
ForkPoolWorker-1: Calling delphi to calculate conformer HIS+1A0145_005 in /tmp/pbe_data.data.home.granepura.5-kinases.cof_tpl_mg.run_prot2.4lmn_HIS+1A0145_005
ForkPoolWorker-1: Calling delphi to calculate conformer HIS+1A0145_006 in /tmp/pbe_data.data.home.granepura.5-kinases.cof_tpl_mg.run_prot2.4lmn_HIS+1A0145_006
ForkPoolWorker-1: Calling delphi to calculate conformer MET01A0146_001 in /tmp/pbe_data.data.home.granepura.5-kinases.cof_tpl_mg.run_prot2.4lmn_MET01A0146_001
ForkPoolWorker-1: Calling delphi to calculate conformer ASP01A0147_001 in /tmp/pbe_data.data.home.granepura.5-kinases.cof_tpl_mg.run_prot2.4lmn_ASP01A0147_001
ForkPoolWorker-1: Calling delphi to calculate conformer ASP01A0147_002 in /tmp/pbe_data.data.home.granepura.5-kinases.cof_tpl_mg.run_prot2.4lmn_ASP01A0147_002
ForkPoolWorker-1: Calling delphi to calculate conformer ASP02A0147_003 in /tmp/pbe_data.data.home.granepura.5-kinases.cof_tpl_mg.run_prot2.4lmn_ASP02A0147_003
ForkPoolWorker-1: Calling delphi to calculate conformer ASP02A0147_004 in /tmp/pbe_data.data.home.granepura.5-kinases.cof_tpl_mg.run_prot2.4lmn_ASP02A0147_004
ForkPoolWorker-1: Calling delphi to calculate conformer ASP-1A0147_005 in /tmp/pbe_data.data.home.granepura.5-kinases.cof_tpl_mg.run_prot2.4lmn_ASP-1A0147_005
ForkPoolWorker-1: Calling delphi to calculate conformer SER01A0150_001 in /tmp/pbe_data.data.home.granepura.5-kinases.cof_tpl_mg.run_prot2.4lmn_SER01A0150_001
Skipping PBE solver for non-charge conformer LEU01A0151_001...
ForkPoolWorker-1: Calling delphi to calculate conformer ASP01A0152_001 in /tmp/pbe_data.data.home.granepura.5-kinases.cof_tpl_mg.run_prot2.4lmn_ASP01A0152_001
ForkPoolWorker-1: Calling delphi to calculate conformer ASP01A0152_002 in /tmp/pbe_data.data.home.granepura.5-kinases.cof_tpl_mg.run_prot2.4lmn_ASP01A0152_002
ForkPoolWorker-1: Calling delphi to calculate conformer ASP02A0152_003 in /tmp/pbe_data.data.home.granepura.5-kinases.cof_tpl_mg.run_prot2.4lmn_ASP02A0152_003
ForkPoolWorker-1: Calling delphi to calculate conformer ASP02A0152_004 in /tmp/pbe_data.data.home.granepura.5-kinases.cof_tpl_mg.run_prot2.4lmn_ASP02A0152_004
ForkPoolWorker-1: Calling delphi to calculate conformer ASP-1A0152_005 in /tmp/pbe_data.data.home.granepura.5-kinases.cof_tpl_mg.run_prot2.4lmn_ASP-1A0152_005
ForkPoolWorker-1: Calling delphi to calculate conformer GLN01A0153_001 in /tmp/pbe_data.data.home.granepura.5-kinases.cof_tpl_mg.run_prot2.4lmn_GLN01A0153_001
ForkPoolWorker-1: Calling delphi to calculate conformer GLN01A0153_002 in /tmp/pbe_data.data.home.granepura.5-kinases.cof_tpl_mg.run_prot2.4lmn_GLN01A0153_002
Skipping PBE solver for non-charge conformer VAL01A0154_001...
Skipping PBE solver for non-charge conformer LEU01A0155_001...
ForkPoolWorker-1: Calling delphi to calculate conformer LYS01A0156_001 in /tmp/pbe_data.data.home.granepura.5-kinases.cof_tpl_mg.run_prot2.4lmn_LYS01A0156_001
ForkPoolWorker-1: Calling delphi to calculate conformer LYS+1A0156_002 in /tmp/pbe_data.data.home.granepura.5-kinases.cof_tpl_mg.run_prot2.4lmn_LYS+1A0156_002
ForkPoolWorker-1: Calling delphi to calculate conformer LYS01A0157_001 in /tmp/pbe_data.data.home.granepura.5-kinases.cof_tpl_mg.run_prot2.4lmn_LYS01A0157_001
ForkPoolWorker-1: Calling delphi to calculate conformer LYS+1A0157_002 in /tmp/pbe_data.data.home.granepura.5-kinases.cof_tpl_mg.run_prot2.4lmn_LYS+1A0157_002
Skipping PBE solver for non-charge conformer ALA01A0158_001...
ForkPoolWorker-1: Calling delphi to calculate conformer ARG01A0160_001 in /tmp/pbe_data.data.home.granepura.5-kinases.cof_tpl_mg.run_prot2.4lmn_ARG01A0160_001
ForkPoolWorker-1: Calling delphi to calculate conformer ARG02A0160_002 in /tmp/pbe_data.data.home.granepura.5-kinases.cof_tpl_mg.run_prot2.4lmn_ARG02A0160_002
ForkPoolWorker-1: Calling delphi to calculate conformer ARG03A0160_003 in /tmp/pbe_data.data.home.granepura.5-kinases.cof_tpl_mg.run_prot2.4lmn_ARG03A0160_003
ForkPoolWorker-1: Calling delphi to calculate conformer ARG+1A0160_004 in /tmp/pbe_data.data.home.granepura.5-kinases.cof_tpl_mg.run_prot2.4lmn_ARG+1A0160_004
Skipping PBE solver for non-charge conformer ILE01A0161_001...
Skipping PBE solver for non-charge conformer PRO01A0162_001...
ForkPoolWorker-1: Calling delphi to calculate conformer GLU01A0163_001 in /tmp/pbe_data.data.home.granepura.5-kinases.cof_tpl_mg.run_prot2.4lmn_GLU01A0163_001
ForkPoolWorker-1: Calling delphi to calculate conformer GLU01A0163_002 in /tmp/pbe_data.data.home.granepura.5-kinases.cof_tpl_mg.run_prot2.4lmn_GLU01A0163_002
ForkPoolWorker-1: Calling delphi to calculate conformer GLU01A0163_003 in /tmp/pbe_data.data.home.granepura.5-kinases.cof_tpl_mg.run_prot2.4lmn_GLU01A0163_003
ForkPoolWorker-1: Calling delphi to calculate conformer GLU01A0163_004 in /tmp/pbe_data.data.home.granepura.5-kinases.cof_tpl_mg.run_prot2.4lmn_GLU01A0163_004
ForkPoolWorker-1: Calling delphi to calculate conformer GLU02A0163_005 in /tmp/pbe_data.data.home.granepura.5-kinases.cof_tpl_mg.run_prot2.4lmn_GLU02A0163_005
ForkPoolWorker-1: Calling delphi to calculate conformer GLU02A0163_006 in /tmp/pbe_data.data.home.granepura.5-kinases.cof_tpl_mg.run_prot2.4lmn_GLU02A0163_006
ForkPoolWorker-1: Calling delphi to calculate conformer GLU02A0163_007 in /tmp/pbe_data.data.home.granepura.5-kinases.cof_tpl_mg.run_prot2.4lmn_GLU02A0163_007
ForkPoolWorker-1: Calling delphi to calculate conformer GLU02A0163_008 in /tmp/pbe_data.data.home.granepura.5-kinases.cof_tpl_mg.run_prot2.4lmn_GLU02A0163_008
ForkPoolWorker-1: Calling delphi to calculate conformer GLU-1A0163_009 in /tmp/pbe_data.data.home.granepura.5-kinases.cof_tpl_mg.run_prot2.4lmn_GLU-1A0163_009
ForkPoolWorker-1: Calling delphi to calculate conformer GLU-1A0163_010 in /tmp/pbe_data.data.home.granepura.5-kinases.cof_tpl_mg.run_prot2.4lmn_GLU-1A0163_010
ForkPoolWorker-1: Calling delphi to calculate conformer GLN01A0164_001 in /tmp/pbe_data.data.home.granepura.5-kinases.cof_tpl_mg.run_prot2.4lmn_GLN01A0164_001
ForkPoolWorker-1: Calling delphi to calculate conformer GLN01A0164_002 in /tmp/pbe_data.data.home.granepura.5-kinases.cof_tpl_mg.run_prot2.4lmn_GLN01A0164_002
Skipping PBE solver for non-charge conformer ILE01A0165_001...
Skipping PBE solver for non-charge conformer LEU01A0166_001...
ForkPoolWorker-1: Calling delphi to calculate conformer LYS01A0168_001 in /tmp/pbe_data.data.home.granepura.5-kinases.cof_tpl_mg.run_prot2.4lmn_LYS01A0168_001
ForkPoolWorker-1: Calling delphi to calculate conformer LYS+1A0168_002 in /tmp/pbe_data.data.home.granepura.5-kinases.cof_tpl_mg.run_prot2.4lmn_LYS+1A0168_002
Skipping PBE solver for non-charge conformer VAL01A0169_001...
ForkPoolWorker-1: Calling delphi to calculate conformer SER01A0170_001 in /tmp/pbe_data.data.home.granepura.5-kinases.cof_tpl_mg.run_prot2.4lmn_SER01A0170_001
ForkPoolWorker-1: Calling delphi to calculate conformer SER01A0170_002 in /tmp/pbe_data.data.home.granepura.5-kinases.cof_tpl_mg.run_prot2.4lmn_SER01A0170_002
Skipping PBE solver for non-charge conformer ILE01A0171_001...
Skipping PBE solver for non-charge conformer ALA01A0172_001...
Skipping PBE solver for non-charge conformer VAL01A0173_001...
Skipping PBE solver for non-charge conformer ILE01A0174_001...
ForkPoolWorker-1: Calling delphi to calculate conformer LYS01A0175_001 in /tmp/pbe_data.data.home.granepura.5-kinases.cof_tpl_mg.run_prot2.4lmn_LYS01A0175_001
ForkPoolWorker-1: Calling delphi to calculate conformer LYS+1A0175_002 in /tmp/pbe_data.data.home.granepura.5-kinases.cof_tpl_mg.run_prot2.4lmn_LYS+1A0175_002
Skipping PBE solver for non-charge conformer LEU01A0177_001...
ForkPoolWorker-1: Calling delphi to calculate conformer THR01A0178_001 in /tmp/pbe_data.data.home.granepura.5-kinases.cof_tpl_mg.run_prot2.4lmn_THR01A0178_001
ForkPoolWorker-1: Calling delphi to calculate conformer THR01A0178_002 in /tmp/pbe_data.data.home.granepura.5-kinases.cof_tpl_mg.run_prot2.4lmn_THR01A0178_002
ForkPoolWorker-1: Calling delphi to calculate conformer TYR01A0179_001 in /tmp/pbe_data.data.home.granepura.5-kinases.cof_tpl_mg.run_prot2.4lmn_TYR01A0179_001
ForkPoolWorker-1: Calling delphi to calculate conformer TYR01A0179_002 in /tmp/pbe_data.data.home.granepura.5-kinases.cof_tpl_mg.run_prot2.4lmn_TYR01A0179_002
ForkPoolWorker-1: Calling delphi to calculate conformer TYR-1A0179_003 in /tmp/pbe_data.data.home.granepura.5-kinases.cof_tpl_mg.run_prot2.4lmn_TYR-1A0179_003
Skipping PBE solver for non-charge conformer LEU01A0180_001...
ForkPoolWorker-1: Calling delphi to calculate conformer ARG01A0181_001 in /tmp/pbe_data.data.home.granepura.5-kinases.cof_tpl_mg.run_prot2.4lmn_ARG01A0181_001
ForkPoolWorker-1: Calling delphi to calculate conformer ARG02A0181_002 in /tmp/pbe_data.data.home.granepura.5-kinases.cof_tpl_mg.run_prot2.4lmn_ARG02A0181_002
ForkPoolWorker-1: Calling delphi to calculate conformer ARG03A0181_003 in /tmp/pbe_data.data.home.granepura.5-kinases.cof_tpl_mg.run_prot2.4lmn_ARG03A0181_003
ForkPoolWorker-1: Calling delphi to calculate conformer ARG+1A0181_004 in /tmp/pbe_data.data.home.granepura.5-kinases.cof_tpl_mg.run_prot2.4lmn_ARG+1A0181_004
ForkPoolWorker-1: Calling delphi to calculate conformer GLU01A0182_001 in /tmp/pbe_data.data.home.granepura.5-kinases.cof_tpl_mg.run_prot2.4lmn_GLU01A0182_001
ForkPoolWorker-1: Calling delphi to calculate conformer GLU01A0182_002 in /tmp/pbe_data.data.home.granepura.5-kinases.cof_tpl_mg.run_prot2.4lmn_GLU01A0182_002
ForkPoolWorker-1: Calling delphi to calculate conformer GLU02A0182_003 in /tmp/pbe_data.data.home.granepura.5-kinases.cof_tpl_mg.run_prot2.4lmn_GLU02A0182_003
ForkPoolWorker-1: Calling delphi to calculate conformer GLU02A0182_004 in /tmp/pbe_data.data.home.granepura.5-kinases.cof_tpl_mg.run_prot2.4lmn_GLU02A0182_004
ForkPoolWorker-1: Calling delphi to calculate conformer GLU-1A0182_005 in /tmp/pbe_data.data.home.granepura.5-kinases.cof_tpl_mg.run_prot2.4lmn_GLU-1A0182_005
ForkPoolWorker-1: Calling delphi to calculate conformer LYS01A0183_001 in /tmp/pbe_data.data.home.granepura.5-kinases.cof_tpl_mg.run_prot2.4lmn_LYS01A0183_001
ForkPoolWorker-1: Calling delphi to calculate conformer LYS+1A0183_002 in /tmp/pbe_data.data.home.granepura.5-kinases.cof_tpl_mg.run_prot2.4lmn_LYS+1A0183_002
ForkPoolWorker-1: Calling delphi to calculate conformer HIS01A0184_001 in /tmp/pbe_data.data.home.granepura.5-kinases.cof_tpl_mg.run_prot2.4lmn_HIS01A0184_001
ForkPoolWorker-1: Calling delphi to calculate conformer HIS02A0184_002 in /tmp/pbe_data.data.home.granepura.5-kinases.cof_tpl_mg.run_prot2.4lmn_HIS02A0184_002
ForkPoolWorker-1: Calling delphi to calculate conformer HIS+1A0184_003 in /tmp/pbe_data.data.home.granepura.5-kinases.cof_tpl_mg.run_prot2.4lmn_HIS+1A0184_003
ForkPoolWorker-1: Calling delphi to calculate conformer LYS01A0185_001 in /tmp/pbe_data.data.home.granepura.5-kinases.cof_tpl_mg.run_prot2.4lmn_LYS01A0185_001
ForkPoolWorker-1: Calling delphi to calculate conformer LYS+1A0185_002 in /tmp/pbe_data.data.home.granepura.5-kinases.cof_tpl_mg.run_prot2.4lmn_LYS+1A0185_002
Skipping PBE solver for non-charge conformer ILE01A0186_001...
ForkPoolWorker-1: Calling delphi to calculate conformer MET01A0187_001 in /tmp/pbe_data.data.home.granepura.5-kinases.cof_tpl_mg.run_prot2.4lmn_MET01A0187_001
ForkPoolWorker-1: Calling delphi to calculate conformer HIS01A0188_001 in /tmp/pbe_data.data.home.granepura.5-kinases.cof_tpl_mg.run_prot2.4lmn_HIS01A0188_001
ForkPoolWorker-1: Calling delphi to calculate conformer HIS01A0188_002 in /tmp/pbe_data.data.home.granepura.5-kinases.cof_tpl_mg.run_prot2.4lmn_HIS01A0188_002
ForkPoolWorker-1: Calling delphi to calculate conformer HIS02A0188_003 in /tmp/pbe_data.data.home.granepura.5-kinases.cof_tpl_mg.run_prot2.4lmn_HIS02A0188_003
ForkPoolWorker-1: Calling delphi to calculate conformer HIS02A0188_004 in /tmp/pbe_data.data.home.granepura.5-kinases.cof_tpl_mg.run_prot2.4lmn_HIS02A0188_004
ForkPoolWorker-1: Calling delphi to calculate conformer HIS+1A0188_005 in /tmp/pbe_data.data.home.granepura.5-kinases.cof_tpl_mg.run_prot2.4lmn_HIS+1A0188_005
ForkPoolWorker-1: Calling delphi to calculate conformer HIS+1A0188_006 in /tmp/pbe_data.data.home.granepura.5-kinases.cof_tpl_mg.run_prot2.4lmn_HIS+1A0188_006
ForkPoolWorker-1: Calling delphi to calculate conformer ARG01A0189_001 in /tmp/pbe_data.data.home.granepura.5-kinases.cof_tpl_mg.run_prot2.4lmn_ARG01A0189_001
ForkPoolWorker-1: Calling delphi to calculate conformer ARG02A0189_002 in /tmp/pbe_data.data.home.granepura.5-kinases.cof_tpl_mg.run_prot2.4lmn_ARG02A0189_002
ForkPoolWorker-1: Calling delphi to calculate conformer ARG03A0189_003 in /tmp/pbe_data.data.home.granepura.5-kinases.cof_tpl_mg.run_prot2.4lmn_ARG03A0189_003
ForkPoolWorker-1: Calling delphi to calculate conformer ARG03A0189_004 in /tmp/pbe_data.data.home.granepura.5-kinases.cof_tpl_mg.run_prot2.4lmn_ARG03A0189_004
ForkPoolWorker-1: Calling delphi to calculate conformer ARG+1A0189_005 in /tmp/pbe_data.data.home.granepura.5-kinases.cof_tpl_mg.run_prot2.4lmn_ARG+1A0189_005
ForkPoolWorker-1: Calling delphi to calculate conformer ASP01A0190_001 in /tmp/pbe_data.data.home.granepura.5-kinases.cof_tpl_mg.run_prot2.4lmn_ASP01A0190_001
ForkPoolWorker-1: Calling delphi to calculate conformer ASP01A0190_002 in /tmp/pbe_data.data.home.granepura.5-kinases.cof_tpl_mg.run_prot2.4lmn_ASP01A0190_002
ForkPoolWorker-1: Calling delphi to calculate conformer ASP02A0190_003 in /tmp/pbe_data.data.home.granepura.5-kinases.cof_tpl_mg.run_prot2.4lmn_ASP02A0190_003
ForkPoolWorker-1: Calling delphi to calculate conformer ASP02A0190_004 in /tmp/pbe_data.data.home.granepura.5-kinases.cof_tpl_mg.run_prot2.4lmn_ASP02A0190_004
ForkPoolWorker-1: Calling delphi to calculate conformer ASP-1A0190_005 in /tmp/pbe_data.data.home.granepura.5-kinases.cof_tpl_mg.run_prot2.4lmn_ASP-1A0190_005
Skipping PBE solver for non-charge conformer VAL01A0191_001...
ForkPoolWorker-1: Calling delphi to calculate conformer LYS01A0192_001 in /tmp/pbe_data.data.home.granepura.5-kinases.cof_tpl_mg.run_prot2.4lmn_LYS01A0192_001
ForkPoolWorker-1: Calling delphi to calculate conformer LYS+1A0192_002 in /tmp/pbe_data.data.home.granepura.5-kinases.cof_tpl_mg.run_prot2.4lmn_LYS+1A0192_002
Skipping PBE solver for non-charge conformer PRO01A0193_001...
ForkPoolWorker-1: Calling delphi to calculate conformer SER01A0194_001 in /tmp/pbe_data.data.home.granepura.5-kinases.cof_tpl_mg.run_prot2.4lmn_SER01A0194_001
ForkPoolWorker-1: Calling delphi to calculate conformer SER01A0194_002 in /tmp/pbe_data.data.home.granepura.5-kinases.cof_tpl_mg.run_prot2.4lmn_SER01A0194_002
ForkPoolWorker-1: Calling delphi to calculate conformer SER01A0194_003 in /tmp/pbe_data.data.home.granepura.5-kinases.cof_tpl_mg.run_prot2.4lmn_SER01A0194_003
ForkPoolWorker-1: Calling delphi to calculate conformer ASN01A0195_001 in /tmp/pbe_data.data.home.granepura.5-kinases.cof_tpl_mg.run_prot2.4lmn_ASN01A0195_001
ForkPoolWorker-1: Calling delphi to calculate conformer ASN01A0195_002 in /tmp/pbe_data.data.home.granepura.5-kinases.cof_tpl_mg.run_prot2.4lmn_ASN01A0195_002
Skipping PBE solver for non-charge conformer ILE01A0196_001...
Skipping PBE solver for non-charge conformer LEU01A0197_001...
Skipping PBE solver for non-charge conformer VAL01A0198_001...
ForkPoolWorker-1: Calling delphi to calculate conformer ASN01A0199_001 in /tmp/pbe_data.data.home.granepura.5-kinases.cof_tpl_mg.run_prot2.4lmn_ASN01A0199_001
ForkPoolWorker-1: Calling delphi to calculate conformer ASN01A0199_002 in /tmp/pbe_data.data.home.granepura.5-kinases.cof_tpl_mg.run_prot2.4lmn_ASN01A0199_002
ForkPoolWorker-1: Calling delphi to calculate conformer SER01A0200_001 in /tmp/pbe_data.data.home.granepura.5-kinases.cof_tpl_mg.run_prot2.4lmn_SER01A0200_001
ForkPoolWorker-1: Calling delphi to calculate conformer SER01A0200_002 in /tmp/pbe_data.data.home.granepura.5-kinases.cof_tpl_mg.run_prot2.4lmn_SER01A0200_002
ForkPoolWorker-1: Calling delphi to calculate conformer SER01A0200_003 in /tmp/pbe_data.data.home.granepura.5-kinases.cof_tpl_mg.run_prot2.4lmn_SER01A0200_003
ForkPoolWorker-1: Calling delphi to calculate conformer ARG01A0201_001 in /tmp/pbe_data.data.home.granepura.5-kinases.cof_tpl_mg.run_prot2.4lmn_ARG01A0201_001
ForkPoolWorker-1: Calling delphi to calculate conformer ARG02A0201_002 in /tmp/pbe_data.data.home.granepura.5-kinases.cof_tpl_mg.run_prot2.4lmn_ARG02A0201_002
ForkPoolWorker-1: Calling delphi to calculate conformer ARG03A0201_003 in /tmp/pbe_data.data.home.granepura.5-kinases.cof_tpl_mg.run_prot2.4lmn_ARG03A0201_003
ForkPoolWorker-1: Calling delphi to calculate conformer ARG+1A0201_004 in /tmp/pbe_data.data.home.granepura.5-kinases.cof_tpl_mg.run_prot2.4lmn_ARG+1A0201_004
ForkPoolWorker-1: Calling delphi to calculate conformer GLU01A0203_001 in /tmp/pbe_data.data.home.granepura.5-kinases.cof_tpl_mg.run_prot2.4lmn_GLU01A0203_001
ForkPoolWorker-1: Calling delphi to calculate conformer GLU01A0203_002 in /tmp/pbe_data.data.home.granepura.5-kinases.cof_tpl_mg.run_prot2.4lmn_GLU01A0203_002
ForkPoolWorker-1: Calling delphi to calculate conformer GLU02A0203_003 in /tmp/pbe_data.data.home.granepura.5-kinases.cof_tpl_mg.run_prot2.4lmn_GLU02A0203_003
ForkPoolWorker-1: Calling delphi to calculate conformer GLU02A0203_004 in /tmp/pbe_data.data.home.granepura.5-kinases.cof_tpl_mg.run_prot2.4lmn_GLU02A0203_004
ForkPoolWorker-1: Calling delphi to calculate conformer GLU-1A0203_005 in /tmp/pbe_data.data.home.granepura.5-kinases.cof_tpl_mg.run_prot2.4lmn_GLU-1A0203_005
Skipping PBE solver for non-charge conformer ILE01A0204_001...
ForkPoolWorker-1: Calling delphi to calculate conformer LYS01A0205_001 in /tmp/pbe_data.data.home.granepura.5-kinases.cof_tpl_mg.run_prot2.4lmn_LYS01A0205_001
ForkPoolWorker-1: Calling delphi to calculate conformer LYS+1A0205_002 in /tmp/pbe_data.data.home.granepura.5-kinases.cof_tpl_mg.run_prot2.4lmn_LYS+1A0205_002
Skipping PBE solver for non-charge conformer LEU01A0206_001...
ForkPoolWorker-1: Calling delphi to calculate conformer CYS01A0207_001 in /tmp/pbe_data.data.home.granepura.5-kinases.cof_tpl_mg.run_prot2.4lmn_CYS01A0207_001
ForkPoolWorker-1: Calling delphi to calculate conformer CYS01A0207_002 in /tmp/pbe_data.data.home.granepura.5-kinases.cof_tpl_mg.run_prot2.4lmn_CYS01A0207_002
ForkPoolWorker-1: Calling delphi to calculate conformer CYS01A0207_003 in /tmp/pbe_data.data.home.granepura.5-kinases.cof_tpl_mg.run_prot2.4lmn_CYS01A0207_003
ForkPoolWorker-1: Calling delphi to calculate conformer CYS-1A0207_004 in /tmp/pbe_data.data.home.granepura.5-kinases.cof_tpl_mg.run_prot2.4lmn_CYS-1A0207_004
ForkPoolWorker-1: Calling delphi to calculate conformer ASP01A0208_001 in /tmp/pbe_data.data.home.granepura.5-kinases.cof_tpl_mg.run_prot2.4lmn_ASP01A0208_001
ForkPoolWorker-1: Calling delphi to calculate conformer ASP01A0208_002 in /tmp/pbe_data.data.home.granepura.5-kinases.cof_tpl_mg.run_prot2.4lmn_ASP01A0208_002
ForkPoolWorker-1: Calling delphi to calculate conformer ASP02A0208_003 in /tmp/pbe_data.data.home.granepura.5-kinases.cof_tpl_mg.run_prot2.4lmn_ASP02A0208_003
ForkPoolWorker-1: Calling delphi to calculate conformer ASP02A0208_004 in /tmp/pbe_data.data.home.granepura.5-kinases.cof_tpl_mg.run_prot2.4lmn_ASP02A0208_004
ForkPoolWorker-1: Calling delphi to calculate conformer ASP-1A0208_005 in /tmp/pbe_data.data.home.granepura.5-kinases.cof_tpl_mg.run_prot2.4lmn_ASP-1A0208_005
Skipping PBE solver for non-charge conformer PHE01A0209_001...
Skipping PBE solver for non-charge conformer VAL01A0211_001...
ForkPoolWorker-1: Calling delphi to calculate conformer SER01A0212_001 in /tmp/pbe_data.data.home.granepura.5-kinases.cof_tpl_mg.run_prot2.4lmn_SER01A0212_001
ForkPoolWorker-1: Calling delphi to calculate conformer SER01A0212_002 in /tmp/pbe_data.data.home.granepura.5-kinases.cof_tpl_mg.run_prot2.4lmn_SER01A0212_002
ForkPoolWorker-1: Calling delphi to calculate conformer SER01A0212_003 in /tmp/pbe_data.data.home.granepura.5-kinases.cof_tpl_mg.run_prot2.4lmn_SER01A0212_003
ForkPoolWorker-1: Calling delphi to calculate conformer SER01A0212_004 in /tmp/pbe_data.data.home.granepura.5-kinases.cof_tpl_mg.run_prot2.4lmn_SER01A0212_004
ForkPoolWorker-1: Calling delphi to calculate conformer SER01A0212_005 in /tmp/pbe_data.data.home.granepura.5-kinases.cof_tpl_mg.run_prot2.4lmn_SER01A0212_005
ForkPoolWorker-1: Calling delphi to calculate conformer GLN01A0214_001 in /tmp/pbe_data.data.home.granepura.5-kinases.cof_tpl_mg.run_prot2.4lmn_GLN01A0214_001
ForkPoolWorker-1: Calling delphi to calculate conformer GLN01A0214_002 in /tmp/pbe_data.data.home.granepura.5-kinases.cof_tpl_mg.run_prot2.4lmn_GLN01A0214_002
Skipping PBE solver for non-charge conformer LEU01A0215_001...
Skipping PBE solver for non-charge conformer ILE01A0216_001...
ForkPoolWorker-1: Calling delphi to calculate conformer ASP01A0217_001 in /tmp/pbe_data.data.home.granepura.5-kinases.cof_tpl_mg.run_prot2.4lmn_ASP01A0217_001
ForkPoolWorker-1: Calling delphi to calculate conformer ASP01A0217_002 in /tmp/pbe_data.data.home.granepura.5-kinases.cof_tpl_mg.run_prot2.4lmn_ASP01A0217_002
ForkPoolWorker-1: Calling delphi to calculate conformer ASP02A0217_003 in /tmp/pbe_data.data.home.granepura.5-kinases.cof_tpl_mg.run_prot2.4lmn_ASP02A0217_003
ForkPoolWorker-1: Calling delphi to calculate conformer ASP02A0217_004 in /tmp/pbe_data.data.home.granepura.5-kinases.cof_tpl_mg.run_prot2.4lmn_ASP02A0217_004
ForkPoolWorker-1: Calling delphi to calculate conformer ASP-1A0217_005 in /tmp/pbe_data.data.home.granepura.5-kinases.cof_tpl_mg.run_prot2.4lmn_ASP-1A0217_005
ForkPoolWorker-1: Calling delphi to calculate conformer SER01A0218_001 in /tmp/pbe_data.data.home.granepura.5-kinases.cof_tpl_mg.run_prot2.4lmn_SER01A0218_001
ForkPoolWorker-1: Calling delphi to calculate conformer SER01A0218_002 in /tmp/pbe_data.data.home.granepura.5-kinases.cof_tpl_mg.run_prot2.4lmn_SER01A0218_002
ForkPoolWorker-1: Calling delphi to calculate conformer SER01A0218_003 in /tmp/pbe_data.data.home.granepura.5-kinases.cof_tpl_mg.run_prot2.4lmn_SER01A0218_003
ForkPoolWorker-1: Calling delphi to calculate conformer MET01A0219_001 in /tmp/pbe_data.data.home.granepura.5-kinases.cof_tpl_mg.run_prot2.4lmn_MET01A0219_001
Skipping PBE solver for non-charge conformer ALA01A0220_001...
ForkPoolWorker-1: Calling delphi to calculate conformer ASN01A0221_001 in /tmp/pbe_data.data.home.granepura.5-kinases.cof_tpl_mg.run_prot2.4lmn_ASN01A0221_001
ForkPoolWorker-1: Calling delphi to calculate conformer ASN01A0221_002 in /tmp/pbe_data.data.home.granepura.5-kinases.cof_tpl_mg.run_prot2.4lmn_ASN01A0221_002
ForkPoolWorker-1: Calling delphi to calculate conformer SER01A0222_001 in /tmp/pbe_data.data.home.granepura.5-kinases.cof_tpl_mg.run_prot2.4lmn_SER01A0222_001
ForkPoolWorker-1: Calling delphi to calculate conformer SER01A0222_002 in /tmp/pbe_data.data.home.granepura.5-kinases.cof_tpl_mg.run_prot2.4lmn_SER01A0222_002
Skipping PBE solver for non-charge conformer PHE01A0223_001...
Skipping PBE solver for non-charge conformer VAL01A0224_001...
ForkPoolWorker-1: Calling delphi to calculate conformer THR01A0226_001 in /tmp/pbe_data.data.home.granepura.5-kinases.cof_tpl_mg.run_prot2.4lmn_THR01A0226_001
ForkPoolWorker-1: Calling delphi to calculate conformer ARG01A0227_001 in /tmp/pbe_data.data.home.granepura.5-kinases.cof_tpl_mg.run_prot2.4lmn_ARG01A0227_001
ForkPoolWorker-1: Calling delphi to calculate conformer ARG02A0227_002 in /tmp/pbe_data.data.home.granepura.5-kinases.cof_tpl_mg.run_prot2.4lmn_ARG02A0227_002
ForkPoolWorker-1: Calling delphi to calculate conformer ARG02A0227_003 in /tmp/pbe_data.data.home.granepura.5-kinases.cof_tpl_mg.run_prot2.4lmn_ARG02A0227_003
ForkPoolWorker-1: Calling delphi to calculate conformer ARG03A0227_004 in /tmp/pbe_data.data.home.granepura.5-kinases.cof_tpl_mg.run_prot2.4lmn_ARG03A0227_004
ForkPoolWorker-1: Calling delphi to calculate conformer ARG03A0227_005 in /tmp/pbe_data.data.home.granepura.5-kinases.cof_tpl_mg.run_prot2.4lmn_ARG03A0227_005
ForkPoolWorker-1: Calling delphi to calculate conformer ARG+1A0227_006 in /tmp/pbe_data.data.home.granepura.5-kinases.cof_tpl_mg.run_prot2.4lmn_ARG+1A0227_006
ForkPoolWorker-1: Calling delphi to calculate conformer SER01A0228_001 in /tmp/pbe_data.data.home.granepura.5-kinases.cof_tpl_mg.run_prot2.4lmn_SER01A0228_001
ForkPoolWorker-1: Calling delphi to calculate conformer SER01A0228_002 in /tmp/pbe_data.data.home.granepura.5-kinases.cof_tpl_mg.run_prot2.4lmn_SER01A0228_002
ForkPoolWorker-1: Calling delphi to calculate conformer TYR01A0229_001 in /tmp/pbe_data.data.home.granepura.5-kinases.cof_tpl_mg.run_prot2.4lmn_TYR01A0229_001
ForkPoolWorker-1: Calling delphi to calculate conformer TYR01A0229_002 in /tmp/pbe_data.data.home.granepura.5-kinases.cof_tpl_mg.run_prot2.4lmn_TYR01A0229_002
ForkPoolWorker-1: Calling delphi to calculate conformer TYR-1A0229_003 in /tmp/pbe_data.data.home.granepura.5-kinases.cof_tpl_mg.run_prot2.4lmn_TYR-1A0229_003
ForkPoolWorker-1: Calling delphi to calculate conformer MET01A0230_001 in /tmp/pbe_data.data.home.granepura.5-kinases.cof_tpl_mg.run_prot2.4lmn_MET01A0230_001
ForkPoolWorker-1: Calling delphi to calculate conformer SER01A0231_001 in /tmp/pbe_data.data.home.granepura.5-kinases.cof_tpl_mg.run_prot2.4lmn_SER01A0231_001
ForkPoolWorker-1: Calling delphi to calculate conformer SER01A0231_002 in /tmp/pbe_data.data.home.granepura.5-kinases.cof_tpl_mg.run_prot2.4lmn_SER01A0231_002
ForkPoolWorker-1: Calling delphi to calculate conformer SER01A0231_003 in /tmp/pbe_data.data.home.granepura.5-kinases.cof_tpl_mg.run_prot2.4lmn_SER01A0231_003
ForkPoolWorker-1: Calling delphi to calculate conformer SER01A0231_004 in /tmp/pbe_data.data.home.granepura.5-kinases.cof_tpl_mg.run_prot2.4lmn_SER01A0231_004
ForkPoolWorker-1: Calling delphi to calculate conformer SER01A0231_005 in /tmp/pbe_data.data.home.granepura.5-kinases.cof_tpl_mg.run_prot2.4lmn_SER01A0231_005
ForkPoolWorker-1: Calling delphi to calculate conformer SER01A0231_006 in /tmp/pbe_data.data.home.granepura.5-kinases.cof_tpl_mg.run_prot2.4lmn_SER01A0231_006
ForkPoolWorker-1: Calling delphi to calculate conformer SER01A0231_007 in /tmp/pbe_data.data.home.granepura.5-kinases.cof_tpl_mg.run_prot2.4lmn_SER01A0231_007
ForkPoolWorker-1: Calling delphi to calculate conformer SER01A0231_008 in /tmp/pbe_data.data.home.granepura.5-kinases.cof_tpl_mg.run_prot2.4lmn_SER01A0231_008
Skipping PBE solver for non-charge conformer PRO01A0232_001...
ForkPoolWorker-1: Calling delphi to calculate conformer GLU01A0233_001 in /tmp/pbe_data.data.home.granepura.5-kinases.cof_tpl_mg.run_prot2.4lmn_GLU01A0233_001
ForkPoolWorker-1: Calling delphi to calculate conformer GLU01A0233_002 in /tmp/pbe_data.data.home.granepura.5-kinases.cof_tpl_mg.run_prot2.4lmn_GLU01A0233_002
ForkPoolWorker-1: Calling delphi to calculate conformer GLU02A0233_003 in /tmp/pbe_data.data.home.granepura.5-kinases.cof_tpl_mg.run_prot2.4lmn_GLU02A0233_003
ForkPoolWorker-1: Calling delphi to calculate conformer GLU02A0233_004 in /tmp/pbe_data.data.home.granepura.5-kinases.cof_tpl_mg.run_prot2.4lmn_GLU02A0233_004
ForkPoolWorker-1: Calling delphi to calculate conformer GLU-1A0233_005 in /tmp/pbe_data.data.home.granepura.5-kinases.cof_tpl_mg.run_prot2.4lmn_GLU-1A0233_005
ForkPoolWorker-1: Calling delphi to calculate conformer ARG01A0234_001 in /tmp/pbe_data.data.home.granepura.5-kinases.cof_tpl_mg.run_prot2.4lmn_ARG01A0234_001
ForkPoolWorker-1: Calling delphi to calculate conformer ARG02A0234_002 in /tmp/pbe_data.data.home.granepura.5-kinases.cof_tpl_mg.run_prot2.4lmn_ARG02A0234_002
ForkPoolWorker-1: Calling delphi to calculate conformer ARG03A0234_003 in /tmp/pbe_data.data.home.granepura.5-kinases.cof_tpl_mg.run_prot2.4lmn_ARG03A0234_003
ForkPoolWorker-1: Calling delphi to calculate conformer ARG+1A0234_004 in /tmp/pbe_data.data.home.granepura.5-kinases.cof_tpl_mg.run_prot2.4lmn_ARG+1A0234_004
Skipping PBE solver for non-charge conformer LEU01A0235_001...
ForkPoolWorker-1: Calling delphi to calculate conformer GLN01A0236_001 in /tmp/pbe_data.data.home.granepura.5-kinases.cof_tpl_mg.run_prot2.4lmn_GLN01A0236_001
ForkPoolWorker-1: Calling delphi to calculate conformer GLN01A0236_002 in /tmp/pbe_data.data.home.granepura.5-kinases.cof_tpl_mg.run_prot2.4lmn_GLN01A0236_002
ForkPoolWorker-1: Calling delphi to calculate conformer THR01A0238_001 in /tmp/pbe_data.data.home.granepura.5-kinases.cof_tpl_mg.run_prot2.4lmn_THR01A0238_001
ForkPoolWorker-1: Calling delphi to calculate conformer HIS01A0239_001 in /tmp/pbe_data.data.home.granepura.5-kinases.cof_tpl_mg.run_prot2.4lmn_HIS01A0239_001
ForkPoolWorker-1: Calling delphi to calculate conformer HIS01A0239_002 in /tmp/pbe_data.data.home.granepura.5-kinases.cof_tpl_mg.run_prot2.4lmn_HIS01A0239_002
ForkPoolWorker-1: Calling delphi to calculate conformer HIS02A0239_003 in /tmp/pbe_data.data.home.granepura.5-kinases.cof_tpl_mg.run_prot2.4lmn_HIS02A0239_003
ForkPoolWorker-1: Calling delphi to calculate conformer HIS02A0239_004 in /tmp/pbe_data.data.home.granepura.5-kinases.cof_tpl_mg.run_prot2.4lmn_HIS02A0239_004
ForkPoolWorker-1: Calling delphi to calculate conformer HIS+1A0239_005 in /tmp/pbe_data.data.home.granepura.5-kinases.cof_tpl_mg.run_prot2.4lmn_HIS+1A0239_005
ForkPoolWorker-1: Calling delphi to calculate conformer HIS+1A0239_006 in /tmp/pbe_data.data.home.granepura.5-kinases.cof_tpl_mg.run_prot2.4lmn_HIS+1A0239_006
ForkPoolWorker-1: Calling delphi to calculate conformer TYR01A0240_001 in /tmp/pbe_data.data.home.granepura.5-kinases.cof_tpl_mg.run_prot2.4lmn_TYR01A0240_001
ForkPoolWorker-1: Calling delphi to calculate conformer TYR01A0240_002 in /tmp/pbe_data.data.home.granepura.5-kinases.cof_tpl_mg.run_prot2.4lmn_TYR01A0240_002
ForkPoolWorker-1: Calling delphi to calculate conformer TYR-1A0240_003 in /tmp/pbe_data.data.home.granepura.5-kinases.cof_tpl_mg.run_prot2.4lmn_TYR-1A0240_003
ForkPoolWorker-1: Calling delphi to calculate conformer SER01A0241_001 in /tmp/pbe_data.data.home.granepura.5-kinases.cof_tpl_mg.run_prot2.4lmn_SER01A0241_001
ForkPoolWorker-1: Calling delphi to calculate conformer SER01A0241_002 in /tmp/pbe_data.data.home.granepura.5-kinases.cof_tpl_mg.run_prot2.4lmn_SER01A0241_002
Skipping PBE solver for non-charge conformer VAL01A0242_001...
ForkPoolWorker-1: Calling delphi to calculate conformer GLN01A0243_001 in /tmp/pbe_data.data.home.granepura.5-kinases.cof_tpl_mg.run_prot2.4lmn_GLN01A0243_001
ForkPoolWorker-1: Calling delphi to calculate conformer GLN01A0243_002 in /tmp/pbe_data.data.home.granepura.5-kinases.cof_tpl_mg.run_prot2.4lmn_GLN01A0243_002
ForkPoolWorker-1: Calling delphi to calculate conformer SER01A0244_001 in /tmp/pbe_data.data.home.granepura.5-kinases.cof_tpl_mg.run_prot2.4lmn_SER01A0244_001
ForkPoolWorker-1: Calling delphi to calculate conformer SER01A0244_002 in /tmp/pbe_data.data.home.granepura.5-kinases.cof_tpl_mg.run_prot2.4lmn_SER01A0244_002
ForkPoolWorker-1: Calling delphi to calculate conformer ASP01A0245_001 in /tmp/pbe_data.data.home.granepura.5-kinases.cof_tpl_mg.run_prot2.4lmn_ASP01A0245_001
ForkPoolWorker-1: Calling delphi to calculate conformer ASP01A0245_002 in /tmp/pbe_data.data.home.granepura.5-kinases.cof_tpl_mg.run_prot2.4lmn_ASP01A0245_002
ForkPoolWorker-1: Calling delphi to calculate conformer ASP02A0245_003 in /tmp/pbe_data.data.home.granepura.5-kinases.cof_tpl_mg.run_prot2.4lmn_ASP02A0245_003
ForkPoolWorker-1: Calling delphi to calculate conformer ASP02A0245_004 in /tmp/pbe_data.data.home.granepura.5-kinases.cof_tpl_mg.run_prot2.4lmn_ASP02A0245_004
ForkPoolWorker-1: Calling delphi to calculate conformer ASP-1A0245_005 in /tmp/pbe_data.data.home.granepura.5-kinases.cof_tpl_mg.run_prot2.4lmn_ASP-1A0245_005
Skipping PBE solver for non-charge conformer ILE01A0246_001...
Skipping PBE solver for non-charge conformer TRP01A0247_001...
ForkPoolWorker-1: Calling delphi to calculate conformer SER01A0248_001 in /tmp/pbe_data.data.home.granepura.5-kinases.cof_tpl_mg.run_prot2.4lmn_SER01A0248_001
ForkPoolWorker-1: Calling delphi to calculate conformer SER01A0248_002 in /tmp/pbe_data.data.home.granepura.5-kinases.cof_tpl_mg.run_prot2.4lmn_SER01A0248_002
ForkPoolWorker-1: Calling delphi to calculate conformer MET01A0249_001 in /tmp/pbe_data.data.home.granepura.5-kinases.cof_tpl_mg.run_prot2.4lmn_MET01A0249_001
Skipping PBE solver for non-charge conformer LEU01A0251_001...
ForkPoolWorker-1: Calling delphi to calculate conformer SER01A0252_001 in /tmp/pbe_data.data.home.granepura.5-kinases.cof_tpl_mg.run_prot2.4lmn_SER01A0252_001
ForkPoolWorker-1: Calling delphi to calculate conformer SER01A0252_002 in /tmp/pbe_data.data.home.granepura.5-kinases.cof_tpl_mg.run_prot2.4lmn_SER01A0252_002
ForkPoolWorker-1: Calling delphi to calculate conformer SER01A0252_003 in /tmp/pbe_data.data.home.granepura.5-kinases.cof_tpl_mg.run_prot2.4lmn_SER01A0252_003
Skipping PBE solver for non-charge conformer LEU01A0253_001...
Skipping PBE solver for non-charge conformer VAL01A0254_001...
ForkPoolWorker-1: Calling delphi to calculate conformer GLU01A0255_001 in /tmp/pbe_data.data.home.granepura.5-kinases.cof_tpl_mg.run_prot2.4lmn_GLU01A0255_001
ForkPoolWorker-1: Calling delphi to calculate conformer GLU01A0255_002 in /tmp/pbe_data.data.home.granepura.5-kinases.cof_tpl_mg.run_prot2.4lmn_GLU01A0255_002
ForkPoolWorker-1: Calling delphi to calculate conformer GLU02A0255_003 in /tmp/pbe_data.data.home.granepura.5-kinases.cof_tpl_mg.run_prot2.4lmn_GLU02A0255_003
ForkPoolWorker-1: Calling delphi to calculate conformer GLU02A0255_004 in /tmp/pbe_data.data.home.granepura.5-kinases.cof_tpl_mg.run_prot2.4lmn_GLU02A0255_004
ForkPoolWorker-1: Calling delphi to calculate conformer GLU-1A0255_005 in /tmp/pbe_data.data.home.granepura.5-kinases.cof_tpl_mg.run_prot2.4lmn_GLU-1A0255_005
ForkPoolWorker-1: Calling delphi to calculate conformer MET01A0256_001 in /tmp/pbe_data.data.home.granepura.5-kinases.cof_tpl_mg.run_prot2.4lmn_MET01A0256_001
Skipping PBE solver for non-charge conformer ALA01A0257_001...
Skipping PBE solver for non-charge conformer VAL01A0258_001...
ForkPoolWorker-1: Calling delphi to calculate conformer ARG01A0260_001 in /tmp/pbe_data.data.home.granepura.5-kinases.cof_tpl_mg.run_prot2.4lmn_ARG01A0260_001
ForkPoolWorker-1: Calling delphi to calculate conformer ARG02A0260_002 in /tmp/pbe_data.data.home.granepura.5-kinases.cof_tpl_mg.run_prot2.4lmn_ARG02A0260_002
ForkPoolWorker-1: Calling delphi to calculate conformer ARG03A0260_003 in /tmp/pbe_data.data.home.granepura.5-kinases.cof_tpl_mg.run_prot2.4lmn_ARG03A0260_003
ForkPoolWorker-1: Calling delphi to calculate conformer ARG+1A0260_004 in /tmp/pbe_data.data.home.granepura.5-kinases.cof_tpl_mg.run_prot2.4lmn_ARG+1A0260_004
ForkPoolWorker-1: Calling delphi to calculate conformer TYR01A0261_001 in /tmp/pbe_data.data.home.granepura.5-kinases.cof_tpl_mg.run_prot2.4lmn_TYR01A0261_001
ForkPoolWorker-1: Calling delphi to calculate conformer TYR01A0261_002 in /tmp/pbe_data.data.home.granepura.5-kinases.cof_tpl_mg.run_prot2.4lmn_TYR01A0261_002
ForkPoolWorker-1: Calling delphi to calculate conformer TYR-1A0261_003 in /tmp/pbe_data.data.home.granepura.5-kinases.cof_tpl_mg.run_prot2.4lmn_TYR-1A0261_003
Skipping PBE solver for non-charge conformer PRO01A0262_001...
Skipping PBE solver for non-charge conformer ILE01A0263_001...
Skipping PBE solver for non-charge conformer PRO01A0264_001...
Skipping PBE solver for non-charge conformer PRO01A0265_001...
Skipping PBE solver for non-charge conformer PRO01A0266_001...
ForkPoolWorker-1: Calling delphi to calculate conformer ASP01A0267_001 in /tmp/pbe_data.data.home.granepura.5-kinases.cof_tpl_mg.run_prot2.4lmn_ASP01A0267_001
ForkPoolWorker-1: Calling delphi to calculate conformer ASP01A0267_002 in /tmp/pbe_data.data.home.granepura.5-kinases.cof_tpl_mg.run_prot2.4lmn_ASP01A0267_002
ForkPoolWorker-1: Calling delphi to calculate conformer ASP02A0267_003 in /tmp/pbe_data.data.home.granepura.5-kinases.cof_tpl_mg.run_prot2.4lmn_ASP02A0267_003
ForkPoolWorker-1: Calling delphi to calculate conformer ASP02A0267_004 in /tmp/pbe_data.data.home.granepura.5-kinases.cof_tpl_mg.run_prot2.4lmn_ASP02A0267_004
ForkPoolWorker-1: Calling delphi to calculate conformer ASP-1A0267_005 in /tmp/pbe_data.data.home.granepura.5-kinases.cof_tpl_mg.run_prot2.4lmn_ASP-1A0267_005
Skipping PBE solver for non-charge conformer ALA01A0268_001...
ForkPoolWorker-1: Calling delphi to calculate conformer LYS01A0269_001 in /tmp/pbe_data.data.home.granepura.5-kinases.cof_tpl_mg.run_prot2.4lmn_LYS01A0269_001
ForkPoolWorker-1: Calling delphi to calculate conformer LYS+1A0269_002 in /tmp/pbe_data.data.home.granepura.5-kinases.cof_tpl_mg.run_prot2.4lmn_LYS+1A0269_002
ForkPoolWorker-1: Calling delphi to calculate conformer GLU01A0270_001 in /tmp/pbe_data.data.home.granepura.5-kinases.cof_tpl_mg.run_prot2.4lmn_GLU01A0270_001
ForkPoolWorker-1: Calling delphi to calculate conformer GLU01A0270_002 in /tmp/pbe_data.data.home.granepura.5-kinases.cof_tpl_mg.run_prot2.4lmn_GLU01A0270_002
ForkPoolWorker-1: Calling delphi to calculate conformer GLU02A0270_003 in /tmp/pbe_data.data.home.granepura.5-kinases.cof_tpl_mg.run_prot2.4lmn_GLU02A0270_003
ForkPoolWorker-1: Calling delphi to calculate conformer GLU02A0270_004 in /tmp/pbe_data.data.home.granepura.5-kinases.cof_tpl_mg.run_prot2.4lmn_GLU02A0270_004
ForkPoolWorker-1: Calling delphi to calculate conformer GLU-1A0270_005 in /tmp/pbe_data.data.home.granepura.5-kinases.cof_tpl_mg.run_prot2.4lmn_GLU-1A0270_005
Skipping PBE solver for non-charge conformer LEU01A0271_001...
ForkPoolWorker-1: Calling delphi to calculate conformer GLU01A0272_001 in /tmp/pbe_data.data.home.granepura.5-kinases.cof_tpl_mg.run_prot2.4lmn_GLU01A0272_001
ForkPoolWorker-1: Calling delphi to calculate conformer GLU01A0272_002 in /tmp/pbe_data.data.home.granepura.5-kinases.cof_tpl_mg.run_prot2.4lmn_GLU01A0272_002
ForkPoolWorker-1: Calling delphi to calculate conformer GLU02A0272_003 in /tmp/pbe_data.data.home.granepura.5-kinases.cof_tpl_mg.run_prot2.4lmn_GLU02A0272_003
ForkPoolWorker-1: Calling delphi to calculate conformer GLU02A0272_004 in /tmp/pbe_data.data.home.granepura.5-kinases.cof_tpl_mg.run_prot2.4lmn_GLU02A0272_004
ForkPoolWorker-1: Calling delphi to calculate conformer GLU-1A0272_005 in /tmp/pbe_data.data.home.granepura.5-kinases.cof_tpl_mg.run_prot2.4lmn_GLU-1A0272_005
Skipping PBE solver for non-charge conformer LEU01A0273_001...
ForkPoolWorker-1: Calling delphi to calculate conformer MET01A0274_001 in /tmp/pbe_data.data.home.granepura.5-kinases.cof_tpl_mg.run_prot2.4lmn_MET01A0274_001
Skipping PBE solver for non-charge conformer PHE01A0275_001...
Skipping PBE solver for non-charge conformer PRO01A0306_001...
Skipping PBE solver for non-charge conformer PRO01A0307_001...
ForkPoolWorker-1: Calling delphi to calculate conformer MET01A0308_001 in /tmp/pbe_data.data.home.granepura.5-kinases.cof_tpl_mg.run_prot2.4lmn_MET01A0308_001
Skipping PBE solver for non-charge conformer ALA01A0309_001...
Skipping PBE solver for non-charge conformer ILE01A0310_001...
Skipping PBE solver for non-charge conformer PHE01A0311_001...
ForkPoolWorker-1: Calling delphi to calculate conformer GLU01A0312_001 in /tmp/pbe_data.data.home.granepura.5-kinases.cof_tpl_mg.run_prot2.4lmn_GLU01A0312_001
ForkPoolWorker-1: Calling delphi to calculate conformer GLU01A0312_002 in /tmp/pbe_data.data.home.granepura.5-kinases.cof_tpl_mg.run_prot2.4lmn_GLU01A0312_002
ForkPoolWorker-1: Calling delphi to calculate conformer GLU02A0312_003 in /tmp/pbe_data.data.home.granepura.5-kinases.cof_tpl_mg.run_prot2.4lmn_GLU02A0312_003
ForkPoolWorker-1: Calling delphi to calculate conformer GLU02A0312_004 in /tmp/pbe_data.data.home.granepura.5-kinases.cof_tpl_mg.run_prot2.4lmn_GLU02A0312_004
ForkPoolWorker-1: Calling delphi to calculate conformer GLU-1A0312_005 in /tmp/pbe_data.data.home.granepura.5-kinases.cof_tpl_mg.run_prot2.4lmn_GLU-1A0312_005
Skipping PBE solver for non-charge conformer LEU01A0313_001...
Skipping PBE solver for non-charge conformer LEU01A0314_001...
ForkPoolWorker-1: Calling delphi to calculate conformer ASP01A0315_001 in /tmp/pbe_data.data.home.granepura.5-kinases.cof_tpl_mg.run_prot2.4lmn_ASP01A0315_001
ForkPoolWorker-1: Calling delphi to calculate conformer ASP01A0315_002 in /tmp/pbe_data.data.home.granepura.5-kinases.cof_tpl_mg.run_prot2.4lmn_ASP01A0315_002
ForkPoolWorker-1: Calling delphi to calculate conformer ASP02A0315_003 in /tmp/pbe_data.data.home.granepura.5-kinases.cof_tpl_mg.run_prot2.4lmn_ASP02A0315_003
ForkPoolWorker-1: Calling delphi to calculate conformer ASP02A0315_004 in /tmp/pbe_data.data.home.granepura.5-kinases.cof_tpl_mg.run_prot2.4lmn_ASP02A0315_004
ForkPoolWorker-1: Calling delphi to calculate conformer ASP-1A0315_005 in /tmp/pbe_data.data.home.granepura.5-kinases.cof_tpl_mg.run_prot2.4lmn_ASP-1A0315_005
ForkPoolWorker-1: Calling delphi to calculate conformer TYR01A0316_001 in /tmp/pbe_data.data.home.granepura.5-kinases.cof_tpl_mg.run_prot2.4lmn_TYR01A0316_001
ForkPoolWorker-1: Calling delphi to calculate conformer TYR-1A0316_002 in /tmp/pbe_data.data.home.granepura.5-kinases.cof_tpl_mg.run_prot2.4lmn_TYR-1A0316_002
Skipping PBE solver for non-charge conformer ILE01A0317_001...
Skipping PBE solver for non-charge conformer VAL01A0318_001...
ForkPoolWorker-1: Calling delphi to calculate conformer ASN01A0319_001 in /tmp/pbe_data.data.home.granepura.5-kinases.cof_tpl_mg.run_prot2.4lmn_ASN01A0319_001
ForkPoolWorker-1: Calling delphi to calculate conformer ASN01A0319_002 in /tmp/pbe_data.data.home.granepura.5-kinases.cof_tpl_mg.run_prot2.4lmn_ASN01A0319_002
ForkPoolWorker-1: Calling delphi to calculate conformer GLU01A0320_001 in /tmp/pbe_data.data.home.granepura.5-kinases.cof_tpl_mg.run_prot2.4lmn_GLU01A0320_001
ForkPoolWorker-1: Calling delphi to calculate conformer GLU01A0320_002 in /tmp/pbe_data.data.home.granepura.5-kinases.cof_tpl_mg.run_prot2.4lmn_GLU01A0320_002
ForkPoolWorker-1: Calling delphi to calculate conformer GLU02A0320_003 in /tmp/pbe_data.data.home.granepura.5-kinases.cof_tpl_mg.run_prot2.4lmn_GLU02A0320_003
ForkPoolWorker-1: Calling delphi to calculate conformer GLU02A0320_004 in /tmp/pbe_data.data.home.granepura.5-kinases.cof_tpl_mg.run_prot2.4lmn_GLU02A0320_004
ForkPoolWorker-1: Calling delphi to calculate conformer GLU-1A0320_005 in /tmp/pbe_data.data.home.granepura.5-kinases.cof_tpl_mg.run_prot2.4lmn_GLU-1A0320_005
Skipping PBE solver for non-charge conformer PRO01A0321_001...
Skipping PBE solver for non-charge conformer PRO01A0322_001...
Skipping PBE solver for non-charge conformer PRO01A0323_001...
ForkPoolWorker-1: Calling delphi to calculate conformer LYS01A0324_001 in /tmp/pbe_data.data.home.granepura.5-kinases.cof_tpl_mg.run_prot2.4lmn_LYS01A0324_001
ForkPoolWorker-1: Calling delphi to calculate conformer LYS+1A0324_002 in /tmp/pbe_data.data.home.granepura.5-kinases.cof_tpl_mg.run_prot2.4lmn_LYS+1A0324_002
Skipping PBE solver for non-charge conformer LEU01A0325_001...
Skipping PBE solver for non-charge conformer PRO01A0326_001...
ForkPoolWorker-1: Calling delphi to calculate conformer SER01A0327_001 in /tmp/pbe_data.data.home.granepura.5-kinases.cof_tpl_mg.run_prot2.4lmn_SER01A0327_001
Skipping PBE solver for non-charge conformer VAL01A0329_001...
Skipping PBE solver for non-charge conformer PHE01A0330_001...
ForkPoolWorker-1: Calling delphi to calculate conformer SER01A0331_001 in /tmp/pbe_data.data.home.granepura.5-kinases.cof_tpl_mg.run_prot2.4lmn_SER01A0331_001
ForkPoolWorker-1: Calling delphi to calculate conformer SER01A0331_002 in /tmp/pbe_data.data.home.granepura.5-kinases.cof_tpl_mg.run_prot2.4lmn_SER01A0331_002
ForkPoolWorker-1: Calling delphi to calculate conformer SER01A0331_003 in /tmp/pbe_data.data.home.granepura.5-kinases.cof_tpl_mg.run_prot2.4lmn_SER01A0331_003
ForkPoolWorker-1: Calling delphi to calculate conformer SER01A0331_004 in /tmp/pbe_data.data.home.granepura.5-kinases.cof_tpl_mg.run_prot2.4lmn_SER01A0331_004
ForkPoolWorker-1: Calling delphi to calculate conformer SER01A0331_005 in /tmp/pbe_data.data.home.granepura.5-kinases.cof_tpl_mg.run_prot2.4lmn_SER01A0331_005
ForkPoolWorker-1: Calling delphi to calculate conformer SER01A0331_006 in /tmp/pbe_data.data.home.granepura.5-kinases.cof_tpl_mg.run_prot2.4lmn_SER01A0331_006
ForkPoolWorker-1: Calling delphi to calculate conformer SER01A0331_007 in /tmp/pbe_data.data.home.granepura.5-kinases.cof_tpl_mg.run_prot2.4lmn_SER01A0331_007
ForkPoolWorker-1: Calling delphi to calculate conformer SER01A0331_008 in /tmp/pbe_data.data.home.granepura.5-kinases.cof_tpl_mg.run_prot2.4lmn_SER01A0331_008
ForkPoolWorker-1: Calling delphi to calculate conformer SER01A0331_009 in /tmp/pbe_data.data.home.granepura.5-kinases.cof_tpl_mg.run_prot2.4lmn_SER01A0331_009
Skipping PBE solver for non-charge conformer LEU01A0332_001...
ForkPoolWorker-1: Calling delphi to calculate conformer GLU01A0333_001 in /tmp/pbe_data.data.home.granepura.5-kinases.cof_tpl_mg.run_prot2.4lmn_GLU01A0333_001
ForkPoolWorker-1: Calling delphi to calculate conformer GLU01A0333_002 in /tmp/pbe_data.data.home.granepura.5-kinases.cof_tpl_mg.run_prot2.4lmn_GLU01A0333_002
ForkPoolWorker-1: Calling delphi to calculate conformer GLU02A0333_003 in /tmp/pbe_data.data.home.granepura.5-kinases.cof_tpl_mg.run_prot2.4lmn_GLU02A0333_003
ForkPoolWorker-1: Calling delphi to calculate conformer GLU02A0333_004 in /tmp/pbe_data.data.home.granepura.5-kinases.cof_tpl_mg.run_prot2.4lmn_GLU02A0333_004
ForkPoolWorker-1: Calling delphi to calculate conformer GLU-1A0333_005 in /tmp/pbe_data.data.home.granepura.5-kinases.cof_tpl_mg.run_prot2.4lmn_GLU-1A0333_005
Skipping PBE solver for non-charge conformer PHE01A0334_001...
ForkPoolWorker-1: Calling delphi to calculate conformer GLN01A0335_001 in /tmp/pbe_data.data.home.granepura.5-kinases.cof_tpl_mg.run_prot2.4lmn_GLN01A0335_001
ForkPoolWorker-1: Calling delphi to calculate conformer GLN01A0335_002 in /tmp/pbe_data.data.home.granepura.5-kinases.cof_tpl_mg.run_prot2.4lmn_GLN01A0335_002
ForkPoolWorker-1: Calling delphi to calculate conformer ASP01A0336_001 in /tmp/pbe_data.data.home.granepura.5-kinases.cof_tpl_mg.run_prot2.4lmn_ASP01A0336_001
ForkPoolWorker-1: Calling delphi to calculate conformer ASP01A0336_002 in /tmp/pbe_data.data.home.granepura.5-kinases.cof_tpl_mg.run_prot2.4lmn_ASP01A0336_002
ForkPoolWorker-1: Calling delphi to calculate conformer ASP02A0336_003 in /tmp/pbe_data.data.home.granepura.5-kinases.cof_tpl_mg.run_prot2.4lmn_ASP02A0336_003
ForkPoolWorker-1: Calling delphi to calculate conformer ASP02A0336_004 in /tmp/pbe_data.data.home.granepura.5-kinases.cof_tpl_mg.run_prot2.4lmn_ASP02A0336_004
ForkPoolWorker-1: Calling delphi to calculate conformer ASP02A0336_005 in /tmp/pbe_data.data.home.granepura.5-kinases.cof_tpl_mg.run_prot2.4lmn_ASP02A0336_005
ForkPoolWorker-1: Calling delphi to calculate conformer ASP-1A0336_006 in /tmp/pbe_data.data.home.granepura.5-kinases.cof_tpl_mg.run_prot2.4lmn_ASP-1A0336_006
Skipping PBE solver for non-charge conformer PHE01A0337_001...
Skipping PBE solver for non-charge conformer VAL01A0338_001...
ForkPoolWorker-1: Calling delphi to calculate conformer ASN01A0339_001 in /tmp/pbe_data.data.home.granepura.5-kinases.cof_tpl_mg.run_prot2.4lmn_ASN01A0339_001
ForkPoolWorker-1: Calling delphi to calculate conformer ASN01A0339_002 in /tmp/pbe_data.data.home.granepura.5-kinases.cof_tpl_mg.run_prot2.4lmn_ASN01A0339_002
ForkPoolWorker-1: Calling delphi to calculate conformer LYS01A0340_001 in /tmp/pbe_data.data.home.granepura.5-kinases.cof_tpl_mg.run_prot2.4lmn_LYS01A0340_001
ForkPoolWorker-1: Calling delphi to calculate conformer LYS+1A0340_002 in /tmp/pbe_data.data.home.granepura.5-kinases.cof_tpl_mg.run_prot2.4lmn_LYS+1A0340_002
ForkPoolWorker-1: Calling delphi to calculate conformer CYS01A0341_001 in /tmp/pbe_data.data.home.granepura.5-kinases.cof_tpl_mg.run_prot2.4lmn_CYS01A0341_001
ForkPoolWorker-1: Calling delphi to calculate conformer CYS01A0341_002 in /tmp/pbe_data.data.home.granepura.5-kinases.cof_tpl_mg.run_prot2.4lmn_CYS01A0341_002
ForkPoolWorker-1: Calling delphi to calculate conformer CYS01A0341_003 in /tmp/pbe_data.data.home.granepura.5-kinases.cof_tpl_mg.run_prot2.4lmn_CYS01A0341_003
ForkPoolWorker-1: Calling delphi to calculate conformer CYS-1A0341_004 in /tmp/pbe_data.data.home.granepura.5-kinases.cof_tpl_mg.run_prot2.4lmn_CYS-1A0341_004
Skipping PBE solver for non-charge conformer LEU01A0342_001...
Skipping PBE solver for non-charge conformer ILE01A0343_001...
ForkPoolWorker-1: Calling delphi to calculate conformer LYS01A0344_001 in /tmp/pbe_data.data.home.granepura.5-kinases.cof_tpl_mg.run_prot2.4lmn_LYS01A0344_001
ForkPoolWorker-1: Calling delphi to calculate conformer LYS+1A0344_002 in /tmp/pbe_data.data.home.granepura.5-kinases.cof_tpl_mg.run_prot2.4lmn_LYS+1A0344_002
ForkPoolWorker-1: Calling delphi to calculate conformer ASN01A0345_001 in /tmp/pbe_data.data.home.granepura.5-kinases.cof_tpl_mg.run_prot2.4lmn_ASN01A0345_001
ForkPoolWorker-1: Calling delphi to calculate conformer ASN01A0345_002 in /tmp/pbe_data.data.home.granepura.5-kinases.cof_tpl_mg.run_prot2.4lmn_ASN01A0345_002
Skipping PBE solver for non-charge conformer PRO01A0346_001...
Skipping PBE solver for non-charge conformer ALA01A0347_001...
ForkPoolWorker-1: Calling delphi to calculate conformer GLU01A0348_001 in /tmp/pbe_data.data.home.granepura.5-kinases.cof_tpl_mg.run_prot2.4lmn_GLU01A0348_001
ForkPoolWorker-1: Calling delphi to calculate conformer GLU01A0348_002 in /tmp/pbe_data.data.home.granepura.5-kinases.cof_tpl_mg.run_prot2.4lmn_GLU01A0348_002
ForkPoolWorker-1: Calling delphi to calculate conformer GLU02A0348_003 in /tmp/pbe_data.data.home.granepura.5-kinases.cof_tpl_mg.run_prot2.4lmn_GLU02A0348_003
ForkPoolWorker-1: Calling delphi to calculate conformer GLU02A0348_004 in /tmp/pbe_data.data.home.granepura.5-kinases.cof_tpl_mg.run_prot2.4lmn_GLU02A0348_004
ForkPoolWorker-1: Calling delphi to calculate conformer GLU-1A0348_005 in /tmp/pbe_data.data.home.granepura.5-kinases.cof_tpl_mg.run_prot2.4lmn_GLU-1A0348_005
ForkPoolWorker-1: Calling delphi to calculate conformer ARG01A0349_001 in /tmp/pbe_data.data.home.granepura.5-kinases.cof_tpl_mg.run_prot2.4lmn_ARG01A0349_001
ForkPoolWorker-1: Calling delphi to calculate conformer ARG02A0349_002 in /tmp/pbe_data.data.home.granepura.5-kinases.cof_tpl_mg.run_prot2.4lmn_ARG02A0349_002
ForkPoolWorker-1: Calling delphi to calculate conformer ARG02A0349_003 in /tmp/pbe_data.data.home.granepura.5-kinases.cof_tpl_mg.run_prot2.4lmn_ARG02A0349_003
ForkPoolWorker-1: Calling delphi to calculate conformer ARG03A0349_004 in /tmp/pbe_data.data.home.granepura.5-kinases.cof_tpl_mg.run_prot2.4lmn_ARG03A0349_004
ForkPoolWorker-1: Calling delphi to calculate conformer ARG03A0349_005 in /tmp/pbe_data.data.home.granepura.5-kinases.cof_tpl_mg.run_prot2.4lmn_ARG03A0349_005
ForkPoolWorker-1: Calling delphi to calculate conformer ARG+1A0349_006 in /tmp/pbe_data.data.home.granepura.5-kinases.cof_tpl_mg.run_prot2.4lmn_ARG+1A0349_006
Skipping PBE solver for non-charge conformer ALA01A0350_001...
ForkPoolWorker-1: Calling delphi to calculate conformer ASP01A0351_001 in /tmp/pbe_data.data.home.granepura.5-kinases.cof_tpl_mg.run_prot2.4lmn_ASP01A0351_001
ForkPoolWorker-1: Calling delphi to calculate conformer ASP01A0351_002 in /tmp/pbe_data.data.home.granepura.5-kinases.cof_tpl_mg.run_prot2.4lmn_ASP01A0351_002
ForkPoolWorker-1: Calling delphi to calculate conformer ASP02A0351_003 in /tmp/pbe_data.data.home.granepura.5-kinases.cof_tpl_mg.run_prot2.4lmn_ASP02A0351_003
ForkPoolWorker-1: Calling delphi to calculate conformer ASP02A0351_004 in /tmp/pbe_data.data.home.granepura.5-kinases.cof_tpl_mg.run_prot2.4lmn_ASP02A0351_004
ForkPoolWorker-1: Calling delphi to calculate conformer ASP-1A0351_005 in /tmp/pbe_data.data.home.granepura.5-kinases.cof_tpl_mg.run_prot2.4lmn_ASP-1A0351_005
Skipping PBE solver for non-charge conformer LEU01A0352_001...
ForkPoolWorker-1: Calling delphi to calculate conformer LYS01A0353_001 in /tmp/pbe_data.data.home.granepura.5-kinases.cof_tpl_mg.run_prot2.4lmn_LYS01A0353_001
ForkPoolWorker-1: Calling delphi to calculate conformer LYS+1A0353_002 in /tmp/pbe_data.data.home.granepura.5-kinases.cof_tpl_mg.run_prot2.4lmn_LYS+1A0353_002
ForkPoolWorker-1: Calling delphi to calculate conformer GLN01A0354_001 in /tmp/pbe_data.data.home.granepura.5-kinases.cof_tpl_mg.run_prot2.4lmn_GLN01A0354_001
ForkPoolWorker-1: Calling delphi to calculate conformer GLN01A0354_002 in /tmp/pbe_data.data.home.granepura.5-kinases.cof_tpl_mg.run_prot2.4lmn_GLN01A0354_002
Skipping PBE solver for non-charge conformer LEU01A0355_001...
ForkPoolWorker-1: Calling delphi to calculate conformer MET01A0356_001 in /tmp/pbe_data.data.home.granepura.5-kinases.cof_tpl_mg.run_prot2.4lmn_MET01A0356_001
Skipping PBE solver for non-charge conformer VAL01A0357_001...
ForkPoolWorker-1: Calling delphi to calculate conformer HIS01A0358_001 in /tmp/pbe_data.data.home.granepura.5-kinases.cof_tpl_mg.run_prot2.4lmn_HIS01A0358_001
ForkPoolWorker-1: Calling delphi to calculate conformer HIS02A0358_002 in /tmp/pbe_data.data.home.granepura.5-kinases.cof_tpl_mg.run_prot2.4lmn_HIS02A0358_002
ForkPoolWorker-1: Calling delphi to calculate conformer HIS+1A0358_003 in /tmp/pbe_data.data.home.granepura.5-kinases.cof_tpl_mg.run_prot2.4lmn_HIS+1A0358_003
Skipping PBE solver for non-charge conformer ALA01A0359_001...
Skipping PBE solver for non-charge conformer PHE01A0360_001...
Skipping PBE solver for non-charge conformer ILE01A0361_001...
ForkPoolWorker-1: Calling delphi to calculate conformer LYS01A0362_001 in /tmp/pbe_data.data.home.granepura.5-kinases.cof_tpl_mg.run_prot2.4lmn_LYS01A0362_001
ForkPoolWorker-1: Calling delphi to calculate conformer LYS+1A0362_002 in /tmp/pbe_data.data.home.granepura.5-kinases.cof_tpl_mg.run_prot2.4lmn_LYS+1A0362_002
ForkPoolWorker-1: Calling delphi to calculate conformer ARG01A0363_001 in /tmp/pbe_data.data.home.granepura.5-kinases.cof_tpl_mg.run_prot2.4lmn_ARG01A0363_001
ForkPoolWorker-1: Calling delphi to calculate conformer ARG01A0363_002 in /tmp/pbe_data.data.home.granepura.5-kinases.cof_tpl_mg.run_prot2.4lmn_ARG01A0363_002
ForkPoolWorker-1: Calling delphi to calculate conformer ARG02A0363_003 in /tmp/pbe_data.data.home.granepura.5-kinases.cof_tpl_mg.run_prot2.4lmn_ARG02A0363_003
ForkPoolWorker-1: Calling delphi to calculate conformer ARG02A0363_004 in /tmp/pbe_data.data.home.granepura.5-kinases.cof_tpl_mg.run_prot2.4lmn_ARG02A0363_004
ForkPoolWorker-1: Calling delphi to calculate conformer ARG02A0363_005 in /tmp/pbe_data.data.home.granepura.5-kinases.cof_tpl_mg.run_prot2.4lmn_ARG02A0363_005
ForkPoolWorker-1: Calling delphi to calculate conformer ARG02A0363_006 in /tmp/pbe_data.data.home.granepura.5-kinases.cof_tpl_mg.run_prot2.4lmn_ARG02A0363_006
ForkPoolWorker-1: Calling delphi to calculate conformer ARG03A0363_007 in /tmp/pbe_data.data.home.granepura.5-kinases.cof_tpl_mg.run_prot2.4lmn_ARG03A0363_007
ForkPoolWorker-1: Calling delphi to calculate conformer ARG03A0363_008 in /tmp/pbe_data.data.home.granepura.5-kinases.cof_tpl_mg.run_prot2.4lmn_ARG03A0363_008
ForkPoolWorker-1: Calling delphi to calculate conformer ARG03A0363_009 in /tmp/pbe_data.data.home.granepura.5-kinases.cof_tpl_mg.run_prot2.4lmn_ARG03A0363_009
ForkPoolWorker-1: Calling delphi to calculate conformer ARG03A0363_010 in /tmp/pbe_data.data.home.granepura.5-kinases.cof_tpl_mg.run_prot2.4lmn_ARG03A0363_010
ForkPoolWorker-1: Calling delphi to calculate conformer ARG+1A0363_011 in /tmp/pbe_data.data.home.granepura.5-kinases.cof_tpl_mg.run_prot2.4lmn_ARG+1A0363_011
ForkPoolWorker-1: Calling delphi to calculate conformer ARG+1A0363_012 in /tmp/pbe_data.data.home.granepura.5-kinases.cof_tpl_mg.run_prot2.4lmn_ARG+1A0363_012
ForkPoolWorker-1: Calling delphi to calculate conformer SER01A0364_001 in /tmp/pbe_data.data.home.granepura.5-kinases.cof_tpl_mg.run_prot2.4lmn_SER01A0364_001
ForkPoolWorker-1: Calling delphi to calculate conformer SER01A0364_002 in /tmp/pbe_data.data.home.granepura.5-kinases.cof_tpl_mg.run_prot2.4lmn_SER01A0364_002
ForkPoolWorker-1: Calling delphi to calculate conformer SER01A0364_003 in /tmp/pbe_data.data.home.granepura.5-kinases.cof_tpl_mg.run_prot2.4lmn_SER01A0364_003
ForkPoolWorker-1: Calling delphi to calculate conformer ASP01A0365_001 in /tmp/pbe_data.data.home.granepura.5-kinases.cof_tpl_mg.run_prot2.4lmn_ASP01A0365_001
ForkPoolWorker-1: Calling delphi to calculate conformer ASP01A0365_002 in /tmp/pbe_data.data.home.granepura.5-kinases.cof_tpl_mg.run_prot2.4lmn_ASP01A0365_002
ForkPoolWorker-1: Calling delphi to calculate conformer ASP02A0365_003 in /tmp/pbe_data.data.home.granepura.5-kinases.cof_tpl_mg.run_prot2.4lmn_ASP02A0365_003
ForkPoolWorker-1: Calling delphi to calculate conformer ASP02A0365_004 in /tmp/pbe_data.data.home.granepura.5-kinases.cof_tpl_mg.run_prot2.4lmn_ASP02A0365_004
ForkPoolWorker-1: Calling delphi to calculate conformer ASP-1A0365_005 in /tmp/pbe_data.data.home.granepura.5-kinases.cof_tpl_mg.run_prot2.4lmn_ASP-1A0365_005
Skipping PBE solver for non-charge conformer ALA01A0366_001...
ForkPoolWorker-1: Calling delphi to calculate conformer GLU01A0367_001 in /tmp/pbe_data.data.home.granepura.5-kinases.cof_tpl_mg.run_prot2.4lmn_GLU01A0367_001
ForkPoolWorker-1: Calling delphi to calculate conformer GLU01A0367_002 in /tmp/pbe_data.data.home.granepura.5-kinases.cof_tpl_mg.run_prot2.4lmn_GLU01A0367_002
ForkPoolWorker-1: Calling delphi to calculate conformer GLU02A0367_003 in /tmp/pbe_data.data.home.granepura.5-kinases.cof_tpl_mg.run_prot2.4lmn_GLU02A0367_003
ForkPoolWorker-1: Calling delphi to calculate conformer GLU02A0367_004 in /tmp/pbe_data.data.home.granepura.5-kinases.cof_tpl_mg.run_prot2.4lmn_GLU02A0367_004
ForkPoolWorker-1: Calling delphi to calculate conformer GLU-1A0367_005 in /tmp/pbe_data.data.home.granepura.5-kinases.cof_tpl_mg.run_prot2.4lmn_GLU-1A0367_005
ForkPoolWorker-1: Calling delphi to calculate conformer GLU01A0368_001 in /tmp/pbe_data.data.home.granepura.5-kinases.cof_tpl_mg.run_prot2.4lmn_GLU01A0368_001
ForkPoolWorker-1: Calling delphi to calculate conformer GLU01A0368_002 in /tmp/pbe_data.data.home.granepura.5-kinases.cof_tpl_mg.run_prot2.4lmn_GLU01A0368_002
ForkPoolWorker-1: Calling delphi to calculate conformer GLU02A0368_003 in /tmp/pbe_data.data.home.granepura.5-kinases.cof_tpl_mg.run_prot2.4lmn_GLU02A0368_003
ForkPoolWorker-1: Calling delphi to calculate conformer GLU02A0368_004 in /tmp/pbe_data.data.home.granepura.5-kinases.cof_tpl_mg.run_prot2.4lmn_GLU02A0368_004
ForkPoolWorker-1: Calling delphi to calculate conformer GLU-1A0368_005 in /tmp/pbe_data.data.home.granepura.5-kinases.cof_tpl_mg.run_prot2.4lmn_GLU-1A0368_005
Skipping PBE solver for non-charge conformer VAL01A0369_001...
ForkPoolWorker-1: Calling delphi to calculate conformer ASP01A0370_001 in /tmp/pbe_data.data.home.granepura.5-kinases.cof_tpl_mg.run_prot2.4lmn_ASP01A0370_001
ForkPoolWorker-1: Calling delphi to calculate conformer ASP01A0370_002 in /tmp/pbe_data.data.home.granepura.5-kinases.cof_tpl_mg.run_prot2.4lmn_ASP01A0370_002
ForkPoolWorker-1: Calling delphi to calculate conformer ASP02A0370_003 in /tmp/pbe_data.data.home.granepura.5-kinases.cof_tpl_mg.run_prot2.4lmn_ASP02A0370_003
ForkPoolWorker-1: Calling delphi to calculate conformer ASP02A0370_004 in /tmp/pbe_data.data.home.granepura.5-kinases.cof_tpl_mg.run_prot2.4lmn_ASP02A0370_004
ForkPoolWorker-1: Calling delphi to calculate conformer ASP-1A0370_005 in /tmp/pbe_data.data.home.granepura.5-kinases.cof_tpl_mg.run_prot2.4lmn_ASP-1A0370_005
Skipping PBE solver for non-charge conformer PHE01A0371_001...
Skipping PBE solver for non-charge conformer ALA01A0372_001...
Skipping PBE solver for non-charge conformer TRP01A0374_001...
Skipping PBE solver for non-charge conformer LEU01A0375_001...
ForkPoolWorker-1: Calling delphi to calculate conformer CYS01A0376_001 in /tmp/pbe_data.data.home.granepura.5-kinases.cof_tpl_mg.run_prot2.4lmn_CYS01A0376_001
ForkPoolWorker-1: Calling delphi to calculate conformer CYS01A0376_002 in /tmp/pbe_data.data.home.granepura.5-kinases.cof_tpl_mg.run_prot2.4lmn_CYS01A0376_002
ForkPoolWorker-1: Calling delphi to calculate conformer CYS01A0376_003 in /tmp/pbe_data.data.home.granepura.5-kinases.cof_tpl_mg.run_prot2.4lmn_CYS01A0376_003
ForkPoolWorker-1: Calling delphi to calculate conformer CYS-1A0376_004 in /tmp/pbe_data.data.home.granepura.5-kinases.cof_tpl_mg.run_prot2.4lmn_CYS-1A0376_004
ForkPoolWorker-1: Calling delphi to calculate conformer SER01A0377_001 in /tmp/pbe_data.data.home.granepura.5-kinases.cof_tpl_mg.run_prot2.4lmn_SER01A0377_001
ForkPoolWorker-1: Calling delphi to calculate conformer THR01A0378_001 in /tmp/pbe_data.data.home.granepura.5-kinases.cof_tpl_mg.run_prot2.4lmn_THR01A0378_001
ForkPoolWorker-1: Calling delphi to calculate conformer THR01A0378_002 in /tmp/pbe_data.data.home.granepura.5-kinases.cof_tpl_mg.run_prot2.4lmn_THR01A0378_002
Skipping PBE solver for non-charge conformer ILE01A0379_001...
Skipping PBE solver for non-charge conformer LEU01A0381_001...
ForkPoolWorker-1: Calling delphi to calculate conformer ASN01A0382_001 in /tmp/pbe_data.data.home.granepura.5-kinases.cof_tpl_mg.run_prot2.4lmn_ASN01A0382_001
ForkPoolWorker-1: Calling delphi to calculate conformer ASN01A0382_002 in /tmp/pbe_data.data.home.granepura.5-kinases.cof_tpl_mg.run_prot2.4lmn_ASN01A0382_002
ForkPoolWorker-1: Calling delphi to calculate conformer _MG+2A0502_001 in /tmp/pbe_data.data.home.granepura.5-kinases.cof_tpl_mg.run_prot2.4lmn__MG+2A0502_001
ForkPoolWorker-1: Calling delphi to calculate conformer MET01A0061_001 in /tmp/pbe_data.data.home.granepura.5-kinases.cof_tpl_mg.run_prot2.4LMN_MET01A0061_001
ForkPoolWorker-1: Calling delphi to calculate conformer GLU01A0062_001 in /tmp/pbe_data.data.home.granepura.5-kinases.cof_tpl_mg.run_prot2.4LMN_GLU01A0062_001
ForkPoolWorker-1: Calling delphi to calculate conformer GLU01A0062_002 in /tmp/pbe_data.data.home.granepura.5-kinases.cof_tpl_mg.run_prot2.4LMN_GLU01A0062_002
ForkPoolWorker-1: Calling delphi to calculate conformer GLU02A0062_003 in /tmp/pbe_data.data.home.granepura.5-kinases.cof_tpl_mg.run_prot2.4LMN_GLU02A0062_003
ForkPoolWorker-1: Calling delphi to calculate conformer GLU02A0062_004 in /tmp/pbe_data.data.home.granepura.5-kinases.cof_tpl_mg.run_prot2.4LMN_GLU02A0062_004
ForkPoolWorker-1: Calling delphi to calculate conformer GLU-1A0062_005 in /tmp/pbe_data.data.home.granepura.5-kinases.cof_tpl_mg.run_prot2.4LMN_GLU-1A0062_005
Skipping PBE solver for non-charge conformer LEU01A0063_001...
ForkPoolWorker-1: Calling delphi to calculate conformer LYS01A0064_001 in /tmp/pbe_data.data.home.granepura.5-kinases.cof_tpl_mg.run_prot2.4LMN_LYS01A0064_001
ForkPoolWorker-1: Calling delphi to calculate conformer LYS+1A0064_002 in /tmp/pbe_data.data.home.granepura.5-kinases.cof_tpl_mg.run_prot2.4LMN_LYS+1A0064_002
ForkPoolWorker-1: Calling delphi to calculate conformer ASP01A0065_001 in /tmp/pbe_data.data.home.granepura.5-kinases.cof_tpl_mg.run_prot2.4LMN_ASP01A0065_001
ForkPoolWorker-1: Calling delphi to calculate conformer ASP01A0065_002 in /tmp/pbe_data.data.home.granepura.5-kinases.cof_tpl_mg.run_prot2.4LMN_ASP01A0065_002
ForkPoolWorker-1: Calling delphi to calculate conformer ASP02A0065_003 in /tmp/pbe_data.data.home.granepura.5-kinases.cof_tpl_mg.run_prot2.4LMN_ASP02A0065_003
ForkPoolWorker-1: Calling delphi to calculate conformer ASP02A0065_004 in /tmp/pbe_data.data.home.granepura.5-kinases.cof_tpl_mg.run_prot2.4LMN_ASP02A0065_004
ForkPoolWorker-1: Calling delphi to calculate conformer ASP-1A0065_005 in /tmp/pbe_data.data.home.granepura.5-kinases.cof_tpl_mg.run_prot2.4LMN_ASP-1A0065_005
ForkPoolWorker-1: Calling delphi to calculate conformer ASP01A0066_001 in /tmp/pbe_data.data.home.granepura.5-kinases.cof_tpl_mg.run_prot2.4LMN_ASP01A0066_001
ForkPoolWorker-1: Calling delphi to calculate conformer ASP01A0066_002 in /tmp/pbe_data.data.home.granepura.5-kinases.cof_tpl_mg.run_prot2.4LMN_ASP01A0066_002
ForkPoolWorker-1: Calling delphi to calculate conformer ASP02A0066_003 in /tmp/pbe_data.data.home.granepura.5-kinases.cof_tpl_mg.run_prot2.4LMN_ASP02A0066_003
ForkPoolWorker-1: Calling delphi to calculate conformer ASP02A0066_004 in /tmp/pbe_data.data.home.granepura.5-kinases.cof_tpl_mg.run_prot2.4LMN_ASP02A0066_004
ForkPoolWorker-1: Calling delphi to calculate conformer ASP-1A0066_005 in /tmp/pbe_data.data.home.granepura.5-kinases.cof_tpl_mg.run_prot2.4LMN_ASP-1A0066_005
ForkPoolWorker-1: Calling delphi to calculate conformer ASP01A0067_001 in /tmp/pbe_data.data.home.granepura.5-kinases.cof_tpl_mg.run_prot2.4LMN_ASP01A0067_001
ForkPoolWorker-1: Calling delphi to calculate conformer ASP01A0067_002 in /tmp/pbe_data.data.home.granepura.5-kinases.cof_tpl_mg.run_prot2.4LMN_ASP01A0067_002
ForkPoolWorker-1: Calling delphi to calculate conformer ASP02A0067_003 in /tmp/pbe_data.data.home.granepura.5-kinases.cof_tpl_mg.run_prot2.4LMN_ASP02A0067_003
ForkPoolWorker-1: Calling delphi to calculate conformer ASP02A0067_004 in /tmp/pbe_data.data.home.granepura.5-kinases.cof_tpl_mg.run_prot2.4LMN_ASP02A0067_004
ForkPoolWorker-1: Calling delphi to calculate conformer ASP-1A0067_005 in /tmp/pbe_data.data.home.granepura.5-kinases.cof_tpl_mg.run_prot2.4LMN_ASP-1A0067_005
Skipping PBE solver for non-charge conformer PHE01A0068_001...
ForkPoolWorker-1: Calling delphi to calculate conformer GLU01A0069_001 in /tmp/pbe_data.data.home.granepura.5-kinases.cof_tpl_mg.run_prot2.4LMN_GLU01A0069_001
ForkPoolWorker-1: Calling delphi to calculate conformer GLU01A0069_002 in /tmp/pbe_data.data.home.granepura.5-kinases.cof_tpl_mg.run_prot2.4LMN_GLU01A0069_002
ForkPoolWorker-1: Calling delphi to calculate conformer GLU02A0069_003 in /tmp/pbe_data.data.home.granepura.5-kinases.cof_tpl_mg.run_prot2.4LMN_GLU02A0069_003
ForkPoolWorker-1: Calling delphi to calculate conformer GLU02A0069_004 in /tmp/pbe_data.data.home.granepura.5-kinases.cof_tpl_mg.run_prot2.4LMN_GLU02A0069_004
ForkPoolWorker-1: Calling delphi to calculate conformer GLU-1A0069_005 in /tmp/pbe_data.data.home.granepura.5-kinases.cof_tpl_mg.run_prot2.4LMN_GLU-1A0069_005
ForkPoolWorker-1: Calling delphi to calculate conformer LYS01A0070_001 in /tmp/pbe_data.data.home.granepura.5-kinases.cof_tpl_mg.run_prot2.4LMN_LYS01A0070_001
ForkPoolWorker-1: Calling delphi to calculate conformer LYS+1A0070_002 in /tmp/pbe_data.data.home.granepura.5-kinases.cof_tpl_mg.run_prot2.4LMN_LYS+1A0070_002
Skipping PBE solver for non-charge conformer ILE01A0071_001...
ForkPoolWorker-1: Calling delphi to calculate conformer SER01A0072_001 in /tmp/pbe_data.data.home.granepura.5-kinases.cof_tpl_mg.run_prot2.4LMN_SER01A0072_001
ForkPoolWorker-1: Calling delphi to calculate conformer GLU01A0073_001 in /tmp/pbe_data.data.home.granepura.5-kinases.cof_tpl_mg.run_prot2.4LMN_GLU01A0073_001
ForkPoolWorker-1: Calling delphi to calculate conformer GLU01A0073_002 in /tmp/pbe_data.data.home.granepura.5-kinases.cof_tpl_mg.run_prot2.4LMN_GLU01A0073_002
ForkPoolWorker-1: Calling delphi to calculate conformer GLU02A0073_003 in /tmp/pbe_data.data.home.granepura.5-kinases.cof_tpl_mg.run_prot2.4LMN_GLU02A0073_003
ForkPoolWorker-1: Calling delphi to calculate conformer GLU02A0073_004 in /tmp/pbe_data.data.home.granepura.5-kinases.cof_tpl_mg.run_prot2.4LMN_GLU02A0073_004
ForkPoolWorker-1: Calling delphi to calculate conformer GLU-1A0073_005 in /tmp/pbe_data.data.home.granepura.5-kinases.cof_tpl_mg.run_prot2.4LMN_GLU-1A0073_005
Skipping PBE solver for non-charge conformer LEU01A0074_001...
Skipping PBE solver for non-charge conformer ALA01A0076_001...
ForkPoolWorker-1: Calling delphi to calculate conformer ASN01A0078_001 in /tmp/pbe_data.data.home.granepura.5-kinases.cof_tpl_mg.run_prot2.4LMN_ASN01A0078_001
Skipping PBE solver for non-charge conformer VAL01A0081_001...
Skipping PBE solver for non-charge conformer VAL01A0082_001...
Skipping PBE solver for non-charge conformer PHE01A0083_001...
ForkPoolWorker-1: Calling delphi to calculate conformer LYS01A0084_001 in /tmp/pbe_data.data.home.granepura.5-kinases.cof_tpl_mg.run_prot2.4LMN_LYS01A0084_001
ForkPoolWorker-1: Calling delphi to calculate conformer LYS+1A0084_002 in /tmp/pbe_data.data.home.granepura.5-kinases.cof_tpl_mg.run_prot2.4LMN_LYS+1A0084_002
Skipping PBE solver for non-charge conformer VAL01A0085_001...
ForkPoolWorker-1: Calling delphi to calculate conformer SER01A0086_001 in /tmp/pbe_data.data.home.granepura.5-kinases.cof_tpl_mg.run_prot2.4LMN_SER01A0086_001
ForkPoolWorker-1: Calling delphi to calculate conformer SER01A0086_002 in /tmp/pbe_data.data.home.granepura.5-kinases.cof_tpl_mg.run_prot2.4LMN_SER01A0086_002
ForkPoolWorker-1: Calling delphi to calculate conformer HIS01A0087_001 in /tmp/pbe_data.data.home.granepura.5-kinases.cof_tpl_mg.run_prot2.4LMN_HIS01A0087_001
ForkPoolWorker-1: Calling delphi to calculate conformer HIS02A0087_002 in /tmp/pbe_data.data.home.granepura.5-kinases.cof_tpl_mg.run_prot2.4LMN_HIS02A0087_002
ForkPoolWorker-1: Calling delphi to calculate conformer HIS+1A0087_003 in /tmp/pbe_data.data.home.granepura.5-kinases.cof_tpl_mg.run_prot2.4LMN_HIS+1A0087_003
ForkPoolWorker-1: Calling delphi to calculate conformer LYS01A0088_001 in /tmp/pbe_data.data.home.granepura.5-kinases.cof_tpl_mg.run_prot2.4LMN_LYS01A0088_001
ForkPoolWorker-1: Calling delphi to calculate conformer LYS+1A0088_002 in /tmp/pbe_data.data.home.granepura.5-kinases.cof_tpl_mg.run_prot2.4LMN_LYS+1A0088_002
Skipping PBE solver for non-charge conformer PRO01A0089_001...
ForkPoolWorker-1: Calling delphi to calculate conformer SER01A0090_001 in /tmp/pbe_data.data.home.granepura.5-kinases.cof_tpl_mg.run_prot2.4LMN_SER01A0090_001
ForkPoolWorker-1: Calling delphi to calculate conformer SER01A0090_002 in /tmp/pbe_data.data.home.granepura.5-kinases.cof_tpl_mg.run_prot2.4LMN_SER01A0090_002
ForkPoolWorker-1: Calling delphi to calculate conformer SER01A0090_003 in /tmp/pbe_data.data.home.granepura.5-kinases.cof_tpl_mg.run_prot2.4LMN_SER01A0090_003
Skipping PBE solver for non-charge conformer LEU01A0092_001...
Skipping PBE solver for non-charge conformer VAL01A0093_001...
ForkPoolWorker-1: Calling delphi to calculate conformer MET01A0094_001 in /tmp/pbe_data.data.home.granepura.5-kinases.cof_tpl_mg.run_prot2.4LMN_MET01A0094_001
Skipping PBE solver for non-charge conformer ALA01A0095_001...
ForkPoolWorker-1: Calling delphi to calculate conformer ARG01A0096_001 in /tmp/pbe_data.data.home.granepura.5-kinases.cof_tpl_mg.run_prot2.4LMN_ARG01A0096_001
ForkPoolWorker-1: Calling delphi to calculate conformer ARG02A0096_002 in /tmp/pbe_data.data.home.granepura.5-kinases.cof_tpl_mg.run_prot2.4LMN_ARG02A0096_002
ForkPoolWorker-1: Calling delphi to calculate conformer ARG02A0096_003 in /tmp/pbe_data.data.home.granepura.5-kinases.cof_tpl_mg.run_prot2.4LMN_ARG02A0096_003
ForkPoolWorker-1: Calling delphi to calculate conformer ARG03A0096_004 in /tmp/pbe_data.data.home.granepura.5-kinases.cof_tpl_mg.run_prot2.4LMN_ARG03A0096_004
ForkPoolWorker-1: Calling delphi to calculate conformer ARG03A0096_005 in /tmp/pbe_data.data.home.granepura.5-kinases.cof_tpl_mg.run_prot2.4LMN_ARG03A0096_005
ForkPoolWorker-1: Calling delphi to calculate conformer ARG+1A0096_006 in /tmp/pbe_data.data.home.granepura.5-kinases.cof_tpl_mg.run_prot2.4LMN_ARG+1A0096_006
ForkPoolWorker-1: Calling delphi to calculate conformer LYS01A0097_001 in /tmp/pbe_data.data.home.granepura.5-kinases.cof_tpl_mg.run_prot2.4LMN_LYS01A0097_001
ForkPoolWorker-1: Calling delphi to calculate conformer LYS+1A0097_002 in /tmp/pbe_data.data.home.granepura.5-kinases.cof_tpl_mg.run_prot2.4LMN_LYS+1A0097_002
Skipping PBE solver for non-charge conformer LEU01A0098_001...
Skipping PBE solver for non-charge conformer ILE01A0099_001...
ForkPoolWorker-1: Calling delphi to calculate conformer HIS01A0100_001 in /tmp/pbe_data.data.home.granepura.5-kinases.cof_tpl_mg.run_prot2.4LMN_HIS01A0100_001
ForkPoolWorker-1: Calling delphi to calculate conformer HIS02A0100_002 in /tmp/pbe_data.data.home.granepura.5-kinases.cof_tpl_mg.run_prot2.4LMN_HIS02A0100_002
ForkPoolWorker-1: Calling delphi to calculate conformer HIS+1A0100_003 in /tmp/pbe_data.data.home.granepura.5-kinases.cof_tpl_mg.run_prot2.4LMN_HIS+1A0100_003
Skipping PBE solver for non-charge conformer LEU01A0101_001...
ForkPoolWorker-1: Calling delphi to calculate conformer GLU01A0102_001 in /tmp/pbe_data.data.home.granepura.5-kinases.cof_tpl_mg.run_prot2.4LMN_GLU01A0102_001
ForkPoolWorker-1: Calling delphi to calculate conformer GLU01A0102_002 in /tmp/pbe_data.data.home.granepura.5-kinases.cof_tpl_mg.run_prot2.4LMN_GLU01A0102_002
ForkPoolWorker-1: Calling delphi to calculate conformer GLU02A0102_003 in /tmp/pbe_data.data.home.granepura.5-kinases.cof_tpl_mg.run_prot2.4LMN_GLU02A0102_003
ForkPoolWorker-1: Calling delphi to calculate conformer GLU02A0102_004 in /tmp/pbe_data.data.home.granepura.5-kinases.cof_tpl_mg.run_prot2.4LMN_GLU02A0102_004
ForkPoolWorker-1: Calling delphi to calculate conformer GLU-1A0102_005 in /tmp/pbe_data.data.home.granepura.5-kinases.cof_tpl_mg.run_prot2.4LMN_GLU-1A0102_005
Skipping PBE solver for non-charge conformer ILE01A0103_001...
ForkPoolWorker-1: Calling delphi to calculate conformer LYS01A0104_001 in /tmp/pbe_data.data.home.granepura.5-kinases.cof_tpl_mg.run_prot2.4LMN_LYS01A0104_001
ForkPoolWorker-1: Calling delphi to calculate conformer LYS+1A0104_002 in /tmp/pbe_data.data.home.granepura.5-kinases.cof_tpl_mg.run_prot2.4LMN_LYS+1A0104_002
Skipping PBE solver for non-charge conformer PRO01A0105_001...
Skipping PBE solver for non-charge conformer ALA01A0106_001...
Skipping PBE solver for non-charge conformer ILE01A0107_001...
ForkPoolWorker-1: Calling delphi to calculate conformer ARG01A0108_001 in /tmp/pbe_data.data.home.granepura.5-kinases.cof_tpl_mg.run_prot2.4LMN_ARG01A0108_001
ForkPoolWorker-1: Calling delphi to calculate conformer ARG02A0108_002 in /tmp/pbe_data.data.home.granepura.5-kinases.cof_tpl_mg.run_prot2.4LMN_ARG02A0108_002
ForkPoolWorker-1: Calling delphi to calculate conformer ARG03A0108_003 in /tmp/pbe_data.data.home.granepura.5-kinases.cof_tpl_mg.run_prot2.4LMN_ARG03A0108_003
ForkPoolWorker-1: Calling delphi to calculate conformer ARG+1A0108_004 in /tmp/pbe_data.data.home.granepura.5-kinases.cof_tpl_mg.run_prot2.4LMN_ARG+1A0108_004
ForkPoolWorker-1: Calling delphi to calculate conformer ASN01A0109_001 in /tmp/pbe_data.data.home.granepura.5-kinases.cof_tpl_mg.run_prot2.4LMN_ASN01A0109_001
ForkPoolWorker-1: Calling delphi to calculate conformer ASN01A0109_002 in /tmp/pbe_data.data.home.granepura.5-kinases.cof_tpl_mg.run_prot2.4LMN_ASN01A0109_002
ForkPoolWorker-1: Calling delphi to calculate conformer GLN01A0110_001 in /tmp/pbe_data.data.home.granepura.5-kinases.cof_tpl_mg.run_prot2.4LMN_GLN01A0110_001
ForkPoolWorker-1: Calling delphi to calculate conformer GLN01A0110_002 in /tmp/pbe_data.data.home.granepura.5-kinases.cof_tpl_mg.run_prot2.4LMN_GLN01A0110_002
Skipping PBE solver for non-charge conformer ILE01A0111_001...
Skipping PBE solver for non-charge conformer ILE01A0112_001...
ForkPoolWorker-1: Calling delphi to calculate conformer ARG01A0113_001 in /tmp/pbe_data.data.home.granepura.5-kinases.cof_tpl_mg.run_prot2.4LMN_ARG01A0113_001
ForkPoolWorker-1: Calling delphi to calculate conformer ARG02A0113_002 in /tmp/pbe_data.data.home.granepura.5-kinases.cof_tpl_mg.run_prot2.4LMN_ARG02A0113_002
ForkPoolWorker-1: Calling delphi to calculate conformer ARG03A0113_003 in /tmp/pbe_data.data.home.granepura.5-kinases.cof_tpl_mg.run_prot2.4LMN_ARG03A0113_003
ForkPoolWorker-1: Calling delphi to calculate conformer ARG+1A0113_004 in /tmp/pbe_data.data.home.granepura.5-kinases.cof_tpl_mg.run_prot2.4LMN_ARG+1A0113_004
ForkPoolWorker-1: Calling delphi to calculate conformer GLU01A0114_001 in /tmp/pbe_data.data.home.granepura.5-kinases.cof_tpl_mg.run_prot2.4LMN_GLU01A0114_001
ForkPoolWorker-1: Calling delphi to calculate conformer GLU01A0114_002 in /tmp/pbe_data.data.home.granepura.5-kinases.cof_tpl_mg.run_prot2.4LMN_GLU01A0114_002
ForkPoolWorker-1: Calling delphi to calculate conformer GLU02A0114_003 in /tmp/pbe_data.data.home.granepura.5-kinases.cof_tpl_mg.run_prot2.4LMN_GLU02A0114_003
ForkPoolWorker-1: Calling delphi to calculate conformer GLU02A0114_004 in /tmp/pbe_data.data.home.granepura.5-kinases.cof_tpl_mg.run_prot2.4LMN_GLU02A0114_004
ForkPoolWorker-1: Calling delphi to calculate conformer GLU-1A0114_005 in /tmp/pbe_data.data.home.granepura.5-kinases.cof_tpl_mg.run_prot2.4LMN_GLU-1A0114_005
Skipping PBE solver for non-charge conformer LEU01A0115_001...
ForkPoolWorker-1: Calling delphi to calculate conformer GLN01A0116_001 in /tmp/pbe_data.data.home.granepura.5-kinases.cof_tpl_mg.run_prot2.4LMN_GLN01A0116_001
ForkPoolWorker-1: Calling delphi to calculate conformer GLN01A0116_002 in /tmp/pbe_data.data.home.granepura.5-kinases.cof_tpl_mg.run_prot2.4LMN_GLN01A0116_002
Skipping PBE solver for non-charge conformer VAL01A0117_001...
Skipping PBE solver for non-charge conformer LEU01A0118_001...
ForkPoolWorker-1: Calling delphi to calculate conformer HIS01A0119_001 in /tmp/pbe_data.data.home.granepura.5-kinases.cof_tpl_mg.run_prot2.4LMN_HIS01A0119_001
ForkPoolWorker-1: Calling delphi to calculate conformer HIS01A0119_002 in /tmp/pbe_data.data.home.granepura.5-kinases.cof_tpl_mg.run_prot2.4LMN_HIS01A0119_002
ForkPoolWorker-1: Calling delphi to calculate conformer HIS02A0119_003 in /tmp/pbe_data.data.home.granepura.5-kinases.cof_tpl_mg.run_prot2.4LMN_HIS02A0119_003
ForkPoolWorker-1: Calling delphi to calculate conformer HIS02A0119_004 in /tmp/pbe_data.data.home.granepura.5-kinases.cof_tpl_mg.run_prot2.4LMN_HIS02A0119_004
ForkPoolWorker-1: Calling delphi to calculate conformer HIS+1A0119_005 in /tmp/pbe_data.data.home.granepura.5-kinases.cof_tpl_mg.run_prot2.4LMN_HIS+1A0119_005
ForkPoolWorker-1: Calling delphi to calculate conformer HIS+1A0119_006 in /tmp/pbe_data.data.home.granepura.5-kinases.cof_tpl_mg.run_prot2.4LMN_HIS+1A0119_006
ForkPoolWorker-1: Calling delphi to calculate conformer GLU01A0120_001 in /tmp/pbe_data.data.home.granepura.5-kinases.cof_tpl_mg.run_prot2.4LMN_GLU01A0120_001
ForkPoolWorker-1: Calling delphi to calculate conformer GLU01A0120_002 in /tmp/pbe_data.data.home.granepura.5-kinases.cof_tpl_mg.run_prot2.4LMN_GLU01A0120_002
ForkPoolWorker-1: Calling delphi to calculate conformer GLU02A0120_003 in /tmp/pbe_data.data.home.granepura.5-kinases.cof_tpl_mg.run_prot2.4LMN_GLU02A0120_003
ForkPoolWorker-1: Calling delphi to calculate conformer GLU02A0120_004 in /tmp/pbe_data.data.home.granepura.5-kinases.cof_tpl_mg.run_prot2.4LMN_GLU02A0120_004
ForkPoolWorker-1: Calling delphi to calculate conformer GLU-1A0120_005 in /tmp/pbe_data.data.home.granepura.5-kinases.cof_tpl_mg.run_prot2.4LMN_GLU-1A0120_005
ForkPoolWorker-1: Calling delphi to calculate conformer CYS01A0121_001 in /tmp/pbe_data.data.home.granepura.5-kinases.cof_tpl_mg.run_prot2.4LMN_CYS01A0121_001
ForkPoolWorker-1: Calling delphi to calculate conformer CYS01A0121_002 in /tmp/pbe_data.data.home.granepura.5-kinases.cof_tpl_mg.run_prot2.4LMN_CYS01A0121_002
ForkPoolWorker-1: Calling delphi to calculate conformer CYS01A0121_003 in /tmp/pbe_data.data.home.granepura.5-kinases.cof_tpl_mg.run_prot2.4LMN_CYS01A0121_003
ForkPoolWorker-1: Calling delphi to calculate conformer CYS-1A0121_004 in /tmp/pbe_data.data.home.granepura.5-kinases.cof_tpl_mg.run_prot2.4LMN_CYS-1A0121_004
ForkPoolWorker-1: Calling delphi to calculate conformer ASN01A0122_001 in /tmp/pbe_data.data.home.granepura.5-kinases.cof_tpl_mg.run_prot2.4LMN_ASN01A0122_001
ForkPoolWorker-1: Calling delphi to calculate conformer ASN01A0122_002 in /tmp/pbe_data.data.home.granepura.5-kinases.cof_tpl_mg.run_prot2.4LMN_ASN01A0122_002
ForkPoolWorker-1: Calling delphi to calculate conformer SER01A0123_001 in /tmp/pbe_data.data.home.granepura.5-kinases.cof_tpl_mg.run_prot2.4LMN_SER01A0123_001
ForkPoolWorker-1: Calling delphi to calculate conformer SER01A0123_002 in /tmp/pbe_data.data.home.granepura.5-kinases.cof_tpl_mg.run_prot2.4LMN_SER01A0123_002
Skipping PBE solver for non-charge conformer PRO01A0124_001...
ForkPoolWorker-1: Calling delphi to calculate conformer TYR01A0125_001 in /tmp/pbe_data.data.home.granepura.5-kinases.cof_tpl_mg.run_prot2.4LMN_TYR01A0125_001
ForkPoolWorker-1: Calling delphi to calculate conformer TYR01A0125_002 in /tmp/pbe_data.data.home.granepura.5-kinases.cof_tpl_mg.run_prot2.4LMN_TYR01A0125_002
ForkPoolWorker-1: Calling delphi to calculate conformer TYR-1A0125_003 in /tmp/pbe_data.data.home.granepura.5-kinases.cof_tpl_mg.run_prot2.4LMN_TYR-1A0125_003
Skipping PBE solver for non-charge conformer ILE01A0126_001...
Skipping PBE solver for non-charge conformer VAL01A0127_001...
Skipping PBE solver for non-charge conformer PHE01A0129_001...
ForkPoolWorker-1: Calling delphi to calculate conformer TYR01A0130_001 in /tmp/pbe_data.data.home.granepura.5-kinases.cof_tpl_mg.run_prot2.4LMN_TYR01A0130_001
ForkPoolWorker-1: Calling delphi to calculate conformer TYR01A0130_002 in /tmp/pbe_data.data.home.granepura.5-kinases.cof_tpl_mg.run_prot2.4LMN_TYR01A0130_002
ForkPoolWorker-1: Calling delphi to calculate conformer TYR-1A0130_003 in /tmp/pbe_data.data.home.granepura.5-kinases.cof_tpl_mg.run_prot2.4LMN_TYR-1A0130_003
Skipping PBE solver for non-charge conformer ALA01A0132_001...
Skipping PBE solver for non-charge conformer PHE01A0133_001...
ForkPoolWorker-1: Calling delphi to calculate conformer TYR01A0134_001 in /tmp/pbe_data.data.home.granepura.5-kinases.cof_tpl_mg.run_prot2.4LMN_TYR01A0134_001
ForkPoolWorker-1: Calling delphi to calculate conformer TYR-1A0134_002 in /tmp/pbe_data.data.home.granepura.5-kinases.cof_tpl_mg.run_prot2.4LMN_TYR-1A0134_002
ForkPoolWorker-1: Calling delphi to calculate conformer SER01A0135_001 in /tmp/pbe_data.data.home.granepura.5-kinases.cof_tpl_mg.run_prot2.4LMN_SER01A0135_001
ForkPoolWorker-1: Calling delphi to calculate conformer SER01A0135_002 in /tmp/pbe_data.data.home.granepura.5-kinases.cof_tpl_mg.run_prot2.4LMN_SER01A0135_002
ForkPoolWorker-1: Calling delphi to calculate conformer ASP01A0136_001 in /tmp/pbe_data.data.home.granepura.5-kinases.cof_tpl_mg.run_prot2.4LMN_ASP01A0136_001
ForkPoolWorker-1: Calling delphi to calculate conformer ASP01A0136_002 in /tmp/pbe_data.data.home.granepura.5-kinases.cof_tpl_mg.run_prot2.4LMN_ASP01A0136_002
ForkPoolWorker-1: Calling delphi to calculate conformer ASP02A0136_003 in /tmp/pbe_data.data.home.granepura.5-kinases.cof_tpl_mg.run_prot2.4LMN_ASP02A0136_003
ForkPoolWorker-1: Calling delphi to calculate conformer ASP02A0136_004 in /tmp/pbe_data.data.home.granepura.5-kinases.cof_tpl_mg.run_prot2.4LMN_ASP02A0136_004
ForkPoolWorker-1: Calling delphi to calculate conformer ASP-1A0136_005 in /tmp/pbe_data.data.home.granepura.5-kinases.cof_tpl_mg.run_prot2.4LMN_ASP-1A0136_005
ForkPoolWorker-1: Calling delphi to calculate conformer GLU01A0138_001 in /tmp/pbe_data.data.home.granepura.5-kinases.cof_tpl_mg.run_prot2.4LMN_GLU01A0138_001
ForkPoolWorker-1: Calling delphi to calculate conformer GLU01A0138_002 in /tmp/pbe_data.data.home.granepura.5-kinases.cof_tpl_mg.run_prot2.4LMN_GLU01A0138_002
ForkPoolWorker-1: Calling delphi to calculate conformer GLU02A0138_003 in /tmp/pbe_data.data.home.granepura.5-kinases.cof_tpl_mg.run_prot2.4LMN_GLU02A0138_003
ForkPoolWorker-1: Calling delphi to calculate conformer GLU02A0138_004 in /tmp/pbe_data.data.home.granepura.5-kinases.cof_tpl_mg.run_prot2.4LMN_GLU02A0138_004
ForkPoolWorker-1: Calling delphi to calculate conformer GLU-1A0138_005 in /tmp/pbe_data.data.home.granepura.5-kinases.cof_tpl_mg.run_prot2.4LMN_GLU-1A0138_005
Skipping PBE solver for non-charge conformer ILE01A0139_001...
ForkPoolWorker-1: Calling delphi to calculate conformer SER01A0140_001 in /tmp/pbe_data.data.home.granepura.5-kinases.cof_tpl_mg.run_prot2.4LMN_SER01A0140_001
ForkPoolWorker-1: Calling delphi to calculate conformer SER01A0140_002 in /tmp/pbe_data.data.home.granepura.5-kinases.cof_tpl_mg.run_prot2.4LMN_SER01A0140_002
ForkPoolWorker-1: Calling delphi to calculate conformer SER01A0140_003 in /tmp/pbe_data.data.home.granepura.5-kinases.cof_tpl_mg.run_prot2.4LMN_SER01A0140_003
ForkPoolWorker-1: Calling delphi to calculate conformer SER01A0140_004 in /tmp/pbe_data.data.home.granepura.5-kinases.cof_tpl_mg.run_prot2.4LMN_SER01A0140_004
ForkPoolWorker-1: Calling delphi to calculate conformer SER01A0140_005 in /tmp/pbe_data.data.home.granepura.5-kinases.cof_tpl_mg.run_prot2.4LMN_SER01A0140_005
Skipping PBE solver for non-charge conformer ILE01A0141_001...
ForkPoolWorker-1: Calling delphi to calculate conformer CYS01A0142_001 in /tmp/pbe_data.data.home.granepura.5-kinases.cof_tpl_mg.run_prot2.4LMN_CYS01A0142_001
ForkPoolWorker-1: Calling delphi to calculate conformer CYS01A0142_002 in /tmp/pbe_data.data.home.granepura.5-kinases.cof_tpl_mg.run_prot2.4LMN_CYS01A0142_002
ForkPoolWorker-1: Calling delphi to calculate conformer CYS01A0142_003 in /tmp/pbe_data.data.home.granepura.5-kinases.cof_tpl_mg.run_prot2.4LMN_CYS01A0142_003
ForkPoolWorker-1: Calling delphi to calculate conformer CYS-1A0142_004 in /tmp/pbe_data.data.home.granepura.5-kinases.cof_tpl_mg.run_prot2.4LMN_CYS-1A0142_004
ForkPoolWorker-1: Calling delphi to calculate conformer MET01A0143_001 in /tmp/pbe_data.data.home.granepura.5-kinases.cof_tpl_mg.run_prot2.4LMN_MET01A0143_001
ForkPoolWorker-1: Calling delphi to calculate conformer GLU01A0144_001 in /tmp/pbe_data.data.home.granepura.5-kinases.cof_tpl_mg.run_prot2.4LMN_GLU01A0144_001
ForkPoolWorker-1: Calling delphi to calculate conformer GLU01A0144_002 in /tmp/pbe_data.data.home.granepura.5-kinases.cof_tpl_mg.run_prot2.4LMN_GLU01A0144_002
ForkPoolWorker-1: Calling delphi to calculate conformer GLU01A0144_003 in /tmp/pbe_data.data.home.granepura.5-kinases.cof_tpl_mg.run_prot2.4LMN_GLU01A0144_003
ForkPoolWorker-1: Calling delphi to calculate conformer GLU01A0144_004 in /tmp/pbe_data.data.home.granepura.5-kinases.cof_tpl_mg.run_prot2.4LMN_GLU01A0144_004
ForkPoolWorker-1: Calling delphi to calculate conformer GLU02A0144_005 in /tmp/pbe_data.data.home.granepura.5-kinases.cof_tpl_mg.run_prot2.4LMN_GLU02A0144_005
ForkPoolWorker-1: Calling delphi to calculate conformer GLU02A0144_006 in /tmp/pbe_data.data.home.granepura.5-kinases.cof_tpl_mg.run_prot2.4LMN_GLU02A0144_006
ForkPoolWorker-1: Calling delphi to calculate conformer GLU02A0144_007 in /tmp/pbe_data.data.home.granepura.5-kinases.cof_tpl_mg.run_prot2.4LMN_GLU02A0144_007
ForkPoolWorker-1: Calling delphi to calculate conformer GLU02A0144_008 in /tmp/pbe_data.data.home.granepura.5-kinases.cof_tpl_mg.run_prot2.4LMN_GLU02A0144_008
ForkPoolWorker-1: Calling delphi to calculate conformer GLU-1A0144_009 in /tmp/pbe_data.data.home.granepura.5-kinases.cof_tpl_mg.run_prot2.4LMN_GLU-1A0144_009
ForkPoolWorker-1: Calling delphi to calculate conformer GLU-1A0144_010 in /tmp/pbe_data.data.home.granepura.5-kinases.cof_tpl_mg.run_prot2.4LMN_GLU-1A0144_010
ForkPoolWorker-1: Calling delphi to calculate conformer HIS01A0145_001 in /tmp/pbe_data.data.home.granepura.5-kinases.cof_tpl_mg.run_prot2.4LMN_HIS01A0145_001
ForkPoolWorker-1: Calling delphi to calculate conformer HIS01A0145_002 in /tmp/pbe_data.data.home.granepura.5-kinases.cof_tpl_mg.run_prot2.4LMN_HIS01A0145_002
ForkPoolWorker-1: Calling delphi to calculate conformer HIS02A0145_003 in /tmp/pbe_data.data.home.granepura.5-kinases.cof_tpl_mg.run_prot2.4LMN_HIS02A0145_003
ForkPoolWorker-1: Calling delphi to calculate conformer HIS02A0145_004 in /tmp/pbe_data.data.home.granepura.5-kinases.cof_tpl_mg.run_prot2.4LMN_HIS02A0145_004
ForkPoolWorker-1: Calling delphi to calculate conformer HIS+1A0145_005 in /tmp/pbe_data.data.home.granepura.5-kinases.cof_tpl_mg.run_prot2.4LMN_HIS+1A0145_005
ForkPoolWorker-1: Calling delphi to calculate conformer HIS+1A0145_006 in /tmp/pbe_data.data.home.granepura.5-kinases.cof_tpl_mg.run_prot2.4LMN_HIS+1A0145_006
ForkPoolWorker-1: Calling delphi to calculate conformer MET01A0146_001 in /tmp/pbe_data.data.home.granepura.5-kinases.cof_tpl_mg.run_prot2.4LMN_MET01A0146_001
ForkPoolWorker-1: Calling delphi to calculate conformer ASP01A0147_001 in /tmp/pbe_data.data.home.granepura.5-kinases.cof_tpl_mg.run_prot2.4LMN_ASP01A0147_001
ForkPoolWorker-1: Calling delphi to calculate conformer ASP01A0147_002 in /tmp/pbe_data.data.home.granepura.5-kinases.cof_tpl_mg.run_prot2.4LMN_ASP01A0147_002
ForkPoolWorker-1: Calling delphi to calculate conformer ASP02A0147_003 in /tmp/pbe_data.data.home.granepura.5-kinases.cof_tpl_mg.run_prot2.4LMN_ASP02A0147_003
ForkPoolWorker-1: Calling delphi to calculate conformer ASP02A0147_004 in /tmp/pbe_data.data.home.granepura.5-kinases.cof_tpl_mg.run_prot2.4LMN_ASP02A0147_004
ForkPoolWorker-1: Calling delphi to calculate conformer ASP-1A0147_005 in /tmp/pbe_data.data.home.granepura.5-kinases.cof_tpl_mg.run_prot2.4LMN_ASP-1A0147_005
ForkPoolWorker-1: Calling delphi to calculate conformer SER01A0150_001 in /tmp/pbe_data.data.home.granepura.5-kinases.cof_tpl_mg.run_prot2.4LMN_SER01A0150_001
Skipping PBE solver for non-charge conformer LEU01A0151_001...
ForkPoolWorker-1: Calling delphi to calculate conformer ASP01A0152_001 in /tmp/pbe_data.data.home.granepura.5-kinases.cof_tpl_mg.run_prot2.4LMN_ASP01A0152_001
ForkPoolWorker-1: Calling delphi to calculate conformer ASP01A0152_002 in /tmp/pbe_data.data.home.granepura.5-kinases.cof_tpl_mg.run_prot2.4LMN_ASP01A0152_002
ForkPoolWorker-1: Calling delphi to calculate conformer ASP02A0152_003 in /tmp/pbe_data.data.home.granepura.5-kinases.cof_tpl_mg.run_prot2.4LMN_ASP02A0152_003
ForkPoolWorker-1: Calling delphi to calculate conformer ASP02A0152_004 in /tmp/pbe_data.data.home.granepura.5-kinases.cof_tpl_mg.run_prot2.4LMN_ASP02A0152_004
ForkPoolWorker-1: Calling delphi to calculate conformer ASP-1A0152_005 in /tmp/pbe_data.data.home.granepura.5-kinases.cof_tpl_mg.run_prot2.4LMN_ASP-1A0152_005
ForkPoolWorker-1: Calling delphi to calculate conformer GLN01A0153_001 in /tmp/pbe_data.data.home.granepura.5-kinases.cof_tpl_mg.run_prot2.4LMN_GLN01A0153_001
ForkPoolWorker-1: Calling delphi to calculate conformer GLN01A0153_002 in /tmp/pbe_data.data.home.granepura.5-kinases.cof_tpl_mg.run_prot2.4LMN_GLN01A0153_002
Skipping PBE solver for non-charge conformer VAL01A0154_001...
Skipping PBE solver for non-charge conformer LEU01A0155_001...
ForkPoolWorker-1: Calling delphi to calculate conformer LYS01A0156_001 in /tmp/pbe_data.data.home.granepura.5-kinases.cof_tpl_mg.run_prot2.4LMN_LYS01A0156_001
ForkPoolWorker-1: Calling delphi to calculate conformer LYS+1A0156_002 in /tmp/pbe_data.data.home.granepura.5-kinases.cof_tpl_mg.run_prot2.4LMN_LYS+1A0156_002
ForkPoolWorker-1: Calling delphi to calculate conformer LYS01A0157_001 in /tmp/pbe_data.data.home.granepura.5-kinases.cof_tpl_mg.run_prot2.4LMN_LYS01A0157_001
ForkPoolWorker-1: Calling delphi to calculate conformer LYS+1A0157_002 in /tmp/pbe_data.data.home.granepura.5-kinases.cof_tpl_mg.run_prot2.4LMN_LYS+1A0157_002
Skipping PBE solver for non-charge conformer ALA01A0158_001...
ForkPoolWorker-1: Calling delphi to calculate conformer ARG01A0160_001 in /tmp/pbe_data.data.home.granepura.5-kinases.cof_tpl_mg.run_prot2.4LMN_ARG01A0160_001
ForkPoolWorker-1: Calling delphi to calculate conformer ARG02A0160_002 in /tmp/pbe_data.data.home.granepura.5-kinases.cof_tpl_mg.run_prot2.4LMN_ARG02A0160_002
ForkPoolWorker-1: Calling delphi to calculate conformer ARG03A0160_003 in /tmp/pbe_data.data.home.granepura.5-kinases.cof_tpl_mg.run_prot2.4LMN_ARG03A0160_003
ForkPoolWorker-1: Calling delphi to calculate conformer ARG+1A0160_004 in /tmp/pbe_data.data.home.granepura.5-kinases.cof_tpl_mg.run_prot2.4LMN_ARG+1A0160_004
Skipping PBE solver for non-charge conformer ILE01A0161_001...
Skipping PBE solver for non-charge conformer PRO01A0162_001...
ForkPoolWorker-1: Calling delphi to calculate conformer GLU01A0163_001 in /tmp/pbe_data.data.home.granepura.5-kinases.cof_tpl_mg.run_prot2.4LMN_GLU01A0163_001
ForkPoolWorker-1: Calling delphi to calculate conformer GLU01A0163_002 in /tmp/pbe_data.data.home.granepura.5-kinases.cof_tpl_mg.run_prot2.4LMN_GLU01A0163_002
ForkPoolWorker-1: Calling delphi to calculate conformer GLU01A0163_003 in /tmp/pbe_data.data.home.granepura.5-kinases.cof_tpl_mg.run_prot2.4LMN_GLU01A0163_003
ForkPoolWorker-1: Calling delphi to calculate conformer GLU01A0163_004 in /tmp/pbe_data.data.home.granepura.5-kinases.cof_tpl_mg.run_prot2.4LMN_GLU01A0163_004
ForkPoolWorker-1: Calling delphi to calculate conformer GLU02A0163_005 in /tmp/pbe_data.data.home.granepura.5-kinases.cof_tpl_mg.run_prot2.4LMN_GLU02A0163_005
ForkPoolWorker-1: Calling delphi to calculate conformer GLU02A0163_006 in /tmp/pbe_data.data.home.granepura.5-kinases.cof_tpl_mg.run_prot2.4LMN_GLU02A0163_006
ForkPoolWorker-1: Calling delphi to calculate conformer GLU02A0163_007 in /tmp/pbe_data.data.home.granepura.5-kinases.cof_tpl_mg.run_prot2.4LMN_GLU02A0163_007
ForkPoolWorker-1: Calling delphi to calculate conformer GLU02A0163_008 in /tmp/pbe_data.data.home.granepura.5-kinases.cof_tpl_mg.run_prot2.4LMN_GLU02A0163_008
ForkPoolWorker-1: Calling delphi to calculate conformer GLU-1A0163_009 in /tmp/pbe_data.data.home.granepura.5-kinases.cof_tpl_mg.run_prot2.4LMN_GLU-1A0163_009
ForkPoolWorker-1: Calling delphi to calculate conformer GLU-1A0163_010 in /tmp/pbe_data.data.home.granepura.5-kinases.cof_tpl_mg.run_prot2.4LMN_GLU-1A0163_010
ForkPoolWorker-1: Calling delphi to calculate conformer GLN01A0164_001 in /tmp/pbe_data.data.home.granepura.5-kinases.cof_tpl_mg.run_prot2.4LMN_GLN01A0164_001
ForkPoolWorker-1: Calling delphi to calculate conformer GLN01A0164_002 in /tmp/pbe_data.data.home.granepura.5-kinases.cof_tpl_mg.run_prot2.4LMN_GLN01A0164_002
Skipping PBE solver for non-charge conformer ILE01A0165_001...
Skipping PBE solver for non-charge conformer LEU01A0166_001...
ForkPoolWorker-1: Calling delphi to calculate conformer LYS01A0168_001 in /tmp/pbe_data.data.home.granepura.5-kinases.cof_tpl_mg.run_prot2.4LMN_LYS01A0168_001
ForkPoolWorker-1: Calling delphi to calculate conformer LYS+1A0168_002 in /tmp/pbe_data.data.home.granepura.5-kinases.cof_tpl_mg.run_prot2.4LMN_LYS+1A0168_002
Skipping PBE solver for non-charge conformer VAL01A0169_001...
ForkPoolWorker-1: Calling delphi to calculate conformer SER01A0170_001 in /tmp/pbe_data.data.home.granepura.5-kinases.cof_tpl_mg.run_prot2.4LMN_SER01A0170_001
ForkPoolWorker-1: Calling delphi to calculate conformer SER01A0170_002 in /tmp/pbe_data.data.home.granepura.5-kinases.cof_tpl_mg.run_prot2.4LMN_SER01A0170_002
Skipping PBE solver for non-charge conformer ILE01A0171_001...
Skipping PBE solver for non-charge conformer ALA01A0172_001...
Skipping PBE solver for non-charge conformer VAL01A0173_001...
Skipping PBE solver for non-charge conformer ILE01A0174_001...
ForkPoolWorker-1: Calling delphi to calculate conformer LYS01A0175_001 in /tmp/pbe_data.data.home.granepura.5-kinases.cof_tpl_mg.run_prot2.4LMN_LYS01A0175_001
ForkPoolWorker-1: Calling delphi to calculate conformer LYS+1A0175_002 in /tmp/pbe_data.data.home.granepura.5-kinases.cof_tpl_mg.run_prot2.4LMN_LYS+1A0175_002
Skipping PBE solver for non-charge conformer LEU01A0177_001...
ForkPoolWorker-1: Calling delphi to calculate conformer THR01A0178_001 in /tmp/pbe_data.data.home.granepura.5-kinases.cof_tpl_mg.run_prot2.4LMN_THR01A0178_001
ForkPoolWorker-1: Calling delphi to calculate conformer THR01A0178_002 in /tmp/pbe_data.data.home.granepura.5-kinases.cof_tpl_mg.run_prot2.4LMN_THR01A0178_002
ForkPoolWorker-1: Calling delphi to calculate conformer TYR01A0179_001 in /tmp/pbe_data.data.home.granepura.5-kinases.cof_tpl_mg.run_prot2.4LMN_TYR01A0179_001
ForkPoolWorker-1: Calling delphi to calculate conformer TYR01A0179_002 in /tmp/pbe_data.data.home.granepura.5-kinases.cof_tpl_mg.run_prot2.4LMN_TYR01A0179_002
ForkPoolWorker-1: Calling delphi to calculate conformer TYR-1A0179_003 in /tmp/pbe_data.data.home.granepura.5-kinases.cof_tpl_mg.run_prot2.4LMN_TYR-1A0179_003
Skipping PBE solver for non-charge conformer LEU01A0180_001...
ForkPoolWorker-1: Calling delphi to calculate conformer ARG01A0181_001 in /tmp/pbe_data.data.home.granepura.5-kinases.cof_tpl_mg.run_prot2.4LMN_ARG01A0181_001
ForkPoolWorker-1: Calling delphi to calculate conformer ARG02A0181_002 in /tmp/pbe_data.data.home.granepura.5-kinases.cof_tpl_mg.run_prot2.4LMN_ARG02A0181_002
ForkPoolWorker-1: Calling delphi to calculate conformer ARG03A0181_003 in /tmp/pbe_data.data.home.granepura.5-kinases.cof_tpl_mg.run_prot2.4LMN_ARG03A0181_003
ForkPoolWorker-1: Calling delphi to calculate conformer ARG+1A0181_004 in /tmp/pbe_data.data.home.granepura.5-kinases.cof_tpl_mg.run_prot2.4LMN_ARG+1A0181_004
ForkPoolWorker-1: Calling delphi to calculate conformer GLU01A0182_001 in /tmp/pbe_data.data.home.granepura.5-kinases.cof_tpl_mg.run_prot2.4LMN_GLU01A0182_001
ForkPoolWorker-1: Calling delphi to calculate conformer GLU01A0182_002 in /tmp/pbe_data.data.home.granepura.5-kinases.cof_tpl_mg.run_prot2.4LMN_GLU01A0182_002
ForkPoolWorker-1: Calling delphi to calculate conformer GLU02A0182_003 in /tmp/pbe_data.data.home.granepura.5-kinases.cof_tpl_mg.run_prot2.4LMN_GLU02A0182_003
ForkPoolWorker-1: Calling delphi to calculate conformer GLU02A0182_004 in /tmp/pbe_data.data.home.granepura.5-kinases.cof_tpl_mg.run_prot2.4LMN_GLU02A0182_004
ForkPoolWorker-1: Calling delphi to calculate conformer GLU-1A0182_005 in /tmp/pbe_data.data.home.granepura.5-kinases.cof_tpl_mg.run_prot2.4LMN_GLU-1A0182_005
ForkPoolWorker-1: Calling delphi to calculate conformer LYS01A0183_001 in /tmp/pbe_data.data.home.granepura.5-kinases.cof_tpl_mg.run_prot2.4LMN_LYS01A0183_001
ForkPoolWorker-1: Calling delphi to calculate conformer LYS+1A0183_002 in /tmp/pbe_data.data.home.granepura.5-kinases.cof_tpl_mg.run_prot2.4LMN_LYS+1A0183_002
ForkPoolWorker-1: Calling delphi to calculate conformer HIS01A0184_001 in /tmp/pbe_data.data.home.granepura.5-kinases.cof_tpl_mg.run_prot2.4LMN_HIS01A0184_001
ForkPoolWorker-1: Calling delphi to calculate conformer HIS02A0184_002 in /tmp/pbe_data.data.home.granepura.5-kinases.cof_tpl_mg.run_prot2.4LMN_HIS02A0184_002
ForkPoolWorker-1: Calling delphi to calculate conformer HIS+1A0184_003 in /tmp/pbe_data.data.home.granepura.5-kinases.cof_tpl_mg.run_prot2.4LMN_HIS+1A0184_003
ForkPoolWorker-1: Calling delphi to calculate conformer LYS01A0185_001 in /tmp/pbe_data.data.home.granepura.5-kinases.cof_tpl_mg.run_prot2.4LMN_LYS01A0185_001
ForkPoolWorker-1: Calling delphi to calculate conformer LYS+1A0185_002 in /tmp/pbe_data.data.home.granepura.5-kinases.cof_tpl_mg.run_prot2.4LMN_LYS+1A0185_002
Skipping PBE solver for non-charge conformer ILE01A0186_001...
ForkPoolWorker-1: Calling delphi to calculate conformer MET01A0187_001 in /tmp/pbe_data.data.home.granepura.5-kinases.cof_tpl_mg.run_prot2.4LMN_MET01A0187_001
ForkPoolWorker-1: Calling delphi to calculate conformer HIS01A0188_001 in /tmp/pbe_data.data.home.granepura.5-kinases.cof_tpl_mg.run_prot2.4LMN_HIS01A0188_001
ForkPoolWorker-1: Calling delphi to calculate conformer HIS01A0188_002 in /tmp/pbe_data.data.home.granepura.5-kinases.cof_tpl_mg.run_prot2.4LMN_HIS01A0188_002
ForkPoolWorker-1: Calling delphi to calculate conformer HIS02A0188_003 in /tmp/pbe_data.data.home.granepura.5-kinases.cof_tpl_mg.run_prot2.4LMN_HIS02A0188_003
ForkPoolWorker-1: Calling delphi to calculate conformer HIS02A0188_004 in /tmp/pbe_data.data.home.granepura.5-kinases.cof_tpl_mg.run_prot2.4LMN_HIS02A0188_004
ForkPoolWorker-1: Calling delphi to calculate conformer HIS+1A0188_005 in /tmp/pbe_data.data.home.granepura.5-kinases.cof_tpl_mg.run_prot2.4LMN_HIS+1A0188_005
ForkPoolWorker-1: Calling delphi to calculate conformer HIS+1A0188_006 in /tmp/pbe_data.data.home.granepura.5-kinases.cof_tpl_mg.run_prot2.4LMN_HIS+1A0188_006
ForkPoolWorker-1: Calling delphi to calculate conformer ARG01A0189_001 in /tmp/pbe_data.data.home.granepura.5-kinases.cof_tpl_mg.run_prot2.4LMN_ARG01A0189_001
ForkPoolWorker-1: Calling delphi to calculate conformer ARG02A0189_002 in /tmp/pbe_data.data.home.granepura.5-kinases.cof_tpl_mg.run_prot2.4LMN_ARG02A0189_002
ForkPoolWorker-1: Calling delphi to calculate conformer ARG03A0189_003 in /tmp/pbe_data.data.home.granepura.5-kinases.cof_tpl_mg.run_prot2.4LMN_ARG03A0189_003
ForkPoolWorker-1: Calling delphi to calculate conformer ARG03A0189_004 in /tmp/pbe_data.data.home.granepura.5-kinases.cof_tpl_mg.run_prot2.4LMN_ARG03A0189_004
ForkPoolWorker-1: Calling delphi to calculate conformer ARG+1A0189_005 in /tmp/pbe_data.data.home.granepura.5-kinases.cof_tpl_mg.run_prot2.4LMN_ARG+1A0189_005
ForkPoolWorker-1: Calling delphi to calculate conformer ASP01A0190_001 in /tmp/pbe_data.data.home.granepura.5-kinases.cof_tpl_mg.run_prot2.4LMN_ASP01A0190_001
ForkPoolWorker-1: Calling delphi to calculate conformer ASP01A0190_002 in /tmp/pbe_data.data.home.granepura.5-kinases.cof_tpl_mg.run_prot2.4LMN_ASP01A0190_002
ForkPoolWorker-1: Calling delphi to calculate conformer ASP02A0190_003 in /tmp/pbe_data.data.home.granepura.5-kinases.cof_tpl_mg.run_prot2.4LMN_ASP02A0190_003
ForkPoolWorker-1: Calling delphi to calculate conformer ASP02A0190_004 in /tmp/pbe_data.data.home.granepura.5-kinases.cof_tpl_mg.run_prot2.4LMN_ASP02A0190_004
ForkPoolWorker-1: Calling delphi to calculate conformer ASP-1A0190_005 in /tmp/pbe_data.data.home.granepura.5-kinases.cof_tpl_mg.run_prot2.4LMN_ASP-1A0190_005
Skipping PBE solver for non-charge conformer VAL01A0191_001...
ForkPoolWorker-1: Calling delphi to calculate conformer LYS01A0192_001 in /tmp/pbe_data.data.home.granepura.5-kinases.cof_tpl_mg.run_prot2.4LMN_LYS01A0192_001
ForkPoolWorker-1: Calling delphi to calculate conformer LYS+1A0192_002 in /tmp/pbe_data.data.home.granepura.5-kinases.cof_tpl_mg.run_prot2.4LMN_LYS+1A0192_002
Skipping PBE solver for non-charge conformer PRO01A0193_001...
ForkPoolWorker-1: Calling delphi to calculate conformer SER01A0194_001 in /tmp/pbe_data.data.home.granepura.5-kinases.cof_tpl_mg.run_prot2.4LMN_SER01A0194_001
ForkPoolWorker-1: Calling delphi to calculate conformer SER01A0194_002 in /tmp/pbe_data.data.home.granepura.5-kinases.cof_tpl_mg.run_prot2.4LMN_SER01A0194_002
ForkPoolWorker-1: Calling delphi to calculate conformer SER01A0194_003 in /tmp/pbe_data.data.home.granepura.5-kinases.cof_tpl_mg.run_prot2.4LMN_SER01A0194_003
ForkPoolWorker-1: Calling delphi to calculate conformer ASN01A0195_001 in /tmp/pbe_data.data.home.granepura.5-kinases.cof_tpl_mg.run_prot2.4LMN_ASN01A0195_001
ForkPoolWorker-1: Calling delphi to calculate conformer ASN01A0195_002 in /tmp/pbe_data.data.home.granepura.5-kinases.cof_tpl_mg.run_prot2.4LMN_ASN01A0195_002
Skipping PBE solver for non-charge conformer ILE01A0196_001...
Skipping PBE solver for non-charge conformer LEU01A0197_001...
Skipping PBE solver for non-charge conformer VAL01A0198_001...
ForkPoolWorker-1: Calling delphi to calculate conformer ASN01A0199_001 in /tmp/pbe_data.data.home.granepura.5-kinases.cof_tpl_mg.run_prot2.4LMN_ASN01A0199_001
ForkPoolWorker-1: Calling delphi to calculate conformer ASN01A0199_002 in /tmp/pbe_data.data.home.granepura.5-kinases.cof_tpl_mg.run_prot2.4LMN_ASN01A0199_002
ForkPoolWorker-1: Calling delphi to calculate conformer SER01A0200_001 in /tmp/pbe_data.data.home.granepura.5-kinases.cof_tpl_mg.run_prot2.4LMN_SER01A0200_001
ForkPoolWorker-1: Calling delphi to calculate conformer SER01A0200_002 in /tmp/pbe_data.data.home.granepura.5-kinases.cof_tpl_mg.run_prot2.4LMN_SER01A0200_002
ForkPoolWorker-1: Calling delphi to calculate conformer SER01A0200_003 in /tmp/pbe_data.data.home.granepura.5-kinases.cof_tpl_mg.run_prot2.4LMN_SER01A0200_003
ForkPoolWorker-1: Calling delphi to calculate conformer ARG01A0201_001 in /tmp/pbe_data.data.home.granepura.5-kinases.cof_tpl_mg.run_prot2.4LMN_ARG01A0201_001
ForkPoolWorker-1: Calling delphi to calculate conformer ARG02A0201_002 in /tmp/pbe_data.data.home.granepura.5-kinases.cof_tpl_mg.run_prot2.4LMN_ARG02A0201_002
ForkPoolWorker-1: Calling delphi to calculate conformer ARG03A0201_003 in /tmp/pbe_data.data.home.granepura.5-kinases.cof_tpl_mg.run_prot2.4LMN_ARG03A0201_003
ForkPoolWorker-1: Calling delphi to calculate conformer ARG+1A0201_004 in /tmp/pbe_data.data.home.granepura.5-kinases.cof_tpl_mg.run_prot2.4LMN_ARG+1A0201_004
ForkPoolWorker-1: Calling delphi to calculate conformer GLU01A0203_001 in /tmp/pbe_data.data.home.granepura.5-kinases.cof_tpl_mg.run_prot2.4LMN_GLU01A0203_001
ForkPoolWorker-1: Calling delphi to calculate conformer GLU01A0203_002 in /tmp/pbe_data.data.home.granepura.5-kinases.cof_tpl_mg.run_prot2.4LMN_GLU01A0203_002
ForkPoolWorker-1: Calling delphi to calculate conformer GLU02A0203_003 in /tmp/pbe_data.data.home.granepura.5-kinases.cof_tpl_mg.run_prot2.4LMN_GLU02A0203_003
ForkPoolWorker-1: Calling delphi to calculate conformer GLU02A0203_004 in /tmp/pbe_data.data.home.granepura.5-kinases.cof_tpl_mg.run_prot2.4LMN_GLU02A0203_004
ForkPoolWorker-1: Calling delphi to calculate conformer GLU-1A0203_005 in /tmp/pbe_data.data.home.granepura.5-kinases.cof_tpl_mg.run_prot2.4LMN_GLU-1A0203_005
Skipping PBE solver for non-charge conformer ILE01A0204_001...
ForkPoolWorker-1: Calling delphi to calculate conformer LYS01A0205_001 in /tmp/pbe_data.data.home.granepura.5-kinases.cof_tpl_mg.run_prot2.4LMN_LYS01A0205_001
ForkPoolWorker-1: Calling delphi to calculate conformer LYS+1A0205_002 in /tmp/pbe_data.data.home.granepura.5-kinases.cof_tpl_mg.run_prot2.4LMN_LYS+1A0205_002
Skipping PBE solver for non-charge conformer LEU01A0206_001...
ForkPoolWorker-1: Calling delphi to calculate conformer CYS01A0207_001 in /tmp/pbe_data.data.home.granepura.5-kinases.cof_tpl_mg.run_prot2.4LMN_CYS01A0207_001
ForkPoolWorker-1: Calling delphi to calculate conformer CYS01A0207_002 in /tmp/pbe_data.data.home.granepura.5-kinases.cof_tpl_mg.run_prot2.4LMN_CYS01A0207_002
ForkPoolWorker-1: Calling delphi to calculate conformer CYS01A0207_003 in /tmp/pbe_data.data.home.granepura.5-kinases.cof_tpl_mg.run_prot2.4LMN_CYS01A0207_003
ForkPoolWorker-1: Calling delphi to calculate conformer CYS-1A0207_004 in /tmp/pbe_data.data.home.granepura.5-kinases.cof_tpl_mg.run_prot2.4LMN_CYS-1A0207_004
ForkPoolWorker-1: Calling delphi to calculate conformer ASP01A0208_001 in /tmp/pbe_data.data.home.granepura.5-kinases.cof_tpl_mg.run_prot2.4LMN_ASP01A0208_001
ForkPoolWorker-1: Calling delphi to calculate conformer ASP01A0208_002 in /tmp/pbe_data.data.home.granepura.5-kinases.cof_tpl_mg.run_prot2.4LMN_ASP01A0208_002
ForkPoolWorker-1: Calling delphi to calculate conformer ASP02A0208_003 in /tmp/pbe_data.data.home.granepura.5-kinases.cof_tpl_mg.run_prot2.4LMN_ASP02A0208_003
ForkPoolWorker-1: Calling delphi to calculate conformer ASP02A0208_004 in /tmp/pbe_data.data.home.granepura.5-kinases.cof_tpl_mg.run_prot2.4LMN_ASP02A0208_004
ForkPoolWorker-1: Calling delphi to calculate conformer ASP-1A0208_005 in /tmp/pbe_data.data.home.granepura.5-kinases.cof_tpl_mg.run_prot2.4LMN_ASP-1A0208_005
Skipping PBE solver for non-charge conformer PHE01A0209_001...
Skipping PBE solver for non-charge conformer VAL01A0211_001...
ForkPoolWorker-1: Calling delphi to calculate conformer SER01A0212_001 in /tmp/pbe_data.data.home.granepura.5-kinases.cof_tpl_mg.run_prot2.4LMN_SER01A0212_001
ForkPoolWorker-1: Calling delphi to calculate conformer SER01A0212_002 in /tmp/pbe_data.data.home.granepura.5-kinases.cof_tpl_mg.run_prot2.4LMN_SER01A0212_002
ForkPoolWorker-1: Calling delphi to calculate conformer SER01A0212_003 in /tmp/pbe_data.data.home.granepura.5-kinases.cof_tpl_mg.run_prot2.4LMN_SER01A0212_003
ForkPoolWorker-1: Calling delphi to calculate conformer SER01A0212_004 in /tmp/pbe_data.data.home.granepura.5-kinases.cof_tpl_mg.run_prot2.4LMN_SER01A0212_004
ForkPoolWorker-1: Calling delphi to calculate conformer SER01A0212_005 in /tmp/pbe_data.data.home.granepura.5-kinases.cof_tpl_mg.run_prot2.4LMN_SER01A0212_005
ForkPoolWorker-1: Calling delphi to calculate conformer GLN01A0214_001 in /tmp/pbe_data.data.home.granepura.5-kinases.cof_tpl_mg.run_prot2.4LMN_GLN01A0214_001
ForkPoolWorker-1: Calling delphi to calculate conformer GLN01A0214_002 in /tmp/pbe_data.data.home.granepura.5-kinases.cof_tpl_mg.run_prot2.4LMN_GLN01A0214_002
Skipping PBE solver for non-charge conformer LEU01A0215_001...
Skipping PBE solver for non-charge conformer ILE01A0216_001...
ForkPoolWorker-1: Calling delphi to calculate conformer ASP01A0217_001 in /tmp/pbe_data.data.home.granepura.5-kinases.cof_tpl_mg.run_prot2.4LMN_ASP01A0217_001
ForkPoolWorker-1: Calling delphi to calculate conformer ASP01A0217_002 in /tmp/pbe_data.data.home.granepura.5-kinases.cof_tpl_mg.run_prot2.4LMN_ASP01A0217_002
ForkPoolWorker-1: Calling delphi to calculate conformer ASP02A0217_003 in /tmp/pbe_data.data.home.granepura.5-kinases.cof_tpl_mg.run_prot2.4LMN_ASP02A0217_003
ForkPoolWorker-1: Calling delphi to calculate conformer ASP02A0217_004 in /tmp/pbe_data.data.home.granepura.5-kinases.cof_tpl_mg.run_prot2.4LMN_ASP02A0217_004
ForkPoolWorker-1: Calling delphi to calculate conformer ASP-1A0217_005 in /tmp/pbe_data.data.home.granepura.5-kinases.cof_tpl_mg.run_prot2.4LMN_ASP-1A0217_005
ForkPoolWorker-1: Calling delphi to calculate conformer SER01A0218_001 in /tmp/pbe_data.data.home.granepura.5-kinases.cof_tpl_mg.run_prot2.4LMN_SER01A0218_001
ForkPoolWorker-1: Calling delphi to calculate conformer SER01A0218_002 in /tmp/pbe_data.data.home.granepura.5-kinases.cof_tpl_mg.run_prot2.4LMN_SER01A0218_002
ForkPoolWorker-1: Calling delphi to calculate conformer SER01A0218_003 in /tmp/pbe_data.data.home.granepura.5-kinases.cof_tpl_mg.run_prot2.4LMN_SER01A0218_003
ForkPoolWorker-1: Calling delphi to calculate conformer MET01A0219_001 in /tmp/pbe_data.data.home.granepura.5-kinases.cof_tpl_mg.run_prot2.4LMN_MET01A0219_001
Skipping PBE solver for non-charge conformer ALA01A0220_001...
ForkPoolWorker-1: Calling delphi to calculate conformer ASN01A0221_001 in /tmp/pbe_data.data.home.granepura.5-kinases.cof_tpl_mg.run_prot2.4LMN_ASN01A0221_001
ForkPoolWorker-1: Calling delphi to calculate conformer ASN01A0221_002 in /tmp/pbe_data.data.home.granepura.5-kinases.cof_tpl_mg.run_prot2.4LMN_ASN01A0221_002
ForkPoolWorker-1: Calling delphi to calculate conformer SER01A0222_001 in /tmp/pbe_data.data.home.granepura.5-kinases.cof_tpl_mg.run_prot2.4LMN_SER01A0222_001
ForkPoolWorker-1: Calling delphi to calculate conformer SER01A0222_002 in /tmp/pbe_data.data.home.granepura.5-kinases.cof_tpl_mg.run_prot2.4LMN_SER01A0222_002
Skipping PBE solver for non-charge conformer PHE01A0223_001...
Skipping PBE solver for non-charge conformer VAL01A0224_001...
ForkPoolWorker-1: Calling delphi to calculate conformer THR01A0226_001 in /tmp/pbe_data.data.home.granepura.5-kinases.cof_tpl_mg.run_prot2.4LMN_THR01A0226_001
ForkPoolWorker-1: Calling delphi to calculate conformer ARG01A0227_001 in /tmp/pbe_data.data.home.granepura.5-kinases.cof_tpl_mg.run_prot2.4LMN_ARG01A0227_001
ForkPoolWorker-1: Calling delphi to calculate conformer ARG02A0227_002 in /tmp/pbe_data.data.home.granepura.5-kinases.cof_tpl_mg.run_prot2.4LMN_ARG02A0227_002
ForkPoolWorker-1: Calling delphi to calculate conformer ARG02A0227_003 in /tmp/pbe_data.data.home.granepura.5-kinases.cof_tpl_mg.run_prot2.4LMN_ARG02A0227_003
ForkPoolWorker-1: Calling delphi to calculate conformer ARG03A0227_004 in /tmp/pbe_data.data.home.granepura.5-kinases.cof_tpl_mg.run_prot2.4LMN_ARG03A0227_004
ForkPoolWorker-1: Calling delphi to calculate conformer ARG03A0227_005 in /tmp/pbe_data.data.home.granepura.5-kinases.cof_tpl_mg.run_prot2.4LMN_ARG03A0227_005
ForkPoolWorker-1: Calling delphi to calculate conformer ARG+1A0227_006 in /tmp/pbe_data.data.home.granepura.5-kinases.cof_tpl_mg.run_prot2.4LMN_ARG+1A0227_006
ForkPoolWorker-1: Calling delphi to calculate conformer SER01A0228_001 in /tmp/pbe_data.data.home.granepura.5-kinases.cof_tpl_mg.run_prot2.4LMN_SER01A0228_001
ForkPoolWorker-1: Calling delphi to calculate conformer SER01A0228_002 in /tmp/pbe_data.data.home.granepura.5-kinases.cof_tpl_mg.run_prot2.4LMN_SER01A0228_002
ForkPoolWorker-1: Calling delphi to calculate conformer TYR01A0229_001 in /tmp/pbe_data.data.home.granepura.5-kinases.cof_tpl_mg.run_prot2.4LMN_TYR01A0229_001
ForkPoolWorker-1: Calling delphi to calculate conformer TYR01A0229_002 in /tmp/pbe_data.data.home.granepura.5-kinases.cof_tpl_mg.run_prot2.4LMN_TYR01A0229_002
ForkPoolWorker-1: Calling delphi to calculate conformer TYR-1A0229_003 in /tmp/pbe_data.data.home.granepura.5-kinases.cof_tpl_mg.run_prot2.4LMN_TYR-1A0229_003
ForkPoolWorker-1: Calling delphi to calculate conformer MET01A0230_001 in /tmp/pbe_data.data.home.granepura.5-kinases.cof_tpl_mg.run_prot2.4LMN_MET01A0230_001
ForkPoolWorker-1: Calling delphi to calculate conformer SER01A0231_001 in /tmp/pbe_data.data.home.granepura.5-kinases.cof_tpl_mg.run_prot2.4LMN_SER01A0231_001
ForkPoolWorker-1: Calling delphi to calculate conformer SER01A0231_002 in /tmp/pbe_data.data.home.granepura.5-kinases.cof_tpl_mg.run_prot2.4LMN_SER01A0231_002
ForkPoolWorker-1: Calling delphi to calculate conformer SER01A0231_003 in /tmp/pbe_data.data.home.granepura.5-kinases.cof_tpl_mg.run_prot2.4LMN_SER01A0231_003
ForkPoolWorker-1: Calling delphi to calculate conformer SER01A0231_004 in /tmp/pbe_data.data.home.granepura.5-kinases.cof_tpl_mg.run_prot2.4LMN_SER01A0231_004
ForkPoolWorker-1: Calling delphi to calculate conformer SER01A0231_005 in /tmp/pbe_data.data.home.granepura.5-kinases.cof_tpl_mg.run_prot2.4LMN_SER01A0231_005
ForkPoolWorker-1: Calling delphi to calculate conformer SER01A0231_006 in /tmp/pbe_data.data.home.granepura.5-kinases.cof_tpl_mg.run_prot2.4LMN_SER01A0231_006
ForkPoolWorker-1: Calling delphi to calculate conformer SER01A0231_007 in /tmp/pbe_data.data.home.granepura.5-kinases.cof_tpl_mg.run_prot2.4LMN_SER01A0231_007
ForkPoolWorker-1: Calling delphi to calculate conformer SER01A0231_008 in /tmp/pbe_data.data.home.granepura.5-kinases.cof_tpl_mg.run_prot2.4LMN_SER01A0231_008
Skipping PBE solver for non-charge conformer PRO01A0232_001...
ForkPoolWorker-1: Calling delphi to calculate conformer GLU01A0233_001 in /tmp/pbe_data.data.home.granepura.5-kinases.cof_tpl_mg.run_prot2.4LMN_GLU01A0233_001
ForkPoolWorker-1: Calling delphi to calculate conformer GLU01A0233_002 in /tmp/pbe_data.data.home.granepura.5-kinases.cof_tpl_mg.run_prot2.4LMN_GLU01A0233_002
ForkPoolWorker-1: Calling delphi to calculate conformer GLU02A0233_003 in /tmp/pbe_data.data.home.granepura.5-kinases.cof_tpl_mg.run_prot2.4LMN_GLU02A0233_003
ForkPoolWorker-1: Calling delphi to calculate conformer GLU02A0233_004 in /tmp/pbe_data.data.home.granepura.5-kinases.cof_tpl_mg.run_prot2.4LMN_GLU02A0233_004
ForkPoolWorker-1: Calling delphi to calculate conformer GLU-1A0233_005 in /tmp/pbe_data.data.home.granepura.5-kinases.cof_tpl_mg.run_prot2.4LMN_GLU-1A0233_005
ForkPoolWorker-1: Calling delphi to calculate conformer ARG01A0234_001 in /tmp/pbe_data.data.home.granepura.5-kinases.cof_tpl_mg.run_prot2.4LMN_ARG01A0234_001
ForkPoolWorker-1: Calling delphi to calculate conformer ARG02A0234_002 in /tmp/pbe_data.data.home.granepura.5-kinases.cof_tpl_mg.run_prot2.4LMN_ARG02A0234_002
ForkPoolWorker-1: Calling delphi to calculate conformer ARG03A0234_003 in /tmp/pbe_data.data.home.granepura.5-kinases.cof_tpl_mg.run_prot2.4LMN_ARG03A0234_003
ForkPoolWorker-1: Calling delphi to calculate conformer ARG+1A0234_004 in /tmp/pbe_data.data.home.granepura.5-kinases.cof_tpl_mg.run_prot2.4LMN_ARG+1A0234_004
Skipping PBE solver for non-charge conformer LEU01A0235_001...
ForkPoolWorker-1: Calling delphi to calculate conformer GLN01A0236_001 in /tmp/pbe_data.data.home.granepura.5-kinases.cof_tpl_mg.run_prot2.4LMN_GLN01A0236_001
ForkPoolWorker-1: Calling delphi to calculate conformer GLN01A0236_002 in /tmp/pbe_data.data.home.granepura.5-kinases.cof_tpl_mg.run_prot2.4LMN_GLN01A0236_002
ForkPoolWorker-1: Calling delphi to calculate conformer THR01A0238_001 in /tmp/pbe_data.data.home.granepura.5-kinases.cof_tpl_mg.run_prot2.4LMN_THR01A0238_001
ForkPoolWorker-1: Calling delphi to calculate conformer HIS01A0239_001 in /tmp/pbe_data.data.home.granepura.5-kinases.cof_tpl_mg.run_prot2.4LMN_HIS01A0239_001
ForkPoolWorker-1: Calling delphi to calculate conformer HIS01A0239_002 in /tmp/pbe_data.data.home.granepura.5-kinases.cof_tpl_mg.run_prot2.4LMN_HIS01A0239_002
ForkPoolWorker-1: Calling delphi to calculate conformer HIS02A0239_003 in /tmp/pbe_data.data.home.granepura.5-kinases.cof_tpl_mg.run_prot2.4LMN_HIS02A0239_003
ForkPoolWorker-1: Calling delphi to calculate conformer HIS02A0239_004 in /tmp/pbe_data.data.home.granepura.5-kinases.cof_tpl_mg.run_prot2.4LMN_HIS02A0239_004
ForkPoolWorker-1: Calling delphi to calculate conformer HIS+1A0239_005 in /tmp/pbe_data.data.home.granepura.5-kinases.cof_tpl_mg.run_prot2.4LMN_HIS+1A0239_005
ForkPoolWorker-1: Calling delphi to calculate conformer HIS+1A0239_006 in /tmp/pbe_data.data.home.granepura.5-kinases.cof_tpl_mg.run_prot2.4LMN_HIS+1A0239_006
ForkPoolWorker-1: Calling delphi to calculate conformer TYR01A0240_001 in /tmp/pbe_data.data.home.granepura.5-kinases.cof_tpl_mg.run_prot2.4LMN_TYR01A0240_001
ForkPoolWorker-1: Calling delphi to calculate conformer TYR01A0240_002 in /tmp/pbe_data.data.home.granepura.5-kinases.cof_tpl_mg.run_prot2.4LMN_TYR01A0240_002
ForkPoolWorker-1: Calling delphi to calculate conformer TYR-1A0240_003 in /tmp/pbe_data.data.home.granepura.5-kinases.cof_tpl_mg.run_prot2.4LMN_TYR-1A0240_003
ForkPoolWorker-1: Calling delphi to calculate conformer SER01A0241_001 in /tmp/pbe_data.data.home.granepura.5-kinases.cof_tpl_mg.run_prot2.4LMN_SER01A0241_001
ForkPoolWorker-1: Calling delphi to calculate conformer SER01A0241_002 in /tmp/pbe_data.data.home.granepura.5-kinases.cof_tpl_mg.run_prot2.4LMN_SER01A0241_002
Skipping PBE solver for non-charge conformer VAL01A0242_001...
ForkPoolWorker-1: Calling delphi to calculate conformer GLN01A0243_001 in /tmp/pbe_data.data.home.granepura.5-kinases.cof_tpl_mg.run_prot2.4LMN_GLN01A0243_001
ForkPoolWorker-1: Calling delphi to calculate conformer GLN01A0243_002 in /tmp/pbe_data.data.home.granepura.5-kinases.cof_tpl_mg.run_prot2.4LMN_GLN01A0243_002
ForkPoolWorker-1: Calling delphi to calculate conformer SER01A0244_001 in /tmp/pbe_data.data.home.granepura.5-kinases.cof_tpl_mg.run_prot2.4LMN_SER01A0244_001
ForkPoolWorker-1: Calling delphi to calculate conformer SER01A0244_002 in /tmp/pbe_data.data.home.granepura.5-kinases.cof_tpl_mg.run_prot2.4LMN_SER01A0244_002
ForkPoolWorker-1: Calling delphi to calculate conformer ASP01A0245_001 in /tmp/pbe_data.data.home.granepura.5-kinases.cof_tpl_mg.run_prot2.4LMN_ASP01A0245_001
ForkPoolWorker-1: Calling delphi to calculate conformer ASP01A0245_002 in /tmp/pbe_data.data.home.granepura.5-kinases.cof_tpl_mg.run_prot2.4LMN_ASP01A0245_002
ForkPoolWorker-1: Calling delphi to calculate conformer ASP02A0245_003 in /tmp/pbe_data.data.home.granepura.5-kinases.cof_tpl_mg.run_prot2.4LMN_ASP02A0245_003
ForkPoolWorker-1: Calling delphi to calculate conformer ASP02A0245_004 in /tmp/pbe_data.data.home.granepura.5-kinases.cof_tpl_mg.run_prot2.4LMN_ASP02A0245_004
ForkPoolWorker-1: Calling delphi to calculate conformer ASP-1A0245_005 in /tmp/pbe_data.data.home.granepura.5-kinases.cof_tpl_mg.run_prot2.4LMN_ASP-1A0245_005
Skipping PBE solver for non-charge conformer ILE01A0246_001...
Skipping PBE solver for non-charge conformer TRP01A0247_001...
ForkPoolWorker-1: Calling delphi to calculate conformer SER01A0248_001 in /tmp/pbe_data.data.home.granepura.5-kinases.cof_tpl_mg.run_prot2.4LMN_SER01A0248_001
ForkPoolWorker-1: Calling delphi to calculate conformer SER01A0248_002 in /tmp/pbe_data.data.home.granepura.5-kinases.cof_tpl_mg.run_prot2.4LMN_SER01A0248_002
ForkPoolWorker-1: Calling delphi to calculate conformer MET01A0249_001 in /tmp/pbe_data.data.home.granepura.5-kinases.cof_tpl_mg.run_prot2.4LMN_MET01A0249_001
Skipping PBE solver for non-charge conformer LEU01A0251_001...
ForkPoolWorker-1: Calling delphi to calculate conformer SER01A0252_001 in /tmp/pbe_data.data.home.granepura.5-kinases.cof_tpl_mg.run_prot2.4LMN_SER01A0252_001
ForkPoolWorker-1: Calling delphi to calculate conformer SER01A0252_002 in /tmp/pbe_data.data.home.granepura.5-kinases.cof_tpl_mg.run_prot2.4LMN_SER01A0252_002
ForkPoolWorker-1: Calling delphi to calculate conformer SER01A0252_003 in /tmp/pbe_data.data.home.granepura.5-kinases.cof_tpl_mg.run_prot2.4LMN_SER01A0252_003
Skipping PBE solver for non-charge conformer LEU01A0253_001...
Skipping PBE solver for non-charge conformer VAL01A0254_001...
ForkPoolWorker-1: Calling delphi to calculate conformer GLU01A0255_001 in /tmp/pbe_data.data.home.granepura.5-kinases.cof_tpl_mg.run_prot2.4LMN_GLU01A0255_001
ForkPoolWorker-1: Calling delphi to calculate conformer GLU01A0255_002 in /tmp/pbe_data.data.home.granepura.5-kinases.cof_tpl_mg.run_prot2.4LMN_GLU01A0255_002
ForkPoolWorker-1: Calling delphi to calculate conformer GLU02A0255_003 in /tmp/pbe_data.data.home.granepura.5-kinases.cof_tpl_mg.run_prot2.4LMN_GLU02A0255_003
ForkPoolWorker-1: Calling delphi to calculate conformer GLU02A0255_004 in /tmp/pbe_data.data.home.granepura.5-kinases.cof_tpl_mg.run_prot2.4LMN_GLU02A0255_004
ForkPoolWorker-1: Calling delphi to calculate conformer GLU-1A0255_005 in /tmp/pbe_data.data.home.granepura.5-kinases.cof_tpl_mg.run_prot2.4LMN_GLU-1A0255_005
ForkPoolWorker-1: Calling delphi to calculate conformer MET01A0256_001 in /tmp/pbe_data.data.home.granepura.5-kinases.cof_tpl_mg.run_prot2.4LMN_MET01A0256_001
Skipping PBE solver for non-charge conformer ALA01A0257_001...
Skipping PBE solver for non-charge conformer VAL01A0258_001...
ForkPoolWorker-1: Calling delphi to calculate conformer ARG01A0260_001 in /tmp/pbe_data.data.home.granepura.5-kinases.cof_tpl_mg.run_prot2.4LMN_ARG01A0260_001
ForkPoolWorker-1: Calling delphi to calculate conformer ARG02A0260_002 in /tmp/pbe_data.data.home.granepura.5-kinases.cof_tpl_mg.run_prot2.4LMN_ARG02A0260_002
ForkPoolWorker-1: Calling delphi to calculate conformer ARG03A0260_003 in /tmp/pbe_data.data.home.granepura.5-kinases.cof_tpl_mg.run_prot2.4LMN_ARG03A0260_003
ForkPoolWorker-1: Calling delphi to calculate conformer ARG+1A0260_004 in /tmp/pbe_data.data.home.granepura.5-kinases.cof_tpl_mg.run_prot2.4LMN_ARG+1A0260_004
ForkPoolWorker-1: Calling delphi to calculate conformer TYR01A0261_001 in /tmp/pbe_data.data.home.granepura.5-kinases.cof_tpl_mg.run_prot2.4LMN_TYR01A0261_001
ForkPoolWorker-1: Calling delphi to calculate conformer TYR01A0261_002 in /tmp/pbe_data.data.home.granepura.5-kinases.cof_tpl_mg.run_prot2.4LMN_TYR01A0261_002
ForkPoolWorker-1: Calling delphi to calculate conformer TYR-1A0261_003 in /tmp/pbe_data.data.home.granepura.5-kinases.cof_tpl_mg.run_prot2.4LMN_TYR-1A0261_003
Skipping PBE solver for non-charge conformer PRO01A0262_001...
Skipping PBE solver for non-charge conformer ILE01A0263_001...
Skipping PBE solver for non-charge conformer PRO01A0264_001...
Skipping PBE solver for non-charge conformer PRO01A0265_001...
Skipping PBE solver for non-charge conformer PRO01A0266_001...
ForkPoolWorker-1: Calling delphi to calculate conformer ASP01A0267_001 in /tmp/pbe_data.data.home.granepura.5-kinases.cof_tpl_mg.run_prot2.4LMN_ASP01A0267_001
ForkPoolWorker-1: Calling delphi to calculate conformer ASP01A0267_002 in /tmp/pbe_data.data.home.granepura.5-kinases.cof_tpl_mg.run_prot2.4LMN_ASP01A0267_002
ForkPoolWorker-1: Calling delphi to calculate conformer ASP02A0267_003 in /tmp/pbe_data.data.home.granepura.5-kinases.cof_tpl_mg.run_prot2.4LMN_ASP02A0267_003
ForkPoolWorker-1: Calling delphi to calculate conformer ASP02A0267_004 in /tmp/pbe_data.data.home.granepura.5-kinases.cof_tpl_mg.run_prot2.4LMN_ASP02A0267_004
ForkPoolWorker-1: Calling delphi to calculate conformer ASP-1A0267_005 in /tmp/pbe_data.data.home.granepura.5-kinases.cof_tpl_mg.run_prot2.4LMN_ASP-1A0267_005
Skipping PBE solver for non-charge conformer ALA01A0268_001...
ForkPoolWorker-1: Calling delphi to calculate conformer LYS01A0269_001 in /tmp/pbe_data.data.home.granepura.5-kinases.cof_tpl_mg.run_prot2.4LMN_LYS01A0269_001
ForkPoolWorker-1: Calling delphi to calculate conformer LYS+1A0269_002 in /tmp/pbe_data.data.home.granepura.5-kinases.cof_tpl_mg.run_prot2.4LMN_LYS+1A0269_002
ForkPoolWorker-1: Calling delphi to calculate conformer GLU01A0270_001 in /tmp/pbe_data.data.home.granepura.5-kinases.cof_tpl_mg.run_prot2.4LMN_GLU01A0270_001
ForkPoolWorker-1: Calling delphi to calculate conformer GLU01A0270_002 in /tmp/pbe_data.data.home.granepura.5-kinases.cof_tpl_mg.run_prot2.4LMN_GLU01A0270_002
ForkPoolWorker-1: Calling delphi to calculate conformer GLU02A0270_003 in /tmp/pbe_data.data.home.granepura.5-kinases.cof_tpl_mg.run_prot2.4LMN_GLU02A0270_003
ForkPoolWorker-1: Calling delphi to calculate conformer GLU02A0270_004 in /tmp/pbe_data.data.home.granepura.5-kinases.cof_tpl_mg.run_prot2.4LMN_GLU02A0270_004
ForkPoolWorker-1: Calling delphi to calculate conformer GLU-1A0270_005 in /tmp/pbe_data.data.home.granepura.5-kinases.cof_tpl_mg.run_prot2.4LMN_GLU-1A0270_005
Skipping PBE solver for non-charge conformer LEU01A0271_001...
ForkPoolWorker-1: Calling delphi to calculate conformer GLU01A0272_001 in /tmp/pbe_data.data.home.granepura.5-kinases.cof_tpl_mg.run_prot2.4LMN_GLU01A0272_001
ForkPoolWorker-1: Calling delphi to calculate conformer GLU01A0272_002 in /tmp/pbe_data.data.home.granepura.5-kinases.cof_tpl_mg.run_prot2.4LMN_GLU01A0272_002
ForkPoolWorker-1: Calling delphi to calculate conformer GLU02A0272_003 in /tmp/pbe_data.data.home.granepura.5-kinases.cof_tpl_mg.run_prot2.4LMN_GLU02A0272_003
ForkPoolWorker-1: Calling delphi to calculate conformer GLU02A0272_004 in /tmp/pbe_data.data.home.granepura.5-kinases.cof_tpl_mg.run_prot2.4LMN_GLU02A0272_004
ForkPoolWorker-1: Calling delphi to calculate conformer GLU-1A0272_005 in /tmp/pbe_data.data.home.granepura.5-kinases.cof_tpl_mg.run_prot2.4LMN_GLU-1A0272_005
Skipping PBE solver for non-charge conformer LEU01A0273_001...
ForkPoolWorker-1: Calling delphi to calculate conformer MET01A0274_001 in /tmp/pbe_data.data.home.granepura.5-kinases.cof_tpl_mg.run_prot2.4LMN_MET01A0274_001
Skipping PBE solver for non-charge conformer PHE01A0275_001...
Skipping PBE solver for non-charge conformer PRO01A0306_001...
Skipping PBE solver for non-charge conformer PRO01A0307_001...
ForkPoolWorker-1: Calling delphi to calculate conformer MET01A0308_001 in /tmp/pbe_data.data.home.granepura.5-kinases.cof_tpl_mg.run_prot2.4LMN_MET01A0308_001
Skipping PBE solver for non-charge conformer ALA01A0309_001...
Skipping PBE solver for non-charge conformer ILE01A0310_001...
Skipping PBE solver for non-charge conformer PHE01A0311_001...
ForkPoolWorker-1: Calling delphi to calculate conformer GLU01A0312_001 in /tmp/pbe_data.data.home.granepura.5-kinases.cof_tpl_mg.run_prot2.4LMN_GLU01A0312_001
ForkPoolWorker-1: Calling delphi to calculate conformer GLU01A0312_002 in /tmp/pbe_data.data.home.granepura.5-kinases.cof_tpl_mg.run_prot2.4LMN_GLU01A0312_002
ForkPoolWorker-1: Calling delphi to calculate conformer GLU02A0312_003 in /tmp/pbe_data.data.home.granepura.5-kinases.cof_tpl_mg.run_prot2.4LMN_GLU02A0312_003
ForkPoolWorker-1: Calling delphi to calculate conformer GLU02A0312_004 in /tmp/pbe_data.data.home.granepura.5-kinases.cof_tpl_mg.run_prot2.4LMN_GLU02A0312_004
ForkPoolWorker-1: Calling delphi to calculate conformer GLU-1A0312_005 in /tmp/pbe_data.data.home.granepura.5-kinases.cof_tpl_mg.run_prot2.4LMN_GLU-1A0312_005
Skipping PBE solver for non-charge conformer LEU01A0313_001...
Skipping PBE solver for non-charge conformer LEU01A0314_001...
ForkPoolWorker-1: Calling delphi to calculate conformer ASP01A0315_001 in /tmp/pbe_data.data.home.granepura.5-kinases.cof_tpl_mg.run_prot2.4LMN_ASP01A0315_001
ForkPoolWorker-1: Calling delphi to calculate conformer ASP01A0315_002 in /tmp/pbe_data.data.home.granepura.5-kinases.cof_tpl_mg.run_prot2.4LMN_ASP01A0315_002
ForkPoolWorker-1: Calling delphi to calculate conformer ASP02A0315_003 in /tmp/pbe_data.data.home.granepura.5-kinases.cof_tpl_mg.run_prot2.4LMN_ASP02A0315_003
ForkPoolWorker-1: Calling delphi to calculate conformer ASP02A0315_004 in /tmp/pbe_data.data.home.granepura.5-kinases.cof_tpl_mg.run_prot2.4LMN_ASP02A0315_004
ForkPoolWorker-1: Calling delphi to calculate conformer ASP-1A0315_005 in /tmp/pbe_data.data.home.granepura.5-kinases.cof_tpl_mg.run_prot2.4LMN_ASP-1A0315_005
ForkPoolWorker-1: Calling delphi to calculate conformer TYR01A0316_001 in /tmp/pbe_data.data.home.granepura.5-kinases.cof_tpl_mg.run_prot2.4LMN_TYR01A0316_001
ForkPoolWorker-1: Calling delphi to calculate conformer TYR-1A0316_002 in /tmp/pbe_data.data.home.granepura.5-kinases.cof_tpl_mg.run_prot2.4LMN_TYR-1A0316_002
Skipping PBE solver for non-charge conformer ILE01A0317_001...
Skipping PBE solver for non-charge conformer VAL01A0318_001...
ForkPoolWorker-1: Calling delphi to calculate conformer ASN01A0319_001 in /tmp/pbe_data.data.home.granepura.5-kinases.cof_tpl_mg.run_prot2.4LMN_ASN01A0319_001
ForkPoolWorker-1: Calling delphi to calculate conformer ASN01A0319_002 in /tmp/pbe_data.data.home.granepura.5-kinases.cof_tpl_mg.run_prot2.4LMN_ASN01A0319_002
ForkPoolWorker-1: Calling delphi to calculate conformer GLU01A0320_001 in /tmp/pbe_data.data.home.granepura.5-kinases.cof_tpl_mg.run_prot2.4LMN_GLU01A0320_001
ForkPoolWorker-1: Calling delphi to calculate conformer GLU01A0320_002 in /tmp/pbe_data.data.home.granepura.5-kinases.cof_tpl_mg.run_prot2.4LMN_GLU01A0320_002
ForkPoolWorker-1: Calling delphi to calculate conformer GLU02A0320_003 in /tmp/pbe_data.data.home.granepura.5-kinases.cof_tpl_mg.run_prot2.4LMN_GLU02A0320_003
ForkPoolWorker-1: Calling delphi to calculate conformer GLU02A0320_004 in /tmp/pbe_data.data.home.granepura.5-kinases.cof_tpl_mg.run_prot2.4LMN_GLU02A0320_004
ForkPoolWorker-1: Calling delphi to calculate conformer GLU-1A0320_005 in /tmp/pbe_data.data.home.granepura.5-kinases.cof_tpl_mg.run_prot2.4LMN_GLU-1A0320_005
Skipping PBE solver for non-charge conformer PRO01A0321_001...
Skipping PBE solver for non-charge conformer PRO01A0322_001...
Skipping PBE solver for non-charge conformer PRO01A0323_001...
ForkPoolWorker-1: Calling delphi to calculate conformer LYS01A0324_001 in /tmp/pbe_data.data.home.granepura.5-kinases.cof_tpl_mg.run_prot2.4LMN_LYS01A0324_001
ForkPoolWorker-1: Calling delphi to calculate conformer LYS+1A0324_002 in /tmp/pbe_data.data.home.granepura.5-kinases.cof_tpl_mg.run_prot2.4LMN_LYS+1A0324_002
Skipping PBE solver for non-charge conformer LEU01A0325_001...
Skipping PBE solver for non-charge conformer PRO01A0326_001...
ForkPoolWorker-1: Calling delphi to calculate conformer SER01A0327_001 in /tmp/pbe_data.data.home.granepura.5-kinases.cof_tpl_mg.run_prot2.4LMN_SER01A0327_001
Skipping PBE solver for non-charge conformer VAL01A0329_001...
Skipping PBE solver for non-charge conformer PHE01A0330_001...
ForkPoolWorker-1: Calling delphi to calculate conformer SER01A0331_001 in /tmp/pbe_data.data.home.granepura.5-kinases.cof_tpl_mg.run_prot2.4LMN_SER01A0331_001
ForkPoolWorker-1: Calling delphi to calculate conformer SER01A0331_002 in /tmp/pbe_data.data.home.granepura.5-kinases.cof_tpl_mg.run_prot2.4LMN_SER01A0331_002
ForkPoolWorker-1: Calling delphi to calculate conformer SER01A0331_003 in /tmp/pbe_data.data.home.granepura.5-kinases.cof_tpl_mg.run_prot2.4LMN_SER01A0331_003
ForkPoolWorker-1: Calling delphi to calculate conformer SER01A0331_004 in /tmp/pbe_data.data.home.granepura.5-kinases.cof_tpl_mg.run_prot2.4LMN_SER01A0331_004
ForkPoolWorker-1: Calling delphi to calculate conformer SER01A0331_005 in /tmp/pbe_data.data.home.granepura.5-kinases.cof_tpl_mg.run_prot2.4LMN_SER01A0331_005
ForkPoolWorker-1: Calling delphi to calculate conformer SER01A0331_006 in /tmp/pbe_data.data.home.granepura.5-kinases.cof_tpl_mg.run_prot2.4LMN_SER01A0331_006
ForkPoolWorker-1: Calling delphi to calculate conformer SER01A0331_007 in /tmp/pbe_data.data.home.granepura.5-kinases.cof_tpl_mg.run_prot2.4LMN_SER01A0331_007
ForkPoolWorker-1: Calling delphi to calculate conformer SER01A0331_008 in /tmp/pbe_data.data.home.granepura.5-kinases.cof_tpl_mg.run_prot2.4LMN_SER01A0331_008
ForkPoolWorker-1: Calling delphi to calculate conformer SER01A0331_009 in /tmp/pbe_data.data.home.granepura.5-kinases.cof_tpl_mg.run_prot2.4LMN_SER01A0331_009
Skipping PBE solver for non-charge conformer LEU01A0332_001...
ForkPoolWorker-1: Calling delphi to calculate conformer GLU01A0333_001 in /tmp/pbe_data.data.home.granepura.5-kinases.cof_tpl_mg.run_prot2.4LMN_GLU01A0333_001
ForkPoolWorker-1: Calling delphi to calculate conformer GLU01A0333_002 in /tmp/pbe_data.data.home.granepura.5-kinases.cof_tpl_mg.run_prot2.4LMN_GLU01A0333_002
ForkPoolWorker-1: Calling delphi to calculate conformer GLU02A0333_003 in /tmp/pbe_data.data.home.granepura.5-kinases.cof_tpl_mg.run_prot2.4LMN_GLU02A0333_003
ForkPoolWorker-1: Calling delphi to calculate conformer GLU02A0333_004 in /tmp/pbe_data.data.home.granepura.5-kinases.cof_tpl_mg.run_prot2.4LMN_GLU02A0333_004
ForkPoolWorker-1: Calling delphi to calculate conformer GLU-1A0333_005 in /tmp/pbe_data.data.home.granepura.5-kinases.cof_tpl_mg.run_prot2.4LMN_GLU-1A0333_005
Skipping PBE solver for non-charge conformer PHE01A0334_001...
ForkPoolWorker-1: Calling delphi to calculate conformer GLN01A0335_001 in /tmp/pbe_data.data.home.granepura.5-kinases.cof_tpl_mg.run_prot2.4LMN_GLN01A0335_001
ForkPoolWorker-1: Calling delphi to calculate conformer GLN01A0335_002 in /tmp/pbe_data.data.home.granepura.5-kinases.cof_tpl_mg.run_prot2.4LMN_GLN01A0335_002
ForkPoolWorker-1: Calling delphi to calculate conformer ASP01A0336_001 in /tmp/pbe_data.data.home.granepura.5-kinases.cof_tpl_mg.run_prot2.4LMN_ASP01A0336_001
ForkPoolWorker-1: Calling delphi to calculate conformer ASP01A0336_002 in /tmp/pbe_data.data.home.granepura.5-kinases.cof_tpl_mg.run_prot2.4LMN_ASP01A0336_002
ForkPoolWorker-1: Calling delphi to calculate conformer ASP02A0336_003 in /tmp/pbe_data.data.home.granepura.5-kinases.cof_tpl_mg.run_prot2.4LMN_ASP02A0336_003
ForkPoolWorker-1: Calling delphi to calculate conformer ASP02A0336_004 in /tmp/pbe_data.data.home.granepura.5-kinases.cof_tpl_mg.run_prot2.4LMN_ASP02A0336_004
ForkPoolWorker-1: Calling delphi to calculate conformer ASP02A0336_005 in /tmp/pbe_data.data.home.granepura.5-kinases.cof_tpl_mg.run_prot2.4LMN_ASP02A0336_005
ForkPoolWorker-1: Calling delphi to calculate conformer ASP-1A0336_006 in /tmp/pbe_data.data.home.granepura.5-kinases.cof_tpl_mg.run_prot2.4LMN_ASP-1A0336_006
Skipping PBE solver for non-charge conformer PHE01A0337_001...
Skipping PBE solver for non-charge conformer VAL01A0338_001...
ForkPoolWorker-1: Calling delphi to calculate conformer ASN01A0339_001 in /tmp/pbe_data.data.home.granepura.5-kinases.cof_tpl_mg.run_prot2.4LMN_ASN01A0339_001
ForkPoolWorker-1: Calling delphi to calculate conformer ASN01A0339_002 in /tmp/pbe_data.data.home.granepura.5-kinases.cof_tpl_mg.run_prot2.4LMN_ASN01A0339_002
ForkPoolWorker-1: Calling delphi to calculate conformer LYS01A0340_001 in /tmp/pbe_data.data.home.granepura.5-kinases.cof_tpl_mg.run_prot2.4LMN_LYS01A0340_001
ForkPoolWorker-1: Calling delphi to calculate conformer LYS+1A0340_002 in /tmp/pbe_data.data.home.granepura.5-kinases.cof_tpl_mg.run_prot2.4LMN_LYS+1A0340_002
ForkPoolWorker-1: Calling delphi to calculate conformer CYS01A0341_001 in /tmp/pbe_data.data.home.granepura.5-kinases.cof_tpl_mg.run_prot2.4LMN_CYS01A0341_001
ForkPoolWorker-1: Calling delphi to calculate conformer CYS01A0341_002 in /tmp/pbe_data.data.home.granepura.5-kinases.cof_tpl_mg.run_prot2.4LMN_CYS01A0341_002
ForkPoolWorker-1: Calling delphi to calculate conformer CYS01A0341_003 in /tmp/pbe_data.data.home.granepura.5-kinases.cof_tpl_mg.run_prot2.4LMN_CYS01A0341_003
ForkPoolWorker-1: Calling delphi to calculate conformer CYS-1A0341_004 in /tmp/pbe_data.data.home.granepura.5-kinases.cof_tpl_mg.run_prot2.4LMN_CYS-1A0341_004
Skipping PBE solver for non-charge conformer LEU01A0342_001...
Skipping PBE solver for non-charge conformer ILE01A0343_001...
ForkPoolWorker-1: Calling delphi to calculate conformer LYS01A0344_001 in /tmp/pbe_data.data.home.granepura.5-kinases.cof_tpl_mg.run_prot2.4LMN_LYS01A0344_001
ForkPoolWorker-1: Calling delphi to calculate conformer LYS+1A0344_002 in /tmp/pbe_data.data.home.granepura.5-kinases.cof_tpl_mg.run_prot2.4LMN_LYS+1A0344_002
ForkPoolWorker-1: Calling delphi to calculate conformer ASN01A0345_001 in /tmp/pbe_data.data.home.granepura.5-kinases.cof_tpl_mg.run_prot2.4LMN_ASN01A0345_001
ForkPoolWorker-1: Calling delphi to calculate conformer ASN01A0345_002 in /tmp/pbe_data.data.home.granepura.5-kinases.cof_tpl_mg.run_prot2.4LMN_ASN01A0345_002
Skipping PBE solver for non-charge conformer PRO01A0346_001...
Skipping PBE solver for non-charge conformer ALA01A0347_001...
ForkPoolWorker-1: Calling delphi to calculate conformer GLU01A0348_001 in /tmp/pbe_data.data.home.granepura.5-kinases.cof_tpl_mg.run_prot2.4LMN_GLU01A0348_001
ForkPoolWorker-1: Calling delphi to calculate conformer GLU01A0348_002 in /tmp/pbe_data.data.home.granepura.5-kinases.cof_tpl_mg.run_prot2.4LMN_GLU01A0348_002
ForkPoolWorker-1: Calling delphi to calculate conformer GLU02A0348_003 in /tmp/pbe_data.data.home.granepura.5-kinases.cof_tpl_mg.run_prot2.4LMN_GLU02A0348_003
ForkPoolWorker-1: Calling delphi to calculate conformer GLU02A0348_004 in /tmp/pbe_data.data.home.granepura.5-kinases.cof_tpl_mg.run_prot2.4LMN_GLU02A0348_004
ForkPoolWorker-1: Calling delphi to calculate conformer GLU-1A0348_005 in /tmp/pbe_data.data.home.granepura.5-kinases.cof_tpl_mg.run_prot2.4LMN_GLU-1A0348_005
ForkPoolWorker-1: Calling delphi to calculate conformer ARG01A0349_001 in /tmp/pbe_data.data.home.granepura.5-kinases.cof_tpl_mg.run_prot2.4LMN_ARG01A0349_001
ForkPoolWorker-1: Calling delphi to calculate conformer ARG02A0349_002 in /tmp/pbe_data.data.home.granepura.5-kinases.cof_tpl_mg.run_prot2.4LMN_ARG02A0349_002
ForkPoolWorker-1: Calling delphi to calculate conformer ARG02A0349_003 in /tmp/pbe_data.data.home.granepura.5-kinases.cof_tpl_mg.run_prot2.4LMN_ARG02A0349_003
ForkPoolWorker-1: Calling delphi to calculate conformer ARG03A0349_004 in /tmp/pbe_data.data.home.granepura.5-kinases.cof_tpl_mg.run_prot2.4LMN_ARG03A0349_004
ForkPoolWorker-1: Calling delphi to calculate conformer ARG03A0349_005 in /tmp/pbe_data.data.home.granepura.5-kinases.cof_tpl_mg.run_prot2.4LMN_ARG03A0349_005
ForkPoolWorker-1: Calling delphi to calculate conformer ARG+1A0349_006 in /tmp/pbe_data.data.home.granepura.5-kinases.cof_tpl_mg.run_prot2.4LMN_ARG+1A0349_006
Skipping PBE solver for non-charge conformer ALA01A0350_001...
ForkPoolWorker-1: Calling delphi to calculate conformer ASP01A0351_001 in /tmp/pbe_data.data.home.granepura.5-kinases.cof_tpl_mg.run_prot2.4LMN_ASP01A0351_001
ForkPoolWorker-1: Calling delphi to calculate conformer ASP01A0351_002 in /tmp/pbe_data.data.home.granepura.5-kinases.cof_tpl_mg.run_prot2.4LMN_ASP01A0351_002
ForkPoolWorker-1: Calling delphi to calculate conformer ASP02A0351_003 in /tmp/pbe_data.data.home.granepura.5-kinases.cof_tpl_mg.run_prot2.4LMN_ASP02A0351_003
ForkPoolWorker-1: Calling delphi to calculate conformer ASP02A0351_004 in /tmp/pbe_data.data.home.granepura.5-kinases.cof_tpl_mg.run_prot2.4LMN_ASP02A0351_004
ForkPoolWorker-1: Calling delphi to calculate conformer ASP-1A0351_005 in /tmp/pbe_data.data.home.granepura.5-kinases.cof_tpl_mg.run_prot2.4LMN_ASP-1A0351_005
Skipping PBE solver for non-charge conformer LEU01A0352_001...
ForkPoolWorker-1: Calling delphi to calculate conformer LYS01A0353_001 in /tmp/pbe_data.data.home.granepura.5-kinases.cof_tpl_mg.run_prot2.4LMN_LYS01A0353_001
ForkPoolWorker-1: Calling delphi to calculate conformer LYS+1A0353_002 in /tmp/pbe_data.data.home.granepura.5-kinases.cof_tpl_mg.run_prot2.4LMN_LYS+1A0353_002
ForkPoolWorker-1: Calling delphi to calculate conformer GLN01A0354_001 in /tmp/pbe_data.data.home.granepura.5-kinases.cof_tpl_mg.run_prot2.4LMN_GLN01A0354_001
ForkPoolWorker-1: Calling delphi to calculate conformer GLN01A0354_002 in /tmp/pbe_data.data.home.granepura.5-kinases.cof_tpl_mg.run_prot2.4LMN_GLN01A0354_002
Skipping PBE solver for non-charge conformer LEU01A0355_001...
ForkPoolWorker-1: Calling delphi to calculate conformer MET01A0356_001 in /tmp/pbe_data.data.home.granepura.5-kinases.cof_tpl_mg.run_prot2.4LMN_MET01A0356_001
Skipping PBE solver for non-charge conformer VAL01A0357_001...
ForkPoolWorker-1: Calling delphi to calculate conformer HIS01A0358_001 in /tmp/pbe_data.data.home.granepura.5-kinases.cof_tpl_mg.run_prot2.4LMN_HIS01A0358_001
ForkPoolWorker-1: Calling delphi to calculate conformer HIS02A0358_002 in /tmp/pbe_data.data.home.granepura.5-kinases.cof_tpl_mg.run_prot2.4LMN_HIS02A0358_002
ForkPoolWorker-1: Calling delphi to calculate conformer HIS+1A0358_003 in /tmp/pbe_data.data.home.granepura.5-kinases.cof_tpl_mg.run_prot2.4LMN_HIS+1A0358_003
Skipping PBE solver for non-charge conformer ALA01A0359_001...
Skipping PBE solver for non-charge conformer PHE01A0360_001...
Skipping PBE solver for non-charge conformer ILE01A0361_001...
ForkPoolWorker-1: Calling delphi to calculate conformer LYS01A0362_001 in /tmp/pbe_data.data.home.granepura.5-kinases.cof_tpl_mg.run_prot2.4LMN_LYS01A0362_001
ForkPoolWorker-1: Calling delphi to calculate conformer LYS+1A0362_002 in /tmp/pbe_data.data.home.granepura.5-kinases.cof_tpl_mg.run_prot2.4LMN_LYS+1A0362_002
ForkPoolWorker-1: Calling delphi to calculate conformer ARG01A0363_001 in /tmp/pbe_data.data.home.granepura.5-kinases.cof_tpl_mg.run_prot2.4LMN_ARG01A0363_001
ForkPoolWorker-1: Calling delphi to calculate conformer ARG01A0363_002 in /tmp/pbe_data.data.home.granepura.5-kinases.cof_tpl_mg.run_prot2.4LMN_ARG01A0363_002
ForkPoolWorker-1: Calling delphi to calculate conformer ARG02A0363_003 in /tmp/pbe_data.data.home.granepura.5-kinases.cof_tpl_mg.run_prot2.4LMN_ARG02A0363_003
ForkPoolWorker-1: Calling delphi to calculate conformer ARG02A0363_004 in /tmp/pbe_data.data.home.granepura.5-kinases.cof_tpl_mg.run_prot2.4LMN_ARG02A0363_004
ForkPoolWorker-1: Calling delphi to calculate conformer ARG02A0363_005 in /tmp/pbe_data.data.home.granepura.5-kinases.cof_tpl_mg.run_prot2.4LMN_ARG02A0363_005
ForkPoolWorker-1: Calling delphi to calculate conformer ARG02A0363_006 in /tmp/pbe_data.data.home.granepura.5-kinases.cof_tpl_mg.run_prot2.4LMN_ARG02A0363_006
ForkPoolWorker-1: Calling delphi to calculate conformer ARG03A0363_007 in /tmp/pbe_data.data.home.granepura.5-kinases.cof_tpl_mg.run_prot2.4LMN_ARG03A0363_007
ForkPoolWorker-1: Calling delphi to calculate conformer ARG03A0363_008 in /tmp/pbe_data.data.home.granepura.5-kinases.cof_tpl_mg.run_prot2.4LMN_ARG03A0363_008
ForkPoolWorker-1: Calling delphi to calculate conformer ARG03A0363_009 in /tmp/pbe_data.data.home.granepura.5-kinases.cof_tpl_mg.run_prot2.4LMN_ARG03A0363_009
ForkPoolWorker-1: Calling delphi to calculate conformer ARG03A0363_010 in /tmp/pbe_data.data.home.granepura.5-kinases.cof_tpl_mg.run_prot2.4LMN_ARG03A0363_010
ForkPoolWorker-1: Calling delphi to calculate conformer ARG+1A0363_011 in /tmp/pbe_data.data.home.granepura.5-kinases.cof_tpl_mg.run_prot2.4LMN_ARG+1A0363_011
ForkPoolWorker-1: Calling delphi to calculate conformer ARG+1A0363_012 in /tmp/pbe_data.data.home.granepura.5-kinases.cof_tpl_mg.run_prot2.4LMN_ARG+1A0363_012
ForkPoolWorker-1: Calling delphi to calculate conformer SER01A0364_001 in /tmp/pbe_data.data.home.granepura.5-kinases.cof_tpl_mg.run_prot2.4LMN_SER01A0364_001
ForkPoolWorker-1: Calling delphi to calculate conformer SER01A0364_002 in /tmp/pbe_data.data.home.granepura.5-kinases.cof_tpl_mg.run_prot2.4LMN_SER01A0364_002
ForkPoolWorker-1: Calling delphi to calculate conformer SER01A0364_003 in /tmp/pbe_data.data.home.granepura.5-kinases.cof_tpl_mg.run_prot2.4LMN_SER01A0364_003
ForkPoolWorker-1: Calling delphi to calculate conformer ASP01A0365_001 in /tmp/pbe_data.data.home.granepura.5-kinases.cof_tpl_mg.run_prot2.4LMN_ASP01A0365_001
ForkPoolWorker-1: Calling delphi to calculate conformer ASP01A0365_002 in /tmp/pbe_data.data.home.granepura.5-kinases.cof_tpl_mg.run_prot2.4LMN_ASP01A0365_002
ForkPoolWorker-1: Calling delphi to calculate conformer ASP02A0365_003 in /tmp/pbe_data.data.home.granepura.5-kinases.cof_tpl_mg.run_prot2.4LMN_ASP02A0365_003
ForkPoolWorker-1: Calling delphi to calculate conformer ASP02A0365_004 in /tmp/pbe_data.data.home.granepura.5-kinases.cof_tpl_mg.run_prot2.4LMN_ASP02A0365_004
ForkPoolWorker-1: Calling delphi to calculate conformer ASP-1A0365_005 in /tmp/pbe_data.data.home.granepura.5-kinases.cof_tpl_mg.run_prot2.4LMN_ASP-1A0365_005
Skipping PBE solver for non-charge conformer ALA01A0366_001...
ForkPoolWorker-1: Calling delphi to calculate conformer GLU01A0367_001 in /tmp/pbe_data.data.home.granepura.5-kinases.cof_tpl_mg.run_prot2.4LMN_GLU01A0367_001
ForkPoolWorker-1: Calling delphi to calculate conformer GLU01A0367_002 in /tmp/pbe_data.data.home.granepura.5-kinases.cof_tpl_mg.run_prot2.4LMN_GLU01A0367_002
ForkPoolWorker-1: Calling delphi to calculate conformer GLU02A0367_003 in /tmp/pbe_data.data.home.granepura.5-kinases.cof_tpl_mg.run_prot2.4LMN_GLU02A0367_003
ForkPoolWorker-1: Calling delphi to calculate conformer GLU02A0367_004 in /tmp/pbe_data.data.home.granepura.5-kinases.cof_tpl_mg.run_prot2.4LMN_GLU02A0367_004
ForkPoolWorker-1: Calling delphi to calculate conformer GLU-1A0367_005 in /tmp/pbe_data.data.home.granepura.5-kinases.cof_tpl_mg.run_prot2.4LMN_GLU-1A0367_005
ForkPoolWorker-1: Calling delphi to calculate conformer GLU01A0368_001 in /tmp/pbe_data.data.home.granepura.5-kinases.cof_tpl_mg.run_prot2.4LMN_GLU01A0368_001
ForkPoolWorker-1: Calling delphi to calculate conformer GLU01A0368_002 in /tmp/pbe_data.data.home.granepura.5-kinases.cof_tpl_mg.run_prot2.4LMN_GLU01A0368_002
ForkPoolWorker-1: Calling delphi to calculate conformer GLU02A0368_003 in /tmp/pbe_data.data.home.granepura.5-kinases.cof_tpl_mg.run_prot2.4LMN_GLU02A0368_003
ForkPoolWorker-1: Calling delphi to calculate conformer GLU02A0368_004 in /tmp/pbe_data.data.home.granepura.5-kinases.cof_tpl_mg.run_prot2.4LMN_GLU02A0368_004
ForkPoolWorker-1: Calling delphi to calculate conformer GLU-1A0368_005 in /tmp/pbe_data.data.home.granepura.5-kinases.cof_tpl_mg.run_prot2.4LMN_GLU-1A0368_005
Skipping PBE solver for non-charge conformer VAL01A0369_001...
ForkPoolWorker-1: Calling delphi to calculate conformer ASP01A0370_001 in /tmp/pbe_data.data.home.granepura.5-kinases.cof_tpl_mg.run_prot2.4LMN_ASP01A0370_001
ForkPoolWorker-1: Calling delphi to calculate conformer ASP01A0370_002 in /tmp/pbe_data.data.home.granepura.5-kinases.cof_tpl_mg.run_prot2.4LMN_ASP01A0370_002
ForkPoolWorker-1: Calling delphi to calculate conformer ASP02A0370_003 in /tmp/pbe_data.data.home.granepura.5-kinases.cof_tpl_mg.run_prot2.4LMN_ASP02A0370_003
ForkPoolWorker-1: Calling delphi to calculate conformer ASP02A0370_004 in /tmp/pbe_data.data.home.granepura.5-kinases.cof_tpl_mg.run_prot2.4LMN_ASP02A0370_004
ForkPoolWorker-1: Calling delphi to calculate conformer ASP-1A0370_005 in /tmp/pbe_data.data.home.granepura.5-kinases.cof_tpl_mg.run_prot2.4LMN_ASP-1A0370_005
Skipping PBE solver for non-charge conformer PHE01A0371_001...
Skipping PBE solver for non-charge conformer ALA01A0372_001...
Skipping PBE solver for non-charge conformer TRP01A0374_001...
Skipping PBE solver for non-charge conformer LEU01A0375_001...
ForkPoolWorker-1: Calling delphi to calculate conformer CYS01A0376_001 in /tmp/pbe_data.data.home.granepura.5-kinases.cof_tpl_mg.run_prot2.4LMN_CYS01A0376_001
ForkPoolWorker-1: Calling delphi to calculate conformer CYS01A0376_002 in /tmp/pbe_data.data.home.granepura.5-kinases.cof_tpl_mg.run_prot2.4LMN_CYS01A0376_002
ForkPoolWorker-1: Calling delphi to calculate conformer CYS01A0376_003 in /tmp/pbe_data.data.home.granepura.5-kinases.cof_tpl_mg.run_prot2.4LMN_CYS01A0376_003
ForkPoolWorker-1: Calling delphi to calculate conformer CYS-1A0376_004 in /tmp/pbe_data.data.home.granepura.5-kinases.cof_tpl_mg.run_prot2.4LMN_CYS-1A0376_004
ForkPoolWorker-1: Calling delphi to calculate conformer SER01A0377_001 in /tmp/pbe_data.data.home.granepura.5-kinases.cof_tpl_mg.run_prot2.4LMN_SER01A0377_001
ForkPoolWorker-1: Calling delphi to calculate conformer THR01A0378_001 in /tmp/pbe_data.data.home.granepura.5-kinases.cof_tpl_mg.run_prot2.4LMN_THR01A0378_001
ForkPoolWorker-1: Calling delphi to calculate conformer THR01A0378_002 in /tmp/pbe_data.data.home.granepura.5-kinases.cof_tpl_mg.run_prot2.4LMN_THR01A0378_002
Skipping PBE solver for non-charge conformer ILE01A0379_001...
Skipping PBE solver for non-charge conformer LEU01A0381_001...
ForkPoolWorker-1: Calling delphi to calculate conformer ASN01A0382_001 in /tmp/pbe_data.data.home.granepura.5-kinases.cof_tpl_mg.run_prot2.4LMN_ASN01A0382_001
ForkPoolWorker-1: Calling delphi to calculate conformer ASN01A0382_002 in /tmp/pbe_data.data.home.granepura.5-kinases.cof_tpl_mg.run_prot2.4LMN_ASN01A0382_002
ForkPoolWorker-1: Calling delphi to calculate conformer _MG+2A0502_001 in /tmp/pbe_data.data.home.granepura.5-kinases.cof_tpl_mg.run_prot2.4LMN__MG+2A0502_001
ForkPoolWorker-1: Calling delphi to calculate conformer (1/621) MET01A0061_001 in /tmp/pbe_data.data.home.schowdhury.Project_kinases.cof_tpl_mg.run_prot2.4LMN_MET01A0061_001
ForkPoolWorker-1: Calling delphi to calculate conformer (2/621) GLU01A0062_001 in /tmp/pbe_data.data.home.schowdhury.Project_kinases.cof_tpl_mg.run_prot2.4LMN_GLU01A0062_001
ForkPoolWorker-1: Calling delphi to calculate conformer (3/621) GLU01A0062_002 in /tmp/pbe_data.data.home.schowdhury.Project_kinases.cof_tpl_mg.run_prot2.4LMN_GLU01A0062_002
ForkPoolWorker-1: Calling delphi to calculate conformer (4/621) GLU02A0062_003 in /tmp/pbe_data.data.home.schowdhury.Project_kinases.cof_tpl_mg.run_prot2.4LMN_GLU02A0062_003
ForkPoolWorker-1: Calling delphi to calculate conformer (5/621) GLU02A0062_004 in /tmp/pbe_data.data.home.schowdhury.Project_kinases.cof_tpl_mg.run_prot2.4LMN_GLU02A0062_004
ForkPoolWorker-1: Calling delphi to calculate conformer (6/621) GLU-1A0062_005 in /tmp/pbe_data.data.home.schowdhury.Project_kinases.cof_tpl_mg.run_prot2.4LMN_GLU-1A0062_005
Skipping PBE solver for non-charge conformer (7/621) LEU01A0063_001...
ForkPoolWorker-1: Calling delphi to calculate conformer (8/621) LYS01A0064_001 in /tmp/pbe_data.data.home.schowdhury.Project_kinases.cof_tpl_mg.run_prot2.4LMN_LYS01A0064_001
ForkPoolWorker-1: Calling delphi to calculate conformer (9/621) LYS+1A0064_002 in /tmp/pbe_data.data.home.schowdhury.Project_kinases.cof_tpl_mg.run_prot2.4LMN_LYS+1A0064_002
ForkPoolWorker-1: Calling delphi to calculate conformer (10/621) ASP01A0065_001 in /tmp/pbe_data.data.home.schowdhury.Project_kinases.cof_tpl_mg.run_prot2.4LMN_ASP01A0065_001
ForkPoolWorker-1: Calling delphi to calculate conformer (11/621) ASP01A0065_002 in /tmp/pbe_data.data.home.schowdhury.Project_kinases.cof_tpl_mg.run_prot2.4LMN_ASP01A0065_002
ForkPoolWorker-1: Calling delphi to calculate conformer (12/621) ASP02A0065_003 in /tmp/pbe_data.data.home.schowdhury.Project_kinases.cof_tpl_mg.run_prot2.4LMN_ASP02A0065_003
ForkPoolWorker-1: Calling delphi to calculate conformer (13/621) ASP02A0065_004 in /tmp/pbe_data.data.home.schowdhury.Project_kinases.cof_tpl_mg.run_prot2.4LMN_ASP02A0065_004
ForkPoolWorker-1: Calling delphi to calculate conformer (14/621) ASP-1A0065_005 in /tmp/pbe_data.data.home.schowdhury.Project_kinases.cof_tpl_mg.run_prot2.4LMN_ASP-1A0065_005
ForkPoolWorker-1: Calling delphi to calculate conformer (15/621) ASP01A0066_001 in /tmp/pbe_data.data.home.schowdhury.Project_kinases.cof_tpl_mg.run_prot2.4LMN_ASP01A0066_001
ForkPoolWorker-1: Calling delphi to calculate conformer (16/621) ASP01A0066_002 in /tmp/pbe_data.data.home.schowdhury.Project_kinases.cof_tpl_mg.run_prot2.4LMN_ASP01A0066_002
ForkPoolWorker-1: Calling delphi to calculate conformer (17/621) ASP02A0066_003 in /tmp/pbe_data.data.home.schowdhury.Project_kinases.cof_tpl_mg.run_prot2.4LMN_ASP02A0066_003
ForkPoolWorker-1: Calling delphi to calculate conformer (18/621) ASP02A0066_004 in /tmp/pbe_data.data.home.schowdhury.Project_kinases.cof_tpl_mg.run_prot2.4LMN_ASP02A0066_004
ForkPoolWorker-1: Calling delphi to calculate conformer (19/621) ASP-1A0066_005 in /tmp/pbe_data.data.home.schowdhury.Project_kinases.cof_tpl_mg.run_prot2.4LMN_ASP-1A0066_005
ForkPoolWorker-1: Calling delphi to calculate conformer (20/621) ASP01A0067_001 in /tmp/pbe_data.data.home.schowdhury.Project_kinases.cof_tpl_mg.run_prot2.4LMN_ASP01A0067_001
ForkPoolWorker-1: Calling delphi to calculate conformer (21/621) ASP01A0067_002 in /tmp/pbe_data.data.home.schowdhury.Project_kinases.cof_tpl_mg.run_prot2.4LMN_ASP01A0067_002
ForkPoolWorker-1: Calling delphi to calculate conformer (22/621) ASP02A0067_003 in /tmp/pbe_data.data.home.schowdhury.Project_kinases.cof_tpl_mg.run_prot2.4LMN_ASP02A0067_003
ForkPoolWorker-1: Calling delphi to calculate conformer (23/621) ASP02A0067_004 in /tmp/pbe_data.data.home.schowdhury.Project_kinases.cof_tpl_mg.run_prot2.4LMN_ASP02A0067_004
ForkPoolWorker-1: Calling delphi to calculate conformer (24/621) ASP-1A0067_005 in /tmp/pbe_data.data.home.schowdhury.Project_kinases.cof_tpl_mg.run_prot2.4LMN_ASP-1A0067_005
Skipping PBE solver for non-charge conformer (25/621) PHE01A0068_001...
ForkPoolWorker-1: Calling delphi to calculate conformer (26/621) GLU01A0069_001 in /tmp/pbe_data.data.home.schowdhury.Project_kinases.cof_tpl_mg.run_prot2.4LMN_GLU01A0069_001
ForkPoolWorker-1: Calling delphi to calculate conformer (27/621) GLU01A0069_002 in /tmp/pbe_data.data.home.schowdhury.Project_kinases.cof_tpl_mg.run_prot2.4LMN_GLU01A0069_002
ForkPoolWorker-1: Calling delphi to calculate conformer (28/621) GLU02A0069_003 in /tmp/pbe_data.data.home.schowdhury.Project_kinases.cof_tpl_mg.run_prot2.4LMN_GLU02A0069_003
ForkPoolWorker-1: Calling delphi to calculate conformer (29/621) GLU02A0069_004 in /tmp/pbe_data.data.home.schowdhury.Project_kinases.cof_tpl_mg.run_prot2.4LMN_GLU02A0069_004
ForkPoolWorker-1: Calling delphi to calculate conformer (30/621) GLU-1A0069_005 in /tmp/pbe_data.data.home.schowdhury.Project_kinases.cof_tpl_mg.run_prot2.4LMN_GLU-1A0069_005
ForkPoolWorker-1: Calling delphi to calculate conformer (31/621) LYS01A0070_001 in /tmp/pbe_data.data.home.schowdhury.Project_kinases.cof_tpl_mg.run_prot2.4LMN_LYS01A0070_001
ForkPoolWorker-1: Calling delphi to calculate conformer (32/621) LYS+1A0070_002 in /tmp/pbe_data.data.home.schowdhury.Project_kinases.cof_tpl_mg.run_prot2.4LMN_LYS+1A0070_002
Skipping PBE solver for non-charge conformer (33/621) ILE01A0071_001...
ForkPoolWorker-1: Calling delphi to calculate conformer (34/621) SER01A0072_001 in /tmp/pbe_data.data.home.schowdhury.Project_kinases.cof_tpl_mg.run_prot2.4LMN_SER01A0072_001
ForkPoolWorker-1: Calling delphi to calculate conformer (35/621) GLU01A0073_001 in /tmp/pbe_data.data.home.schowdhury.Project_kinases.cof_tpl_mg.run_prot2.4LMN_GLU01A0073_001
ForkPoolWorker-1: Calling delphi to calculate conformer (36/621) GLU01A0073_002 in /tmp/pbe_data.data.home.schowdhury.Project_kinases.cof_tpl_mg.run_prot2.4LMN_GLU01A0073_002
ForkPoolWorker-1: Calling delphi to calculate conformer (37/621) GLU02A0073_003 in /tmp/pbe_data.data.home.schowdhury.Project_kinases.cof_tpl_mg.run_prot2.4LMN_GLU02A0073_003
ForkPoolWorker-1: Calling delphi to calculate conformer (38/621) GLU02A0073_004 in /tmp/pbe_data.data.home.schowdhury.Project_kinases.cof_tpl_mg.run_prot2.4LMN_GLU02A0073_004
ForkPoolWorker-1: Calling delphi to calculate conformer (39/621) GLU-1A0073_005 in /tmp/pbe_data.data.home.schowdhury.Project_kinases.cof_tpl_mg.run_prot2.4LMN_GLU-1A0073_005
Skipping PBE solver for non-charge conformer (40/621) LEU01A0074_001...
Skipping PBE solver for non-charge conformer (41/621) ALA01A0076_001...
ForkPoolWorker-1: Calling delphi to calculate conformer (42/621) ASN01A0078_001 in /tmp/pbe_data.data.home.schowdhury.Project_kinases.cof_tpl_mg.run_prot2.4LMN_ASN01A0078_001
Skipping PBE solver for non-charge conformer (43/621) VAL01A0081_001...
Skipping PBE solver for non-charge conformer (44/621) VAL01A0082_001...
Skipping PBE solver for non-charge conformer (45/621) PHE01A0083_001...
ForkPoolWorker-1: Calling delphi to calculate conformer (46/621) LYS01A0084_001 in /tmp/pbe_data.data.home.schowdhury.Project_kinases.cof_tpl_mg.run_prot2.4LMN_LYS01A0084_001
ForkPoolWorker-1: Calling delphi to calculate conformer (47/621) LYS+1A0084_002 in /tmp/pbe_data.data.home.schowdhury.Project_kinases.cof_tpl_mg.run_prot2.4LMN_LYS+1A0084_002
Skipping PBE solver for non-charge conformer (48/621) VAL01A0085_001...
ForkPoolWorker-1: Calling delphi to calculate conformer (49/621) SER01A0086_001 in /tmp/pbe_data.data.home.schowdhury.Project_kinases.cof_tpl_mg.run_prot2.4LMN_SER01A0086_001
ForkPoolWorker-1: Calling delphi to calculate conformer (50/621) SER01A0086_002 in /tmp/pbe_data.data.home.schowdhury.Project_kinases.cof_tpl_mg.run_prot2.4LMN_SER01A0086_002
ForkPoolWorker-1: Calling delphi to calculate conformer (51/621) HIS01A0087_001 in /tmp/pbe_data.data.home.schowdhury.Project_kinases.cof_tpl_mg.run_prot2.4LMN_HIS01A0087_001
ForkPoolWorker-1: Calling delphi to calculate conformer (52/621) HIS02A0087_002 in /tmp/pbe_data.data.home.schowdhury.Project_kinases.cof_tpl_mg.run_prot2.4LMN_HIS02A0087_002
ForkPoolWorker-1: Calling delphi to calculate conformer (53/621) HIS+1A0087_003 in /tmp/pbe_data.data.home.schowdhury.Project_kinases.cof_tpl_mg.run_prot2.4LMN_HIS+1A0087_003
ForkPoolWorker-1: Calling delphi to calculate conformer (54/621) LYS01A0088_001 in /tmp/pbe_data.data.home.schowdhury.Project_kinases.cof_tpl_mg.run_prot2.4LMN_LYS01A0088_001
ForkPoolWorker-1: Calling delphi to calculate conformer (55/621) LYS+1A0088_002 in /tmp/pbe_data.data.home.schowdhury.Project_kinases.cof_tpl_mg.run_prot2.4LMN_LYS+1A0088_002
Skipping PBE solver for non-charge conformer (56/621) PRO01A0089_001...
ForkPoolWorker-1: Calling delphi to calculate conformer (57/621) SER01A0090_001 in /tmp/pbe_data.data.home.schowdhury.Project_kinases.cof_tpl_mg.run_prot2.4LMN_SER01A0090_001
ForkPoolWorker-1: Calling delphi to calculate conformer (58/621) SER01A0090_002 in /tmp/pbe_data.data.home.schowdhury.Project_kinases.cof_tpl_mg.run_prot2.4LMN_SER01A0090_002
ForkPoolWorker-1: Calling delphi to calculate conformer (59/621) SER01A0090_003 in /tmp/pbe_data.data.home.schowdhury.Project_kinases.cof_tpl_mg.run_prot2.4LMN_SER01A0090_003
Skipping PBE solver for non-charge conformer (60/621) LEU01A0092_001...
Skipping PBE solver for non-charge conformer (61/621) VAL01A0093_001...
ForkPoolWorker-1: Calling delphi to calculate conformer (62/621) MET01A0094_001 in /tmp/pbe_data.data.home.schowdhury.Project_kinases.cof_tpl_mg.run_prot2.4LMN_MET01A0094_001
Skipping PBE solver for non-charge conformer (63/621) ALA01A0095_001...
ForkPoolWorker-1: Calling delphi to calculate conformer (64/621) ARG01A0096_001 in /tmp/pbe_data.data.home.schowdhury.Project_kinases.cof_tpl_mg.run_prot2.4LMN_ARG01A0096_001
ForkPoolWorker-1: Calling delphi to calculate conformer (65/621) ARG02A0096_002 in /tmp/pbe_data.data.home.schowdhury.Project_kinases.cof_tpl_mg.run_prot2.4LMN_ARG02A0096_002
ForkPoolWorker-1: Calling delphi to calculate conformer (66/621) ARG02A0096_003 in /tmp/pbe_data.data.home.schowdhury.Project_kinases.cof_tpl_mg.run_prot2.4LMN_ARG02A0096_003
ForkPoolWorker-1: Calling delphi to calculate conformer (67/621) ARG03A0096_004 in /tmp/pbe_data.data.home.schowdhury.Project_kinases.cof_tpl_mg.run_prot2.4LMN_ARG03A0096_004
ForkPoolWorker-1: Calling delphi to calculate conformer (68/621) ARG03A0096_005 in /tmp/pbe_data.data.home.schowdhury.Project_kinases.cof_tpl_mg.run_prot2.4LMN_ARG03A0096_005
ForkPoolWorker-1: Calling delphi to calculate conformer (69/621) ARG+1A0096_006 in /tmp/pbe_data.data.home.schowdhury.Project_kinases.cof_tpl_mg.run_prot2.4LMN_ARG+1A0096_006
ForkPoolWorker-1: Calling delphi to calculate conformer (70/621) LYS01A0097_001 in /tmp/pbe_data.data.home.schowdhury.Project_kinases.cof_tpl_mg.run_prot2.4LMN_LYS01A0097_001
ForkPoolWorker-1: Calling delphi to calculate conformer (71/621) LYS+1A0097_002 in /tmp/pbe_data.data.home.schowdhury.Project_kinases.cof_tpl_mg.run_prot2.4LMN_LYS+1A0097_002
Skipping PBE solver for non-charge conformer (72/621) LEU01A0098_001...
Skipping PBE solver for non-charge conformer (73/621) ILE01A0099_001...
ForkPoolWorker-1: Calling delphi to calculate conformer (74/621) HIS01A0100_001 in /tmp/pbe_data.data.home.schowdhury.Project_kinases.cof_tpl_mg.run_prot2.4LMN_HIS01A0100_001
ForkPoolWorker-1: Calling delphi to calculate conformer (75/621) HIS02A0100_002 in /tmp/pbe_data.data.home.schowdhury.Project_kinases.cof_tpl_mg.run_prot2.4LMN_HIS02A0100_002
ForkPoolWorker-1: Calling delphi to calculate conformer (76/621) HIS+1A0100_003 in /tmp/pbe_data.data.home.schowdhury.Project_kinases.cof_tpl_mg.run_prot2.4LMN_HIS+1A0100_003
Skipping PBE solver for non-charge conformer (77/621) LEU01A0101_001...
ForkPoolWorker-1: Calling delphi to calculate conformer (78/621) GLU01A0102_001 in /tmp/pbe_data.data.home.schowdhury.Project_kinases.cof_tpl_mg.run_prot2.4LMN_GLU01A0102_001
ForkPoolWorker-1: Calling delphi to calculate conformer (79/621) GLU01A0102_002 in /tmp/pbe_data.data.home.schowdhury.Project_kinases.cof_tpl_mg.run_prot2.4LMN_GLU01A0102_002
ForkPoolWorker-1: Calling delphi to calculate conformer (80/621) GLU02A0102_003 in /tmp/pbe_data.data.home.schowdhury.Project_kinases.cof_tpl_mg.run_prot2.4LMN_GLU02A0102_003
ForkPoolWorker-1: Calling delphi to calculate conformer (81/621) GLU02A0102_004 in /tmp/pbe_data.data.home.schowdhury.Project_kinases.cof_tpl_mg.run_prot2.4LMN_GLU02A0102_004
ForkPoolWorker-1: Calling delphi to calculate conformer (82/621) GLU-1A0102_005 in /tmp/pbe_data.data.home.schowdhury.Project_kinases.cof_tpl_mg.run_prot2.4LMN_GLU-1A0102_005
Skipping PBE solver for non-charge conformer (83/621) ILE01A0103_001...
ForkPoolWorker-1: Calling delphi to calculate conformer (84/621) LYS01A0104_001 in /tmp/pbe_data.data.home.schowdhury.Project_kinases.cof_tpl_mg.run_prot2.4LMN_LYS01A0104_001
ForkPoolWorker-1: Calling delphi to calculate conformer (85/621) LYS+1A0104_002 in /tmp/pbe_data.data.home.schowdhury.Project_kinases.cof_tpl_mg.run_prot2.4LMN_LYS+1A0104_002
Skipping PBE solver for non-charge conformer (86/621) PRO01A0105_001...
Skipping PBE solver for non-charge conformer (87/621) ALA01A0106_001...
Skipping PBE solver for non-charge conformer (88/621) ILE01A0107_001...
ForkPoolWorker-1: Calling delphi to calculate conformer (89/621) ARG01A0108_001 in /tmp/pbe_data.data.home.schowdhury.Project_kinases.cof_tpl_mg.run_prot2.4LMN_ARG01A0108_001
ForkPoolWorker-1: Calling delphi to calculate conformer (90/621) ARG02A0108_002 in /tmp/pbe_data.data.home.schowdhury.Project_kinases.cof_tpl_mg.run_prot2.4LMN_ARG02A0108_002
ForkPoolWorker-1: Calling delphi to calculate conformer (91/621) ARG03A0108_003 in /tmp/pbe_data.data.home.schowdhury.Project_kinases.cof_tpl_mg.run_prot2.4LMN_ARG03A0108_003
ForkPoolWorker-1: Calling delphi to calculate conformer (92/621) ARG+1A0108_004 in /tmp/pbe_data.data.home.schowdhury.Project_kinases.cof_tpl_mg.run_prot2.4LMN_ARG+1A0108_004
ForkPoolWorker-1: Calling delphi to calculate conformer (93/621) ASN01A0109_001 in /tmp/pbe_data.data.home.schowdhury.Project_kinases.cof_tpl_mg.run_prot2.4LMN_ASN01A0109_001
ForkPoolWorker-1: Calling delphi to calculate conformer (94/621) ASN01A0109_002 in /tmp/pbe_data.data.home.schowdhury.Project_kinases.cof_tpl_mg.run_prot2.4LMN_ASN01A0109_002
ForkPoolWorker-1: Calling delphi to calculate conformer (95/621) GLN01A0110_001 in /tmp/pbe_data.data.home.schowdhury.Project_kinases.cof_tpl_mg.run_prot2.4LMN_GLN01A0110_001
ForkPoolWorker-1: Calling delphi to calculate conformer (96/621) GLN01A0110_002 in /tmp/pbe_data.data.home.schowdhury.Project_kinases.cof_tpl_mg.run_prot2.4LMN_GLN01A0110_002
Skipping PBE solver for non-charge conformer (97/621) ILE01A0111_001...
Skipping PBE solver for non-charge conformer (98/621) ILE01A0112_001...
ForkPoolWorker-1: Calling delphi to calculate conformer (99/621) ARG01A0113_001 in /tmp/pbe_data.data.home.schowdhury.Project_kinases.cof_tpl_mg.run_prot2.4LMN_ARG01A0113_001
ForkPoolWorker-1: Calling delphi to calculate conformer (100/621) ARG02A0113_002 in /tmp/pbe_data.data.home.schowdhury.Project_kinases.cof_tpl_mg.run_prot2.4LMN_ARG02A0113_002
ForkPoolWorker-1: Calling delphi to calculate conformer (101/621) ARG03A0113_003 in /tmp/pbe_data.data.home.schowdhury.Project_kinases.cof_tpl_mg.run_prot2.4LMN_ARG03A0113_003
ForkPoolWorker-1: Calling delphi to calculate conformer (102/621) ARG+1A0113_004 in /tmp/pbe_data.data.home.schowdhury.Project_kinases.cof_tpl_mg.run_prot2.4LMN_ARG+1A0113_004
ForkPoolWorker-1: Calling delphi to calculate conformer (103/621) GLU01A0114_001 in /tmp/pbe_data.data.home.schowdhury.Project_kinases.cof_tpl_mg.run_prot2.4LMN_GLU01A0114_001
ForkPoolWorker-1: Calling delphi to calculate conformer (104/621) GLU01A0114_002 in /tmp/pbe_data.data.home.schowdhury.Project_kinases.cof_tpl_mg.run_prot2.4LMN_GLU01A0114_002
ForkPoolWorker-1: Calling delphi to calculate conformer (105/621) GLU02A0114_003 in /tmp/pbe_data.data.home.schowdhury.Project_kinases.cof_tpl_mg.run_prot2.4LMN_GLU02A0114_003
ForkPoolWorker-1: Calling delphi to calculate conformer (106/621) GLU02A0114_004 in /tmp/pbe_data.data.home.schowdhury.Project_kinases.cof_tpl_mg.run_prot2.4LMN_GLU02A0114_004
ForkPoolWorker-1: Calling delphi to calculate conformer (107/621) GLU-1A0114_005 in /tmp/pbe_data.data.home.schowdhury.Project_kinases.cof_tpl_mg.run_prot2.4LMN_GLU-1A0114_005
Skipping PBE solver for non-charge conformer (108/621) LEU01A0115_001...
ForkPoolWorker-1: Calling delphi to calculate conformer (109/621) GLN01A0116_001 in /tmp/pbe_data.data.home.schowdhury.Project_kinases.cof_tpl_mg.run_prot2.4LMN_GLN01A0116_001
ForkPoolWorker-1: Calling delphi to calculate conformer (110/621) GLN01A0116_002 in /tmp/pbe_data.data.home.schowdhury.Project_kinases.cof_tpl_mg.run_prot2.4LMN_GLN01A0116_002
Skipping PBE solver for non-charge conformer (111/621) VAL01A0117_001...
Skipping PBE solver for non-charge conformer (112/621) LEU01A0118_001...
ForkPoolWorker-1: Calling delphi to calculate conformer (113/621) HIS01A0119_001 in /tmp/pbe_data.data.home.schowdhury.Project_kinases.cof_tpl_mg.run_prot2.4LMN_HIS01A0119_001
ForkPoolWorker-1: Calling delphi to calculate conformer (114/621) HIS01A0119_002 in /tmp/pbe_data.data.home.schowdhury.Project_kinases.cof_tpl_mg.run_prot2.4LMN_HIS01A0119_002
ForkPoolWorker-1: Calling delphi to calculate conformer (115/621) HIS02A0119_003 in /tmp/pbe_data.data.home.schowdhury.Project_kinases.cof_tpl_mg.run_prot2.4LMN_HIS02A0119_003
ForkPoolWorker-1: Calling delphi to calculate conformer (116/621) HIS02A0119_004 in /tmp/pbe_data.data.home.schowdhury.Project_kinases.cof_tpl_mg.run_prot2.4LMN_HIS02A0119_004
ForkPoolWorker-1: Calling delphi to calculate conformer (117/621) HIS+1A0119_005 in /tmp/pbe_data.data.home.schowdhury.Project_kinases.cof_tpl_mg.run_prot2.4LMN_HIS+1A0119_005
ForkPoolWorker-1: Calling delphi to calculate conformer (118/621) HIS+1A0119_006 in /tmp/pbe_data.data.home.schowdhury.Project_kinases.cof_tpl_mg.run_prot2.4LMN_HIS+1A0119_006
ForkPoolWorker-1: Calling delphi to calculate conformer (119/621) GLU01A0120_001 in /tmp/pbe_data.data.home.schowdhury.Project_kinases.cof_tpl_mg.run_prot2.4LMN_GLU01A0120_001
ForkPoolWorker-1: Calling delphi to calculate conformer (120/621) GLU01A0120_002 in /tmp/pbe_data.data.home.schowdhury.Project_kinases.cof_tpl_mg.run_prot2.4LMN_GLU01A0120_002
ForkPoolWorker-1: Calling delphi to calculate conformer (121/621) GLU02A0120_003 in /tmp/pbe_data.data.home.schowdhury.Project_kinases.cof_tpl_mg.run_prot2.4LMN_GLU02A0120_003
ForkPoolWorker-1: Calling delphi to calculate conformer (122/621) GLU02A0120_004 in /tmp/pbe_data.data.home.schowdhury.Project_kinases.cof_tpl_mg.run_prot2.4LMN_GLU02A0120_004
ForkPoolWorker-1: Calling delphi to calculate conformer (123/621) GLU-1A0120_005 in /tmp/pbe_data.data.home.schowdhury.Project_kinases.cof_tpl_mg.run_prot2.4LMN_GLU-1A0120_005
ForkPoolWorker-1: Calling delphi to calculate conformer (124/621) CYS01A0121_001 in /tmp/pbe_data.data.home.schowdhury.Project_kinases.cof_tpl_mg.run_prot2.4LMN_CYS01A0121_001
ForkPoolWorker-1: Calling delphi to calculate conformer (125/621) CYS01A0121_002 in /tmp/pbe_data.data.home.schowdhury.Project_kinases.cof_tpl_mg.run_prot2.4LMN_CYS01A0121_002
ForkPoolWorker-1: Calling delphi to calculate conformer (126/621) CYS01A0121_003 in /tmp/pbe_data.data.home.schowdhury.Project_kinases.cof_tpl_mg.run_prot2.4LMN_CYS01A0121_003
ForkPoolWorker-1: Calling delphi to calculate conformer (127/621) CYS-1A0121_004 in /tmp/pbe_data.data.home.schowdhury.Project_kinases.cof_tpl_mg.run_prot2.4LMN_CYS-1A0121_004
ForkPoolWorker-1: Calling delphi to calculate conformer (128/621) ASN01A0122_001 in /tmp/pbe_data.data.home.schowdhury.Project_kinases.cof_tpl_mg.run_prot2.4LMN_ASN01A0122_001
ForkPoolWorker-1: Calling delphi to calculate conformer (129/621) ASN01A0122_002 in /tmp/pbe_data.data.home.schowdhury.Project_kinases.cof_tpl_mg.run_prot2.4LMN_ASN01A0122_002
ForkPoolWorker-1: Calling delphi to calculate conformer (130/621) SER01A0123_001 in /tmp/pbe_data.data.home.schowdhury.Project_kinases.cof_tpl_mg.run_prot2.4LMN_SER01A0123_001
ForkPoolWorker-1: Calling delphi to calculate conformer (131/621) SER01A0123_002 in /tmp/pbe_data.data.home.schowdhury.Project_kinases.cof_tpl_mg.run_prot2.4LMN_SER01A0123_002
Skipping PBE solver for non-charge conformer (132/621) PRO01A0124_001...
ForkPoolWorker-1: Calling delphi to calculate conformer (133/621) TYR01A0125_001 in /tmp/pbe_data.data.home.schowdhury.Project_kinases.cof_tpl_mg.run_prot2.4LMN_TYR01A0125_001
ForkPoolWorker-1: Calling delphi to calculate conformer (134/621) TYR01A0125_002 in /tmp/pbe_data.data.home.schowdhury.Project_kinases.cof_tpl_mg.run_prot2.4LMN_TYR01A0125_002
ForkPoolWorker-1: Calling delphi to calculate conformer (135/621) TYR-1A0125_003 in /tmp/pbe_data.data.home.schowdhury.Project_kinases.cof_tpl_mg.run_prot2.4LMN_TYR-1A0125_003
Skipping PBE solver for non-charge conformer (136/621) ILE01A0126_001...
Skipping PBE solver for non-charge conformer (137/621) VAL01A0127_001...
Skipping PBE solver for non-charge conformer (138/621) PHE01A0129_001...
ForkPoolWorker-1: Calling delphi to calculate conformer (139/621) TYR01A0130_001 in /tmp/pbe_data.data.home.schowdhury.Project_kinases.cof_tpl_mg.run_prot2.4LMN_TYR01A0130_001
ForkPoolWorker-1: Calling delphi to calculate conformer (140/621) TYR01A0130_002 in /tmp/pbe_data.data.home.schowdhury.Project_kinases.cof_tpl_mg.run_prot2.4LMN_TYR01A0130_002
ForkPoolWorker-1: Calling delphi to calculate conformer (141/621) TYR-1A0130_003 in /tmp/pbe_data.data.home.schowdhury.Project_kinases.cof_tpl_mg.run_prot2.4LMN_TYR-1A0130_003
Skipping PBE solver for non-charge conformer (142/621) ALA01A0132_001...
Skipping PBE solver for non-charge conformer (143/621) PHE01A0133_001...
ForkPoolWorker-1: Calling delphi to calculate conformer (144/621) TYR01A0134_001 in /tmp/pbe_data.data.home.schowdhury.Project_kinases.cof_tpl_mg.run_prot2.4LMN_TYR01A0134_001
ForkPoolWorker-1: Calling delphi to calculate conformer (145/621) TYR-1A0134_002 in /tmp/pbe_data.data.home.schowdhury.Project_kinases.cof_tpl_mg.run_prot2.4LMN_TYR-1A0134_002
ForkPoolWorker-1: Calling delphi to calculate conformer (146/621) SER01A0135_001 in /tmp/pbe_data.data.home.schowdhury.Project_kinases.cof_tpl_mg.run_prot2.4LMN_SER01A0135_001
ForkPoolWorker-1: Calling delphi to calculate conformer (147/621) SER01A0135_002 in /tmp/pbe_data.data.home.schowdhury.Project_kinases.cof_tpl_mg.run_prot2.4LMN_SER01A0135_002
ForkPoolWorker-1: Calling delphi to calculate conformer (148/621) ASP01A0136_001 in /tmp/pbe_data.data.home.schowdhury.Project_kinases.cof_tpl_mg.run_prot2.4LMN_ASP01A0136_001
ForkPoolWorker-1: Calling delphi to calculate conformer (149/621) ASP01A0136_002 in /tmp/pbe_data.data.home.schowdhury.Project_kinases.cof_tpl_mg.run_prot2.4LMN_ASP01A0136_002
ForkPoolWorker-1: Calling delphi to calculate conformer (150/621) ASP02A0136_003 in /tmp/pbe_data.data.home.schowdhury.Project_kinases.cof_tpl_mg.run_prot2.4LMN_ASP02A0136_003
ForkPoolWorker-1: Calling delphi to calculate conformer (151/621) ASP02A0136_004 in /tmp/pbe_data.data.home.schowdhury.Project_kinases.cof_tpl_mg.run_prot2.4LMN_ASP02A0136_004
ForkPoolWorker-1: Calling delphi to calculate conformer (152/621) ASP-1A0136_005 in /tmp/pbe_data.data.home.schowdhury.Project_kinases.cof_tpl_mg.run_prot2.4LMN_ASP-1A0136_005
ForkPoolWorker-1: Calling delphi to calculate conformer (153/621) GLU01A0138_001 in /tmp/pbe_data.data.home.schowdhury.Project_kinases.cof_tpl_mg.run_prot2.4LMN_GLU01A0138_001
ForkPoolWorker-1: Calling delphi to calculate conformer (154/621) GLU01A0138_002 in /tmp/pbe_data.data.home.schowdhury.Project_kinases.cof_tpl_mg.run_prot2.4LMN_GLU01A0138_002
ForkPoolWorker-1: Calling delphi to calculate conformer (155/621) GLU02A0138_003 in /tmp/pbe_data.data.home.schowdhury.Project_kinases.cof_tpl_mg.run_prot2.4LMN_GLU02A0138_003
ForkPoolWorker-1: Calling delphi to calculate conformer (156/621) GLU02A0138_004 in /tmp/pbe_data.data.home.schowdhury.Project_kinases.cof_tpl_mg.run_prot2.4LMN_GLU02A0138_004
ForkPoolWorker-1: Calling delphi to calculate conformer (157/621) GLU-1A0138_005 in /tmp/pbe_data.data.home.schowdhury.Project_kinases.cof_tpl_mg.run_prot2.4LMN_GLU-1A0138_005
Skipping PBE solver for non-charge conformer (158/621) ILE01A0139_001...
ForkPoolWorker-1: Calling delphi to calculate conformer (159/621) SER01A0140_001 in /tmp/pbe_data.data.home.schowdhury.Project_kinases.cof_tpl_mg.run_prot2.4LMN_SER01A0140_001
ForkPoolWorker-1: Calling delphi to calculate conformer (160/621) SER01A0140_002 in /tmp/pbe_data.data.home.schowdhury.Project_kinases.cof_tpl_mg.run_prot2.4LMN_SER01A0140_002
ForkPoolWorker-1: Calling delphi to calculate conformer (161/621) SER01A0140_003 in /tmp/pbe_data.data.home.schowdhury.Project_kinases.cof_tpl_mg.run_prot2.4LMN_SER01A0140_003
ForkPoolWorker-1: Calling delphi to calculate conformer (162/621) SER01A0140_004 in /tmp/pbe_data.data.home.schowdhury.Project_kinases.cof_tpl_mg.run_prot2.4LMN_SER01A0140_004
ForkPoolWorker-1: Calling delphi to calculate conformer (163/621) SER01A0140_005 in /tmp/pbe_data.data.home.schowdhury.Project_kinases.cof_tpl_mg.run_prot2.4LMN_SER01A0140_005
Skipping PBE solver for non-charge conformer (164/621) ILE01A0141_001...
ForkPoolWorker-1: Calling delphi to calculate conformer (165/621) CYS01A0142_001 in /tmp/pbe_data.data.home.schowdhury.Project_kinases.cof_tpl_mg.run_prot2.4LMN_CYS01A0142_001
ForkPoolWorker-1: Calling delphi to calculate conformer (166/621) CYS01A0142_002 in /tmp/pbe_data.data.home.schowdhury.Project_kinases.cof_tpl_mg.run_prot2.4LMN_CYS01A0142_002
ForkPoolWorker-1: Calling delphi to calculate conformer (167/621) CYS01A0142_003 in /tmp/pbe_data.data.home.schowdhury.Project_kinases.cof_tpl_mg.run_prot2.4LMN_CYS01A0142_003
ForkPoolWorker-1: Calling delphi to calculate conformer (168/621) CYS-1A0142_004 in /tmp/pbe_data.data.home.schowdhury.Project_kinases.cof_tpl_mg.run_prot2.4LMN_CYS-1A0142_004
ForkPoolWorker-1: Calling delphi to calculate conformer (169/621) MET01A0143_001 in /tmp/pbe_data.data.home.schowdhury.Project_kinases.cof_tpl_mg.run_prot2.4LMN_MET01A0143_001
ForkPoolWorker-1: Calling delphi to calculate conformer (170/621) GLU01A0144_001 in /tmp/pbe_data.data.home.schowdhury.Project_kinases.cof_tpl_mg.run_prot2.4LMN_GLU01A0144_001
ForkPoolWorker-1: Calling delphi to calculate conformer (171/621) GLU01A0144_002 in /tmp/pbe_data.data.home.schowdhury.Project_kinases.cof_tpl_mg.run_prot2.4LMN_GLU01A0144_002
ForkPoolWorker-1: Calling delphi to calculate conformer (172/621) GLU01A0144_003 in /tmp/pbe_data.data.home.schowdhury.Project_kinases.cof_tpl_mg.run_prot2.4LMN_GLU01A0144_003
ForkPoolWorker-1: Calling delphi to calculate conformer (173/621) GLU01A0144_004 in /tmp/pbe_data.data.home.schowdhury.Project_kinases.cof_tpl_mg.run_prot2.4LMN_GLU01A0144_004
ForkPoolWorker-1: Calling delphi to calculate conformer (174/621) GLU02A0144_005 in /tmp/pbe_data.data.home.schowdhury.Project_kinases.cof_tpl_mg.run_prot2.4LMN_GLU02A0144_005
ForkPoolWorker-1: Calling delphi to calculate conformer (175/621) GLU02A0144_006 in /tmp/pbe_data.data.home.schowdhury.Project_kinases.cof_tpl_mg.run_prot2.4LMN_GLU02A0144_006
ForkPoolWorker-1: Calling delphi to calculate conformer (176/621) GLU02A0144_007 in /tmp/pbe_data.data.home.schowdhury.Project_kinases.cof_tpl_mg.run_prot2.4LMN_GLU02A0144_007
ForkPoolWorker-1: Calling delphi to calculate conformer (177/621) GLU02A0144_008 in /tmp/pbe_data.data.home.schowdhury.Project_kinases.cof_tpl_mg.run_prot2.4LMN_GLU02A0144_008
ForkPoolWorker-1: Calling delphi to calculate conformer (178/621) GLU-1A0144_009 in /tmp/pbe_data.data.home.schowdhury.Project_kinases.cof_tpl_mg.run_prot2.4LMN_GLU-1A0144_009
ForkPoolWorker-1: Calling delphi to calculate conformer (179/621) GLU-1A0144_010 in /tmp/pbe_data.data.home.schowdhury.Project_kinases.cof_tpl_mg.run_prot2.4LMN_GLU-1A0144_010
ForkPoolWorker-1: Calling delphi to calculate conformer (180/621) HIS01A0145_001 in /tmp/pbe_data.data.home.schowdhury.Project_kinases.cof_tpl_mg.run_prot2.4LMN_HIS01A0145_001
ForkPoolWorker-1: Calling delphi to calculate conformer (181/621) HIS01A0145_002 in /tmp/pbe_data.data.home.schowdhury.Project_kinases.cof_tpl_mg.run_prot2.4LMN_HIS01A0145_002
ForkPoolWorker-1: Calling delphi to calculate conformer (182/621) HIS02A0145_003 in /tmp/pbe_data.data.home.schowdhury.Project_kinases.cof_tpl_mg.run_prot2.4LMN_HIS02A0145_003
ForkPoolWorker-1: Calling delphi to calculate conformer (183/621) HIS02A0145_004 in /tmp/pbe_data.data.home.schowdhury.Project_kinases.cof_tpl_mg.run_prot2.4LMN_HIS02A0145_004
ForkPoolWorker-1: Calling delphi to calculate conformer (184/621) HIS+1A0145_005 in /tmp/pbe_data.data.home.schowdhury.Project_kinases.cof_tpl_mg.run_prot2.4LMN_HIS+1A0145_005
ForkPoolWorker-1: Calling delphi to calculate conformer (185/621) HIS+1A0145_006 in /tmp/pbe_data.data.home.schowdhury.Project_kinases.cof_tpl_mg.run_prot2.4LMN_HIS+1A0145_006
ForkPoolWorker-1: Calling delphi to calculate conformer (186/621) MET01A0146_001 in /tmp/pbe_data.data.home.schowdhury.Project_kinases.cof_tpl_mg.run_prot2.4LMN_MET01A0146_001
ForkPoolWorker-1: Calling delphi to calculate conformer (187/621) ASP01A0147_001 in /tmp/pbe_data.data.home.schowdhury.Project_kinases.cof_tpl_mg.run_prot2.4LMN_ASP01A0147_001
ForkPoolWorker-1: Calling delphi to calculate conformer (188/621) ASP01A0147_002 in /tmp/pbe_data.data.home.schowdhury.Project_kinases.cof_tpl_mg.run_prot2.4LMN_ASP01A0147_002
ForkPoolWorker-1: Calling delphi to calculate conformer (189/621) ASP02A0147_003 in /tmp/pbe_data.data.home.schowdhury.Project_kinases.cof_tpl_mg.run_prot2.4LMN_ASP02A0147_003
ForkPoolWorker-1: Calling delphi to calculate conformer (190/621) ASP02A0147_004 in /tmp/pbe_data.data.home.schowdhury.Project_kinases.cof_tpl_mg.run_prot2.4LMN_ASP02A0147_004
ForkPoolWorker-1: Calling delphi to calculate conformer (191/621) ASP-1A0147_005 in /tmp/pbe_data.data.home.schowdhury.Project_kinases.cof_tpl_mg.run_prot2.4LMN_ASP-1A0147_005
ForkPoolWorker-1: Calling delphi to calculate conformer (192/621) SER01A0150_001 in /tmp/pbe_data.data.home.schowdhury.Project_kinases.cof_tpl_mg.run_prot2.4LMN_SER01A0150_001
Skipping PBE solver for non-charge conformer (193/621) LEU01A0151_001...
ForkPoolWorker-1: Calling delphi to calculate conformer (194/621) ASP01A0152_001 in /tmp/pbe_data.data.home.schowdhury.Project_kinases.cof_tpl_mg.run_prot2.4LMN_ASP01A0152_001
ForkPoolWorker-1: Calling delphi to calculate conformer (195/621) ASP01A0152_002 in /tmp/pbe_data.data.home.schowdhury.Project_kinases.cof_tpl_mg.run_prot2.4LMN_ASP01A0152_002
ForkPoolWorker-1: Calling delphi to calculate conformer (196/621) ASP02A0152_003 in /tmp/pbe_data.data.home.schowdhury.Project_kinases.cof_tpl_mg.run_prot2.4LMN_ASP02A0152_003
ForkPoolWorker-1: Calling delphi to calculate conformer (197/621) ASP02A0152_004 in /tmp/pbe_data.data.home.schowdhury.Project_kinases.cof_tpl_mg.run_prot2.4LMN_ASP02A0152_004
ForkPoolWorker-1: Calling delphi to calculate conformer (198/621) ASP-1A0152_005 in /tmp/pbe_data.data.home.schowdhury.Project_kinases.cof_tpl_mg.run_prot2.4LMN_ASP-1A0152_005
ForkPoolWorker-1: Calling delphi to calculate conformer (199/621) GLN01A0153_001 in /tmp/pbe_data.data.home.schowdhury.Project_kinases.cof_tpl_mg.run_prot2.4LMN_GLN01A0153_001
ForkPoolWorker-1: Calling delphi to calculate conformer (200/621) GLN01A0153_002 in /tmp/pbe_data.data.home.schowdhury.Project_kinases.cof_tpl_mg.run_prot2.4LMN_GLN01A0153_002
Skipping PBE solver for non-charge conformer (201/621) VAL01A0154_001...
Skipping PBE solver for non-charge conformer (202/621) LEU01A0155_001...
ForkPoolWorker-1: Calling delphi to calculate conformer (203/621) LYS01A0156_001 in /tmp/pbe_data.data.home.schowdhury.Project_kinases.cof_tpl_mg.run_prot2.4LMN_LYS01A0156_001
ForkPoolWorker-1: Calling delphi to calculate conformer (204/621) LYS+1A0156_002 in /tmp/pbe_data.data.home.schowdhury.Project_kinases.cof_tpl_mg.run_prot2.4LMN_LYS+1A0156_002
ForkPoolWorker-1: Calling delphi to calculate conformer (205/621) LYS01A0157_001 in /tmp/pbe_data.data.home.schowdhury.Project_kinases.cof_tpl_mg.run_prot2.4LMN_LYS01A0157_001
ForkPoolWorker-1: Calling delphi to calculate conformer (206/621) LYS+1A0157_002 in /tmp/pbe_data.data.home.schowdhury.Project_kinases.cof_tpl_mg.run_prot2.4LMN_LYS+1A0157_002
Skipping PBE solver for non-charge conformer (207/621) ALA01A0158_001...
ForkPoolWorker-1: Calling delphi to calculate conformer (208/621) ARG01A0160_001 in /tmp/pbe_data.data.home.schowdhury.Project_kinases.cof_tpl_mg.run_prot2.4LMN_ARG01A0160_001
ForkPoolWorker-1: Calling delphi to calculate conformer (209/621) ARG02A0160_002 in /tmp/pbe_data.data.home.schowdhury.Project_kinases.cof_tpl_mg.run_prot2.4LMN_ARG02A0160_002
ForkPoolWorker-1: Calling delphi to calculate conformer (210/621) ARG03A0160_003 in /tmp/pbe_data.data.home.schowdhury.Project_kinases.cof_tpl_mg.run_prot2.4LMN_ARG03A0160_003
ForkPoolWorker-1: Calling delphi to calculate conformer (211/621) ARG+1A0160_004 in /tmp/pbe_data.data.home.schowdhury.Project_kinases.cof_tpl_mg.run_prot2.4LMN_ARG+1A0160_004
Skipping PBE solver for non-charge conformer (212/621) ILE01A0161_001...
Skipping PBE solver for non-charge conformer (213/621) PRO01A0162_001...
ForkPoolWorker-1: Calling delphi to calculate conformer (214/621) GLU01A0163_001 in /tmp/pbe_data.data.home.schowdhury.Project_kinases.cof_tpl_mg.run_prot2.4LMN_GLU01A0163_001
ForkPoolWorker-1: Calling delphi to calculate conformer (215/621) GLU01A0163_002 in /tmp/pbe_data.data.home.schowdhury.Project_kinases.cof_tpl_mg.run_prot2.4LMN_GLU01A0163_002
ForkPoolWorker-1: Calling delphi to calculate conformer (216/621) GLU01A0163_003 in /tmp/pbe_data.data.home.schowdhury.Project_kinases.cof_tpl_mg.run_prot2.4LMN_GLU01A0163_003
ForkPoolWorker-1: Calling delphi to calculate conformer (217/621) GLU01A0163_004 in /tmp/pbe_data.data.home.schowdhury.Project_kinases.cof_tpl_mg.run_prot2.4LMN_GLU01A0163_004
ForkPoolWorker-1: Calling delphi to calculate conformer (218/621) GLU02A0163_005 in /tmp/pbe_data.data.home.schowdhury.Project_kinases.cof_tpl_mg.run_prot2.4LMN_GLU02A0163_005
ForkPoolWorker-1: Calling delphi to calculate conformer (219/621) GLU02A0163_006 in /tmp/pbe_data.data.home.schowdhury.Project_kinases.cof_tpl_mg.run_prot2.4LMN_GLU02A0163_006
ForkPoolWorker-1: Calling delphi to calculate conformer (220/621) GLU02A0163_007 in /tmp/pbe_data.data.home.schowdhury.Project_kinases.cof_tpl_mg.run_prot2.4LMN_GLU02A0163_007
ForkPoolWorker-1: Calling delphi to calculate conformer (221/621) GLU02A0163_008 in /tmp/pbe_data.data.home.schowdhury.Project_kinases.cof_tpl_mg.run_prot2.4LMN_GLU02A0163_008
ForkPoolWorker-1: Calling delphi to calculate conformer (222/621) GLU-1A0163_009 in /tmp/pbe_data.data.home.schowdhury.Project_kinases.cof_tpl_mg.run_prot2.4LMN_GLU-1A0163_009
ForkPoolWorker-1: Calling delphi to calculate conformer (223/621) GLU-1A0163_010 in /tmp/pbe_data.data.home.schowdhury.Project_kinases.cof_tpl_mg.run_prot2.4LMN_GLU-1A0163_010
ForkPoolWorker-1: Calling delphi to calculate conformer (224/621) GLN01A0164_001 in /tmp/pbe_data.data.home.schowdhury.Project_kinases.cof_tpl_mg.run_prot2.4LMN_GLN01A0164_001
ForkPoolWorker-1: Calling delphi to calculate conformer (225/621) GLN01A0164_002 in /tmp/pbe_data.data.home.schowdhury.Project_kinases.cof_tpl_mg.run_prot2.4LMN_GLN01A0164_002
Skipping PBE solver for non-charge conformer (226/621) ILE01A0165_001...
Skipping PBE solver for non-charge conformer (227/621) LEU01A0166_001...
ForkPoolWorker-1: Calling delphi to calculate conformer (228/621) LYS01A0168_001 in /tmp/pbe_data.data.home.schowdhury.Project_kinases.cof_tpl_mg.run_prot2.4LMN_LYS01A0168_001
ForkPoolWorker-1: Calling delphi to calculate conformer (229/621) LYS+1A0168_002 in /tmp/pbe_data.data.home.schowdhury.Project_kinases.cof_tpl_mg.run_prot2.4LMN_LYS+1A0168_002
Skipping PBE solver for non-charge conformer (230/621) VAL01A0169_001...
ForkPoolWorker-1: Calling delphi to calculate conformer (231/621) SER01A0170_001 in /tmp/pbe_data.data.home.schowdhury.Project_kinases.cof_tpl_mg.run_prot2.4LMN_SER01A0170_001
ForkPoolWorker-1: Calling delphi to calculate conformer (232/621) SER01A0170_002 in /tmp/pbe_data.data.home.schowdhury.Project_kinases.cof_tpl_mg.run_prot2.4LMN_SER01A0170_002
Skipping PBE solver for non-charge conformer (233/621) ILE01A0171_001...
Skipping PBE solver for non-charge conformer (234/621) ALA01A0172_001...
Skipping PBE solver for non-charge conformer (235/621) VAL01A0173_001...
Skipping PBE solver for non-charge conformer (236/621) ILE01A0174_001...
ForkPoolWorker-1: Calling delphi to calculate conformer (237/621) LYS01A0175_001 in /tmp/pbe_data.data.home.schowdhury.Project_kinases.cof_tpl_mg.run_prot2.4LMN_LYS01A0175_001
ForkPoolWorker-1: Calling delphi to calculate conformer (238/621) LYS+1A0175_002 in /tmp/pbe_data.data.home.schowdhury.Project_kinases.cof_tpl_mg.run_prot2.4LMN_LYS+1A0175_002
Skipping PBE solver for non-charge conformer (239/621) LEU01A0177_001...
ForkPoolWorker-1: Calling delphi to calculate conformer (240/621) THR01A0178_001 in /tmp/pbe_data.data.home.schowdhury.Project_kinases.cof_tpl_mg.run_prot2.4LMN_THR01A0178_001
ForkPoolWorker-1: Calling delphi to calculate conformer (241/621) THR01A0178_002 in /tmp/pbe_data.data.home.schowdhury.Project_kinases.cof_tpl_mg.run_prot2.4LMN_THR01A0178_002
ForkPoolWorker-1: Calling delphi to calculate conformer (242/621) TYR01A0179_001 in /tmp/pbe_data.data.home.schowdhury.Project_kinases.cof_tpl_mg.run_prot2.4LMN_TYR01A0179_001
ForkPoolWorker-1: Calling delphi to calculate conformer (243/621) TYR01A0179_002 in /tmp/pbe_data.data.home.schowdhury.Project_kinases.cof_tpl_mg.run_prot2.4LMN_TYR01A0179_002
ForkPoolWorker-1: Calling delphi to calculate conformer (244/621) TYR-1A0179_003 in /tmp/pbe_data.data.home.schowdhury.Project_kinases.cof_tpl_mg.run_prot2.4LMN_TYR-1A0179_003
Skipping PBE solver for non-charge conformer (245/621) LEU01A0180_001...
ForkPoolWorker-1: Calling delphi to calculate conformer (246/621) ARG01A0181_001 in /tmp/pbe_data.data.home.schowdhury.Project_kinases.cof_tpl_mg.run_prot2.4LMN_ARG01A0181_001
ForkPoolWorker-1: Calling delphi to calculate conformer (247/621) ARG02A0181_002 in /tmp/pbe_data.data.home.schowdhury.Project_kinases.cof_tpl_mg.run_prot2.4LMN_ARG02A0181_002
ForkPoolWorker-1: Calling delphi to calculate conformer (248/621) ARG03A0181_003 in /tmp/pbe_data.data.home.schowdhury.Project_kinases.cof_tpl_mg.run_prot2.4LMN_ARG03A0181_003
ForkPoolWorker-1: Calling delphi to calculate conformer (249/621) ARG+1A0181_004 in /tmp/pbe_data.data.home.schowdhury.Project_kinases.cof_tpl_mg.run_prot2.4LMN_ARG+1A0181_004
ForkPoolWorker-1: Calling delphi to calculate conformer (250/621) GLU01A0182_001 in /tmp/pbe_data.data.home.schowdhury.Project_kinases.cof_tpl_mg.run_prot2.4LMN_GLU01A0182_001
ForkPoolWorker-1: Calling delphi to calculate conformer (251/621) GLU01A0182_002 in /tmp/pbe_data.data.home.schowdhury.Project_kinases.cof_tpl_mg.run_prot2.4LMN_GLU01A0182_002
ForkPoolWorker-1: Calling delphi to calculate conformer (252/621) GLU02A0182_003 in /tmp/pbe_data.data.home.schowdhury.Project_kinases.cof_tpl_mg.run_prot2.4LMN_GLU02A0182_003
ForkPoolWorker-1: Calling delphi to calculate conformer (253/621) GLU02A0182_004 in /tmp/pbe_data.data.home.schowdhury.Project_kinases.cof_tpl_mg.run_prot2.4LMN_GLU02A0182_004
ForkPoolWorker-1: Calling delphi to calculate conformer (254/621) GLU-1A0182_005 in /tmp/pbe_data.data.home.schowdhury.Project_kinases.cof_tpl_mg.run_prot2.4LMN_GLU-1A0182_005
ForkPoolWorker-1: Calling delphi to calculate conformer (255/621) LYS01A0183_001 in /tmp/pbe_data.data.home.schowdhury.Project_kinases.cof_tpl_mg.run_prot2.4LMN_LYS01A0183_001
ForkPoolWorker-1: Calling delphi to calculate conformer (256/621) LYS+1A0183_002 in /tmp/pbe_data.data.home.schowdhury.Project_kinases.cof_tpl_mg.run_prot2.4LMN_LYS+1A0183_002
ForkPoolWorker-1: Calling delphi to calculate conformer (257/621) HIS01A0184_001 in /tmp/pbe_data.data.home.schowdhury.Project_kinases.cof_tpl_mg.run_prot2.4LMN_HIS01A0184_001
ForkPoolWorker-1: Calling delphi to calculate conformer (258/621) HIS02A0184_002 in /tmp/pbe_data.data.home.schowdhury.Project_kinases.cof_tpl_mg.run_prot2.4LMN_HIS02A0184_002
ForkPoolWorker-1: Calling delphi to calculate conformer (259/621) HIS+1A0184_003 in /tmp/pbe_data.data.home.schowdhury.Project_kinases.cof_tpl_mg.run_prot2.4LMN_HIS+1A0184_003
ForkPoolWorker-1: Calling delphi to calculate conformer (260/621) LYS01A0185_001 in /tmp/pbe_data.data.home.schowdhury.Project_kinases.cof_tpl_mg.run_prot2.4LMN_LYS01A0185_001
ForkPoolWorker-1: Calling delphi to calculate conformer (261/621) LYS+1A0185_002 in /tmp/pbe_data.data.home.schowdhury.Project_kinases.cof_tpl_mg.run_prot2.4LMN_LYS+1A0185_002
Skipping PBE solver for non-charge conformer (262/621) ILE01A0186_001...
ForkPoolWorker-1: Calling delphi to calculate conformer (263/621) MET01A0187_001 in /tmp/pbe_data.data.home.schowdhury.Project_kinases.cof_tpl_mg.run_prot2.4LMN_MET01A0187_001
ForkPoolWorker-1: Calling delphi to calculate conformer (264/621) HIS01A0188_001 in /tmp/pbe_data.data.home.schowdhury.Project_kinases.cof_tpl_mg.run_prot2.4LMN_HIS01A0188_001
ForkPoolWorker-1: Calling delphi to calculate conformer (265/621) HIS01A0188_002 in /tmp/pbe_data.data.home.schowdhury.Project_kinases.cof_tpl_mg.run_prot2.4LMN_HIS01A0188_002
ForkPoolWorker-1: Calling delphi to calculate conformer (266/621) HIS02A0188_003 in /tmp/pbe_data.data.home.schowdhury.Project_kinases.cof_tpl_mg.run_prot2.4LMN_HIS02A0188_003
ForkPoolWorker-1: Calling delphi to calculate conformer (267/621) HIS02A0188_004 in /tmp/pbe_data.data.home.schowdhury.Project_kinases.cof_tpl_mg.run_prot2.4LMN_HIS02A0188_004
ForkPoolWorker-1: Calling delphi to calculate conformer (268/621) HIS+1A0188_005 in /tmp/pbe_data.data.home.schowdhury.Project_kinases.cof_tpl_mg.run_prot2.4LMN_HIS+1A0188_005
ForkPoolWorker-1: Calling delphi to calculate conformer (269/621) HIS+1A0188_006 in /tmp/pbe_data.data.home.schowdhury.Project_kinases.cof_tpl_mg.run_prot2.4LMN_HIS+1A0188_006
ForkPoolWorker-1: Calling delphi to calculate conformer (270/621) ARG01A0189_001 in /tmp/pbe_data.data.home.schowdhury.Project_kinases.cof_tpl_mg.run_prot2.4LMN_ARG01A0189_001
ForkPoolWorker-1: Calling delphi to calculate conformer (271/621) ARG02A0189_002 in /tmp/pbe_data.data.home.schowdhury.Project_kinases.cof_tpl_mg.run_prot2.4LMN_ARG02A0189_002
ForkPoolWorker-1: Calling delphi to calculate conformer (272/621) ARG03A0189_003 in /tmp/pbe_data.data.home.schowdhury.Project_kinases.cof_tpl_mg.run_prot2.4LMN_ARG03A0189_003
ForkPoolWorker-1: Calling delphi to calculate conformer (273/621) ARG03A0189_004 in /tmp/pbe_data.data.home.schowdhury.Project_kinases.cof_tpl_mg.run_prot2.4LMN_ARG03A0189_004
ForkPoolWorker-1: Calling delphi to calculate conformer (274/621) ARG+1A0189_005 in /tmp/pbe_data.data.home.schowdhury.Project_kinases.cof_tpl_mg.run_prot2.4LMN_ARG+1A0189_005
ForkPoolWorker-1: Calling delphi to calculate conformer (275/621) ASP01A0190_001 in /tmp/pbe_data.data.home.schowdhury.Project_kinases.cof_tpl_mg.run_prot2.4LMN_ASP01A0190_001
ForkPoolWorker-1: Calling delphi to calculate conformer (276/621) ASP01A0190_002 in /tmp/pbe_data.data.home.schowdhury.Project_kinases.cof_tpl_mg.run_prot2.4LMN_ASP01A0190_002
ForkPoolWorker-1: Calling delphi to calculate conformer (277/621) ASP02A0190_003 in /tmp/pbe_data.data.home.schowdhury.Project_kinases.cof_tpl_mg.run_prot2.4LMN_ASP02A0190_003
ForkPoolWorker-1: Calling delphi to calculate conformer (278/621) ASP02A0190_004 in /tmp/pbe_data.data.home.schowdhury.Project_kinases.cof_tpl_mg.run_prot2.4LMN_ASP02A0190_004
ForkPoolWorker-1: Calling delphi to calculate conformer (279/621) ASP-1A0190_005 in /tmp/pbe_data.data.home.schowdhury.Project_kinases.cof_tpl_mg.run_prot2.4LMN_ASP-1A0190_005
Skipping PBE solver for non-charge conformer (280/621) VAL01A0191_001...
ForkPoolWorker-1: Calling delphi to calculate conformer (281/621) LYS01A0192_001 in /tmp/pbe_data.data.home.schowdhury.Project_kinases.cof_tpl_mg.run_prot2.4LMN_LYS01A0192_001
ForkPoolWorker-1: Calling delphi to calculate conformer (282/621) LYS+1A0192_002 in /tmp/pbe_data.data.home.schowdhury.Project_kinases.cof_tpl_mg.run_prot2.4LMN_LYS+1A0192_002
Skipping PBE solver for non-charge conformer (283/621) PRO01A0193_001...
ForkPoolWorker-1: Calling delphi to calculate conformer (284/621) SER01A0194_001 in /tmp/pbe_data.data.home.schowdhury.Project_kinases.cof_tpl_mg.run_prot2.4LMN_SER01A0194_001
ForkPoolWorker-1: Calling delphi to calculate conformer (285/621) SER01A0194_002 in /tmp/pbe_data.data.home.schowdhury.Project_kinases.cof_tpl_mg.run_prot2.4LMN_SER01A0194_002
ForkPoolWorker-1: Calling delphi to calculate conformer (286/621) SER01A0194_003 in /tmp/pbe_data.data.home.schowdhury.Project_kinases.cof_tpl_mg.run_prot2.4LMN_SER01A0194_003
ForkPoolWorker-1: Calling delphi to calculate conformer (287/621) ASN01A0195_001 in /tmp/pbe_data.data.home.schowdhury.Project_kinases.cof_tpl_mg.run_prot2.4LMN_ASN01A0195_001
ForkPoolWorker-1: Calling delphi to calculate conformer (288/621) ASN01A0195_002 in /tmp/pbe_data.data.home.schowdhury.Project_kinases.cof_tpl_mg.run_prot2.4LMN_ASN01A0195_002
Skipping PBE solver for non-charge conformer (289/621) ILE01A0196_001...
Skipping PBE solver for non-charge conformer (290/621) LEU01A0197_001...
Skipping PBE solver for non-charge conformer (291/621) VAL01A0198_001...
ForkPoolWorker-1: Calling delphi to calculate conformer (292/621) ASN01A0199_001 in /tmp/pbe_data.data.home.schowdhury.Project_kinases.cof_tpl_mg.run_prot2.4LMN_ASN01A0199_001
ForkPoolWorker-1: Calling delphi to calculate conformer (293/621) ASN01A0199_002 in /tmp/pbe_data.data.home.schowdhury.Project_kinases.cof_tpl_mg.run_prot2.4LMN_ASN01A0199_002
ForkPoolWorker-1: Calling delphi to calculate conformer (294/621) SER01A0200_001 in /tmp/pbe_data.data.home.schowdhury.Project_kinases.cof_tpl_mg.run_prot2.4LMN_SER01A0200_001
ForkPoolWorker-1: Calling delphi to calculate conformer (295/621) SER01A0200_002 in /tmp/pbe_data.data.home.schowdhury.Project_kinases.cof_tpl_mg.run_prot2.4LMN_SER01A0200_002
ForkPoolWorker-1: Calling delphi to calculate conformer (296/621) SER01A0200_003 in /tmp/pbe_data.data.home.schowdhury.Project_kinases.cof_tpl_mg.run_prot2.4LMN_SER01A0200_003
ForkPoolWorker-1: Calling delphi to calculate conformer (297/621) ARG01A0201_001 in /tmp/pbe_data.data.home.schowdhury.Project_kinases.cof_tpl_mg.run_prot2.4LMN_ARG01A0201_001
ForkPoolWorker-1: Calling delphi to calculate conformer (298/621) ARG02A0201_002 in /tmp/pbe_data.data.home.schowdhury.Project_kinases.cof_tpl_mg.run_prot2.4LMN_ARG02A0201_002
ForkPoolWorker-1: Calling delphi to calculate conformer (299/621) ARG03A0201_003 in /tmp/pbe_data.data.home.schowdhury.Project_kinases.cof_tpl_mg.run_prot2.4LMN_ARG03A0201_003
ForkPoolWorker-1: Calling delphi to calculate conformer (300/621) ARG+1A0201_004 in /tmp/pbe_data.data.home.schowdhury.Project_kinases.cof_tpl_mg.run_prot2.4LMN_ARG+1A0201_004
ForkPoolWorker-1: Calling delphi to calculate conformer (301/621) GLU01A0203_001 in /tmp/pbe_data.data.home.schowdhury.Project_kinases.cof_tpl_mg.run_prot2.4LMN_GLU01A0203_001
ForkPoolWorker-1: Calling delphi to calculate conformer (302/621) GLU01A0203_002 in /tmp/pbe_data.data.home.schowdhury.Project_kinases.cof_tpl_mg.run_prot2.4LMN_GLU01A0203_002
ForkPoolWorker-1: Calling delphi to calculate conformer (303/621) GLU02A0203_003 in /tmp/pbe_data.data.home.schowdhury.Project_kinases.cof_tpl_mg.run_prot2.4LMN_GLU02A0203_003
ForkPoolWorker-1: Calling delphi to calculate conformer (304/621) GLU02A0203_004 in /tmp/pbe_data.data.home.schowdhury.Project_kinases.cof_tpl_mg.run_prot2.4LMN_GLU02A0203_004
ForkPoolWorker-1: Calling delphi to calculate conformer (305/621) GLU-1A0203_005 in /tmp/pbe_data.data.home.schowdhury.Project_kinases.cof_tpl_mg.run_prot2.4LMN_GLU-1A0203_005
Skipping PBE solver for non-charge conformer (306/621) ILE01A0204_001...
ForkPoolWorker-1: Calling delphi to calculate conformer (307/621) LYS01A0205_001 in /tmp/pbe_data.data.home.schowdhury.Project_kinases.cof_tpl_mg.run_prot2.4LMN_LYS01A0205_001
ForkPoolWorker-1: Calling delphi to calculate conformer (308/621) LYS+1A0205_002 in /tmp/pbe_data.data.home.schowdhury.Project_kinases.cof_tpl_mg.run_prot2.4LMN_LYS+1A0205_002
Skipping PBE solver for non-charge conformer (309/621) LEU01A0206_001...
ForkPoolWorker-1: Calling delphi to calculate conformer (310/621) CYS01A0207_001 in /tmp/pbe_data.data.home.schowdhury.Project_kinases.cof_tpl_mg.run_prot2.4LMN_CYS01A0207_001
ForkPoolWorker-1: Calling delphi to calculate conformer (311/621) CYS01A0207_002 in /tmp/pbe_data.data.home.schowdhury.Project_kinases.cof_tpl_mg.run_prot2.4LMN_CYS01A0207_002
ForkPoolWorker-1: Calling delphi to calculate conformer (312/621) CYS01A0207_003 in /tmp/pbe_data.data.home.schowdhury.Project_kinases.cof_tpl_mg.run_prot2.4LMN_CYS01A0207_003
ForkPoolWorker-1: Calling delphi to calculate conformer (313/621) CYS-1A0207_004 in /tmp/pbe_data.data.home.schowdhury.Project_kinases.cof_tpl_mg.run_prot2.4LMN_CYS-1A0207_004
ForkPoolWorker-1: Calling delphi to calculate conformer (314/621) ASP01A0208_001 in /tmp/pbe_data.data.home.schowdhury.Project_kinases.cof_tpl_mg.run_prot2.4LMN_ASP01A0208_001
ForkPoolWorker-1: Calling delphi to calculate conformer (315/621) ASP01A0208_002 in /tmp/pbe_data.data.home.schowdhury.Project_kinases.cof_tpl_mg.run_prot2.4LMN_ASP01A0208_002
ForkPoolWorker-1: Calling delphi to calculate conformer (316/621) ASP02A0208_003 in /tmp/pbe_data.data.home.schowdhury.Project_kinases.cof_tpl_mg.run_prot2.4LMN_ASP02A0208_003
ForkPoolWorker-1: Calling delphi to calculate conformer (317/621) ASP02A0208_004 in /tmp/pbe_data.data.home.schowdhury.Project_kinases.cof_tpl_mg.run_prot2.4LMN_ASP02A0208_004
ForkPoolWorker-1: Calling delphi to calculate conformer (318/621) ASP-1A0208_005 in /tmp/pbe_data.data.home.schowdhury.Project_kinases.cof_tpl_mg.run_prot2.4LMN_ASP-1A0208_005
Skipping PBE solver for non-charge conformer (319/621) PHE01A0209_001...
Skipping PBE solver for non-charge conformer (320/621) VAL01A0211_001...
ForkPoolWorker-1: Calling delphi to calculate conformer (321/621) SER01A0212_001 in /tmp/pbe_data.data.home.schowdhury.Project_kinases.cof_tpl_mg.run_prot2.4LMN_SER01A0212_001
ForkPoolWorker-1: Calling delphi to calculate conformer (322/621) SER01A0212_002 in /tmp/pbe_data.data.home.schowdhury.Project_kinases.cof_tpl_mg.run_prot2.4LMN_SER01A0212_002
ForkPoolWorker-1: Calling delphi to calculate conformer (323/621) SER01A0212_003 in /tmp/pbe_data.data.home.schowdhury.Project_kinases.cof_tpl_mg.run_prot2.4LMN_SER01A0212_003
ForkPoolWorker-1: Calling delphi to calculate conformer (324/621) SER01A0212_004 in /tmp/pbe_data.data.home.schowdhury.Project_kinases.cof_tpl_mg.run_prot2.4LMN_SER01A0212_004
ForkPoolWorker-1: Calling delphi to calculate conformer (325/621) SER01A0212_005 in /tmp/pbe_data.data.home.schowdhury.Project_kinases.cof_tpl_mg.run_prot2.4LMN_SER01A0212_005
ForkPoolWorker-1: Calling delphi to calculate conformer (326/621) GLN01A0214_001 in /tmp/pbe_data.data.home.schowdhury.Project_kinases.cof_tpl_mg.run_prot2.4LMN_GLN01A0214_001
ForkPoolWorker-1: Calling delphi to calculate conformer (327/621) GLN01A0214_002 in /tmp/pbe_data.data.home.schowdhury.Project_kinases.cof_tpl_mg.run_prot2.4LMN_GLN01A0214_002
Skipping PBE solver for non-charge conformer (328/621) LEU01A0215_001...
Skipping PBE solver for non-charge conformer (329/621) ILE01A0216_001...
ForkPoolWorker-1: Calling delphi to calculate conformer (330/621) ASP01A0217_001 in /tmp/pbe_data.data.home.schowdhury.Project_kinases.cof_tpl_mg.run_prot2.4LMN_ASP01A0217_001
ForkPoolWorker-1: Calling delphi to calculate conformer (331/621) ASP01A0217_002 in /tmp/pbe_data.data.home.schowdhury.Project_kinases.cof_tpl_mg.run_prot2.4LMN_ASP01A0217_002
ForkPoolWorker-1: Calling delphi to calculate conformer (332/621) ASP02A0217_003 in /tmp/pbe_data.data.home.schowdhury.Project_kinases.cof_tpl_mg.run_prot2.4LMN_ASP02A0217_003
ForkPoolWorker-1: Calling delphi to calculate conformer (333/621) ASP02A0217_004 in /tmp/pbe_data.data.home.schowdhury.Project_kinases.cof_tpl_mg.run_prot2.4LMN_ASP02A0217_004
ForkPoolWorker-1: Calling delphi to calculate conformer (334/621) ASP-1A0217_005 in /tmp/pbe_data.data.home.schowdhury.Project_kinases.cof_tpl_mg.run_prot2.4LMN_ASP-1A0217_005
ForkPoolWorker-1: Calling delphi to calculate conformer (335/621) SER01A0218_001 in /tmp/pbe_data.data.home.schowdhury.Project_kinases.cof_tpl_mg.run_prot2.4LMN_SER01A0218_001
ForkPoolWorker-1: Calling delphi to calculate conformer (336/621) SER01A0218_002 in /tmp/pbe_data.data.home.schowdhury.Project_kinases.cof_tpl_mg.run_prot2.4LMN_SER01A0218_002
ForkPoolWorker-1: Calling delphi to calculate conformer (337/621) SER01A0218_003 in /tmp/pbe_data.data.home.schowdhury.Project_kinases.cof_tpl_mg.run_prot2.4LMN_SER01A0218_003
ForkPoolWorker-1: Calling delphi to calculate conformer (338/621) MET01A0219_001 in /tmp/pbe_data.data.home.schowdhury.Project_kinases.cof_tpl_mg.run_prot2.4LMN_MET01A0219_001
Skipping PBE solver for non-charge conformer (339/621) ALA01A0220_001...
ForkPoolWorker-1: Calling delphi to calculate conformer (340/621) ASN01A0221_001 in /tmp/pbe_data.data.home.schowdhury.Project_kinases.cof_tpl_mg.run_prot2.4LMN_ASN01A0221_001
ForkPoolWorker-1: Calling delphi to calculate conformer (341/621) ASN01A0221_002 in /tmp/pbe_data.data.home.schowdhury.Project_kinases.cof_tpl_mg.run_prot2.4LMN_ASN01A0221_002
ForkPoolWorker-1: Calling delphi to calculate conformer (342/621) SER01A0222_001 in /tmp/pbe_data.data.home.schowdhury.Project_kinases.cof_tpl_mg.run_prot2.4LMN_SER01A0222_001
ForkPoolWorker-1: Calling delphi to calculate conformer (343/621) SER01A0222_002 in /tmp/pbe_data.data.home.schowdhury.Project_kinases.cof_tpl_mg.run_prot2.4LMN_SER01A0222_002
Skipping PBE solver for non-charge conformer (344/621) PHE01A0223_001...
Skipping PBE solver for non-charge conformer (345/621) VAL01A0224_001...
ForkPoolWorker-1: Calling delphi to calculate conformer (346/621) THR01A0226_001 in /tmp/pbe_data.data.home.schowdhury.Project_kinases.cof_tpl_mg.run_prot2.4LMN_THR01A0226_001
ForkPoolWorker-1: Calling delphi to calculate conformer (347/621) ARG01A0227_001 in /tmp/pbe_data.data.home.schowdhury.Project_kinases.cof_tpl_mg.run_prot2.4LMN_ARG01A0227_001
ForkPoolWorker-1: Calling delphi to calculate conformer (348/621) ARG02A0227_002 in /tmp/pbe_data.data.home.schowdhury.Project_kinases.cof_tpl_mg.run_prot2.4LMN_ARG02A0227_002
ForkPoolWorker-1: Calling delphi to calculate conformer (349/621) ARG02A0227_003 in /tmp/pbe_data.data.home.schowdhury.Project_kinases.cof_tpl_mg.run_prot2.4LMN_ARG02A0227_003
ForkPoolWorker-1: Calling delphi to calculate conformer (350/621) ARG03A0227_004 in /tmp/pbe_data.data.home.schowdhury.Project_kinases.cof_tpl_mg.run_prot2.4LMN_ARG03A0227_004
ForkPoolWorker-1: Calling delphi to calculate conformer (351/621) ARG03A0227_005 in /tmp/pbe_data.data.home.schowdhury.Project_kinases.cof_tpl_mg.run_prot2.4LMN_ARG03A0227_005
ForkPoolWorker-1: Calling delphi to calculate conformer (352/621) ARG+1A0227_006 in /tmp/pbe_data.data.home.schowdhury.Project_kinases.cof_tpl_mg.run_prot2.4LMN_ARG+1A0227_006
ForkPoolWorker-1: Calling delphi to calculate conformer (353/621) SER01A0228_001 in /tmp/pbe_data.data.home.schowdhury.Project_kinases.cof_tpl_mg.run_prot2.4LMN_SER01A0228_001
ForkPoolWorker-1: Calling delphi to calculate conformer (354/621) SER01A0228_002 in /tmp/pbe_data.data.home.schowdhury.Project_kinases.cof_tpl_mg.run_prot2.4LMN_SER01A0228_002
ForkPoolWorker-1: Calling delphi to calculate conformer (355/621) TYR01A0229_001 in /tmp/pbe_data.data.home.schowdhury.Project_kinases.cof_tpl_mg.run_prot2.4LMN_TYR01A0229_001
ForkPoolWorker-1: Calling delphi to calculate conformer (356/621) TYR01A0229_002 in /tmp/pbe_data.data.home.schowdhury.Project_kinases.cof_tpl_mg.run_prot2.4LMN_TYR01A0229_002
ForkPoolWorker-1: Calling delphi to calculate conformer (357/621) TYR-1A0229_003 in /tmp/pbe_data.data.home.schowdhury.Project_kinases.cof_tpl_mg.run_prot2.4LMN_TYR-1A0229_003
ForkPoolWorker-1: Calling delphi to calculate conformer (358/621) MET01A0230_001 in /tmp/pbe_data.data.home.schowdhury.Project_kinases.cof_tpl_mg.run_prot2.4LMN_MET01A0230_001
ForkPoolWorker-1: Calling delphi to calculate conformer (359/621) SER01A0231_001 in /tmp/pbe_data.data.home.schowdhury.Project_kinases.cof_tpl_mg.run_prot2.4LMN_SER01A0231_001
ForkPoolWorker-1: Calling delphi to calculate conformer (360/621) SER01A0231_002 in /tmp/pbe_data.data.home.schowdhury.Project_kinases.cof_tpl_mg.run_prot2.4LMN_SER01A0231_002
ForkPoolWorker-1: Calling delphi to calculate conformer (361/621) SER01A0231_003 in /tmp/pbe_data.data.home.schowdhury.Project_kinases.cof_tpl_mg.run_prot2.4LMN_SER01A0231_003
ForkPoolWorker-1: Calling delphi to calculate conformer (362/621) SER01A0231_004 in /tmp/pbe_data.data.home.schowdhury.Project_kinases.cof_tpl_mg.run_prot2.4LMN_SER01A0231_004
ForkPoolWorker-1: Calling delphi to calculate conformer (363/621) SER01A0231_005 in /tmp/pbe_data.data.home.schowdhury.Project_kinases.cof_tpl_mg.run_prot2.4LMN_SER01A0231_005
ForkPoolWorker-1: Calling delphi to calculate conformer (364/621) SER01A0231_006 in /tmp/pbe_data.data.home.schowdhury.Project_kinases.cof_tpl_mg.run_prot2.4LMN_SER01A0231_006
ForkPoolWorker-1: Calling delphi to calculate conformer (365/621) SER01A0231_007 in /tmp/pbe_data.data.home.schowdhury.Project_kinases.cof_tpl_mg.run_prot2.4LMN_SER01A0231_007
ForkPoolWorker-1: Calling delphi to calculate conformer (366/621) SER01A0231_008 in /tmp/pbe_data.data.home.schowdhury.Project_kinases.cof_tpl_mg.run_prot2.4LMN_SER01A0231_008
Skipping PBE solver for non-charge conformer (367/621) PRO01A0232_001...
ForkPoolWorker-1: Calling delphi to calculate conformer (368/621) GLU01A0233_001 in /tmp/pbe_data.data.home.schowdhury.Project_kinases.cof_tpl_mg.run_prot2.4LMN_GLU01A0233_001
ForkPoolWorker-1: Calling delphi to calculate conformer (369/621) GLU01A0233_002 in /tmp/pbe_data.data.home.schowdhury.Project_kinases.cof_tpl_mg.run_prot2.4LMN_GLU01A0233_002
ForkPoolWorker-1: Calling delphi to calculate conformer (370/621) GLU02A0233_003 in /tmp/pbe_data.data.home.schowdhury.Project_kinases.cof_tpl_mg.run_prot2.4LMN_GLU02A0233_003
ForkPoolWorker-1: Calling delphi to calculate conformer (371/621) GLU02A0233_004 in /tmp/pbe_data.data.home.schowdhury.Project_kinases.cof_tpl_mg.run_prot2.4LMN_GLU02A0233_004
ForkPoolWorker-1: Calling delphi to calculate conformer (372/621) GLU-1A0233_005 in /tmp/pbe_data.data.home.schowdhury.Project_kinases.cof_tpl_mg.run_prot2.4LMN_GLU-1A0233_005
ForkPoolWorker-1: Calling delphi to calculate conformer (373/621) ARG01A0234_001 in /tmp/pbe_data.data.home.schowdhury.Project_kinases.cof_tpl_mg.run_prot2.4LMN_ARG01A0234_001
ForkPoolWorker-1: Calling delphi to calculate conformer (374/621) ARG02A0234_002 in /tmp/pbe_data.data.home.schowdhury.Project_kinases.cof_tpl_mg.run_prot2.4LMN_ARG02A0234_002
ForkPoolWorker-1: Calling delphi to calculate conformer (375/621) ARG03A0234_003 in /tmp/pbe_data.data.home.schowdhury.Project_kinases.cof_tpl_mg.run_prot2.4LMN_ARG03A0234_003
ForkPoolWorker-1: Calling delphi to calculate conformer (376/621) ARG+1A0234_004 in /tmp/pbe_data.data.home.schowdhury.Project_kinases.cof_tpl_mg.run_prot2.4LMN_ARG+1A0234_004
Skipping PBE solver for non-charge conformer (377/621) LEU01A0235_001...
ForkPoolWorker-1: Calling delphi to calculate conformer (378/621) GLN01A0236_001 in /tmp/pbe_data.data.home.schowdhury.Project_kinases.cof_tpl_mg.run_prot2.4LMN_GLN01A0236_001
ForkPoolWorker-1: Calling delphi to calculate conformer (379/621) GLN01A0236_002 in /tmp/pbe_data.data.home.schowdhury.Project_kinases.cof_tpl_mg.run_prot2.4LMN_GLN01A0236_002
ForkPoolWorker-1: Calling delphi to calculate conformer (380/621) THR01A0238_001 in /tmp/pbe_data.data.home.schowdhury.Project_kinases.cof_tpl_mg.run_prot2.4LMN_THR01A0238_001
ForkPoolWorker-1: Calling delphi to calculate conformer (381/621) HIS01A0239_001 in /tmp/pbe_data.data.home.schowdhury.Project_kinases.cof_tpl_mg.run_prot2.4LMN_HIS01A0239_001
ForkPoolWorker-1: Calling delphi to calculate conformer (382/621) HIS01A0239_002 in /tmp/pbe_data.data.home.schowdhury.Project_kinases.cof_tpl_mg.run_prot2.4LMN_HIS01A0239_002
ForkPoolWorker-1: Calling delphi to calculate conformer (383/621) HIS02A0239_003 in /tmp/pbe_data.data.home.schowdhury.Project_kinases.cof_tpl_mg.run_prot2.4LMN_HIS02A0239_003
ForkPoolWorker-1: Calling delphi to calculate conformer (384/621) HIS02A0239_004 in /tmp/pbe_data.data.home.schowdhury.Project_kinases.cof_tpl_mg.run_prot2.4LMN_HIS02A0239_004
ForkPoolWorker-1: Calling delphi to calculate conformer (385/621) HIS+1A0239_005 in /tmp/pbe_data.data.home.schowdhury.Project_kinases.cof_tpl_mg.run_prot2.4LMN_HIS+1A0239_005
ForkPoolWorker-1: Calling delphi to calculate conformer (386/621) HIS+1A0239_006 in /tmp/pbe_data.data.home.schowdhury.Project_kinases.cof_tpl_mg.run_prot2.4LMN_HIS+1A0239_006
ForkPoolWorker-1: Calling delphi to calculate conformer (387/621) TYR01A0240_001 in /tmp/pbe_data.data.home.schowdhury.Project_kinases.cof_tpl_mg.run_prot2.4LMN_TYR01A0240_001
ForkPoolWorker-1: Calling delphi to calculate conformer (388/621) TYR01A0240_002 in /tmp/pbe_data.data.home.schowdhury.Project_kinases.cof_tpl_mg.run_prot2.4LMN_TYR01A0240_002
ForkPoolWorker-1: Calling delphi to calculate conformer (389/621) TYR-1A0240_003 in /tmp/pbe_data.data.home.schowdhury.Project_kinases.cof_tpl_mg.run_prot2.4LMN_TYR-1A0240_003
ForkPoolWorker-1: Calling delphi to calculate conformer (390/621) SER01A0241_001 in /tmp/pbe_data.data.home.schowdhury.Project_kinases.cof_tpl_mg.run_prot2.4LMN_SER01A0241_001
ForkPoolWorker-1: Calling delphi to calculate conformer (391/621) SER01A0241_002 in /tmp/pbe_data.data.home.schowdhury.Project_kinases.cof_tpl_mg.run_prot2.4LMN_SER01A0241_002
Skipping PBE solver for non-charge conformer (392/621) VAL01A0242_001...
ForkPoolWorker-1: Calling delphi to calculate conformer (393/621) GLN01A0243_001 in /tmp/pbe_data.data.home.schowdhury.Project_kinases.cof_tpl_mg.run_prot2.4LMN_GLN01A0243_001
ForkPoolWorker-1: Calling delphi to calculate conformer (394/621) GLN01A0243_002 in /tmp/pbe_data.data.home.schowdhury.Project_kinases.cof_tpl_mg.run_prot2.4LMN_GLN01A0243_002
ForkPoolWorker-1: Calling delphi to calculate conformer (395/621) SER01A0244_001 in /tmp/pbe_data.data.home.schowdhury.Project_kinases.cof_tpl_mg.run_prot2.4LMN_SER01A0244_001
ForkPoolWorker-1: Calling delphi to calculate conformer (396/621) SER01A0244_002 in /tmp/pbe_data.data.home.schowdhury.Project_kinases.cof_tpl_mg.run_prot2.4LMN_SER01A0244_002
ForkPoolWorker-1: Calling delphi to calculate conformer (397/621) ASP01A0245_001 in /tmp/pbe_data.data.home.schowdhury.Project_kinases.cof_tpl_mg.run_prot2.4LMN_ASP01A0245_001
ForkPoolWorker-1: Calling delphi to calculate conformer (398/621) ASP01A0245_002 in /tmp/pbe_data.data.home.schowdhury.Project_kinases.cof_tpl_mg.run_prot2.4LMN_ASP01A0245_002
ForkPoolWorker-1: Calling delphi to calculate conformer (399/621) ASP02A0245_003 in /tmp/pbe_data.data.home.schowdhury.Project_kinases.cof_tpl_mg.run_prot2.4LMN_ASP02A0245_003
ForkPoolWorker-1: Calling delphi to calculate conformer (400/621) ASP02A0245_004 in /tmp/pbe_data.data.home.schowdhury.Project_kinases.cof_tpl_mg.run_prot2.4LMN_ASP02A0245_004
ForkPoolWorker-1: Calling delphi to calculate conformer (401/621) ASP-1A0245_005 in /tmp/pbe_data.data.home.schowdhury.Project_kinases.cof_tpl_mg.run_prot2.4LMN_ASP-1A0245_005
Skipping PBE solver for non-charge conformer (402/621) ILE01A0246_001...
Skipping PBE solver for non-charge conformer (403/621) TRP01A0247_001...
ForkPoolWorker-1: Calling delphi to calculate conformer (404/621) SER01A0248_001 in /tmp/pbe_data.data.home.schowdhury.Project_kinases.cof_tpl_mg.run_prot2.4LMN_SER01A0248_001
ForkPoolWorker-1: Calling delphi to calculate conformer (405/621) SER01A0248_002 in /tmp/pbe_data.data.home.schowdhury.Project_kinases.cof_tpl_mg.run_prot2.4LMN_SER01A0248_002
ForkPoolWorker-1: Calling delphi to calculate conformer (406/621) MET01A0249_001 in /tmp/pbe_data.data.home.schowdhury.Project_kinases.cof_tpl_mg.run_prot2.4LMN_MET01A0249_001
Skipping PBE solver for non-charge conformer (407/621) LEU01A0251_001...
ForkPoolWorker-1: Calling delphi to calculate conformer (408/621) SER01A0252_001 in /tmp/pbe_data.data.home.schowdhury.Project_kinases.cof_tpl_mg.run_prot2.4LMN_SER01A0252_001
ForkPoolWorker-1: Calling delphi to calculate conformer (409/621) SER01A0252_002 in /tmp/pbe_data.data.home.schowdhury.Project_kinases.cof_tpl_mg.run_prot2.4LMN_SER01A0252_002
ForkPoolWorker-1: Calling delphi to calculate conformer (410/621) SER01A0252_003 in /tmp/pbe_data.data.home.schowdhury.Project_kinases.cof_tpl_mg.run_prot2.4LMN_SER01A0252_003
Skipping PBE solver for non-charge conformer (411/621) LEU01A0253_001...
Skipping PBE solver for non-charge conformer (412/621) VAL01A0254_001...
ForkPoolWorker-1: Calling delphi to calculate conformer (413/621) GLU01A0255_001 in /tmp/pbe_data.data.home.schowdhury.Project_kinases.cof_tpl_mg.run_prot2.4LMN_GLU01A0255_001
ForkPoolWorker-1: Calling delphi to calculate conformer (414/621) GLU01A0255_002 in /tmp/pbe_data.data.home.schowdhury.Project_kinases.cof_tpl_mg.run_prot2.4LMN_GLU01A0255_002
ForkPoolWorker-1: Calling delphi to calculate conformer (415/621) GLU02A0255_003 in /tmp/pbe_data.data.home.schowdhury.Project_kinases.cof_tpl_mg.run_prot2.4LMN_GLU02A0255_003
ForkPoolWorker-1: Calling delphi to calculate conformer (416/621) GLU02A0255_004 in /tmp/pbe_data.data.home.schowdhury.Project_kinases.cof_tpl_mg.run_prot2.4LMN_GLU02A0255_004
ForkPoolWorker-1: Calling delphi to calculate conformer (417/621) GLU-1A0255_005 in /tmp/pbe_data.data.home.schowdhury.Project_kinases.cof_tpl_mg.run_prot2.4LMN_GLU-1A0255_005
ForkPoolWorker-1: Calling delphi to calculate conformer (418/621) MET01A0256_001 in /tmp/pbe_data.data.home.schowdhury.Project_kinases.cof_tpl_mg.run_prot2.4LMN_MET01A0256_001
Skipping PBE solver for non-charge conformer (419/621) ALA01A0257_001...
Skipping PBE solver for non-charge conformer (420/621) VAL01A0258_001...
ForkPoolWorker-1: Calling delphi to calculate conformer (421/621) ARG01A0260_001 in /tmp/pbe_data.data.home.schowdhury.Project_kinases.cof_tpl_mg.run_prot2.4LMN_ARG01A0260_001
ForkPoolWorker-1: Calling delphi to calculate conformer (422/621) ARG02A0260_002 in /tmp/pbe_data.data.home.schowdhury.Project_kinases.cof_tpl_mg.run_prot2.4LMN_ARG02A0260_002
ForkPoolWorker-1: Calling delphi to calculate conformer (423/621) ARG03A0260_003 in /tmp/pbe_data.data.home.schowdhury.Project_kinases.cof_tpl_mg.run_prot2.4LMN_ARG03A0260_003
ForkPoolWorker-1: Calling delphi to calculate conformer (424/621) ARG+1A0260_004 in /tmp/pbe_data.data.home.schowdhury.Project_kinases.cof_tpl_mg.run_prot2.4LMN_ARG+1A0260_004
ForkPoolWorker-1: Calling delphi to calculate conformer (425/621) TYR01A0261_001 in /tmp/pbe_data.data.home.schowdhury.Project_kinases.cof_tpl_mg.run_prot2.4LMN_TYR01A0261_001
ForkPoolWorker-1: Calling delphi to calculate conformer (426/621) TYR01A0261_002 in /tmp/pbe_data.data.home.schowdhury.Project_kinases.cof_tpl_mg.run_prot2.4LMN_TYR01A0261_002
ForkPoolWorker-1: Calling delphi to calculate conformer (427/621) TYR-1A0261_003 in /tmp/pbe_data.data.home.schowdhury.Project_kinases.cof_tpl_mg.run_prot2.4LMN_TYR-1A0261_003
Skipping PBE solver for non-charge conformer (428/621) PRO01A0262_001...
Skipping PBE solver for non-charge conformer (429/621) ILE01A0263_001...
Skipping PBE solver for non-charge conformer (430/621) PRO01A0264_001...
Skipping PBE solver for non-charge conformer (431/621) PRO01A0265_001...
Skipping PBE solver for non-charge conformer (432/621) PRO01A0266_001...
ForkPoolWorker-1: Calling delphi to calculate conformer (433/621) ASP01A0267_001 in /tmp/pbe_data.data.home.schowdhury.Project_kinases.cof_tpl_mg.run_prot2.4LMN_ASP01A0267_001
ForkPoolWorker-1: Calling delphi to calculate conformer (434/621) ASP01A0267_002 in /tmp/pbe_data.data.home.schowdhury.Project_kinases.cof_tpl_mg.run_prot2.4LMN_ASP01A0267_002
ForkPoolWorker-1: Calling delphi to calculate conformer (435/621) ASP02A0267_003 in /tmp/pbe_data.data.home.schowdhury.Project_kinases.cof_tpl_mg.run_prot2.4LMN_ASP02A0267_003
ForkPoolWorker-1: Calling delphi to calculate conformer (436/621) ASP02A0267_004 in /tmp/pbe_data.data.home.schowdhury.Project_kinases.cof_tpl_mg.run_prot2.4LMN_ASP02A0267_004
ForkPoolWorker-1: Calling delphi to calculate conformer (437/621) ASP-1A0267_005 in /tmp/pbe_data.data.home.schowdhury.Project_kinases.cof_tpl_mg.run_prot2.4LMN_ASP-1A0267_005
Skipping PBE solver for non-charge conformer (438/621) ALA01A0268_001...
ForkPoolWorker-1: Calling delphi to calculate conformer (439/621) LYS01A0269_001 in /tmp/pbe_data.data.home.schowdhury.Project_kinases.cof_tpl_mg.run_prot2.4LMN_LYS01A0269_001
ForkPoolWorker-1: Calling delphi to calculate conformer (440/621) LYS+1A0269_002 in /tmp/pbe_data.data.home.schowdhury.Project_kinases.cof_tpl_mg.run_prot2.4LMN_LYS+1A0269_002
ForkPoolWorker-1: Calling delphi to calculate conformer (441/621) GLU01A0270_001 in /tmp/pbe_data.data.home.schowdhury.Project_kinases.cof_tpl_mg.run_prot2.4LMN_GLU01A0270_001
ForkPoolWorker-1: Calling delphi to calculate conformer (442/621) GLU01A0270_002 in /tmp/pbe_data.data.home.schowdhury.Project_kinases.cof_tpl_mg.run_prot2.4LMN_GLU01A0270_002
ForkPoolWorker-1: Calling delphi to calculate conformer (443/621) GLU02A0270_003 in /tmp/pbe_data.data.home.schowdhury.Project_kinases.cof_tpl_mg.run_prot2.4LMN_GLU02A0270_003
ForkPoolWorker-1: Calling delphi to calculate conformer (444/621) GLU02A0270_004 in /tmp/pbe_data.data.home.schowdhury.Project_kinases.cof_tpl_mg.run_prot2.4LMN_GLU02A0270_004
ForkPoolWorker-1: Calling delphi to calculate conformer (445/621) GLU-1A0270_005 in /tmp/pbe_data.data.home.schowdhury.Project_kinases.cof_tpl_mg.run_prot2.4LMN_GLU-1A0270_005
Skipping PBE solver for non-charge conformer (446/621) LEU01A0271_001...
ForkPoolWorker-1: Calling delphi to calculate conformer (447/621) GLU01A0272_001 in /tmp/pbe_data.data.home.schowdhury.Project_kinases.cof_tpl_mg.run_prot2.4LMN_GLU01A0272_001
ForkPoolWorker-1: Calling delphi to calculate conformer (448/621) GLU01A0272_002 in /tmp/pbe_data.data.home.schowdhury.Project_kinases.cof_tpl_mg.run_prot2.4LMN_GLU01A0272_002
ForkPoolWorker-1: Calling delphi to calculate conformer (449/621) GLU02A0272_003 in /tmp/pbe_data.data.home.schowdhury.Project_kinases.cof_tpl_mg.run_prot2.4LMN_GLU02A0272_003
ForkPoolWorker-1: Calling delphi to calculate conformer (450/621) GLU02A0272_004 in /tmp/pbe_data.data.home.schowdhury.Project_kinases.cof_tpl_mg.run_prot2.4LMN_GLU02A0272_004
ForkPoolWorker-1: Calling delphi to calculate conformer (451/621) GLU-1A0272_005 in /tmp/pbe_data.data.home.schowdhury.Project_kinases.cof_tpl_mg.run_prot2.4LMN_GLU-1A0272_005
Skipping PBE solver for non-charge conformer (452/621) LEU01A0273_001...
ForkPoolWorker-1: Calling delphi to calculate conformer (453/621) MET01A0274_001 in /tmp/pbe_data.data.home.schowdhury.Project_kinases.cof_tpl_mg.run_prot2.4LMN_MET01A0274_001
Skipping PBE solver for non-charge conformer (454/621) PHE01A0275_001...
Skipping PBE solver for non-charge conformer (455/621) PRO01A0306_001...
Skipping PBE solver for non-charge conformer (456/621) PRO01A0307_001...
ForkPoolWorker-1: Calling delphi to calculate conformer (457/621) MET01A0308_001 in /tmp/pbe_data.data.home.schowdhury.Project_kinases.cof_tpl_mg.run_prot2.4LMN_MET01A0308_001
Skipping PBE solver for non-charge conformer (458/621) ALA01A0309_001...
Skipping PBE solver for non-charge conformer (459/621) ILE01A0310_001...
Skipping PBE solver for non-charge conformer (460/621) PHE01A0311_001...
ForkPoolWorker-1: Calling delphi to calculate conformer (461/621) GLU01A0312_001 in /tmp/pbe_data.data.home.schowdhury.Project_kinases.cof_tpl_mg.run_prot2.4LMN_GLU01A0312_001
ForkPoolWorker-1: Calling delphi to calculate conformer (462/621) GLU01A0312_002 in /tmp/pbe_data.data.home.schowdhury.Project_kinases.cof_tpl_mg.run_prot2.4LMN_GLU01A0312_002
ForkPoolWorker-1: Calling delphi to calculate conformer (463/621) GLU02A0312_003 in /tmp/pbe_data.data.home.schowdhury.Project_kinases.cof_tpl_mg.run_prot2.4LMN_GLU02A0312_003
ForkPoolWorker-1: Calling delphi to calculate conformer (464/621) GLU02A0312_004 in /tmp/pbe_data.data.home.schowdhury.Project_kinases.cof_tpl_mg.run_prot2.4LMN_GLU02A0312_004
ForkPoolWorker-1: Calling delphi to calculate conformer (465/621) GLU-1A0312_005 in /tmp/pbe_data.data.home.schowdhury.Project_kinases.cof_tpl_mg.run_prot2.4LMN_GLU-1A0312_005
Skipping PBE solver for non-charge conformer (466/621) LEU01A0313_001...
Skipping PBE solver for non-charge conformer (467/621) LEU01A0314_001...
ForkPoolWorker-1: Calling delphi to calculate conformer (468/621) ASP01A0315_001 in /tmp/pbe_data.data.home.schowdhury.Project_kinases.cof_tpl_mg.run_prot2.4LMN_ASP01A0315_001
ForkPoolWorker-1: Calling delphi to calculate conformer (469/621) ASP01A0315_002 in /tmp/pbe_data.data.home.schowdhury.Project_kinases.cof_tpl_mg.run_prot2.4LMN_ASP01A0315_002
ForkPoolWorker-1: Calling delphi to calculate conformer (470/621) ASP02A0315_003 in /tmp/pbe_data.data.home.schowdhury.Project_kinases.cof_tpl_mg.run_prot2.4LMN_ASP02A0315_003
ForkPoolWorker-1: Calling delphi to calculate conformer (471/621) ASP02A0315_004 in /tmp/pbe_data.data.home.schowdhury.Project_kinases.cof_tpl_mg.run_prot2.4LMN_ASP02A0315_004
ForkPoolWorker-1: Calling delphi to calculate conformer (472/621) ASP-1A0315_005 in /tmp/pbe_data.data.home.schowdhury.Project_kinases.cof_tpl_mg.run_prot2.4LMN_ASP-1A0315_005
ForkPoolWorker-1: Calling delphi to calculate conformer (473/621) TYR01A0316_001 in /tmp/pbe_data.data.home.schowdhury.Project_kinases.cof_tpl_mg.run_prot2.4LMN_TYR01A0316_001
ForkPoolWorker-1: Calling delphi to calculate conformer (474/621) TYR-1A0316_002 in /tmp/pbe_data.data.home.schowdhury.Project_kinases.cof_tpl_mg.run_prot2.4LMN_TYR-1A0316_002
Skipping PBE solver for non-charge conformer (475/621) ILE01A0317_001...
Skipping PBE solver for non-charge conformer (476/621) VAL01A0318_001...
ForkPoolWorker-1: Calling delphi to calculate conformer (477/621) ASN01A0319_001 in /tmp/pbe_data.data.home.schowdhury.Project_kinases.cof_tpl_mg.run_prot2.4LMN_ASN01A0319_001
ForkPoolWorker-1: Calling delphi to calculate conformer (478/621) ASN01A0319_002 in /tmp/pbe_data.data.home.schowdhury.Project_kinases.cof_tpl_mg.run_prot2.4LMN_ASN01A0319_002
ForkPoolWorker-1: Calling delphi to calculate conformer (479/621) GLU01A0320_001 in /tmp/pbe_data.data.home.schowdhury.Project_kinases.cof_tpl_mg.run_prot2.4LMN_GLU01A0320_001
ForkPoolWorker-1: Calling delphi to calculate conformer (480/621) GLU01A0320_002 in /tmp/pbe_data.data.home.schowdhury.Project_kinases.cof_tpl_mg.run_prot2.4LMN_GLU01A0320_002
ForkPoolWorker-1: Calling delphi to calculate conformer (481/621) GLU02A0320_003 in /tmp/pbe_data.data.home.schowdhury.Project_kinases.cof_tpl_mg.run_prot2.4LMN_GLU02A0320_003
ForkPoolWorker-1: Calling delphi to calculate conformer (482/621) GLU02A0320_004 in /tmp/pbe_data.data.home.schowdhury.Project_kinases.cof_tpl_mg.run_prot2.4LMN_GLU02A0320_004
ForkPoolWorker-1: Calling delphi to calculate conformer (483/621) GLU-1A0320_005 in /tmp/pbe_data.data.home.schowdhury.Project_kinases.cof_tpl_mg.run_prot2.4LMN_GLU-1A0320_005
Skipping PBE solver for non-charge conformer (484/621) PRO01A0321_001...
Skipping PBE solver for non-charge conformer (485/621) PRO01A0322_001...
Skipping PBE solver for non-charge conformer (486/621) PRO01A0323_001...
ForkPoolWorker-1: Calling delphi to calculate conformer (487/621) LYS01A0324_001 in /tmp/pbe_data.data.home.schowdhury.Project_kinases.cof_tpl_mg.run_prot2.4LMN_LYS01A0324_001
ForkPoolWorker-1: Calling delphi to calculate conformer (488/621) LYS+1A0324_002 in /tmp/pbe_data.data.home.schowdhury.Project_kinases.cof_tpl_mg.run_prot2.4LMN_LYS+1A0324_002
Skipping PBE solver for non-charge conformer (489/621) LEU01A0325_001...
Skipping PBE solver for non-charge conformer (490/621) PRO01A0326_001...
ForkPoolWorker-1: Calling delphi to calculate conformer (491/621) SER01A0327_001 in /tmp/pbe_data.data.home.schowdhury.Project_kinases.cof_tpl_mg.run_prot2.4LMN_SER01A0327_001
Skipping PBE solver for non-charge conformer (492/621) VAL01A0329_001...
Skipping PBE solver for non-charge conformer (493/621) PHE01A0330_001...
ForkPoolWorker-1: Calling delphi to calculate conformer (494/621) SER01A0331_001 in /tmp/pbe_data.data.home.schowdhury.Project_kinases.cof_tpl_mg.run_prot2.4LMN_SER01A0331_001
ForkPoolWorker-1: Calling delphi to calculate conformer (495/621) SER01A0331_002 in /tmp/pbe_data.data.home.schowdhury.Project_kinases.cof_tpl_mg.run_prot2.4LMN_SER01A0331_002
ForkPoolWorker-1: Calling delphi to calculate conformer (496/621) SER01A0331_003 in /tmp/pbe_data.data.home.schowdhury.Project_kinases.cof_tpl_mg.run_prot2.4LMN_SER01A0331_003
ForkPoolWorker-1: Calling delphi to calculate conformer (497/621) SER01A0331_004 in /tmp/pbe_data.data.home.schowdhury.Project_kinases.cof_tpl_mg.run_prot2.4LMN_SER01A0331_004
ForkPoolWorker-1: Calling delphi to calculate conformer (498/621) SER01A0331_005 in /tmp/pbe_data.data.home.schowdhury.Project_kinases.cof_tpl_mg.run_prot2.4LMN_SER01A0331_005
ForkPoolWorker-1: Calling delphi to calculate conformer (499/621) SER01A0331_006 in /tmp/pbe_data.data.home.schowdhury.Project_kinases.cof_tpl_mg.run_prot2.4LMN_SER01A0331_006
ForkPoolWorker-1: Calling delphi to calculate conformer (500/621) SER01A0331_007 in /tmp/pbe_data.data.home.schowdhury.Project_kinases.cof_tpl_mg.run_prot2.4LMN_SER01A0331_007
ForkPoolWorker-1: Calling delphi to calculate conformer (501/621) SER01A0331_008 in /tmp/pbe_data.data.home.schowdhury.Project_kinases.cof_tpl_mg.run_prot2.4LMN_SER01A0331_008
ForkPoolWorker-1: Calling delphi to calculate conformer (502/621) SER01A0331_009 in /tmp/pbe_data.data.home.schowdhury.Project_kinases.cof_tpl_mg.run_prot2.4LMN_SER01A0331_009
Skipping PBE solver for non-charge conformer (503/621) LEU01A0332_001...
ForkPoolWorker-1: Calling delphi to calculate conformer (504/621) GLU01A0333_001 in /tmp/pbe_data.data.home.schowdhury.Project_kinases.cof_tpl_mg.run_prot2.4LMN_GLU01A0333_001
ForkPoolWorker-1: Calling delphi to calculate conformer (505/621) GLU01A0333_002 in /tmp/pbe_data.data.home.schowdhury.Project_kinases.cof_tpl_mg.run_prot2.4LMN_GLU01A0333_002
ForkPoolWorker-1: Calling delphi to calculate conformer (506/621) GLU02A0333_003 in /tmp/pbe_data.data.home.schowdhury.Project_kinases.cof_tpl_mg.run_prot2.4LMN_GLU02A0333_003
ForkPoolWorker-1: Calling delphi to calculate conformer (507/621) GLU02A0333_004 in /tmp/pbe_data.data.home.schowdhury.Project_kinases.cof_tpl_mg.run_prot2.4LMN_GLU02A0333_004
ForkPoolWorker-1: Calling delphi to calculate conformer (508/621) GLU-1A0333_005 in /tmp/pbe_data.data.home.schowdhury.Project_kinases.cof_tpl_mg.run_prot2.4LMN_GLU-1A0333_005
Skipping PBE solver for non-charge conformer (509/621) PHE01A0334_001...
ForkPoolWorker-1: Calling delphi to calculate conformer (510/621) GLN01A0335_001 in /tmp/pbe_data.data.home.schowdhury.Project_kinases.cof_tpl_mg.run_prot2.4LMN_GLN01A0335_001
ForkPoolWorker-1: Calling delphi to calculate conformer (511/621) GLN01A0335_002 in /tmp/pbe_data.data.home.schowdhury.Project_kinases.cof_tpl_mg.run_prot2.4LMN_GLN01A0335_002
ForkPoolWorker-1: Calling delphi to calculate conformer (512/621) ASP01A0336_001 in /tmp/pbe_data.data.home.schowdhury.Project_kinases.cof_tpl_mg.run_prot2.4LMN_ASP01A0336_001
ForkPoolWorker-1: Calling delphi to calculate conformer (513/621) ASP01A0336_002 in /tmp/pbe_data.data.home.schowdhury.Project_kinases.cof_tpl_mg.run_prot2.4LMN_ASP01A0336_002
ForkPoolWorker-1: Calling delphi to calculate conformer (514/621) ASP02A0336_003 in /tmp/pbe_data.data.home.schowdhury.Project_kinases.cof_tpl_mg.run_prot2.4LMN_ASP02A0336_003
ForkPoolWorker-1: Calling delphi to calculate conformer (515/621) ASP02A0336_004 in /tmp/pbe_data.data.home.schowdhury.Project_kinases.cof_tpl_mg.run_prot2.4LMN_ASP02A0336_004
ForkPoolWorker-1: Calling delphi to calculate conformer (516/621) ASP02A0336_005 in /tmp/pbe_data.data.home.schowdhury.Project_kinases.cof_tpl_mg.run_prot2.4LMN_ASP02A0336_005
ForkPoolWorker-1: Calling delphi to calculate conformer (517/621) ASP-1A0336_006 in /tmp/pbe_data.data.home.schowdhury.Project_kinases.cof_tpl_mg.run_prot2.4LMN_ASP-1A0336_006
Skipping PBE solver for non-charge conformer (518/621) PHE01A0337_001...
Skipping PBE solver for non-charge conformer (519/621) VAL01A0338_001...
ForkPoolWorker-1: Calling delphi to calculate conformer (520/621) ASN01A0339_001 in /tmp/pbe_data.data.home.schowdhury.Project_kinases.cof_tpl_mg.run_prot2.4LMN_ASN01A0339_001
ForkPoolWorker-1: Calling delphi to calculate conformer (521/621) ASN01A0339_002 in /tmp/pbe_data.data.home.schowdhury.Project_kinases.cof_tpl_mg.run_prot2.4LMN_ASN01A0339_002
ForkPoolWorker-1: Calling delphi to calculate conformer (522/621) LYS01A0340_001 in /tmp/pbe_data.data.home.schowdhury.Project_kinases.cof_tpl_mg.run_prot2.4LMN_LYS01A0340_001
ForkPoolWorker-1: Calling delphi to calculate conformer (523/621) LYS+1A0340_002 in /tmp/pbe_data.data.home.schowdhury.Project_kinases.cof_tpl_mg.run_prot2.4LMN_LYS+1A0340_002
ForkPoolWorker-1: Calling delphi to calculate conformer (524/621) CYS01A0341_001 in /tmp/pbe_data.data.home.schowdhury.Project_kinases.cof_tpl_mg.run_prot2.4LMN_CYS01A0341_001
ForkPoolWorker-1: Calling delphi to calculate conformer (525/621) CYS01A0341_002 in /tmp/pbe_data.data.home.schowdhury.Project_kinases.cof_tpl_mg.run_prot2.4LMN_CYS01A0341_002
ForkPoolWorker-1: Calling delphi to calculate conformer (526/621) CYS01A0341_003 in /tmp/pbe_data.data.home.schowdhury.Project_kinases.cof_tpl_mg.run_prot2.4LMN_CYS01A0341_003
ForkPoolWorker-1: Calling delphi to calculate conformer (527/621) CYS-1A0341_004 in /tmp/pbe_data.data.home.schowdhury.Project_kinases.cof_tpl_mg.run_prot2.4LMN_CYS-1A0341_004
Skipping PBE solver for non-charge conformer (528/621) LEU01A0342_001...
Skipping PBE solver for non-charge conformer (529/621) ILE01A0343_001...
ForkPoolWorker-1: Calling delphi to calculate conformer (530/621) LYS01A0344_001 in /tmp/pbe_data.data.home.schowdhury.Project_kinases.cof_tpl_mg.run_prot2.4LMN_LYS01A0344_001
ForkPoolWorker-1: Calling delphi to calculate conformer (531/621) LYS+1A0344_002 in /tmp/pbe_data.data.home.schowdhury.Project_kinases.cof_tpl_mg.run_prot2.4LMN_LYS+1A0344_002
ForkPoolWorker-1: Calling delphi to calculate conformer (532/621) ASN01A0345_001 in /tmp/pbe_data.data.home.schowdhury.Project_kinases.cof_tpl_mg.run_prot2.4LMN_ASN01A0345_001
ForkPoolWorker-1: Calling delphi to calculate conformer (533/621) ASN01A0345_002 in /tmp/pbe_data.data.home.schowdhury.Project_kinases.cof_tpl_mg.run_prot2.4LMN_ASN01A0345_002
Skipping PBE solver for non-charge conformer (534/621) PRO01A0346_001...
Skipping PBE solver for non-charge conformer (535/621) ALA01A0347_001...
ForkPoolWorker-1: Calling delphi to calculate conformer (536/621) GLU01A0348_001 in /tmp/pbe_data.data.home.schowdhury.Project_kinases.cof_tpl_mg.run_prot2.4LMN_GLU01A0348_001
ForkPoolWorker-1: Calling delphi to calculate conformer (537/621) GLU01A0348_002 in /tmp/pbe_data.data.home.schowdhury.Project_kinases.cof_tpl_mg.run_prot2.4LMN_GLU01A0348_002
ForkPoolWorker-1: Calling delphi to calculate conformer (538/621) GLU02A0348_003 in /tmp/pbe_data.data.home.schowdhury.Project_kinases.cof_tpl_mg.run_prot2.4LMN_GLU02A0348_003
ForkPoolWorker-1: Calling delphi to calculate conformer (539/621) GLU02A0348_004 in /tmp/pbe_data.data.home.schowdhury.Project_kinases.cof_tpl_mg.run_prot2.4LMN_GLU02A0348_004
ForkPoolWorker-1: Calling delphi to calculate conformer (540/621) GLU-1A0348_005 in /tmp/pbe_data.data.home.schowdhury.Project_kinases.cof_tpl_mg.run_prot2.4LMN_GLU-1A0348_005
ForkPoolWorker-1: Calling delphi to calculate conformer (541/621) ARG01A0349_001 in /tmp/pbe_data.data.home.schowdhury.Project_kinases.cof_tpl_mg.run_prot2.4LMN_ARG01A0349_001
ForkPoolWorker-1: Calling delphi to calculate conformer (542/621) ARG02A0349_002 in /tmp/pbe_data.data.home.schowdhury.Project_kinases.cof_tpl_mg.run_prot2.4LMN_ARG02A0349_002
ForkPoolWorker-1: Calling delphi to calculate conformer (543/621) ARG02A0349_003 in /tmp/pbe_data.data.home.schowdhury.Project_kinases.cof_tpl_mg.run_prot2.4LMN_ARG02A0349_003
ForkPoolWorker-1: Calling delphi to calculate conformer (544/621) ARG03A0349_004 in /tmp/pbe_data.data.home.schowdhury.Project_kinases.cof_tpl_mg.run_prot2.4LMN_ARG03A0349_004
ForkPoolWorker-1: Calling delphi to calculate conformer (545/621) ARG03A0349_005 in /tmp/pbe_data.data.home.schowdhury.Project_kinases.cof_tpl_mg.run_prot2.4LMN_ARG03A0349_005
ForkPoolWorker-1: Calling delphi to calculate conformer (546/621) ARG+1A0349_006 in /tmp/pbe_data.data.home.schowdhury.Project_kinases.cof_tpl_mg.run_prot2.4LMN_ARG+1A0349_006
Skipping PBE solver for non-charge conformer (547/621) ALA01A0350_001...
ForkPoolWorker-1: Calling delphi to calculate conformer (548/621) ASP01A0351_001 in /tmp/pbe_data.data.home.schowdhury.Project_kinases.cof_tpl_mg.run_prot2.4LMN_ASP01A0351_001
ForkPoolWorker-1: Calling delphi to calculate conformer (549/621) ASP01A0351_002 in /tmp/pbe_data.data.home.schowdhury.Project_kinases.cof_tpl_mg.run_prot2.4LMN_ASP01A0351_002
ForkPoolWorker-1: Calling delphi to calculate conformer (550/621) ASP02A0351_003 in /tmp/pbe_data.data.home.schowdhury.Project_kinases.cof_tpl_mg.run_prot2.4LMN_ASP02A0351_003
ForkPoolWorker-1: Calling delphi to calculate conformer (551/621) ASP02A0351_004 in /tmp/pbe_data.data.home.schowdhury.Project_kinases.cof_tpl_mg.run_prot2.4LMN_ASP02A0351_004
ForkPoolWorker-1: Calling delphi to calculate conformer (552/621) ASP-1A0351_005 in /tmp/pbe_data.data.home.schowdhury.Project_kinases.cof_tpl_mg.run_prot2.4LMN_ASP-1A0351_005
Skipping PBE solver for non-charge conformer (553/621) LEU01A0352_001...
ForkPoolWorker-1: Calling delphi to calculate conformer (554/621) LYS01A0353_001 in /tmp/pbe_data.data.home.schowdhury.Project_kinases.cof_tpl_mg.run_prot2.4LMN_LYS01A0353_001
ForkPoolWorker-1: Calling delphi to calculate conformer (555/621) LYS+1A0353_002 in /tmp/pbe_data.data.home.schowdhury.Project_kinases.cof_tpl_mg.run_prot2.4LMN_LYS+1A0353_002
ForkPoolWorker-1: Calling delphi to calculate conformer (556/621) GLN01A0354_001 in /tmp/pbe_data.data.home.schowdhury.Project_kinases.cof_tpl_mg.run_prot2.4LMN_GLN01A0354_001
ForkPoolWorker-1: Calling delphi to calculate conformer (557/621) GLN01A0354_002 in /tmp/pbe_data.data.home.schowdhury.Project_kinases.cof_tpl_mg.run_prot2.4LMN_GLN01A0354_002
Skipping PBE solver for non-charge conformer (558/621) LEU01A0355_001...
ForkPoolWorker-1: Calling delphi to calculate conformer (559/621) MET01A0356_001 in /tmp/pbe_data.data.home.schowdhury.Project_kinases.cof_tpl_mg.run_prot2.4LMN_MET01A0356_001
Skipping PBE solver for non-charge conformer (560/621) VAL01A0357_001...
ForkPoolWorker-1: Calling delphi to calculate conformer (561/621) HIS01A0358_001 in /tmp/pbe_data.data.home.schowdhury.Project_kinases.cof_tpl_mg.run_prot2.4LMN_HIS01A0358_001
ForkPoolWorker-1: Calling delphi to calculate conformer (562/621) HIS02A0358_002 in /tmp/pbe_data.data.home.schowdhury.Project_kinases.cof_tpl_mg.run_prot2.4LMN_HIS02A0358_002
ForkPoolWorker-1: Calling delphi to calculate conformer (563/621) HIS+1A0358_003 in /tmp/pbe_data.data.home.schowdhury.Project_kinases.cof_tpl_mg.run_prot2.4LMN_HIS+1A0358_003
Skipping PBE solver for non-charge conformer (564/621) ALA01A0359_001...
Skipping PBE solver for non-charge conformer (565/621) PHE01A0360_001...
Skipping PBE solver for non-charge conformer (566/621) ILE01A0361_001...
ForkPoolWorker-1: Calling delphi to calculate conformer (567/621) LYS01A0362_001 in /tmp/pbe_data.data.home.schowdhury.Project_kinases.cof_tpl_mg.run_prot2.4LMN_LYS01A0362_001
ForkPoolWorker-1: Calling delphi to calculate conformer (568/621) LYS+1A0362_002 in /tmp/pbe_data.data.home.schowdhury.Project_kinases.cof_tpl_mg.run_prot2.4LMN_LYS+1A0362_002
ForkPoolWorker-1: Calling delphi to calculate conformer (569/621) ARG01A0363_001 in /tmp/pbe_data.data.home.schowdhury.Project_kinases.cof_tpl_mg.run_prot2.4LMN_ARG01A0363_001
ForkPoolWorker-1: Calling delphi to calculate conformer (570/621) ARG01A0363_002 in /tmp/pbe_data.data.home.schowdhury.Project_kinases.cof_tpl_mg.run_prot2.4LMN_ARG01A0363_002
ForkPoolWorker-1: Calling delphi to calculate conformer (571/621) ARG02A0363_003 in /tmp/pbe_data.data.home.schowdhury.Project_kinases.cof_tpl_mg.run_prot2.4LMN_ARG02A0363_003
ForkPoolWorker-1: Calling delphi to calculate conformer (572/621) ARG02A0363_004 in /tmp/pbe_data.data.home.schowdhury.Project_kinases.cof_tpl_mg.run_prot2.4LMN_ARG02A0363_004
ForkPoolWorker-1: Calling delphi to calculate conformer (573/621) ARG02A0363_005 in /tmp/pbe_data.data.home.schowdhury.Project_kinases.cof_tpl_mg.run_prot2.4LMN_ARG02A0363_005
ForkPoolWorker-1: Calling delphi to calculate conformer (574/621) ARG02A0363_006 in /tmp/pbe_data.data.home.schowdhury.Project_kinases.cof_tpl_mg.run_prot2.4LMN_ARG02A0363_006
ForkPoolWorker-1: Calling delphi to calculate conformer (575/621) ARG03A0363_007 in /tmp/pbe_data.data.home.schowdhury.Project_kinases.cof_tpl_mg.run_prot2.4LMN_ARG03A0363_007
ForkPoolWorker-1: Calling delphi to calculate conformer (576/621) ARG03A0363_008 in /tmp/pbe_data.data.home.schowdhury.Project_kinases.cof_tpl_mg.run_prot2.4LMN_ARG03A0363_008
ForkPoolWorker-1: Calling delphi to calculate conformer (577/621) ARG03A0363_009 in /tmp/pbe_data.data.home.schowdhury.Project_kinases.cof_tpl_mg.run_prot2.4LMN_ARG03A0363_009
ForkPoolWorker-1: Calling delphi to calculate conformer (578/621) ARG03A0363_010 in /tmp/pbe_data.data.home.schowdhury.Project_kinases.cof_tpl_mg.run_prot2.4LMN_ARG03A0363_010
ForkPoolWorker-1: Calling delphi to calculate conformer (579/621) ARG+1A0363_011 in /tmp/pbe_data.data.home.schowdhury.Project_kinases.cof_tpl_mg.run_prot2.4LMN_ARG+1A0363_011
ForkPoolWorker-1: Calling delphi to calculate conformer (580/621) ARG+1A0363_012 in /tmp/pbe_data.data.home.schowdhury.Project_kinases.cof_tpl_mg.run_prot2.4LMN_ARG+1A0363_012
ForkPoolWorker-1: Calling delphi to calculate conformer (581/621) SER01A0364_001 in /tmp/pbe_data.data.home.schowdhury.Project_kinases.cof_tpl_mg.run_prot2.4LMN_SER01A0364_001
ForkPoolWorker-1: Calling delphi to calculate conformer (582/621) SER01A0364_002 in /tmp/pbe_data.data.home.schowdhury.Project_kinases.cof_tpl_mg.run_prot2.4LMN_SER01A0364_002
ForkPoolWorker-1: Calling delphi to calculate conformer (583/621) SER01A0364_003 in /tmp/pbe_data.data.home.schowdhury.Project_kinases.cof_tpl_mg.run_prot2.4LMN_SER01A0364_003
ForkPoolWorker-1: Calling delphi to calculate conformer (584/621) ASP01A0365_001 in /tmp/pbe_data.data.home.schowdhury.Project_kinases.cof_tpl_mg.run_prot2.4LMN_ASP01A0365_001
ForkPoolWorker-1: Calling delphi to calculate conformer (585/621) ASP01A0365_002 in /tmp/pbe_data.data.home.schowdhury.Project_kinases.cof_tpl_mg.run_prot2.4LMN_ASP01A0365_002
ForkPoolWorker-1: Calling delphi to calculate conformer (586/621) ASP02A0365_003 in /tmp/pbe_data.data.home.schowdhury.Project_kinases.cof_tpl_mg.run_prot2.4LMN_ASP02A0365_003
ForkPoolWorker-1: Calling delphi to calculate conformer (587/621) ASP02A0365_004 in /tmp/pbe_data.data.home.schowdhury.Project_kinases.cof_tpl_mg.run_prot2.4LMN_ASP02A0365_004
ForkPoolWorker-1: Calling delphi to calculate conformer (588/621) ASP-1A0365_005 in /tmp/pbe_data.data.home.schowdhury.Project_kinases.cof_tpl_mg.run_prot2.4LMN_ASP-1A0365_005
Skipping PBE solver for non-charge conformer (589/621) ALA01A0366_001...
ForkPoolWorker-1: Calling delphi to calculate conformer (590/621) GLU01A0367_001 in /tmp/pbe_data.data.home.schowdhury.Project_kinases.cof_tpl_mg.run_prot2.4LMN_GLU01A0367_001
ForkPoolWorker-1: Calling delphi to calculate conformer (591/621) GLU01A0367_002 in /tmp/pbe_data.data.home.schowdhury.Project_kinases.cof_tpl_mg.run_prot2.4LMN_GLU01A0367_002
ForkPoolWorker-1: Calling delphi to calculate conformer (592/621) GLU02A0367_003 in /tmp/pbe_data.data.home.schowdhury.Project_kinases.cof_tpl_mg.run_prot2.4LMN_GLU02A0367_003
ForkPoolWorker-1: Calling delphi to calculate conformer (593/621) GLU02A0367_004 in /tmp/pbe_data.data.home.schowdhury.Project_kinases.cof_tpl_mg.run_prot2.4LMN_GLU02A0367_004
ForkPoolWorker-1: Calling delphi to calculate conformer (594/621) GLU-1A0367_005 in /tmp/pbe_data.data.home.schowdhury.Project_kinases.cof_tpl_mg.run_prot2.4LMN_GLU-1A0367_005
ForkPoolWorker-1: Calling delphi to calculate conformer (595/621) GLU01A0368_001 in /tmp/pbe_data.data.home.schowdhury.Project_kinases.cof_tpl_mg.run_prot2.4LMN_GLU01A0368_001
ForkPoolWorker-1: Calling delphi to calculate conformer (596/621) GLU01A0368_002 in /tmp/pbe_data.data.home.schowdhury.Project_kinases.cof_tpl_mg.run_prot2.4LMN_GLU01A0368_002
ForkPoolWorker-1: Calling delphi to calculate conformer (597/621) GLU02A0368_003 in /tmp/pbe_data.data.home.schowdhury.Project_kinases.cof_tpl_mg.run_prot2.4LMN_GLU02A0368_003
ForkPoolWorker-1: Calling delphi to calculate conformer (598/621) GLU02A0368_004 in /tmp/pbe_data.data.home.schowdhury.Project_kinases.cof_tpl_mg.run_prot2.4LMN_GLU02A0368_004
ForkPoolWorker-1: Calling delphi to calculate conformer (599/621) GLU-1A0368_005 in /tmp/pbe_data.data.home.schowdhury.Project_kinases.cof_tpl_mg.run_prot2.4LMN_GLU-1A0368_005
Skipping PBE solver for non-charge conformer (600/621) VAL01A0369_001...
ForkPoolWorker-1: Calling delphi to calculate conformer (601/621) ASP01A0370_001 in /tmp/pbe_data.data.home.schowdhury.Project_kinases.cof_tpl_mg.run_prot2.4LMN_ASP01A0370_001
ForkPoolWorker-1: Calling delphi to calculate conformer (602/621) ASP01A0370_002 in /tmp/pbe_data.data.home.schowdhury.Project_kinases.cof_tpl_mg.run_prot2.4LMN_ASP01A0370_002
ForkPoolWorker-1: Calling delphi to calculate conformer (603/621) ASP02A0370_003 in /tmp/pbe_data.data.home.schowdhury.Project_kinases.cof_tpl_mg.run_prot2.4LMN_ASP02A0370_003
ForkPoolWorker-1: Calling delphi to calculate conformer (604/621) ASP02A0370_004 in /tmp/pbe_data.data.home.schowdhury.Project_kinases.cof_tpl_mg.run_prot2.4LMN_ASP02A0370_004
ForkPoolWorker-1: Calling delphi to calculate conformer (605/621) ASP-1A0370_005 in /tmp/pbe_data.data.home.schowdhury.Project_kinases.cof_tpl_mg.run_prot2.4LMN_ASP-1A0370_005
Skipping PBE solver for non-charge conformer (606/621) PHE01A0371_001...
Skipping PBE solver for non-charge conformer (607/621) ALA01A0372_001...
Skipping PBE solver for non-charge conformer (608/621) TRP01A0374_001...
Skipping PBE solver for non-charge conformer (609/621) LEU01A0375_001...
ForkPoolWorker-1: Calling delphi to calculate conformer (610/621) CYS01A0376_001 in /tmp/pbe_data.data.home.schowdhury.Project_kinases.cof_tpl_mg.run_prot2.4LMN_CYS01A0376_001
ForkPoolWorker-1: Calling delphi to calculate conformer (611/621) CYS01A0376_002 in /tmp/pbe_data.data.home.schowdhury.Project_kinases.cof_tpl_mg.run_prot2.4LMN_CYS01A0376_002
ForkPoolWorker-1: Calling delphi to calculate conformer (612/621) CYS01A0376_003 in /tmp/pbe_data.data.home.schowdhury.Project_kinases.cof_tpl_mg.run_prot2.4LMN_CYS01A0376_003
ForkPoolWorker-1: Calling delphi to calculate conformer (613/621) CYS-1A0376_004 in /tmp/pbe_data.data.home.schowdhury.Project_kinases.cof_tpl_mg.run_prot2.4LMN_CYS-1A0376_004
ForkPoolWorker-1: Calling delphi to calculate conformer (614/621) SER01A0377_001 in /tmp/pbe_data.data.home.schowdhury.Project_kinases.cof_tpl_mg.run_prot2.4LMN_SER01A0377_001
ForkPoolWorker-1: Calling delphi to calculate conformer (615/621) THR01A0378_001 in /tmp/pbe_data.data.home.schowdhury.Project_kinases.cof_tpl_mg.run_prot2.4LMN_THR01A0378_001
ForkPoolWorker-1: Calling delphi to calculate conformer (616/621) THR01A0378_002 in /tmp/pbe_data.data.home.schowdhury.Project_kinases.cof_tpl_mg.run_prot2.4LMN_THR01A0378_002
Skipping PBE solver for non-charge conformer (617/621) ILE01A0379_001...
Skipping PBE solver for non-charge conformer (618/621) LEU01A0381_001...
ForkPoolWorker-1: Calling delphi to calculate conformer (619/621) ASN01A0382_001 in /tmp/pbe_data.data.home.schowdhury.Project_kinases.cof_tpl_mg.run_prot2.4LMN_ASN01A0382_001
ForkPoolWorker-1: Calling delphi to calculate conformer (620/621) ASN01A0382_002 in /tmp/pbe_data.data.home.schowdhury.Project_kinases.cof_tpl_mg.run_prot2.4LMN_ASN01A0382_002
ForkPoolWorker-1: Calling delphi to calculate conformer (621/621) _MG+2A0502_001 in /tmp/pbe_data.data.home.schowdhury.Project_kinases.cof_tpl_mg.run_prot2.4LMN__MG+2A0502_001
