2025-08-29 00:10:20 - INFO: pdbio_gr, <module>: Step 3. Energies calculation with PBE solver.
2025-08-29 00:10:20 - INFO: pdbio_gr, <module>: Calling new VDW....No Scaling Applied
2025-08-29 00:10:20 - INFO: pdbio_gr, <module>:    Process run time options & convert step2_out.pdb.
2025-08-29 00:10:20 - INFO: pdbio_gr, load_ftpl: Reading parameters from /home/granepura/MCCE4/param
2025-08-29 00:10:20 - INFO: pdbio_gr, load_ftpl: Updating vdw parameters from /data/home/granepura/MCCE4/param/00always_needed.tpl
2025-08-29 00:10:20 - INFO: pdbio_gr, load_ftpl: Loading TORSION parameters from /data/home/granepura/MCCE4/param/00always_needed.tpl
2025-08-29 00:10:20 - INFO: pdbio_gr, <module>:    Prepare input for PB solver.
2025-08-29 00:10:20 - INFO: pdbio_gr, <module>:    Time needed: 0 seconds.
2025-08-29 00:10:20 - INFO: pdbio_gr, <module>:    Time needed: 0 seconds.
2025-08-29 00:10:20 - INFO: pdbio_gr, <module>:    Set up parallel envrionment and run PB solver.
2025-08-29 00:10:20 - INFO: pdbio_gr, <module>:    Running PBE solver in 1 threads
2025-08-29 00:10:20 - INFO: pdbio_gr, pbe: ForkPoolWorker-1: Calling delphi to calculate conformer ASP01A0807_001 in /tmp/pbe_data.data.home.granepura.5-kinases.cof_tpl_mg.run_kin.4asd_ASP01A0807_001
2025-08-29 00:10:23 - INFO: pdbio_gr, pbe: ForkPoolWorker-1: Calling delphi to calculate conformer ASP01A0807_002 in /tmp/pbe_data.data.home.granepura.5-kinases.cof_tpl_mg.run_kin.4asd_ASP01A0807_002
2025-08-29 00:10:26 - INFO: pdbio_gr, pbe: ForkPoolWorker-1: Calling delphi to calculate conformer ASP02A0807_003 in /tmp/pbe_data.data.home.granepura.5-kinases.cof_tpl_mg.run_kin.4asd_ASP02A0807_003
2025-08-29 00:10:29 - INFO: pdbio_gr, pbe: ForkPoolWorker-1: Calling delphi to calculate conformer ASP02A0807_004 in /tmp/pbe_data.data.home.granepura.5-kinases.cof_tpl_mg.run_kin.4asd_ASP02A0807_004
2025-08-29 00:10:32 - INFO: pdbio_gr, pbe: ForkPoolWorker-1: Calling delphi to calculate conformer ASP-1A0807_005 in /tmp/pbe_data.data.home.granepura.5-kinases.cof_tpl_mg.run_kin.4asd_ASP-1A0807_005
2025-08-29 00:10:35 - INFO: pdbio_gr, pbe: Skipping PBE solver for non-charge conformer PRO01A0808_001...
2025-08-29 00:10:35 - INFO: pdbio_gr, pbe: ForkPoolWorker-1: Calling delphi to calculate conformer ASP01A0809_001 in /tmp/pbe_data.data.home.granepura.5-kinases.cof_tpl_mg.run_kin.4asd_ASP01A0809_001
2025-08-29 00:10:37 - INFO: pdbio_gr, pbe: ForkPoolWorker-1: Calling delphi to calculate conformer ASP01A0809_002 in /tmp/pbe_data.data.home.granepura.5-kinases.cof_tpl_mg.run_kin.4asd_ASP01A0809_002
2025-08-29 00:10:40 - INFO: pdbio_gr, pbe: ForkPoolWorker-1: Calling delphi to calculate conformer ASP02A0809_003 in /tmp/pbe_data.data.home.granepura.5-kinases.cof_tpl_mg.run_kin.4asd_ASP02A0809_003
2025-08-29 00:10:43 - INFO: pdbio_gr, pbe: ForkPoolWorker-1: Calling delphi to calculate conformer ASP02A0809_004 in /tmp/pbe_data.data.home.granepura.5-kinases.cof_tpl_mg.run_kin.4asd_ASP02A0809_004
2025-08-29 00:10:46 - INFO: pdbio_gr, pbe: ForkPoolWorker-1: Calling delphi to calculate conformer ASP-1A0809_005 in /tmp/pbe_data.data.home.granepura.5-kinases.cof_tpl_mg.run_kin.4asd_ASP-1A0809_005
2025-08-29 00:10:49 - INFO: pdbio_gr, pbe: ForkPoolWorker-1: Calling delphi to calculate conformer GLU01A0810_001 in /tmp/pbe_data.data.home.granepura.5-kinases.cof_tpl_mg.run_kin.4asd_GLU01A0810_001
2025-08-29 00:10:52 - INFO: pdbio_gr, pbe: ForkPoolWorker-1: Calling delphi to calculate conformer GLU01A0810_002 in /tmp/pbe_data.data.home.granepura.5-kinases.cof_tpl_mg.run_kin.4asd_GLU01A0810_002
2025-08-29 00:10:55 - INFO: pdbio_gr, pbe: ForkPoolWorker-1: Calling delphi to calculate conformer GLU02A0810_003 in /tmp/pbe_data.data.home.granepura.5-kinases.cof_tpl_mg.run_kin.4asd_GLU02A0810_003
2025-08-29 00:10:57 - INFO: pdbio_gr, pbe: ForkPoolWorker-1: Calling delphi to calculate conformer GLU02A0810_004 in /tmp/pbe_data.data.home.granepura.5-kinases.cof_tpl_mg.run_kin.4asd_GLU02A0810_004
2025-08-29 00:11:00 - INFO: pdbio_gr, pbe: ForkPoolWorker-1: Calling delphi to calculate conformer GLU-1A0810_005 in /tmp/pbe_data.data.home.granepura.5-kinases.cof_tpl_mg.run_kin.4asd_GLU-1A0810_005
2025-08-29 00:11:03 - INFO: pdbio_gr, pbe: Skipping PBE solver for non-charge conformer LEU01A0811_001...
2025-08-29 00:11:03 - INFO: pdbio_gr, pbe: Skipping PBE solver for non-charge conformer PRO01A0812_001...
2025-08-29 00:11:03 - INFO: pdbio_gr, pbe: Skipping PBE solver for non-charge conformer LEU01A0813_001...
2025-08-29 00:11:03 - INFO: pdbio_gr, pbe: ForkPoolWorker-1: Calling delphi to calculate conformer ASP01A0814_001 in /tmp/pbe_data.data.home.granepura.5-kinases.cof_tpl_mg.run_kin.4asd_ASP01A0814_001
2025-08-29 00:11:06 - INFO: pdbio_gr, pbe: ForkPoolWorker-1: Calling delphi to calculate conformer ASP01A0814_002 in /tmp/pbe_data.data.home.granepura.5-kinases.cof_tpl_mg.run_kin.4asd_ASP01A0814_002
2025-08-29 00:11:09 - INFO: pdbio_gr, pbe: ForkPoolWorker-1: Calling delphi to calculate conformer ASP01A0814_003 in /tmp/pbe_data.data.home.granepura.5-kinases.cof_tpl_mg.run_kin.4asd_ASP01A0814_003
2025-08-29 00:11:12 - INFO: pdbio_gr, pbe: ForkPoolWorker-1: Calling delphi to calculate conformer ASP01A0814_004 in /tmp/pbe_data.data.home.granepura.5-kinases.cof_tpl_mg.run_kin.4asd_ASP01A0814_004
2025-08-29 00:11:15 - INFO: pdbio_gr, pbe: ForkPoolWorker-1: Calling delphi to calculate conformer ASP02A0814_005 in /tmp/pbe_data.data.home.granepura.5-kinases.cof_tpl_mg.run_kin.4asd_ASP02A0814_005
2025-08-29 00:11:18 - INFO: pdbio_gr, pbe: ForkPoolWorker-1: Calling delphi to calculate conformer ASP02A0814_006 in /tmp/pbe_data.data.home.granepura.5-kinases.cof_tpl_mg.run_kin.4asd_ASP02A0814_006
2025-08-29 00:11:21 - INFO: pdbio_gr, pbe: ForkPoolWorker-1: Calling delphi to calculate conformer ASP02A0814_007 in /tmp/pbe_data.data.home.granepura.5-kinases.cof_tpl_mg.run_kin.4asd_ASP02A0814_007
2025-08-29 00:11:24 - INFO: pdbio_gr, pbe: ForkPoolWorker-1: Calling delphi to calculate conformer ASP02A0814_008 in /tmp/pbe_data.data.home.granepura.5-kinases.cof_tpl_mg.run_kin.4asd_ASP02A0814_008
2025-08-29 00:11:27 - INFO: pdbio_gr, pbe: ForkPoolWorker-1: Calling delphi to calculate conformer ASP-1A0814_009 in /tmp/pbe_data.data.home.granepura.5-kinases.cof_tpl_mg.run_kin.4asd_ASP-1A0814_009
2025-08-29 00:11:30 - INFO: pdbio_gr, pbe: ForkPoolWorker-1: Calling delphi to calculate conformer ASP-1A0814_010 in /tmp/pbe_data.data.home.granepura.5-kinases.cof_tpl_mg.run_kin.4asd_ASP-1A0814_010
2025-08-29 00:11:33 - INFO: pdbio_gr, pbe: ForkPoolWorker-1: Calling delphi to calculate conformer GLU01A0815_001 in /tmp/pbe_data.data.home.granepura.5-kinases.cof_tpl_mg.run_kin.4asd_GLU01A0815_001
2025-08-29 00:11:36 - INFO: pdbio_gr, pbe: ForkPoolWorker-1: Calling delphi to calculate conformer GLU01A0815_002 in /tmp/pbe_data.data.home.granepura.5-kinases.cof_tpl_mg.run_kin.4asd_GLU01A0815_002
2025-08-29 00:11:38 - INFO: pdbio_gr, pbe: ForkPoolWorker-1: Calling delphi to calculate conformer GLU02A0815_003 in /tmp/pbe_data.data.home.granepura.5-kinases.cof_tpl_mg.run_kin.4asd_GLU02A0815_003
2025-08-29 00:11:41 - INFO: pdbio_gr, pbe: ForkPoolWorker-1: Calling delphi to calculate conformer GLU02A0815_004 in /tmp/pbe_data.data.home.granepura.5-kinases.cof_tpl_mg.run_kin.4asd_GLU02A0815_004
2025-08-29 00:11:44 - INFO: pdbio_gr, pbe: ForkPoolWorker-1: Calling delphi to calculate conformer GLU-1A0815_005 in /tmp/pbe_data.data.home.granepura.5-kinases.cof_tpl_mg.run_kin.4asd_GLU-1A0815_005
2025-08-29 00:11:47 - INFO: pdbio_gr, pbe: ForkPoolWorker-1: Calling delphi to calculate conformer HIS01A0816_001 in /tmp/pbe_data.data.home.granepura.5-kinases.cof_tpl_mg.run_kin.4asd_HIS01A0816_001
2025-08-29 00:11:50 - INFO: pdbio_gr, pbe: ForkPoolWorker-1: Calling delphi to calculate conformer HIS02A0816_002 in /tmp/pbe_data.data.home.granepura.5-kinases.cof_tpl_mg.run_kin.4asd_HIS02A0816_002
2025-08-29 00:11:53 - INFO: pdbio_gr, pbe: ForkPoolWorker-1: Calling delphi to calculate conformer HIS+1A0816_003 in /tmp/pbe_data.data.home.granepura.5-kinases.cof_tpl_mg.run_kin.4asd_HIS+1A0816_003
2025-08-29 00:11:56 - INFO: pdbio_gr, pbe: ForkPoolWorker-1: Calling delphi to calculate conformer CYS01A0817_001 in /tmp/pbe_data.data.home.granepura.5-kinases.cof_tpl_mg.run_kin.4asd_CYS01A0817_001
2025-08-29 00:11:59 - INFO: pdbio_gr, pbe: ForkPoolWorker-1: Calling delphi to calculate conformer CYS01A0817_002 in /tmp/pbe_data.data.home.granepura.5-kinases.cof_tpl_mg.run_kin.4asd_CYS01A0817_002
2025-08-29 00:12:02 - INFO: pdbio_gr, pbe: ForkPoolWorker-1: Calling delphi to calculate conformer CYS01A0817_003 in /tmp/pbe_data.data.home.granepura.5-kinases.cof_tpl_mg.run_kin.4asd_CYS01A0817_003
2025-08-29 00:12:05 - INFO: pdbio_gr, pbe: ForkPoolWorker-1: Calling delphi to calculate conformer CYS-1A0817_004 in /tmp/pbe_data.data.home.granepura.5-kinases.cof_tpl_mg.run_kin.4asd_CYS-1A0817_004
2025-08-29 00:12:07 - INFO: pdbio_gr, pbe: ForkPoolWorker-1: Calling delphi to calculate conformer GLU01A0818_001 in /tmp/pbe_data.data.home.granepura.5-kinases.cof_tpl_mg.run_kin.4asd_GLU01A0818_001
2025-08-29 00:12:10 - INFO: pdbio_gr, pbe: ForkPoolWorker-1: Calling delphi to calculate conformer GLU01A0818_002 in /tmp/pbe_data.data.home.granepura.5-kinases.cof_tpl_mg.run_kin.4asd_GLU01A0818_002
2025-08-29 00:12:13 - INFO: pdbio_gr, pbe: ForkPoolWorker-1: Calling delphi to calculate conformer GLU02A0818_003 in /tmp/pbe_data.data.home.granepura.5-kinases.cof_tpl_mg.run_kin.4asd_GLU02A0818_003
2025-08-29 00:12:16 - INFO: pdbio_gr, pbe: ForkPoolWorker-1: Calling delphi to calculate conformer GLU02A0818_004 in /tmp/pbe_data.data.home.granepura.5-kinases.cof_tpl_mg.run_kin.4asd_GLU02A0818_004
2025-08-29 00:12:19 - INFO: pdbio_gr, pbe: ForkPoolWorker-1: Calling delphi to calculate conformer GLU-1A0818_005 in /tmp/pbe_data.data.home.granepura.5-kinases.cof_tpl_mg.run_kin.4asd_GLU-1A0818_005
2025-08-29 00:12:22 - INFO: pdbio_gr, pbe: ForkPoolWorker-1: Calling delphi to calculate conformer ARG01A0819_001 in /tmp/pbe_data.data.home.granepura.5-kinases.cof_tpl_mg.run_kin.4asd_ARG01A0819_001
2025-08-29 00:12:25 - INFO: pdbio_gr, pbe: ForkPoolWorker-1: Calling delphi to calculate conformer ARG02A0819_002 in /tmp/pbe_data.data.home.granepura.5-kinases.cof_tpl_mg.run_kin.4asd_ARG02A0819_002
2025-08-29 00:12:28 - INFO: pdbio_gr, pbe: ForkPoolWorker-1: Calling delphi to calculate conformer ARG03A0819_003 in /tmp/pbe_data.data.home.granepura.5-kinases.cof_tpl_mg.run_kin.4asd_ARG03A0819_003
2025-08-29 00:12:31 - INFO: pdbio_gr, pbe: ForkPoolWorker-1: Calling delphi to calculate conformer ARG+1A0819_004 in /tmp/pbe_data.data.home.granepura.5-kinases.cof_tpl_mg.run_kin.4asd_ARG+1A0819_004
2025-08-29 00:12:33 - INFO: pdbio_gr, pbe: Skipping PBE solver for non-charge conformer LEU01A0820_001...
2025-08-29 00:12:34 - INFO: pdbio_gr, pbe: Skipping PBE solver for non-charge conformer PRO01A0821_001...
2025-08-29 00:12:34 - INFO: pdbio_gr, pbe: ForkPoolWorker-1: Calling delphi to calculate conformer TYR01A0822_001 in /tmp/pbe_data.data.home.granepura.5-kinases.cof_tpl_mg.run_kin.4asd_TYR01A0822_001
2025-08-29 00:12:36 - INFO: pdbio_gr, pbe: ForkPoolWorker-1: Calling delphi to calculate conformer TYR01A0822_002 in /tmp/pbe_data.data.home.granepura.5-kinases.cof_tpl_mg.run_kin.4asd_TYR01A0822_002
2025-08-29 00:12:39 - INFO: pdbio_gr, pbe: ForkPoolWorker-1: Calling delphi to calculate conformer TYR-1A0822_003 in /tmp/pbe_data.data.home.granepura.5-kinases.cof_tpl_mg.run_kin.4asd_TYR-1A0822_003
2025-08-29 00:12:42 - INFO: pdbio_gr, pbe: ForkPoolWorker-1: Calling delphi to calculate conformer ASP01A0823_001 in /tmp/pbe_data.data.home.granepura.5-kinases.cof_tpl_mg.run_kin.4asd_ASP01A0823_001
2025-08-29 00:12:45 - INFO: pdbio_gr, pbe: ForkPoolWorker-1: Calling delphi to calculate conformer ASP01A0823_002 in /tmp/pbe_data.data.home.granepura.5-kinases.cof_tpl_mg.run_kin.4asd_ASP01A0823_002
2025-08-29 00:12:48 - INFO: pdbio_gr, pbe: ForkPoolWorker-1: Calling delphi to calculate conformer ASP02A0823_003 in /tmp/pbe_data.data.home.granepura.5-kinases.cof_tpl_mg.run_kin.4asd_ASP02A0823_003
2025-08-29 00:12:51 - INFO: pdbio_gr, pbe: ForkPoolWorker-1: Calling delphi to calculate conformer ASP02A0823_004 in /tmp/pbe_data.data.home.granepura.5-kinases.cof_tpl_mg.run_kin.4asd_ASP02A0823_004
2025-08-29 00:12:54 - INFO: pdbio_gr, pbe: ForkPoolWorker-1: Calling delphi to calculate conformer ASP-1A0823_005 in /tmp/pbe_data.data.home.granepura.5-kinases.cof_tpl_mg.run_kin.4asd_ASP-1A0823_005
2025-08-29 00:12:57 - INFO: pdbio_gr, pbe: Skipping PBE solver for non-charge conformer ALA01A0824_001...
2025-08-29 00:12:57 - INFO: pdbio_gr, pbe: ForkPoolWorker-1: Calling delphi to calculate conformer SER01A0825_001 in /tmp/pbe_data.data.home.granepura.5-kinases.cof_tpl_mg.run_kin.4asd_SER01A0825_001
2025-08-29 00:13:00 - INFO: pdbio_gr, pbe: ForkPoolWorker-1: Calling delphi to calculate conformer SER01A0825_002 in /tmp/pbe_data.data.home.granepura.5-kinases.cof_tpl_mg.run_kin.4asd_SER01A0825_002
2025-08-29 00:13:03 - INFO: pdbio_gr, pbe: ForkPoolWorker-1: Calling delphi to calculate conformer LYS01A0826_001 in /tmp/pbe_data.data.home.granepura.5-kinases.cof_tpl_mg.run_kin.4asd_LYS01A0826_001
2025-08-29 00:13:06 - INFO: pdbio_gr, pbe: ForkPoolWorker-1: Calling delphi to calculate conformer LYS+1A0826_002 in /tmp/pbe_data.data.home.granepura.5-kinases.cof_tpl_mg.run_kin.4asd_LYS+1A0826_002
2025-08-29 00:13:09 - INFO: pdbio_gr, pbe: Skipping PBE solver for non-charge conformer TRP01A0827_001...
2025-08-29 00:13:09 - INFO: pdbio_gr, pbe: ForkPoolWorker-1: Calling delphi to calculate conformer GLU01A0828_001 in /tmp/pbe_data.data.home.granepura.5-kinases.cof_tpl_mg.run_kin.4asd_GLU01A0828_001
2025-08-29 00:13:11 - INFO: pdbio_gr, pbe: ForkPoolWorker-1: Calling delphi to calculate conformer GLU01A0828_002 in /tmp/pbe_data.data.home.granepura.5-kinases.cof_tpl_mg.run_kin.4asd_GLU01A0828_002
2025-08-29 00:13:14 - INFO: pdbio_gr, pbe: ForkPoolWorker-1: Calling delphi to calculate conformer GLU02A0828_003 in /tmp/pbe_data.data.home.granepura.5-kinases.cof_tpl_mg.run_kin.4asd_GLU02A0828_003
2025-08-29 00:13:17 - INFO: pdbio_gr, pbe: ForkPoolWorker-1: Calling delphi to calculate conformer GLU02A0828_004 in /tmp/pbe_data.data.home.granepura.5-kinases.cof_tpl_mg.run_kin.4asd_GLU02A0828_004
2025-08-29 00:13:20 - INFO: pdbio_gr, pbe: ForkPoolWorker-1: Calling delphi to calculate conformer GLU-1A0828_005 in /tmp/pbe_data.data.home.granepura.5-kinases.cof_tpl_mg.run_kin.4asd_GLU-1A0828_005
2025-08-29 00:13:23 - INFO: pdbio_gr, pbe: Skipping PBE solver for non-charge conformer PHE01A0829_001...
2025-08-29 00:13:23 - INFO: pdbio_gr, pbe: Skipping PBE solver for non-charge conformer PRO01A0830_001...
2025-08-29 00:13:23 - INFO: pdbio_gr, pbe: ForkPoolWorker-1: Calling delphi to calculate conformer ARG01A0831_001 in /tmp/pbe_data.data.home.granepura.5-kinases.cof_tpl_mg.run_kin.4asd_ARG01A0831_001
2025-08-29 00:13:26 - INFO: pdbio_gr, pbe: ForkPoolWorker-1: Calling delphi to calculate conformer ARG02A0831_002 in /tmp/pbe_data.data.home.granepura.5-kinases.cof_tpl_mg.run_kin.4asd_ARG02A0831_002
2025-08-29 00:13:29 - INFO: pdbio_gr, pbe: ForkPoolWorker-1: Calling delphi to calculate conformer ARG03A0831_003 in /tmp/pbe_data.data.home.granepura.5-kinases.cof_tpl_mg.run_kin.4asd_ARG03A0831_003
2025-08-29 00:13:32 - INFO: pdbio_gr, pbe: ForkPoolWorker-1: Calling delphi to calculate conformer ARG03A0831_004 in /tmp/pbe_data.data.home.granepura.5-kinases.cof_tpl_mg.run_kin.4asd_ARG03A0831_004
2025-08-29 00:13:35 - INFO: pdbio_gr, pbe: ForkPoolWorker-1: Calling delphi to calculate conformer ARG+1A0831_005 in /tmp/pbe_data.data.home.granepura.5-kinases.cof_tpl_mg.run_kin.4asd_ARG+1A0831_005
2025-08-29 00:13:37 - INFO: pdbio_gr, pbe: ForkPoolWorker-1: Calling delphi to calculate conformer ASP01A0832_001 in /tmp/pbe_data.data.home.granepura.5-kinases.cof_tpl_mg.run_kin.4asd_ASP01A0832_001
2025-08-29 00:13:40 - INFO: pdbio_gr, pbe: ForkPoolWorker-1: Calling delphi to calculate conformer ASP01A0832_002 in /tmp/pbe_data.data.home.granepura.5-kinases.cof_tpl_mg.run_kin.4asd_ASP01A0832_002
2025-08-29 00:13:43 - INFO: pdbio_gr, pbe: ForkPoolWorker-1: Calling delphi to calculate conformer ASP02A0832_003 in /tmp/pbe_data.data.home.granepura.5-kinases.cof_tpl_mg.run_kin.4asd_ASP02A0832_003
2025-08-29 00:13:46 - INFO: pdbio_gr, pbe: ForkPoolWorker-1: Calling delphi to calculate conformer ASP02A0832_004 in /tmp/pbe_data.data.home.granepura.5-kinases.cof_tpl_mg.run_kin.4asd_ASP02A0832_004
2025-08-29 00:13:49 - INFO: pdbio_gr, pbe: ForkPoolWorker-1: Calling delphi to calculate conformer ASP-1A0832_005 in /tmp/pbe_data.data.home.granepura.5-kinases.cof_tpl_mg.run_kin.4asd_ASP-1A0832_005
2025-08-29 00:13:52 - INFO: pdbio_gr, pbe: ForkPoolWorker-1: Calling delphi to calculate conformer ARG01A0833_001 in /tmp/pbe_data.data.home.granepura.5-kinases.cof_tpl_mg.run_kin.4asd_ARG01A0833_001
2025-08-29 00:13:54 - INFO: pdbio_gr, pbe: ForkPoolWorker-1: Calling delphi to calculate conformer ARG02A0833_002 in /tmp/pbe_data.data.home.granepura.5-kinases.cof_tpl_mg.run_kin.4asd_ARG02A0833_002
2025-08-29 00:13:57 - INFO: pdbio_gr, pbe: ForkPoolWorker-1: Calling delphi to calculate conformer ARG03A0833_003 in /tmp/pbe_data.data.home.granepura.5-kinases.cof_tpl_mg.run_kin.4asd_ARG03A0833_003
2025-08-29 00:14:00 - INFO: pdbio_gr, pbe: ForkPoolWorker-1: Calling delphi to calculate conformer ARG+1A0833_004 in /tmp/pbe_data.data.home.granepura.5-kinases.cof_tpl_mg.run_kin.4asd_ARG+1A0833_004
2025-08-29 00:14:03 - INFO: pdbio_gr, pbe: Skipping PBE solver for non-charge conformer LEU01A0834_001...
2025-08-29 00:14:03 - INFO: pdbio_gr, pbe: ForkPoolWorker-1: Calling delphi to calculate conformer LYS01A0835_001 in /tmp/pbe_data.data.home.granepura.5-kinases.cof_tpl_mg.run_kin.4asd_LYS01A0835_001
2025-08-29 00:14:06 - INFO: pdbio_gr, pbe: ForkPoolWorker-1: Calling delphi to calculate conformer LYS+1A0835_002 in /tmp/pbe_data.data.home.granepura.5-kinases.cof_tpl_mg.run_kin.4asd_LYS+1A0835_002
2025-08-29 00:14:09 - INFO: pdbio_gr, pbe: Skipping PBE solver for non-charge conformer LEU01A0836_001...
2025-08-29 00:14:09 - INFO: pdbio_gr, pbe: ForkPoolWorker-1: Calling delphi to calculate conformer LYS01A0838_001 in /tmp/pbe_data.data.home.granepura.5-kinases.cof_tpl_mg.run_kin.4asd_LYS01A0838_001
2025-08-29 00:14:12 - INFO: pdbio_gr, pbe: ForkPoolWorker-1: Calling delphi to calculate conformer LYS+1A0838_002 in /tmp/pbe_data.data.home.granepura.5-kinases.cof_tpl_mg.run_kin.4asd_LYS+1A0838_002
2025-08-29 00:14:14 - INFO: pdbio_gr, pbe: Skipping PBE solver for non-charge conformer PRO01A0839_001...
2025-08-29 00:14:14 - INFO: pdbio_gr, pbe: Skipping PBE solver for non-charge conformer LEU01A0840_001...
2025-08-29 00:14:15 - INFO: pdbio_gr, pbe: ForkPoolWorker-1: Calling delphi to calculate conformer ARG01A0842_001 in /tmp/pbe_data.data.home.granepura.5-kinases.cof_tpl_mg.run_kin.4asd_ARG01A0842_001
2025-08-29 00:14:17 - INFO: pdbio_gr, pbe: ForkPoolWorker-1: Calling delphi to calculate conformer ARG02A0842_002 in /tmp/pbe_data.data.home.granepura.5-kinases.cof_tpl_mg.run_kin.4asd_ARG02A0842_002
2025-08-29 00:14:20 - INFO: pdbio_gr, pbe: ForkPoolWorker-1: Calling delphi to calculate conformer ARG03A0842_003 in /tmp/pbe_data.data.home.granepura.5-kinases.cof_tpl_mg.run_kin.4asd_ARG03A0842_003
2025-08-29 00:14:23 - INFO: pdbio_gr, pbe: ForkPoolWorker-1: Calling delphi to calculate conformer ARG+1A0842_004 in /tmp/pbe_data.data.home.granepura.5-kinases.cof_tpl_mg.run_kin.4asd_ARG+1A0842_004
2025-08-29 00:14:26 - INFO: pdbio_gr, pbe: Skipping PBE solver for non-charge conformer ALA01A0844_001...
2025-08-29 00:14:26 - INFO: pdbio_gr, pbe: Skipping PBE solver for non-charge conformer PHE01A0845_001...
2025-08-29 00:14:26 - INFO: pdbio_gr, pbe: ForkPoolWorker-1: Calling delphi to calculate conformer GLN01A0847_001 in /tmp/pbe_data.data.home.granepura.5-kinases.cof_tpl_mg.run_kin.4asd_GLN01A0847_001
2025-08-29 00:14:29 - INFO: pdbio_gr, pbe: ForkPoolWorker-1: Calling delphi to calculate conformer GLN01A0847_002 in /tmp/pbe_data.data.home.granepura.5-kinases.cof_tpl_mg.run_kin.4asd_GLN01A0847_002
2025-08-29 00:14:32 - INFO: pdbio_gr, pbe: Skipping PBE solver for non-charge conformer VAL01A0848_001...
2025-08-29 00:14:32 - INFO: pdbio_gr, pbe: Skipping PBE solver for non-charge conformer ILE01A0849_001...
2025-08-29 00:14:32 - INFO: pdbio_gr, pbe: ForkPoolWorker-1: Calling delphi to calculate conformer GLU01A0850_001 in /tmp/pbe_data.data.home.granepura.5-kinases.cof_tpl_mg.run_kin.4asd_GLU01A0850_001
2025-08-29 00:14:35 - INFO: pdbio_gr, pbe: ForkPoolWorker-1: Calling delphi to calculate conformer GLU01A0850_002 in /tmp/pbe_data.data.home.granepura.5-kinases.cof_tpl_mg.run_kin.4asd_GLU01A0850_002
2025-08-29 00:14:37 - INFO: pdbio_gr, pbe: ForkPoolWorker-1: Calling delphi to calculate conformer GLU02A0850_003 in /tmp/pbe_data.data.home.granepura.5-kinases.cof_tpl_mg.run_kin.4asd_GLU02A0850_003
2025-08-29 00:14:40 - INFO: pdbio_gr, pbe: ForkPoolWorker-1: Calling delphi to calculate conformer GLU02A0850_004 in /tmp/pbe_data.data.home.granepura.5-kinases.cof_tpl_mg.run_kin.4asd_GLU02A0850_004
2025-08-29 00:14:43 - INFO: pdbio_gr, pbe: ForkPoolWorker-1: Calling delphi to calculate conformer GLU-1A0850_005 in /tmp/pbe_data.data.home.granepura.5-kinases.cof_tpl_mg.run_kin.4asd_GLU-1A0850_005
2025-08-29 00:14:46 - INFO: pdbio_gr, pbe: Skipping PBE solver for non-charge conformer ALA01A0851_001...
2025-08-29 00:14:46 - INFO: pdbio_gr, pbe: ForkPoolWorker-1: Calling delphi to calculate conformer ASP01A0852_001 in /tmp/pbe_data.data.home.granepura.5-kinases.cof_tpl_mg.run_kin.4asd_ASP01A0852_001
2025-08-29 00:14:49 - INFO: pdbio_gr, pbe: ForkPoolWorker-1: Calling delphi to calculate conformer ASP01A0852_002 in /tmp/pbe_data.data.home.granepura.5-kinases.cof_tpl_mg.run_kin.4asd_ASP01A0852_002
2025-08-29 00:14:52 - INFO: pdbio_gr, pbe: ForkPoolWorker-1: Calling delphi to calculate conformer ASP02A0852_003 in /tmp/pbe_data.data.home.granepura.5-kinases.cof_tpl_mg.run_kin.4asd_ASP02A0852_003
2025-08-29 00:14:54 - INFO: pdbio_gr, pbe: ForkPoolWorker-1: Calling delphi to calculate conformer ASP02A0852_004 in /tmp/pbe_data.data.home.granepura.5-kinases.cof_tpl_mg.run_kin.4asd_ASP02A0852_004
2025-08-29 00:14:57 - INFO: pdbio_gr, pbe: ForkPoolWorker-1: Calling delphi to calculate conformer ASP-1A0852_005 in /tmp/pbe_data.data.home.granepura.5-kinases.cof_tpl_mg.run_kin.4asd_ASP-1A0852_005
2025-08-29 00:15:00 - INFO: pdbio_gr, pbe: Skipping PBE solver for non-charge conformer ALA01A0853_001...
2025-08-29 00:15:00 - INFO: pdbio_gr, pbe: Skipping PBE solver for non-charge conformer PHE01A0854_001...
2025-08-29 00:15:00 - INFO: pdbio_gr, pbe: Skipping PBE solver for non-charge conformer ILE01A0856_001...
2025-08-29 00:15:00 - INFO: pdbio_gr, pbe: ForkPoolWorker-1: Calling delphi to calculate conformer ASP01A0857_001 in /tmp/pbe_data.data.home.granepura.5-kinases.cof_tpl_mg.run_kin.4asd_ASP01A0857_001
2025-08-29 00:15:03 - INFO: pdbio_gr, pbe: ForkPoolWorker-1: Calling delphi to calculate conformer ASP01A0857_002 in /tmp/pbe_data.data.home.granepura.5-kinases.cof_tpl_mg.run_kin.4asd_ASP01A0857_002
2025-08-29 00:15:06 - INFO: pdbio_gr, pbe: ForkPoolWorker-1: Calling delphi to calculate conformer ASP02A0857_003 in /tmp/pbe_data.data.home.granepura.5-kinases.cof_tpl_mg.run_kin.4asd_ASP02A0857_003
2025-08-29 00:15:09 - INFO: pdbio_gr, pbe: ForkPoolWorker-1: Calling delphi to calculate conformer ASP02A0857_004 in /tmp/pbe_data.data.home.granepura.5-kinases.cof_tpl_mg.run_kin.4asd_ASP02A0857_004
2025-08-29 00:15:12 - INFO: pdbio_gr, pbe: ForkPoolWorker-1: Calling delphi to calculate conformer ASP-1A0857_005 in /tmp/pbe_data.data.home.granepura.5-kinases.cof_tpl_mg.run_kin.4asd_ASP-1A0857_005
2025-08-29 00:15:15 - INFO: pdbio_gr, pbe: ForkPoolWorker-1: Calling delphi to calculate conformer LYS01A0858_001 in /tmp/pbe_data.data.home.granepura.5-kinases.cof_tpl_mg.run_kin.4asd_LYS01A0858_001
2025-08-29 00:15:17 - INFO: pdbio_gr, pbe: ForkPoolWorker-1: Calling delphi to calculate conformer LYS+1A0858_002 in /tmp/pbe_data.data.home.granepura.5-kinases.cof_tpl_mg.run_kin.4asd_LYS+1A0858_002
2025-08-29 00:15:20 - INFO: pdbio_gr, pbe: ForkPoolWorker-1: Calling delphi to calculate conformer THR01A0859_001 in /tmp/pbe_data.data.home.granepura.5-kinases.cof_tpl_mg.run_kin.4asd_THR01A0859_001
2025-08-29 00:15:23 - INFO: pdbio_gr, pbe: ForkPoolWorker-1: Calling delphi to calculate conformer THR01A0859_002 in /tmp/pbe_data.data.home.granepura.5-kinases.cof_tpl_mg.run_kin.4asd_THR01A0859_002
2025-08-29 00:15:26 - INFO: pdbio_gr, pbe: Skipping PBE solver for non-charge conformer ALA01A0860_001...
2025-08-29 00:15:26 - INFO: pdbio_gr, pbe: ForkPoolWorker-1: Calling delphi to calculate conformer THR01A0861_001 in /tmp/pbe_data.data.home.granepura.5-kinases.cof_tpl_mg.run_kin.4asd_THR01A0861_001
2025-08-29 00:15:29 - INFO: pdbio_gr, pbe: ForkPoolWorker-1: Calling delphi to calculate conformer THR01A0861_002 in /tmp/pbe_data.data.home.granepura.5-kinases.cof_tpl_mg.run_kin.4asd_THR01A0861_002
2025-08-29 00:15:32 - INFO: pdbio_gr, pbe: ForkPoolWorker-1: Calling delphi to calculate conformer THR01A0861_003 in /tmp/pbe_data.data.home.granepura.5-kinases.cof_tpl_mg.run_kin.4asd_THR01A0861_003
2025-08-29 00:15:34 - INFO: pdbio_gr, pbe: ForkPoolWorker-1: Calling delphi to calculate conformer CYS01A0862_001 in /tmp/pbe_data.data.home.granepura.5-kinases.cof_tpl_mg.run_kin.4asd_CYS01A0862_001
2025-08-29 00:15:37 - INFO: pdbio_gr, pbe: ForkPoolWorker-1: Calling delphi to calculate conformer CYS01A0862_002 in /tmp/pbe_data.data.home.granepura.5-kinases.cof_tpl_mg.run_kin.4asd_CYS01A0862_002
2025-08-29 00:15:40 - INFO: pdbio_gr, pbe: ForkPoolWorker-1: Calling delphi to calculate conformer CYS01A0862_003 in /tmp/pbe_data.data.home.granepura.5-kinases.cof_tpl_mg.run_kin.4asd_CYS01A0862_003
2025-08-29 00:15:43 - INFO: pdbio_gr, pbe: ForkPoolWorker-1: Calling delphi to calculate conformer CYS-1A0862_004 in /tmp/pbe_data.data.home.granepura.5-kinases.cof_tpl_mg.run_kin.4asd_CYS-1A0862_004
2025-08-29 00:15:46 - INFO: pdbio_gr, pbe: ForkPoolWorker-1: Calling delphi to calculate conformer ARG01A0863_001 in /tmp/pbe_data.data.home.granepura.5-kinases.cof_tpl_mg.run_kin.4asd_ARG01A0863_001
2025-08-29 00:15:49 - INFO: pdbio_gr, pbe: ForkPoolWorker-1: Calling delphi to calculate conformer ARG02A0863_002 in /tmp/pbe_data.data.home.granepura.5-kinases.cof_tpl_mg.run_kin.4asd_ARG02A0863_002
2025-08-29 00:15:51 - INFO: pdbio_gr, pbe: ForkPoolWorker-1: Calling delphi to calculate conformer ARG03A0863_003 in /tmp/pbe_data.data.home.granepura.5-kinases.cof_tpl_mg.run_kin.4asd_ARG03A0863_003
2025-08-29 00:15:54 - INFO: pdbio_gr, pbe: ForkPoolWorker-1: Calling delphi to calculate conformer ARG03A0863_004 in /tmp/pbe_data.data.home.granepura.5-kinases.cof_tpl_mg.run_kin.4asd_ARG03A0863_004
2025-08-29 00:15:57 - INFO: pdbio_gr, pbe: ForkPoolWorker-1: Calling delphi to calculate conformer ARG+1A0863_005 in /tmp/pbe_data.data.home.granepura.5-kinases.cof_tpl_mg.run_kin.4asd_ARG+1A0863_005
2025-08-29 00:16:00 - INFO: pdbio_gr, pbe: ForkPoolWorker-1: Calling delphi to calculate conformer THR01A0864_001 in /tmp/pbe_data.data.home.granepura.5-kinases.cof_tpl_mg.run_kin.4asd_THR01A0864_001
2025-08-29 00:16:03 - INFO: pdbio_gr, pbe: ForkPoolWorker-1: Calling delphi to calculate conformer THR01A0864_002 in /tmp/pbe_data.data.home.granepura.5-kinases.cof_tpl_mg.run_kin.4asd_THR01A0864_002
2025-08-29 00:16:06 - INFO: pdbio_gr, pbe: Skipping PBE solver for non-charge conformer VAL01A0865_001...
2025-08-29 00:16:06 - INFO: pdbio_gr, pbe: Skipping PBE solver for non-charge conformer ALA01A0866_001...
2025-08-29 00:16:06 - INFO: pdbio_gr, pbe: Skipping PBE solver for non-charge conformer VAL01A0867_001...
2025-08-29 00:16:06 - INFO: pdbio_gr, pbe: ForkPoolWorker-1: Calling delphi to calculate conformer LYS01A0868_001 in /tmp/pbe_data.data.home.granepura.5-kinases.cof_tpl_mg.run_kin.4asd_LYS01A0868_001
2025-08-29 00:16:09 - INFO: pdbio_gr, pbe: ForkPoolWorker-1: Calling delphi to calculate conformer LYS+1A0868_002 in /tmp/pbe_data.data.home.granepura.5-kinases.cof_tpl_mg.run_kin.4asd_LYS+1A0868_002
2025-08-29 00:16:12 - INFO: pdbio_gr, pbe: ForkPoolWorker-1: Calling delphi to calculate conformer MET01A0869_001 in /tmp/pbe_data.data.home.granepura.5-kinases.cof_tpl_mg.run_kin.4asd_MET01A0869_001
2025-08-29 00:16:15 - INFO: pdbio_gr, pbe: Skipping PBE solver for non-charge conformer LEU01A0870_001...
2025-08-29 00:16:15 - INFO: pdbio_gr, pbe: ForkPoolWorker-1: Calling delphi to calculate conformer LYS01A0871_001 in /tmp/pbe_data.data.home.granepura.5-kinases.cof_tpl_mg.run_kin.4asd_LYS01A0871_001
2025-08-29 00:16:17 - INFO: pdbio_gr, pbe: ForkPoolWorker-1: Calling delphi to calculate conformer LYS+1A0871_002 in /tmp/pbe_data.data.home.granepura.5-kinases.cof_tpl_mg.run_kin.4asd_LYS+1A0871_002
2025-08-29 00:16:20 - INFO: pdbio_gr, pbe: ForkPoolWorker-1: Calling delphi to calculate conformer GLU01A0872_001 in /tmp/pbe_data.data.home.granepura.5-kinases.cof_tpl_mg.run_kin.4asd_GLU01A0872_001
2025-08-29 00:16:23 - INFO: pdbio_gr, pbe: ForkPoolWorker-1: Calling delphi to calculate conformer GLU01A0872_002 in /tmp/pbe_data.data.home.granepura.5-kinases.cof_tpl_mg.run_kin.4asd_GLU01A0872_002
2025-08-29 00:16:26 - INFO: pdbio_gr, pbe: ForkPoolWorker-1: Calling delphi to calculate conformer GLU02A0872_003 in /tmp/pbe_data.data.home.granepura.5-kinases.cof_tpl_mg.run_kin.4asd_GLU02A0872_003
2025-08-29 00:16:29 - INFO: pdbio_gr, pbe: ForkPoolWorker-1: Calling delphi to calculate conformer GLU02A0872_004 in /tmp/pbe_data.data.home.granepura.5-kinases.cof_tpl_mg.run_kin.4asd_GLU02A0872_004
2025-08-29 00:16:32 - INFO: pdbio_gr, pbe: ForkPoolWorker-1: Calling delphi to calculate conformer GLU-1A0872_005 in /tmp/pbe_data.data.home.granepura.5-kinases.cof_tpl_mg.run_kin.4asd_GLU-1A0872_005
2025-08-29 00:16:34 - INFO: pdbio_gr, pbe: Skipping PBE solver for non-charge conformer ALA01A0874_001...
2025-08-29 00:16:34 - INFO: pdbio_gr, pbe: ForkPoolWorker-1: Calling delphi to calculate conformer THR01A0875_001 in /tmp/pbe_data.data.home.granepura.5-kinases.cof_tpl_mg.run_kin.4asd_THR01A0875_001
2025-08-29 00:16:37 - INFO: pdbio_gr, pbe: ForkPoolWorker-1: Calling delphi to calculate conformer THR01A0875_002 in /tmp/pbe_data.data.home.granepura.5-kinases.cof_tpl_mg.run_kin.4asd_THR01A0875_002
2025-08-29 00:16:40 - INFO: pdbio_gr, pbe: ForkPoolWorker-1: Calling delphi to calculate conformer HIS01A0876_001 in /tmp/pbe_data.data.home.granepura.5-kinases.cof_tpl_mg.run_kin.4asd_HIS01A0876_001
2025-08-29 00:16:43 - INFO: pdbio_gr, pbe: ForkPoolWorker-1: Calling delphi to calculate conformer HIS01A0876_002 in /tmp/pbe_data.data.home.granepura.5-kinases.cof_tpl_mg.run_kin.4asd_HIS01A0876_002
2025-08-29 00:16:46 - INFO: pdbio_gr, pbe: ForkPoolWorker-1: Calling delphi to calculate conformer HIS02A0876_003 in /tmp/pbe_data.data.home.granepura.5-kinases.cof_tpl_mg.run_kin.4asd_HIS02A0876_003
2025-08-29 00:16:49 - INFO: pdbio_gr, pbe: ForkPoolWorker-1: Calling delphi to calculate conformer HIS02A0876_004 in /tmp/pbe_data.data.home.granepura.5-kinases.cof_tpl_mg.run_kin.4asd_HIS02A0876_004
2025-08-29 00:16:51 - INFO: pdbio_gr, pbe: ForkPoolWorker-1: Calling delphi to calculate conformer HIS+1A0876_005 in /tmp/pbe_data.data.home.granepura.5-kinases.cof_tpl_mg.run_kin.4asd_HIS+1A0876_005
2025-08-29 00:16:54 - INFO: pdbio_gr, pbe: ForkPoolWorker-1: Calling delphi to calculate conformer HIS+1A0876_006 in /tmp/pbe_data.data.home.granepura.5-kinases.cof_tpl_mg.run_kin.4asd_HIS+1A0876_006
2025-08-29 00:16:57 - INFO: pdbio_gr, pbe: ForkPoolWorker-1: Calling delphi to calculate conformer SER01A0877_001 in /tmp/pbe_data.data.home.granepura.5-kinases.cof_tpl_mg.run_kin.4asd_SER01A0877_001
2025-08-29 00:17:00 - INFO: pdbio_gr, pbe: ForkPoolWorker-1: Calling delphi to calculate conformer SER01A0877_002 in /tmp/pbe_data.data.home.granepura.5-kinases.cof_tpl_mg.run_kin.4asd_SER01A0877_002
2025-08-29 00:17:03 - INFO: pdbio_gr, pbe: ForkPoolWorker-1: Calling delphi to calculate conformer GLU01A0878_001 in /tmp/pbe_data.data.home.granepura.5-kinases.cof_tpl_mg.run_kin.4asd_GLU01A0878_001
2025-08-29 00:17:06 - INFO: pdbio_gr, pbe: ForkPoolWorker-1: Calling delphi to calculate conformer GLU01A0878_002 in /tmp/pbe_data.data.home.granepura.5-kinases.cof_tpl_mg.run_kin.4asd_GLU01A0878_002
2025-08-29 00:17:09 - INFO: pdbio_gr, pbe: ForkPoolWorker-1: Calling delphi to calculate conformer GLU02A0878_003 in /tmp/pbe_data.data.home.granepura.5-kinases.cof_tpl_mg.run_kin.4asd_GLU02A0878_003
2025-08-29 00:17:12 - INFO: pdbio_gr, pbe: ForkPoolWorker-1: Calling delphi to calculate conformer GLU02A0878_004 in /tmp/pbe_data.data.home.granepura.5-kinases.cof_tpl_mg.run_kin.4asd_GLU02A0878_004
2025-08-29 00:17:14 - INFO: pdbio_gr, pbe: ForkPoolWorker-1: Calling delphi to calculate conformer GLU-1A0878_005 in /tmp/pbe_data.data.home.granepura.5-kinases.cof_tpl_mg.run_kin.4asd_GLU-1A0878_005
2025-08-29 00:17:17 - INFO: pdbio_gr, pbe: ForkPoolWorker-1: Calling delphi to calculate conformer HIS01A0879_001 in /tmp/pbe_data.data.home.granepura.5-kinases.cof_tpl_mg.run_kin.4asd_HIS01A0879_001
2025-08-29 00:17:20 - INFO: pdbio_gr, pbe: ForkPoolWorker-1: Calling delphi to calculate conformer HIS01A0879_002 in /tmp/pbe_data.data.home.granepura.5-kinases.cof_tpl_mg.run_kin.4asd_HIS01A0879_002
2025-08-29 00:17:23 - INFO: pdbio_gr, pbe: ForkPoolWorker-1: Calling delphi to calculate conformer HIS02A0879_003 in /tmp/pbe_data.data.home.granepura.5-kinases.cof_tpl_mg.run_kin.4asd_HIS02A0879_003
2025-08-29 00:17:26 - INFO: pdbio_gr, pbe: ForkPoolWorker-1: Calling delphi to calculate conformer HIS02A0879_004 in /tmp/pbe_data.data.home.granepura.5-kinases.cof_tpl_mg.run_kin.4asd_HIS02A0879_004
2025-08-29 00:17:29 - INFO: pdbio_gr, pbe: ForkPoolWorker-1: Calling delphi to calculate conformer HIS+1A0879_005 in /tmp/pbe_data.data.home.granepura.5-kinases.cof_tpl_mg.run_kin.4asd_HIS+1A0879_005
2025-08-29 00:17:32 - INFO: pdbio_gr, pbe: ForkPoolWorker-1: Calling delphi to calculate conformer HIS+1A0879_006 in /tmp/pbe_data.data.home.granepura.5-kinases.cof_tpl_mg.run_kin.4asd_HIS+1A0879_006
2025-08-29 00:17:35 - INFO: pdbio_gr, pbe: ForkPoolWorker-1: Calling delphi to calculate conformer ARG01A0880_001 in /tmp/pbe_data.data.home.granepura.5-kinases.cof_tpl_mg.run_kin.4asd_ARG01A0880_001
2025-08-29 00:17:37 - INFO: pdbio_gr, pbe: ForkPoolWorker-1: Calling delphi to calculate conformer ARG02A0880_002 in /tmp/pbe_data.data.home.granepura.5-kinases.cof_tpl_mg.run_kin.4asd_ARG02A0880_002
2025-08-29 00:17:40 - INFO: pdbio_gr, pbe: ForkPoolWorker-1: Calling delphi to calculate conformer ARG03A0880_003 in /tmp/pbe_data.data.home.granepura.5-kinases.cof_tpl_mg.run_kin.4asd_ARG03A0880_003
2025-08-29 00:17:43 - INFO: pdbio_gr, pbe: ForkPoolWorker-1: Calling delphi to calculate conformer ARG+1A0880_004 in /tmp/pbe_data.data.home.granepura.5-kinases.cof_tpl_mg.run_kin.4asd_ARG+1A0880_004
2025-08-29 00:17:46 - INFO: pdbio_gr, pbe: Skipping PBE solver for non-charge conformer ALA01A0881_001...
2025-08-29 00:17:46 - INFO: pdbio_gr, pbe: Skipping PBE solver for non-charge conformer LEU01A0882_001...
2025-08-29 00:17:46 - INFO: pdbio_gr, pbe: ForkPoolWorker-1: Calling delphi to calculate conformer MET01A0883_001 in /tmp/pbe_data.data.home.granepura.5-kinases.cof_tpl_mg.run_kin.4asd_MET01A0883_001
2025-08-29 00:17:49 - INFO: pdbio_gr, pbe: ForkPoolWorker-1: Calling delphi to calculate conformer SER01A0884_001 in /tmp/pbe_data.data.home.granepura.5-kinases.cof_tpl_mg.run_kin.4asd_SER01A0884_001
2025-08-29 00:17:52 - INFO: pdbio_gr, pbe: ForkPoolWorker-1: Calling delphi to calculate conformer SER01A0884_002 in /tmp/pbe_data.data.home.granepura.5-kinases.cof_tpl_mg.run_kin.4asd_SER01A0884_002
2025-08-29 00:17:55 - INFO: pdbio_gr, pbe: ForkPoolWorker-1: Calling delphi to calculate conformer GLU01A0885_001 in /tmp/pbe_data.data.home.granepura.5-kinases.cof_tpl_mg.run_kin.4asd_GLU01A0885_001
2025-08-29 00:17:58 - INFO: pdbio_gr, pbe: ForkPoolWorker-1: Calling delphi to calculate conformer GLU01A0885_002 in /tmp/pbe_data.data.home.granepura.5-kinases.cof_tpl_mg.run_kin.4asd_GLU01A0885_002
2025-08-29 00:18:01 - INFO: pdbio_gr, pbe: ForkPoolWorker-1: Calling delphi to calculate conformer GLU01A0885_003 in /tmp/pbe_data.data.home.granepura.5-kinases.cof_tpl_mg.run_kin.4asd_GLU01A0885_003
2025-08-29 00:18:04 - INFO: pdbio_gr, pbe: ForkPoolWorker-1: Calling delphi to calculate conformer GLU01A0885_004 in /tmp/pbe_data.data.home.granepura.5-kinases.cof_tpl_mg.run_kin.4asd_GLU01A0885_004
2025-08-29 00:18:07 - INFO: pdbio_gr, pbe: ForkPoolWorker-1: Calling delphi to calculate conformer GLU02A0885_005 in /tmp/pbe_data.data.home.granepura.5-kinases.cof_tpl_mg.run_kin.4asd_GLU02A0885_005
2025-08-29 00:18:10 - INFO: pdbio_gr, pbe: ForkPoolWorker-1: Calling delphi to calculate conformer GLU02A0885_006 in /tmp/pbe_data.data.home.granepura.5-kinases.cof_tpl_mg.run_kin.4asd_GLU02A0885_006
2025-08-29 00:18:13 - INFO: pdbio_gr, pbe: ForkPoolWorker-1: Calling delphi to calculate conformer GLU02A0885_007 in /tmp/pbe_data.data.home.granepura.5-kinases.cof_tpl_mg.run_kin.4asd_GLU02A0885_007
2025-08-29 00:18:16 - INFO: pdbio_gr, pbe: ForkPoolWorker-1: Calling delphi to calculate conformer GLU02A0885_008 in /tmp/pbe_data.data.home.granepura.5-kinases.cof_tpl_mg.run_kin.4asd_GLU02A0885_008
2025-08-29 00:18:19 - INFO: pdbio_gr, pbe: ForkPoolWorker-1: Calling delphi to calculate conformer GLU-1A0885_009 in /tmp/pbe_data.data.home.granepura.5-kinases.cof_tpl_mg.run_kin.4asd_GLU-1A0885_009
2025-08-29 00:18:21 - INFO: pdbio_gr, pbe: ForkPoolWorker-1: Calling delphi to calculate conformer GLU-1A0885_010 in /tmp/pbe_data.data.home.granepura.5-kinases.cof_tpl_mg.run_kin.4asd_GLU-1A0885_010
2025-08-29 00:18:24 - INFO: pdbio_gr, pbe: Skipping PBE solver for non-charge conformer LEU01A0886_001...
2025-08-29 00:18:24 - INFO: pdbio_gr, pbe: ForkPoolWorker-1: Calling delphi to calculate conformer LYS01A0887_001 in /tmp/pbe_data.data.home.granepura.5-kinases.cof_tpl_mg.run_kin.4asd_LYS01A0887_001
2025-08-29 00:18:27 - INFO: pdbio_gr, pbe: ForkPoolWorker-1: Calling delphi to calculate conformer LYS+1A0887_002 in /tmp/pbe_data.data.home.granepura.5-kinases.cof_tpl_mg.run_kin.4asd_LYS+1A0887_002
2025-08-29 00:18:30 - INFO: pdbio_gr, pbe: Skipping PBE solver for non-charge conformer ILE01A0888_001...
2025-08-29 00:18:30 - INFO: pdbio_gr, pbe: Skipping PBE solver for non-charge conformer LEU01A0889_001...
2025-08-29 00:18:30 - INFO: pdbio_gr, pbe: Skipping PBE solver for non-charge conformer ILE01A0890_001...
2025-08-29 00:18:30 - INFO: pdbio_gr, pbe: ForkPoolWorker-1: Calling delphi to calculate conformer HIS01A0891_001 in /tmp/pbe_data.data.home.granepura.5-kinases.cof_tpl_mg.run_kin.4asd_HIS01A0891_001
2025-08-29 00:18:33 - INFO: pdbio_gr, pbe: ForkPoolWorker-1: Calling delphi to calculate conformer HIS01A0891_002 in /tmp/pbe_data.data.home.granepura.5-kinases.cof_tpl_mg.run_kin.4asd_HIS01A0891_002
2025-08-29 00:18:36 - INFO: pdbio_gr, pbe: ForkPoolWorker-1: Calling delphi to calculate conformer HIS02A0891_003 in /tmp/pbe_data.data.home.granepura.5-kinases.cof_tpl_mg.run_kin.4asd_HIS02A0891_003
2025-08-29 00:18:39 - INFO: pdbio_gr, pbe: ForkPoolWorker-1: Calling delphi to calculate conformer HIS02A0891_004 in /tmp/pbe_data.data.home.granepura.5-kinases.cof_tpl_mg.run_kin.4asd_HIS02A0891_004
2025-08-29 00:18:42 - INFO: pdbio_gr, pbe: ForkPoolWorker-1: Calling delphi to calculate conformer HIS+1A0891_005 in /tmp/pbe_data.data.home.granepura.5-kinases.cof_tpl_mg.run_kin.4asd_HIS+1A0891_005
2025-08-29 00:18:45 - INFO: pdbio_gr, pbe: ForkPoolWorker-1: Calling delphi to calculate conformer HIS+1A0891_006 in /tmp/pbe_data.data.home.granepura.5-kinases.cof_tpl_mg.run_kin.4asd_HIS+1A0891_006
2025-08-29 00:18:48 - INFO: pdbio_gr, pbe: Skipping PBE solver for non-charge conformer ILE01A0892_001...
2025-08-29 00:18:48 - INFO: pdbio_gr, pbe: ForkPoolWorker-1: Calling delphi to calculate conformer HIS01A0894_001 in /tmp/pbe_data.data.home.granepura.5-kinases.cof_tpl_mg.run_kin.4asd_HIS01A0894_001
2025-08-29 00:18:51 - INFO: pdbio_gr, pbe: ForkPoolWorker-1: Calling delphi to calculate conformer HIS01A0894_002 in /tmp/pbe_data.data.home.granepura.5-kinases.cof_tpl_mg.run_kin.4asd_HIS01A0894_002
2025-08-29 00:18:54 - INFO: pdbio_gr, pbe: ForkPoolWorker-1: Calling delphi to calculate conformer HIS02A0894_003 in /tmp/pbe_data.data.home.granepura.5-kinases.cof_tpl_mg.run_kin.4asd_HIS02A0894_003
2025-08-29 00:18:57 - INFO: pdbio_gr, pbe: ForkPoolWorker-1: Calling delphi to calculate conformer HIS02A0894_004 in /tmp/pbe_data.data.home.granepura.5-kinases.cof_tpl_mg.run_kin.4asd_HIS02A0894_004
2025-08-29 00:19:00 - INFO: pdbio_gr, pbe: ForkPoolWorker-1: Calling delphi to calculate conformer HIS+1A0894_005 in /tmp/pbe_data.data.home.granepura.5-kinases.cof_tpl_mg.run_kin.4asd_HIS+1A0894_005
2025-08-29 00:19:02 - INFO: pdbio_gr, pbe: ForkPoolWorker-1: Calling delphi to calculate conformer HIS+1A0894_006 in /tmp/pbe_data.data.home.granepura.5-kinases.cof_tpl_mg.run_kin.4asd_HIS+1A0894_006
2025-08-29 00:19:05 - INFO: pdbio_gr, pbe: ForkPoolWorker-1: Calling delphi to calculate conformer HIS01A0895_001 in /tmp/pbe_data.data.home.granepura.5-kinases.cof_tpl_mg.run_kin.4asd_HIS01A0895_001
2025-08-29 00:19:08 - INFO: pdbio_gr, pbe: ForkPoolWorker-1: Calling delphi to calculate conformer HIS02A0895_002 in /tmp/pbe_data.data.home.granepura.5-kinases.cof_tpl_mg.run_kin.4asd_HIS02A0895_002
2025-08-29 00:19:11 - INFO: pdbio_gr, pbe: ForkPoolWorker-1: Calling delphi to calculate conformer HIS+1A0895_003 in /tmp/pbe_data.data.home.granepura.5-kinases.cof_tpl_mg.run_kin.4asd_HIS+1A0895_003
2025-08-29 00:19:14 - INFO: pdbio_gr, pbe: Skipping PBE solver for non-charge conformer LEU01A0896_001...
2025-08-29 00:19:14 - INFO: pdbio_gr, pbe: ForkPoolWorker-1: Calling delphi to calculate conformer ASN01A0897_001 in /tmp/pbe_data.data.home.granepura.5-kinases.cof_tpl_mg.run_kin.4asd_ASN01A0897_001
2025-08-29 00:19:17 - INFO: pdbio_gr, pbe: ForkPoolWorker-1: Calling delphi to calculate conformer ASN01A0897_002 in /tmp/pbe_data.data.home.granepura.5-kinases.cof_tpl_mg.run_kin.4asd_ASN01A0897_002
2025-08-29 00:19:20 - INFO: pdbio_gr, pbe: ForkPoolWorker-1: Calling delphi to calculate conformer ASN01A0897_003 in /tmp/pbe_data.data.home.granepura.5-kinases.cof_tpl_mg.run_kin.4asd_ASN01A0897_003
2025-08-29 00:19:23 - INFO: pdbio_gr, pbe: Skipping PBE solver for non-charge conformer VAL01A0898_001...
2025-08-29 00:19:23 - INFO: pdbio_gr, pbe: Skipping PBE solver for non-charge conformer VAL01A0899_001...
2025-08-29 00:19:23 - INFO: pdbio_gr, pbe: ForkPoolWorker-1: Calling delphi to calculate conformer ASN01A0900_001 in /tmp/pbe_data.data.home.granepura.5-kinases.cof_tpl_mg.run_kin.4asd_ASN01A0900_001
2025-08-29 00:19:26 - INFO: pdbio_gr, pbe: ForkPoolWorker-1: Calling delphi to calculate conformer ASN01A0900_002 in /tmp/pbe_data.data.home.granepura.5-kinases.cof_tpl_mg.run_kin.4asd_ASN01A0900_002
2025-08-29 00:19:29 - INFO: pdbio_gr, pbe: Skipping PBE solver for non-charge conformer LEU01A0901_001...
2025-08-29 00:19:29 - INFO: pdbio_gr, pbe: Skipping PBE solver for non-charge conformer LEU01A0902_001...
2025-08-29 00:19:29 - INFO: pdbio_gr, pbe: Skipping PBE solver for non-charge conformer ALA01A0904_001...
2025-08-29 00:19:29 - INFO: pdbio_gr, pbe: ForkPoolWorker-1: Calling delphi to calculate conformer CYS01A0905_001 in /tmp/pbe_data.data.home.granepura.5-kinases.cof_tpl_mg.run_kin.4asd_CYS01A0905_001
2025-08-29 00:19:32 - INFO: pdbio_gr, pbe: ForkPoolWorker-1: Calling delphi to calculate conformer CYS01A0905_002 in /tmp/pbe_data.data.home.granepura.5-kinases.cof_tpl_mg.run_kin.4asd_CYS01A0905_002
2025-08-29 00:19:35 - INFO: pdbio_gr, pbe: ForkPoolWorker-1: Calling delphi to calculate conformer CYS01A0905_003 in /tmp/pbe_data.data.home.granepura.5-kinases.cof_tpl_mg.run_kin.4asd_CYS01A0905_003
2025-08-29 00:19:37 - INFO: pdbio_gr, pbe: ForkPoolWorker-1: Calling delphi to calculate conformer CYS-1A0905_004 in /tmp/pbe_data.data.home.granepura.5-kinases.cof_tpl_mg.run_kin.4asd_CYS-1A0905_004
2025-08-29 00:19:40 - INFO: pdbio_gr, pbe: ForkPoolWorker-1: Calling delphi to calculate conformer THR01A0906_001 in /tmp/pbe_data.data.home.granepura.5-kinases.cof_tpl_mg.run_kin.4asd_THR01A0906_001
2025-08-29 00:19:43 - INFO: pdbio_gr, pbe: ForkPoolWorker-1: Calling delphi to calculate conformer THR01A0906_002 in /tmp/pbe_data.data.home.granepura.5-kinases.cof_tpl_mg.run_kin.4asd_THR01A0906_002
2025-08-29 00:19:46 - INFO: pdbio_gr, pbe: ForkPoolWorker-1: Calling delphi to calculate conformer THR01A0906_003 in /tmp/pbe_data.data.home.granepura.5-kinases.cof_tpl_mg.run_kin.4asd_THR01A0906_003
2025-08-29 00:19:49 - INFO: pdbio_gr, pbe: ForkPoolWorker-1: Calling delphi to calculate conformer LYS01A0907_001 in /tmp/pbe_data.data.home.granepura.5-kinases.cof_tpl_mg.run_kin.4asd_LYS01A0907_001
2025-08-29 00:19:52 - INFO: pdbio_gr, pbe: ForkPoolWorker-1: Calling delphi to calculate conformer LYS+1A0907_002 in /tmp/pbe_data.data.home.granepura.5-kinases.cof_tpl_mg.run_kin.4asd_LYS+1A0907_002
2025-08-29 00:19:55 - INFO: pdbio_gr, pbe: Skipping PBE solver for non-charge conformer PRO01A0908_001...
2025-08-29 00:19:55 - INFO: pdbio_gr, pbe: Skipping PBE solver for non-charge conformer PRO01A0911_001...
2025-08-29 00:19:55 - INFO: pdbio_gr, pbe: Skipping PBE solver for non-charge conformer LEU01A0912_001...
2025-08-29 00:19:55 - INFO: pdbio_gr, pbe: ForkPoolWorker-1: Calling delphi to calculate conformer MET01A0913_001 in /tmp/pbe_data.data.home.granepura.5-kinases.cof_tpl_mg.run_kin.4asd_MET01A0913_001
2025-08-29 00:19:58 - INFO: pdbio_gr, pbe: Skipping PBE solver for non-charge conformer VAL01A0914_001...
2025-08-29 00:19:58 - INFO: pdbio_gr, pbe: Skipping PBE solver for non-charge conformer ILE01A0915_001...
2025-08-29 00:19:58 - INFO: pdbio_gr, pbe: Skipping PBE solver for non-charge conformer VAL01A0916_001...
2025-08-29 00:19:58 - INFO: pdbio_gr, pbe: ForkPoolWorker-1: Calling delphi to calculate conformer GLU01A0917_001 in /tmp/pbe_data.data.home.granepura.5-kinases.cof_tpl_mg.run_kin.4asd_GLU01A0917_001
2025-08-29 00:20:01 - INFO: pdbio_gr, pbe: ForkPoolWorker-1: Calling delphi to calculate conformer GLU01A0917_002 in /tmp/pbe_data.data.home.granepura.5-kinases.cof_tpl_mg.run_kin.4asd_GLU01A0917_002
2025-08-29 00:20:04 - INFO: pdbio_gr, pbe: ForkPoolWorker-1: Calling delphi to calculate conformer GLU01A0917_003 in /tmp/pbe_data.data.home.granepura.5-kinases.cof_tpl_mg.run_kin.4asd_GLU01A0917_003
2025-08-29 00:20:06 - INFO: pdbio_gr, pbe: ForkPoolWorker-1: Calling delphi to calculate conformer GLU01A0917_004 in /tmp/pbe_data.data.home.granepura.5-kinases.cof_tpl_mg.run_kin.4asd_GLU01A0917_004
2025-08-29 00:20:09 - INFO: pdbio_gr, pbe: ForkPoolWorker-1: Calling delphi to calculate conformer GLU02A0917_005 in /tmp/pbe_data.data.home.granepura.5-kinases.cof_tpl_mg.run_kin.4asd_GLU02A0917_005
2025-08-29 00:20:12 - INFO: pdbio_gr, pbe: ForkPoolWorker-1: Calling delphi to calculate conformer GLU02A0917_006 in /tmp/pbe_data.data.home.granepura.5-kinases.cof_tpl_mg.run_kin.4asd_GLU02A0917_006
2025-08-29 00:20:15 - INFO: pdbio_gr, pbe: ForkPoolWorker-1: Calling delphi to calculate conformer GLU02A0917_007 in /tmp/pbe_data.data.home.granepura.5-kinases.cof_tpl_mg.run_kin.4asd_GLU02A0917_007
2025-08-29 00:20:18 - INFO: pdbio_gr, pbe: ForkPoolWorker-1: Calling delphi to calculate conformer GLU02A0917_008 in /tmp/pbe_data.data.home.granepura.5-kinases.cof_tpl_mg.run_kin.4asd_GLU02A0917_008
2025-08-29 00:20:21 - INFO: pdbio_gr, pbe: ForkPoolWorker-1: Calling delphi to calculate conformer GLU-1A0917_009 in /tmp/pbe_data.data.home.granepura.5-kinases.cof_tpl_mg.run_kin.4asd_GLU-1A0917_009
2025-08-29 00:20:24 - INFO: pdbio_gr, pbe: ForkPoolWorker-1: Calling delphi to calculate conformer GLU-1A0917_010 in /tmp/pbe_data.data.home.granepura.5-kinases.cof_tpl_mg.run_kin.4asd_GLU-1A0917_010
2025-08-29 00:20:27 - INFO: pdbio_gr, pbe: Skipping PBE solver for non-charge conformer PHE01A0918_001...
2025-08-29 00:20:27 - INFO: pdbio_gr, pbe: ForkPoolWorker-1: Calling delphi to calculate conformer CYS01A0919_001 in /tmp/pbe_data.data.home.granepura.5-kinases.cof_tpl_mg.run_kin.4asd_CYS01A0919_001
2025-08-29 00:20:30 - INFO: pdbio_gr, pbe: ForkPoolWorker-1: Calling delphi to calculate conformer CYS01A0919_002 in /tmp/pbe_data.data.home.granepura.5-kinases.cof_tpl_mg.run_kin.4asd_CYS01A0919_002
2025-08-29 00:20:33 - INFO: pdbio_gr, pbe: ForkPoolWorker-1: Calling delphi to calculate conformer CYS01A0919_003 in /tmp/pbe_data.data.home.granepura.5-kinases.cof_tpl_mg.run_kin.4asd_CYS01A0919_003
2025-08-29 00:20:35 - INFO: pdbio_gr, pbe: ForkPoolWorker-1: Calling delphi to calculate conformer CYS-1A0919_004 in /tmp/pbe_data.data.home.granepura.5-kinases.cof_tpl_mg.run_kin.4asd_CYS-1A0919_004
2025-08-29 00:20:38 - INFO: pdbio_gr, pbe: ForkPoolWorker-1: Calling delphi to calculate conformer LYS01A0920_001 in /tmp/pbe_data.data.home.granepura.5-kinases.cof_tpl_mg.run_kin.4asd_LYS01A0920_001
2025-08-29 00:20:41 - INFO: pdbio_gr, pbe: ForkPoolWorker-1: Calling delphi to calculate conformer LYS+1A0920_002 in /tmp/pbe_data.data.home.granepura.5-kinases.cof_tpl_mg.run_kin.4asd_LYS+1A0920_002
2025-08-29 00:20:44 - INFO: pdbio_gr, pbe: Skipping PBE solver for non-charge conformer PHE01A0921_001...
2025-08-29 00:20:44 - INFO: pdbio_gr, pbe: ForkPoolWorker-1: Calling delphi to calculate conformer ASN01A0923_001 in /tmp/pbe_data.data.home.granepura.5-kinases.cof_tpl_mg.run_kin.4asd_ASN01A0923_001
2025-08-29 00:20:47 - INFO: pdbio_gr, pbe: ForkPoolWorker-1: Calling delphi to calculate conformer ASN01A0923_002 in /tmp/pbe_data.data.home.granepura.5-kinases.cof_tpl_mg.run_kin.4asd_ASN01A0923_002
2025-08-29 00:20:50 - INFO: pdbio_gr, pbe: Skipping PBE solver for non-charge conformer LEU01A0924_001...
2025-08-29 00:20:50 - INFO: pdbio_gr, pbe: ForkPoolWorker-1: Calling delphi to calculate conformer SER01A0925_001 in /tmp/pbe_data.data.home.granepura.5-kinases.cof_tpl_mg.run_kin.4asd_SER01A0925_001
2025-08-29 00:20:53 - INFO: pdbio_gr, pbe: ForkPoolWorker-1: Calling delphi to calculate conformer SER01A0925_002 in /tmp/pbe_data.data.home.granepura.5-kinases.cof_tpl_mg.run_kin.4asd_SER01A0925_002
2025-08-29 00:20:56 - INFO: pdbio_gr, pbe: ForkPoolWorker-1: Calling delphi to calculate conformer THR01A0926_001 in /tmp/pbe_data.data.home.granepura.5-kinases.cof_tpl_mg.run_kin.4asd_THR01A0926_001
2025-08-29 00:20:59 - INFO: pdbio_gr, pbe: ForkPoolWorker-1: Calling delphi to calculate conformer THR01A0926_002 in /tmp/pbe_data.data.home.granepura.5-kinases.cof_tpl_mg.run_kin.4asd_THR01A0926_002
2025-08-29 00:21:02 - INFO: pdbio_gr, pbe: ForkPoolWorker-1: Calling delphi to calculate conformer THR01A0926_003 in /tmp/pbe_data.data.home.granepura.5-kinases.cof_tpl_mg.run_kin.4asd_THR01A0926_003
2025-08-29 00:21:05 - INFO: pdbio_gr, pbe: ForkPoolWorker-1: Calling delphi to calculate conformer TYR01A0927_001 in /tmp/pbe_data.data.home.granepura.5-kinases.cof_tpl_mg.run_kin.4asd_TYR01A0927_001
2025-08-29 00:21:08 - INFO: pdbio_gr, pbe: ForkPoolWorker-1: Calling delphi to calculate conformer TYR-1A0927_002 in /tmp/pbe_data.data.home.granepura.5-kinases.cof_tpl_mg.run_kin.4asd_TYR-1A0927_002
2025-08-29 00:21:10 - INFO: pdbio_gr, pbe: Skipping PBE solver for non-charge conformer LEU01A0928_001...
2025-08-29 00:21:10 - INFO: pdbio_gr, pbe: ForkPoolWorker-1: Calling delphi to calculate conformer ARG01A0929_001 in /tmp/pbe_data.data.home.granepura.5-kinases.cof_tpl_mg.run_kin.4asd_ARG01A0929_001
2025-08-29 00:21:13 - INFO: pdbio_gr, pbe: ForkPoolWorker-1: Calling delphi to calculate conformer ARG02A0929_002 in /tmp/pbe_data.data.home.granepura.5-kinases.cof_tpl_mg.run_kin.4asd_ARG02A0929_002
2025-08-29 00:21:16 - INFO: pdbio_gr, pbe: ForkPoolWorker-1: Calling delphi to calculate conformer ARG02A0929_003 in /tmp/pbe_data.data.home.granepura.5-kinases.cof_tpl_mg.run_kin.4asd_ARG02A0929_003
2025-08-29 00:21:19 - INFO: pdbio_gr, pbe: ForkPoolWorker-1: Calling delphi to calculate conformer ARG03A0929_004 in /tmp/pbe_data.data.home.granepura.5-kinases.cof_tpl_mg.run_kin.4asd_ARG03A0929_004
2025-08-29 00:21:22 - INFO: pdbio_gr, pbe: ForkPoolWorker-1: Calling delphi to calculate conformer ARG+1A0929_005 in /tmp/pbe_data.data.home.granepura.5-kinases.cof_tpl_mg.run_kin.4asd_ARG+1A0929_005
2025-08-29 00:21:25 - INFO: pdbio_gr, pbe: ForkPoolWorker-1: Calling delphi to calculate conformer SER01A0930_001 in /tmp/pbe_data.data.home.granepura.5-kinases.cof_tpl_mg.run_kin.4asd_SER01A0930_001
2025-08-29 00:21:28 - INFO: pdbio_gr, pbe: ForkPoolWorker-1: Calling delphi to calculate conformer SER01A0930_002 in /tmp/pbe_data.data.home.granepura.5-kinases.cof_tpl_mg.run_kin.4asd_SER01A0930_002
2025-08-29 00:21:31 - INFO: pdbio_gr, pbe: ForkPoolWorker-1: Calling delphi to calculate conformer LYS01A0931_001 in /tmp/pbe_data.data.home.granepura.5-kinases.cof_tpl_mg.run_kin.4asd_LYS01A0931_001
2025-08-29 00:21:34 - INFO: pdbio_gr, pbe: ForkPoolWorker-1: Calling delphi to calculate conformer LYS+1A0931_002 in /tmp/pbe_data.data.home.granepura.5-kinases.cof_tpl_mg.run_kin.4asd_LYS+1A0931_002
2025-08-29 00:21:37 - INFO: pdbio_gr, pbe: ForkPoolWorker-1: Calling delphi to calculate conformer ARG01A0932_001 in /tmp/pbe_data.data.home.granepura.5-kinases.cof_tpl_mg.run_kin.4asd_ARG01A0932_001
2025-08-29 00:21:40 - INFO: pdbio_gr, pbe: ForkPoolWorker-1: Calling delphi to calculate conformer ARG02A0932_002 in /tmp/pbe_data.data.home.granepura.5-kinases.cof_tpl_mg.run_kin.4asd_ARG02A0932_002
2025-08-29 00:21:42 - INFO: pdbio_gr, pbe: ForkPoolWorker-1: Calling delphi to calculate conformer ARG03A0932_003 in /tmp/pbe_data.data.home.granepura.5-kinases.cof_tpl_mg.run_kin.4asd_ARG03A0932_003
2025-08-29 00:21:45 - INFO: pdbio_gr, pbe: ForkPoolWorker-1: Calling delphi to calculate conformer ARG+1A0932_004 in /tmp/pbe_data.data.home.granepura.5-kinases.cof_tpl_mg.run_kin.4asd_ARG+1A0932_004
2025-08-29 00:21:48 - INFO: pdbio_gr, pbe: ForkPoolWorker-1: Calling delphi to calculate conformer ASN01A0933_001 in /tmp/pbe_data.data.home.granepura.5-kinases.cof_tpl_mg.run_kin.4asd_ASN01A0933_001
2025-08-29 00:21:51 - INFO: pdbio_gr, pbe: ForkPoolWorker-1: Calling delphi to calculate conformer ASN01A0933_002 in /tmp/pbe_data.data.home.granepura.5-kinases.cof_tpl_mg.run_kin.4asd_ASN01A0933_002
2025-08-29 00:21:54 - INFO: pdbio_gr, pbe: ForkPoolWorker-1: Calling delphi to calculate conformer GLU01A0934_001 in /tmp/pbe_data.data.home.granepura.5-kinases.cof_tpl_mg.run_kin.4asd_GLU01A0934_001
2025-08-29 00:21:57 - INFO: pdbio_gr, pbe: ForkPoolWorker-1: Calling delphi to calculate conformer GLU01A0934_002 in /tmp/pbe_data.data.home.granepura.5-kinases.cof_tpl_mg.run_kin.4asd_GLU01A0934_002
2025-08-29 00:22:00 - INFO: pdbio_gr, pbe: ForkPoolWorker-1: Calling delphi to calculate conformer GLU02A0934_003 in /tmp/pbe_data.data.home.granepura.5-kinases.cof_tpl_mg.run_kin.4asd_GLU02A0934_003
2025-08-29 00:22:03 - INFO: pdbio_gr, pbe: ForkPoolWorker-1: Calling delphi to calculate conformer GLU02A0934_004 in /tmp/pbe_data.data.home.granepura.5-kinases.cof_tpl_mg.run_kin.4asd_GLU02A0934_004
2025-08-29 00:22:06 - INFO: pdbio_gr, pbe: ForkPoolWorker-1: Calling delphi to calculate conformer GLU-1A0934_005 in /tmp/pbe_data.data.home.granepura.5-kinases.cof_tpl_mg.run_kin.4asd_GLU-1A0934_005
2025-08-29 00:22:09 - INFO: pdbio_gr, pbe: Skipping PBE solver for non-charge conformer PHE01A0935_001...
2025-08-29 00:22:09 - INFO: pdbio_gr, pbe: Skipping PBE solver for non-charge conformer VAL01A0936_001...
2025-08-29 00:22:09 - INFO: pdbio_gr, pbe: Skipping PBE solver for non-charge conformer PRO01A0937_001...
2025-08-29 00:22:09 - INFO: pdbio_gr, pbe: ForkPoolWorker-1: Calling delphi to calculate conformer TYR01A0938_001 in /tmp/pbe_data.data.home.granepura.5-kinases.cof_tpl_mg.run_kin.4asd_TYR01A0938_001
2025-08-29 00:22:12 - INFO: pdbio_gr, pbe: ForkPoolWorker-1: Calling delphi to calculate conformer TYR-1A0938_002 in /tmp/pbe_data.data.home.granepura.5-kinases.cof_tpl_mg.run_kin.4asd_TYR-1A0938_002
2025-08-29 00:22:14 - INFO: pdbio_gr, pbe: ForkPoolWorker-1: Calling delphi to calculate conformer TYR01A0996_001 in /tmp/pbe_data.data.home.granepura.5-kinases.cof_tpl_mg.run_kin.4asd_TYR01A0996_001
2025-08-29 00:22:17 - INFO: pdbio_gr, pbe: ForkPoolWorker-1: Calling delphi to calculate conformer TYR-1A0996_002 in /tmp/pbe_data.data.home.granepura.5-kinases.cof_tpl_mg.run_kin.4asd_TYR-1A0996_002
2025-08-29 00:22:20 - INFO: pdbio_gr, pbe: ForkPoolWorker-1: Calling delphi to calculate conformer LYS01A0997_001 in /tmp/pbe_data.data.home.granepura.5-kinases.cof_tpl_mg.run_kin.4asd_LYS01A0997_001
2025-08-29 00:22:23 - INFO: pdbio_gr, pbe: ForkPoolWorker-1: Calling delphi to calculate conformer LYS+1A0997_002 in /tmp/pbe_data.data.home.granepura.5-kinases.cof_tpl_mg.run_kin.4asd_LYS+1A0997_002
2025-08-29 00:22:26 - INFO: pdbio_gr, pbe: ForkPoolWorker-1: Calling delphi to calculate conformer ASP01A0998_001 in /tmp/pbe_data.data.home.granepura.5-kinases.cof_tpl_mg.run_kin.4asd_ASP01A0998_001
2025-08-29 00:22:29 - INFO: pdbio_gr, pbe: ForkPoolWorker-1: Calling delphi to calculate conformer ASP01A0998_002 in /tmp/pbe_data.data.home.granepura.5-kinases.cof_tpl_mg.run_kin.4asd_ASP01A0998_002
2025-08-29 00:22:32 - INFO: pdbio_gr, pbe: ForkPoolWorker-1: Calling delphi to calculate conformer ASP02A0998_003 in /tmp/pbe_data.data.home.granepura.5-kinases.cof_tpl_mg.run_kin.4asd_ASP02A0998_003
2025-08-29 00:22:34 - INFO: pdbio_gr, pbe: ForkPoolWorker-1: Calling delphi to calculate conformer ASP02A0998_004 in /tmp/pbe_data.data.home.granepura.5-kinases.cof_tpl_mg.run_kin.4asd_ASP02A0998_004
2025-08-29 00:22:37 - INFO: pdbio_gr, pbe: ForkPoolWorker-1: Calling delphi to calculate conformer ASP-1A0998_005 in /tmp/pbe_data.data.home.granepura.5-kinases.cof_tpl_mg.run_kin.4asd_ASP-1A0998_005
2025-08-29 00:22:40 - INFO: pdbio_gr, pbe: Skipping PBE solver for non-charge conformer PHE01A0999_001...
2025-08-29 00:22:40 - INFO: pdbio_gr, pbe: Skipping PBE solver for non-charge conformer LEU01A1000_001...
2025-08-29 00:22:40 - INFO: pdbio_gr, pbe: ForkPoolWorker-1: Calling delphi to calculate conformer THR01A1001_001 in /tmp/pbe_data.data.home.granepura.5-kinases.cof_tpl_mg.run_kin.4asd_THR01A1001_001
2025-08-29 00:22:43 - INFO: pdbio_gr, pbe: ForkPoolWorker-1: Calling delphi to calculate conformer THR01A1001_002 in /tmp/pbe_data.data.home.granepura.5-kinases.cof_tpl_mg.run_kin.4asd_THR01A1001_002
2025-08-29 00:22:46 - INFO: pdbio_gr, pbe: Skipping PBE solver for non-charge conformer LEU01A1002_001...
2025-08-29 00:22:46 - INFO: pdbio_gr, pbe: ForkPoolWorker-1: Calling delphi to calculate conformer GLU01A1003_001 in /tmp/pbe_data.data.home.granepura.5-kinases.cof_tpl_mg.run_kin.4asd_GLU01A1003_001
2025-08-29 00:22:49 - INFO: pdbio_gr, pbe: ForkPoolWorker-1: Calling delphi to calculate conformer GLU01A1003_002 in /tmp/pbe_data.data.home.granepura.5-kinases.cof_tpl_mg.run_kin.4asd_GLU01A1003_002
2025-08-29 00:22:52 - INFO: pdbio_gr, pbe: ForkPoolWorker-1: Calling delphi to calculate conformer GLU02A1003_003 in /tmp/pbe_data.data.home.granepura.5-kinases.cof_tpl_mg.run_kin.4asd_GLU02A1003_003
2025-08-29 00:22:55 - INFO: pdbio_gr, pbe: ForkPoolWorker-1: Calling delphi to calculate conformer GLU02A1003_004 in /tmp/pbe_data.data.home.granepura.5-kinases.cof_tpl_mg.run_kin.4asd_GLU02A1003_004
2025-08-29 00:22:57 - INFO: pdbio_gr, pbe: ForkPoolWorker-1: Calling delphi to calculate conformer GLU-1A1003_005 in /tmp/pbe_data.data.home.granepura.5-kinases.cof_tpl_mg.run_kin.4asd_GLU-1A1003_005
2025-08-29 00:23:00 - INFO: pdbio_gr, pbe: ForkPoolWorker-1: Calling delphi to calculate conformer HIS01A1004_001 in /tmp/pbe_data.data.home.granepura.5-kinases.cof_tpl_mg.run_kin.4asd_HIS01A1004_001
2025-08-29 00:23:03 - INFO: pdbio_gr, pbe: ForkPoolWorker-1: Calling delphi to calculate conformer HIS02A1004_002 in /tmp/pbe_data.data.home.granepura.5-kinases.cof_tpl_mg.run_kin.4asd_HIS02A1004_002
2025-08-29 00:23:06 - INFO: pdbio_gr, pbe: ForkPoolWorker-1: Calling delphi to calculate conformer HIS+1A1004_003 in /tmp/pbe_data.data.home.granepura.5-kinases.cof_tpl_mg.run_kin.4asd_HIS+1A1004_003
2025-08-29 00:23:09 - INFO: pdbio_gr, pbe: Skipping PBE solver for non-charge conformer LEU01A1005_001...
2025-08-29 00:23:09 - INFO: pdbio_gr, pbe: Skipping PBE solver for non-charge conformer ILE01A1006_001...
2025-08-29 00:23:09 - INFO: pdbio_gr, pbe: ForkPoolWorker-1: Calling delphi to calculate conformer CYS01A1007_001 in /tmp/pbe_data.data.home.granepura.5-kinases.cof_tpl_mg.run_kin.4asd_CYS01A1007_001
2025-08-29 00:23:12 - INFO: pdbio_gr, pbe: ForkPoolWorker-1: Calling delphi to calculate conformer CYS01A1007_002 in /tmp/pbe_data.data.home.granepura.5-kinases.cof_tpl_mg.run_kin.4asd_CYS01A1007_002
2025-08-29 00:23:15 - INFO: pdbio_gr, pbe: ForkPoolWorker-1: Calling delphi to calculate conformer CYS01A1007_003 in /tmp/pbe_data.data.home.granepura.5-kinases.cof_tpl_mg.run_kin.4asd_CYS01A1007_003
2025-08-29 00:23:18 - INFO: pdbio_gr, pbe: ForkPoolWorker-1: Calling delphi to calculate conformer CYS-1A1007_004 in /tmp/pbe_data.data.home.granepura.5-kinases.cof_tpl_mg.run_kin.4asd_CYS-1A1007_004
2025-08-29 00:23:21 - INFO: pdbio_gr, pbe: ForkPoolWorker-1: Calling delphi to calculate conformer TYR01A1008_001 in /tmp/pbe_data.data.home.granepura.5-kinases.cof_tpl_mg.run_kin.4asd_TYR01A1008_001
2025-08-29 00:23:23 - INFO: pdbio_gr, pbe: ForkPoolWorker-1: Calling delphi to calculate conformer TYR01A1008_002 in /tmp/pbe_data.data.home.granepura.5-kinases.cof_tpl_mg.run_kin.4asd_TYR01A1008_002
2025-08-29 00:23:26 - INFO: pdbio_gr, pbe: ForkPoolWorker-1: Calling delphi to calculate conformer TYR01A1008_003 in /tmp/pbe_data.data.home.granepura.5-kinases.cof_tpl_mg.run_kin.4asd_TYR01A1008_003
2025-08-29 00:23:29 - INFO: pdbio_gr, pbe: ForkPoolWorker-1: Calling delphi to calculate conformer TYR01A1008_004 in /tmp/pbe_data.data.home.granepura.5-kinases.cof_tpl_mg.run_kin.4asd_TYR01A1008_004
2025-08-29 00:23:32 - INFO: pdbio_gr, pbe: ForkPoolWorker-1: Calling delphi to calculate conformer TYR-1A1008_005 in /tmp/pbe_data.data.home.granepura.5-kinases.cof_tpl_mg.run_kin.4asd_TYR-1A1008_005
2025-08-29 00:23:35 - INFO: pdbio_gr, pbe: ForkPoolWorker-1: Calling delphi to calculate conformer TYR-1A1008_006 in /tmp/pbe_data.data.home.granepura.5-kinases.cof_tpl_mg.run_kin.4asd_TYR-1A1008_006
2025-08-29 00:23:38 - INFO: pdbio_gr, pbe: ForkPoolWorker-1: Calling delphi to calculate conformer SER01A1009_001 in /tmp/pbe_data.data.home.granepura.5-kinases.cof_tpl_mg.run_kin.4asd_SER01A1009_001
2025-08-29 00:23:41 - INFO: pdbio_gr, pbe: ForkPoolWorker-1: Calling delphi to calculate conformer SER01A1009_002 in /tmp/pbe_data.data.home.granepura.5-kinases.cof_tpl_mg.run_kin.4asd_SER01A1009_002
2025-08-29 00:23:44 - INFO: pdbio_gr, pbe: Skipping PBE solver for non-charge conformer PHE01A1010_001...
2025-08-29 00:23:44 - INFO: pdbio_gr, pbe: ForkPoolWorker-1: Calling delphi to calculate conformer GLN01A1011_001 in /tmp/pbe_data.data.home.granepura.5-kinases.cof_tpl_mg.run_kin.4asd_GLN01A1011_001
2025-08-29 00:23:47 - INFO: pdbio_gr, pbe: ForkPoolWorker-1: Calling delphi to calculate conformer GLN01A1011_002 in /tmp/pbe_data.data.home.granepura.5-kinases.cof_tpl_mg.run_kin.4asd_GLN01A1011_002
2025-08-29 00:23:50 - INFO: pdbio_gr, pbe: ForkPoolWorker-1: Calling delphi to calculate conformer GLN01A1011_003 in /tmp/pbe_data.data.home.granepura.5-kinases.cof_tpl_mg.run_kin.4asd_GLN01A1011_003
2025-08-29 00:23:53 - INFO: pdbio_gr, pbe: ForkPoolWorker-1: Calling delphi to calculate conformer GLN01A1011_004 in /tmp/pbe_data.data.home.granepura.5-kinases.cof_tpl_mg.run_kin.4asd_GLN01A1011_004
2025-08-29 00:23:56 - INFO: pdbio_gr, pbe: Skipping PBE solver for non-charge conformer VAL01A1012_001...
2025-08-29 00:23:56 - INFO: pdbio_gr, pbe: Skipping PBE solver for non-charge conformer ALA01A1013_001...
2025-08-29 00:23:56 - INFO: pdbio_gr, pbe: ForkPoolWorker-1: Calling delphi to calculate conformer LYS01A1014_001 in /tmp/pbe_data.data.home.granepura.5-kinases.cof_tpl_mg.run_kin.4asd_LYS01A1014_001
2025-08-29 00:23:59 - INFO: pdbio_gr, pbe: ForkPoolWorker-1: Calling delphi to calculate conformer LYS+1A1014_002 in /tmp/pbe_data.data.home.granepura.5-kinases.cof_tpl_mg.run_kin.4asd_LYS+1A1014_002
2025-08-29 00:24:01 - INFO: pdbio_gr, pbe: ForkPoolWorker-1: Calling delphi to calculate conformer MET01A1016_001 in /tmp/pbe_data.data.home.granepura.5-kinases.cof_tpl_mg.run_kin.4asd_MET01A1016_001
2025-08-29 00:24:04 - INFO: pdbio_gr, pbe: ForkPoolWorker-1: Calling delphi to calculate conformer GLU01A1017_001 in /tmp/pbe_data.data.home.granepura.5-kinases.cof_tpl_mg.run_kin.4asd_GLU01A1017_001
2025-08-29 00:24:07 - INFO: pdbio_gr, pbe: ForkPoolWorker-1: Calling delphi to calculate conformer GLU01A1017_002 in /tmp/pbe_data.data.home.granepura.5-kinases.cof_tpl_mg.run_kin.4asd_GLU01A1017_002
2025-08-29 00:24:10 - INFO: pdbio_gr, pbe: ForkPoolWorker-1: Calling delphi to calculate conformer GLU02A1017_003 in /tmp/pbe_data.data.home.granepura.5-kinases.cof_tpl_mg.run_kin.4asd_GLU02A1017_003
2025-08-29 00:24:13 - INFO: pdbio_gr, pbe: ForkPoolWorker-1: Calling delphi to calculate conformer GLU02A1017_004 in /tmp/pbe_data.data.home.granepura.5-kinases.cof_tpl_mg.run_kin.4asd_GLU02A1017_004
2025-08-29 00:24:16 - INFO: pdbio_gr, pbe: ForkPoolWorker-1: Calling delphi to calculate conformer GLU-1A1017_005 in /tmp/pbe_data.data.home.granepura.5-kinases.cof_tpl_mg.run_kin.4asd_GLU-1A1017_005
2025-08-29 00:24:19 - INFO: pdbio_gr, pbe: Skipping PBE solver for non-charge conformer PHE01A1018_001...
2025-08-29 00:24:19 - INFO: pdbio_gr, pbe: Skipping PBE solver for non-charge conformer LEU01A1019_001...
2025-08-29 00:24:19 - INFO: pdbio_gr, pbe: Skipping PBE solver for non-charge conformer ALA01A1020_001...
2025-08-29 00:24:19 - INFO: pdbio_gr, pbe: ForkPoolWorker-1: Calling delphi to calculate conformer SER01A1021_001 in /tmp/pbe_data.data.home.granepura.5-kinases.cof_tpl_mg.run_kin.4asd_SER01A1021_001
2025-08-29 00:24:22 - INFO: pdbio_gr, pbe: ForkPoolWorker-1: Calling delphi to calculate conformer SER01A1021_002 in /tmp/pbe_data.data.home.granepura.5-kinases.cof_tpl_mg.run_kin.4asd_SER01A1021_002
2025-08-29 00:24:25 - INFO: pdbio_gr, pbe: ForkPoolWorker-1: Calling delphi to calculate conformer SER01A1021_003 in /tmp/pbe_data.data.home.granepura.5-kinases.cof_tpl_mg.run_kin.4asd_SER01A1021_003
2025-08-29 00:24:28 - INFO: pdbio_gr, pbe: ForkPoolWorker-1: Calling delphi to calculate conformer ARG01A1022_001 in /tmp/pbe_data.data.home.granepura.5-kinases.cof_tpl_mg.run_kin.4asd_ARG01A1022_001
2025-08-29 00:24:30 - INFO: pdbio_gr, pbe: ForkPoolWorker-1: Calling delphi to calculate conformer ARG02A1022_002 in /tmp/pbe_data.data.home.granepura.5-kinases.cof_tpl_mg.run_kin.4asd_ARG02A1022_002
2025-08-29 00:24:33 - INFO: pdbio_gr, pbe: ForkPoolWorker-1: Calling delphi to calculate conformer ARG03A1022_003 in /tmp/pbe_data.data.home.granepura.5-kinases.cof_tpl_mg.run_kin.4asd_ARG03A1022_003
2025-08-29 00:24:36 - INFO: pdbio_gr, pbe: ForkPoolWorker-1: Calling delphi to calculate conformer ARG+1A1022_004 in /tmp/pbe_data.data.home.granepura.5-kinases.cof_tpl_mg.run_kin.4asd_ARG+1A1022_004
2025-08-29 00:24:39 - INFO: pdbio_gr, pbe: ForkPoolWorker-1: Calling delphi to calculate conformer LYS01A1023_001 in /tmp/pbe_data.data.home.granepura.5-kinases.cof_tpl_mg.run_kin.4asd_LYS01A1023_001
2025-08-29 00:24:42 - INFO: pdbio_gr, pbe: ForkPoolWorker-1: Calling delphi to calculate conformer LYS+1A1023_002 in /tmp/pbe_data.data.home.granepura.5-kinases.cof_tpl_mg.run_kin.4asd_LYS+1A1023_002
2025-08-29 00:24:45 - INFO: pdbio_gr, pbe: ForkPoolWorker-1: Calling delphi to calculate conformer CYS01A1024_001 in /tmp/pbe_data.data.home.granepura.5-kinases.cof_tpl_mg.run_kin.4asd_CYS01A1024_001
2025-08-29 00:24:48 - INFO: pdbio_gr, pbe: ForkPoolWorker-1: Calling delphi to calculate conformer CYS01A1024_002 in /tmp/pbe_data.data.home.granepura.5-kinases.cof_tpl_mg.run_kin.4asd_CYS01A1024_002
2025-08-29 00:24:51 - INFO: pdbio_gr, pbe: ForkPoolWorker-1: Calling delphi to calculate conformer CYS01A1024_003 in /tmp/pbe_data.data.home.granepura.5-kinases.cof_tpl_mg.run_kin.4asd_CYS01A1024_003
2025-08-29 00:24:54 - INFO: pdbio_gr, pbe: ForkPoolWorker-1: Calling delphi to calculate conformer CYS-1A1024_004 in /tmp/pbe_data.data.home.granepura.5-kinases.cof_tpl_mg.run_kin.4asd_CYS-1A1024_004
2025-08-29 00:24:57 - INFO: pdbio_gr, pbe: Skipping PBE solver for non-charge conformer ILE01A1025_001...
2025-08-29 00:24:57 - INFO: pdbio_gr, pbe: ForkPoolWorker-1: Calling delphi to calculate conformer HIS01A1026_001 in /tmp/pbe_data.data.home.granepura.5-kinases.cof_tpl_mg.run_kin.4asd_HIS01A1026_001
2025-08-29 00:25:00 - INFO: pdbio_gr, pbe: ForkPoolWorker-1: Calling delphi to calculate conformer HIS02A1026_002 in /tmp/pbe_data.data.home.granepura.5-kinases.cof_tpl_mg.run_kin.4asd_HIS02A1026_002
2025-08-29 00:25:03 - INFO: pdbio_gr, pbe: ForkPoolWorker-1: Calling delphi to calculate conformer HIS+1A1026_003 in /tmp/pbe_data.data.home.granepura.5-kinases.cof_tpl_mg.run_kin.4asd_HIS+1A1026_003
2025-08-29 00:25:06 - INFO: pdbio_gr, pbe: ForkPoolWorker-1: Calling delphi to calculate conformer ARG01A1027_001 in /tmp/pbe_data.data.home.granepura.5-kinases.cof_tpl_mg.run_kin.4asd_ARG01A1027_001
2025-08-29 00:25:09 - INFO: pdbio_gr, pbe: ForkPoolWorker-1: Calling delphi to calculate conformer ARG02A1027_002 in /tmp/pbe_data.data.home.granepura.5-kinases.cof_tpl_mg.run_kin.4asd_ARG02A1027_002
2025-08-29 00:25:12 - INFO: pdbio_gr, pbe: ForkPoolWorker-1: Calling delphi to calculate conformer ARG02A1027_003 in /tmp/pbe_data.data.home.granepura.5-kinases.cof_tpl_mg.run_kin.4asd_ARG02A1027_003
2025-08-29 00:25:14 - INFO: pdbio_gr, pbe: ForkPoolWorker-1: Calling delphi to calculate conformer ARG03A1027_004 in /tmp/pbe_data.data.home.granepura.5-kinases.cof_tpl_mg.run_kin.4asd_ARG03A1027_004
2025-08-29 00:25:17 - INFO: pdbio_gr, pbe: ForkPoolWorker-1: Calling delphi to calculate conformer ARG03A1027_005 in /tmp/pbe_data.data.home.granepura.5-kinases.cof_tpl_mg.run_kin.4asd_ARG03A1027_005
2025-08-29 00:25:20 - INFO: pdbio_gr, pbe: ForkPoolWorker-1: Calling delphi to calculate conformer ARG+1A1027_006 in /tmp/pbe_data.data.home.granepura.5-kinases.cof_tpl_mg.run_kin.4asd_ARG+1A1027_006
2025-08-29 00:25:23 - INFO: pdbio_gr, pbe: ForkPoolWorker-1: Calling delphi to calculate conformer ASP01A1028_001 in /tmp/pbe_data.data.home.granepura.5-kinases.cof_tpl_mg.run_kin.4asd_ASP01A1028_001
2025-08-29 00:25:26 - INFO: pdbio_gr, pbe: ForkPoolWorker-1: Calling delphi to calculate conformer ASP01A1028_002 in /tmp/pbe_data.data.home.granepura.5-kinases.cof_tpl_mg.run_kin.4asd_ASP01A1028_002
2025-08-29 00:25:29 - INFO: pdbio_gr, pbe: ForkPoolWorker-1: Calling delphi to calculate conformer ASP01A1028_003 in /tmp/pbe_data.data.home.granepura.5-kinases.cof_tpl_mg.run_kin.4asd_ASP01A1028_003
2025-08-29 00:25:32 - INFO: pdbio_gr, pbe: ForkPoolWorker-1: Calling delphi to calculate conformer ASP01A1028_004 in /tmp/pbe_data.data.home.granepura.5-kinases.cof_tpl_mg.run_kin.4asd_ASP01A1028_004
2025-08-29 00:25:35 - INFO: pdbio_gr, pbe: ForkPoolWorker-1: Calling delphi to calculate conformer ASP02A1028_005 in /tmp/pbe_data.data.home.granepura.5-kinases.cof_tpl_mg.run_kin.4asd_ASP02A1028_005
2025-08-29 00:25:38 - INFO: pdbio_gr, pbe: ForkPoolWorker-1: Calling delphi to calculate conformer ASP02A1028_006 in /tmp/pbe_data.data.home.granepura.5-kinases.cof_tpl_mg.run_kin.4asd_ASP02A1028_006
2025-08-29 00:25:41 - INFO: pdbio_gr, pbe: ForkPoolWorker-1: Calling delphi to calculate conformer ASP02A1028_007 in /tmp/pbe_data.data.home.granepura.5-kinases.cof_tpl_mg.run_kin.4asd_ASP02A1028_007
2025-08-29 00:25:44 - INFO: pdbio_gr, pbe: ForkPoolWorker-1: Calling delphi to calculate conformer ASP02A1028_008 in /tmp/pbe_data.data.home.granepura.5-kinases.cof_tpl_mg.run_kin.4asd_ASP02A1028_008
2025-08-29 00:25:47 - INFO: pdbio_gr, pbe: ForkPoolWorker-1: Calling delphi to calculate conformer ASP-1A1028_009 in /tmp/pbe_data.data.home.granepura.5-kinases.cof_tpl_mg.run_kin.4asd_ASP-1A1028_009
2025-08-29 00:25:50 - INFO: pdbio_gr, pbe: ForkPoolWorker-1: Calling delphi to calculate conformer ASP-1A1028_010 in /tmp/pbe_data.data.home.granepura.5-kinases.cof_tpl_mg.run_kin.4asd_ASP-1A1028_010
2025-08-29 00:25:53 - INFO: pdbio_gr, pbe: Skipping PBE solver for non-charge conformer LEU01A1029_001...
2025-08-29 00:25:53 - INFO: pdbio_gr, pbe: Skipping PBE solver for non-charge conformer ALA01A1030_001...
2025-08-29 00:25:53 - INFO: pdbio_gr, pbe: Skipping PBE solver for non-charge conformer ALA01A1031_001...
2025-08-29 00:25:53 - INFO: pdbio_gr, pbe: ForkPoolWorker-1: Calling delphi to calculate conformer ARG01A1032_001 in /tmp/pbe_data.data.home.granepura.5-kinases.cof_tpl_mg.run_kin.4asd_ARG01A1032_001
2025-08-29 00:25:56 - INFO: pdbio_gr, pbe: ForkPoolWorker-1: Calling delphi to calculate conformer ARG02A1032_002 in /tmp/pbe_data.data.home.granepura.5-kinases.cof_tpl_mg.run_kin.4asd_ARG02A1032_002
2025-08-29 00:25:59 - INFO: pdbio_gr, pbe: ForkPoolWorker-1: Calling delphi to calculate conformer ARG02A1032_003 in /tmp/pbe_data.data.home.granepura.5-kinases.cof_tpl_mg.run_kin.4asd_ARG02A1032_003
2025-08-29 00:26:02 - INFO: pdbio_gr, pbe: ForkPoolWorker-1: Calling delphi to calculate conformer ARG03A1032_004 in /tmp/pbe_data.data.home.granepura.5-kinases.cof_tpl_mg.run_kin.4asd_ARG03A1032_004
2025-08-29 00:26:05 - INFO: pdbio_gr, pbe: ForkPoolWorker-1: Calling delphi to calculate conformer ARG03A1032_005 in /tmp/pbe_data.data.home.granepura.5-kinases.cof_tpl_mg.run_kin.4asd_ARG03A1032_005
2025-08-29 00:26:08 - INFO: pdbio_gr, pbe: ForkPoolWorker-1: Calling delphi to calculate conformer ARG+1A1032_006 in /tmp/pbe_data.data.home.granepura.5-kinases.cof_tpl_mg.run_kin.4asd_ARG+1A1032_006
2025-08-29 00:26:11 - INFO: pdbio_gr, pbe: ForkPoolWorker-1: Calling delphi to calculate conformer ASN01A1033_001 in /tmp/pbe_data.data.home.granepura.5-kinases.cof_tpl_mg.run_kin.4asd_ASN01A1033_001
2025-08-29 00:26:14 - INFO: pdbio_gr, pbe: ForkPoolWorker-1: Calling delphi to calculate conformer ASN01A1033_002 in /tmp/pbe_data.data.home.granepura.5-kinases.cof_tpl_mg.run_kin.4asd_ASN01A1033_002
2025-08-29 00:26:17 - INFO: pdbio_gr, pbe: ForkPoolWorker-1: Calling delphi to calculate conformer ASN01A1033_003 in /tmp/pbe_data.data.home.granepura.5-kinases.cof_tpl_mg.run_kin.4asd_ASN01A1033_003
2025-08-29 00:26:20 - INFO: pdbio_gr, pbe: Skipping PBE solver for non-charge conformer ILE01A1034_001...
2025-08-29 00:26:20 - INFO: pdbio_gr, pbe: Skipping PBE solver for non-charge conformer LEU01A1035_001...
2025-08-29 00:26:20 - INFO: pdbio_gr, pbe: Skipping PBE solver for non-charge conformer LEU01A1036_001...
2025-08-29 00:26:20 - INFO: pdbio_gr, pbe: ForkPoolWorker-1: Calling delphi to calculate conformer SER01A1037_001 in /tmp/pbe_data.data.home.granepura.5-kinases.cof_tpl_mg.run_kin.4asd_SER01A1037_001
2025-08-29 00:26:23 - INFO: pdbio_gr, pbe: ForkPoolWorker-1: Calling delphi to calculate conformer SER01A1037_002 in /tmp/pbe_data.data.home.granepura.5-kinases.cof_tpl_mg.run_kin.4asd_SER01A1037_002
2025-08-29 00:26:25 - INFO: pdbio_gr, pbe: ForkPoolWorker-1: Calling delphi to calculate conformer SER01A1037_003 in /tmp/pbe_data.data.home.granepura.5-kinases.cof_tpl_mg.run_kin.4asd_SER01A1037_003
2025-08-29 00:26:28 - INFO: pdbio_gr, pbe: ForkPoolWorker-1: Calling delphi to calculate conformer GLU01A1038_001 in /tmp/pbe_data.data.home.granepura.5-kinases.cof_tpl_mg.run_kin.4asd_GLU01A1038_001
2025-08-29 00:26:31 - INFO: pdbio_gr, pbe: ForkPoolWorker-1: Calling delphi to calculate conformer GLU01A1038_002 in /tmp/pbe_data.data.home.granepura.5-kinases.cof_tpl_mg.run_kin.4asd_GLU01A1038_002
2025-08-29 00:26:34 - INFO: pdbio_gr, pbe: ForkPoolWorker-1: Calling delphi to calculate conformer GLU02A1038_003 in /tmp/pbe_data.data.home.granepura.5-kinases.cof_tpl_mg.run_kin.4asd_GLU02A1038_003
2025-08-29 00:26:37 - INFO: pdbio_gr, pbe: ForkPoolWorker-1: Calling delphi to calculate conformer GLU02A1038_004 in /tmp/pbe_data.data.home.granepura.5-kinases.cof_tpl_mg.run_kin.4asd_GLU02A1038_004
2025-08-29 00:26:40 - INFO: pdbio_gr, pbe: ForkPoolWorker-1: Calling delphi to calculate conformer GLU-1A1038_005 in /tmp/pbe_data.data.home.granepura.5-kinases.cof_tpl_mg.run_kin.4asd_GLU-1A1038_005
2025-08-29 00:26:43 - INFO: pdbio_gr, pbe: ForkPoolWorker-1: Calling delphi to calculate conformer LYS01A1039_001 in /tmp/pbe_data.data.home.granepura.5-kinases.cof_tpl_mg.run_kin.4asd_LYS01A1039_001
2025-08-29 00:26:46 - INFO: pdbio_gr, pbe: ForkPoolWorker-1: Calling delphi to calculate conformer LYS+1A1039_002 in /tmp/pbe_data.data.home.granepura.5-kinases.cof_tpl_mg.run_kin.4asd_LYS+1A1039_002
2025-08-29 00:26:48 - INFO: pdbio_gr, pbe: ForkPoolWorker-1: Calling delphi to calculate conformer ASN01A1040_001 in /tmp/pbe_data.data.home.granepura.5-kinases.cof_tpl_mg.run_kin.4asd_ASN01A1040_001
2025-08-29 00:26:51 - INFO: pdbio_gr, pbe: ForkPoolWorker-1: Calling delphi to calculate conformer ASN01A1040_002 in /tmp/pbe_data.data.home.granepura.5-kinases.cof_tpl_mg.run_kin.4asd_ASN01A1040_002
2025-08-29 00:26:54 - INFO: pdbio_gr, pbe: Skipping PBE solver for non-charge conformer VAL01A1041_001...
2025-08-29 00:26:54 - INFO: pdbio_gr, pbe: Skipping PBE solver for non-charge conformer VAL01A1042_001...
2025-08-29 00:26:54 - INFO: pdbio_gr, pbe: ForkPoolWorker-1: Calling delphi to calculate conformer LYS01A1043_001 in /tmp/pbe_data.data.home.granepura.5-kinases.cof_tpl_mg.run_kin.4asd_LYS01A1043_001
2025-08-29 00:26:57 - INFO: pdbio_gr, pbe: ForkPoolWorker-1: Calling delphi to calculate conformer LYS+1A1043_002 in /tmp/pbe_data.data.home.granepura.5-kinases.cof_tpl_mg.run_kin.4asd_LYS+1A1043_002
2025-08-29 00:27:00 - INFO: pdbio_gr, pbe: Skipping PBE solver for non-charge conformer ILE01A1044_001...
2025-08-29 00:27:00 - INFO: pdbio_gr, pbe: ForkPoolWorker-1: Calling delphi to calculate conformer CYS01A1045_001 in /tmp/pbe_data.data.home.granepura.5-kinases.cof_tpl_mg.run_kin.4asd_CYS01A1045_001
2025-08-29 00:27:03 - INFO: pdbio_gr, pbe: ForkPoolWorker-1: Calling delphi to calculate conformer CYS01A1045_002 in /tmp/pbe_data.data.home.granepura.5-kinases.cof_tpl_mg.run_kin.4asd_CYS01A1045_002
2025-08-29 00:27:06 - INFO: pdbio_gr, pbe: ForkPoolWorker-1: Calling delphi to calculate conformer CYS01A1045_003 in /tmp/pbe_data.data.home.granepura.5-kinases.cof_tpl_mg.run_kin.4asd_CYS01A1045_003
2025-08-29 00:27:09 - INFO: pdbio_gr, pbe: ForkPoolWorker-1: Calling delphi to calculate conformer CYS-1A1045_004 in /tmp/pbe_data.data.home.granepura.5-kinases.cof_tpl_mg.run_kin.4asd_CYS-1A1045_004
2025-08-29 00:27:12 - INFO: pdbio_gr, pbe: ForkPoolWorker-1: Calling delphi to calculate conformer ASP01A1046_001 in /tmp/pbe_data.data.home.granepura.5-kinases.cof_tpl_mg.run_kin.4asd_ASP01A1046_001
2025-08-29 00:27:15 - INFO: pdbio_gr, pbe: ForkPoolWorker-1: Calling delphi to calculate conformer ASP01A1046_002 in /tmp/pbe_data.data.home.granepura.5-kinases.cof_tpl_mg.run_kin.4asd_ASP01A1046_002
2025-08-29 00:27:18 - INFO: pdbio_gr, pbe: ForkPoolWorker-1: Calling delphi to calculate conformer ASP02A1046_003 in /tmp/pbe_data.data.home.granepura.5-kinases.cof_tpl_mg.run_kin.4asd_ASP02A1046_003
2025-08-29 00:27:21 - INFO: pdbio_gr, pbe: ForkPoolWorker-1: Calling delphi to calculate conformer ASP02A1046_004 in /tmp/pbe_data.data.home.granepura.5-kinases.cof_tpl_mg.run_kin.4asd_ASP02A1046_004
2025-08-29 00:27:24 - INFO: pdbio_gr, pbe: ForkPoolWorker-1: Calling delphi to calculate conformer ASP-1A1046_005 in /tmp/pbe_data.data.home.granepura.5-kinases.cof_tpl_mg.run_kin.4asd_ASP-1A1046_005
2025-08-29 00:27:27 - INFO: pdbio_gr, pbe: Skipping PBE solver for non-charge conformer PHE01A1047_001...
2025-08-29 00:27:27 - INFO: pdbio_gr, pbe: Skipping PBE solver for non-charge conformer LEU01A1049_001...
2025-08-29 00:27:27 - INFO: pdbio_gr, pbe: Skipping PBE solver for non-charge conformer ALA01A1050_001...
2025-08-29 00:27:27 - INFO: pdbio_gr, pbe: ForkPoolWorker-1: Calling delphi to calculate conformer ARG01A1051_001 in /tmp/pbe_data.data.home.granepura.5-kinases.cof_tpl_mg.run_kin.4asd_ARG01A1051_001
2025-08-29 00:27:30 - INFO: pdbio_gr, pbe: ForkPoolWorker-1: Calling delphi to calculate conformer ARG02A1051_002 in /tmp/pbe_data.data.home.granepura.5-kinases.cof_tpl_mg.run_kin.4asd_ARG02A1051_002
2025-08-29 00:27:33 - INFO: pdbio_gr, pbe: ForkPoolWorker-1: Calling delphi to calculate conformer ARG02A1051_003 in /tmp/pbe_data.data.home.granepura.5-kinases.cof_tpl_mg.run_kin.4asd_ARG02A1051_003
2025-08-29 00:27:36 - INFO: pdbio_gr, pbe: ForkPoolWorker-1: Calling delphi to calculate conformer ARG03A1051_004 in /tmp/pbe_data.data.home.granepura.5-kinases.cof_tpl_mg.run_kin.4asd_ARG03A1051_004
2025-08-29 00:27:39 - INFO: pdbio_gr, pbe: ForkPoolWorker-1: Calling delphi to calculate conformer ARG03A1051_005 in /tmp/pbe_data.data.home.granepura.5-kinases.cof_tpl_mg.run_kin.4asd_ARG03A1051_005
2025-08-29 00:27:42 - INFO: pdbio_gr, pbe: ForkPoolWorker-1: Calling delphi to calculate conformer ARG+1A1051_006 in /tmp/pbe_data.data.home.granepura.5-kinases.cof_tpl_mg.run_kin.4asd_ARG+1A1051_006
2025-08-29 00:27:44 - INFO: pdbio_gr, pbe: ForkPoolWorker-1: Calling delphi to calculate conformer ASP01A1052_001 in /tmp/pbe_data.data.home.granepura.5-kinases.cof_tpl_mg.run_kin.4asd_ASP01A1052_001
2025-08-29 00:27:47 - INFO: pdbio_gr, pbe: ForkPoolWorker-1: Calling delphi to calculate conformer ASP01A1052_002 in /tmp/pbe_data.data.home.granepura.5-kinases.cof_tpl_mg.run_kin.4asd_ASP01A1052_002
2025-08-29 00:27:50 - INFO: pdbio_gr, pbe: ForkPoolWorker-1: Calling delphi to calculate conformer ASP02A1052_003 in /tmp/pbe_data.data.home.granepura.5-kinases.cof_tpl_mg.run_kin.4asd_ASP02A1052_003
2025-08-29 00:27:53 - INFO: pdbio_gr, pbe: ForkPoolWorker-1: Calling delphi to calculate conformer ASP02A1052_004 in /tmp/pbe_data.data.home.granepura.5-kinases.cof_tpl_mg.run_kin.4asd_ASP02A1052_004
2025-08-29 00:27:56 - INFO: pdbio_gr, pbe: ForkPoolWorker-1: Calling delphi to calculate conformer ASP-1A1052_005 in /tmp/pbe_data.data.home.granepura.5-kinases.cof_tpl_mg.run_kin.4asd_ASP-1A1052_005
2025-08-29 00:27:59 - INFO: pdbio_gr, pbe: Skipping PBE solver for non-charge conformer ILE01A1053_001...
2025-08-29 00:27:59 - INFO: pdbio_gr, pbe: ForkPoolWorker-1: Calling delphi to calculate conformer TYR01A1054_001 in /tmp/pbe_data.data.home.granepura.5-kinases.cof_tpl_mg.run_kin.4asd_TYR01A1054_001
2025-08-29 00:28:02 - INFO: pdbio_gr, pbe: ForkPoolWorker-1: Calling delphi to calculate conformer TYR-1A1054_002 in /tmp/pbe_data.data.home.granepura.5-kinases.cof_tpl_mg.run_kin.4asd_TYR-1A1054_002
2025-08-29 00:28:05 - INFO: pdbio_gr, pbe: ForkPoolWorker-1: Calling delphi to calculate conformer LYS01A1055_001 in /tmp/pbe_data.data.home.granepura.5-kinases.cof_tpl_mg.run_kin.4asd_LYS01A1055_001
2025-08-29 00:28:07 - INFO: pdbio_gr, pbe: ForkPoolWorker-1: Calling delphi to calculate conformer LYS+1A1055_002 in /tmp/pbe_data.data.home.granepura.5-kinases.cof_tpl_mg.run_kin.4asd_LYS+1A1055_002
2025-08-29 00:28:10 - INFO: pdbio_gr, pbe: ForkPoolWorker-1: Calling delphi to calculate conformer ASP01A1056_001 in /tmp/pbe_data.data.home.granepura.5-kinases.cof_tpl_mg.run_kin.4asd_ASP01A1056_001
2025-08-29 00:28:13 - INFO: pdbio_gr, pbe: ForkPoolWorker-1: Calling delphi to calculate conformer ASP01A1056_002 in /tmp/pbe_data.data.home.granepura.5-kinases.cof_tpl_mg.run_kin.4asd_ASP01A1056_002
2025-08-29 00:28:16 - INFO: pdbio_gr, pbe: ForkPoolWorker-1: Calling delphi to calculate conformer ASP02A1056_003 in /tmp/pbe_data.data.home.granepura.5-kinases.cof_tpl_mg.run_kin.4asd_ASP02A1056_003
2025-08-29 00:28:19 - INFO: pdbio_gr, pbe: ForkPoolWorker-1: Calling delphi to calculate conformer ASP02A1056_004 in /tmp/pbe_data.data.home.granepura.5-kinases.cof_tpl_mg.run_kin.4asd_ASP02A1056_004
2025-08-29 00:28:22 - INFO: pdbio_gr, pbe: ForkPoolWorker-1: Calling delphi to calculate conformer ASP-1A1056_005 in /tmp/pbe_data.data.home.granepura.5-kinases.cof_tpl_mg.run_kin.4asd_ASP-1A1056_005
2025-08-29 00:28:25 - INFO: pdbio_gr, pbe: Skipping PBE solver for non-charge conformer PRO01A1057_001...
2025-08-29 00:28:25 - INFO: pdbio_gr, pbe: ForkPoolWorker-1: Calling delphi to calculate conformer ASP01A1058_001 in /tmp/pbe_data.data.home.granepura.5-kinases.cof_tpl_mg.run_kin.4asd_ASP01A1058_001
2025-08-29 00:28:28 - INFO: pdbio_gr, pbe: ForkPoolWorker-1: Calling delphi to calculate conformer ASP01A1058_002 in /tmp/pbe_data.data.home.granepura.5-kinases.cof_tpl_mg.run_kin.4asd_ASP01A1058_002
2025-08-29 00:28:31 - INFO: pdbio_gr, pbe: ForkPoolWorker-1: Calling delphi to calculate conformer ASP02A1058_003 in /tmp/pbe_data.data.home.granepura.5-kinases.cof_tpl_mg.run_kin.4asd_ASP02A1058_003
2025-08-29 00:28:34 - INFO: pdbio_gr, pbe: ForkPoolWorker-1: Calling delphi to calculate conformer ASP02A1058_004 in /tmp/pbe_data.data.home.granepura.5-kinases.cof_tpl_mg.run_kin.4asd_ASP02A1058_004
2025-08-29 00:28:37 - INFO: pdbio_gr, pbe: ForkPoolWorker-1: Calling delphi to calculate conformer ASP-1A1058_005 in /tmp/pbe_data.data.home.granepura.5-kinases.cof_tpl_mg.run_kin.4asd_ASP-1A1058_005
2025-08-29 00:28:39 - INFO: pdbio_gr, pbe: ForkPoolWorker-1: Calling delphi to calculate conformer TYR01A1059_001 in /tmp/pbe_data.data.home.granepura.5-kinases.cof_tpl_mg.run_kin.4asd_TYR01A1059_001
2025-08-29 00:28:42 - INFO: pdbio_gr, pbe: ForkPoolWorker-1: Calling delphi to calculate conformer TYR01A1059_002 in /tmp/pbe_data.data.home.granepura.5-kinases.cof_tpl_mg.run_kin.4asd_TYR01A1059_002
2025-08-29 00:28:45 - INFO: pdbio_gr, pbe: ForkPoolWorker-1: Calling delphi to calculate conformer TYR-1A1059_003 in /tmp/pbe_data.data.home.granepura.5-kinases.cof_tpl_mg.run_kin.4asd_TYR-1A1059_003
2025-08-29 00:28:48 - INFO: pdbio_gr, pbe: Skipping PBE solver for non-charge conformer VAL01A1060_001...
2025-08-29 00:28:48 - INFO: pdbio_gr, pbe: ForkPoolWorker-1: Calling delphi to calculate conformer ARG01A1061_001 in /tmp/pbe_data.data.home.granepura.5-kinases.cof_tpl_mg.run_kin.4asd_ARG01A1061_001
2025-08-29 00:28:51 - INFO: pdbio_gr, pbe: ForkPoolWorker-1: Calling delphi to calculate conformer ARG02A1061_002 in /tmp/pbe_data.data.home.granepura.5-kinases.cof_tpl_mg.run_kin.4asd_ARG02A1061_002
2025-08-29 00:28:54 - INFO: pdbio_gr, pbe: ForkPoolWorker-1: Calling delphi to calculate conformer ARG03A1061_003 in /tmp/pbe_data.data.home.granepura.5-kinases.cof_tpl_mg.run_kin.4asd_ARG03A1061_003
2025-08-29 00:28:57 - INFO: pdbio_gr, pbe: ForkPoolWorker-1: Calling delphi to calculate conformer ARG+1A1061_004 in /tmp/pbe_data.data.home.granepura.5-kinases.cof_tpl_mg.run_kin.4asd_ARG+1A1061_004
2025-08-29 00:29:00 - INFO: pdbio_gr, pbe: ForkPoolWorker-1: Calling delphi to calculate conformer LYS01A1062_001 in /tmp/pbe_data.data.home.granepura.5-kinases.cof_tpl_mg.run_kin.4asd_LYS01A1062_001
2025-08-29 00:29:03 - INFO: pdbio_gr, pbe: ForkPoolWorker-1: Calling delphi to calculate conformer LYS+1A1062_002 in /tmp/pbe_data.data.home.granepura.5-kinases.cof_tpl_mg.run_kin.4asd_LYS+1A1062_002
2025-08-29 00:29:06 - INFO: pdbio_gr, pbe: ForkPoolWorker-1: Calling delphi to calculate conformer ASP01A1064_001 in /tmp/pbe_data.data.home.granepura.5-kinases.cof_tpl_mg.run_kin.4asd_ASP01A1064_001
2025-08-29 00:29:08 - INFO: pdbio_gr, pbe: ForkPoolWorker-1: Calling delphi to calculate conformer ASP01A1064_002 in /tmp/pbe_data.data.home.granepura.5-kinases.cof_tpl_mg.run_kin.4asd_ASP01A1064_002
2025-08-29 00:29:11 - INFO: pdbio_gr, pbe: ForkPoolWorker-1: Calling delphi to calculate conformer ASP02A1064_003 in /tmp/pbe_data.data.home.granepura.5-kinases.cof_tpl_mg.run_kin.4asd_ASP02A1064_003
2025-08-29 00:29:14 - INFO: pdbio_gr, pbe: ForkPoolWorker-1: Calling delphi to calculate conformer ASP02A1064_004 in /tmp/pbe_data.data.home.granepura.5-kinases.cof_tpl_mg.run_kin.4asd_ASP02A1064_004
2025-08-29 00:29:17 - INFO: pdbio_gr, pbe: ForkPoolWorker-1: Calling delphi to calculate conformer ASP-1A1064_005 in /tmp/pbe_data.data.home.granepura.5-kinases.cof_tpl_mg.run_kin.4asd_ASP-1A1064_005
2025-08-29 00:29:20 - INFO: pdbio_gr, pbe: Skipping PBE solver for non-charge conformer ALA01A1065_001...
2025-08-29 00:29:20 - INFO: pdbio_gr, pbe: ForkPoolWorker-1: Calling delphi to calculate conformer ARG01A1066_001 in /tmp/pbe_data.data.home.granepura.5-kinases.cof_tpl_mg.run_kin.4asd_ARG01A1066_001
2025-08-29 00:29:23 - INFO: pdbio_gr, pbe: ForkPoolWorker-1: Calling delphi to calculate conformer ARG02A1066_002 in /tmp/pbe_data.data.home.granepura.5-kinases.cof_tpl_mg.run_kin.4asd_ARG02A1066_002
2025-08-29 00:29:26 - INFO: pdbio_gr, pbe: ForkPoolWorker-1: Calling delphi to calculate conformer ARG03A1066_003 in /tmp/pbe_data.data.home.granepura.5-kinases.cof_tpl_mg.run_kin.4asd_ARG03A1066_003
2025-08-29 00:29:29 - INFO: pdbio_gr, pbe: ForkPoolWorker-1: Calling delphi to calculate conformer ARG+1A1066_004 in /tmp/pbe_data.data.home.granepura.5-kinases.cof_tpl_mg.run_kin.4asd_ARG+1A1066_004
2025-08-29 00:29:31 - INFO: pdbio_gr, pbe: Skipping PBE solver for non-charge conformer LEU01A1067_001...
2025-08-29 00:29:31 - INFO: pdbio_gr, pbe: Skipping PBE solver for non-charge conformer PRO01A1068_001...
2025-08-29 00:29:31 - INFO: pdbio_gr, pbe: Skipping PBE solver for non-charge conformer LEU01A1069_001...
2025-08-29 00:29:31 - INFO: pdbio_gr, pbe: ForkPoolWorker-1: Calling delphi to calculate conformer LYS01A1070_001 in /tmp/pbe_data.data.home.granepura.5-kinases.cof_tpl_mg.run_kin.4asd_LYS01A1070_001
2025-08-29 00:29:34 - INFO: pdbio_gr, pbe: ForkPoolWorker-1: Calling delphi to calculate conformer LYS+1A1070_002 in /tmp/pbe_data.data.home.granepura.5-kinases.cof_tpl_mg.run_kin.4asd_LYS+1A1070_002
2025-08-29 00:29:37 - INFO: pdbio_gr, pbe: Skipping PBE solver for non-charge conformer TRP01A1071_001...
2025-08-29 00:29:37 - INFO: pdbio_gr, pbe: ForkPoolWorker-1: Calling delphi to calculate conformer MET01A1072_001 in /tmp/pbe_data.data.home.granepura.5-kinases.cof_tpl_mg.run_kin.4asd_MET01A1072_001
2025-08-29 00:29:40 - INFO: pdbio_gr, pbe: Skipping PBE solver for non-charge conformer ALA01A1073_001...
2025-08-29 00:29:40 - INFO: pdbio_gr, pbe: Skipping PBE solver for non-charge conformer PRO01A1074_001...
2025-08-29 00:29:40 - INFO: pdbio_gr, pbe: ForkPoolWorker-1: Calling delphi to calculate conformer GLU01A1075_001 in /tmp/pbe_data.data.home.granepura.5-kinases.cof_tpl_mg.run_kin.4asd_GLU01A1075_001
2025-08-29 00:29:43 - INFO: pdbio_gr, pbe: ForkPoolWorker-1: Calling delphi to calculate conformer GLU01A1075_002 in /tmp/pbe_data.data.home.granepura.5-kinases.cof_tpl_mg.run_kin.4asd_GLU01A1075_002
2025-08-29 00:29:46 - INFO: pdbio_gr, pbe: ForkPoolWorker-1: Calling delphi to calculate conformer GLU02A1075_003 in /tmp/pbe_data.data.home.granepura.5-kinases.cof_tpl_mg.run_kin.4asd_GLU02A1075_003
2025-08-29 00:29:49 - INFO: pdbio_gr, pbe: ForkPoolWorker-1: Calling delphi to calculate conformer GLU02A1075_004 in /tmp/pbe_data.data.home.granepura.5-kinases.cof_tpl_mg.run_kin.4asd_GLU02A1075_004
2025-08-29 00:29:52 - INFO: pdbio_gr, pbe: ForkPoolWorker-1: Calling delphi to calculate conformer GLU-1A1075_005 in /tmp/pbe_data.data.home.granepura.5-kinases.cof_tpl_mg.run_kin.4asd_GLU-1A1075_005
2025-08-29 00:29:55 - INFO: pdbio_gr, pbe: ForkPoolWorker-1: Calling delphi to calculate conformer THR01A1076_001 in /tmp/pbe_data.data.home.granepura.5-kinases.cof_tpl_mg.run_kin.4asd_THR01A1076_001
2025-08-29 00:29:58 - INFO: pdbio_gr, pbe: ForkPoolWorker-1: Calling delphi to calculate conformer THR01A1076_002 in /tmp/pbe_data.data.home.granepura.5-kinases.cof_tpl_mg.run_kin.4asd_THR01A1076_002
2025-08-29 00:30:00 - INFO: pdbio_gr, pbe: ForkPoolWorker-1: Calling delphi to calculate conformer THR01A1076_003 in /tmp/pbe_data.data.home.granepura.5-kinases.cof_tpl_mg.run_kin.4asd_THR01A1076_003
2025-08-29 00:30:03 - INFO: pdbio_gr, pbe: Skipping PBE solver for non-charge conformer ILE01A1077_001...
2025-08-29 00:30:03 - INFO: pdbio_gr, pbe: Skipping PBE solver for non-charge conformer PHE01A1078_001...
2025-08-29 00:30:04 - INFO: pdbio_gr, pbe: ForkPoolWorker-1: Calling delphi to calculate conformer ASP01A1079_001 in /tmp/pbe_data.data.home.granepura.5-kinases.cof_tpl_mg.run_kin.4asd_ASP01A1079_001
2025-08-29 00:30:06 - INFO: pdbio_gr, pbe: ForkPoolWorker-1: Calling delphi to calculate conformer ASP01A1079_002 in /tmp/pbe_data.data.home.granepura.5-kinases.cof_tpl_mg.run_kin.4asd_ASP01A1079_002
2025-08-29 00:30:09 - INFO: pdbio_gr, pbe: ForkPoolWorker-1: Calling delphi to calculate conformer ASP02A1079_003 in /tmp/pbe_data.data.home.granepura.5-kinases.cof_tpl_mg.run_kin.4asd_ASP02A1079_003
2025-08-29 00:30:12 - INFO: pdbio_gr, pbe: ForkPoolWorker-1: Calling delphi to calculate conformer ASP02A1079_004 in /tmp/pbe_data.data.home.granepura.5-kinases.cof_tpl_mg.run_kin.4asd_ASP02A1079_004
2025-08-29 00:30:15 - INFO: pdbio_gr, pbe: ForkPoolWorker-1: Calling delphi to calculate conformer ASP-1A1079_005 in /tmp/pbe_data.data.home.granepura.5-kinases.cof_tpl_mg.run_kin.4asd_ASP-1A1079_005
2025-08-29 00:30:18 - INFO: pdbio_gr, pbe: ForkPoolWorker-1: Calling delphi to calculate conformer ARG01A1080_001 in /tmp/pbe_data.data.home.granepura.5-kinases.cof_tpl_mg.run_kin.4asd_ARG01A1080_001
2025-08-29 00:30:21 - INFO: pdbio_gr, pbe: ForkPoolWorker-1: Calling delphi to calculate conformer ARG02A1080_002 in /tmp/pbe_data.data.home.granepura.5-kinases.cof_tpl_mg.run_kin.4asd_ARG02A1080_002
2025-08-29 00:30:24 - INFO: pdbio_gr, pbe: ForkPoolWorker-1: Calling delphi to calculate conformer ARG03A1080_003 in /tmp/pbe_data.data.home.granepura.5-kinases.cof_tpl_mg.run_kin.4asd_ARG03A1080_003
2025-08-29 00:30:26 - INFO: pdbio_gr, pbe: ForkPoolWorker-1: Calling delphi to calculate conformer ARG+1A1080_004 in /tmp/pbe_data.data.home.granepura.5-kinases.cof_tpl_mg.run_kin.4asd_ARG+1A1080_004
2025-08-29 00:30:29 - INFO: pdbio_gr, pbe: Skipping PBE solver for non-charge conformer VAL01A1081_001...
2025-08-29 00:30:29 - INFO: pdbio_gr, pbe: ForkPoolWorker-1: Calling delphi to calculate conformer TYR01A1082_001 in /tmp/pbe_data.data.home.granepura.5-kinases.cof_tpl_mg.run_kin.4asd_TYR01A1082_001
2025-08-29 00:30:32 - INFO: pdbio_gr, pbe: ForkPoolWorker-1: Calling delphi to calculate conformer TYR01A1082_002 in /tmp/pbe_data.data.home.granepura.5-kinases.cof_tpl_mg.run_kin.4asd_TYR01A1082_002
2025-08-29 00:30:35 - INFO: pdbio_gr, pbe: ForkPoolWorker-1: Calling delphi to calculate conformer TYR-1A1082_003 in /tmp/pbe_data.data.home.granepura.5-kinases.cof_tpl_mg.run_kin.4asd_TYR-1A1082_003
2025-08-29 00:30:38 - INFO: pdbio_gr, pbe: ForkPoolWorker-1: Calling delphi to calculate conformer THR01A1083_001 in /tmp/pbe_data.data.home.granepura.5-kinases.cof_tpl_mg.run_kin.4asd_THR01A1083_001
2025-08-29 00:30:41 - INFO: pdbio_gr, pbe: ForkPoolWorker-1: Calling delphi to calculate conformer THR01A1083_002 in /tmp/pbe_data.data.home.granepura.5-kinases.cof_tpl_mg.run_kin.4asd_THR01A1083_002
2025-08-29 00:30:44 - INFO: pdbio_gr, pbe: Skipping PBE solver for non-charge conformer ILE01A1084_001...
2025-08-29 00:30:44 - INFO: pdbio_gr, pbe: ForkPoolWorker-1: Calling delphi to calculate conformer GLN01A1085_001 in /tmp/pbe_data.data.home.granepura.5-kinases.cof_tpl_mg.run_kin.4asd_GLN01A1085_001
2025-08-29 00:30:47 - INFO: pdbio_gr, pbe: ForkPoolWorker-1: Calling delphi to calculate conformer GLN01A1085_002 in /tmp/pbe_data.data.home.granepura.5-kinases.cof_tpl_mg.run_kin.4asd_GLN01A1085_002
2025-08-29 00:30:50 - INFO: pdbio_gr, pbe: ForkPoolWorker-1: Calling delphi to calculate conformer SER01A1086_001 in /tmp/pbe_data.data.home.granepura.5-kinases.cof_tpl_mg.run_kin.4asd_SER01A1086_001
2025-08-29 00:30:53 - INFO: pdbio_gr, pbe: ForkPoolWorker-1: Calling delphi to calculate conformer ASP01A1087_001 in /tmp/pbe_data.data.home.granepura.5-kinases.cof_tpl_mg.run_kin.4asd_ASP01A1087_001
2025-08-29 00:30:56 - INFO: pdbio_gr, pbe: ForkPoolWorker-1: Calling delphi to calculate conformer ASP01A1087_002 in /tmp/pbe_data.data.home.granepura.5-kinases.cof_tpl_mg.run_kin.4asd_ASP01A1087_002
2025-08-29 00:30:59 - INFO: pdbio_gr, pbe: ForkPoolWorker-1: Calling delphi to calculate conformer ASP02A1087_003 in /tmp/pbe_data.data.home.granepura.5-kinases.cof_tpl_mg.run_kin.4asd_ASP02A1087_003
2025-08-29 00:31:02 - INFO: pdbio_gr, pbe: ForkPoolWorker-1: Calling delphi to calculate conformer ASP02A1087_004 in /tmp/pbe_data.data.home.granepura.5-kinases.cof_tpl_mg.run_kin.4asd_ASP02A1087_004
2025-08-29 00:31:05 - INFO: pdbio_gr, pbe: ForkPoolWorker-1: Calling delphi to calculate conformer ASP-1A1087_005 in /tmp/pbe_data.data.home.granepura.5-kinases.cof_tpl_mg.run_kin.4asd_ASP-1A1087_005
2025-08-29 00:31:08 - INFO: pdbio_gr, pbe: Skipping PBE solver for non-charge conformer VAL01A1088_001...
2025-08-29 00:31:08 - INFO: pdbio_gr, pbe: Skipping PBE solver for non-charge conformer TRP01A1089_001...
2025-08-29 00:31:08 - INFO: pdbio_gr, pbe: ForkPoolWorker-1: Calling delphi to calculate conformer SER01A1090_001 in /tmp/pbe_data.data.home.granepura.5-kinases.cof_tpl_mg.run_kin.4asd_SER01A1090_001
2025-08-29 00:31:11 - INFO: pdbio_gr, pbe: ForkPoolWorker-1: Calling delphi to calculate conformer SER01A1090_002 in /tmp/pbe_data.data.home.granepura.5-kinases.cof_tpl_mg.run_kin.4asd_SER01A1090_002
2025-08-29 00:31:14 - INFO: pdbio_gr, pbe: Skipping PBE solver for non-charge conformer PHE01A1091_001...
2025-08-29 00:31:14 - INFO: pdbio_gr, pbe: Skipping PBE solver for non-charge conformer VAL01A1093_001...
2025-08-29 00:31:14 - INFO: pdbio_gr, pbe: Skipping PBE solver for non-charge conformer LEU01A1094_001...
2025-08-29 00:31:14 - INFO: pdbio_gr, pbe: Skipping PBE solver for non-charge conformer LEU01A1095_001...
2025-08-29 00:31:14 - INFO: pdbio_gr, pbe: Skipping PBE solver for non-charge conformer TRP01A1096_001...
2025-08-29 00:31:14 - INFO: pdbio_gr, pbe: ForkPoolWorker-1: Calling delphi to calculate conformer GLU01A1097_001 in /tmp/pbe_data.data.home.granepura.5-kinases.cof_tpl_mg.run_kin.4asd_GLU01A1097_001
2025-08-29 00:31:17 - INFO: pdbio_gr, pbe: ForkPoolWorker-1: Calling delphi to calculate conformer GLU01A1097_002 in /tmp/pbe_data.data.home.granepura.5-kinases.cof_tpl_mg.run_kin.4asd_GLU01A1097_002
2025-08-29 00:31:20 - INFO: pdbio_gr, pbe: ForkPoolWorker-1: Calling delphi to calculate conformer GLU02A1097_003 in /tmp/pbe_data.data.home.granepura.5-kinases.cof_tpl_mg.run_kin.4asd_GLU02A1097_003
2025-08-29 00:31:23 - INFO: pdbio_gr, pbe: ForkPoolWorker-1: Calling delphi to calculate conformer GLU02A1097_004 in /tmp/pbe_data.data.home.granepura.5-kinases.cof_tpl_mg.run_kin.4asd_GLU02A1097_004
2025-08-29 00:31:26 - INFO: pdbio_gr, pbe: ForkPoolWorker-1: Calling delphi to calculate conformer GLU-1A1097_005 in /tmp/pbe_data.data.home.granepura.5-kinases.cof_tpl_mg.run_kin.4asd_GLU-1A1097_005
2025-08-29 00:31:28 - INFO: pdbio_gr, pbe: Skipping PBE solver for non-charge conformer ILE01A1098_001...
2025-08-29 00:31:29 - INFO: pdbio_gr, pbe: Skipping PBE solver for non-charge conformer PHE01A1099_001...
2025-08-29 00:31:29 - INFO: pdbio_gr, pbe: ForkPoolWorker-1: Calling delphi to calculate conformer SER01A1100_001 in /tmp/pbe_data.data.home.granepura.5-kinases.cof_tpl_mg.run_kin.4asd_SER01A1100_001
2025-08-29 00:31:31 - INFO: pdbio_gr, pbe: ForkPoolWorker-1: Calling delphi to calculate conformer SER01A1100_002 in /tmp/pbe_data.data.home.granepura.5-kinases.cof_tpl_mg.run_kin.4asd_SER01A1100_002
2025-08-29 00:31:34 - INFO: pdbio_gr, pbe: ForkPoolWorker-1: Calling delphi to calculate conformer SER01A1100_003 in /tmp/pbe_data.data.home.granepura.5-kinases.cof_tpl_mg.run_kin.4asd_SER01A1100_003
2025-08-29 00:31:37 - INFO: pdbio_gr, pbe: Skipping PBE solver for non-charge conformer LEU01A1101_001...
2025-08-29 00:31:37 - INFO: pdbio_gr, pbe: Skipping PBE solver for non-charge conformer ALA01A1103_001...
2025-08-29 00:31:37 - INFO: pdbio_gr, pbe: ForkPoolWorker-1: Calling delphi to calculate conformer SER01A1104_001 in /tmp/pbe_data.data.home.granepura.5-kinases.cof_tpl_mg.run_kin.4asd_SER01A1104_001
2025-08-29 00:31:40 - INFO: pdbio_gr, pbe: ForkPoolWorker-1: Calling delphi to calculate conformer SER01A1104_002 in /tmp/pbe_data.data.home.granepura.5-kinases.cof_tpl_mg.run_kin.4asd_SER01A1104_002
2025-08-29 00:31:43 - INFO: pdbio_gr, pbe: Skipping PBE solver for non-charge conformer PRO01A1105_001...
2025-08-29 00:31:43 - INFO: pdbio_gr, pbe: ForkPoolWorker-1: Calling delphi to calculate conformer TYR01A1106_001 in /tmp/pbe_data.data.home.granepura.5-kinases.cof_tpl_mg.run_kin.4asd_TYR01A1106_001
2025-08-29 00:31:46 - INFO: pdbio_gr, pbe: ForkPoolWorker-1: Calling delphi to calculate conformer TYR-1A1106_002 in /tmp/pbe_data.data.home.granepura.5-kinases.cof_tpl_mg.run_kin.4asd_TYR-1A1106_002
2025-08-29 00:31:49 - INFO: pdbio_gr, pbe: Skipping PBE solver for non-charge conformer PRO01A1107_001...
2025-08-29 00:31:49 - INFO: pdbio_gr, pbe: Skipping PBE solver for non-charge conformer VAL01A1109_001...
2025-08-29 00:31:49 - INFO: pdbio_gr, pbe: ForkPoolWorker-1: Calling delphi to calculate conformer LYS01A1110_001 in /tmp/pbe_data.data.home.granepura.5-kinases.cof_tpl_mg.run_kin.4asd_LYS01A1110_001
2025-08-29 00:31:52 - INFO: pdbio_gr, pbe: ForkPoolWorker-1: Calling delphi to calculate conformer LYS+1A1110_002 in /tmp/pbe_data.data.home.granepura.5-kinases.cof_tpl_mg.run_kin.4asd_LYS+1A1110_002
2025-08-29 00:31:55 - INFO: pdbio_gr, pbe: Skipping PBE solver for non-charge conformer ILE01A1111_001...
2025-08-29 00:31:55 - INFO: pdbio_gr, pbe: ForkPoolWorker-1: Calling delphi to calculate conformer ASP01A1112_001 in /tmp/pbe_data.data.home.granepura.5-kinases.cof_tpl_mg.run_kin.4asd_ASP01A1112_001
2025-08-29 00:31:58 - INFO: pdbio_gr, pbe: ForkPoolWorker-1: Calling delphi to calculate conformer ASP01A1112_002 in /tmp/pbe_data.data.home.granepura.5-kinases.cof_tpl_mg.run_kin.4asd_ASP01A1112_002
2025-08-29 00:32:01 - INFO: pdbio_gr, pbe: ForkPoolWorker-1: Calling delphi to calculate conformer ASP02A1112_003 in /tmp/pbe_data.data.home.granepura.5-kinases.cof_tpl_mg.run_kin.4asd_ASP02A1112_003
2025-08-29 00:32:04 - INFO: pdbio_gr, pbe: ForkPoolWorker-1: Calling delphi to calculate conformer ASP02A1112_004 in /tmp/pbe_data.data.home.granepura.5-kinases.cof_tpl_mg.run_kin.4asd_ASP02A1112_004
2025-08-29 00:32:07 - INFO: pdbio_gr, pbe: ForkPoolWorker-1: Calling delphi to calculate conformer ASP-1A1112_005 in /tmp/pbe_data.data.home.granepura.5-kinases.cof_tpl_mg.run_kin.4asd_ASP-1A1112_005
2025-08-29 00:32:10 - INFO: pdbio_gr, pbe: ForkPoolWorker-1: Calling delphi to calculate conformer GLU01A1113_001 in /tmp/pbe_data.data.home.granepura.5-kinases.cof_tpl_mg.run_kin.4asd_GLU01A1113_001
2025-08-29 00:32:12 - INFO: pdbio_gr, pbe: ForkPoolWorker-1: Calling delphi to calculate conformer GLU01A1113_002 in /tmp/pbe_data.data.home.granepura.5-kinases.cof_tpl_mg.run_kin.4asd_GLU01A1113_002
2025-08-29 00:32:15 - INFO: pdbio_gr, pbe: ForkPoolWorker-1: Calling delphi to calculate conformer GLU02A1113_003 in /tmp/pbe_data.data.home.granepura.5-kinases.cof_tpl_mg.run_kin.4asd_GLU02A1113_003
2025-08-29 00:32:18 - INFO: pdbio_gr, pbe: ForkPoolWorker-1: Calling delphi to calculate conformer GLU02A1113_004 in /tmp/pbe_data.data.home.granepura.5-kinases.cof_tpl_mg.run_kin.4asd_GLU02A1113_004
2025-08-29 00:32:21 - INFO: pdbio_gr, pbe: ForkPoolWorker-1: Calling delphi to calculate conformer GLU-1A1113_005 in /tmp/pbe_data.data.home.granepura.5-kinases.cof_tpl_mg.run_kin.4asd_GLU-1A1113_005
2025-08-29 00:32:24 - INFO: pdbio_gr, pbe: ForkPoolWorker-1: Calling delphi to calculate conformer GLU01A1114_001 in /tmp/pbe_data.data.home.granepura.5-kinases.cof_tpl_mg.run_kin.4asd_GLU01A1114_001
2025-08-29 00:32:27 - INFO: pdbio_gr, pbe: ForkPoolWorker-1: Calling delphi to calculate conformer GLU01A1114_002 in /tmp/pbe_data.data.home.granepura.5-kinases.cof_tpl_mg.run_kin.4asd_GLU01A1114_002
2025-08-29 00:32:30 - INFO: pdbio_gr, pbe: ForkPoolWorker-1: Calling delphi to calculate conformer GLU01A1114_003 in /tmp/pbe_data.data.home.granepura.5-kinases.cof_tpl_mg.run_kin.4asd_GLU01A1114_003
2025-08-29 00:32:32 - INFO: pdbio_gr, pbe: ForkPoolWorker-1: Calling delphi to calculate conformer GLU01A1114_004 in /tmp/pbe_data.data.home.granepura.5-kinases.cof_tpl_mg.run_kin.4asd_GLU01A1114_004
2025-08-29 00:32:35 - INFO: pdbio_gr, pbe: ForkPoolWorker-1: Calling delphi to calculate conformer GLU02A1114_005 in /tmp/pbe_data.data.home.granepura.5-kinases.cof_tpl_mg.run_kin.4asd_GLU02A1114_005
2025-08-29 00:32:38 - INFO: pdbio_gr, pbe: ForkPoolWorker-1: Calling delphi to calculate conformer GLU02A1114_006 in /tmp/pbe_data.data.home.granepura.5-kinases.cof_tpl_mg.run_kin.4asd_GLU02A1114_006
2025-08-29 00:32:41 - INFO: pdbio_gr, pbe: ForkPoolWorker-1: Calling delphi to calculate conformer GLU02A1114_007 in /tmp/pbe_data.data.home.granepura.5-kinases.cof_tpl_mg.run_kin.4asd_GLU02A1114_007
2025-08-29 00:32:44 - INFO: pdbio_gr, pbe: ForkPoolWorker-1: Calling delphi to calculate conformer GLU02A1114_008 in /tmp/pbe_data.data.home.granepura.5-kinases.cof_tpl_mg.run_kin.4asd_GLU02A1114_008
2025-08-29 00:32:47 - INFO: pdbio_gr, pbe: ForkPoolWorker-1: Calling delphi to calculate conformer GLU-1A1114_009 in /tmp/pbe_data.data.home.granepura.5-kinases.cof_tpl_mg.run_kin.4asd_GLU-1A1114_009
2025-08-29 00:32:50 - INFO: pdbio_gr, pbe: ForkPoolWorker-1: Calling delphi to calculate conformer GLU-1A1114_010 in /tmp/pbe_data.data.home.granepura.5-kinases.cof_tpl_mg.run_kin.4asd_GLU-1A1114_010
2025-08-29 00:32:52 - INFO: pdbio_gr, pbe: Skipping PBE solver for non-charge conformer PHE01A1115_001...
2025-08-29 00:32:52 - INFO: pdbio_gr, pbe: ForkPoolWorker-1: Calling delphi to calculate conformer CYS01A1116_001 in /tmp/pbe_data.data.home.granepura.5-kinases.cof_tpl_mg.run_kin.4asd_CYS01A1116_001
2025-08-29 00:32:55 - INFO: pdbio_gr, pbe: ForkPoolWorker-1: Calling delphi to calculate conformer CYS01A1116_002 in /tmp/pbe_data.data.home.granepura.5-kinases.cof_tpl_mg.run_kin.4asd_CYS01A1116_002
2025-08-29 00:32:58 - INFO: pdbio_gr, pbe: ForkPoolWorker-1: Calling delphi to calculate conformer CYS01A1116_003 in /tmp/pbe_data.data.home.granepura.5-kinases.cof_tpl_mg.run_kin.4asd_CYS01A1116_003
2025-08-29 00:33:01 - INFO: pdbio_gr, pbe: ForkPoolWorker-1: Calling delphi to calculate conformer CYS-1A1116_004 in /tmp/pbe_data.data.home.granepura.5-kinases.cof_tpl_mg.run_kin.4asd_CYS-1A1116_004
2025-08-29 00:33:04 - INFO: pdbio_gr, pbe: ForkPoolWorker-1: Calling delphi to calculate conformer ARG01A1117_001 in /tmp/pbe_data.data.home.granepura.5-kinases.cof_tpl_mg.run_kin.4asd_ARG01A1117_001
2025-08-29 00:33:07 - INFO: pdbio_gr, pbe: ForkPoolWorker-1: Calling delphi to calculate conformer ARG02A1117_002 in /tmp/pbe_data.data.home.granepura.5-kinases.cof_tpl_mg.run_kin.4asd_ARG02A1117_002
2025-08-29 00:33:10 - INFO: pdbio_gr, pbe: ForkPoolWorker-1: Calling delphi to calculate conformer ARG02A1117_003 in /tmp/pbe_data.data.home.granepura.5-kinases.cof_tpl_mg.run_kin.4asd_ARG02A1117_003
2025-08-29 00:33:12 - INFO: pdbio_gr, pbe: ForkPoolWorker-1: Calling delphi to calculate conformer ARG03A1117_004 in /tmp/pbe_data.data.home.granepura.5-kinases.cof_tpl_mg.run_kin.4asd_ARG03A1117_004
2025-08-29 00:33:15 - INFO: pdbio_gr, pbe: ForkPoolWorker-1: Calling delphi to calculate conformer ARG03A1117_005 in /tmp/pbe_data.data.home.granepura.5-kinases.cof_tpl_mg.run_kin.4asd_ARG03A1117_005
2025-08-29 00:33:18 - INFO: pdbio_gr, pbe: ForkPoolWorker-1: Calling delphi to calculate conformer ARG+1A1117_006 in /tmp/pbe_data.data.home.granepura.5-kinases.cof_tpl_mg.run_kin.4asd_ARG+1A1117_006
2025-08-29 00:33:21 - INFO: pdbio_gr, pbe: ForkPoolWorker-1: Calling delphi to calculate conformer ARG01A1118_001 in /tmp/pbe_data.data.home.granepura.5-kinases.cof_tpl_mg.run_kin.4asd_ARG01A1118_001
2025-08-29 00:33:24 - INFO: pdbio_gr, pbe: ForkPoolWorker-1: Calling delphi to calculate conformer ARG02A1118_002 in /tmp/pbe_data.data.home.granepura.5-kinases.cof_tpl_mg.run_kin.4asd_ARG02A1118_002
2025-08-29 00:33:27 - INFO: pdbio_gr, pbe: ForkPoolWorker-1: Calling delphi to calculate conformer ARG03A1118_003 in /tmp/pbe_data.data.home.granepura.5-kinases.cof_tpl_mg.run_kin.4asd_ARG03A1118_003
2025-08-29 00:33:30 - INFO: pdbio_gr, pbe: ForkPoolWorker-1: Calling delphi to calculate conformer ARG+1A1118_004 in /tmp/pbe_data.data.home.granepura.5-kinases.cof_tpl_mg.run_kin.4asd_ARG+1A1118_004
2025-08-29 00:33:33 - INFO: pdbio_gr, pbe: Skipping PBE solver for non-charge conformer LEU01A1119_001...
2025-08-29 00:33:33 - INFO: pdbio_gr, pbe: ForkPoolWorker-1: Calling delphi to calculate conformer LYS01A1120_001 in /tmp/pbe_data.data.home.granepura.5-kinases.cof_tpl_mg.run_kin.4asd_LYS01A1120_001
2025-08-29 00:33:35 - INFO: pdbio_gr, pbe: ForkPoolWorker-1: Calling delphi to calculate conformer LYS+1A1120_002 in /tmp/pbe_data.data.home.granepura.5-kinases.cof_tpl_mg.run_kin.4asd_LYS+1A1120_002
2025-08-29 00:33:38 - INFO: pdbio_gr, pbe: ForkPoolWorker-1: Calling delphi to calculate conformer GLU01A1121_001 in /tmp/pbe_data.data.home.granepura.5-kinases.cof_tpl_mg.run_kin.4asd_GLU01A1121_001
2025-08-29 00:33:41 - INFO: pdbio_gr, pbe: ForkPoolWorker-1: Calling delphi to calculate conformer GLU01A1121_002 in /tmp/pbe_data.data.home.granepura.5-kinases.cof_tpl_mg.run_kin.4asd_GLU01A1121_002
2025-08-29 00:33:44 - INFO: pdbio_gr, pbe: ForkPoolWorker-1: Calling delphi to calculate conformer GLU02A1121_003 in /tmp/pbe_data.data.home.granepura.5-kinases.cof_tpl_mg.run_kin.4asd_GLU02A1121_003
2025-08-29 00:33:47 - INFO: pdbio_gr, pbe: ForkPoolWorker-1: Calling delphi to calculate conformer GLU02A1121_004 in /tmp/pbe_data.data.home.granepura.5-kinases.cof_tpl_mg.run_kin.4asd_GLU02A1121_004
2025-08-29 00:33:50 - INFO: pdbio_gr, pbe: ForkPoolWorker-1: Calling delphi to calculate conformer GLU-1A1121_005 in /tmp/pbe_data.data.home.granepura.5-kinases.cof_tpl_mg.run_kin.4asd_GLU-1A1121_005
2025-08-29 00:33:52 - INFO: pdbio_gr, pbe: ForkPoolWorker-1: Calling delphi to calculate conformer THR01A1123_001 in /tmp/pbe_data.data.home.granepura.5-kinases.cof_tpl_mg.run_kin.4asd_THR01A1123_001
2025-08-29 00:33:55 - INFO: pdbio_gr, pbe: ForkPoolWorker-1: Calling delphi to calculate conformer THR01A1123_002 in /tmp/pbe_data.data.home.granepura.5-kinases.cof_tpl_mg.run_kin.4asd_THR01A1123_002
2025-08-29 00:33:58 - INFO: pdbio_gr, pbe: ForkPoolWorker-1: Calling delphi to calculate conformer ARG01A1124_001 in /tmp/pbe_data.data.home.granepura.5-kinases.cof_tpl_mg.run_kin.4asd_ARG01A1124_001
2025-08-29 00:34:01 - INFO: pdbio_gr, pbe: ForkPoolWorker-1: Calling delphi to calculate conformer ARG02A1124_002 in /tmp/pbe_data.data.home.granepura.5-kinases.cof_tpl_mg.run_kin.4asd_ARG02A1124_002
2025-08-29 00:34:04 - INFO: pdbio_gr, pbe: ForkPoolWorker-1: Calling delphi to calculate conformer ARG02A1124_003 in /tmp/pbe_data.data.home.granepura.5-kinases.cof_tpl_mg.run_kin.4asd_ARG02A1124_003
2025-08-29 00:34:07 - INFO: pdbio_gr, pbe: ForkPoolWorker-1: Calling delphi to calculate conformer ARG03A1124_004 in /tmp/pbe_data.data.home.granepura.5-kinases.cof_tpl_mg.run_kin.4asd_ARG03A1124_004
2025-08-29 00:34:10 - INFO: pdbio_gr, pbe: ForkPoolWorker-1: Calling delphi to calculate conformer ARG+1A1124_005 in /tmp/pbe_data.data.home.granepura.5-kinases.cof_tpl_mg.run_kin.4asd_ARG+1A1124_005
2025-08-29 00:34:13 - INFO: pdbio_gr, pbe: ForkPoolWorker-1: Calling delphi to calculate conformer MET01A1125_001 in /tmp/pbe_data.data.home.granepura.5-kinases.cof_tpl_mg.run_kin.4asd_MET01A1125_001
2025-08-29 00:34:15 - INFO: pdbio_gr, pbe: ForkPoolWorker-1: Calling delphi to calculate conformer ARG01A1126_001 in /tmp/pbe_data.data.home.granepura.5-kinases.cof_tpl_mg.run_kin.4asd_ARG01A1126_001
2025-08-29 00:34:18 - INFO: pdbio_gr, pbe: ForkPoolWorker-1: Calling delphi to calculate conformer ARG02A1126_002 in /tmp/pbe_data.data.home.granepura.5-kinases.cof_tpl_mg.run_kin.4asd_ARG02A1126_002
2025-08-29 00:34:21 - INFO: pdbio_gr, pbe: ForkPoolWorker-1: Calling delphi to calculate conformer ARG03A1126_003 in /tmp/pbe_data.data.home.granepura.5-kinases.cof_tpl_mg.run_kin.4asd_ARG03A1126_003
2025-08-29 00:34:24 - INFO: pdbio_gr, pbe: ForkPoolWorker-1: Calling delphi to calculate conformer ARG+1A1126_004 in /tmp/pbe_data.data.home.granepura.5-kinases.cof_tpl_mg.run_kin.4asd_ARG+1A1126_004
2025-08-29 00:34:27 - INFO: pdbio_gr, pbe: Skipping PBE solver for non-charge conformer ALA01A1127_001...
2025-08-29 00:34:27 - INFO: pdbio_gr, pbe: Skipping PBE solver for non-charge conformer PRO01A1128_001...
2025-08-29 00:34:27 - INFO: pdbio_gr, pbe: ForkPoolWorker-1: Calling delphi to calculate conformer ASP01A1129_001 in /tmp/pbe_data.data.home.granepura.5-kinases.cof_tpl_mg.run_kin.4asd_ASP01A1129_001
2025-08-29 00:34:30 - INFO: pdbio_gr, pbe: ForkPoolWorker-1: Calling delphi to calculate conformer ASP01A1129_002 in /tmp/pbe_data.data.home.granepura.5-kinases.cof_tpl_mg.run_kin.4asd_ASP01A1129_002
2025-08-29 00:34:33 - INFO: pdbio_gr, pbe: ForkPoolWorker-1: Calling delphi to calculate conformer ASP02A1129_003 in /tmp/pbe_data.data.home.granepura.5-kinases.cof_tpl_mg.run_kin.4asd_ASP02A1129_003
2025-08-29 00:34:36 - INFO: pdbio_gr, pbe: ForkPoolWorker-1: Calling delphi to calculate conformer ASP02A1129_004 in /tmp/pbe_data.data.home.granepura.5-kinases.cof_tpl_mg.run_kin.4asd_ASP02A1129_004
2025-08-29 00:34:39 - INFO: pdbio_gr, pbe: ForkPoolWorker-1: Calling delphi to calculate conformer ASP-1A1129_005 in /tmp/pbe_data.data.home.granepura.5-kinases.cof_tpl_mg.run_kin.4asd_ASP-1A1129_005
2025-08-29 00:34:42 - INFO: pdbio_gr, pbe: ForkPoolWorker-1: Calling delphi to calculate conformer TYR01A1130_001 in /tmp/pbe_data.data.home.granepura.5-kinases.cof_tpl_mg.run_kin.4asd_TYR01A1130_001
2025-08-29 00:34:45 - INFO: pdbio_gr, pbe: ForkPoolWorker-1: Calling delphi to calculate conformer TYR01A1130_002 in /tmp/pbe_data.data.home.granepura.5-kinases.cof_tpl_mg.run_kin.4asd_TYR01A1130_002
2025-08-29 00:34:47 - INFO: pdbio_gr, pbe: ForkPoolWorker-1: Calling delphi to calculate conformer TYR-1A1130_003 in /tmp/pbe_data.data.home.granepura.5-kinases.cof_tpl_mg.run_kin.4asd_TYR-1A1130_003
2025-08-29 00:34:50 - INFO: pdbio_gr, pbe: ForkPoolWorker-1: Calling delphi to calculate conformer THR01A1131_001 in /tmp/pbe_data.data.home.granepura.5-kinases.cof_tpl_mg.run_kin.4asd_THR01A1131_001
2025-08-29 00:34:53 - INFO: pdbio_gr, pbe: ForkPoolWorker-1: Calling delphi to calculate conformer THR01A1131_002 in /tmp/pbe_data.data.home.granepura.5-kinases.cof_tpl_mg.run_kin.4asd_THR01A1131_002
2025-08-29 00:34:56 - INFO: pdbio_gr, pbe: ForkPoolWorker-1: Calling delphi to calculate conformer THR01A1132_001 in /tmp/pbe_data.data.home.granepura.5-kinases.cof_tpl_mg.run_kin.4asd_THR01A1132_001
2025-08-29 00:34:59 - INFO: pdbio_gr, pbe: ForkPoolWorker-1: Calling delphi to calculate conformer THR01A1132_002 in /tmp/pbe_data.data.home.granepura.5-kinases.cof_tpl_mg.run_kin.4asd_THR01A1132_002
2025-08-29 00:35:02 - INFO: pdbio_gr, pbe: ForkPoolWorker-1: Calling delphi to calculate conformer THR01A1132_003 in /tmp/pbe_data.data.home.granepura.5-kinases.cof_tpl_mg.run_kin.4asd_THR01A1132_003
2025-08-29 00:35:04 - INFO: pdbio_gr, pbe: Skipping PBE solver for non-charge conformer PRO01A1133_001...
2025-08-29 00:35:05 - INFO: pdbio_gr, pbe: ForkPoolWorker-1: Calling delphi to calculate conformer GLU01A1134_001 in /tmp/pbe_data.data.home.granepura.5-kinases.cof_tpl_mg.run_kin.4asd_GLU01A1134_001
2025-08-29 00:35:07 - INFO: pdbio_gr, pbe: ForkPoolWorker-1: Calling delphi to calculate conformer GLU01A1134_002 in /tmp/pbe_data.data.home.granepura.5-kinases.cof_tpl_mg.run_kin.4asd_GLU01A1134_002
2025-08-29 00:35:10 - INFO: pdbio_gr, pbe: ForkPoolWorker-1: Calling delphi to calculate conformer GLU02A1134_003 in /tmp/pbe_data.data.home.granepura.5-kinases.cof_tpl_mg.run_kin.4asd_GLU02A1134_003
2025-08-29 00:35:13 - INFO: pdbio_gr, pbe: ForkPoolWorker-1: Calling delphi to calculate conformer GLU02A1134_004 in /tmp/pbe_data.data.home.granepura.5-kinases.cof_tpl_mg.run_kin.4asd_GLU02A1134_004
2025-08-29 00:35:16 - INFO: pdbio_gr, pbe: ForkPoolWorker-1: Calling delphi to calculate conformer GLU-1A1134_005 in /tmp/pbe_data.data.home.granepura.5-kinases.cof_tpl_mg.run_kin.4asd_GLU-1A1134_005
2025-08-29 00:35:18 - INFO: pdbio_gr, pbe: ForkPoolWorker-1: Calling delphi to calculate conformer MET01A1135_001 in /tmp/pbe_data.data.home.granepura.5-kinases.cof_tpl_mg.run_kin.4asd_MET01A1135_001
2025-08-29 00:35:21 - INFO: pdbio_gr, pbe: ForkPoolWorker-1: Calling delphi to calculate conformer TYR01A1136_001 in /tmp/pbe_data.data.home.granepura.5-kinases.cof_tpl_mg.run_kin.4asd_TYR01A1136_001
2025-08-29 00:35:24 - INFO: pdbio_gr, pbe: ForkPoolWorker-1: Calling delphi to calculate conformer TYR01A1136_002 in /tmp/pbe_data.data.home.granepura.5-kinases.cof_tpl_mg.run_kin.4asd_TYR01A1136_002
2025-08-29 00:35:27 - INFO: pdbio_gr, pbe: ForkPoolWorker-1: Calling delphi to calculate conformer TYR-1A1136_003 in /tmp/pbe_data.data.home.granepura.5-kinases.cof_tpl_mg.run_kin.4asd_TYR-1A1136_003
2025-08-29 00:35:30 - INFO: pdbio_gr, pbe: ForkPoolWorker-1: Calling delphi to calculate conformer GLN01A1137_001 in /tmp/pbe_data.data.home.granepura.5-kinases.cof_tpl_mg.run_kin.4asd_GLN01A1137_001
2025-08-29 00:35:32 - INFO: pdbio_gr, pbe: ForkPoolWorker-1: Calling delphi to calculate conformer GLN01A1137_002 in /tmp/pbe_data.data.home.granepura.5-kinases.cof_tpl_mg.run_kin.4asd_GLN01A1137_002
2025-08-29 00:35:35 - INFO: pdbio_gr, pbe: ForkPoolWorker-1: Calling delphi to calculate conformer THR01A1138_001 in /tmp/pbe_data.data.home.granepura.5-kinases.cof_tpl_mg.run_kin.4asd_THR01A1138_001
2025-08-29 00:35:38 - INFO: pdbio_gr, pbe: ForkPoolWorker-1: Calling delphi to calculate conformer THR01A1138_002 in /tmp/pbe_data.data.home.granepura.5-kinases.cof_tpl_mg.run_kin.4asd_THR01A1138_002
2025-08-29 00:35:41 - INFO: pdbio_gr, pbe: ForkPoolWorker-1: Calling delphi to calculate conformer THR01A1138_003 in /tmp/pbe_data.data.home.granepura.5-kinases.cof_tpl_mg.run_kin.4asd_THR01A1138_003
2025-08-29 00:35:44 - INFO: pdbio_gr, pbe: ForkPoolWorker-1: Calling delphi to calculate conformer MET01A1139_001 in /tmp/pbe_data.data.home.granepura.5-kinases.cof_tpl_mg.run_kin.4asd_MET01A1139_001
2025-08-29 00:35:46 - INFO: pdbio_gr, pbe: Skipping PBE solver for non-charge conformer LEU01A1140_001...
2025-08-29 00:35:46 - INFO: pdbio_gr, pbe: ForkPoolWorker-1: Calling delphi to calculate conformer ASP01A1141_001 in /tmp/pbe_data.data.home.granepura.5-kinases.cof_tpl_mg.run_kin.4asd_ASP01A1141_001
2025-08-29 00:35:49 - INFO: pdbio_gr, pbe: ForkPoolWorker-1: Calling delphi to calculate conformer ASP01A1141_002 in /tmp/pbe_data.data.home.granepura.5-kinases.cof_tpl_mg.run_kin.4asd_ASP01A1141_002
2025-08-29 00:35:52 - INFO: pdbio_gr, pbe: ForkPoolWorker-1: Calling delphi to calculate conformer ASP02A1141_003 in /tmp/pbe_data.data.home.granepura.5-kinases.cof_tpl_mg.run_kin.4asd_ASP02A1141_003
2025-08-29 00:35:55 - INFO: pdbio_gr, pbe: ForkPoolWorker-1: Calling delphi to calculate conformer ASP02A1141_004 in /tmp/pbe_data.data.home.granepura.5-kinases.cof_tpl_mg.run_kin.4asd_ASP02A1141_004
2025-08-29 00:35:58 - INFO: pdbio_gr, pbe: ForkPoolWorker-1: Calling delphi to calculate conformer ASP-1A1141_005 in /tmp/pbe_data.data.home.granepura.5-kinases.cof_tpl_mg.run_kin.4asd_ASP-1A1141_005
2025-08-29 00:36:00 - INFO: pdbio_gr, pbe: ForkPoolWorker-1: Calling delphi to calculate conformer CYS01A1142_001 in /tmp/pbe_data.data.home.granepura.5-kinases.cof_tpl_mg.run_kin.4asd_CYS01A1142_001
2025-08-29 00:36:03 - INFO: pdbio_gr, pbe: ForkPoolWorker-1: Calling delphi to calculate conformer CYS01A1142_002 in /tmp/pbe_data.data.home.granepura.5-kinases.cof_tpl_mg.run_kin.4asd_CYS01A1142_002
2025-08-29 00:36:06 - INFO: pdbio_gr, pbe: ForkPoolWorker-1: Calling delphi to calculate conformer CYS01A1142_003 in /tmp/pbe_data.data.home.granepura.5-kinases.cof_tpl_mg.run_kin.4asd_CYS01A1142_003
2025-08-29 00:36:09 - INFO: pdbio_gr, pbe: ForkPoolWorker-1: Calling delphi to calculate conformer CYS-1A1142_004 in /tmp/pbe_data.data.home.granepura.5-kinases.cof_tpl_mg.run_kin.4asd_CYS-1A1142_004
2025-08-29 00:36:12 - INFO: pdbio_gr, pbe: Skipping PBE solver for non-charge conformer TRP01A1143_001...
2025-08-29 00:36:12 - INFO: pdbio_gr, pbe: ForkPoolWorker-1: Calling delphi to calculate conformer HIS01A1144_001 in /tmp/pbe_data.data.home.granepura.5-kinases.cof_tpl_mg.run_kin.4asd_HIS01A1144_001
2025-08-29 00:36:14 - INFO: pdbio_gr, pbe: ForkPoolWorker-1: Calling delphi to calculate conformer HIS02A1144_002 in /tmp/pbe_data.data.home.granepura.5-kinases.cof_tpl_mg.run_kin.4asd_HIS02A1144_002
2025-08-29 00:36:17 - INFO: pdbio_gr, pbe: ForkPoolWorker-1: Calling delphi to calculate conformer HIS+1A1144_003 in /tmp/pbe_data.data.home.granepura.5-kinases.cof_tpl_mg.run_kin.4asd_HIS+1A1144_003
2025-08-29 00:36:20 - INFO: pdbio_gr, pbe: ForkPoolWorker-1: Calling delphi to calculate conformer GLU01A1146_001 in /tmp/pbe_data.data.home.granepura.5-kinases.cof_tpl_mg.run_kin.4asd_GLU01A1146_001
2025-08-29 00:36:22 - INFO: pdbio_gr, pbe: ForkPoolWorker-1: Calling delphi to calculate conformer GLU01A1146_002 in /tmp/pbe_data.data.home.granepura.5-kinases.cof_tpl_mg.run_kin.4asd_GLU01A1146_002
2025-08-29 00:36:25 - INFO: pdbio_gr, pbe: ForkPoolWorker-1: Calling delphi to calculate conformer GLU02A1146_003 in /tmp/pbe_data.data.home.granepura.5-kinases.cof_tpl_mg.run_kin.4asd_GLU02A1146_003
2025-08-29 00:36:28 - INFO: pdbio_gr, pbe: ForkPoolWorker-1: Calling delphi to calculate conformer GLU02A1146_004 in /tmp/pbe_data.data.home.granepura.5-kinases.cof_tpl_mg.run_kin.4asd_GLU02A1146_004
2025-08-29 00:36:31 - INFO: pdbio_gr, pbe: ForkPoolWorker-1: Calling delphi to calculate conformer GLU-1A1146_005 in /tmp/pbe_data.data.home.granepura.5-kinases.cof_tpl_mg.run_kin.4asd_GLU-1A1146_005
2025-08-29 00:36:33 - INFO: pdbio_gr, pbe: Skipping PBE solver for non-charge conformer PRO01A1147_001...
2025-08-29 00:36:33 - INFO: pdbio_gr, pbe: ForkPoolWorker-1: Calling delphi to calculate conformer SER01A1148_001 in /tmp/pbe_data.data.home.granepura.5-kinases.cof_tpl_mg.run_kin.4asd_SER01A1148_001
2025-08-29 00:36:36 - INFO: pdbio_gr, pbe: ForkPoolWorker-1: Calling delphi to calculate conformer SER01A1148_002 in /tmp/pbe_data.data.home.granepura.5-kinases.cof_tpl_mg.run_kin.4asd_SER01A1148_002
2025-08-29 00:36:39 - INFO: pdbio_gr, pbe: ForkPoolWorker-1: Calling delphi to calculate conformer GLN01A1149_001 in /tmp/pbe_data.data.home.granepura.5-kinases.cof_tpl_mg.run_kin.4asd_GLN01A1149_001
2025-08-29 00:36:41 - INFO: pdbio_gr, pbe: ForkPoolWorker-1: Calling delphi to calculate conformer GLN01A1149_002 in /tmp/pbe_data.data.home.granepura.5-kinases.cof_tpl_mg.run_kin.4asd_GLN01A1149_002
2025-08-29 00:36:44 - INFO: pdbio_gr, pbe: ForkPoolWorker-1: Calling delphi to calculate conformer ARG01A1150_001 in /tmp/pbe_data.data.home.granepura.5-kinases.cof_tpl_mg.run_kin.4asd_ARG01A1150_001
2025-08-29 00:36:47 - INFO: pdbio_gr, pbe: ForkPoolWorker-1: Calling delphi to calculate conformer ARG02A1150_002 in /tmp/pbe_data.data.home.granepura.5-kinases.cof_tpl_mg.run_kin.4asd_ARG02A1150_002
2025-08-29 00:36:50 - INFO: pdbio_gr, pbe: ForkPoolWorker-1: Calling delphi to calculate conformer ARG02A1150_003 in /tmp/pbe_data.data.home.granepura.5-kinases.cof_tpl_mg.run_kin.4asd_ARG02A1150_003
2025-08-29 00:36:53 - INFO: pdbio_gr, pbe: ForkPoolWorker-1: Calling delphi to calculate conformer ARG03A1150_004 in /tmp/pbe_data.data.home.granepura.5-kinases.cof_tpl_mg.run_kin.4asd_ARG03A1150_004
2025-08-29 00:36:55 - INFO: pdbio_gr, pbe: ForkPoolWorker-1: Calling delphi to calculate conformer ARG03A1150_005 in /tmp/pbe_data.data.home.granepura.5-kinases.cof_tpl_mg.run_kin.4asd_ARG03A1150_005
2025-08-29 00:36:58 - INFO: pdbio_gr, pbe: ForkPoolWorker-1: Calling delphi to calculate conformer ARG+1A1150_006 in /tmp/pbe_data.data.home.granepura.5-kinases.cof_tpl_mg.run_kin.4asd_ARG+1A1150_006
2025-08-29 00:37:01 - INFO: pdbio_gr, pbe: Skipping PBE solver for non-charge conformer PRO01A1151_001...
2025-08-29 00:37:01 - INFO: pdbio_gr, pbe: ForkPoolWorker-1: Calling delphi to calculate conformer THR01A1152_001 in /tmp/pbe_data.data.home.granepura.5-kinases.cof_tpl_mg.run_kin.4asd_THR01A1152_001
2025-08-29 00:37:04 - INFO: pdbio_gr, pbe: ForkPoolWorker-1: Calling delphi to calculate conformer THR01A1152_002 in /tmp/pbe_data.data.home.granepura.5-kinases.cof_tpl_mg.run_kin.4asd_THR01A1152_002
2025-08-29 00:37:06 - INFO: pdbio_gr, pbe: ForkPoolWorker-1: Calling delphi to calculate conformer THR01A1152_003 in /tmp/pbe_data.data.home.granepura.5-kinases.cof_tpl_mg.run_kin.4asd_THR01A1152_003
2025-08-29 00:37:09 - INFO: pdbio_gr, pbe: Skipping PBE solver for non-charge conformer PHE01A1153_001...
2025-08-29 00:37:09 - INFO: pdbio_gr, pbe: ForkPoolWorker-1: Calling delphi to calculate conformer SER01A1154_001 in /tmp/pbe_data.data.home.granepura.5-kinases.cof_tpl_mg.run_kin.4asd_SER01A1154_001
2025-08-29 00:37:12 - INFO: pdbio_gr, pbe: ForkPoolWorker-1: Calling delphi to calculate conformer SER01A1154_002 in /tmp/pbe_data.data.home.granepura.5-kinases.cof_tpl_mg.run_kin.4asd_SER01A1154_002
2025-08-29 00:37:15 - INFO: pdbio_gr, pbe: ForkPoolWorker-1: Calling delphi to calculate conformer GLU01A1155_001 in /tmp/pbe_data.data.home.granepura.5-kinases.cof_tpl_mg.run_kin.4asd_GLU01A1155_001
2025-08-29 00:37:17 - INFO: pdbio_gr, pbe: ForkPoolWorker-1: Calling delphi to calculate conformer GLU01A1155_002 in /tmp/pbe_data.data.home.granepura.5-kinases.cof_tpl_mg.run_kin.4asd_GLU01A1155_002
2025-08-29 00:37:20 - INFO: pdbio_gr, pbe: ForkPoolWorker-1: Calling delphi to calculate conformer GLU02A1155_003 in /tmp/pbe_data.data.home.granepura.5-kinases.cof_tpl_mg.run_kin.4asd_GLU02A1155_003
2025-08-29 00:37:23 - INFO: pdbio_gr, pbe: ForkPoolWorker-1: Calling delphi to calculate conformer GLU02A1155_004 in /tmp/pbe_data.data.home.granepura.5-kinases.cof_tpl_mg.run_kin.4asd_GLU02A1155_004
2025-08-29 00:37:26 - INFO: pdbio_gr, pbe: ForkPoolWorker-1: Calling delphi to calculate conformer GLU-1A1155_005 in /tmp/pbe_data.data.home.granepura.5-kinases.cof_tpl_mg.run_kin.4asd_GLU-1A1155_005
2025-08-29 00:37:28 - INFO: pdbio_gr, pbe: Skipping PBE solver for non-charge conformer LEU01A1156_001...
2025-08-29 00:37:28 - INFO: pdbio_gr, pbe: Skipping PBE solver for non-charge conformer VAL01A1157_001...
2025-08-29 00:37:28 - INFO: pdbio_gr, pbe: ForkPoolWorker-1: Calling delphi to calculate conformer GLU01A1158_001 in /tmp/pbe_data.data.home.granepura.5-kinases.cof_tpl_mg.run_kin.4asd_GLU01A1158_001
2025-08-29 00:37:31 - INFO: pdbio_gr, pbe: ForkPoolWorker-1: Calling delphi to calculate conformer GLU01A1158_002 in /tmp/pbe_data.data.home.granepura.5-kinases.cof_tpl_mg.run_kin.4asd_GLU01A1158_002
2025-08-29 00:37:34 - INFO: pdbio_gr, pbe: ForkPoolWorker-1: Calling delphi to calculate conformer GLU02A1158_003 in /tmp/pbe_data.data.home.granepura.5-kinases.cof_tpl_mg.run_kin.4asd_GLU02A1158_003
2025-08-29 00:37:36 - INFO: pdbio_gr, pbe: ForkPoolWorker-1: Calling delphi to calculate conformer GLU02A1158_004 in /tmp/pbe_data.data.home.granepura.5-kinases.cof_tpl_mg.run_kin.4asd_GLU02A1158_004
2025-08-29 00:37:39 - INFO: pdbio_gr, pbe: ForkPoolWorker-1: Calling delphi to calculate conformer GLU-1A1158_005 in /tmp/pbe_data.data.home.granepura.5-kinases.cof_tpl_mg.run_kin.4asd_GLU-1A1158_005
2025-08-29 00:37:42 - INFO: pdbio_gr, pbe: ForkPoolWorker-1: Calling delphi to calculate conformer HIS01A1159_001 in /tmp/pbe_data.data.home.granepura.5-kinases.cof_tpl_mg.run_kin.4asd_HIS01A1159_001
2025-08-29 00:37:44 - INFO: pdbio_gr, pbe: ForkPoolWorker-1: Calling delphi to calculate conformer HIS01A1159_002 in /tmp/pbe_data.data.home.granepura.5-kinases.cof_tpl_mg.run_kin.4asd_HIS01A1159_002
2025-08-29 00:37:47 - INFO: pdbio_gr, pbe: ForkPoolWorker-1: Calling delphi to calculate conformer HIS02A1159_003 in /tmp/pbe_data.data.home.granepura.5-kinases.cof_tpl_mg.run_kin.4asd_HIS02A1159_003
2025-08-29 00:37:49 - INFO: pdbio_gr, pbe: ForkPoolWorker-1: Calling delphi to calculate conformer HIS02A1159_004 in /tmp/pbe_data.data.home.granepura.5-kinases.cof_tpl_mg.run_kin.4asd_HIS02A1159_004
2025-08-29 00:37:52 - INFO: pdbio_gr, pbe: ForkPoolWorker-1: Calling delphi to calculate conformer HIS+1A1159_005 in /tmp/pbe_data.data.home.granepura.5-kinases.cof_tpl_mg.run_kin.4asd_HIS+1A1159_005
2025-08-29 00:37:55 - INFO: pdbio_gr, pbe: ForkPoolWorker-1: Calling delphi to calculate conformer HIS+1A1159_006 in /tmp/pbe_data.data.home.granepura.5-kinases.cof_tpl_mg.run_kin.4asd_HIS+1A1159_006
2025-08-29 00:37:57 - INFO: pdbio_gr, pbe: Skipping PBE solver for non-charge conformer LEU01A1160_001...
2025-08-29 00:37:57 - INFO: pdbio_gr, pbe: ForkPoolWorker-1: Calling delphi to calculate conformer ASN01A1162_001 in /tmp/pbe_data.data.home.granepura.5-kinases.cof_tpl_mg.run_kin.4asd_ASN01A1162_001
2025-08-29 00:38:00 - INFO: pdbio_gr, pbe: ForkPoolWorker-1: Calling delphi to calculate conformer ASN01A1162_002 in /tmp/pbe_data.data.home.granepura.5-kinases.cof_tpl_mg.run_kin.4asd_ASN01A1162_002
2025-08-29 00:38:03 - INFO: pdbio_gr, pbe: Skipping PBE solver for non-charge conformer LEU01A1163_001...
2025-08-29 00:38:03 - INFO: pdbio_gr, pbe: Skipping PBE solver for non-charge conformer LEU01A1164_001...
2025-08-29 00:38:03 - INFO: pdbio_gr, pbe: ForkPoolWorker-1: Calling delphi to calculate conformer GLN01A1165_001 in /tmp/pbe_data.data.home.granepura.5-kinases.cof_tpl_mg.run_kin.4asd_GLN01A1165_001
2025-08-29 00:38:05 - INFO: pdbio_gr, pbe: ForkPoolWorker-1: Calling delphi to calculate conformer GLN01A1165_002 in /tmp/pbe_data.data.home.granepura.5-kinases.cof_tpl_mg.run_kin.4asd_GLN01A1165_002
2025-08-29 00:38:08 - INFO: pdbio_gr, pbe: Skipping PBE solver for non-charge conformer ALA01A1166_001...
2025-08-29 00:38:08 - INFO: pdbio_gr, pbe: ForkPoolWorker-1: Calling delphi to calculate conformer ASN01A1167_001 in /tmp/pbe_data.data.home.granepura.5-kinases.cof_tpl_mg.run_kin.4asd_ASN01A1167_001
2025-08-29 00:38:11 - INFO: pdbio_gr, pbe: ForkPoolWorker-1: Calling delphi to calculate conformer ASN01A1167_002 in /tmp/pbe_data.data.home.granepura.5-kinases.cof_tpl_mg.run_kin.4asd_ASN01A1167_002
2025-08-29 00:38:13 - INFO: pdbio_gr, pbe: Skipping PBE solver for non-charge conformer ALA01A1168_001...
2025-08-29 00:38:13 - INFO: pdbio_gr, pbe: ForkPoolWorker-1: Calling delphi to calculate conformer BAX01A1500_001 in /tmp/pbe_data.data.home.granepura.5-kinases.cof_tpl_mg.run_kin.4asd_BAX01A1500_001
2025-08-29 00:38:16 - INFO: pdbio_gr, pbe: ForkPoolWorker-1: Calling delphi to calculate conformer BAX+1A1500_002 in /tmp/pbe_data.data.home.granepura.5-kinases.cof_tpl_mg.run_kin.4asd_BAX+1A1500_002
2025-08-29 00:38:19 - INFO: pdbio_gr, pbe: ForkPoolWorker-1: Calling delphi to calculate conformer BAX02A1500_003 in /tmp/pbe_data.data.home.granepura.5-kinases.cof_tpl_mg.run_kin.4asd_BAX02A1500_003
2025-08-29 00:38:22 - INFO: pdbio_gr, pbe: ForkPoolWorker-1: Calling delphi to calculate conformer BAX-1A1500_004 in /tmp/pbe_data.data.home.granepura.5-kinases.cof_tpl_mg.run_kin.4asd_BAX-1A1500_004
2025-08-29 00:38:24 - INFO: pdbio_gr, <module>:    Time needed: 1684 seconds.
2025-08-29 00:38:24 - INFO: pdbio_gr, <module>:    Post-processing of electrostatic potential.
2025-08-29 00:38:24 - INFO: pdbio_gr, <module>:    Processing ele pairwise interaction...
2025-08-29 00:38:27 - INFO: pdbio_gr, <module>:    Time needed: 2 seconds.
2025-08-29 00:38:27 - INFO: pdbio_gr, <module>:    Making atom connectivity ...
2025-08-29 00:38:28 - INFO: pdbio_gr, <module>:    Time needed: 1 seconds.
2025-08-29 00:38:28 - INFO: pdbio_gr, <module>:    Calculating vdw ...
2025-08-29 00:38:38 - INFO: pdbio_gr, <module>:    Time needed: 9 seconds.
2025-08-29 00:38:38 - INFO: pdbio_gr, <module>:    Calculating torsion energy ...
2025-08-29 00:38:38 - INFO: pdbio_gr, <module>:    Time needed: 0 seconds.
2025-08-29 00:38:38 - INFO: pdbio_gr, <module>:    Composing head3.lst ...
2025-08-29 00:38:38 - INFO: pdbio_gr, <module>:    Time needed: 0 seconds.
2025-08-29 00:38:38 - INFO: pdbio_gr, <module>:    Composing opp files ...
2025-08-29 00:38:39 - INFO: pdbio_gr, <module>:    Time needed: 0 seconds.
2025-08-29 00:38:39 - INFO: pdbio_gr, <module>:    Total time for step3 is 1698 seconds.
2025-10-16 16:32:54 - INFO: step3.py, <module>: Step 3. Energies calculation with PBE solver.
2025-10-16 16:32:54 - INFO: step3.py, <module>: Calling new VDW....No Scaling Applied
2025-10-16 16:32:54 - INFO: step3.py, <module>:    Process run time options & convert step2_out.pdb.
2025-10-16 16:32:54 - INFO: step3.py, <module>:    Prepare input for PB solver.
2025-10-16 16:32:54 - INFO: step3.py, <module>:    Time needed: 0 seconds.
2025-10-16 16:32:54 - INFO: step3.py, <module>:    Set up parallel envrionment and run PB solver.
2025-10-16 16:32:54 - INFO: step3.py, <module>:    Running PBE solver in 1 threads
2025-10-16 16:32:54 - INFO: step3.py, pbe: ForkPoolWorker-1: Calling delphi to calculate conformer ASP01A0807_001 in /tmp/pbe_data.data.home.granepura.5-kinases.cof_tpl_mg.run_kin.4ASD_ASP01A0807_001
2025-10-16 16:32:57 - INFO: step3.py, pbe: ForkPoolWorker-1: Calling delphi to calculate conformer ASP01A0807_002 in /tmp/pbe_data.data.home.granepura.5-kinases.cof_tpl_mg.run_kin.4ASD_ASP01A0807_002
2025-10-16 16:33:00 - INFO: step3.py, pbe: ForkPoolWorker-1: Calling delphi to calculate conformer ASP02A0807_003 in /tmp/pbe_data.data.home.granepura.5-kinases.cof_tpl_mg.run_kin.4ASD_ASP02A0807_003
2025-10-16 16:33:03 - INFO: step3.py, pbe: ForkPoolWorker-1: Calling delphi to calculate conformer ASP02A0807_004 in /tmp/pbe_data.data.home.granepura.5-kinases.cof_tpl_mg.run_kin.4ASD_ASP02A0807_004
2025-10-16 16:33:06 - INFO: step3.py, pbe: ForkPoolWorker-1: Calling delphi to calculate conformer ASP-1A0807_005 in /tmp/pbe_data.data.home.granepura.5-kinases.cof_tpl_mg.run_kin.4ASD_ASP-1A0807_005
2025-10-16 16:33:09 - INFO: step3.py, pbe: Skipping PBE solver for non-charge conformer PRO01A0808_001...
2025-10-16 16:33:09 - INFO: step3.py, pbe: ForkPoolWorker-1: Calling delphi to calculate conformer ASP01A0809_001 in /tmp/pbe_data.data.home.granepura.5-kinases.cof_tpl_mg.run_kin.4ASD_ASP01A0809_001
2025-10-16 16:33:12 - INFO: step3.py, pbe: ForkPoolWorker-1: Calling delphi to calculate conformer ASP01A0809_002 in /tmp/pbe_data.data.home.granepura.5-kinases.cof_tpl_mg.run_kin.4ASD_ASP01A0809_002
2025-10-16 16:33:15 - INFO: step3.py, pbe: ForkPoolWorker-1: Calling delphi to calculate conformer ASP02A0809_003 in /tmp/pbe_data.data.home.granepura.5-kinases.cof_tpl_mg.run_kin.4ASD_ASP02A0809_003
2025-10-16 16:33:18 - INFO: step3.py, pbe: ForkPoolWorker-1: Calling delphi to calculate conformer ASP02A0809_004 in /tmp/pbe_data.data.home.granepura.5-kinases.cof_tpl_mg.run_kin.4ASD_ASP02A0809_004
2025-10-16 16:33:21 - INFO: step3.py, pbe: ForkPoolWorker-1: Calling delphi to calculate conformer ASP-1A0809_005 in /tmp/pbe_data.data.home.granepura.5-kinases.cof_tpl_mg.run_kin.4ASD_ASP-1A0809_005
2025-10-16 16:33:23 - INFO: step3.py, pbe: ForkPoolWorker-1: Calling delphi to calculate conformer GLU01A0810_001 in /tmp/pbe_data.data.home.granepura.5-kinases.cof_tpl_mg.run_kin.4ASD_GLU01A0810_001
2025-10-16 16:33:26 - INFO: step3.py, pbe: ForkPoolWorker-1: Calling delphi to calculate conformer GLU01A0810_002 in /tmp/pbe_data.data.home.granepura.5-kinases.cof_tpl_mg.run_kin.4ASD_GLU01A0810_002
2025-10-16 16:33:29 - INFO: step3.py, pbe: ForkPoolWorker-1: Calling delphi to calculate conformer GLU02A0810_003 in /tmp/pbe_data.data.home.granepura.5-kinases.cof_tpl_mg.run_kin.4ASD_GLU02A0810_003
2025-10-16 16:33:32 - INFO: step3.py, pbe: ForkPoolWorker-1: Calling delphi to calculate conformer GLU02A0810_004 in /tmp/pbe_data.data.home.granepura.5-kinases.cof_tpl_mg.run_kin.4ASD_GLU02A0810_004
2025-10-16 16:33:35 - INFO: step3.py, pbe: ForkPoolWorker-1: Calling delphi to calculate conformer GLU-1A0810_005 in /tmp/pbe_data.data.home.granepura.5-kinases.cof_tpl_mg.run_kin.4ASD_GLU-1A0810_005
2025-10-16 16:33:38 - INFO: step3.py, pbe: Skipping PBE solver for non-charge conformer LEU01A0811_001...
2025-10-16 16:33:38 - INFO: step3.py, pbe: Skipping PBE solver for non-charge conformer PRO01A0812_001...
2025-10-16 16:33:38 - INFO: step3.py, pbe: Skipping PBE solver for non-charge conformer LEU01A0813_001...
2025-10-16 16:33:38 - INFO: step3.py, pbe: ForkPoolWorker-1: Calling delphi to calculate conformer ASP01A0814_001 in /tmp/pbe_data.data.home.granepura.5-kinases.cof_tpl_mg.run_kin.4ASD_ASP01A0814_001
2025-10-16 16:33:41 - INFO: step3.py, pbe: ForkPoolWorker-1: Calling delphi to calculate conformer ASP01A0814_002 in /tmp/pbe_data.data.home.granepura.5-kinases.cof_tpl_mg.run_kin.4ASD_ASP01A0814_002
2025-10-16 16:33:44 - INFO: step3.py, pbe: ForkPoolWorker-1: Calling delphi to calculate conformer ASP01A0814_003 in /tmp/pbe_data.data.home.granepura.5-kinases.cof_tpl_mg.run_kin.4ASD_ASP01A0814_003
2025-10-16 16:33:47 - INFO: step3.py, pbe: ForkPoolWorker-1: Calling delphi to calculate conformer ASP01A0814_004 in /tmp/pbe_data.data.home.granepura.5-kinases.cof_tpl_mg.run_kin.4ASD_ASP01A0814_004
2025-10-16 16:33:50 - INFO: step3.py, pbe: ForkPoolWorker-1: Calling delphi to calculate conformer ASP02A0814_005 in /tmp/pbe_data.data.home.granepura.5-kinases.cof_tpl_mg.run_kin.4ASD_ASP02A0814_005
2025-10-16 16:33:53 - INFO: step3.py, pbe: ForkPoolWorker-1: Calling delphi to calculate conformer ASP02A0814_006 in /tmp/pbe_data.data.home.granepura.5-kinases.cof_tpl_mg.run_kin.4ASD_ASP02A0814_006
2025-10-16 16:33:56 - INFO: step3.py, pbe: ForkPoolWorker-1: Calling delphi to calculate conformer ASP02A0814_007 in /tmp/pbe_data.data.home.granepura.5-kinases.cof_tpl_mg.run_kin.4ASD_ASP02A0814_007
2025-10-16 16:33:59 - INFO: step3.py, pbe: ForkPoolWorker-1: Calling delphi to calculate conformer ASP02A0814_008 in /tmp/pbe_data.data.home.granepura.5-kinases.cof_tpl_mg.run_kin.4ASD_ASP02A0814_008
2025-10-16 16:34:02 - INFO: step3.py, pbe: ForkPoolWorker-1: Calling delphi to calculate conformer ASP-1A0814_009 in /tmp/pbe_data.data.home.granepura.5-kinases.cof_tpl_mg.run_kin.4ASD_ASP-1A0814_009
2025-10-16 16:34:05 - INFO: step3.py, pbe: ForkPoolWorker-1: Calling delphi to calculate conformer ASP-1A0814_010 in /tmp/pbe_data.data.home.granepura.5-kinases.cof_tpl_mg.run_kin.4ASD_ASP-1A0814_010
2025-10-16 16:34:08 - INFO: step3.py, pbe: ForkPoolWorker-1: Calling delphi to calculate conformer GLU01A0815_001 in /tmp/pbe_data.data.home.granepura.5-kinases.cof_tpl_mg.run_kin.4ASD_GLU01A0815_001
2025-10-16 16:35:38 - INFO: step3.py, <module>: Step 3. Energies calculation with PBE solver.
2025-10-16 16:35:38 - INFO: step3.py, <module>: Calling new VDW....No Scaling Applied
2025-10-16 16:35:38 - INFO: step3.py, <module>:    Process run time options & convert step2_out.pdb.
2025-10-16 16:35:38 - INFO: step3.py, <module>:    Prepare input for PB solver.
2025-10-16 16:35:38 - INFO: step3.py, <module>:    Time needed: 0 seconds.
2025-10-16 16:35:38 - INFO: step3.py, <module>:    Set up parallel envrionment and run PB solver.
2025-10-16 16:35:38 - INFO: step3.py, <module>:    Running PBE solver in 1 threads
2025-10-16 16:35:38 - INFO: step3.py, pbe: ForkPoolWorker-1: Calling delphi to calculate conformer ASP01A0807_001 in /tmp/pbe_data.data.home.granepura.5-kinases.cof_tpl_mg.run_kin.4ASD_ASP01A0807_001
2025-10-16 16:35:41 - INFO: step3.py, pbe: ForkPoolWorker-1: Calling delphi to calculate conformer ASP01A0807_002 in /tmp/pbe_data.data.home.granepura.5-kinases.cof_tpl_mg.run_kin.4ASD_ASP01A0807_002
2025-10-16 16:35:44 - INFO: step3.py, pbe: ForkPoolWorker-1: Calling delphi to calculate conformer ASP02A0807_003 in /tmp/pbe_data.data.home.granepura.5-kinases.cof_tpl_mg.run_kin.4ASD_ASP02A0807_003
2025-10-16 16:35:47 - INFO: step3.py, pbe: ForkPoolWorker-1: Calling delphi to calculate conformer ASP02A0807_004 in /tmp/pbe_data.data.home.granepura.5-kinases.cof_tpl_mg.run_kin.4ASD_ASP02A0807_004
2025-10-16 16:35:50 - INFO: step3.py, pbe: ForkPoolWorker-1: Calling delphi to calculate conformer ASP-1A0807_005 in /tmp/pbe_data.data.home.granepura.5-kinases.cof_tpl_mg.run_kin.4ASD_ASP-1A0807_005
2025-10-16 16:35:53 - INFO: step3.py, pbe: Skipping PBE solver for non-charge conformer PRO01A0808_001...
2025-10-16 16:35:53 - INFO: step3.py, pbe: ForkPoolWorker-1: Calling delphi to calculate conformer ASP01A0809_001 in /tmp/pbe_data.data.home.granepura.5-kinases.cof_tpl_mg.run_kin.4ASD_ASP01A0809_001
2025-10-16 16:35:56 - INFO: step3.py, pbe: ForkPoolWorker-1: Calling delphi to calculate conformer ASP01A0809_002 in /tmp/pbe_data.data.home.granepura.5-kinases.cof_tpl_mg.run_kin.4ASD_ASP01A0809_002
2025-10-16 16:35:59 - INFO: step3.py, pbe: ForkPoolWorker-1: Calling delphi to calculate conformer ASP02A0809_003 in /tmp/pbe_data.data.home.granepura.5-kinases.cof_tpl_mg.run_kin.4ASD_ASP02A0809_003
2025-10-16 16:36:02 - INFO: step3.py, pbe: ForkPoolWorker-1: Calling delphi to calculate conformer ASP02A0809_004 in /tmp/pbe_data.data.home.granepura.5-kinases.cof_tpl_mg.run_kin.4ASD_ASP02A0809_004
2025-10-16 16:36:05 - INFO: step3.py, pbe: ForkPoolWorker-1: Calling delphi to calculate conformer ASP-1A0809_005 in /tmp/pbe_data.data.home.granepura.5-kinases.cof_tpl_mg.run_kin.4ASD_ASP-1A0809_005
2025-10-16 16:36:08 - INFO: step3.py, pbe: ForkPoolWorker-1: Calling delphi to calculate conformer GLU01A0810_001 in /tmp/pbe_data.data.home.granepura.5-kinases.cof_tpl_mg.run_kin.4ASD_GLU01A0810_001
2025-10-16 16:36:11 - INFO: step3.py, pbe: ForkPoolWorker-1: Calling delphi to calculate conformer GLU01A0810_002 in /tmp/pbe_data.data.home.granepura.5-kinases.cof_tpl_mg.run_kin.4ASD_GLU01A0810_002
2025-10-16 16:36:13 - INFO: step3.py, pbe: ForkPoolWorker-1: Calling delphi to calculate conformer GLU02A0810_003 in /tmp/pbe_data.data.home.granepura.5-kinases.cof_tpl_mg.run_kin.4ASD_GLU02A0810_003
2025-10-16 16:36:16 - INFO: step3.py, pbe: ForkPoolWorker-1: Calling delphi to calculate conformer GLU02A0810_004 in /tmp/pbe_data.data.home.granepura.5-kinases.cof_tpl_mg.run_kin.4ASD_GLU02A0810_004
2025-10-16 16:36:19 - INFO: step3.py, pbe: ForkPoolWorker-1: Calling delphi to calculate conformer GLU-1A0810_005 in /tmp/pbe_data.data.home.granepura.5-kinases.cof_tpl_mg.run_kin.4ASD_GLU-1A0810_005
2025-10-16 16:36:22 - INFO: step3.py, pbe: Skipping PBE solver for non-charge conformer LEU01A0811_001...
2025-10-16 16:36:22 - INFO: step3.py, pbe: Skipping PBE solver for non-charge conformer PRO01A0812_001...
2025-10-16 16:36:22 - INFO: step3.py, pbe: Skipping PBE solver for non-charge conformer LEU01A0813_001...
2025-10-16 16:36:22 - INFO: step3.py, pbe: ForkPoolWorker-1: Calling delphi to calculate conformer ASP01A0814_001 in /tmp/pbe_data.data.home.granepura.5-kinases.cof_tpl_mg.run_kin.4ASD_ASP01A0814_001
2025-10-16 16:36:25 - INFO: step3.py, pbe: ForkPoolWorker-1: Calling delphi to calculate conformer ASP01A0814_002 in /tmp/pbe_data.data.home.granepura.5-kinases.cof_tpl_mg.run_kin.4ASD_ASP01A0814_002
2025-10-16 16:36:28 - INFO: step3.py, pbe: ForkPoolWorker-1: Calling delphi to calculate conformer ASP01A0814_003 in /tmp/pbe_data.data.home.granepura.5-kinases.cof_tpl_mg.run_kin.4ASD_ASP01A0814_003
2025-10-16 16:36:31 - INFO: step3.py, pbe: ForkPoolWorker-1: Calling delphi to calculate conformer ASP01A0814_004 in /tmp/pbe_data.data.home.granepura.5-kinases.cof_tpl_mg.run_kin.4ASD_ASP01A0814_004
2025-10-16 16:36:34 - INFO: step3.py, pbe: ForkPoolWorker-1: Calling delphi to calculate conformer ASP02A0814_005 in /tmp/pbe_data.data.home.granepura.5-kinases.cof_tpl_mg.run_kin.4ASD_ASP02A0814_005
2025-10-16 16:36:37 - INFO: step3.py, pbe: ForkPoolWorker-1: Calling delphi to calculate conformer ASP02A0814_006 in /tmp/pbe_data.data.home.granepura.5-kinases.cof_tpl_mg.run_kin.4ASD_ASP02A0814_006
2025-10-16 16:36:40 - INFO: step3.py, pbe: ForkPoolWorker-1: Calling delphi to calculate conformer ASP02A0814_007 in /tmp/pbe_data.data.home.granepura.5-kinases.cof_tpl_mg.run_kin.4ASD_ASP02A0814_007
2025-10-16 16:36:43 - INFO: step3.py, pbe: ForkPoolWorker-1: Calling delphi to calculate conformer ASP02A0814_008 in /tmp/pbe_data.data.home.granepura.5-kinases.cof_tpl_mg.run_kin.4ASD_ASP02A0814_008
2025-10-16 16:36:47 - INFO: step3.py, pbe: ForkPoolWorker-1: Calling delphi to calculate conformer ASP-1A0814_009 in /tmp/pbe_data.data.home.granepura.5-kinases.cof_tpl_mg.run_kin.4ASD_ASP-1A0814_009
2025-10-16 16:36:50 - INFO: step3.py, pbe: ForkPoolWorker-1: Calling delphi to calculate conformer ASP-1A0814_010 in /tmp/pbe_data.data.home.granepura.5-kinases.cof_tpl_mg.run_kin.4ASD_ASP-1A0814_010
2025-10-16 16:36:53 - INFO: step3.py, pbe: ForkPoolWorker-1: Calling delphi to calculate conformer GLU01A0815_001 in /tmp/pbe_data.data.home.granepura.5-kinases.cof_tpl_mg.run_kin.4ASD_GLU01A0815_001
2025-10-16 16:36:56 - INFO: step3.py, pbe: ForkPoolWorker-1: Calling delphi to calculate conformer GLU01A0815_002 in /tmp/pbe_data.data.home.granepura.5-kinases.cof_tpl_mg.run_kin.4ASD_GLU01A0815_002
2025-10-16 16:36:59 - INFO: step3.py, pbe: ForkPoolWorker-1: Calling delphi to calculate conformer GLU02A0815_003 in /tmp/pbe_data.data.home.granepura.5-kinases.cof_tpl_mg.run_kin.4ASD_GLU02A0815_003
2025-10-16 16:37:02 - INFO: step3.py, pbe: ForkPoolWorker-1: Calling delphi to calculate conformer GLU02A0815_004 in /tmp/pbe_data.data.home.granepura.5-kinases.cof_tpl_mg.run_kin.4ASD_GLU02A0815_004
2025-10-16 16:37:05 - INFO: step3.py, pbe: ForkPoolWorker-1: Calling delphi to calculate conformer GLU-1A0815_005 in /tmp/pbe_data.data.home.granepura.5-kinases.cof_tpl_mg.run_kin.4ASD_GLU-1A0815_005
2025-10-16 16:37:08 - INFO: step3.py, pbe: ForkPoolWorker-1: Calling delphi to calculate conformer HIS01A0816_001 in /tmp/pbe_data.data.home.granepura.5-kinases.cof_tpl_mg.run_kin.4ASD_HIS01A0816_001
2025-10-16 16:37:11 - INFO: step3.py, pbe: ForkPoolWorker-1: Calling delphi to calculate conformer HIS02A0816_002 in /tmp/pbe_data.data.home.granepura.5-kinases.cof_tpl_mg.run_kin.4ASD_HIS02A0816_002
2025-10-16 16:37:13 - INFO: step3.py, pbe: ForkPoolWorker-1: Calling delphi to calculate conformer HIS+1A0816_003 in /tmp/pbe_data.data.home.granepura.5-kinases.cof_tpl_mg.run_kin.4ASD_HIS+1A0816_003
2025-10-16 16:37:16 - INFO: step3.py, pbe: ForkPoolWorker-1: Calling delphi to calculate conformer CYS01A0817_001 in /tmp/pbe_data.data.home.granepura.5-kinases.cof_tpl_mg.run_kin.4ASD_CYS01A0817_001
2025-10-16 16:37:19 - INFO: step3.py, pbe: ForkPoolWorker-1: Calling delphi to calculate conformer CYS01A0817_002 in /tmp/pbe_data.data.home.granepura.5-kinases.cof_tpl_mg.run_kin.4ASD_CYS01A0817_002
2025-10-16 16:37:22 - INFO: step3.py, pbe: ForkPoolWorker-1: Calling delphi to calculate conformer CYS01A0817_003 in /tmp/pbe_data.data.home.granepura.5-kinases.cof_tpl_mg.run_kin.4ASD_CYS01A0817_003
2025-10-16 16:37:25 - INFO: step3.py, pbe: ForkPoolWorker-1: Calling delphi to calculate conformer CYS-1A0817_004 in /tmp/pbe_data.data.home.granepura.5-kinases.cof_tpl_mg.run_kin.4ASD_CYS-1A0817_004
2025-10-16 16:37:28 - INFO: step3.py, pbe: ForkPoolWorker-1: Calling delphi to calculate conformer GLU01A0818_001 in /tmp/pbe_data.data.home.granepura.5-kinases.cof_tpl_mg.run_kin.4ASD_GLU01A0818_001
2025-10-16 16:37:31 - INFO: step3.py, pbe: ForkPoolWorker-1: Calling delphi to calculate conformer GLU01A0818_002 in /tmp/pbe_data.data.home.granepura.5-kinases.cof_tpl_mg.run_kin.4ASD_GLU01A0818_002
2025-10-16 16:37:34 - INFO: step3.py, pbe: ForkPoolWorker-1: Calling delphi to calculate conformer GLU02A0818_003 in /tmp/pbe_data.data.home.granepura.5-kinases.cof_tpl_mg.run_kin.4ASD_GLU02A0818_003
2025-10-16 16:37:37 - INFO: step3.py, pbe: ForkPoolWorker-1: Calling delphi to calculate conformer GLU02A0818_004 in /tmp/pbe_data.data.home.granepura.5-kinases.cof_tpl_mg.run_kin.4ASD_GLU02A0818_004
2025-10-16 16:37:40 - INFO: step3.py, pbe: ForkPoolWorker-1: Calling delphi to calculate conformer GLU-1A0818_005 in /tmp/pbe_data.data.home.granepura.5-kinases.cof_tpl_mg.run_kin.4ASD_GLU-1A0818_005
2025-10-16 16:37:43 - INFO: step3.py, pbe: ForkPoolWorker-1: Calling delphi to calculate conformer ARG01A0819_001 in /tmp/pbe_data.data.home.granepura.5-kinases.cof_tpl_mg.run_kin.4ASD_ARG01A0819_001
2025-10-16 16:37:46 - INFO: step3.py, pbe: ForkPoolWorker-1: Calling delphi to calculate conformer ARG02A0819_002 in /tmp/pbe_data.data.home.granepura.5-kinases.cof_tpl_mg.run_kin.4ASD_ARG02A0819_002
2025-10-16 16:37:49 - INFO: step3.py, pbe: ForkPoolWorker-1: Calling delphi to calculate conformer ARG03A0819_003 in /tmp/pbe_data.data.home.granepura.5-kinases.cof_tpl_mg.run_kin.4ASD_ARG03A0819_003
2025-10-16 16:37:52 - INFO: step3.py, pbe: ForkPoolWorker-1: Calling delphi to calculate conformer ARG+1A0819_004 in /tmp/pbe_data.data.home.granepura.5-kinases.cof_tpl_mg.run_kin.4ASD_ARG+1A0819_004
2025-10-16 16:37:55 - INFO: step3.py, pbe: Skipping PBE solver for non-charge conformer LEU01A0820_001...
2025-10-16 16:37:55 - INFO: step3.py, pbe: Skipping PBE solver for non-charge conformer PRO01A0821_001...
2025-10-16 16:37:55 - INFO: step3.py, pbe: ForkPoolWorker-1: Calling delphi to calculate conformer TYR01A0822_001 in /tmp/pbe_data.data.home.granepura.5-kinases.cof_tpl_mg.run_kin.4ASD_TYR01A0822_001
2025-10-16 16:37:58 - INFO: step3.py, pbe: ForkPoolWorker-1: Calling delphi to calculate conformer TYR01A0822_002 in /tmp/pbe_data.data.home.granepura.5-kinases.cof_tpl_mg.run_kin.4ASD_TYR01A0822_002
2025-10-16 16:38:01 - INFO: step3.py, pbe: ForkPoolWorker-1: Calling delphi to calculate conformer TYR-1A0822_003 in /tmp/pbe_data.data.home.granepura.5-kinases.cof_tpl_mg.run_kin.4ASD_TYR-1A0822_003
2025-10-16 16:38:04 - INFO: step3.py, pbe: ForkPoolWorker-1: Calling delphi to calculate conformer ASP01A0823_001 in /tmp/pbe_data.data.home.granepura.5-kinases.cof_tpl_mg.run_kin.4ASD_ASP01A0823_001
2025-10-16 16:38:07 - INFO: step3.py, pbe: ForkPoolWorker-1: Calling delphi to calculate conformer ASP01A0823_002 in /tmp/pbe_data.data.home.granepura.5-kinases.cof_tpl_mg.run_kin.4ASD_ASP01A0823_002
2025-10-16 16:38:10 - INFO: step3.py, pbe: ForkPoolWorker-1: Calling delphi to calculate conformer ASP02A0823_003 in /tmp/pbe_data.data.home.granepura.5-kinases.cof_tpl_mg.run_kin.4ASD_ASP02A0823_003
2025-10-16 16:38:13 - INFO: step3.py, pbe: ForkPoolWorker-1: Calling delphi to calculate conformer ASP02A0823_004 in /tmp/pbe_data.data.home.granepura.5-kinases.cof_tpl_mg.run_kin.4ASD_ASP02A0823_004
2025-10-16 16:38:16 - INFO: step3.py, pbe: ForkPoolWorker-1: Calling delphi to calculate conformer ASP-1A0823_005 in /tmp/pbe_data.data.home.granepura.5-kinases.cof_tpl_mg.run_kin.4ASD_ASP-1A0823_005
2025-10-16 16:38:19 - INFO: step3.py, pbe: Skipping PBE solver for non-charge conformer ALA01A0824_001...
2025-10-16 16:38:19 - INFO: step3.py, pbe: ForkPoolWorker-1: Calling delphi to calculate conformer SER01A0825_001 in /tmp/pbe_data.data.home.granepura.5-kinases.cof_tpl_mg.run_kin.4ASD_SER01A0825_001
2025-10-16 16:38:22 - INFO: step3.py, pbe: ForkPoolWorker-1: Calling delphi to calculate conformer SER01A0825_002 in /tmp/pbe_data.data.home.granepura.5-kinases.cof_tpl_mg.run_kin.4ASD_SER01A0825_002
2025-10-16 16:38:25 - INFO: step3.py, pbe: ForkPoolWorker-1: Calling delphi to calculate conformer LYS01A0826_001 in /tmp/pbe_data.data.home.granepura.5-kinases.cof_tpl_mg.run_kin.4ASD_LYS01A0826_001
2025-10-16 16:38:28 - INFO: step3.py, pbe: ForkPoolWorker-1: Calling delphi to calculate conformer LYS+1A0826_002 in /tmp/pbe_data.data.home.granepura.5-kinases.cof_tpl_mg.run_kin.4ASD_LYS+1A0826_002
2025-10-16 16:38:31 - INFO: step3.py, pbe: Skipping PBE solver for non-charge conformer TRP01A0827_001...
2025-10-16 16:38:31 - INFO: step3.py, pbe: ForkPoolWorker-1: Calling delphi to calculate conformer GLU01A0828_001 in /tmp/pbe_data.data.home.granepura.5-kinases.cof_tpl_mg.run_kin.4ASD_GLU01A0828_001
2025-10-16 16:38:34 - INFO: step3.py, pbe: ForkPoolWorker-1: Calling delphi to calculate conformer GLU01A0828_002 in /tmp/pbe_data.data.home.granepura.5-kinases.cof_tpl_mg.run_kin.4ASD_GLU01A0828_002
2025-10-16 16:38:37 - INFO: step3.py, pbe: ForkPoolWorker-1: Calling delphi to calculate conformer GLU02A0828_003 in /tmp/pbe_data.data.home.granepura.5-kinases.cof_tpl_mg.run_kin.4ASD_GLU02A0828_003
2025-10-16 16:38:40 - INFO: step3.py, pbe: ForkPoolWorker-1: Calling delphi to calculate conformer GLU02A0828_004 in /tmp/pbe_data.data.home.granepura.5-kinases.cof_tpl_mg.run_kin.4ASD_GLU02A0828_004
2025-10-16 16:38:43 - INFO: step3.py, pbe: ForkPoolWorker-1: Calling delphi to calculate conformer GLU-1A0828_005 in /tmp/pbe_data.data.home.granepura.5-kinases.cof_tpl_mg.run_kin.4ASD_GLU-1A0828_005
2025-10-16 16:38:46 - INFO: step3.py, pbe: Skipping PBE solver for non-charge conformer PHE01A0829_001...
2025-10-16 16:38:46 - INFO: step3.py, pbe: Skipping PBE solver for non-charge conformer PRO01A0830_001...
2025-10-16 16:38:46 - INFO: step3.py, pbe: ForkPoolWorker-1: Calling delphi to calculate conformer ARG01A0831_001 in /tmp/pbe_data.data.home.granepura.5-kinases.cof_tpl_mg.run_kin.4ASD_ARG01A0831_001
2025-10-16 16:38:49 - INFO: step3.py, pbe: ForkPoolWorker-1: Calling delphi to calculate conformer ARG02A0831_002 in /tmp/pbe_data.data.home.granepura.5-kinases.cof_tpl_mg.run_kin.4ASD_ARG02A0831_002
2025-10-16 16:38:52 - INFO: step3.py, pbe: ForkPoolWorker-1: Calling delphi to calculate conformer ARG03A0831_003 in /tmp/pbe_data.data.home.granepura.5-kinases.cof_tpl_mg.run_kin.4ASD_ARG03A0831_003
2025-10-16 16:38:55 - INFO: step3.py, pbe: ForkPoolWorker-1: Calling delphi to calculate conformer ARG03A0831_004 in /tmp/pbe_data.data.home.granepura.5-kinases.cof_tpl_mg.run_kin.4ASD_ARG03A0831_004
2025-10-16 16:38:58 - INFO: step3.py, pbe: ForkPoolWorker-1: Calling delphi to calculate conformer ARG+1A0831_005 in /tmp/pbe_data.data.home.granepura.5-kinases.cof_tpl_mg.run_kin.4ASD_ARG+1A0831_005
2025-10-16 16:39:01 - INFO: step3.py, pbe: ForkPoolWorker-1: Calling delphi to calculate conformer ASP01A0832_001 in /tmp/pbe_data.data.home.granepura.5-kinases.cof_tpl_mg.run_kin.4ASD_ASP01A0832_001
2025-10-16 16:39:04 - INFO: step3.py, pbe: ForkPoolWorker-1: Calling delphi to calculate conformer ASP01A0832_002 in /tmp/pbe_data.data.home.granepura.5-kinases.cof_tpl_mg.run_kin.4ASD_ASP01A0832_002
2025-10-16 16:39:07 - INFO: step3.py, pbe: ForkPoolWorker-1: Calling delphi to calculate conformer ASP02A0832_003 in /tmp/pbe_data.data.home.granepura.5-kinases.cof_tpl_mg.run_kin.4ASD_ASP02A0832_003
2025-10-16 16:39:10 - INFO: step3.py, pbe: ForkPoolWorker-1: Calling delphi to calculate conformer ASP02A0832_004 in /tmp/pbe_data.data.home.granepura.5-kinases.cof_tpl_mg.run_kin.4ASD_ASP02A0832_004
2025-10-16 16:39:13 - INFO: step3.py, pbe: ForkPoolWorker-1: Calling delphi to calculate conformer ASP-1A0832_005 in /tmp/pbe_data.data.home.granepura.5-kinases.cof_tpl_mg.run_kin.4ASD_ASP-1A0832_005
2025-10-16 16:39:15 - INFO: step3.py, pbe: ForkPoolWorker-1: Calling delphi to calculate conformer ARG01A0833_001 in /tmp/pbe_data.data.home.granepura.5-kinases.cof_tpl_mg.run_kin.4ASD_ARG01A0833_001
2025-10-16 16:39:18 - INFO: step3.py, pbe: ForkPoolWorker-1: Calling delphi to calculate conformer ARG02A0833_002 in /tmp/pbe_data.data.home.granepura.5-kinases.cof_tpl_mg.run_kin.4ASD_ARG02A0833_002
2025-10-16 16:39:21 - INFO: step3.py, pbe: ForkPoolWorker-1: Calling delphi to calculate conformer ARG03A0833_003 in /tmp/pbe_data.data.home.granepura.5-kinases.cof_tpl_mg.run_kin.4ASD_ARG03A0833_003
2025-10-16 16:39:24 - INFO: step3.py, pbe: ForkPoolWorker-1: Calling delphi to calculate conformer ARG+1A0833_004 in /tmp/pbe_data.data.home.granepura.5-kinases.cof_tpl_mg.run_kin.4ASD_ARG+1A0833_004
2025-10-16 16:39:27 - INFO: step3.py, pbe: Skipping PBE solver for non-charge conformer LEU01A0834_001...
2025-10-16 16:39:27 - INFO: step3.py, pbe: ForkPoolWorker-1: Calling delphi to calculate conformer LYS01A0835_001 in /tmp/pbe_data.data.home.granepura.5-kinases.cof_tpl_mg.run_kin.4ASD_LYS01A0835_001
2025-10-16 16:39:30 - INFO: step3.py, pbe: ForkPoolWorker-1: Calling delphi to calculate conformer LYS+1A0835_002 in /tmp/pbe_data.data.home.granepura.5-kinases.cof_tpl_mg.run_kin.4ASD_LYS+1A0835_002
2025-10-16 16:39:33 - INFO: step3.py, pbe: Skipping PBE solver for non-charge conformer LEU01A0836_001...
2025-10-16 16:39:33 - INFO: step3.py, pbe: ForkPoolWorker-1: Calling delphi to calculate conformer LYS01A0838_001 in /tmp/pbe_data.data.home.granepura.5-kinases.cof_tpl_mg.run_kin.4ASD_LYS01A0838_001
2025-10-16 16:39:36 - INFO: step3.py, pbe: ForkPoolWorker-1: Calling delphi to calculate conformer LYS+1A0838_002 in /tmp/pbe_data.data.home.granepura.5-kinases.cof_tpl_mg.run_kin.4ASD_LYS+1A0838_002
2025-10-16 16:39:39 - INFO: step3.py, pbe: Skipping PBE solver for non-charge conformer PRO01A0839_001...
2025-10-16 16:39:39 - INFO: step3.py, pbe: Skipping PBE solver for non-charge conformer LEU01A0840_001...
2025-10-16 16:39:39 - INFO: step3.py, pbe: ForkPoolWorker-1: Calling delphi to calculate conformer ARG01A0842_001 in /tmp/pbe_data.data.home.granepura.5-kinases.cof_tpl_mg.run_kin.4ASD_ARG01A0842_001
2025-10-16 16:39:42 - INFO: step3.py, pbe: ForkPoolWorker-1: Calling delphi to calculate conformer ARG02A0842_002 in /tmp/pbe_data.data.home.granepura.5-kinases.cof_tpl_mg.run_kin.4ASD_ARG02A0842_002
2025-10-16 16:39:45 - INFO: step3.py, pbe: ForkPoolWorker-1: Calling delphi to calculate conformer ARG03A0842_003 in /tmp/pbe_data.data.home.granepura.5-kinases.cof_tpl_mg.run_kin.4ASD_ARG03A0842_003
2025-10-16 16:39:48 - INFO: step3.py, pbe: ForkPoolWorker-1: Calling delphi to calculate conformer ARG+1A0842_004 in /tmp/pbe_data.data.home.granepura.5-kinases.cof_tpl_mg.run_kin.4ASD_ARG+1A0842_004
2025-10-16 16:39:51 - INFO: step3.py, pbe: Skipping PBE solver for non-charge conformer ALA01A0844_001...
2025-10-16 16:39:51 - INFO: step3.py, pbe: Skipping PBE solver for non-charge conformer PHE01A0845_001...
2025-10-16 16:39:51 - INFO: step3.py, pbe: ForkPoolWorker-1: Calling delphi to calculate conformer GLN01A0847_001 in /tmp/pbe_data.data.home.granepura.5-kinases.cof_tpl_mg.run_kin.4ASD_GLN01A0847_001
2025-10-16 16:39:54 - INFO: step3.py, pbe: ForkPoolWorker-1: Calling delphi to calculate conformer GLN01A0847_002 in /tmp/pbe_data.data.home.granepura.5-kinases.cof_tpl_mg.run_kin.4ASD_GLN01A0847_002
2025-10-16 16:39:56 - INFO: step3.py, pbe: Skipping PBE solver for non-charge conformer VAL01A0848_001...
2025-10-16 16:39:57 - INFO: step3.py, pbe: Skipping PBE solver for non-charge conformer ILE01A0849_001...
2025-10-16 16:39:57 - INFO: step3.py, pbe: ForkPoolWorker-1: Calling delphi to calculate conformer GLU01A0850_001 in /tmp/pbe_data.data.home.granepura.5-kinases.cof_tpl_mg.run_kin.4ASD_GLU01A0850_001
2025-10-16 16:39:59 - INFO: step3.py, pbe: ForkPoolWorker-1: Calling delphi to calculate conformer GLU01A0850_002 in /tmp/pbe_data.data.home.granepura.5-kinases.cof_tpl_mg.run_kin.4ASD_GLU01A0850_002
2025-10-16 16:40:03 - INFO: step3.py, pbe: ForkPoolWorker-1: Calling delphi to calculate conformer GLU02A0850_003 in /tmp/pbe_data.data.home.granepura.5-kinases.cof_tpl_mg.run_kin.4ASD_GLU02A0850_003
2025-10-16 16:40:05 - INFO: step3.py, pbe: ForkPoolWorker-1: Calling delphi to calculate conformer GLU02A0850_004 in /tmp/pbe_data.data.home.granepura.5-kinases.cof_tpl_mg.run_kin.4ASD_GLU02A0850_004
2025-10-16 16:40:08 - INFO: step3.py, pbe: ForkPoolWorker-1: Calling delphi to calculate conformer GLU-1A0850_005 in /tmp/pbe_data.data.home.granepura.5-kinases.cof_tpl_mg.run_kin.4ASD_GLU-1A0850_005
2025-10-16 16:40:11 - INFO: step3.py, pbe: Skipping PBE solver for non-charge conformer ALA01A0851_001...
2025-10-16 16:40:11 - INFO: step3.py, pbe: ForkPoolWorker-1: Calling delphi to calculate conformer ASP01A0852_001 in /tmp/pbe_data.data.home.granepura.5-kinases.cof_tpl_mg.run_kin.4ASD_ASP01A0852_001
2025-10-16 16:40:14 - INFO: step3.py, pbe: ForkPoolWorker-1: Calling delphi to calculate conformer ASP01A0852_002 in /tmp/pbe_data.data.home.granepura.5-kinases.cof_tpl_mg.run_kin.4ASD_ASP01A0852_002
2025-10-16 16:40:17 - INFO: step3.py, pbe: ForkPoolWorker-1: Calling delphi to calculate conformer ASP02A0852_003 in /tmp/pbe_data.data.home.granepura.5-kinases.cof_tpl_mg.run_kin.4ASD_ASP02A0852_003
2025-10-16 16:40:20 - INFO: step3.py, pbe: ForkPoolWorker-1: Calling delphi to calculate conformer ASP02A0852_004 in /tmp/pbe_data.data.home.granepura.5-kinases.cof_tpl_mg.run_kin.4ASD_ASP02A0852_004
2025-10-16 16:40:23 - INFO: step3.py, pbe: ForkPoolWorker-1: Calling delphi to calculate conformer ASP-1A0852_005 in /tmp/pbe_data.data.home.granepura.5-kinases.cof_tpl_mg.run_kin.4ASD_ASP-1A0852_005
2025-10-16 16:40:26 - INFO: step3.py, pbe: Skipping PBE solver for non-charge conformer ALA01A0853_001...
2025-10-16 16:40:26 - INFO: step3.py, pbe: Skipping PBE solver for non-charge conformer PHE01A0854_001...
2025-10-16 16:40:26 - INFO: step3.py, pbe: Skipping PBE solver for non-charge conformer ILE01A0856_001...
2025-10-16 16:40:26 - INFO: step3.py, pbe: ForkPoolWorker-1: Calling delphi to calculate conformer ASP01A0857_001 in /tmp/pbe_data.data.home.granepura.5-kinases.cof_tpl_mg.run_kin.4ASD_ASP01A0857_001
2025-10-16 16:40:29 - INFO: step3.py, pbe: ForkPoolWorker-1: Calling delphi to calculate conformer ASP01A0857_002 in /tmp/pbe_data.data.home.granepura.5-kinases.cof_tpl_mg.run_kin.4ASD_ASP01A0857_002
2025-10-16 16:40:32 - INFO: step3.py, pbe: ForkPoolWorker-1: Calling delphi to calculate conformer ASP02A0857_003 in /tmp/pbe_data.data.home.granepura.5-kinases.cof_tpl_mg.run_kin.4ASD_ASP02A0857_003
2025-10-16 16:40:35 - INFO: step3.py, pbe: ForkPoolWorker-1: Calling delphi to calculate conformer ASP02A0857_004 in /tmp/pbe_data.data.home.granepura.5-kinases.cof_tpl_mg.run_kin.4ASD_ASP02A0857_004
2025-10-16 16:40:38 - INFO: step3.py, pbe: ForkPoolWorker-1: Calling delphi to calculate conformer ASP-1A0857_005 in /tmp/pbe_data.data.home.granepura.5-kinases.cof_tpl_mg.run_kin.4ASD_ASP-1A0857_005
2025-10-16 16:40:41 - INFO: step3.py, pbe: ForkPoolWorker-1: Calling delphi to calculate conformer LYS01A0858_001 in /tmp/pbe_data.data.home.granepura.5-kinases.cof_tpl_mg.run_kin.4ASD_LYS01A0858_001
2025-10-16 16:40:44 - INFO: step3.py, pbe: ForkPoolWorker-1: Calling delphi to calculate conformer LYS+1A0858_002 in /tmp/pbe_data.data.home.granepura.5-kinases.cof_tpl_mg.run_kin.4ASD_LYS+1A0858_002
2025-10-16 16:40:46 - INFO: step3.py, pbe: ForkPoolWorker-1: Calling delphi to calculate conformer THR01A0859_001 in /tmp/pbe_data.data.home.granepura.5-kinases.cof_tpl_mg.run_kin.4ASD_THR01A0859_001
2025-10-16 16:40:49 - INFO: step3.py, pbe: ForkPoolWorker-1: Calling delphi to calculate conformer THR01A0859_002 in /tmp/pbe_data.data.home.granepura.5-kinases.cof_tpl_mg.run_kin.4ASD_THR01A0859_002
2025-10-16 16:40:52 - INFO: step3.py, pbe: Skipping PBE solver for non-charge conformer ALA01A0860_001...
2025-10-16 16:40:52 - INFO: step3.py, pbe: ForkPoolWorker-1: Calling delphi to calculate conformer THR01A0861_001 in /tmp/pbe_data.data.home.granepura.5-kinases.cof_tpl_mg.run_kin.4ASD_THR01A0861_001
2025-10-16 16:40:55 - INFO: step3.py, pbe: ForkPoolWorker-1: Calling delphi to calculate conformer THR01A0861_002 in /tmp/pbe_data.data.home.granepura.5-kinases.cof_tpl_mg.run_kin.4ASD_THR01A0861_002
2025-10-16 16:40:58 - INFO: step3.py, pbe: ForkPoolWorker-1: Calling delphi to calculate conformer THR01A0861_003 in /tmp/pbe_data.data.home.granepura.5-kinases.cof_tpl_mg.run_kin.4ASD_THR01A0861_003
2025-10-16 16:41:01 - INFO: step3.py, pbe: ForkPoolWorker-1: Calling delphi to calculate conformer CYS01A0862_001 in /tmp/pbe_data.data.home.granepura.5-kinases.cof_tpl_mg.run_kin.4ASD_CYS01A0862_001
2025-10-16 16:41:04 - INFO: step3.py, pbe: ForkPoolWorker-1: Calling delphi to calculate conformer CYS01A0862_002 in /tmp/pbe_data.data.home.granepura.5-kinases.cof_tpl_mg.run_kin.4ASD_CYS01A0862_002
2025-10-16 16:41:07 - INFO: step3.py, pbe: ForkPoolWorker-1: Calling delphi to calculate conformer CYS01A0862_003 in /tmp/pbe_data.data.home.granepura.5-kinases.cof_tpl_mg.run_kin.4ASD_CYS01A0862_003
2025-10-16 16:41:10 - INFO: step3.py, pbe: ForkPoolWorker-1: Calling delphi to calculate conformer CYS-1A0862_004 in /tmp/pbe_data.data.home.granepura.5-kinases.cof_tpl_mg.run_kin.4ASD_CYS-1A0862_004
2025-10-16 16:41:14 - INFO: step3.py, pbe: ForkPoolWorker-1: Calling delphi to calculate conformer ARG01A0863_001 in /tmp/pbe_data.data.home.granepura.5-kinases.cof_tpl_mg.run_kin.4ASD_ARG01A0863_001
2025-10-16 16:41:17 - INFO: step3.py, pbe: ForkPoolWorker-1: Calling delphi to calculate conformer ARG02A0863_002 in /tmp/pbe_data.data.home.granepura.5-kinases.cof_tpl_mg.run_kin.4ASD_ARG02A0863_002
2025-10-16 16:41:20 - INFO: step3.py, pbe: ForkPoolWorker-1: Calling delphi to calculate conformer ARG03A0863_003 in /tmp/pbe_data.data.home.granepura.5-kinases.cof_tpl_mg.run_kin.4ASD_ARG03A0863_003
2025-10-16 16:41:23 - INFO: step3.py, pbe: ForkPoolWorker-1: Calling delphi to calculate conformer ARG03A0863_004 in /tmp/pbe_data.data.home.granepura.5-kinases.cof_tpl_mg.run_kin.4ASD_ARG03A0863_004
2025-10-16 16:41:26 - INFO: step3.py, pbe: ForkPoolWorker-1: Calling delphi to calculate conformer ARG+1A0863_005 in /tmp/pbe_data.data.home.granepura.5-kinases.cof_tpl_mg.run_kin.4ASD_ARG+1A0863_005
2025-10-16 16:41:29 - INFO: step3.py, pbe: ForkPoolWorker-1: Calling delphi to calculate conformer THR01A0864_001 in /tmp/pbe_data.data.home.granepura.5-kinases.cof_tpl_mg.run_kin.4ASD_THR01A0864_001
2025-10-16 16:41:32 - INFO: step3.py, pbe: ForkPoolWorker-1: Calling delphi to calculate conformer THR01A0864_002 in /tmp/pbe_data.data.home.granepura.5-kinases.cof_tpl_mg.run_kin.4ASD_THR01A0864_002
2025-10-16 16:41:34 - INFO: step3.py, pbe: Skipping PBE solver for non-charge conformer VAL01A0865_001...
2025-10-16 16:41:34 - INFO: step3.py, pbe: Skipping PBE solver for non-charge conformer ALA01A0866_001...
2025-10-16 16:41:35 - INFO: step3.py, pbe: Skipping PBE solver for non-charge conformer VAL01A0867_001...
2025-10-16 16:41:35 - INFO: step3.py, pbe: ForkPoolWorker-1: Calling delphi to calculate conformer LYS01A0868_001 in /tmp/pbe_data.data.home.granepura.5-kinases.cof_tpl_mg.run_kin.4ASD_LYS01A0868_001
2025-10-16 16:41:38 - INFO: step3.py, pbe: ForkPoolWorker-1: Calling delphi to calculate conformer LYS+1A0868_002 in /tmp/pbe_data.data.home.granepura.5-kinases.cof_tpl_mg.run_kin.4ASD_LYS+1A0868_002
2025-10-16 16:41:41 - INFO: step3.py, pbe: ForkPoolWorker-1: Calling delphi to calculate conformer MET01A0869_001 in /tmp/pbe_data.data.home.granepura.5-kinases.cof_tpl_mg.run_kin.4ASD_MET01A0869_001
2025-10-16 16:41:44 - INFO: step3.py, pbe: Skipping PBE solver for non-charge conformer LEU01A0870_001...
2025-10-16 16:41:44 - INFO: step3.py, pbe: ForkPoolWorker-1: Calling delphi to calculate conformer LYS01A0871_001 in /tmp/pbe_data.data.home.granepura.5-kinases.cof_tpl_mg.run_kin.4ASD_LYS01A0871_001
2025-10-16 16:41:46 - INFO: step3.py, pbe: ForkPoolWorker-1: Calling delphi to calculate conformer LYS+1A0871_002 in /tmp/pbe_data.data.home.granepura.5-kinases.cof_tpl_mg.run_kin.4ASD_LYS+1A0871_002
2025-10-16 16:41:49 - INFO: step3.py, pbe: ForkPoolWorker-1: Calling delphi to calculate conformer GLU01A0872_001 in /tmp/pbe_data.data.home.granepura.5-kinases.cof_tpl_mg.run_kin.4ASD_GLU01A0872_001
2025-10-16 16:41:52 - INFO: step3.py, pbe: ForkPoolWorker-1: Calling delphi to calculate conformer GLU01A0872_002 in /tmp/pbe_data.data.home.granepura.5-kinases.cof_tpl_mg.run_kin.4ASD_GLU01A0872_002
2025-10-16 16:41:55 - INFO: step3.py, pbe: ForkPoolWorker-1: Calling delphi to calculate conformer GLU02A0872_003 in /tmp/pbe_data.data.home.granepura.5-kinases.cof_tpl_mg.run_kin.4ASD_GLU02A0872_003
2025-10-16 16:41:58 - INFO: step3.py, pbe: ForkPoolWorker-1: Calling delphi to calculate conformer GLU02A0872_004 in /tmp/pbe_data.data.home.granepura.5-kinases.cof_tpl_mg.run_kin.4ASD_GLU02A0872_004
2025-10-16 16:42:01 - INFO: step3.py, pbe: ForkPoolWorker-1: Calling delphi to calculate conformer GLU-1A0872_005 in /tmp/pbe_data.data.home.granepura.5-kinases.cof_tpl_mg.run_kin.4ASD_GLU-1A0872_005
2025-10-16 16:42:04 - INFO: step3.py, pbe: Skipping PBE solver for non-charge conformer ALA01A0874_001...
2025-10-16 16:42:04 - INFO: step3.py, pbe: ForkPoolWorker-1: Calling delphi to calculate conformer THR01A0875_001 in /tmp/pbe_data.data.home.granepura.5-kinases.cof_tpl_mg.run_kin.4ASD_THR01A0875_001
2025-10-16 16:42:07 - INFO: step3.py, pbe: ForkPoolWorker-1: Calling delphi to calculate conformer THR01A0875_002 in /tmp/pbe_data.data.home.granepura.5-kinases.cof_tpl_mg.run_kin.4ASD_THR01A0875_002
2025-10-16 16:42:10 - INFO: step3.py, pbe: ForkPoolWorker-1: Calling delphi to calculate conformer HIS01A0876_001 in /tmp/pbe_data.data.home.granepura.5-kinases.cof_tpl_mg.run_kin.4ASD_HIS01A0876_001
2025-10-16 16:42:13 - INFO: step3.py, pbe: ForkPoolWorker-1: Calling delphi to calculate conformer HIS01A0876_002 in /tmp/pbe_data.data.home.granepura.5-kinases.cof_tpl_mg.run_kin.4ASD_HIS01A0876_002
2025-10-16 16:42:16 - INFO: step3.py, pbe: ForkPoolWorker-1: Calling delphi to calculate conformer HIS02A0876_003 in /tmp/pbe_data.data.home.granepura.5-kinases.cof_tpl_mg.run_kin.4ASD_HIS02A0876_003
2025-10-16 16:42:19 - INFO: step3.py, pbe: ForkPoolWorker-1: Calling delphi to calculate conformer HIS02A0876_004 in /tmp/pbe_data.data.home.granepura.5-kinases.cof_tpl_mg.run_kin.4ASD_HIS02A0876_004
2025-10-16 16:42:22 - INFO: step3.py, pbe: ForkPoolWorker-1: Calling delphi to calculate conformer HIS+1A0876_005 in /tmp/pbe_data.data.home.granepura.5-kinases.cof_tpl_mg.run_kin.4ASD_HIS+1A0876_005
2025-10-16 16:42:24 - INFO: step3.py, pbe: ForkPoolWorker-1: Calling delphi to calculate conformer HIS+1A0876_006 in /tmp/pbe_data.data.home.granepura.5-kinases.cof_tpl_mg.run_kin.4ASD_HIS+1A0876_006
2025-10-16 16:42:27 - INFO: step3.py, pbe: ForkPoolWorker-1: Calling delphi to calculate conformer SER01A0877_001 in /tmp/pbe_data.data.home.granepura.5-kinases.cof_tpl_mg.run_kin.4ASD_SER01A0877_001
2025-10-16 16:42:30 - INFO: step3.py, pbe: ForkPoolWorker-1: Calling delphi to calculate conformer SER01A0877_002 in /tmp/pbe_data.data.home.granepura.5-kinases.cof_tpl_mg.run_kin.4ASD_SER01A0877_002
2025-10-16 16:42:33 - INFO: step3.py, pbe: ForkPoolWorker-1: Calling delphi to calculate conformer GLU01A0878_001 in /tmp/pbe_data.data.home.granepura.5-kinases.cof_tpl_mg.run_kin.4ASD_GLU01A0878_001
2025-10-16 16:42:36 - INFO: step3.py, pbe: ForkPoolWorker-1: Calling delphi to calculate conformer GLU01A0878_002 in /tmp/pbe_data.data.home.granepura.5-kinases.cof_tpl_mg.run_kin.4ASD_GLU01A0878_002
2025-10-16 16:42:39 - INFO: step3.py, pbe: ForkPoolWorker-1: Calling delphi to calculate conformer GLU02A0878_003 in /tmp/pbe_data.data.home.granepura.5-kinases.cof_tpl_mg.run_kin.4ASD_GLU02A0878_003
2025-10-16 16:42:42 - INFO: step3.py, pbe: ForkPoolWorker-1: Calling delphi to calculate conformer GLU02A0878_004 in /tmp/pbe_data.data.home.granepura.5-kinases.cof_tpl_mg.run_kin.4ASD_GLU02A0878_004
2025-10-16 16:42:45 - INFO: step3.py, pbe: ForkPoolWorker-1: Calling delphi to calculate conformer GLU-1A0878_005 in /tmp/pbe_data.data.home.granepura.5-kinases.cof_tpl_mg.run_kin.4ASD_GLU-1A0878_005
2025-10-16 16:42:48 - INFO: step3.py, pbe: ForkPoolWorker-1: Calling delphi to calculate conformer HIS01A0879_001 in /tmp/pbe_data.data.home.granepura.5-kinases.cof_tpl_mg.run_kin.4ASD_HIS01A0879_001
2025-10-16 16:42:51 - INFO: step3.py, pbe: ForkPoolWorker-1: Calling delphi to calculate conformer HIS01A0879_002 in /tmp/pbe_data.data.home.granepura.5-kinases.cof_tpl_mg.run_kin.4ASD_HIS01A0879_002
2025-10-16 16:42:54 - INFO: step3.py, pbe: ForkPoolWorker-1: Calling delphi to calculate conformer HIS02A0879_003 in /tmp/pbe_data.data.home.granepura.5-kinases.cof_tpl_mg.run_kin.4ASD_HIS02A0879_003
2025-10-16 16:42:57 - INFO: step3.py, pbe: ForkPoolWorker-1: Calling delphi to calculate conformer HIS02A0879_004 in /tmp/pbe_data.data.home.granepura.5-kinases.cof_tpl_mg.run_kin.4ASD_HIS02A0879_004
2025-10-16 16:43:00 - INFO: step3.py, pbe: ForkPoolWorker-1: Calling delphi to calculate conformer HIS+1A0879_005 in /tmp/pbe_data.data.home.granepura.5-kinases.cof_tpl_mg.run_kin.4ASD_HIS+1A0879_005
2025-10-16 16:43:03 - INFO: step3.py, pbe: ForkPoolWorker-1: Calling delphi to calculate conformer HIS+1A0879_006 in /tmp/pbe_data.data.home.granepura.5-kinases.cof_tpl_mg.run_kin.4ASD_HIS+1A0879_006
2025-10-16 16:43:06 - INFO: step3.py, pbe: ForkPoolWorker-1: Calling delphi to calculate conformer ARG01A0880_001 in /tmp/pbe_data.data.home.granepura.5-kinases.cof_tpl_mg.run_kin.4ASD_ARG01A0880_001
2025-10-16 16:43:09 - INFO: step3.py, pbe: ForkPoolWorker-1: Calling delphi to calculate conformer ARG02A0880_002 in /tmp/pbe_data.data.home.granepura.5-kinases.cof_tpl_mg.run_kin.4ASD_ARG02A0880_002
2025-10-16 16:43:12 - INFO: step3.py, pbe: ForkPoolWorker-1: Calling delphi to calculate conformer ARG03A0880_003 in /tmp/pbe_data.data.home.granepura.5-kinases.cof_tpl_mg.run_kin.4ASD_ARG03A0880_003
2025-10-16 16:43:15 - INFO: step3.py, pbe: ForkPoolWorker-1: Calling delphi to calculate conformer ARG+1A0880_004 in /tmp/pbe_data.data.home.granepura.5-kinases.cof_tpl_mg.run_kin.4ASD_ARG+1A0880_004
2025-10-16 16:43:18 - INFO: step3.py, pbe: Skipping PBE solver for non-charge conformer ALA01A0881_001...
2025-10-16 16:43:18 - INFO: step3.py, pbe: Skipping PBE solver for non-charge conformer LEU01A0882_001...
2025-10-16 16:43:18 - INFO: step3.py, pbe: ForkPoolWorker-1: Calling delphi to calculate conformer MET01A0883_001 in /tmp/pbe_data.data.home.granepura.5-kinases.cof_tpl_mg.run_kin.4ASD_MET01A0883_001
2025-10-16 16:43:21 - INFO: step3.py, pbe: ForkPoolWorker-1: Calling delphi to calculate conformer SER01A0884_001 in /tmp/pbe_data.data.home.granepura.5-kinases.cof_tpl_mg.run_kin.4ASD_SER01A0884_001
2025-10-16 16:43:24 - INFO: step3.py, pbe: ForkPoolWorker-1: Calling delphi to calculate conformer SER01A0884_002 in /tmp/pbe_data.data.home.granepura.5-kinases.cof_tpl_mg.run_kin.4ASD_SER01A0884_002
2025-10-16 16:43:27 - INFO: step3.py, pbe: ForkPoolWorker-1: Calling delphi to calculate conformer GLU01A0885_001 in /tmp/pbe_data.data.home.granepura.5-kinases.cof_tpl_mg.run_kin.4ASD_GLU01A0885_001
2025-10-16 16:43:30 - INFO: step3.py, pbe: ForkPoolWorker-1: Calling delphi to calculate conformer GLU01A0885_002 in /tmp/pbe_data.data.home.granepura.5-kinases.cof_tpl_mg.run_kin.4ASD_GLU01A0885_002
2025-10-16 16:43:33 - INFO: step3.py, pbe: ForkPoolWorker-1: Calling delphi to calculate conformer GLU01A0885_003 in /tmp/pbe_data.data.home.granepura.5-kinases.cof_tpl_mg.run_kin.4ASD_GLU01A0885_003
2025-10-16 16:43:36 - INFO: step3.py, pbe: ForkPoolWorker-1: Calling delphi to calculate conformer GLU01A0885_004 in /tmp/pbe_data.data.home.granepura.5-kinases.cof_tpl_mg.run_kin.4ASD_GLU01A0885_004
2025-10-16 16:43:39 - INFO: step3.py, pbe: ForkPoolWorker-1: Calling delphi to calculate conformer GLU02A0885_005 in /tmp/pbe_data.data.home.granepura.5-kinases.cof_tpl_mg.run_kin.4ASD_GLU02A0885_005
2025-10-16 16:43:42 - INFO: step3.py, pbe: ForkPoolWorker-1: Calling delphi to calculate conformer GLU02A0885_006 in /tmp/pbe_data.data.home.granepura.5-kinases.cof_tpl_mg.run_kin.4ASD_GLU02A0885_006
2025-10-16 16:43:45 - INFO: step3.py, pbe: ForkPoolWorker-1: Calling delphi to calculate conformer GLU02A0885_007 in /tmp/pbe_data.data.home.granepura.5-kinases.cof_tpl_mg.run_kin.4ASD_GLU02A0885_007
2025-10-16 16:43:49 - INFO: step3.py, pbe: ForkPoolWorker-1: Calling delphi to calculate conformer GLU02A0885_008 in /tmp/pbe_data.data.home.granepura.5-kinases.cof_tpl_mg.run_kin.4ASD_GLU02A0885_008
2025-10-16 16:43:52 - INFO: step3.py, pbe: ForkPoolWorker-1: Calling delphi to calculate conformer GLU-1A0885_009 in /tmp/pbe_data.data.home.granepura.5-kinases.cof_tpl_mg.run_kin.4ASD_GLU-1A0885_009
2025-10-16 16:43:55 - INFO: step3.py, pbe: ForkPoolWorker-1: Calling delphi to calculate conformer GLU-1A0885_010 in /tmp/pbe_data.data.home.granepura.5-kinases.cof_tpl_mg.run_kin.4ASD_GLU-1A0885_010
2025-10-16 16:43:58 - INFO: step3.py, pbe: Skipping PBE solver for non-charge conformer LEU01A0886_001...
2025-10-16 16:43:58 - INFO: step3.py, pbe: ForkPoolWorker-1: Calling delphi to calculate conformer LYS01A0887_001 in /tmp/pbe_data.data.home.granepura.5-kinases.cof_tpl_mg.run_kin.4ASD_LYS01A0887_001
2025-10-16 16:44:01 - INFO: step3.py, pbe: ForkPoolWorker-1: Calling delphi to calculate conformer LYS+1A0887_002 in /tmp/pbe_data.data.home.granepura.5-kinases.cof_tpl_mg.run_kin.4ASD_LYS+1A0887_002
2025-10-16 16:44:04 - INFO: step3.py, pbe: Skipping PBE solver for non-charge conformer ILE01A0888_001...
2025-10-16 16:44:04 - INFO: step3.py, pbe: Skipping PBE solver for non-charge conformer LEU01A0889_001...
2025-10-16 16:44:04 - INFO: step3.py, pbe: Skipping PBE solver for non-charge conformer ILE01A0890_001...
2025-10-16 16:44:04 - INFO: step3.py, pbe: ForkPoolWorker-1: Calling delphi to calculate conformer HIS01A0891_001 in /tmp/pbe_data.data.home.granepura.5-kinases.cof_tpl_mg.run_kin.4ASD_HIS01A0891_001
2025-10-16 16:44:07 - INFO: step3.py, pbe: ForkPoolWorker-1: Calling delphi to calculate conformer HIS01A0891_002 in /tmp/pbe_data.data.home.granepura.5-kinases.cof_tpl_mg.run_kin.4ASD_HIS01A0891_002
2025-10-16 16:44:10 - INFO: step3.py, pbe: ForkPoolWorker-1: Calling delphi to calculate conformer HIS02A0891_003 in /tmp/pbe_data.data.home.granepura.5-kinases.cof_tpl_mg.run_kin.4ASD_HIS02A0891_003
2025-10-16 16:44:13 - INFO: step3.py, pbe: ForkPoolWorker-1: Calling delphi to calculate conformer HIS02A0891_004 in /tmp/pbe_data.data.home.granepura.5-kinases.cof_tpl_mg.run_kin.4ASD_HIS02A0891_004
2025-10-16 16:44:16 - INFO: step3.py, pbe: ForkPoolWorker-1: Calling delphi to calculate conformer HIS+1A0891_005 in /tmp/pbe_data.data.home.granepura.5-kinases.cof_tpl_mg.run_kin.4ASD_HIS+1A0891_005
2025-10-16 16:44:19 - INFO: step3.py, pbe: ForkPoolWorker-1: Calling delphi to calculate conformer HIS+1A0891_006 in /tmp/pbe_data.data.home.granepura.5-kinases.cof_tpl_mg.run_kin.4ASD_HIS+1A0891_006
2025-10-16 16:44:22 - INFO: step3.py, pbe: Skipping PBE solver for non-charge conformer ILE01A0892_001...
2025-10-16 16:44:22 - INFO: step3.py, pbe: ForkPoolWorker-1: Calling delphi to calculate conformer HIS01A0894_001 in /tmp/pbe_data.data.home.granepura.5-kinases.cof_tpl_mg.run_kin.4ASD_HIS01A0894_001
2025-10-16 16:44:25 - INFO: step3.py, pbe: ForkPoolWorker-1: Calling delphi to calculate conformer HIS01A0894_002 in /tmp/pbe_data.data.home.granepura.5-kinases.cof_tpl_mg.run_kin.4ASD_HIS01A0894_002
2025-10-16 16:44:28 - INFO: step3.py, pbe: ForkPoolWorker-1: Calling delphi to calculate conformer HIS02A0894_003 in /tmp/pbe_data.data.home.granepura.5-kinases.cof_tpl_mg.run_kin.4ASD_HIS02A0894_003
2025-10-16 16:44:31 - INFO: step3.py, pbe: ForkPoolWorker-1: Calling delphi to calculate conformer HIS02A0894_004 in /tmp/pbe_data.data.home.granepura.5-kinases.cof_tpl_mg.run_kin.4ASD_HIS02A0894_004
2025-10-16 16:44:34 - INFO: step3.py, pbe: ForkPoolWorker-1: Calling delphi to calculate conformer HIS+1A0894_005 in /tmp/pbe_data.data.home.granepura.5-kinases.cof_tpl_mg.run_kin.4ASD_HIS+1A0894_005
2025-10-16 16:44:37 - INFO: step3.py, pbe: ForkPoolWorker-1: Calling delphi to calculate conformer HIS+1A0894_006 in /tmp/pbe_data.data.home.granepura.5-kinases.cof_tpl_mg.run_kin.4ASD_HIS+1A0894_006
2025-10-16 16:44:40 - INFO: step3.py, pbe: ForkPoolWorker-1: Calling delphi to calculate conformer HIS01A0895_001 in /tmp/pbe_data.data.home.granepura.5-kinases.cof_tpl_mg.run_kin.4ASD_HIS01A0895_001
2025-10-16 16:44:43 - INFO: step3.py, pbe: ForkPoolWorker-1: Calling delphi to calculate conformer HIS02A0895_002 in /tmp/pbe_data.data.home.granepura.5-kinases.cof_tpl_mg.run_kin.4ASD_HIS02A0895_002
2025-10-16 16:44:46 - INFO: step3.py, pbe: ForkPoolWorker-1: Calling delphi to calculate conformer HIS+1A0895_003 in /tmp/pbe_data.data.home.granepura.5-kinases.cof_tpl_mg.run_kin.4ASD_HIS+1A0895_003
2025-10-16 16:44:49 - INFO: step3.py, pbe: Skipping PBE solver for non-charge conformer LEU01A0896_001...
2025-10-16 16:44:49 - INFO: step3.py, pbe: ForkPoolWorker-1: Calling delphi to calculate conformer ASN01A0897_001 in /tmp/pbe_data.data.home.granepura.5-kinases.cof_tpl_mg.run_kin.4ASD_ASN01A0897_001
2025-10-16 16:44:52 - INFO: step3.py, pbe: ForkPoolWorker-1: Calling delphi to calculate conformer ASN01A0897_002 in /tmp/pbe_data.data.home.granepura.5-kinases.cof_tpl_mg.run_kin.4ASD_ASN01A0897_002
2025-10-16 16:44:55 - INFO: step3.py, pbe: ForkPoolWorker-1: Calling delphi to calculate conformer ASN01A0897_003 in /tmp/pbe_data.data.home.granepura.5-kinases.cof_tpl_mg.run_kin.4ASD_ASN01A0897_003
2025-10-16 16:44:58 - INFO: step3.py, pbe: Skipping PBE solver for non-charge conformer VAL01A0898_001...
2025-10-16 16:44:58 - INFO: step3.py, pbe: Skipping PBE solver for non-charge conformer VAL01A0899_001...
2025-10-16 16:44:58 - INFO: step3.py, pbe: ForkPoolWorker-1: Calling delphi to calculate conformer ASN01A0900_001 in /tmp/pbe_data.data.home.granepura.5-kinases.cof_tpl_mg.run_kin.4ASD_ASN01A0900_001
2025-10-16 16:45:01 - INFO: step3.py, pbe: ForkPoolWorker-1: Calling delphi to calculate conformer ASN01A0900_002 in /tmp/pbe_data.data.home.granepura.5-kinases.cof_tpl_mg.run_kin.4ASD_ASN01A0900_002
2025-10-16 16:45:04 - INFO: step3.py, pbe: Skipping PBE solver for non-charge conformer LEU01A0901_001...
2025-10-16 16:45:04 - INFO: step3.py, pbe: Skipping PBE solver for non-charge conformer LEU01A0902_001...
2025-10-16 16:45:04 - INFO: step3.py, pbe: Skipping PBE solver for non-charge conformer ALA01A0904_001...
2025-10-16 16:45:04 - INFO: step3.py, pbe: ForkPoolWorker-1: Calling delphi to calculate conformer CYS01A0905_001 in /tmp/pbe_data.data.home.granepura.5-kinases.cof_tpl_mg.run_kin.4ASD_CYS01A0905_001
2025-10-16 16:45:07 - INFO: step3.py, pbe: ForkPoolWorker-1: Calling delphi to calculate conformer CYS01A0905_002 in /tmp/pbe_data.data.home.granepura.5-kinases.cof_tpl_mg.run_kin.4ASD_CYS01A0905_002
2025-10-16 16:45:10 - INFO: step3.py, pbe: ForkPoolWorker-1: Calling delphi to calculate conformer CYS01A0905_003 in /tmp/pbe_data.data.home.granepura.5-kinases.cof_tpl_mg.run_kin.4ASD_CYS01A0905_003
2025-10-16 16:45:14 - INFO: step3.py, pbe: ForkPoolWorker-1: Calling delphi to calculate conformer CYS-1A0905_004 in /tmp/pbe_data.data.home.granepura.5-kinases.cof_tpl_mg.run_kin.4ASD_CYS-1A0905_004
2025-10-16 16:45:17 - INFO: step3.py, pbe: ForkPoolWorker-1: Calling delphi to calculate conformer THR01A0906_001 in /tmp/pbe_data.data.home.granepura.5-kinases.cof_tpl_mg.run_kin.4ASD_THR01A0906_001
2025-10-16 16:45:20 - INFO: step3.py, pbe: ForkPoolWorker-1: Calling delphi to calculate conformer THR01A0906_002 in /tmp/pbe_data.data.home.granepura.5-kinases.cof_tpl_mg.run_kin.4ASD_THR01A0906_002
2025-10-16 16:45:23 - INFO: step3.py, pbe: ForkPoolWorker-1: Calling delphi to calculate conformer THR01A0906_003 in /tmp/pbe_data.data.home.granepura.5-kinases.cof_tpl_mg.run_kin.4ASD_THR01A0906_003
2025-10-16 16:45:26 - INFO: step3.py, pbe: ForkPoolWorker-1: Calling delphi to calculate conformer LYS01A0907_001 in /tmp/pbe_data.data.home.granepura.5-kinases.cof_tpl_mg.run_kin.4ASD_LYS01A0907_001
2025-10-16 16:45:29 - INFO: step3.py, pbe: ForkPoolWorker-1: Calling delphi to calculate conformer LYS+1A0907_002 in /tmp/pbe_data.data.home.granepura.5-kinases.cof_tpl_mg.run_kin.4ASD_LYS+1A0907_002
2025-10-16 16:45:32 - INFO: step3.py, pbe: Skipping PBE solver for non-charge conformer PRO01A0908_001...
2025-10-16 16:45:32 - INFO: step3.py, pbe: Skipping PBE solver for non-charge conformer PRO01A0911_001...
2025-10-16 16:45:32 - INFO: step3.py, pbe: Skipping PBE solver for non-charge conformer LEU01A0912_001...
2025-10-16 16:45:32 - INFO: step3.py, pbe: ForkPoolWorker-1: Calling delphi to calculate conformer MET01A0913_001 in /tmp/pbe_data.data.home.granepura.5-kinases.cof_tpl_mg.run_kin.4ASD_MET01A0913_001
2025-10-16 16:45:35 - INFO: step3.py, pbe: Skipping PBE solver for non-charge conformer VAL01A0914_001...
2025-10-16 16:45:35 - INFO: step3.py, pbe: Skipping PBE solver for non-charge conformer ILE01A0915_001...
2025-10-16 16:45:35 - INFO: step3.py, pbe: Skipping PBE solver for non-charge conformer VAL01A0916_001...
2025-10-16 16:45:35 - INFO: step3.py, pbe: ForkPoolWorker-1: Calling delphi to calculate conformer GLU01A0917_001 in /tmp/pbe_data.data.home.granepura.5-kinases.cof_tpl_mg.run_kin.4ASD_GLU01A0917_001
2025-10-16 16:45:38 - INFO: step3.py, pbe: ForkPoolWorker-1: Calling delphi to calculate conformer GLU01A0917_002 in /tmp/pbe_data.data.home.granepura.5-kinases.cof_tpl_mg.run_kin.4ASD_GLU01A0917_002
2025-10-16 16:45:41 - INFO: step3.py, pbe: ForkPoolWorker-1: Calling delphi to calculate conformer GLU01A0917_003 in /tmp/pbe_data.data.home.granepura.5-kinases.cof_tpl_mg.run_kin.4ASD_GLU01A0917_003
2025-10-16 16:45:44 - INFO: step3.py, pbe: ForkPoolWorker-1: Calling delphi to calculate conformer GLU01A0917_004 in /tmp/pbe_data.data.home.granepura.5-kinases.cof_tpl_mg.run_kin.4ASD_GLU01A0917_004
2025-10-16 16:45:47 - INFO: step3.py, pbe: ForkPoolWorker-1: Calling delphi to calculate conformer GLU02A0917_005 in /tmp/pbe_data.data.home.granepura.5-kinases.cof_tpl_mg.run_kin.4ASD_GLU02A0917_005
2025-10-16 16:45:50 - INFO: step3.py, pbe: ForkPoolWorker-1: Calling delphi to calculate conformer GLU02A0917_006 in /tmp/pbe_data.data.home.granepura.5-kinases.cof_tpl_mg.run_kin.4ASD_GLU02A0917_006
2025-10-16 16:45:53 - INFO: step3.py, pbe: ForkPoolWorker-1: Calling delphi to calculate conformer GLU02A0917_007 in /tmp/pbe_data.data.home.granepura.5-kinases.cof_tpl_mg.run_kin.4ASD_GLU02A0917_007
2025-10-16 16:45:56 - INFO: step3.py, pbe: ForkPoolWorker-1: Calling delphi to calculate conformer GLU02A0917_008 in /tmp/pbe_data.data.home.granepura.5-kinases.cof_tpl_mg.run_kin.4ASD_GLU02A0917_008
2025-10-16 16:45:59 - INFO: step3.py, pbe: ForkPoolWorker-1: Calling delphi to calculate conformer GLU-1A0917_009 in /tmp/pbe_data.data.home.granepura.5-kinases.cof_tpl_mg.run_kin.4ASD_GLU-1A0917_009
2025-10-16 16:46:02 - INFO: step3.py, pbe: ForkPoolWorker-1: Calling delphi to calculate conformer GLU-1A0917_010 in /tmp/pbe_data.data.home.granepura.5-kinases.cof_tpl_mg.run_kin.4ASD_GLU-1A0917_010
2025-10-16 16:46:05 - INFO: step3.py, pbe: Skipping PBE solver for non-charge conformer PHE01A0918_001...
2025-10-16 16:46:05 - INFO: step3.py, pbe: ForkPoolWorker-1: Calling delphi to calculate conformer CYS01A0919_001 in /tmp/pbe_data.data.home.granepura.5-kinases.cof_tpl_mg.run_kin.4ASD_CYS01A0919_001
2025-10-16 16:46:08 - INFO: step3.py, pbe: ForkPoolWorker-1: Calling delphi to calculate conformer CYS01A0919_002 in /tmp/pbe_data.data.home.granepura.5-kinases.cof_tpl_mg.run_kin.4ASD_CYS01A0919_002
2025-10-16 16:46:11 - INFO: step3.py, pbe: ForkPoolWorker-1: Calling delphi to calculate conformer CYS01A0919_003 in /tmp/pbe_data.data.home.granepura.5-kinases.cof_tpl_mg.run_kin.4ASD_CYS01A0919_003
2025-10-16 16:46:14 - INFO: step3.py, pbe: ForkPoolWorker-1: Calling delphi to calculate conformer CYS-1A0919_004 in /tmp/pbe_data.data.home.granepura.5-kinases.cof_tpl_mg.run_kin.4ASD_CYS-1A0919_004
2025-10-16 16:46:17 - INFO: step3.py, pbe: ForkPoolWorker-1: Calling delphi to calculate conformer LYS01A0920_001 in /tmp/pbe_data.data.home.granepura.5-kinases.cof_tpl_mg.run_kin.4ASD_LYS01A0920_001
2025-10-16 16:46:20 - INFO: step3.py, pbe: ForkPoolWorker-1: Calling delphi to calculate conformer LYS+1A0920_002 in /tmp/pbe_data.data.home.granepura.5-kinases.cof_tpl_mg.run_kin.4ASD_LYS+1A0920_002
2025-10-16 16:46:23 - INFO: step3.py, pbe: Skipping PBE solver for non-charge conformer PHE01A0921_001...
2025-10-16 16:46:23 - INFO: step3.py, pbe: ForkPoolWorker-1: Calling delphi to calculate conformer ASN01A0923_001 in /tmp/pbe_data.data.home.granepura.5-kinases.cof_tpl_mg.run_kin.4ASD_ASN01A0923_001
2025-10-16 16:46:26 - INFO: step3.py, pbe: ForkPoolWorker-1: Calling delphi to calculate conformer ASN01A0923_002 in /tmp/pbe_data.data.home.granepura.5-kinases.cof_tpl_mg.run_kin.4ASD_ASN01A0923_002
2025-10-16 16:46:29 - INFO: step3.py, pbe: Skipping PBE solver for non-charge conformer LEU01A0924_001...
2025-10-16 16:46:29 - INFO: step3.py, pbe: ForkPoolWorker-1: Calling delphi to calculate conformer SER01A0925_001 in /tmp/pbe_data.data.home.granepura.5-kinases.cof_tpl_mg.run_kin.4ASD_SER01A0925_001
2025-10-16 16:46:32 - INFO: step3.py, pbe: ForkPoolWorker-1: Calling delphi to calculate conformer SER01A0925_002 in /tmp/pbe_data.data.home.granepura.5-kinases.cof_tpl_mg.run_kin.4ASD_SER01A0925_002
2025-10-16 16:46:35 - INFO: step3.py, pbe: ForkPoolWorker-1: Calling delphi to calculate conformer THR01A0926_001 in /tmp/pbe_data.data.home.granepura.5-kinases.cof_tpl_mg.run_kin.4ASD_THR01A0926_001
2025-10-16 16:46:38 - INFO: step3.py, pbe: ForkPoolWorker-1: Calling delphi to calculate conformer THR01A0926_002 in /tmp/pbe_data.data.home.granepura.5-kinases.cof_tpl_mg.run_kin.4ASD_THR01A0926_002
2025-10-16 16:46:41 - INFO: step3.py, pbe: ForkPoolWorker-1: Calling delphi to calculate conformer THR01A0926_003 in /tmp/pbe_data.data.home.granepura.5-kinases.cof_tpl_mg.run_kin.4ASD_THR01A0926_003
2025-10-16 16:46:44 - INFO: step3.py, pbe: ForkPoolWorker-1: Calling delphi to calculate conformer TYR01A0927_001 in /tmp/pbe_data.data.home.granepura.5-kinases.cof_tpl_mg.run_kin.4ASD_TYR01A0927_001
2025-10-16 16:46:47 - INFO: step3.py, pbe: ForkPoolWorker-1: Calling delphi to calculate conformer TYR-1A0927_002 in /tmp/pbe_data.data.home.granepura.5-kinases.cof_tpl_mg.run_kin.4ASD_TYR-1A0927_002
2025-10-16 16:46:50 - INFO: step3.py, pbe: Skipping PBE solver for non-charge conformer LEU01A0928_001...
2025-10-16 16:46:50 - INFO: step3.py, pbe: ForkPoolWorker-1: Calling delphi to calculate conformer ARG01A0929_001 in /tmp/pbe_data.data.home.granepura.5-kinases.cof_tpl_mg.run_kin.4ASD_ARG01A0929_001
2025-10-16 16:46:53 - INFO: step3.py, pbe: ForkPoolWorker-1: Calling delphi to calculate conformer ARG02A0929_002 in /tmp/pbe_data.data.home.granepura.5-kinases.cof_tpl_mg.run_kin.4ASD_ARG02A0929_002
2025-10-16 16:46:56 - INFO: step3.py, pbe: ForkPoolWorker-1: Calling delphi to calculate conformer ARG02A0929_003 in /tmp/pbe_data.data.home.granepura.5-kinases.cof_tpl_mg.run_kin.4ASD_ARG02A0929_003
2025-10-16 16:46:59 - INFO: step3.py, pbe: ForkPoolWorker-1: Calling delphi to calculate conformer ARG03A0929_004 in /tmp/pbe_data.data.home.granepura.5-kinases.cof_tpl_mg.run_kin.4ASD_ARG03A0929_004
2025-10-16 16:47:02 - INFO: step3.py, pbe: ForkPoolWorker-1: Calling delphi to calculate conformer ARG+1A0929_005 in /tmp/pbe_data.data.home.granepura.5-kinases.cof_tpl_mg.run_kin.4ASD_ARG+1A0929_005
2025-10-16 16:47:05 - INFO: step3.py, pbe: ForkPoolWorker-1: Calling delphi to calculate conformer SER01A0930_001 in /tmp/pbe_data.data.home.granepura.5-kinases.cof_tpl_mg.run_kin.4ASD_SER01A0930_001
2025-10-16 16:47:08 - INFO: step3.py, pbe: ForkPoolWorker-1: Calling delphi to calculate conformer SER01A0930_002 in /tmp/pbe_data.data.home.granepura.5-kinases.cof_tpl_mg.run_kin.4ASD_SER01A0930_002
2025-10-16 16:47:11 - INFO: step3.py, pbe: ForkPoolWorker-1: Calling delphi to calculate conformer LYS01A0931_001 in /tmp/pbe_data.data.home.granepura.5-kinases.cof_tpl_mg.run_kin.4ASD_LYS01A0931_001
2025-10-16 16:47:14 - INFO: step3.py, pbe: ForkPoolWorker-1: Calling delphi to calculate conformer LYS+1A0931_002 in /tmp/pbe_data.data.home.granepura.5-kinases.cof_tpl_mg.run_kin.4ASD_LYS+1A0931_002
2025-10-16 16:47:17 - INFO: step3.py, pbe: ForkPoolWorker-1: Calling delphi to calculate conformer ARG01A0932_001 in /tmp/pbe_data.data.home.granepura.5-kinases.cof_tpl_mg.run_kin.4ASD_ARG01A0932_001
2025-10-16 16:47:20 - INFO: step3.py, pbe: ForkPoolWorker-1: Calling delphi to calculate conformer ARG02A0932_002 in /tmp/pbe_data.data.home.granepura.5-kinases.cof_tpl_mg.run_kin.4ASD_ARG02A0932_002
2025-10-16 16:47:23 - INFO: step3.py, pbe: ForkPoolWorker-1: Calling delphi to calculate conformer ARG03A0932_003 in /tmp/pbe_data.data.home.granepura.5-kinases.cof_tpl_mg.run_kin.4ASD_ARG03A0932_003
2025-10-16 16:47:26 - INFO: step3.py, pbe: ForkPoolWorker-1: Calling delphi to calculate conformer ARG+1A0932_004 in /tmp/pbe_data.data.home.granepura.5-kinases.cof_tpl_mg.run_kin.4ASD_ARG+1A0932_004
2025-10-16 16:47:29 - INFO: step3.py, pbe: ForkPoolWorker-1: Calling delphi to calculate conformer ASN01A0933_001 in /tmp/pbe_data.data.home.granepura.5-kinases.cof_tpl_mg.run_kin.4ASD_ASN01A0933_001
2025-10-16 16:47:32 - INFO: step3.py, pbe: ForkPoolWorker-1: Calling delphi to calculate conformer ASN01A0933_002 in /tmp/pbe_data.data.home.granepura.5-kinases.cof_tpl_mg.run_kin.4ASD_ASN01A0933_002
2025-10-16 16:47:35 - INFO: step3.py, pbe: ForkPoolWorker-1: Calling delphi to calculate conformer GLU01A0934_001 in /tmp/pbe_data.data.home.granepura.5-kinases.cof_tpl_mg.run_kin.4ASD_GLU01A0934_001
2025-10-16 16:47:38 - INFO: step3.py, pbe: ForkPoolWorker-1: Calling delphi to calculate conformer GLU01A0934_002 in /tmp/pbe_data.data.home.granepura.5-kinases.cof_tpl_mg.run_kin.4ASD_GLU01A0934_002
2025-10-16 16:47:40 - INFO: step3.py, pbe: ForkPoolWorker-1: Calling delphi to calculate conformer GLU02A0934_003 in /tmp/pbe_data.data.home.granepura.5-kinases.cof_tpl_mg.run_kin.4ASD_GLU02A0934_003
2025-10-16 16:47:43 - INFO: step3.py, pbe: ForkPoolWorker-1: Calling delphi to calculate conformer GLU02A0934_004 in /tmp/pbe_data.data.home.granepura.5-kinases.cof_tpl_mg.run_kin.4ASD_GLU02A0934_004
2025-10-16 16:47:46 - INFO: step3.py, pbe: ForkPoolWorker-1: Calling delphi to calculate conformer GLU-1A0934_005 in /tmp/pbe_data.data.home.granepura.5-kinases.cof_tpl_mg.run_kin.4ASD_GLU-1A0934_005
2025-10-16 16:47:49 - INFO: step3.py, pbe: Skipping PBE solver for non-charge conformer PHE01A0935_001...
2025-10-16 16:47:49 - INFO: step3.py, pbe: Skipping PBE solver for non-charge conformer VAL01A0936_001...
2025-10-16 16:47:49 - INFO: step3.py, pbe: Skipping PBE solver for non-charge conformer PRO01A0937_001...
2025-10-16 16:47:49 - INFO: step3.py, pbe: ForkPoolWorker-1: Calling delphi to calculate conformer TYR01A0938_001 in /tmp/pbe_data.data.home.granepura.5-kinases.cof_tpl_mg.run_kin.4ASD_TYR01A0938_001
2025-10-16 16:47:52 - INFO: step3.py, pbe: ForkPoolWorker-1: Calling delphi to calculate conformer TYR-1A0938_002 in /tmp/pbe_data.data.home.granepura.5-kinases.cof_tpl_mg.run_kin.4ASD_TYR-1A0938_002
2025-10-16 16:47:55 - INFO: step3.py, pbe: ForkPoolWorker-1: Calling delphi to calculate conformer TYR01A0996_001 in /tmp/pbe_data.data.home.granepura.5-kinases.cof_tpl_mg.run_kin.4ASD_TYR01A0996_001
2025-10-16 16:47:58 - INFO: step3.py, pbe: ForkPoolWorker-1: Calling delphi to calculate conformer TYR-1A0996_002 in /tmp/pbe_data.data.home.granepura.5-kinases.cof_tpl_mg.run_kin.4ASD_TYR-1A0996_002
2025-10-16 16:48:01 - INFO: step3.py, pbe: ForkPoolWorker-1: Calling delphi to calculate conformer LYS01A0997_001 in /tmp/pbe_data.data.home.granepura.5-kinases.cof_tpl_mg.run_kin.4ASD_LYS01A0997_001
2025-10-16 16:48:04 - INFO: step3.py, pbe: ForkPoolWorker-1: Calling delphi to calculate conformer LYS+1A0997_002 in /tmp/pbe_data.data.home.granepura.5-kinases.cof_tpl_mg.run_kin.4ASD_LYS+1A0997_002
2025-10-16 16:48:07 - INFO: step3.py, pbe: ForkPoolWorker-1: Calling delphi to calculate conformer ASP01A0998_001 in /tmp/pbe_data.data.home.granepura.5-kinases.cof_tpl_mg.run_kin.4ASD_ASP01A0998_001
2025-10-16 16:48:10 - INFO: step3.py, pbe: ForkPoolWorker-1: Calling delphi to calculate conformer ASP01A0998_002 in /tmp/pbe_data.data.home.granepura.5-kinases.cof_tpl_mg.run_kin.4ASD_ASP01A0998_002
2025-10-16 16:48:13 - INFO: step3.py, pbe: ForkPoolWorker-1: Calling delphi to calculate conformer ASP02A0998_003 in /tmp/pbe_data.data.home.granepura.5-kinases.cof_tpl_mg.run_kin.4ASD_ASP02A0998_003
2025-10-16 16:48:16 - INFO: step3.py, pbe: ForkPoolWorker-1: Calling delphi to calculate conformer ASP02A0998_004 in /tmp/pbe_data.data.home.granepura.5-kinases.cof_tpl_mg.run_kin.4ASD_ASP02A0998_004
2025-10-16 16:48:19 - INFO: step3.py, pbe: ForkPoolWorker-1: Calling delphi to calculate conformer ASP-1A0998_005 in /tmp/pbe_data.data.home.granepura.5-kinases.cof_tpl_mg.run_kin.4ASD_ASP-1A0998_005
2025-10-16 16:48:22 - INFO: step3.py, pbe: Skipping PBE solver for non-charge conformer PHE01A0999_001...
2025-10-16 16:48:22 - INFO: step3.py, pbe: Skipping PBE solver for non-charge conformer LEU01A1000_001...
2025-10-16 16:48:22 - INFO: step3.py, pbe: ForkPoolWorker-1: Calling delphi to calculate conformer THR01A1001_001 in /tmp/pbe_data.data.home.granepura.5-kinases.cof_tpl_mg.run_kin.4ASD_THR01A1001_001
2025-10-16 16:48:25 - INFO: step3.py, pbe: ForkPoolWorker-1: Calling delphi to calculate conformer THR01A1001_002 in /tmp/pbe_data.data.home.granepura.5-kinases.cof_tpl_mg.run_kin.4ASD_THR01A1001_002
2025-10-16 16:48:28 - INFO: step3.py, pbe: Skipping PBE solver for non-charge conformer LEU01A1002_001...
2025-10-16 16:48:28 - INFO: step3.py, pbe: ForkPoolWorker-1: Calling delphi to calculate conformer GLU01A1003_001 in /tmp/pbe_data.data.home.granepura.5-kinases.cof_tpl_mg.run_kin.4ASD_GLU01A1003_001
2025-10-16 16:48:31 - INFO: step3.py, pbe: ForkPoolWorker-1: Calling delphi to calculate conformer GLU01A1003_002 in /tmp/pbe_data.data.home.granepura.5-kinases.cof_tpl_mg.run_kin.4ASD_GLU01A1003_002
2025-10-16 16:48:34 - INFO: step3.py, pbe: ForkPoolWorker-1: Calling delphi to calculate conformer GLU02A1003_003 in /tmp/pbe_data.data.home.granepura.5-kinases.cof_tpl_mg.run_kin.4ASD_GLU02A1003_003
2025-10-16 16:48:37 - INFO: step3.py, pbe: ForkPoolWorker-1: Calling delphi to calculate conformer GLU02A1003_004 in /tmp/pbe_data.data.home.granepura.5-kinases.cof_tpl_mg.run_kin.4ASD_GLU02A1003_004
2025-10-16 16:48:40 - INFO: step3.py, pbe: ForkPoolWorker-1: Calling delphi to calculate conformer GLU-1A1003_005 in /tmp/pbe_data.data.home.granepura.5-kinases.cof_tpl_mg.run_kin.4ASD_GLU-1A1003_005
2025-10-16 16:48:43 - INFO: step3.py, pbe: ForkPoolWorker-1: Calling delphi to calculate conformer HIS01A1004_001 in /tmp/pbe_data.data.home.granepura.5-kinases.cof_tpl_mg.run_kin.4ASD_HIS01A1004_001
2025-10-16 16:48:46 - INFO: step3.py, pbe: ForkPoolWorker-1: Calling delphi to calculate conformer HIS02A1004_002 in /tmp/pbe_data.data.home.granepura.5-kinases.cof_tpl_mg.run_kin.4ASD_HIS02A1004_002
2025-10-16 16:48:49 - INFO: step3.py, pbe: ForkPoolWorker-1: Calling delphi to calculate conformer HIS+1A1004_003 in /tmp/pbe_data.data.home.granepura.5-kinases.cof_tpl_mg.run_kin.4ASD_HIS+1A1004_003
2025-10-16 16:48:52 - INFO: step3.py, pbe: Skipping PBE solver for non-charge conformer LEU01A1005_001...
2025-10-16 16:48:52 - INFO: step3.py, pbe: Skipping PBE solver for non-charge conformer ILE01A1006_001...
2025-10-16 16:48:52 - INFO: step3.py, pbe: ForkPoolWorker-1: Calling delphi to calculate conformer CYS01A1007_001 in /tmp/pbe_data.data.home.granepura.5-kinases.cof_tpl_mg.run_kin.4ASD_CYS01A1007_001
2025-10-16 16:48:55 - INFO: step3.py, pbe: ForkPoolWorker-1: Calling delphi to calculate conformer CYS01A1007_002 in /tmp/pbe_data.data.home.granepura.5-kinases.cof_tpl_mg.run_kin.4ASD_CYS01A1007_002
2025-10-16 16:48:58 - INFO: step3.py, pbe: ForkPoolWorker-1: Calling delphi to calculate conformer CYS01A1007_003 in /tmp/pbe_data.data.home.granepura.5-kinases.cof_tpl_mg.run_kin.4ASD_CYS01A1007_003
2025-10-16 16:49:01 - INFO: step3.py, pbe: ForkPoolWorker-1: Calling delphi to calculate conformer CYS-1A1007_004 in /tmp/pbe_data.data.home.granepura.5-kinases.cof_tpl_mg.run_kin.4ASD_CYS-1A1007_004
2025-10-16 16:49:04 - INFO: step3.py, pbe: ForkPoolWorker-1: Calling delphi to calculate conformer TYR01A1008_001 in /tmp/pbe_data.data.home.granepura.5-kinases.cof_tpl_mg.run_kin.4ASD_TYR01A1008_001
2025-10-16 16:49:07 - INFO: step3.py, pbe: ForkPoolWorker-1: Calling delphi to calculate conformer TYR01A1008_002 in /tmp/pbe_data.data.home.granepura.5-kinases.cof_tpl_mg.run_kin.4ASD_TYR01A1008_002
2025-10-16 16:49:10 - INFO: step3.py, pbe: ForkPoolWorker-1: Calling delphi to calculate conformer TYR01A1008_003 in /tmp/pbe_data.data.home.granepura.5-kinases.cof_tpl_mg.run_kin.4ASD_TYR01A1008_003
2025-10-16 16:49:13 - INFO: step3.py, pbe: ForkPoolWorker-1: Calling delphi to calculate conformer TYR01A1008_004 in /tmp/pbe_data.data.home.granepura.5-kinases.cof_tpl_mg.run_kin.4ASD_TYR01A1008_004
2025-10-16 16:49:16 - INFO: step3.py, pbe: ForkPoolWorker-1: Calling delphi to calculate conformer TYR-1A1008_005 in /tmp/pbe_data.data.home.granepura.5-kinases.cof_tpl_mg.run_kin.4ASD_TYR-1A1008_005
2025-10-16 16:49:19 - INFO: step3.py, pbe: ForkPoolWorker-1: Calling delphi to calculate conformer TYR-1A1008_006 in /tmp/pbe_data.data.home.granepura.5-kinases.cof_tpl_mg.run_kin.4ASD_TYR-1A1008_006
2025-10-16 16:49:22 - INFO: step3.py, pbe: ForkPoolWorker-1: Calling delphi to calculate conformer SER01A1009_001 in /tmp/pbe_data.data.home.granepura.5-kinases.cof_tpl_mg.run_kin.4ASD_SER01A1009_001
2025-10-16 16:49:25 - INFO: step3.py, pbe: ForkPoolWorker-1: Calling delphi to calculate conformer SER01A1009_002 in /tmp/pbe_data.data.home.granepura.5-kinases.cof_tpl_mg.run_kin.4ASD_SER01A1009_002
2025-10-16 16:49:28 - INFO: step3.py, pbe: Skipping PBE solver for non-charge conformer PHE01A1010_001...
2025-10-16 16:49:28 - INFO: step3.py, pbe: ForkPoolWorker-1: Calling delphi to calculate conformer GLN01A1011_001 in /tmp/pbe_data.data.home.granepura.5-kinases.cof_tpl_mg.run_kin.4ASD_GLN01A1011_001
2025-10-16 16:49:31 - INFO: step3.py, pbe: ForkPoolWorker-1: Calling delphi to calculate conformer GLN01A1011_002 in /tmp/pbe_data.data.home.granepura.5-kinases.cof_tpl_mg.run_kin.4ASD_GLN01A1011_002
2025-10-16 16:49:34 - INFO: step3.py, pbe: ForkPoolWorker-1: Calling delphi to calculate conformer GLN01A1011_003 in /tmp/pbe_data.data.home.granepura.5-kinases.cof_tpl_mg.run_kin.4ASD_GLN01A1011_003
2025-10-16 16:49:37 - INFO: step3.py, pbe: ForkPoolWorker-1: Calling delphi to calculate conformer GLN01A1011_004 in /tmp/pbe_data.data.home.granepura.5-kinases.cof_tpl_mg.run_kin.4ASD_GLN01A1011_004
2025-10-16 16:49:39 - INFO: step3.py, pbe: Skipping PBE solver for non-charge conformer VAL01A1012_001...
2025-10-16 16:49:40 - INFO: step3.py, pbe: Skipping PBE solver for non-charge conformer ALA01A1013_001...
2025-10-16 16:49:40 - INFO: step3.py, pbe: ForkPoolWorker-1: Calling delphi to calculate conformer LYS01A1014_001 in /tmp/pbe_data.data.home.granepura.5-kinases.cof_tpl_mg.run_kin.4ASD_LYS01A1014_001
2025-10-16 16:49:42 - INFO: step3.py, pbe: ForkPoolWorker-1: Calling delphi to calculate conformer LYS+1A1014_002 in /tmp/pbe_data.data.home.granepura.5-kinases.cof_tpl_mg.run_kin.4ASD_LYS+1A1014_002
2025-10-16 16:49:45 - INFO: step3.py, pbe: ForkPoolWorker-1: Calling delphi to calculate conformer MET01A1016_001 in /tmp/pbe_data.data.home.granepura.5-kinases.cof_tpl_mg.run_kin.4ASD_MET01A1016_001
2025-10-16 16:49:48 - INFO: step3.py, pbe: ForkPoolWorker-1: Calling delphi to calculate conformer GLU01A1017_001 in /tmp/pbe_data.data.home.granepura.5-kinases.cof_tpl_mg.run_kin.4ASD_GLU01A1017_001
2025-10-16 16:49:51 - INFO: step3.py, pbe: ForkPoolWorker-1: Calling delphi to calculate conformer GLU01A1017_002 in /tmp/pbe_data.data.home.granepura.5-kinases.cof_tpl_mg.run_kin.4ASD_GLU01A1017_002
2025-10-16 16:49:54 - INFO: step3.py, pbe: ForkPoolWorker-1: Calling delphi to calculate conformer GLU02A1017_003 in /tmp/pbe_data.data.home.granepura.5-kinases.cof_tpl_mg.run_kin.4ASD_GLU02A1017_003
2025-10-16 16:49:57 - INFO: step3.py, pbe: ForkPoolWorker-1: Calling delphi to calculate conformer GLU02A1017_004 in /tmp/pbe_data.data.home.granepura.5-kinases.cof_tpl_mg.run_kin.4ASD_GLU02A1017_004
2025-10-16 16:50:00 - INFO: step3.py, pbe: ForkPoolWorker-1: Calling delphi to calculate conformer GLU-1A1017_005 in /tmp/pbe_data.data.home.granepura.5-kinases.cof_tpl_mg.run_kin.4ASD_GLU-1A1017_005
2025-10-16 16:50:03 - INFO: step3.py, pbe: Skipping PBE solver for non-charge conformer PHE01A1018_001...
2025-10-16 16:50:03 - INFO: step3.py, pbe: Skipping PBE solver for non-charge conformer LEU01A1019_001...
2025-10-16 16:50:03 - INFO: step3.py, pbe: Skipping PBE solver for non-charge conformer ALA01A1020_001...
2025-10-16 16:50:03 - INFO: step3.py, pbe: ForkPoolWorker-1: Calling delphi to calculate conformer SER01A1021_001 in /tmp/pbe_data.data.home.granepura.5-kinases.cof_tpl_mg.run_kin.4ASD_SER01A1021_001
2025-10-16 16:50:06 - INFO: step3.py, pbe: ForkPoolWorker-1: Calling delphi to calculate conformer SER01A1021_002 in /tmp/pbe_data.data.home.granepura.5-kinases.cof_tpl_mg.run_kin.4ASD_SER01A1021_002
2025-10-16 16:50:09 - INFO: step3.py, pbe: ForkPoolWorker-1: Calling delphi to calculate conformer SER01A1021_003 in /tmp/pbe_data.data.home.granepura.5-kinases.cof_tpl_mg.run_kin.4ASD_SER01A1021_003
2025-10-16 16:50:12 - INFO: step3.py, pbe: ForkPoolWorker-1: Calling delphi to calculate conformer ARG01A1022_001 in /tmp/pbe_data.data.home.granepura.5-kinases.cof_tpl_mg.run_kin.4ASD_ARG01A1022_001
2025-10-16 16:50:15 - INFO: step3.py, pbe: ForkPoolWorker-1: Calling delphi to calculate conformer ARG02A1022_002 in /tmp/pbe_data.data.home.granepura.5-kinases.cof_tpl_mg.run_kin.4ASD_ARG02A1022_002
2025-10-16 16:50:18 - INFO: step3.py, pbe: ForkPoolWorker-1: Calling delphi to calculate conformer ARG03A1022_003 in /tmp/pbe_data.data.home.granepura.5-kinases.cof_tpl_mg.run_kin.4ASD_ARG03A1022_003
2025-10-16 16:50:21 - INFO: step3.py, pbe: ForkPoolWorker-1: Calling delphi to calculate conformer ARG+1A1022_004 in /tmp/pbe_data.data.home.granepura.5-kinases.cof_tpl_mg.run_kin.4ASD_ARG+1A1022_004
2025-10-16 16:50:24 - INFO: step3.py, pbe: ForkPoolWorker-1: Calling delphi to calculate conformer LYS01A1023_001 in /tmp/pbe_data.data.home.granepura.5-kinases.cof_tpl_mg.run_kin.4ASD_LYS01A1023_001
2025-10-16 16:50:27 - INFO: step3.py, pbe: ForkPoolWorker-1: Calling delphi to calculate conformer LYS+1A1023_002 in /tmp/pbe_data.data.home.granepura.5-kinases.cof_tpl_mg.run_kin.4ASD_LYS+1A1023_002
2025-10-16 16:50:30 - INFO: step3.py, pbe: ForkPoolWorker-1: Calling delphi to calculate conformer CYS01A1024_001 in /tmp/pbe_data.data.home.granepura.5-kinases.cof_tpl_mg.run_kin.4ASD_CYS01A1024_001
2025-10-16 16:50:34 - INFO: step3.py, pbe: ForkPoolWorker-1: Calling delphi to calculate conformer CYS01A1024_002 in /tmp/pbe_data.data.home.granepura.5-kinases.cof_tpl_mg.run_kin.4ASD_CYS01A1024_002
2025-10-16 16:50:37 - INFO: step3.py, pbe: ForkPoolWorker-1: Calling delphi to calculate conformer CYS01A1024_003 in /tmp/pbe_data.data.home.granepura.5-kinases.cof_tpl_mg.run_kin.4ASD_CYS01A1024_003
2025-10-16 16:50:40 - INFO: step3.py, pbe: ForkPoolWorker-1: Calling delphi to calculate conformer CYS-1A1024_004 in /tmp/pbe_data.data.home.granepura.5-kinases.cof_tpl_mg.run_kin.4ASD_CYS-1A1024_004
2025-10-16 16:50:43 - INFO: step3.py, pbe: Skipping PBE solver for non-charge conformer ILE01A1025_001...
2025-10-16 16:50:43 - INFO: step3.py, pbe: ForkPoolWorker-1: Calling delphi to calculate conformer HIS01A1026_001 in /tmp/pbe_data.data.home.granepura.5-kinases.cof_tpl_mg.run_kin.4ASD_HIS01A1026_001
2025-10-16 16:50:46 - INFO: step3.py, pbe: ForkPoolWorker-1: Calling delphi to calculate conformer HIS02A1026_002 in /tmp/pbe_data.data.home.granepura.5-kinases.cof_tpl_mg.run_kin.4ASD_HIS02A1026_002
2025-10-16 16:50:50 - INFO: step3.py, pbe: ForkPoolWorker-1: Calling delphi to calculate conformer HIS+1A1026_003 in /tmp/pbe_data.data.home.granepura.5-kinases.cof_tpl_mg.run_kin.4ASD_HIS+1A1026_003
2025-10-16 16:50:55 - INFO: step3.py, pbe: ForkPoolWorker-1: Calling delphi to calculate conformer ARG01A1027_001 in /tmp/pbe_data.data.home.granepura.5-kinases.cof_tpl_mg.run_kin.4ASD_ARG01A1027_001
2025-10-16 16:51:01 - INFO: step3.py, pbe: ForkPoolWorker-1: Calling delphi to calculate conformer ARG02A1027_002 in /tmp/pbe_data.data.home.granepura.5-kinases.cof_tpl_mg.run_kin.4ASD_ARG02A1027_002
2025-10-16 16:51:06 - INFO: step3.py, pbe: ForkPoolWorker-1: Calling delphi to calculate conformer ARG02A1027_003 in /tmp/pbe_data.data.home.granepura.5-kinases.cof_tpl_mg.run_kin.4ASD_ARG02A1027_003
2025-10-16 16:51:09 - INFO: step3.py, pbe: ForkPoolWorker-1: Calling delphi to calculate conformer ARG03A1027_004 in /tmp/pbe_data.data.home.granepura.5-kinases.cof_tpl_mg.run_kin.4ASD_ARG03A1027_004
2025-10-16 16:51:12 - INFO: step3.py, pbe: ForkPoolWorker-1: Calling delphi to calculate conformer ARG03A1027_005 in /tmp/pbe_data.data.home.granepura.5-kinases.cof_tpl_mg.run_kin.4ASD_ARG03A1027_005
2025-10-16 16:51:15 - INFO: step3.py, pbe: ForkPoolWorker-1: Calling delphi to calculate conformer ARG+1A1027_006 in /tmp/pbe_data.data.home.granepura.5-kinases.cof_tpl_mg.run_kin.4ASD_ARG+1A1027_006
2025-10-16 16:51:18 - INFO: step3.py, pbe: ForkPoolWorker-1: Calling delphi to calculate conformer ASP01A1028_001 in /tmp/pbe_data.data.home.granepura.5-kinases.cof_tpl_mg.run_kin.4ASD_ASP01A1028_001
2025-10-16 16:51:21 - INFO: step3.py, pbe: ForkPoolWorker-1: Calling delphi to calculate conformer ASP01A1028_002 in /tmp/pbe_data.data.home.granepura.5-kinases.cof_tpl_mg.run_kin.4ASD_ASP01A1028_002
2025-10-16 16:51:24 - INFO: step3.py, pbe: ForkPoolWorker-1: Calling delphi to calculate conformer ASP01A1028_003 in /tmp/pbe_data.data.home.granepura.5-kinases.cof_tpl_mg.run_kin.4ASD_ASP01A1028_003
2025-10-16 16:51:27 - INFO: step3.py, pbe: ForkPoolWorker-1: Calling delphi to calculate conformer ASP01A1028_004 in /tmp/pbe_data.data.home.granepura.5-kinases.cof_tpl_mg.run_kin.4ASD_ASP01A1028_004
2025-10-16 16:51:31 - INFO: step3.py, pbe: ForkPoolWorker-1: Calling delphi to calculate conformer ASP02A1028_005 in /tmp/pbe_data.data.home.granepura.5-kinases.cof_tpl_mg.run_kin.4ASD_ASP02A1028_005
2025-10-16 16:51:34 - INFO: step3.py, pbe: ForkPoolWorker-1: Calling delphi to calculate conformer ASP02A1028_006 in /tmp/pbe_data.data.home.granepura.5-kinases.cof_tpl_mg.run_kin.4ASD_ASP02A1028_006
2025-10-16 16:51:37 - INFO: step3.py, pbe: ForkPoolWorker-1: Calling delphi to calculate conformer ASP02A1028_007 in /tmp/pbe_data.data.home.granepura.5-kinases.cof_tpl_mg.run_kin.4ASD_ASP02A1028_007
2025-10-16 16:51:40 - INFO: step3.py, pbe: ForkPoolWorker-1: Calling delphi to calculate conformer ASP02A1028_008 in /tmp/pbe_data.data.home.granepura.5-kinases.cof_tpl_mg.run_kin.4ASD_ASP02A1028_008
2025-10-16 16:51:43 - INFO: step3.py, pbe: ForkPoolWorker-1: Calling delphi to calculate conformer ASP-1A1028_009 in /tmp/pbe_data.data.home.granepura.5-kinases.cof_tpl_mg.run_kin.4ASD_ASP-1A1028_009
2025-10-16 16:51:46 - INFO: step3.py, pbe: ForkPoolWorker-1: Calling delphi to calculate conformer ASP-1A1028_010 in /tmp/pbe_data.data.home.granepura.5-kinases.cof_tpl_mg.run_kin.4ASD_ASP-1A1028_010
2025-10-16 16:51:49 - INFO: step3.py, pbe: Skipping PBE solver for non-charge conformer LEU01A1029_001...
2025-10-16 16:51:49 - INFO: step3.py, pbe: Skipping PBE solver for non-charge conformer ALA01A1030_001...
2025-10-16 16:51:49 - INFO: step3.py, pbe: Skipping PBE solver for non-charge conformer ALA01A1031_001...
2025-10-16 16:51:49 - INFO: step3.py, pbe: ForkPoolWorker-1: Calling delphi to calculate conformer ARG01A1032_001 in /tmp/pbe_data.data.home.granepura.5-kinases.cof_tpl_mg.run_kin.4ASD_ARG01A1032_001
2025-10-16 16:51:52 - INFO: step3.py, pbe: ForkPoolWorker-1: Calling delphi to calculate conformer ARG02A1032_002 in /tmp/pbe_data.data.home.granepura.5-kinases.cof_tpl_mg.run_kin.4ASD_ARG02A1032_002
2025-10-16 16:51:55 - INFO: step3.py, pbe: ForkPoolWorker-1: Calling delphi to calculate conformer ARG02A1032_003 in /tmp/pbe_data.data.home.granepura.5-kinases.cof_tpl_mg.run_kin.4ASD_ARG02A1032_003
2025-10-16 16:51:58 - INFO: step3.py, pbe: ForkPoolWorker-1: Calling delphi to calculate conformer ARG03A1032_004 in /tmp/pbe_data.data.home.granepura.5-kinases.cof_tpl_mg.run_kin.4ASD_ARG03A1032_004
2025-10-16 16:52:01 - INFO: step3.py, pbe: ForkPoolWorker-1: Calling delphi to calculate conformer ARG03A1032_005 in /tmp/pbe_data.data.home.granepura.5-kinases.cof_tpl_mg.run_kin.4ASD_ARG03A1032_005
2025-10-16 16:52:04 - INFO: step3.py, pbe: ForkPoolWorker-1: Calling delphi to calculate conformer ARG+1A1032_006 in /tmp/pbe_data.data.home.granepura.5-kinases.cof_tpl_mg.run_kin.4ASD_ARG+1A1032_006
2025-10-16 16:52:07 - INFO: step3.py, pbe: ForkPoolWorker-1: Calling delphi to calculate conformer ASN01A1033_001 in /tmp/pbe_data.data.home.granepura.5-kinases.cof_tpl_mg.run_kin.4ASD_ASN01A1033_001
2025-10-16 16:52:10 - INFO: step3.py, pbe: ForkPoolWorker-1: Calling delphi to calculate conformer ASN01A1033_002 in /tmp/pbe_data.data.home.granepura.5-kinases.cof_tpl_mg.run_kin.4ASD_ASN01A1033_002
2025-10-16 16:52:13 - INFO: step3.py, pbe: ForkPoolWorker-1: Calling delphi to calculate conformer ASN01A1033_003 in /tmp/pbe_data.data.home.granepura.5-kinases.cof_tpl_mg.run_kin.4ASD_ASN01A1033_003
2025-10-16 16:52:16 - INFO: step3.py, pbe: Skipping PBE solver for non-charge conformer ILE01A1034_001...
2025-10-16 16:52:16 - INFO: step3.py, pbe: Skipping PBE solver for non-charge conformer LEU01A1035_001...
2025-10-16 16:52:16 - INFO: step3.py, pbe: Skipping PBE solver for non-charge conformer LEU01A1036_001...
2025-10-16 16:52:16 - INFO: step3.py, pbe: ForkPoolWorker-1: Calling delphi to calculate conformer SER01A1037_001 in /tmp/pbe_data.data.home.granepura.5-kinases.cof_tpl_mg.run_kin.4ASD_SER01A1037_001
2025-10-16 16:52:19 - INFO: step3.py, pbe: ForkPoolWorker-1: Calling delphi to calculate conformer SER01A1037_002 in /tmp/pbe_data.data.home.granepura.5-kinases.cof_tpl_mg.run_kin.4ASD_SER01A1037_002
2025-10-16 16:52:22 - INFO: step3.py, pbe: ForkPoolWorker-1: Calling delphi to calculate conformer SER01A1037_003 in /tmp/pbe_data.data.home.granepura.5-kinases.cof_tpl_mg.run_kin.4ASD_SER01A1037_003
2025-10-16 16:52:25 - INFO: step3.py, pbe: ForkPoolWorker-1: Calling delphi to calculate conformer GLU01A1038_001 in /tmp/pbe_data.data.home.granepura.5-kinases.cof_tpl_mg.run_kin.4ASD_GLU01A1038_001
2025-10-16 16:52:28 - INFO: step3.py, pbe: ForkPoolWorker-1: Calling delphi to calculate conformer GLU01A1038_002 in /tmp/pbe_data.data.home.granepura.5-kinases.cof_tpl_mg.run_kin.4ASD_GLU01A1038_002
2025-10-16 16:52:31 - INFO: step3.py, pbe: ForkPoolWorker-1: Calling delphi to calculate conformer GLU02A1038_003 in /tmp/pbe_data.data.home.granepura.5-kinases.cof_tpl_mg.run_kin.4ASD_GLU02A1038_003
2025-10-16 16:52:34 - INFO: step3.py, pbe: ForkPoolWorker-1: Calling delphi to calculate conformer GLU02A1038_004 in /tmp/pbe_data.data.home.granepura.5-kinases.cof_tpl_mg.run_kin.4ASD_GLU02A1038_004
2025-10-16 16:52:37 - INFO: step3.py, pbe: ForkPoolWorker-1: Calling delphi to calculate conformer GLU-1A1038_005 in /tmp/pbe_data.data.home.granepura.5-kinases.cof_tpl_mg.run_kin.4ASD_GLU-1A1038_005
2025-10-16 16:52:40 - INFO: step3.py, pbe: ForkPoolWorker-1: Calling delphi to calculate conformer LYS01A1039_001 in /tmp/pbe_data.data.home.granepura.5-kinases.cof_tpl_mg.run_kin.4ASD_LYS01A1039_001
2025-10-16 16:52:43 - INFO: step3.py, pbe: ForkPoolWorker-1: Calling delphi to calculate conformer LYS+1A1039_002 in /tmp/pbe_data.data.home.granepura.5-kinases.cof_tpl_mg.run_kin.4ASD_LYS+1A1039_002
2025-10-16 16:52:46 - INFO: step3.py, pbe: ForkPoolWorker-1: Calling delphi to calculate conformer ASN01A1040_001 in /tmp/pbe_data.data.home.granepura.5-kinases.cof_tpl_mg.run_kin.4ASD_ASN01A1040_001
2025-10-16 16:52:49 - INFO: step3.py, pbe: ForkPoolWorker-1: Calling delphi to calculate conformer ASN01A1040_002 in /tmp/pbe_data.data.home.granepura.5-kinases.cof_tpl_mg.run_kin.4ASD_ASN01A1040_002
2025-10-16 16:52:52 - INFO: step3.py, pbe: Skipping PBE solver for non-charge conformer VAL01A1041_001...
2025-10-16 16:52:52 - INFO: step3.py, pbe: Skipping PBE solver for non-charge conformer VAL01A1042_001...
2025-10-16 16:52:52 - INFO: step3.py, pbe: ForkPoolWorker-1: Calling delphi to calculate conformer LYS01A1043_001 in /tmp/pbe_data.data.home.granepura.5-kinases.cof_tpl_mg.run_kin.4ASD_LYS01A1043_001
2025-10-16 16:52:55 - INFO: step3.py, pbe: ForkPoolWorker-1: Calling delphi to calculate conformer LYS+1A1043_002 in /tmp/pbe_data.data.home.granepura.5-kinases.cof_tpl_mg.run_kin.4ASD_LYS+1A1043_002
2025-10-16 16:52:58 - INFO: step3.py, pbe: Skipping PBE solver for non-charge conformer ILE01A1044_001...
2025-10-16 16:52:58 - INFO: step3.py, pbe: ForkPoolWorker-1: Calling delphi to calculate conformer CYS01A1045_001 in /tmp/pbe_data.data.home.granepura.5-kinases.cof_tpl_mg.run_kin.4ASD_CYS01A1045_001
2025-10-16 16:53:01 - INFO: step3.py, pbe: ForkPoolWorker-1: Calling delphi to calculate conformer CYS01A1045_002 in /tmp/pbe_data.data.home.granepura.5-kinases.cof_tpl_mg.run_kin.4ASD_CYS01A1045_002
2025-10-16 16:53:04 - INFO: step3.py, pbe: ForkPoolWorker-1: Calling delphi to calculate conformer CYS01A1045_003 in /tmp/pbe_data.data.home.granepura.5-kinases.cof_tpl_mg.run_kin.4ASD_CYS01A1045_003
2025-10-16 16:53:07 - INFO: step3.py, pbe: ForkPoolWorker-1: Calling delphi to calculate conformer CYS-1A1045_004 in /tmp/pbe_data.data.home.granepura.5-kinases.cof_tpl_mg.run_kin.4ASD_CYS-1A1045_004
2025-10-16 16:53:10 - INFO: step3.py, pbe: ForkPoolWorker-1: Calling delphi to calculate conformer ASP01A1046_001 in /tmp/pbe_data.data.home.granepura.5-kinases.cof_tpl_mg.run_kin.4ASD_ASP01A1046_001
2025-10-16 16:53:13 - INFO: step3.py, pbe: ForkPoolWorker-1: Calling delphi to calculate conformer ASP01A1046_002 in /tmp/pbe_data.data.home.granepura.5-kinases.cof_tpl_mg.run_kin.4ASD_ASP01A1046_002
2025-10-16 16:53:17 - INFO: step3.py, pbe: ForkPoolWorker-1: Calling delphi to calculate conformer ASP02A1046_003 in /tmp/pbe_data.data.home.granepura.5-kinases.cof_tpl_mg.run_kin.4ASD_ASP02A1046_003
2025-10-16 16:53:20 - INFO: step3.py, pbe: ForkPoolWorker-1: Calling delphi to calculate conformer ASP02A1046_004 in /tmp/pbe_data.data.home.granepura.5-kinases.cof_tpl_mg.run_kin.4ASD_ASP02A1046_004
2025-10-16 16:53:23 - INFO: step3.py, pbe: ForkPoolWorker-1: Calling delphi to calculate conformer ASP-1A1046_005 in /tmp/pbe_data.data.home.granepura.5-kinases.cof_tpl_mg.run_kin.4ASD_ASP-1A1046_005
2025-10-16 16:53:26 - INFO: step3.py, pbe: Skipping PBE solver for non-charge conformer PHE01A1047_001...
2025-10-16 16:53:26 - INFO: step3.py, pbe: Skipping PBE solver for non-charge conformer LEU01A1049_001...
2025-10-16 16:53:26 - INFO: step3.py, pbe: Skipping PBE solver for non-charge conformer ALA01A1050_001...
2025-10-16 16:53:26 - INFO: step3.py, pbe: ForkPoolWorker-1: Calling delphi to calculate conformer ARG01A1051_001 in /tmp/pbe_data.data.home.granepura.5-kinases.cof_tpl_mg.run_kin.4ASD_ARG01A1051_001
2025-10-16 16:53:29 - INFO: step3.py, pbe: ForkPoolWorker-1: Calling delphi to calculate conformer ARG02A1051_002 in /tmp/pbe_data.data.home.granepura.5-kinases.cof_tpl_mg.run_kin.4ASD_ARG02A1051_002
2025-10-16 16:53:32 - INFO: step3.py, pbe: ForkPoolWorker-1: Calling delphi to calculate conformer ARG02A1051_003 in /tmp/pbe_data.data.home.granepura.5-kinases.cof_tpl_mg.run_kin.4ASD_ARG02A1051_003
2025-10-16 16:53:35 - INFO: step3.py, pbe: ForkPoolWorker-1: Calling delphi to calculate conformer ARG03A1051_004 in /tmp/pbe_data.data.home.granepura.5-kinases.cof_tpl_mg.run_kin.4ASD_ARG03A1051_004
2025-10-16 16:53:38 - INFO: step3.py, pbe: ForkPoolWorker-1: Calling delphi to calculate conformer ARG03A1051_005 in /tmp/pbe_data.data.home.granepura.5-kinases.cof_tpl_mg.run_kin.4ASD_ARG03A1051_005
2025-10-16 16:53:41 - INFO: step3.py, pbe: ForkPoolWorker-1: Calling delphi to calculate conformer ARG+1A1051_006 in /tmp/pbe_data.data.home.granepura.5-kinases.cof_tpl_mg.run_kin.4ASD_ARG+1A1051_006
2025-10-16 16:53:44 - INFO: step3.py, pbe: ForkPoolWorker-1: Calling delphi to calculate conformer ASP01A1052_001 in /tmp/pbe_data.data.home.granepura.5-kinases.cof_tpl_mg.run_kin.4ASD_ASP01A1052_001
2025-10-16 16:53:47 - INFO: step3.py, pbe: ForkPoolWorker-1: Calling delphi to calculate conformer ASP01A1052_002 in /tmp/pbe_data.data.home.granepura.5-kinases.cof_tpl_mg.run_kin.4ASD_ASP01A1052_002
2025-10-16 16:53:50 - INFO: step3.py, pbe: ForkPoolWorker-1: Calling delphi to calculate conformer ASP02A1052_003 in /tmp/pbe_data.data.home.granepura.5-kinases.cof_tpl_mg.run_kin.4ASD_ASP02A1052_003
2025-10-16 16:53:53 - INFO: step3.py, pbe: ForkPoolWorker-1: Calling delphi to calculate conformer ASP02A1052_004 in /tmp/pbe_data.data.home.granepura.5-kinases.cof_tpl_mg.run_kin.4ASD_ASP02A1052_004
2025-10-16 16:53:56 - INFO: step3.py, pbe: ForkPoolWorker-1: Calling delphi to calculate conformer ASP-1A1052_005 in /tmp/pbe_data.data.home.granepura.5-kinases.cof_tpl_mg.run_kin.4ASD_ASP-1A1052_005
2025-10-16 16:53:59 - INFO: step3.py, pbe: Skipping PBE solver for non-charge conformer ILE01A1053_001...
2025-10-16 16:53:59 - INFO: step3.py, pbe: ForkPoolWorker-1: Calling delphi to calculate conformer TYR01A1054_001 in /tmp/pbe_data.data.home.granepura.5-kinases.cof_tpl_mg.run_kin.4ASD_TYR01A1054_001
2025-10-16 16:54:02 - INFO: step3.py, pbe: ForkPoolWorker-1: Calling delphi to calculate conformer TYR-1A1054_002 in /tmp/pbe_data.data.home.granepura.5-kinases.cof_tpl_mg.run_kin.4ASD_TYR-1A1054_002
2025-10-16 16:54:05 - INFO: step3.py, pbe: ForkPoolWorker-1: Calling delphi to calculate conformer LYS01A1055_001 in /tmp/pbe_data.data.home.granepura.5-kinases.cof_tpl_mg.run_kin.4ASD_LYS01A1055_001
2025-10-16 16:54:08 - INFO: step3.py, pbe: ForkPoolWorker-1: Calling delphi to calculate conformer LYS+1A1055_002 in /tmp/pbe_data.data.home.granepura.5-kinases.cof_tpl_mg.run_kin.4ASD_LYS+1A1055_002
2025-10-16 16:54:10 - INFO: step3.py, pbe: ForkPoolWorker-1: Calling delphi to calculate conformer ASP01A1056_001 in /tmp/pbe_data.data.home.granepura.5-kinases.cof_tpl_mg.run_kin.4ASD_ASP01A1056_001
2025-10-16 16:54:13 - INFO: step3.py, pbe: ForkPoolWorker-1: Calling delphi to calculate conformer ASP01A1056_002 in /tmp/pbe_data.data.home.granepura.5-kinases.cof_tpl_mg.run_kin.4ASD_ASP01A1056_002
2025-10-16 16:54:16 - INFO: step3.py, pbe: ForkPoolWorker-1: Calling delphi to calculate conformer ASP02A1056_003 in /tmp/pbe_data.data.home.granepura.5-kinases.cof_tpl_mg.run_kin.4ASD_ASP02A1056_003
2025-10-16 16:54:19 - INFO: step3.py, pbe: ForkPoolWorker-1: Calling delphi to calculate conformer ASP02A1056_004 in /tmp/pbe_data.data.home.granepura.5-kinases.cof_tpl_mg.run_kin.4ASD_ASP02A1056_004
2025-10-16 16:54:22 - INFO: step3.py, pbe: ForkPoolWorker-1: Calling delphi to calculate conformer ASP-1A1056_005 in /tmp/pbe_data.data.home.granepura.5-kinases.cof_tpl_mg.run_kin.4ASD_ASP-1A1056_005
2025-10-16 16:54:25 - INFO: step3.py, pbe: Skipping PBE solver for non-charge conformer PRO01A1057_001...
2025-10-16 16:54:25 - INFO: step3.py, pbe: ForkPoolWorker-1: Calling delphi to calculate conformer ASP01A1058_001 in /tmp/pbe_data.data.home.granepura.5-kinases.cof_tpl_mg.run_kin.4ASD_ASP01A1058_001
2025-10-16 16:54:28 - INFO: step3.py, pbe: ForkPoolWorker-1: Calling delphi to calculate conformer ASP01A1058_002 in /tmp/pbe_data.data.home.granepura.5-kinases.cof_tpl_mg.run_kin.4ASD_ASP01A1058_002
2025-10-16 16:54:31 - INFO: step3.py, pbe: ForkPoolWorker-1: Calling delphi to calculate conformer ASP02A1058_003 in /tmp/pbe_data.data.home.granepura.5-kinases.cof_tpl_mg.run_kin.4ASD_ASP02A1058_003
2025-10-16 16:54:34 - INFO: step3.py, pbe: ForkPoolWorker-1: Calling delphi to calculate conformer ASP02A1058_004 in /tmp/pbe_data.data.home.granepura.5-kinases.cof_tpl_mg.run_kin.4ASD_ASP02A1058_004
2025-10-16 16:54:38 - INFO: step3.py, pbe: ForkPoolWorker-1: Calling delphi to calculate conformer ASP-1A1058_005 in /tmp/pbe_data.data.home.granepura.5-kinases.cof_tpl_mg.run_kin.4ASD_ASP-1A1058_005
2025-10-16 16:54:41 - INFO: step3.py, pbe: ForkPoolWorker-1: Calling delphi to calculate conformer TYR01A1059_001 in /tmp/pbe_data.data.home.granepura.5-kinases.cof_tpl_mg.run_kin.4ASD_TYR01A1059_001
2025-10-16 16:54:44 - INFO: step3.py, pbe: ForkPoolWorker-1: Calling delphi to calculate conformer TYR01A1059_002 in /tmp/pbe_data.data.home.granepura.5-kinases.cof_tpl_mg.run_kin.4ASD_TYR01A1059_002
2025-10-16 16:54:47 - INFO: step3.py, pbe: ForkPoolWorker-1: Calling delphi to calculate conformer TYR-1A1059_003 in /tmp/pbe_data.data.home.granepura.5-kinases.cof_tpl_mg.run_kin.4ASD_TYR-1A1059_003
2025-10-16 16:54:50 - INFO: step3.py, pbe: Skipping PBE solver for non-charge conformer VAL01A1060_001...
2025-10-16 16:54:50 - INFO: step3.py, pbe: ForkPoolWorker-1: Calling delphi to calculate conformer ARG01A1061_001 in /tmp/pbe_data.data.home.granepura.5-kinases.cof_tpl_mg.run_kin.4ASD_ARG01A1061_001
2025-10-16 16:54:53 - INFO: step3.py, pbe: ForkPoolWorker-1: Calling delphi to calculate conformer ARG02A1061_002 in /tmp/pbe_data.data.home.granepura.5-kinases.cof_tpl_mg.run_kin.4ASD_ARG02A1061_002
2025-10-16 16:54:55 - INFO: step3.py, pbe: ForkPoolWorker-1: Calling delphi to calculate conformer ARG03A1061_003 in /tmp/pbe_data.data.home.granepura.5-kinases.cof_tpl_mg.run_kin.4ASD_ARG03A1061_003
2025-10-16 16:54:58 - INFO: step3.py, pbe: ForkPoolWorker-1: Calling delphi to calculate conformer ARG+1A1061_004 in /tmp/pbe_data.data.home.granepura.5-kinases.cof_tpl_mg.run_kin.4ASD_ARG+1A1061_004
2025-10-16 16:55:01 - INFO: step3.py, pbe: ForkPoolWorker-1: Calling delphi to calculate conformer LYS01A1062_001 in /tmp/pbe_data.data.home.granepura.5-kinases.cof_tpl_mg.run_kin.4ASD_LYS01A1062_001
2025-10-16 16:55:04 - INFO: step3.py, pbe: ForkPoolWorker-1: Calling delphi to calculate conformer LYS+1A1062_002 in /tmp/pbe_data.data.home.granepura.5-kinases.cof_tpl_mg.run_kin.4ASD_LYS+1A1062_002
2025-10-16 16:55:08 - INFO: step3.py, pbe: ForkPoolWorker-1: Calling delphi to calculate conformer ASP01A1064_001 in /tmp/pbe_data.data.home.granepura.5-kinases.cof_tpl_mg.run_kin.4ASD_ASP01A1064_001
2025-10-16 16:55:10 - INFO: step3.py, pbe: ForkPoolWorker-1: Calling delphi to calculate conformer ASP01A1064_002 in /tmp/pbe_data.data.home.granepura.5-kinases.cof_tpl_mg.run_kin.4ASD_ASP01A1064_002
2025-10-16 16:55:13 - INFO: step3.py, pbe: ForkPoolWorker-1: Calling delphi to calculate conformer ASP02A1064_003 in /tmp/pbe_data.data.home.granepura.5-kinases.cof_tpl_mg.run_kin.4ASD_ASP02A1064_003
2025-10-16 16:55:16 - INFO: step3.py, pbe: ForkPoolWorker-1: Calling delphi to calculate conformer ASP02A1064_004 in /tmp/pbe_data.data.home.granepura.5-kinases.cof_tpl_mg.run_kin.4ASD_ASP02A1064_004
2025-10-16 16:55:19 - INFO: step3.py, pbe: ForkPoolWorker-1: Calling delphi to calculate conformer ASP-1A1064_005 in /tmp/pbe_data.data.home.granepura.5-kinases.cof_tpl_mg.run_kin.4ASD_ASP-1A1064_005
2025-10-16 16:55:22 - INFO: step3.py, pbe: Skipping PBE solver for non-charge conformer ALA01A1065_001...
2025-10-16 16:55:22 - INFO: step3.py, pbe: ForkPoolWorker-1: Calling delphi to calculate conformer ARG01A1066_001 in /tmp/pbe_data.data.home.granepura.5-kinases.cof_tpl_mg.run_kin.4ASD_ARG01A1066_001
2025-10-16 16:55:25 - INFO: step3.py, pbe: ForkPoolWorker-1: Calling delphi to calculate conformer ARG02A1066_002 in /tmp/pbe_data.data.home.granepura.5-kinases.cof_tpl_mg.run_kin.4ASD_ARG02A1066_002
2025-10-16 16:55:28 - INFO: step3.py, pbe: ForkPoolWorker-1: Calling delphi to calculate conformer ARG03A1066_003 in /tmp/pbe_data.data.home.granepura.5-kinases.cof_tpl_mg.run_kin.4ASD_ARG03A1066_003
2025-10-16 16:55:31 - INFO: step3.py, pbe: ForkPoolWorker-1: Calling delphi to calculate conformer ARG+1A1066_004 in /tmp/pbe_data.data.home.granepura.5-kinases.cof_tpl_mg.run_kin.4ASD_ARG+1A1066_004
2025-10-16 16:55:34 - INFO: step3.py, pbe: Skipping PBE solver for non-charge conformer LEU01A1067_001...
2025-10-16 16:55:34 - INFO: step3.py, pbe: Skipping PBE solver for non-charge conformer PRO01A1068_001...
2025-10-16 16:55:34 - INFO: step3.py, pbe: Skipping PBE solver for non-charge conformer LEU01A1069_001...
2025-10-16 16:55:34 - INFO: step3.py, pbe: ForkPoolWorker-1: Calling delphi to calculate conformer LYS01A1070_001 in /tmp/pbe_data.data.home.granepura.5-kinases.cof_tpl_mg.run_kin.4ASD_LYS01A1070_001
2025-10-16 16:55:37 - INFO: step3.py, pbe: ForkPoolWorker-1: Calling delphi to calculate conformer LYS+1A1070_002 in /tmp/pbe_data.data.home.granepura.5-kinases.cof_tpl_mg.run_kin.4ASD_LYS+1A1070_002
2025-10-16 16:55:40 - INFO: step3.py, pbe: Skipping PBE solver for non-charge conformer TRP01A1071_001...
2025-10-16 16:55:40 - INFO: step3.py, pbe: ForkPoolWorker-1: Calling delphi to calculate conformer MET01A1072_001 in /tmp/pbe_data.data.home.granepura.5-kinases.cof_tpl_mg.run_kin.4ASD_MET01A1072_001
2025-10-16 16:55:43 - INFO: step3.py, pbe: Skipping PBE solver for non-charge conformer ALA01A1073_001...
2025-10-16 16:55:43 - INFO: step3.py, pbe: Skipping PBE solver for non-charge conformer PRO01A1074_001...
2025-10-16 16:55:44 - INFO: step3.py, pbe: ForkPoolWorker-1: Calling delphi to calculate conformer GLU01A1075_001 in /tmp/pbe_data.data.home.granepura.5-kinases.cof_tpl_mg.run_kin.4ASD_GLU01A1075_001
2025-10-16 16:55:47 - INFO: step3.py, pbe: ForkPoolWorker-1: Calling delphi to calculate conformer GLU01A1075_002 in /tmp/pbe_data.data.home.granepura.5-kinases.cof_tpl_mg.run_kin.4ASD_GLU01A1075_002
2025-10-16 16:55:50 - INFO: step3.py, pbe: ForkPoolWorker-1: Calling delphi to calculate conformer GLU02A1075_003 in /tmp/pbe_data.data.home.granepura.5-kinases.cof_tpl_mg.run_kin.4ASD_GLU02A1075_003
2025-10-16 16:55:52 - INFO: step3.py, pbe: ForkPoolWorker-1: Calling delphi to calculate conformer GLU02A1075_004 in /tmp/pbe_data.data.home.granepura.5-kinases.cof_tpl_mg.run_kin.4ASD_GLU02A1075_004
2025-10-16 16:55:56 - INFO: step3.py, pbe: ForkPoolWorker-1: Calling delphi to calculate conformer GLU-1A1075_005 in /tmp/pbe_data.data.home.granepura.5-kinases.cof_tpl_mg.run_kin.4ASD_GLU-1A1075_005
2025-10-16 16:55:59 - INFO: step3.py, pbe: ForkPoolWorker-1: Calling delphi to calculate conformer THR01A1076_001 in /tmp/pbe_data.data.home.granepura.5-kinases.cof_tpl_mg.run_kin.4ASD_THR01A1076_001
2025-10-16 16:56:02 - INFO: step3.py, pbe: ForkPoolWorker-1: Calling delphi to calculate conformer THR01A1076_002 in /tmp/pbe_data.data.home.granepura.5-kinases.cof_tpl_mg.run_kin.4ASD_THR01A1076_002
2025-10-16 16:56:05 - INFO: step3.py, pbe: ForkPoolWorker-1: Calling delphi to calculate conformer THR01A1076_003 in /tmp/pbe_data.data.home.granepura.5-kinases.cof_tpl_mg.run_kin.4ASD_THR01A1076_003
2025-10-16 16:56:08 - INFO: step3.py, pbe: Skipping PBE solver for non-charge conformer ILE01A1077_001...
2025-10-16 16:56:08 - INFO: step3.py, pbe: Skipping PBE solver for non-charge conformer PHE01A1078_001...
2025-10-16 16:56:08 - INFO: step3.py, pbe: ForkPoolWorker-1: Calling delphi to calculate conformer ASP01A1079_001 in /tmp/pbe_data.data.home.granepura.5-kinases.cof_tpl_mg.run_kin.4ASD_ASP01A1079_001
2025-10-16 16:56:11 - INFO: step3.py, pbe: ForkPoolWorker-1: Calling delphi to calculate conformer ASP01A1079_002 in /tmp/pbe_data.data.home.granepura.5-kinases.cof_tpl_mg.run_kin.4ASD_ASP01A1079_002
2025-10-16 16:56:14 - INFO: step3.py, pbe: ForkPoolWorker-1: Calling delphi to calculate conformer ASP02A1079_003 in /tmp/pbe_data.data.home.granepura.5-kinases.cof_tpl_mg.run_kin.4ASD_ASP02A1079_003
2025-10-16 16:56:17 - INFO: step3.py, pbe: ForkPoolWorker-1: Calling delphi to calculate conformer ASP02A1079_004 in /tmp/pbe_data.data.home.granepura.5-kinases.cof_tpl_mg.run_kin.4ASD_ASP02A1079_004
2025-10-16 16:56:19 - INFO: step3.py, pbe: ForkPoolWorker-1: Calling delphi to calculate conformer ASP-1A1079_005 in /tmp/pbe_data.data.home.granepura.5-kinases.cof_tpl_mg.run_kin.4ASD_ASP-1A1079_005
2025-10-16 16:56:22 - INFO: step3.py, pbe: ForkPoolWorker-1: Calling delphi to calculate conformer ARG01A1080_001 in /tmp/pbe_data.data.home.granepura.5-kinases.cof_tpl_mg.run_kin.4ASD_ARG01A1080_001
2025-10-16 16:56:26 - INFO: step3.py, pbe: ForkPoolWorker-1: Calling delphi to calculate conformer ARG02A1080_002 in /tmp/pbe_data.data.home.granepura.5-kinases.cof_tpl_mg.run_kin.4ASD_ARG02A1080_002
2025-10-16 16:56:29 - INFO: step3.py, pbe: ForkPoolWorker-1: Calling delphi to calculate conformer ARG03A1080_003 in /tmp/pbe_data.data.home.granepura.5-kinases.cof_tpl_mg.run_kin.4ASD_ARG03A1080_003
2025-10-16 16:56:33 - INFO: step3.py, pbe: ForkPoolWorker-1: Calling delphi to calculate conformer ARG+1A1080_004 in /tmp/pbe_data.data.home.granepura.5-kinases.cof_tpl_mg.run_kin.4ASD_ARG+1A1080_004
2025-10-16 16:56:36 - INFO: step3.py, pbe: Skipping PBE solver for non-charge conformer VAL01A1081_001...
2025-10-16 16:56:36 - INFO: step3.py, pbe: ForkPoolWorker-1: Calling delphi to calculate conformer TYR01A1082_001 in /tmp/pbe_data.data.home.granepura.5-kinases.cof_tpl_mg.run_kin.4ASD_TYR01A1082_001
2025-10-16 16:56:39 - INFO: step3.py, pbe: ForkPoolWorker-1: Calling delphi to calculate conformer TYR01A1082_002 in /tmp/pbe_data.data.home.granepura.5-kinases.cof_tpl_mg.run_kin.4ASD_TYR01A1082_002
2025-10-16 16:56:42 - INFO: step3.py, pbe: ForkPoolWorker-1: Calling delphi to calculate conformer TYR-1A1082_003 in /tmp/pbe_data.data.home.granepura.5-kinases.cof_tpl_mg.run_kin.4ASD_TYR-1A1082_003
2025-10-16 16:56:45 - INFO: step3.py, pbe: ForkPoolWorker-1: Calling delphi to calculate conformer THR01A1083_001 in /tmp/pbe_data.data.home.granepura.5-kinases.cof_tpl_mg.run_kin.4ASD_THR01A1083_001
2025-10-16 16:56:48 - INFO: step3.py, pbe: ForkPoolWorker-1: Calling delphi to calculate conformer THR01A1083_002 in /tmp/pbe_data.data.home.granepura.5-kinases.cof_tpl_mg.run_kin.4ASD_THR01A1083_002
2025-10-16 16:56:51 - INFO: step3.py, pbe: Skipping PBE solver for non-charge conformer ILE01A1084_001...
2025-10-16 16:56:51 - INFO: step3.py, pbe: ForkPoolWorker-1: Calling delphi to calculate conformer GLN01A1085_001 in /tmp/pbe_data.data.home.granepura.5-kinases.cof_tpl_mg.run_kin.4ASD_GLN01A1085_001
2025-10-16 16:56:54 - INFO: step3.py, pbe: ForkPoolWorker-1: Calling delphi to calculate conformer GLN01A1085_002 in /tmp/pbe_data.data.home.granepura.5-kinases.cof_tpl_mg.run_kin.4ASD_GLN01A1085_002
2025-10-16 16:56:57 - INFO: step3.py, pbe: ForkPoolWorker-1: Calling delphi to calculate conformer SER01A1086_001 in /tmp/pbe_data.data.home.granepura.5-kinases.cof_tpl_mg.run_kin.4ASD_SER01A1086_001
2025-10-16 16:57:00 - INFO: step3.py, pbe: ForkPoolWorker-1: Calling delphi to calculate conformer ASP01A1087_001 in /tmp/pbe_data.data.home.granepura.5-kinases.cof_tpl_mg.run_kin.4ASD_ASP01A1087_001
2025-10-16 16:57:03 - INFO: step3.py, pbe: ForkPoolWorker-1: Calling delphi to calculate conformer ASP01A1087_002 in /tmp/pbe_data.data.home.granepura.5-kinases.cof_tpl_mg.run_kin.4ASD_ASP01A1087_002
2025-10-16 16:57:06 - INFO: step3.py, pbe: ForkPoolWorker-1: Calling delphi to calculate conformer ASP02A1087_003 in /tmp/pbe_data.data.home.granepura.5-kinases.cof_tpl_mg.run_kin.4ASD_ASP02A1087_003
2025-10-16 16:57:09 - INFO: step3.py, pbe: ForkPoolWorker-1: Calling delphi to calculate conformer ASP02A1087_004 in /tmp/pbe_data.data.home.granepura.5-kinases.cof_tpl_mg.run_kin.4ASD_ASP02A1087_004
2025-10-16 16:57:12 - INFO: step3.py, pbe: ForkPoolWorker-1: Calling delphi to calculate conformer ASP-1A1087_005 in /tmp/pbe_data.data.home.granepura.5-kinases.cof_tpl_mg.run_kin.4ASD_ASP-1A1087_005
2025-10-16 16:57:15 - INFO: step3.py, pbe: Skipping PBE solver for non-charge conformer VAL01A1088_001...
2025-10-16 16:57:15 - INFO: step3.py, pbe: Skipping PBE solver for non-charge conformer TRP01A1089_001...
2025-10-16 16:57:15 - INFO: step3.py, pbe: ForkPoolWorker-1: Calling delphi to calculate conformer SER01A1090_001 in /tmp/pbe_data.data.home.granepura.5-kinases.cof_tpl_mg.run_kin.4ASD_SER01A1090_001
2025-10-16 16:57:18 - INFO: step3.py, pbe: ForkPoolWorker-1: Calling delphi to calculate conformer SER01A1090_002 in /tmp/pbe_data.data.home.granepura.5-kinases.cof_tpl_mg.run_kin.4ASD_SER01A1090_002
2025-10-16 16:57:21 - INFO: step3.py, pbe: Skipping PBE solver for non-charge conformer PHE01A1091_001...
2025-10-16 16:57:21 - INFO: step3.py, pbe: Skipping PBE solver for non-charge conformer VAL01A1093_001...
2025-10-16 16:57:21 - INFO: step3.py, pbe: Skipping PBE solver for non-charge conformer LEU01A1094_001...
2025-10-16 16:57:21 - INFO: step3.py, pbe: Skipping PBE solver for non-charge conformer LEU01A1095_001...
2025-10-16 16:57:21 - INFO: step3.py, pbe: Skipping PBE solver for non-charge conformer TRP01A1096_001...
2025-10-16 16:57:21 - INFO: step3.py, pbe: ForkPoolWorker-1: Calling delphi to calculate conformer GLU01A1097_001 in /tmp/pbe_data.data.home.granepura.5-kinases.cof_tpl_mg.run_kin.4ASD_GLU01A1097_001
2025-10-16 16:57:24 - INFO: step3.py, pbe: ForkPoolWorker-1: Calling delphi to calculate conformer GLU01A1097_002 in /tmp/pbe_data.data.home.granepura.5-kinases.cof_tpl_mg.run_kin.4ASD_GLU01A1097_002
2025-10-16 16:57:27 - INFO: step3.py, pbe: ForkPoolWorker-1: Calling delphi to calculate conformer GLU02A1097_003 in /tmp/pbe_data.data.home.granepura.5-kinases.cof_tpl_mg.run_kin.4ASD_GLU02A1097_003
2025-10-16 16:57:30 - INFO: step3.py, pbe: ForkPoolWorker-1: Calling delphi to calculate conformer GLU02A1097_004 in /tmp/pbe_data.data.home.granepura.5-kinases.cof_tpl_mg.run_kin.4ASD_GLU02A1097_004
2025-10-16 16:57:34 - INFO: step3.py, pbe: ForkPoolWorker-1: Calling delphi to calculate conformer GLU-1A1097_005 in /tmp/pbe_data.data.home.granepura.5-kinases.cof_tpl_mg.run_kin.4ASD_GLU-1A1097_005
2025-10-16 16:57:37 - INFO: step3.py, pbe: Skipping PBE solver for non-charge conformer ILE01A1098_001...
2025-10-16 16:57:37 - INFO: step3.py, pbe: Skipping PBE solver for non-charge conformer PHE01A1099_001...
2025-10-16 16:57:37 - INFO: step3.py, pbe: ForkPoolWorker-1: Calling delphi to calculate conformer SER01A1100_001 in /tmp/pbe_data.data.home.granepura.5-kinases.cof_tpl_mg.run_kin.4ASD_SER01A1100_001
2025-10-16 16:57:40 - INFO: step3.py, pbe: ForkPoolWorker-1: Calling delphi to calculate conformer SER01A1100_002 in /tmp/pbe_data.data.home.granepura.5-kinases.cof_tpl_mg.run_kin.4ASD_SER01A1100_002
2025-10-16 16:57:43 - INFO: step3.py, pbe: ForkPoolWorker-1: Calling delphi to calculate conformer SER01A1100_003 in /tmp/pbe_data.data.home.granepura.5-kinases.cof_tpl_mg.run_kin.4ASD_SER01A1100_003
2025-10-16 16:57:46 - INFO: step3.py, pbe: Skipping PBE solver for non-charge conformer LEU01A1101_001...
2025-10-16 16:57:46 - INFO: step3.py, pbe: Skipping PBE solver for non-charge conformer ALA01A1103_001...
2025-10-16 16:57:46 - INFO: step3.py, pbe: ForkPoolWorker-1: Calling delphi to calculate conformer SER01A1104_001 in /tmp/pbe_data.data.home.granepura.5-kinases.cof_tpl_mg.run_kin.4ASD_SER01A1104_001
2025-10-16 16:57:49 - INFO: step3.py, pbe: ForkPoolWorker-1: Calling delphi to calculate conformer SER01A1104_002 in /tmp/pbe_data.data.home.granepura.5-kinases.cof_tpl_mg.run_kin.4ASD_SER01A1104_002
2025-10-16 16:57:52 - INFO: step3.py, pbe: Skipping PBE solver for non-charge conformer PRO01A1105_001...
2025-10-16 16:57:52 - INFO: step3.py, pbe: ForkPoolWorker-1: Calling delphi to calculate conformer TYR01A1106_001 in /tmp/pbe_data.data.home.granepura.5-kinases.cof_tpl_mg.run_kin.4ASD_TYR01A1106_001
2025-10-16 16:57:55 - INFO: step3.py, pbe: ForkPoolWorker-1: Calling delphi to calculate conformer TYR-1A1106_002 in /tmp/pbe_data.data.home.granepura.5-kinases.cof_tpl_mg.run_kin.4ASD_TYR-1A1106_002
2025-10-16 16:57:58 - INFO: step3.py, pbe: Skipping PBE solver for non-charge conformer PRO01A1107_001...
2025-10-16 16:57:58 - INFO: step3.py, pbe: Skipping PBE solver for non-charge conformer VAL01A1109_001...
2025-10-16 16:57:58 - INFO: step3.py, pbe: ForkPoolWorker-1: Calling delphi to calculate conformer LYS01A1110_001 in /tmp/pbe_data.data.home.granepura.5-kinases.cof_tpl_mg.run_kin.4ASD_LYS01A1110_001
2025-10-16 16:58:01 - INFO: step3.py, pbe: ForkPoolWorker-1: Calling delphi to calculate conformer LYS+1A1110_002 in /tmp/pbe_data.data.home.granepura.5-kinases.cof_tpl_mg.run_kin.4ASD_LYS+1A1110_002
2025-10-16 16:58:04 - INFO: step3.py, pbe: Skipping PBE solver for non-charge conformer ILE01A1111_001...
2025-10-16 16:58:04 - INFO: step3.py, pbe: ForkPoolWorker-1: Calling delphi to calculate conformer ASP01A1112_001 in /tmp/pbe_data.data.home.granepura.5-kinases.cof_tpl_mg.run_kin.4ASD_ASP01A1112_001
2025-10-16 16:58:07 - INFO: step3.py, pbe: ForkPoolWorker-1: Calling delphi to calculate conformer ASP01A1112_002 in /tmp/pbe_data.data.home.granepura.5-kinases.cof_tpl_mg.run_kin.4ASD_ASP01A1112_002
2025-10-16 16:58:10 - INFO: step3.py, pbe: ForkPoolWorker-1: Calling delphi to calculate conformer ASP02A1112_003 in /tmp/pbe_data.data.home.granepura.5-kinases.cof_tpl_mg.run_kin.4ASD_ASP02A1112_003
2025-10-16 16:58:13 - INFO: step3.py, pbe: ForkPoolWorker-1: Calling delphi to calculate conformer ASP02A1112_004 in /tmp/pbe_data.data.home.granepura.5-kinases.cof_tpl_mg.run_kin.4ASD_ASP02A1112_004
2025-10-16 16:58:16 - INFO: step3.py, pbe: ForkPoolWorker-1: Calling delphi to calculate conformer ASP-1A1112_005 in /tmp/pbe_data.data.home.granepura.5-kinases.cof_tpl_mg.run_kin.4ASD_ASP-1A1112_005
2025-10-16 16:58:19 - INFO: step3.py, pbe: ForkPoolWorker-1: Calling delphi to calculate conformer GLU01A1113_001 in /tmp/pbe_data.data.home.granepura.5-kinases.cof_tpl_mg.run_kin.4ASD_GLU01A1113_001
2025-10-16 16:58:22 - INFO: step3.py, pbe: ForkPoolWorker-1: Calling delphi to calculate conformer GLU01A1113_002 in /tmp/pbe_data.data.home.granepura.5-kinases.cof_tpl_mg.run_kin.4ASD_GLU01A1113_002
2025-10-16 16:58:25 - INFO: step3.py, pbe: ForkPoolWorker-1: Calling delphi to calculate conformer GLU02A1113_003 in /tmp/pbe_data.data.home.granepura.5-kinases.cof_tpl_mg.run_kin.4ASD_GLU02A1113_003
2025-10-16 16:58:27 - INFO: step3.py, pbe: ForkPoolWorker-1: Calling delphi to calculate conformer GLU02A1113_004 in /tmp/pbe_data.data.home.granepura.5-kinases.cof_tpl_mg.run_kin.4ASD_GLU02A1113_004
2025-10-16 16:58:30 - INFO: step3.py, pbe: ForkPoolWorker-1: Calling delphi to calculate conformer GLU-1A1113_005 in /tmp/pbe_data.data.home.granepura.5-kinases.cof_tpl_mg.run_kin.4ASD_GLU-1A1113_005
2025-10-16 16:58:33 - INFO: step3.py, pbe: ForkPoolWorker-1: Calling delphi to calculate conformer GLU01A1114_001 in /tmp/pbe_data.data.home.granepura.5-kinases.cof_tpl_mg.run_kin.4ASD_GLU01A1114_001
2025-10-16 16:58:36 - INFO: step3.py, pbe: ForkPoolWorker-1: Calling delphi to calculate conformer GLU01A1114_002 in /tmp/pbe_data.data.home.granepura.5-kinases.cof_tpl_mg.run_kin.4ASD_GLU01A1114_002
2025-10-16 16:58:39 - INFO: step3.py, pbe: ForkPoolWorker-1: Calling delphi to calculate conformer GLU01A1114_003 in /tmp/pbe_data.data.home.granepura.5-kinases.cof_tpl_mg.run_kin.4ASD_GLU01A1114_003
2025-10-16 16:58:42 - INFO: step3.py, pbe: ForkPoolWorker-1: Calling delphi to calculate conformer GLU01A1114_004 in /tmp/pbe_data.data.home.granepura.5-kinases.cof_tpl_mg.run_kin.4ASD_GLU01A1114_004
2025-10-16 16:58:45 - INFO: step3.py, pbe: ForkPoolWorker-1: Calling delphi to calculate conformer GLU02A1114_005 in /tmp/pbe_data.data.home.granepura.5-kinases.cof_tpl_mg.run_kin.4ASD_GLU02A1114_005
2025-10-16 16:58:48 - INFO: step3.py, pbe: ForkPoolWorker-1: Calling delphi to calculate conformer GLU02A1114_006 in /tmp/pbe_data.data.home.granepura.5-kinases.cof_tpl_mg.run_kin.4ASD_GLU02A1114_006
2025-10-16 16:58:51 - INFO: step3.py, pbe: ForkPoolWorker-1: Calling delphi to calculate conformer GLU02A1114_007 in /tmp/pbe_data.data.home.granepura.5-kinases.cof_tpl_mg.run_kin.4ASD_GLU02A1114_007
2025-10-16 16:58:54 - INFO: step3.py, pbe: ForkPoolWorker-1: Calling delphi to calculate conformer GLU02A1114_008 in /tmp/pbe_data.data.home.granepura.5-kinases.cof_tpl_mg.run_kin.4ASD_GLU02A1114_008
2025-10-16 16:58:57 - INFO: step3.py, pbe: ForkPoolWorker-1: Calling delphi to calculate conformer GLU-1A1114_009 in /tmp/pbe_data.data.home.granepura.5-kinases.cof_tpl_mg.run_kin.4ASD_GLU-1A1114_009
2025-10-16 16:59:00 - INFO: step3.py, pbe: ForkPoolWorker-1: Calling delphi to calculate conformer GLU-1A1114_010 in /tmp/pbe_data.data.home.granepura.5-kinases.cof_tpl_mg.run_kin.4ASD_GLU-1A1114_010
2025-10-16 16:59:03 - INFO: step3.py, pbe: Skipping PBE solver for non-charge conformer PHE01A1115_001...
2025-10-16 16:59:03 - INFO: step3.py, pbe: ForkPoolWorker-1: Calling delphi to calculate conformer CYS01A1116_001 in /tmp/pbe_data.data.home.granepura.5-kinases.cof_tpl_mg.run_kin.4ASD_CYS01A1116_001
2025-10-16 16:59:06 - INFO: step3.py, pbe: ForkPoolWorker-1: Calling delphi to calculate conformer CYS01A1116_002 in /tmp/pbe_data.data.home.granepura.5-kinases.cof_tpl_mg.run_kin.4ASD_CYS01A1116_002
2025-10-16 16:59:09 - INFO: step3.py, pbe: ForkPoolWorker-1: Calling delphi to calculate conformer CYS01A1116_003 in /tmp/pbe_data.data.home.granepura.5-kinases.cof_tpl_mg.run_kin.4ASD_CYS01A1116_003
2025-10-16 16:59:12 - INFO: step3.py, pbe: ForkPoolWorker-1: Calling delphi to calculate conformer CYS-1A1116_004 in /tmp/pbe_data.data.home.granepura.5-kinases.cof_tpl_mg.run_kin.4ASD_CYS-1A1116_004
2025-10-16 16:59:15 - INFO: step3.py, pbe: ForkPoolWorker-1: Calling delphi to calculate conformer ARG01A1117_001 in /tmp/pbe_data.data.home.granepura.5-kinases.cof_tpl_mg.run_kin.4ASD_ARG01A1117_001
2025-10-16 16:59:18 - INFO: step3.py, pbe: ForkPoolWorker-1: Calling delphi to calculate conformer ARG02A1117_002 in /tmp/pbe_data.data.home.granepura.5-kinases.cof_tpl_mg.run_kin.4ASD_ARG02A1117_002
2025-10-16 16:59:21 - INFO: step3.py, pbe: ForkPoolWorker-1: Calling delphi to calculate conformer ARG02A1117_003 in /tmp/pbe_data.data.home.granepura.5-kinases.cof_tpl_mg.run_kin.4ASD_ARG02A1117_003
2025-10-16 16:59:24 - INFO: step3.py, pbe: ForkPoolWorker-1: Calling delphi to calculate conformer ARG03A1117_004 in /tmp/pbe_data.data.home.granepura.5-kinases.cof_tpl_mg.run_kin.4ASD_ARG03A1117_004
2025-10-16 16:59:27 - INFO: step3.py, pbe: ForkPoolWorker-1: Calling delphi to calculate conformer ARG03A1117_005 in /tmp/pbe_data.data.home.granepura.5-kinases.cof_tpl_mg.run_kin.4ASD_ARG03A1117_005
2025-10-16 16:59:30 - INFO: step3.py, pbe: ForkPoolWorker-1: Calling delphi to calculate conformer ARG+1A1117_006 in /tmp/pbe_data.data.home.granepura.5-kinases.cof_tpl_mg.run_kin.4ASD_ARG+1A1117_006
2025-10-16 16:59:33 - INFO: step3.py, pbe: ForkPoolWorker-1: Calling delphi to calculate conformer ARG01A1118_001 in /tmp/pbe_data.data.home.granepura.5-kinases.cof_tpl_mg.run_kin.4ASD_ARG01A1118_001
2025-10-16 16:59:36 - INFO: step3.py, pbe: ForkPoolWorker-1: Calling delphi to calculate conformer ARG02A1118_002 in /tmp/pbe_data.data.home.granepura.5-kinases.cof_tpl_mg.run_kin.4ASD_ARG02A1118_002
2025-10-16 16:59:39 - INFO: step3.py, pbe: ForkPoolWorker-1: Calling delphi to calculate conformer ARG03A1118_003 in /tmp/pbe_data.data.home.granepura.5-kinases.cof_tpl_mg.run_kin.4ASD_ARG03A1118_003
2025-10-16 16:59:42 - INFO: step3.py, pbe: ForkPoolWorker-1: Calling delphi to calculate conformer ARG+1A1118_004 in /tmp/pbe_data.data.home.granepura.5-kinases.cof_tpl_mg.run_kin.4ASD_ARG+1A1118_004
2025-10-16 16:59:45 - INFO: step3.py, pbe: Skipping PBE solver for non-charge conformer LEU01A1119_001...
2025-10-16 16:59:45 - INFO: step3.py, pbe: ForkPoolWorker-1: Calling delphi to calculate conformer LYS01A1120_001 in /tmp/pbe_data.data.home.granepura.5-kinases.cof_tpl_mg.run_kin.4ASD_LYS01A1120_001
2025-10-16 16:59:48 - INFO: step3.py, pbe: ForkPoolWorker-1: Calling delphi to calculate conformer LYS+1A1120_002 in /tmp/pbe_data.data.home.granepura.5-kinases.cof_tpl_mg.run_kin.4ASD_LYS+1A1120_002
2025-10-16 16:59:51 - INFO: step3.py, pbe: ForkPoolWorker-1: Calling delphi to calculate conformer GLU01A1121_001 in /tmp/pbe_data.data.home.granepura.5-kinases.cof_tpl_mg.run_kin.4ASD_GLU01A1121_001
2025-10-16 16:59:54 - INFO: step3.py, pbe: ForkPoolWorker-1: Calling delphi to calculate conformer GLU01A1121_002 in /tmp/pbe_data.data.home.granepura.5-kinases.cof_tpl_mg.run_kin.4ASD_GLU01A1121_002
2025-10-16 16:59:57 - INFO: step3.py, pbe: ForkPoolWorker-1: Calling delphi to calculate conformer GLU02A1121_003 in /tmp/pbe_data.data.home.granepura.5-kinases.cof_tpl_mg.run_kin.4ASD_GLU02A1121_003
2025-10-16 17:00:00 - INFO: step3.py, pbe: ForkPoolWorker-1: Calling delphi to calculate conformer GLU02A1121_004 in /tmp/pbe_data.data.home.granepura.5-kinases.cof_tpl_mg.run_kin.4ASD_GLU02A1121_004
2025-10-16 17:00:03 - INFO: step3.py, pbe: ForkPoolWorker-1: Calling delphi to calculate conformer GLU-1A1121_005 in /tmp/pbe_data.data.home.granepura.5-kinases.cof_tpl_mg.run_kin.4ASD_GLU-1A1121_005
2025-10-16 17:00:05 - INFO: step3.py, pbe: ForkPoolWorker-1: Calling delphi to calculate conformer THR01A1123_001 in /tmp/pbe_data.data.home.granepura.5-kinases.cof_tpl_mg.run_kin.4ASD_THR01A1123_001
2025-10-16 17:00:08 - INFO: step3.py, pbe: ForkPoolWorker-1: Calling delphi to calculate conformer THR01A1123_002 in /tmp/pbe_data.data.home.granepura.5-kinases.cof_tpl_mg.run_kin.4ASD_THR01A1123_002
2025-10-16 17:00:11 - INFO: step3.py, pbe: ForkPoolWorker-1: Calling delphi to calculate conformer ARG01A1124_001 in /tmp/pbe_data.data.home.granepura.5-kinases.cof_tpl_mg.run_kin.4ASD_ARG01A1124_001
2025-10-16 17:00:14 - INFO: step3.py, pbe: ForkPoolWorker-1: Calling delphi to calculate conformer ARG02A1124_002 in /tmp/pbe_data.data.home.granepura.5-kinases.cof_tpl_mg.run_kin.4ASD_ARG02A1124_002
2025-10-16 17:00:17 - INFO: step3.py, pbe: ForkPoolWorker-1: Calling delphi to calculate conformer ARG02A1124_003 in /tmp/pbe_data.data.home.granepura.5-kinases.cof_tpl_mg.run_kin.4ASD_ARG02A1124_003
2025-10-16 17:00:20 - INFO: step3.py, pbe: ForkPoolWorker-1: Calling delphi to calculate conformer ARG03A1124_004 in /tmp/pbe_data.data.home.granepura.5-kinases.cof_tpl_mg.run_kin.4ASD_ARG03A1124_004
2025-10-16 17:00:23 - INFO: step3.py, pbe: ForkPoolWorker-1: Calling delphi to calculate conformer ARG+1A1124_005 in /tmp/pbe_data.data.home.granepura.5-kinases.cof_tpl_mg.run_kin.4ASD_ARG+1A1124_005
2025-10-16 17:00:26 - INFO: step3.py, pbe: ForkPoolWorker-1: Calling delphi to calculate conformer MET01A1125_001 in /tmp/pbe_data.data.home.granepura.5-kinases.cof_tpl_mg.run_kin.4ASD_MET01A1125_001
2025-10-16 17:00:29 - INFO: step3.py, pbe: ForkPoolWorker-1: Calling delphi to calculate conformer ARG01A1126_001 in /tmp/pbe_data.data.home.granepura.5-kinases.cof_tpl_mg.run_kin.4ASD_ARG01A1126_001
2025-10-16 17:00:32 - INFO: step3.py, pbe: ForkPoolWorker-1: Calling delphi to calculate conformer ARG02A1126_002 in /tmp/pbe_data.data.home.granepura.5-kinases.cof_tpl_mg.run_kin.4ASD_ARG02A1126_002
2025-10-16 17:00:35 - INFO: step3.py, pbe: ForkPoolWorker-1: Calling delphi to calculate conformer ARG03A1126_003 in /tmp/pbe_data.data.home.granepura.5-kinases.cof_tpl_mg.run_kin.4ASD_ARG03A1126_003
2025-10-16 17:00:38 - INFO: step3.py, pbe: ForkPoolWorker-1: Calling delphi to calculate conformer ARG+1A1126_004 in /tmp/pbe_data.data.home.granepura.5-kinases.cof_tpl_mg.run_kin.4ASD_ARG+1A1126_004
2025-10-16 17:00:41 - INFO: step3.py, pbe: Skipping PBE solver for non-charge conformer ALA01A1127_001...
2025-10-16 17:00:41 - INFO: step3.py, pbe: Skipping PBE solver for non-charge conformer PRO01A1128_001...
2025-10-16 17:00:41 - INFO: step3.py, pbe: ForkPoolWorker-1: Calling delphi to calculate conformer ASP01A1129_001 in /tmp/pbe_data.data.home.granepura.5-kinases.cof_tpl_mg.run_kin.4ASD_ASP01A1129_001
2025-10-16 17:00:45 - INFO: step3.py, pbe: ForkPoolWorker-1: Calling delphi to calculate conformer ASP01A1129_002 in /tmp/pbe_data.data.home.granepura.5-kinases.cof_tpl_mg.run_kin.4ASD_ASP01A1129_002
2025-10-16 17:00:48 - INFO: step3.py, pbe: ForkPoolWorker-1: Calling delphi to calculate conformer ASP02A1129_003 in /tmp/pbe_data.data.home.granepura.5-kinases.cof_tpl_mg.run_kin.4ASD_ASP02A1129_003
2025-10-16 17:00:51 - INFO: step3.py, pbe: ForkPoolWorker-1: Calling delphi to calculate conformer ASP02A1129_004 in /tmp/pbe_data.data.home.granepura.5-kinases.cof_tpl_mg.run_kin.4ASD_ASP02A1129_004
2025-10-16 17:00:54 - INFO: step3.py, pbe: ForkPoolWorker-1: Calling delphi to calculate conformer ASP-1A1129_005 in /tmp/pbe_data.data.home.granepura.5-kinases.cof_tpl_mg.run_kin.4ASD_ASP-1A1129_005
2025-10-16 17:00:57 - INFO: step3.py, pbe: ForkPoolWorker-1: Calling delphi to calculate conformer TYR01A1130_001 in /tmp/pbe_data.data.home.granepura.5-kinases.cof_tpl_mg.run_kin.4ASD_TYR01A1130_001
2025-10-16 17:01:00 - INFO: step3.py, pbe: ForkPoolWorker-1: Calling delphi to calculate conformer TYR01A1130_002 in /tmp/pbe_data.data.home.granepura.5-kinases.cof_tpl_mg.run_kin.4ASD_TYR01A1130_002
2025-10-16 17:01:03 - INFO: step3.py, pbe: ForkPoolWorker-1: Calling delphi to calculate conformer TYR-1A1130_003 in /tmp/pbe_data.data.home.granepura.5-kinases.cof_tpl_mg.run_kin.4ASD_TYR-1A1130_003
2025-10-16 17:01:06 - INFO: step3.py, pbe: ForkPoolWorker-1: Calling delphi to calculate conformer THR01A1131_001 in /tmp/pbe_data.data.home.granepura.5-kinases.cof_tpl_mg.run_kin.4ASD_THR01A1131_001
2025-10-16 17:01:09 - INFO: step3.py, pbe: ForkPoolWorker-1: Calling delphi to calculate conformer THR01A1131_002 in /tmp/pbe_data.data.home.granepura.5-kinases.cof_tpl_mg.run_kin.4ASD_THR01A1131_002
2025-10-16 17:01:12 - INFO: step3.py, pbe: ForkPoolWorker-1: Calling delphi to calculate conformer THR01A1132_001 in /tmp/pbe_data.data.home.granepura.5-kinases.cof_tpl_mg.run_kin.4ASD_THR01A1132_001
2025-10-16 17:01:14 - INFO: step3.py, pbe: ForkPoolWorker-1: Calling delphi to calculate conformer THR01A1132_002 in /tmp/pbe_data.data.home.granepura.5-kinases.cof_tpl_mg.run_kin.4ASD_THR01A1132_002
2025-10-16 17:01:17 - INFO: step3.py, pbe: ForkPoolWorker-1: Calling delphi to calculate conformer THR01A1132_003 in /tmp/pbe_data.data.home.granepura.5-kinases.cof_tpl_mg.run_kin.4ASD_THR01A1132_003
2025-10-16 17:01:20 - INFO: step3.py, pbe: Skipping PBE solver for non-charge conformer PRO01A1133_001...
2025-10-16 17:01:20 - INFO: step3.py, pbe: ForkPoolWorker-1: Calling delphi to calculate conformer GLU01A1134_001 in /tmp/pbe_data.data.home.granepura.5-kinases.cof_tpl_mg.run_kin.4ASD_GLU01A1134_001
2025-10-16 17:01:23 - INFO: step3.py, pbe: ForkPoolWorker-1: Calling delphi to calculate conformer GLU01A1134_002 in /tmp/pbe_data.data.home.granepura.5-kinases.cof_tpl_mg.run_kin.4ASD_GLU01A1134_002
2025-10-16 17:01:26 - INFO: step3.py, pbe: ForkPoolWorker-1: Calling delphi to calculate conformer GLU02A1134_003 in /tmp/pbe_data.data.home.granepura.5-kinases.cof_tpl_mg.run_kin.4ASD_GLU02A1134_003
2025-10-16 17:01:29 - INFO: step3.py, pbe: ForkPoolWorker-1: Calling delphi to calculate conformer GLU02A1134_004 in /tmp/pbe_data.data.home.granepura.5-kinases.cof_tpl_mg.run_kin.4ASD_GLU02A1134_004
2025-10-16 17:01:32 - INFO: step3.py, pbe: ForkPoolWorker-1: Calling delphi to calculate conformer GLU-1A1134_005 in /tmp/pbe_data.data.home.granepura.5-kinases.cof_tpl_mg.run_kin.4ASD_GLU-1A1134_005
2025-10-16 17:01:35 - INFO: step3.py, pbe: ForkPoolWorker-1: Calling delphi to calculate conformer MET01A1135_001 in /tmp/pbe_data.data.home.granepura.5-kinases.cof_tpl_mg.run_kin.4ASD_MET01A1135_001
2025-10-16 17:01:38 - INFO: step3.py, pbe: ForkPoolWorker-1: Calling delphi to calculate conformer TYR01A1136_001 in /tmp/pbe_data.data.home.granepura.5-kinases.cof_tpl_mg.run_kin.4ASD_TYR01A1136_001
2025-10-16 17:01:41 - INFO: step3.py, pbe: ForkPoolWorker-1: Calling delphi to calculate conformer TYR01A1136_002 in /tmp/pbe_data.data.home.granepura.5-kinases.cof_tpl_mg.run_kin.4ASD_TYR01A1136_002
2025-10-16 17:01:44 - INFO: step3.py, pbe: ForkPoolWorker-1: Calling delphi to calculate conformer TYR-1A1136_003 in /tmp/pbe_data.data.home.granepura.5-kinases.cof_tpl_mg.run_kin.4ASD_TYR-1A1136_003
2025-10-16 17:01:48 - INFO: step3.py, pbe: ForkPoolWorker-1: Calling delphi to calculate conformer GLN01A1137_001 in /tmp/pbe_data.data.home.granepura.5-kinases.cof_tpl_mg.run_kin.4ASD_GLN01A1137_001
2025-10-16 17:01:51 - INFO: step3.py, pbe: ForkPoolWorker-1: Calling delphi to calculate conformer GLN01A1137_002 in /tmp/pbe_data.data.home.granepura.5-kinases.cof_tpl_mg.run_kin.4ASD_GLN01A1137_002
2025-10-16 17:01:54 - INFO: step3.py, pbe: ForkPoolWorker-1: Calling delphi to calculate conformer THR01A1138_001 in /tmp/pbe_data.data.home.granepura.5-kinases.cof_tpl_mg.run_kin.4ASD_THR01A1138_001
2025-10-16 17:01:57 - INFO: step3.py, pbe: ForkPoolWorker-1: Calling delphi to calculate conformer THR01A1138_002 in /tmp/pbe_data.data.home.granepura.5-kinases.cof_tpl_mg.run_kin.4ASD_THR01A1138_002
2025-10-16 17:02:00 - INFO: step3.py, pbe: ForkPoolWorker-1: Calling delphi to calculate conformer THR01A1138_003 in /tmp/pbe_data.data.home.granepura.5-kinases.cof_tpl_mg.run_kin.4ASD_THR01A1138_003
2025-10-16 17:02:03 - INFO: step3.py, pbe: ForkPoolWorker-1: Calling delphi to calculate conformer MET01A1139_001 in /tmp/pbe_data.data.home.granepura.5-kinases.cof_tpl_mg.run_kin.4ASD_MET01A1139_001
2025-10-16 17:02:06 - INFO: step3.py, pbe: Skipping PBE solver for non-charge conformer LEU01A1140_001...
2025-10-16 17:02:06 - INFO: step3.py, pbe: ForkPoolWorker-1: Calling delphi to calculate conformer ASP01A1141_001 in /tmp/pbe_data.data.home.granepura.5-kinases.cof_tpl_mg.run_kin.4ASD_ASP01A1141_001
2025-10-16 17:02:09 - INFO: step3.py, pbe: ForkPoolWorker-1: Calling delphi to calculate conformer ASP01A1141_002 in /tmp/pbe_data.data.home.granepura.5-kinases.cof_tpl_mg.run_kin.4ASD_ASP01A1141_002
2025-10-16 17:02:12 - INFO: step3.py, pbe: ForkPoolWorker-1: Calling delphi to calculate conformer ASP02A1141_003 in /tmp/pbe_data.data.home.granepura.5-kinases.cof_tpl_mg.run_kin.4ASD_ASP02A1141_003
2025-10-16 17:02:15 - INFO: step3.py, pbe: ForkPoolWorker-1: Calling delphi to calculate conformer ASP02A1141_004 in /tmp/pbe_data.data.home.granepura.5-kinases.cof_tpl_mg.run_kin.4ASD_ASP02A1141_004
2025-10-16 17:02:18 - INFO: step3.py, pbe: ForkPoolWorker-1: Calling delphi to calculate conformer ASP-1A1141_005 in /tmp/pbe_data.data.home.granepura.5-kinases.cof_tpl_mg.run_kin.4ASD_ASP-1A1141_005
2025-10-16 17:02:21 - INFO: step3.py, pbe: ForkPoolWorker-1: Calling delphi to calculate conformer CYS01A1142_001 in /tmp/pbe_data.data.home.granepura.5-kinases.cof_tpl_mg.run_kin.4ASD_CYS01A1142_001
2025-10-16 17:02:24 - INFO: step3.py, pbe: ForkPoolWorker-1: Calling delphi to calculate conformer CYS01A1142_002 in /tmp/pbe_data.data.home.granepura.5-kinases.cof_tpl_mg.run_kin.4ASD_CYS01A1142_002
2025-10-16 17:02:27 - INFO: step3.py, pbe: ForkPoolWorker-1: Calling delphi to calculate conformer CYS01A1142_003 in /tmp/pbe_data.data.home.granepura.5-kinases.cof_tpl_mg.run_kin.4ASD_CYS01A1142_003
2025-10-16 17:02:30 - INFO: step3.py, pbe: ForkPoolWorker-1: Calling delphi to calculate conformer CYS-1A1142_004 in /tmp/pbe_data.data.home.granepura.5-kinases.cof_tpl_mg.run_kin.4ASD_CYS-1A1142_004
2025-10-16 17:02:33 - INFO: step3.py, pbe: Skipping PBE solver for non-charge conformer TRP01A1143_001...
2025-10-16 17:02:33 - INFO: step3.py, pbe: ForkPoolWorker-1: Calling delphi to calculate conformer HIS01A1144_001 in /tmp/pbe_data.data.home.granepura.5-kinases.cof_tpl_mg.run_kin.4ASD_HIS01A1144_001
2025-10-16 17:02:36 - INFO: step3.py, pbe: ForkPoolWorker-1: Calling delphi to calculate conformer HIS02A1144_002 in /tmp/pbe_data.data.home.granepura.5-kinases.cof_tpl_mg.run_kin.4ASD_HIS02A1144_002
2025-10-16 17:02:38 - INFO: step3.py, pbe: ForkPoolWorker-1: Calling delphi to calculate conformer HIS+1A1144_003 in /tmp/pbe_data.data.home.granepura.5-kinases.cof_tpl_mg.run_kin.4ASD_HIS+1A1144_003
2025-10-16 17:02:41 - INFO: step3.py, pbe: ForkPoolWorker-1: Calling delphi to calculate conformer GLU01A1146_001 in /tmp/pbe_data.data.home.granepura.5-kinases.cof_tpl_mg.run_kin.4ASD_GLU01A1146_001
2025-10-16 17:02:44 - INFO: step3.py, pbe: ForkPoolWorker-1: Calling delphi to calculate conformer GLU01A1146_002 in /tmp/pbe_data.data.home.granepura.5-kinases.cof_tpl_mg.run_kin.4ASD_GLU01A1146_002
2025-10-16 17:02:47 - INFO: step3.py, pbe: ForkPoolWorker-1: Calling delphi to calculate conformer GLU02A1146_003 in /tmp/pbe_data.data.home.granepura.5-kinases.cof_tpl_mg.run_kin.4ASD_GLU02A1146_003
2025-10-16 17:02:50 - INFO: step3.py, pbe: ForkPoolWorker-1: Calling delphi to calculate conformer GLU02A1146_004 in /tmp/pbe_data.data.home.granepura.5-kinases.cof_tpl_mg.run_kin.4ASD_GLU02A1146_004
2025-10-16 17:02:53 - INFO: step3.py, pbe: ForkPoolWorker-1: Calling delphi to calculate conformer GLU-1A1146_005 in /tmp/pbe_data.data.home.granepura.5-kinases.cof_tpl_mg.run_kin.4ASD_GLU-1A1146_005
2025-10-16 17:02:56 - INFO: step3.py, pbe: Skipping PBE solver for non-charge conformer PRO01A1147_001...
2025-10-16 17:02:56 - INFO: step3.py, pbe: ForkPoolWorker-1: Calling delphi to calculate conformer SER01A1148_001 in /tmp/pbe_data.data.home.granepura.5-kinases.cof_tpl_mg.run_kin.4ASD_SER01A1148_001
2025-10-16 17:02:59 - INFO: step3.py, pbe: ForkPoolWorker-1: Calling delphi to calculate conformer SER01A1148_002 in /tmp/pbe_data.data.home.granepura.5-kinases.cof_tpl_mg.run_kin.4ASD_SER01A1148_002
2025-10-16 17:03:02 - INFO: step3.py, pbe: ForkPoolWorker-1: Calling delphi to calculate conformer GLN01A1149_001 in /tmp/pbe_data.data.home.granepura.5-kinases.cof_tpl_mg.run_kin.4ASD_GLN01A1149_001
2025-10-16 17:03:05 - INFO: step3.py, pbe: ForkPoolWorker-1: Calling delphi to calculate conformer GLN01A1149_002 in /tmp/pbe_data.data.home.granepura.5-kinases.cof_tpl_mg.run_kin.4ASD_GLN01A1149_002
2025-10-16 17:03:08 - INFO: step3.py, pbe: ForkPoolWorker-1: Calling delphi to calculate conformer ARG01A1150_001 in /tmp/pbe_data.data.home.granepura.5-kinases.cof_tpl_mg.run_kin.4ASD_ARG01A1150_001
2025-10-16 17:03:11 - INFO: step3.py, pbe: ForkPoolWorker-1: Calling delphi to calculate conformer ARG02A1150_002 in /tmp/pbe_data.data.home.granepura.5-kinases.cof_tpl_mg.run_kin.4ASD_ARG02A1150_002
2025-10-16 17:03:14 - INFO: step3.py, pbe: ForkPoolWorker-1: Calling delphi to calculate conformer ARG02A1150_003 in /tmp/pbe_data.data.home.granepura.5-kinases.cof_tpl_mg.run_kin.4ASD_ARG02A1150_003
2025-10-16 17:03:17 - INFO: step3.py, pbe: ForkPoolWorker-1: Calling delphi to calculate conformer ARG03A1150_004 in /tmp/pbe_data.data.home.granepura.5-kinases.cof_tpl_mg.run_kin.4ASD_ARG03A1150_004
2025-10-16 17:03:20 - INFO: step3.py, pbe: ForkPoolWorker-1: Calling delphi to calculate conformer ARG03A1150_005 in /tmp/pbe_data.data.home.granepura.5-kinases.cof_tpl_mg.run_kin.4ASD_ARG03A1150_005
2025-10-16 17:03:22 - INFO: step3.py, pbe: ForkPoolWorker-1: Calling delphi to calculate conformer ARG+1A1150_006 in /tmp/pbe_data.data.home.granepura.5-kinases.cof_tpl_mg.run_kin.4ASD_ARG+1A1150_006
2025-10-16 17:03:25 - INFO: step3.py, pbe: Skipping PBE solver for non-charge conformer PRO01A1151_001...
2025-10-16 17:03:25 - INFO: step3.py, pbe: ForkPoolWorker-1: Calling delphi to calculate conformer THR01A1152_001 in /tmp/pbe_data.data.home.granepura.5-kinases.cof_tpl_mg.run_kin.4ASD_THR01A1152_001
2025-10-16 17:03:28 - INFO: step3.py, pbe: ForkPoolWorker-1: Calling delphi to calculate conformer THR01A1152_002 in /tmp/pbe_data.data.home.granepura.5-kinases.cof_tpl_mg.run_kin.4ASD_THR01A1152_002
2025-10-16 17:03:31 - INFO: step3.py, pbe: ForkPoolWorker-1: Calling delphi to calculate conformer THR01A1152_003 in /tmp/pbe_data.data.home.granepura.5-kinases.cof_tpl_mg.run_kin.4ASD_THR01A1152_003
2025-10-16 17:03:34 - INFO: step3.py, pbe: Skipping PBE solver for non-charge conformer PHE01A1153_001...
2025-10-16 17:03:34 - INFO: step3.py, pbe: ForkPoolWorker-1: Calling delphi to calculate conformer SER01A1154_001 in /tmp/pbe_data.data.home.granepura.5-kinases.cof_tpl_mg.run_kin.4ASD_SER01A1154_001
2025-10-16 17:03:37 - INFO: step3.py, pbe: ForkPoolWorker-1: Calling delphi to calculate conformer SER01A1154_002 in /tmp/pbe_data.data.home.granepura.5-kinases.cof_tpl_mg.run_kin.4ASD_SER01A1154_002
2025-10-16 17:03:40 - INFO: step3.py, pbe: ForkPoolWorker-1: Calling delphi to calculate conformer GLU01A1155_001 in /tmp/pbe_data.data.home.granepura.5-kinases.cof_tpl_mg.run_kin.4ASD_GLU01A1155_001
2025-10-16 17:03:43 - INFO: step3.py, pbe: ForkPoolWorker-1: Calling delphi to calculate conformer GLU01A1155_002 in /tmp/pbe_data.data.home.granepura.5-kinases.cof_tpl_mg.run_kin.4ASD_GLU01A1155_002
2025-10-16 17:03:46 - INFO: step3.py, pbe: ForkPoolWorker-1: Calling delphi to calculate conformer GLU02A1155_003 in /tmp/pbe_data.data.home.granepura.5-kinases.cof_tpl_mg.run_kin.4ASD_GLU02A1155_003
2025-10-16 17:03:49 - INFO: step3.py, pbe: ForkPoolWorker-1: Calling delphi to calculate conformer GLU02A1155_004 in /tmp/pbe_data.data.home.granepura.5-kinases.cof_tpl_mg.run_kin.4ASD_GLU02A1155_004
2025-10-16 17:03:52 - INFO: step3.py, pbe: ForkPoolWorker-1: Calling delphi to calculate conformer GLU-1A1155_005 in /tmp/pbe_data.data.home.granepura.5-kinases.cof_tpl_mg.run_kin.4ASD_GLU-1A1155_005
2025-10-16 17:03:55 - INFO: step3.py, pbe: Skipping PBE solver for non-charge conformer LEU01A1156_001...
2025-10-16 17:03:55 - INFO: step3.py, pbe: Skipping PBE solver for non-charge conformer VAL01A1157_001...
2025-10-16 17:03:55 - INFO: step3.py, pbe: ForkPoolWorker-1: Calling delphi to calculate conformer GLU01A1158_001 in /tmp/pbe_data.data.home.granepura.5-kinases.cof_tpl_mg.run_kin.4ASD_GLU01A1158_001
2025-10-16 17:03:58 - INFO: step3.py, pbe: ForkPoolWorker-1: Calling delphi to calculate conformer GLU01A1158_002 in /tmp/pbe_data.data.home.granepura.5-kinases.cof_tpl_mg.run_kin.4ASD_GLU01A1158_002
2025-10-16 17:04:01 - INFO: step3.py, pbe: ForkPoolWorker-1: Calling delphi to calculate conformer GLU02A1158_003 in /tmp/pbe_data.data.home.granepura.5-kinases.cof_tpl_mg.run_kin.4ASD_GLU02A1158_003
2025-10-16 17:04:04 - INFO: step3.py, pbe: ForkPoolWorker-1: Calling delphi to calculate conformer GLU02A1158_004 in /tmp/pbe_data.data.home.granepura.5-kinases.cof_tpl_mg.run_kin.4ASD_GLU02A1158_004
2025-10-16 17:04:06 - INFO: step3.py, pbe: ForkPoolWorker-1: Calling delphi to calculate conformer GLU-1A1158_005 in /tmp/pbe_data.data.home.granepura.5-kinases.cof_tpl_mg.run_kin.4ASD_GLU-1A1158_005
2025-10-16 17:04:09 - INFO: step3.py, pbe: ForkPoolWorker-1: Calling delphi to calculate conformer HIS01A1159_001 in /tmp/pbe_data.data.home.granepura.5-kinases.cof_tpl_mg.run_kin.4ASD_HIS01A1159_001
2025-10-16 17:04:12 - INFO: step3.py, pbe: ForkPoolWorker-1: Calling delphi to calculate conformer HIS01A1159_002 in /tmp/pbe_data.data.home.granepura.5-kinases.cof_tpl_mg.run_kin.4ASD_HIS01A1159_002
2025-10-16 17:04:15 - INFO: step3.py, pbe: ForkPoolWorker-1: Calling delphi to calculate conformer HIS02A1159_003 in /tmp/pbe_data.data.home.granepura.5-kinases.cof_tpl_mg.run_kin.4ASD_HIS02A1159_003
2025-10-16 17:04:18 - INFO: step3.py, pbe: ForkPoolWorker-1: Calling delphi to calculate conformer HIS02A1159_004 in /tmp/pbe_data.data.home.granepura.5-kinases.cof_tpl_mg.run_kin.4ASD_HIS02A1159_004
2025-10-16 17:04:21 - INFO: step3.py, pbe: ForkPoolWorker-1: Calling delphi to calculate conformer HIS+1A1159_005 in /tmp/pbe_data.data.home.granepura.5-kinases.cof_tpl_mg.run_kin.4ASD_HIS+1A1159_005
2025-10-16 17:04:24 - INFO: step3.py, pbe: ForkPoolWorker-1: Calling delphi to calculate conformer HIS+1A1159_006 in /tmp/pbe_data.data.home.granepura.5-kinases.cof_tpl_mg.run_kin.4ASD_HIS+1A1159_006
2025-10-16 17:04:27 - INFO: step3.py, pbe: Skipping PBE solver for non-charge conformer LEU01A1160_001...
2025-10-16 17:04:27 - INFO: step3.py, pbe: ForkPoolWorker-1: Calling delphi to calculate conformer ASN01A1162_001 in /tmp/pbe_data.data.home.granepura.5-kinases.cof_tpl_mg.run_kin.4ASD_ASN01A1162_001
2025-10-16 17:04:30 - INFO: step3.py, pbe: ForkPoolWorker-1: Calling delphi to calculate conformer ASN01A1162_002 in /tmp/pbe_data.data.home.granepura.5-kinases.cof_tpl_mg.run_kin.4ASD_ASN01A1162_002
2025-10-16 17:04:33 - INFO: step3.py, pbe: Skipping PBE solver for non-charge conformer LEU01A1163_001...
2025-10-16 17:04:33 - INFO: step3.py, pbe: Skipping PBE solver for non-charge conformer LEU01A1164_001...
2025-10-16 17:04:33 - INFO: step3.py, pbe: ForkPoolWorker-1: Calling delphi to calculate conformer GLN01A1165_001 in /tmp/pbe_data.data.home.granepura.5-kinases.cof_tpl_mg.run_kin.4ASD_GLN01A1165_001
2025-10-16 17:04:36 - INFO: step3.py, pbe: ForkPoolWorker-1: Calling delphi to calculate conformer GLN01A1165_002 in /tmp/pbe_data.data.home.granepura.5-kinases.cof_tpl_mg.run_kin.4ASD_GLN01A1165_002
2025-10-16 17:04:39 - INFO: step3.py, pbe: Skipping PBE solver for non-charge conformer ALA01A1166_001...
2025-10-16 17:04:39 - INFO: step3.py, pbe: ForkPoolWorker-1: Calling delphi to calculate conformer ASN01A1167_001 in /tmp/pbe_data.data.home.granepura.5-kinases.cof_tpl_mg.run_kin.4ASD_ASN01A1167_001
2025-10-16 17:04:42 - INFO: step3.py, pbe: ForkPoolWorker-1: Calling delphi to calculate conformer ASN01A1167_002 in /tmp/pbe_data.data.home.granepura.5-kinases.cof_tpl_mg.run_kin.4ASD_ASN01A1167_002
2025-10-16 17:04:45 - INFO: step3.py, pbe: Skipping PBE solver for non-charge conformer ALA01A1168_001...
2025-10-16 17:04:45 - INFO: step3.py, pbe: ForkPoolWorker-1: Calling delphi to calculate conformer BAX01A1500_001 in /tmp/pbe_data.data.home.granepura.5-kinases.cof_tpl_mg.run_kin.4ASD_BAX01A1500_001
2025-10-16 17:04:48 - INFO: step3.py, pbe: ForkPoolWorker-1: Calling delphi to calculate conformer BAX+1A1500_002 in /tmp/pbe_data.data.home.granepura.5-kinases.cof_tpl_mg.run_kin.4ASD_BAX+1A1500_002
2025-10-16 17:04:51 - INFO: step3.py, pbe: ForkPoolWorker-1: Calling delphi to calculate conformer BAX02A1500_003 in /tmp/pbe_data.data.home.granepura.5-kinases.cof_tpl_mg.run_kin.4ASD_BAX02A1500_003
2025-10-16 17:04:54 - INFO: step3.py, pbe: ForkPoolWorker-1: Calling delphi to calculate conformer BAX-1A1500_004 in /tmp/pbe_data.data.home.granepura.5-kinases.cof_tpl_mg.run_kin.4ASD_BAX-1A1500_004
2025-10-16 17:04:57 - INFO: step3.py, <module>:    Time needed: 1758 seconds.
2025-10-16 17:04:57 - INFO: step3.py, <module>:    Post-processing of electrostatic potential.
2025-10-16 17:04:57 - INFO: step3.py, <module>:    Processing ele pairwise interaction...
2025-10-16 17:05:00 - INFO: step3.py, <module>:    Time needed: 2 seconds.
2025-10-16 17:05:00 - INFO: step3.py, <module>:    Making atom connectivity ...
2025-10-16 17:05:01 - INFO: step3.py, <module>:    Time needed: 1 seconds.
2025-10-16 17:05:01 - INFO: step3.py, <module>:    Calculating vdw ...
2025-10-16 17:05:13 - INFO: step3.py, <module>:    Time needed: 11 seconds.
2025-10-16 17:05:13 - INFO: step3.py, <module>:    Calculating torsion energy ...
2025-10-16 17:05:13 - INFO: step3.py, <module>:    Time needed: 0 seconds.
2025-10-16 17:05:13 - INFO: step3.py, <module>:    Composing head3.lst ...
2025-10-16 17:05:13 - INFO: step3.py, <module>:    Time needed: 0 seconds.
2025-10-16 17:05:13 - INFO: step3.py, <module>:    Composing opp files ...
2025-10-16 17:05:14 - INFO: step3.py, <module>:    Time needed: 0 seconds.
2025-10-16 17:05:14 - INFO: step3.py, <module>:    Total time for step3 is 1775 seconds.
2026-03-30 04:26:19 - INFO: step3.py, <module>: Step 3. Energies calculation with PBE solver.
2026-03-30 04:26:19 - INFO: step3.py, <module>: Calling new VDW....No Scaling Applied
2026-03-30 04:26:19 - INFO: step3.py, <module>:    Process run time options & convert step2_out.pdb.
2026-03-30 04:26:19 - INFO: step3.py, <module>:    Prepare input for PB solver.
2026-03-30 04:26:19 - INFO: step3.py, <module>:    Time needed: 0 seconds.
2026-03-30 04:26:19 - INFO: step3.py, <module>:    Set up parallel envrionment and run PB solver.
2026-03-30 04:26:19 - INFO: step3.py, <module>:    Running PBE solver in 1 threads
2026-03-30 04:26:19 - INFO: step3.py, pbe: ForkPoolWorker-1: Calling delphi to calculate conformer (1/709) ASP01A0807_001 in /tmp/pbe_data.data.home.schowdhury.Project_kinases.cof_tpl_mg.run_kin.4ASD_ASP01A0807_001
2026-03-30 04:26:24 - INFO: step3.py, pbe: ForkPoolWorker-1: Calling delphi to calculate conformer (2/709) ASP01A0807_002 in /tmp/pbe_data.data.home.schowdhury.Project_kinases.cof_tpl_mg.run_kin.4ASD_ASP01A0807_002
2026-03-30 04:26:29 - INFO: step3.py, pbe: ForkPoolWorker-1: Calling delphi to calculate conformer (3/709) ASP02A0807_003 in /tmp/pbe_data.data.home.schowdhury.Project_kinases.cof_tpl_mg.run_kin.4ASD_ASP02A0807_003
2026-03-30 04:26:33 - INFO: step3.py, pbe: ForkPoolWorker-1: Calling delphi to calculate conformer (4/709) ASP02A0807_004 in /tmp/pbe_data.data.home.schowdhury.Project_kinases.cof_tpl_mg.run_kin.4ASD_ASP02A0807_004
2026-03-30 04:26:38 - INFO: step3.py, pbe: ForkPoolWorker-1: Calling delphi to calculate conformer (5/709) ASP-1A0807_005 in /tmp/pbe_data.data.home.schowdhury.Project_kinases.cof_tpl_mg.run_kin.4ASD_ASP-1A0807_005
2026-03-30 04:26:42 - INFO: step3.py, pbe: Skipping PBE solver for non-charge conformer (6/709) PRO01A0808_001...
2026-03-30 04:26:42 - INFO: step3.py, pbe: ForkPoolWorker-1: Calling delphi to calculate conformer (7/709) ASP01A0809_001 in /tmp/pbe_data.data.home.schowdhury.Project_kinases.cof_tpl_mg.run_kin.4ASD_ASP01A0809_001
2026-03-30 04:26:47 - INFO: step3.py, pbe: ForkPoolWorker-1: Calling delphi to calculate conformer (8/709) ASP01A0809_002 in /tmp/pbe_data.data.home.schowdhury.Project_kinases.cof_tpl_mg.run_kin.4ASD_ASP01A0809_002
2026-03-30 04:26:52 - INFO: step3.py, pbe: ForkPoolWorker-1: Calling delphi to calculate conformer (9/709) ASP02A0809_003 in /tmp/pbe_data.data.home.schowdhury.Project_kinases.cof_tpl_mg.run_kin.4ASD_ASP02A0809_003
2026-03-30 04:26:57 - INFO: step3.py, pbe: ForkPoolWorker-1: Calling delphi to calculate conformer (10/709) ASP02A0809_004 in /tmp/pbe_data.data.home.schowdhury.Project_kinases.cof_tpl_mg.run_kin.4ASD_ASP02A0809_004
2026-03-30 04:27:01 - INFO: step3.py, pbe: ForkPoolWorker-1: Calling delphi to calculate conformer (11/709) ASP-1A0809_005 in /tmp/pbe_data.data.home.schowdhury.Project_kinases.cof_tpl_mg.run_kin.4ASD_ASP-1A0809_005
2026-03-30 04:27:06 - INFO: step3.py, pbe: ForkPoolWorker-1: Calling delphi to calculate conformer (12/709) GLU01A0810_001 in /tmp/pbe_data.data.home.schowdhury.Project_kinases.cof_tpl_mg.run_kin.4ASD_GLU01A0810_001
2026-03-30 04:27:10 - INFO: step3.py, pbe: ForkPoolWorker-1: Calling delphi to calculate conformer (13/709) GLU01A0810_002 in /tmp/pbe_data.data.home.schowdhury.Project_kinases.cof_tpl_mg.run_kin.4ASD_GLU01A0810_002
2026-03-30 04:27:15 - INFO: step3.py, pbe: ForkPoolWorker-1: Calling delphi to calculate conformer (14/709) GLU02A0810_003 in /tmp/pbe_data.data.home.schowdhury.Project_kinases.cof_tpl_mg.run_kin.4ASD_GLU02A0810_003
2026-03-30 04:27:20 - INFO: step3.py, pbe: ForkPoolWorker-1: Calling delphi to calculate conformer (15/709) GLU02A0810_004 in /tmp/pbe_data.data.home.schowdhury.Project_kinases.cof_tpl_mg.run_kin.4ASD_GLU02A0810_004
2026-03-30 04:27:24 - INFO: step3.py, pbe: ForkPoolWorker-1: Calling delphi to calculate conformer (16/709) GLU-1A0810_005 in /tmp/pbe_data.data.home.schowdhury.Project_kinases.cof_tpl_mg.run_kin.4ASD_GLU-1A0810_005
2026-03-30 04:27:29 - INFO: step3.py, pbe: Skipping PBE solver for non-charge conformer (17/709) LEU01A0811_001...
2026-03-30 04:27:29 - INFO: step3.py, pbe: Skipping PBE solver for non-charge conformer (18/709) PRO01A0812_001...
2026-03-30 04:27:29 - INFO: step3.py, pbe: Skipping PBE solver for non-charge conformer (19/709) LEU01A0813_001...
2026-03-30 04:27:29 - INFO: step3.py, pbe: ForkPoolWorker-1: Calling delphi to calculate conformer (20/709) ASP01A0814_001 in /tmp/pbe_data.data.home.schowdhury.Project_kinases.cof_tpl_mg.run_kin.4ASD_ASP01A0814_001
2026-03-30 04:27:34 - INFO: step3.py, pbe: ForkPoolWorker-1: Calling delphi to calculate conformer (21/709) ASP01A0814_002 in /tmp/pbe_data.data.home.schowdhury.Project_kinases.cof_tpl_mg.run_kin.4ASD_ASP01A0814_002
2026-03-30 04:27:39 - INFO: step3.py, pbe: ForkPoolWorker-1: Calling delphi to calculate conformer (22/709) ASP01A0814_003 in /tmp/pbe_data.data.home.schowdhury.Project_kinases.cof_tpl_mg.run_kin.4ASD_ASP01A0814_003
2026-03-30 04:27:43 - INFO: step3.py, pbe: ForkPoolWorker-1: Calling delphi to calculate conformer (23/709) ASP01A0814_004 in /tmp/pbe_data.data.home.schowdhury.Project_kinases.cof_tpl_mg.run_kin.4ASD_ASP01A0814_004
2026-03-30 04:27:48 - INFO: step3.py, pbe: ForkPoolWorker-1: Calling delphi to calculate conformer (24/709) ASP02A0814_005 in /tmp/pbe_data.data.home.schowdhury.Project_kinases.cof_tpl_mg.run_kin.4ASD_ASP02A0814_005
2026-03-30 04:27:53 - INFO: step3.py, pbe: ForkPoolWorker-1: Calling delphi to calculate conformer (25/709) ASP02A0814_006 in /tmp/pbe_data.data.home.schowdhury.Project_kinases.cof_tpl_mg.run_kin.4ASD_ASP02A0814_006
2026-03-30 04:27:58 - INFO: step3.py, pbe: ForkPoolWorker-1: Calling delphi to calculate conformer (26/709) ASP02A0814_007 in /tmp/pbe_data.data.home.schowdhury.Project_kinases.cof_tpl_mg.run_kin.4ASD_ASP02A0814_007
2026-03-30 04:28:02 - INFO: step3.py, pbe: ForkPoolWorker-1: Calling delphi to calculate conformer (27/709) ASP02A0814_008 in /tmp/pbe_data.data.home.schowdhury.Project_kinases.cof_tpl_mg.run_kin.4ASD_ASP02A0814_008
2026-03-30 04:28:07 - INFO: step3.py, pbe: ForkPoolWorker-1: Calling delphi to calculate conformer (28/709) ASP-1A0814_009 in /tmp/pbe_data.data.home.schowdhury.Project_kinases.cof_tpl_mg.run_kin.4ASD_ASP-1A0814_009
2026-03-30 04:28:12 - INFO: step3.py, pbe: ForkPoolWorker-1: Calling delphi to calculate conformer (29/709) ASP-1A0814_010 in /tmp/pbe_data.data.home.schowdhury.Project_kinases.cof_tpl_mg.run_kin.4ASD_ASP-1A0814_010
2026-03-30 04:28:17 - INFO: step3.py, pbe: ForkPoolWorker-1: Calling delphi to calculate conformer (30/709) GLU01A0815_001 in /tmp/pbe_data.data.home.schowdhury.Project_kinases.cof_tpl_mg.run_kin.4ASD_GLU01A0815_001
2026-03-30 04:28:21 - INFO: step3.py, pbe: ForkPoolWorker-1: Calling delphi to calculate conformer (31/709) GLU01A0815_002 in /tmp/pbe_data.data.home.schowdhury.Project_kinases.cof_tpl_mg.run_kin.4ASD_GLU01A0815_002
2026-03-30 04:28:26 - INFO: step3.py, pbe: ForkPoolWorker-1: Calling delphi to calculate conformer (32/709) GLU02A0815_003 in /tmp/pbe_data.data.home.schowdhury.Project_kinases.cof_tpl_mg.run_kin.4ASD_GLU02A0815_003
2026-03-30 04:28:30 - INFO: step3.py, pbe: ForkPoolWorker-1: Calling delphi to calculate conformer (33/709) GLU02A0815_004 in /tmp/pbe_data.data.home.schowdhury.Project_kinases.cof_tpl_mg.run_kin.4ASD_GLU02A0815_004
2026-03-30 04:28:35 - INFO: step3.py, pbe: ForkPoolWorker-1: Calling delphi to calculate conformer (34/709) GLU-1A0815_005 in /tmp/pbe_data.data.home.schowdhury.Project_kinases.cof_tpl_mg.run_kin.4ASD_GLU-1A0815_005
2026-03-30 04:28:40 - INFO: step3.py, pbe: ForkPoolWorker-1: Calling delphi to calculate conformer (35/709) HIS01A0816_001 in /tmp/pbe_data.data.home.schowdhury.Project_kinases.cof_tpl_mg.run_kin.4ASD_HIS01A0816_001
2026-03-30 04:28:45 - INFO: step3.py, pbe: ForkPoolWorker-1: Calling delphi to calculate conformer (36/709) HIS02A0816_002 in /tmp/pbe_data.data.home.schowdhury.Project_kinases.cof_tpl_mg.run_kin.4ASD_HIS02A0816_002
2026-03-30 04:28:49 - INFO: step3.py, pbe: ForkPoolWorker-1: Calling delphi to calculate conformer (37/709) HIS+1A0816_003 in /tmp/pbe_data.data.home.schowdhury.Project_kinases.cof_tpl_mg.run_kin.4ASD_HIS+1A0816_003
2026-03-30 04:28:54 - INFO: step3.py, pbe: ForkPoolWorker-1: Calling delphi to calculate conformer (38/709) CYS01A0817_001 in /tmp/pbe_data.data.home.schowdhury.Project_kinases.cof_tpl_mg.run_kin.4ASD_CYS01A0817_001
2026-03-30 04:28:58 - INFO: step3.py, pbe: ForkPoolWorker-1: Calling delphi to calculate conformer (39/709) CYS01A0817_002 in /tmp/pbe_data.data.home.schowdhury.Project_kinases.cof_tpl_mg.run_kin.4ASD_CYS01A0817_002
2026-03-30 04:29:03 - INFO: step3.py, pbe: ForkPoolWorker-1: Calling delphi to calculate conformer (40/709) CYS01A0817_003 in /tmp/pbe_data.data.home.schowdhury.Project_kinases.cof_tpl_mg.run_kin.4ASD_CYS01A0817_003
2026-03-30 04:29:08 - INFO: step3.py, pbe: ForkPoolWorker-1: Calling delphi to calculate conformer (41/709) CYS-1A0817_004 in /tmp/pbe_data.data.home.schowdhury.Project_kinases.cof_tpl_mg.run_kin.4ASD_CYS-1A0817_004
2026-03-30 04:29:13 - INFO: step3.py, pbe: ForkPoolWorker-1: Calling delphi to calculate conformer (42/709) GLU01A0818_001 in /tmp/pbe_data.data.home.schowdhury.Project_kinases.cof_tpl_mg.run_kin.4ASD_GLU01A0818_001
2026-03-30 04:29:17 - INFO: step3.py, pbe: ForkPoolWorker-1: Calling delphi to calculate conformer (43/709) GLU01A0818_002 in /tmp/pbe_data.data.home.schowdhury.Project_kinases.cof_tpl_mg.run_kin.4ASD_GLU01A0818_002
2026-03-30 04:29:22 - INFO: step3.py, pbe: ForkPoolWorker-1: Calling delphi to calculate conformer (44/709) GLU02A0818_003 in /tmp/pbe_data.data.home.schowdhury.Project_kinases.cof_tpl_mg.run_kin.4ASD_GLU02A0818_003
2026-03-30 04:29:26 - INFO: step3.py, pbe: ForkPoolWorker-1: Calling delphi to calculate conformer (45/709) GLU02A0818_004 in /tmp/pbe_data.data.home.schowdhury.Project_kinases.cof_tpl_mg.run_kin.4ASD_GLU02A0818_004
2026-03-30 04:29:31 - INFO: step3.py, pbe: ForkPoolWorker-1: Calling delphi to calculate conformer (46/709) GLU-1A0818_005 in /tmp/pbe_data.data.home.schowdhury.Project_kinases.cof_tpl_mg.run_kin.4ASD_GLU-1A0818_005
2026-03-30 04:29:36 - INFO: step3.py, pbe: ForkPoolWorker-1: Calling delphi to calculate conformer (47/709) ARG01A0819_001 in /tmp/pbe_data.data.home.schowdhury.Project_kinases.cof_tpl_mg.run_kin.4ASD_ARG01A0819_001
2026-03-30 04:29:40 - INFO: step3.py, pbe: ForkPoolWorker-1: Calling delphi to calculate conformer (48/709) ARG02A0819_002 in /tmp/pbe_data.data.home.schowdhury.Project_kinases.cof_tpl_mg.run_kin.4ASD_ARG02A0819_002
2026-03-30 04:29:45 - INFO: step3.py, pbe: ForkPoolWorker-1: Calling delphi to calculate conformer (49/709) ARG03A0819_003 in /tmp/pbe_data.data.home.schowdhury.Project_kinases.cof_tpl_mg.run_kin.4ASD_ARG03A0819_003
2026-03-30 04:29:50 - INFO: step3.py, pbe: ForkPoolWorker-1: Calling delphi to calculate conformer (50/709) ARG+1A0819_004 in /tmp/pbe_data.data.home.schowdhury.Project_kinases.cof_tpl_mg.run_kin.4ASD_ARG+1A0819_004
2026-03-30 04:29:54 - INFO: step3.py, pbe: Skipping PBE solver for non-charge conformer (51/709) LEU01A0820_001...
2026-03-30 04:29:55 - INFO: step3.py, pbe: Skipping PBE solver for non-charge conformer (52/709) PRO01A0821_001...
2026-03-30 04:29:55 - INFO: step3.py, pbe: ForkPoolWorker-1: Calling delphi to calculate conformer (53/709) TYR01A0822_001 in /tmp/pbe_data.data.home.schowdhury.Project_kinases.cof_tpl_mg.run_kin.4ASD_TYR01A0822_001
2026-03-30 04:29:59 - INFO: step3.py, pbe: ForkPoolWorker-1: Calling delphi to calculate conformer (54/709) TYR01A0822_002 in /tmp/pbe_data.data.home.schowdhury.Project_kinases.cof_tpl_mg.run_kin.4ASD_TYR01A0822_002
2026-03-30 04:30:04 - INFO: step3.py, pbe: ForkPoolWorker-1: Calling delphi to calculate conformer (55/709) TYR-1A0822_003 in /tmp/pbe_data.data.home.schowdhury.Project_kinases.cof_tpl_mg.run_kin.4ASD_TYR-1A0822_003
2026-03-30 04:30:08 - INFO: step3.py, pbe: ForkPoolWorker-1: Calling delphi to calculate conformer (56/709) ASP01A0823_001 in /tmp/pbe_data.data.home.schowdhury.Project_kinases.cof_tpl_mg.run_kin.4ASD_ASP01A0823_001
2026-03-30 04:30:13 - INFO: step3.py, pbe: ForkPoolWorker-1: Calling delphi to calculate conformer (57/709) ASP01A0823_002 in /tmp/pbe_data.data.home.schowdhury.Project_kinases.cof_tpl_mg.run_kin.4ASD_ASP01A0823_002
2026-03-30 04:30:18 - INFO: step3.py, pbe: ForkPoolWorker-1: Calling delphi to calculate conformer (58/709) ASP02A0823_003 in /tmp/pbe_data.data.home.schowdhury.Project_kinases.cof_tpl_mg.run_kin.4ASD_ASP02A0823_003
2026-03-30 04:30:23 - INFO: step3.py, pbe: ForkPoolWorker-1: Calling delphi to calculate conformer (59/709) ASP02A0823_004 in /tmp/pbe_data.data.home.schowdhury.Project_kinases.cof_tpl_mg.run_kin.4ASD_ASP02A0823_004
2026-03-30 04:30:27 - INFO: step3.py, pbe: ForkPoolWorker-1: Calling delphi to calculate conformer (60/709) ASP-1A0823_005 in /tmp/pbe_data.data.home.schowdhury.Project_kinases.cof_tpl_mg.run_kin.4ASD_ASP-1A0823_005
2026-03-30 04:30:32 - INFO: step3.py, pbe: Skipping PBE solver for non-charge conformer (61/709) ALA01A0824_001...
2026-03-30 04:30:32 - INFO: step3.py, pbe: ForkPoolWorker-1: Calling delphi to calculate conformer (62/709) SER01A0825_001 in /tmp/pbe_data.data.home.schowdhury.Project_kinases.cof_tpl_mg.run_kin.4ASD_SER01A0825_001
2026-03-30 04:30:37 - INFO: step3.py, pbe: ForkPoolWorker-1: Calling delphi to calculate conformer (63/709) SER01A0825_002 in /tmp/pbe_data.data.home.schowdhury.Project_kinases.cof_tpl_mg.run_kin.4ASD_SER01A0825_002
2026-03-30 04:30:41 - INFO: step3.py, pbe: ForkPoolWorker-1: Calling delphi to calculate conformer (64/709) LYS01A0826_001 in /tmp/pbe_data.data.home.schowdhury.Project_kinases.cof_tpl_mg.run_kin.4ASD_LYS01A0826_001
2026-03-30 04:30:46 - INFO: step3.py, pbe: ForkPoolWorker-1: Calling delphi to calculate conformer (65/709) LYS+1A0826_002 in /tmp/pbe_data.data.home.schowdhury.Project_kinases.cof_tpl_mg.run_kin.4ASD_LYS+1A0826_002
2026-03-30 04:30:51 - INFO: step3.py, pbe: Skipping PBE solver for non-charge conformer (66/709) TRP01A0827_001...
2026-03-30 04:30:51 - INFO: step3.py, pbe: ForkPoolWorker-1: Calling delphi to calculate conformer (67/709) GLU01A0828_001 in /tmp/pbe_data.data.home.schowdhury.Project_kinases.cof_tpl_mg.run_kin.4ASD_GLU01A0828_001
2026-03-30 04:30:55 - INFO: step3.py, pbe: ForkPoolWorker-1: Calling delphi to calculate conformer (68/709) GLU01A0828_002 in /tmp/pbe_data.data.home.schowdhury.Project_kinases.cof_tpl_mg.run_kin.4ASD_GLU01A0828_002
2026-03-30 04:31:00 - INFO: step3.py, pbe: ForkPoolWorker-1: Calling delphi to calculate conformer (69/709) GLU02A0828_003 in /tmp/pbe_data.data.home.schowdhury.Project_kinases.cof_tpl_mg.run_kin.4ASD_GLU02A0828_003
2026-03-30 04:31:05 - INFO: step3.py, pbe: ForkPoolWorker-1: Calling delphi to calculate conformer (70/709) GLU02A0828_004 in /tmp/pbe_data.data.home.schowdhury.Project_kinases.cof_tpl_mg.run_kin.4ASD_GLU02A0828_004
2026-03-30 04:31:09 - INFO: step3.py, pbe: ForkPoolWorker-1: Calling delphi to calculate conformer (71/709) GLU-1A0828_005 in /tmp/pbe_data.data.home.schowdhury.Project_kinases.cof_tpl_mg.run_kin.4ASD_GLU-1A0828_005
2026-03-30 04:31:14 - INFO: step3.py, pbe: Skipping PBE solver for non-charge conformer (72/709) PHE01A0829_001...
2026-03-30 04:31:14 - INFO: step3.py, pbe: Skipping PBE solver for non-charge conformer (73/709) PRO01A0830_001...
2026-03-30 04:31:14 - INFO: step3.py, pbe: ForkPoolWorker-1: Calling delphi to calculate conformer (74/709) ARG01A0831_001 in /tmp/pbe_data.data.home.schowdhury.Project_kinases.cof_tpl_mg.run_kin.4ASD_ARG01A0831_001
2026-03-30 04:31:19 - INFO: step3.py, pbe: ForkPoolWorker-1: Calling delphi to calculate conformer (75/709) ARG02A0831_002 in /tmp/pbe_data.data.home.schowdhury.Project_kinases.cof_tpl_mg.run_kin.4ASD_ARG02A0831_002
2026-03-30 04:31:23 - INFO: step3.py, pbe: ForkPoolWorker-1: Calling delphi to calculate conformer (76/709) ARG03A0831_003 in /tmp/pbe_data.data.home.schowdhury.Project_kinases.cof_tpl_mg.run_kin.4ASD_ARG03A0831_003
2026-03-30 04:31:28 - INFO: step3.py, pbe: ForkPoolWorker-1: Calling delphi to calculate conformer (77/709) ARG03A0831_004 in /tmp/pbe_data.data.home.schowdhury.Project_kinases.cof_tpl_mg.run_kin.4ASD_ARG03A0831_004
2026-03-30 04:31:33 - INFO: step3.py, pbe: ForkPoolWorker-1: Calling delphi to calculate conformer (78/709) ARG+1A0831_005 in /tmp/pbe_data.data.home.schowdhury.Project_kinases.cof_tpl_mg.run_kin.4ASD_ARG+1A0831_005
2026-03-30 04:31:37 - INFO: step3.py, pbe: ForkPoolWorker-1: Calling delphi to calculate conformer (79/709) ASP01A0832_001 in /tmp/pbe_data.data.home.schowdhury.Project_kinases.cof_tpl_mg.run_kin.4ASD_ASP01A0832_001
2026-03-30 04:31:42 - INFO: step3.py, pbe: ForkPoolWorker-1: Calling delphi to calculate conformer (80/709) ASP01A0832_002 in /tmp/pbe_data.data.home.schowdhury.Project_kinases.cof_tpl_mg.run_kin.4ASD_ASP01A0832_002
2026-03-30 04:31:47 - INFO: step3.py, pbe: ForkPoolWorker-1: Calling delphi to calculate conformer (81/709) ASP02A0832_003 in /tmp/pbe_data.data.home.schowdhury.Project_kinases.cof_tpl_mg.run_kin.4ASD_ASP02A0832_003
2026-03-30 04:31:51 - INFO: step3.py, pbe: ForkPoolWorker-1: Calling delphi to calculate conformer (82/709) ASP02A0832_004 in /tmp/pbe_data.data.home.schowdhury.Project_kinases.cof_tpl_mg.run_kin.4ASD_ASP02A0832_004
2026-03-30 04:31:56 - INFO: step3.py, pbe: ForkPoolWorker-1: Calling delphi to calculate conformer (83/709) ASP-1A0832_005 in /tmp/pbe_data.data.home.schowdhury.Project_kinases.cof_tpl_mg.run_kin.4ASD_ASP-1A0832_005
2026-03-30 04:32:01 - INFO: step3.py, pbe: ForkPoolWorker-1: Calling delphi to calculate conformer (84/709) ARG01A0833_001 in /tmp/pbe_data.data.home.schowdhury.Project_kinases.cof_tpl_mg.run_kin.4ASD_ARG01A0833_001
2026-03-30 04:32:05 - INFO: step3.py, pbe: ForkPoolWorker-1: Calling delphi to calculate conformer (85/709) ARG02A0833_002 in /tmp/pbe_data.data.home.schowdhury.Project_kinases.cof_tpl_mg.run_kin.4ASD_ARG02A0833_002
2026-03-30 04:32:10 - INFO: step3.py, pbe: ForkPoolWorker-1: Calling delphi to calculate conformer (86/709) ARG03A0833_003 in /tmp/pbe_data.data.home.schowdhury.Project_kinases.cof_tpl_mg.run_kin.4ASD_ARG03A0833_003
2026-03-30 04:32:15 - INFO: step3.py, pbe: ForkPoolWorker-1: Calling delphi to calculate conformer (87/709) ARG+1A0833_004 in /tmp/pbe_data.data.home.schowdhury.Project_kinases.cof_tpl_mg.run_kin.4ASD_ARG+1A0833_004
2026-03-30 04:32:19 - INFO: step3.py, pbe: Skipping PBE solver for non-charge conformer (88/709) LEU01A0834_001...
2026-03-30 04:32:19 - INFO: step3.py, pbe: ForkPoolWorker-1: Calling delphi to calculate conformer (89/709) LYS01A0835_001 in /tmp/pbe_data.data.home.schowdhury.Project_kinases.cof_tpl_mg.run_kin.4ASD_LYS01A0835_001
2026-03-30 04:32:24 - INFO: step3.py, pbe: ForkPoolWorker-1: Calling delphi to calculate conformer (90/709) LYS+1A0835_002 in /tmp/pbe_data.data.home.schowdhury.Project_kinases.cof_tpl_mg.run_kin.4ASD_LYS+1A0835_002
2026-03-30 04:32:28 - INFO: step3.py, pbe: Skipping PBE solver for non-charge conformer (91/709) LEU01A0836_001...
2026-03-30 04:32:28 - INFO: step3.py, pbe: ForkPoolWorker-1: Calling delphi to calculate conformer (92/709) LYS01A0838_001 in /tmp/pbe_data.data.home.schowdhury.Project_kinases.cof_tpl_mg.run_kin.4ASD_LYS01A0838_001
2026-03-30 04:32:33 - INFO: step3.py, pbe: ForkPoolWorker-1: Calling delphi to calculate conformer (93/709) LYS+1A0838_002 in /tmp/pbe_data.data.home.schowdhury.Project_kinases.cof_tpl_mg.run_kin.4ASD_LYS+1A0838_002
2026-03-30 04:32:38 - INFO: step3.py, pbe: Skipping PBE solver for non-charge conformer (94/709) PRO01A0839_001...
2026-03-30 04:32:38 - INFO: step3.py, pbe: Skipping PBE solver for non-charge conformer (95/709) LEU01A0840_001...
2026-03-30 04:32:38 - INFO: step3.py, pbe: ForkPoolWorker-1: Calling delphi to calculate conformer (96/709) ARG01A0842_001 in /tmp/pbe_data.data.home.schowdhury.Project_kinases.cof_tpl_mg.run_kin.4ASD_ARG01A0842_001
2026-03-30 04:32:43 - INFO: step3.py, pbe: ForkPoolWorker-1: Calling delphi to calculate conformer (97/709) ARG02A0842_002 in /tmp/pbe_data.data.home.schowdhury.Project_kinases.cof_tpl_mg.run_kin.4ASD_ARG02A0842_002
2026-03-30 04:32:47 - INFO: step3.py, pbe: ForkPoolWorker-1: Calling delphi to calculate conformer (98/709) ARG03A0842_003 in /tmp/pbe_data.data.home.schowdhury.Project_kinases.cof_tpl_mg.run_kin.4ASD_ARG03A0842_003
2026-03-30 04:32:52 - INFO: step3.py, pbe: ForkPoolWorker-1: Calling delphi to calculate conformer (99/709) ARG+1A0842_004 in /tmp/pbe_data.data.home.schowdhury.Project_kinases.cof_tpl_mg.run_kin.4ASD_ARG+1A0842_004
2026-03-30 04:32:56 - INFO: step3.py, pbe: Skipping PBE solver for non-charge conformer (100/709) ALA01A0844_001...
2026-03-30 04:32:56 - INFO: step3.py, pbe: Skipping PBE solver for non-charge conformer (101/709) PHE01A0845_001...
2026-03-30 04:32:56 - INFO: step3.py, pbe: ForkPoolWorker-1: Calling delphi to calculate conformer (102/709) GLN01A0847_001 in /tmp/pbe_data.data.home.schowdhury.Project_kinases.cof_tpl_mg.run_kin.4ASD_GLN01A0847_001
2026-03-30 04:33:01 - INFO: step3.py, pbe: ForkPoolWorker-1: Calling delphi to calculate conformer (103/709) GLN01A0847_002 in /tmp/pbe_data.data.home.schowdhury.Project_kinases.cof_tpl_mg.run_kin.4ASD_GLN01A0847_002
2026-03-30 04:33:06 - INFO: step3.py, pbe: Skipping PBE solver for non-charge conformer (104/709) VAL01A0848_001...
2026-03-30 04:33:06 - INFO: step3.py, pbe: Skipping PBE solver for non-charge conformer (105/709) ILE01A0849_001...
2026-03-30 04:33:06 - INFO: step3.py, pbe: ForkPoolWorker-1: Calling delphi to calculate conformer (106/709) GLU01A0850_001 in /tmp/pbe_data.data.home.schowdhury.Project_kinases.cof_tpl_mg.run_kin.4ASD_GLU01A0850_001
2026-03-30 04:33:11 - INFO: step3.py, pbe: ForkPoolWorker-1: Calling delphi to calculate conformer (107/709) GLU01A0850_002 in /tmp/pbe_data.data.home.schowdhury.Project_kinases.cof_tpl_mg.run_kin.4ASD_GLU01A0850_002
2026-03-30 04:33:15 - INFO: step3.py, pbe: ForkPoolWorker-1: Calling delphi to calculate conformer (108/709) GLU02A0850_003 in /tmp/pbe_data.data.home.schowdhury.Project_kinases.cof_tpl_mg.run_kin.4ASD_GLU02A0850_003
2026-03-30 04:33:20 - INFO: step3.py, pbe: ForkPoolWorker-1: Calling delphi to calculate conformer (109/709) GLU02A0850_004 in /tmp/pbe_data.data.home.schowdhury.Project_kinases.cof_tpl_mg.run_kin.4ASD_GLU02A0850_004
2026-03-30 04:33:24 - INFO: step3.py, pbe: ForkPoolWorker-1: Calling delphi to calculate conformer (110/709) GLU-1A0850_005 in /tmp/pbe_data.data.home.schowdhury.Project_kinases.cof_tpl_mg.run_kin.4ASD_GLU-1A0850_005
2026-03-30 04:33:29 - INFO: step3.py, pbe: Skipping PBE solver for non-charge conformer (111/709) ALA01A0851_001...
2026-03-30 04:33:29 - INFO: step3.py, pbe: ForkPoolWorker-1: Calling delphi to calculate conformer (112/709) ASP01A0852_001 in /tmp/pbe_data.data.home.schowdhury.Project_kinases.cof_tpl_mg.run_kin.4ASD_ASP01A0852_001
2026-03-30 04:33:34 - INFO: step3.py, pbe: ForkPoolWorker-1: Calling delphi to calculate conformer (113/709) ASP01A0852_002 in /tmp/pbe_data.data.home.schowdhury.Project_kinases.cof_tpl_mg.run_kin.4ASD_ASP01A0852_002
2026-03-30 04:33:38 - INFO: step3.py, pbe: ForkPoolWorker-1: Calling delphi to calculate conformer (114/709) ASP02A0852_003 in /tmp/pbe_data.data.home.schowdhury.Project_kinases.cof_tpl_mg.run_kin.4ASD_ASP02A0852_003
2026-03-30 04:33:43 - INFO: step3.py, pbe: ForkPoolWorker-1: Calling delphi to calculate conformer (115/709) ASP02A0852_004 in /tmp/pbe_data.data.home.schowdhury.Project_kinases.cof_tpl_mg.run_kin.4ASD_ASP02A0852_004
2026-03-30 04:33:48 - INFO: step3.py, pbe: ForkPoolWorker-1: Calling delphi to calculate conformer (116/709) ASP-1A0852_005 in /tmp/pbe_data.data.home.schowdhury.Project_kinases.cof_tpl_mg.run_kin.4ASD_ASP-1A0852_005
2026-03-30 04:33:52 - INFO: step3.py, pbe: Skipping PBE solver for non-charge conformer (117/709) ALA01A0853_001...
2026-03-30 04:33:52 - INFO: step3.py, pbe: Skipping PBE solver for non-charge conformer (118/709) PHE01A0854_001...
2026-03-30 04:33:52 - INFO: step3.py, pbe: Skipping PBE solver for non-charge conformer (119/709) ILE01A0856_001...
2026-03-30 04:33:52 - INFO: step3.py, pbe: ForkPoolWorker-1: Calling delphi to calculate conformer (120/709) ASP01A0857_001 in /tmp/pbe_data.data.home.schowdhury.Project_kinases.cof_tpl_mg.run_kin.4ASD_ASP01A0857_001
2026-03-30 04:33:57 - INFO: step3.py, pbe: ForkPoolWorker-1: Calling delphi to calculate conformer (121/709) ASP01A0857_002 in /tmp/pbe_data.data.home.schowdhury.Project_kinases.cof_tpl_mg.run_kin.4ASD_ASP01A0857_002
2026-03-30 04:34:01 - INFO: step3.py, pbe: ForkPoolWorker-1: Calling delphi to calculate conformer (122/709) ASP02A0857_003 in /tmp/pbe_data.data.home.schowdhury.Project_kinases.cof_tpl_mg.run_kin.4ASD_ASP02A0857_003
2026-03-30 04:34:06 - INFO: step3.py, pbe: ForkPoolWorker-1: Calling delphi to calculate conformer (123/709) ASP02A0857_004 in /tmp/pbe_data.data.home.schowdhury.Project_kinases.cof_tpl_mg.run_kin.4ASD_ASP02A0857_004
2026-03-30 04:34:11 - INFO: step3.py, pbe: ForkPoolWorker-1: Calling delphi to calculate conformer (124/709) ASP-1A0857_005 in /tmp/pbe_data.data.home.schowdhury.Project_kinases.cof_tpl_mg.run_kin.4ASD_ASP-1A0857_005
2026-03-30 04:34:16 - INFO: step3.py, pbe: ForkPoolWorker-1: Calling delphi to calculate conformer (125/709) LYS01A0858_001 in /tmp/pbe_data.data.home.schowdhury.Project_kinases.cof_tpl_mg.run_kin.4ASD_LYS01A0858_001
2026-03-30 04:34:20 - INFO: step3.py, pbe: ForkPoolWorker-1: Calling delphi to calculate conformer (126/709) LYS+1A0858_002 in /tmp/pbe_data.data.home.schowdhury.Project_kinases.cof_tpl_mg.run_kin.4ASD_LYS+1A0858_002
2026-03-30 04:34:25 - INFO: step3.py, pbe: ForkPoolWorker-1: Calling delphi to calculate conformer (127/709) THR01A0859_001 in /tmp/pbe_data.data.home.schowdhury.Project_kinases.cof_tpl_mg.run_kin.4ASD_THR01A0859_001
2026-03-30 04:34:29 - INFO: step3.py, pbe: ForkPoolWorker-1: Calling delphi to calculate conformer (128/709) THR01A0859_002 in /tmp/pbe_data.data.home.schowdhury.Project_kinases.cof_tpl_mg.run_kin.4ASD_THR01A0859_002
2026-03-30 04:34:34 - INFO: step3.py, pbe: Skipping PBE solver for non-charge conformer (129/709) ALA01A0860_001...
2026-03-30 04:34:34 - INFO: step3.py, pbe: ForkPoolWorker-1: Calling delphi to calculate conformer (130/709) THR01A0861_001 in /tmp/pbe_data.data.home.schowdhury.Project_kinases.cof_tpl_mg.run_kin.4ASD_THR01A0861_001
2026-03-30 04:34:39 - INFO: step3.py, pbe: ForkPoolWorker-1: Calling delphi to calculate conformer (131/709) THR01A0861_002 in /tmp/pbe_data.data.home.schowdhury.Project_kinases.cof_tpl_mg.run_kin.4ASD_THR01A0861_002
2026-03-30 04:34:43 - INFO: step3.py, pbe: ForkPoolWorker-1: Calling delphi to calculate conformer (132/709) THR01A0861_003 in /tmp/pbe_data.data.home.schowdhury.Project_kinases.cof_tpl_mg.run_kin.4ASD_THR01A0861_003
2026-03-30 04:34:48 - INFO: step3.py, pbe: ForkPoolWorker-1: Calling delphi to calculate conformer (133/709) CYS01A0862_001 in /tmp/pbe_data.data.home.schowdhury.Project_kinases.cof_tpl_mg.run_kin.4ASD_CYS01A0862_001
2026-03-30 04:34:53 - INFO: step3.py, pbe: ForkPoolWorker-1: Calling delphi to calculate conformer (134/709) CYS01A0862_002 in /tmp/pbe_data.data.home.schowdhury.Project_kinases.cof_tpl_mg.run_kin.4ASD_CYS01A0862_002
2026-03-30 04:34:57 - INFO: step3.py, pbe: ForkPoolWorker-1: Calling delphi to calculate conformer (135/709) CYS01A0862_003 in /tmp/pbe_data.data.home.schowdhury.Project_kinases.cof_tpl_mg.run_kin.4ASD_CYS01A0862_003
2026-03-30 04:35:02 - INFO: step3.py, pbe: ForkPoolWorker-1: Calling delphi to calculate conformer (136/709) CYS-1A0862_004 in /tmp/pbe_data.data.home.schowdhury.Project_kinases.cof_tpl_mg.run_kin.4ASD_CYS-1A0862_004
2026-03-30 04:35:06 - INFO: step3.py, pbe: ForkPoolWorker-1: Calling delphi to calculate conformer (137/709) ARG01A0863_001 in /tmp/pbe_data.data.home.schowdhury.Project_kinases.cof_tpl_mg.run_kin.4ASD_ARG01A0863_001
2026-03-30 04:35:11 - INFO: step3.py, pbe: ForkPoolWorker-1: Calling delphi to calculate conformer (138/709) ARG02A0863_002 in /tmp/pbe_data.data.home.schowdhury.Project_kinases.cof_tpl_mg.run_kin.4ASD_ARG02A0863_002
2026-03-30 04:35:16 - INFO: step3.py, pbe: ForkPoolWorker-1: Calling delphi to calculate conformer (139/709) ARG03A0863_003 in /tmp/pbe_data.data.home.schowdhury.Project_kinases.cof_tpl_mg.run_kin.4ASD_ARG03A0863_003
2026-03-30 04:35:20 - INFO: step3.py, pbe: ForkPoolWorker-1: Calling delphi to calculate conformer (140/709) ARG03A0863_004 in /tmp/pbe_data.data.home.schowdhury.Project_kinases.cof_tpl_mg.run_kin.4ASD_ARG03A0863_004
2026-03-30 04:35:25 - INFO: step3.py, pbe: ForkPoolWorker-1: Calling delphi to calculate conformer (141/709) ARG+1A0863_005 in /tmp/pbe_data.data.home.schowdhury.Project_kinases.cof_tpl_mg.run_kin.4ASD_ARG+1A0863_005
2026-03-30 04:35:29 - INFO: step3.py, pbe: ForkPoolWorker-1: Calling delphi to calculate conformer (142/709) THR01A0864_001 in /tmp/pbe_data.data.home.schowdhury.Project_kinases.cof_tpl_mg.run_kin.4ASD_THR01A0864_001
2026-03-30 04:35:34 - INFO: step3.py, pbe: ForkPoolWorker-1: Calling delphi to calculate conformer (143/709) THR01A0864_002 in /tmp/pbe_data.data.home.schowdhury.Project_kinases.cof_tpl_mg.run_kin.4ASD_THR01A0864_002
2026-03-30 04:35:39 - INFO: step3.py, pbe: Skipping PBE solver for non-charge conformer (144/709) VAL01A0865_001...
2026-03-30 04:35:39 - INFO: step3.py, pbe: Skipping PBE solver for non-charge conformer (145/709) ALA01A0866_001...
2026-03-30 04:35:39 - INFO: step3.py, pbe: Skipping PBE solver for non-charge conformer (146/709) VAL01A0867_001...
2026-03-30 04:35:39 - INFO: step3.py, pbe: ForkPoolWorker-1: Calling delphi to calculate conformer (147/709) LYS01A0868_001 in /tmp/pbe_data.data.home.schowdhury.Project_kinases.cof_tpl_mg.run_kin.4ASD_LYS01A0868_001
2026-03-30 04:35:44 - INFO: step3.py, pbe: ForkPoolWorker-1: Calling delphi to calculate conformer (148/709) LYS+1A0868_002 in /tmp/pbe_data.data.home.schowdhury.Project_kinases.cof_tpl_mg.run_kin.4ASD_LYS+1A0868_002
2026-03-30 04:35:48 - INFO: step3.py, pbe: ForkPoolWorker-1: Calling delphi to calculate conformer (149/709) MET01A0869_001 in /tmp/pbe_data.data.home.schowdhury.Project_kinases.cof_tpl_mg.run_kin.4ASD_MET01A0869_001
2026-03-30 04:35:53 - INFO: step3.py, pbe: Skipping PBE solver for non-charge conformer (150/709) LEU01A0870_001...
2026-03-30 04:35:53 - INFO: step3.py, pbe: ForkPoolWorker-1: Calling delphi to calculate conformer (151/709) LYS01A0871_001 in /tmp/pbe_data.data.home.schowdhury.Project_kinases.cof_tpl_mg.run_kin.4ASD_LYS01A0871_001
2026-03-30 04:35:58 - INFO: step3.py, pbe: ForkPoolWorker-1: Calling delphi to calculate conformer (152/709) LYS+1A0871_002 in /tmp/pbe_data.data.home.schowdhury.Project_kinases.cof_tpl_mg.run_kin.4ASD_LYS+1A0871_002
2026-03-30 04:36:02 - INFO: step3.py, pbe: ForkPoolWorker-1: Calling delphi to calculate conformer (153/709) GLU01A0872_001 in /tmp/pbe_data.data.home.schowdhury.Project_kinases.cof_tpl_mg.run_kin.4ASD_GLU01A0872_001
2026-03-30 04:36:07 - INFO: step3.py, pbe: ForkPoolWorker-1: Calling delphi to calculate conformer (154/709) GLU01A0872_002 in /tmp/pbe_data.data.home.schowdhury.Project_kinases.cof_tpl_mg.run_kin.4ASD_GLU01A0872_002
2026-03-30 04:36:11 - INFO: step3.py, pbe: ForkPoolWorker-1: Calling delphi to calculate conformer (155/709) GLU02A0872_003 in /tmp/pbe_data.data.home.schowdhury.Project_kinases.cof_tpl_mg.run_kin.4ASD_GLU02A0872_003
2026-03-30 04:36:16 - INFO: step3.py, pbe: ForkPoolWorker-1: Calling delphi to calculate conformer (156/709) GLU02A0872_004 in /tmp/pbe_data.data.home.schowdhury.Project_kinases.cof_tpl_mg.run_kin.4ASD_GLU02A0872_004
2026-03-30 04:36:21 - INFO: step3.py, pbe: ForkPoolWorker-1: Calling delphi to calculate conformer (157/709) GLU-1A0872_005 in /tmp/pbe_data.data.home.schowdhury.Project_kinases.cof_tpl_mg.run_kin.4ASD_GLU-1A0872_005
2026-03-30 04:36:25 - INFO: step3.py, pbe: Skipping PBE solver for non-charge conformer (158/709) ALA01A0874_001...
2026-03-30 04:36:25 - INFO: step3.py, pbe: ForkPoolWorker-1: Calling delphi to calculate conformer (159/709) THR01A0875_001 in /tmp/pbe_data.data.home.schowdhury.Project_kinases.cof_tpl_mg.run_kin.4ASD_THR01A0875_001
2026-03-30 04:36:30 - INFO: step3.py, pbe: ForkPoolWorker-1: Calling delphi to calculate conformer (160/709) THR01A0875_002 in /tmp/pbe_data.data.home.schowdhury.Project_kinases.cof_tpl_mg.run_kin.4ASD_THR01A0875_002
2026-03-30 04:36:35 - INFO: step3.py, pbe: ForkPoolWorker-1: Calling delphi to calculate conformer (161/709) HIS01A0876_001 in /tmp/pbe_data.data.home.schowdhury.Project_kinases.cof_tpl_mg.run_kin.4ASD_HIS01A0876_001
2026-03-30 04:36:39 - INFO: step3.py, pbe: ForkPoolWorker-1: Calling delphi to calculate conformer (162/709) HIS01A0876_002 in /tmp/pbe_data.data.home.schowdhury.Project_kinases.cof_tpl_mg.run_kin.4ASD_HIS01A0876_002
2026-03-30 04:36:44 - INFO: step3.py, pbe: ForkPoolWorker-1: Calling delphi to calculate conformer (163/709) HIS02A0876_003 in /tmp/pbe_data.data.home.schowdhury.Project_kinases.cof_tpl_mg.run_kin.4ASD_HIS02A0876_003
2026-03-30 04:36:48 - INFO: step3.py, pbe: ForkPoolWorker-1: Calling delphi to calculate conformer (164/709) HIS02A0876_004 in /tmp/pbe_data.data.home.schowdhury.Project_kinases.cof_tpl_mg.run_kin.4ASD_HIS02A0876_004
2026-03-30 04:36:53 - INFO: step3.py, pbe: ForkPoolWorker-1: Calling delphi to calculate conformer (165/709) HIS+1A0876_005 in /tmp/pbe_data.data.home.schowdhury.Project_kinases.cof_tpl_mg.run_kin.4ASD_HIS+1A0876_005
2026-03-30 04:36:58 - INFO: step3.py, pbe: ForkPoolWorker-1: Calling delphi to calculate conformer (166/709) HIS+1A0876_006 in /tmp/pbe_data.data.home.schowdhury.Project_kinases.cof_tpl_mg.run_kin.4ASD_HIS+1A0876_006
2026-03-30 04:37:02 - INFO: step3.py, pbe: ForkPoolWorker-1: Calling delphi to calculate conformer (167/709) SER01A0877_001 in /tmp/pbe_data.data.home.schowdhury.Project_kinases.cof_tpl_mg.run_kin.4ASD_SER01A0877_001
2026-03-30 04:37:07 - INFO: step3.py, pbe: ForkPoolWorker-1: Calling delphi to calculate conformer (168/709) SER01A0877_002 in /tmp/pbe_data.data.home.schowdhury.Project_kinases.cof_tpl_mg.run_kin.4ASD_SER01A0877_002
2026-03-30 04:37:11 - INFO: step3.py, pbe: ForkPoolWorker-1: Calling delphi to calculate conformer (169/709) GLU01A0878_001 in /tmp/pbe_data.data.home.schowdhury.Project_kinases.cof_tpl_mg.run_kin.4ASD_GLU01A0878_001
2026-03-30 04:37:16 - INFO: step3.py, pbe: ForkPoolWorker-1: Calling delphi to calculate conformer (170/709) GLU01A0878_002 in /tmp/pbe_data.data.home.schowdhury.Project_kinases.cof_tpl_mg.run_kin.4ASD_GLU01A0878_002
2026-03-30 04:37:21 - INFO: step3.py, pbe: ForkPoolWorker-1: Calling delphi to calculate conformer (171/709) GLU02A0878_003 in /tmp/pbe_data.data.home.schowdhury.Project_kinases.cof_tpl_mg.run_kin.4ASD_GLU02A0878_003
2026-03-30 04:37:26 - INFO: step3.py, pbe: ForkPoolWorker-1: Calling delphi to calculate conformer (172/709) GLU02A0878_004 in /tmp/pbe_data.data.home.schowdhury.Project_kinases.cof_tpl_mg.run_kin.4ASD_GLU02A0878_004
2026-03-30 04:37:30 - INFO: step3.py, pbe: ForkPoolWorker-1: Calling delphi to calculate conformer (173/709) GLU-1A0878_005 in /tmp/pbe_data.data.home.schowdhury.Project_kinases.cof_tpl_mg.run_kin.4ASD_GLU-1A0878_005
2026-03-30 04:37:35 - INFO: step3.py, pbe: ForkPoolWorker-1: Calling delphi to calculate conformer (174/709) HIS01A0879_001 in /tmp/pbe_data.data.home.schowdhury.Project_kinases.cof_tpl_mg.run_kin.4ASD_HIS01A0879_001
2026-03-30 04:37:40 - INFO: step3.py, pbe: ForkPoolWorker-1: Calling delphi to calculate conformer (175/709) HIS01A0879_002 in /tmp/pbe_data.data.home.schowdhury.Project_kinases.cof_tpl_mg.run_kin.4ASD_HIS01A0879_002
2026-03-30 04:37:44 - INFO: step3.py, pbe: ForkPoolWorker-1: Calling delphi to calculate conformer (176/709) HIS02A0879_003 in /tmp/pbe_data.data.home.schowdhury.Project_kinases.cof_tpl_mg.run_kin.4ASD_HIS02A0879_003
2026-03-30 04:37:49 - INFO: step3.py, pbe: ForkPoolWorker-1: Calling delphi to calculate conformer (177/709) HIS02A0879_004 in /tmp/pbe_data.data.home.schowdhury.Project_kinases.cof_tpl_mg.run_kin.4ASD_HIS02A0879_004
2026-03-30 04:37:53 - INFO: step3.py, pbe: ForkPoolWorker-1: Calling delphi to calculate conformer (178/709) HIS+1A0879_005 in /tmp/pbe_data.data.home.schowdhury.Project_kinases.cof_tpl_mg.run_kin.4ASD_HIS+1A0879_005
2026-03-30 04:37:58 - INFO: step3.py, pbe: ForkPoolWorker-1: Calling delphi to calculate conformer (179/709) HIS+1A0879_006 in /tmp/pbe_data.data.home.schowdhury.Project_kinases.cof_tpl_mg.run_kin.4ASD_HIS+1A0879_006
2026-03-30 04:38:03 - INFO: step3.py, pbe: ForkPoolWorker-1: Calling delphi to calculate conformer (180/709) ARG01A0880_001 in /tmp/pbe_data.data.home.schowdhury.Project_kinases.cof_tpl_mg.run_kin.4ASD_ARG01A0880_001
2026-03-30 04:38:07 - INFO: step3.py, pbe: ForkPoolWorker-1: Calling delphi to calculate conformer (181/709) ARG02A0880_002 in /tmp/pbe_data.data.home.schowdhury.Project_kinases.cof_tpl_mg.run_kin.4ASD_ARG02A0880_002
2026-03-30 04:38:12 - INFO: step3.py, pbe: ForkPoolWorker-1: Calling delphi to calculate conformer (182/709) ARG03A0880_003 in /tmp/pbe_data.data.home.schowdhury.Project_kinases.cof_tpl_mg.run_kin.4ASD_ARG03A0880_003
2026-03-30 04:38:17 - INFO: step3.py, pbe: ForkPoolWorker-1: Calling delphi to calculate conformer (183/709) ARG+1A0880_004 in /tmp/pbe_data.data.home.schowdhury.Project_kinases.cof_tpl_mg.run_kin.4ASD_ARG+1A0880_004
2026-03-30 04:38:21 - INFO: step3.py, pbe: Skipping PBE solver for non-charge conformer (184/709) ALA01A0881_001...
2026-03-30 04:38:21 - INFO: step3.py, pbe: Skipping PBE solver for non-charge conformer (185/709) LEU01A0882_001...
2026-03-30 04:38:21 - INFO: step3.py, pbe: ForkPoolWorker-1: Calling delphi to calculate conformer (186/709) MET01A0883_001 in /tmp/pbe_data.data.home.schowdhury.Project_kinases.cof_tpl_mg.run_kin.4ASD_MET01A0883_001
2026-03-30 04:38:26 - INFO: step3.py, pbe: ForkPoolWorker-1: Calling delphi to calculate conformer (187/709) SER01A0884_001 in /tmp/pbe_data.data.home.schowdhury.Project_kinases.cof_tpl_mg.run_kin.4ASD_SER01A0884_001
2026-03-30 04:38:31 - INFO: step3.py, pbe: ForkPoolWorker-1: Calling delphi to calculate conformer (188/709) SER01A0884_002 in /tmp/pbe_data.data.home.schowdhury.Project_kinases.cof_tpl_mg.run_kin.4ASD_SER01A0884_002
2026-03-30 04:38:35 - INFO: step3.py, pbe: ForkPoolWorker-1: Calling delphi to calculate conformer (189/709) GLU01A0885_001 in /tmp/pbe_data.data.home.schowdhury.Project_kinases.cof_tpl_mg.run_kin.4ASD_GLU01A0885_001
2026-03-30 04:38:40 - INFO: step3.py, pbe: ForkPoolWorker-1: Calling delphi to calculate conformer (190/709) GLU01A0885_002 in /tmp/pbe_data.data.home.schowdhury.Project_kinases.cof_tpl_mg.run_kin.4ASD_GLU01A0885_002
2026-03-30 04:38:45 - INFO: step3.py, pbe: ForkPoolWorker-1: Calling delphi to calculate conformer (191/709) GLU01A0885_003 in /tmp/pbe_data.data.home.schowdhury.Project_kinases.cof_tpl_mg.run_kin.4ASD_GLU01A0885_003
2026-03-30 04:38:49 - INFO: step3.py, pbe: ForkPoolWorker-1: Calling delphi to calculate conformer (192/709) GLU01A0885_004 in /tmp/pbe_data.data.home.schowdhury.Project_kinases.cof_tpl_mg.run_kin.4ASD_GLU01A0885_004
2026-03-30 04:38:54 - INFO: step3.py, pbe: ForkPoolWorker-1: Calling delphi to calculate conformer (193/709) GLU02A0885_005 in /tmp/pbe_data.data.home.schowdhury.Project_kinases.cof_tpl_mg.run_kin.4ASD_GLU02A0885_005
2026-03-30 04:38:59 - INFO: step3.py, pbe: ForkPoolWorker-1: Calling delphi to calculate conformer (194/709) GLU02A0885_006 in /tmp/pbe_data.data.home.schowdhury.Project_kinases.cof_tpl_mg.run_kin.4ASD_GLU02A0885_006
2026-03-30 04:39:03 - INFO: step3.py, pbe: ForkPoolWorker-1: Calling delphi to calculate conformer (195/709) GLU02A0885_007 in /tmp/pbe_data.data.home.schowdhury.Project_kinases.cof_tpl_mg.run_kin.4ASD_GLU02A0885_007
2026-03-30 04:39:08 - INFO: step3.py, pbe: ForkPoolWorker-1: Calling delphi to calculate conformer (196/709) GLU02A0885_008 in /tmp/pbe_data.data.home.schowdhury.Project_kinases.cof_tpl_mg.run_kin.4ASD_GLU02A0885_008
2026-03-30 04:39:13 - INFO: step3.py, pbe: ForkPoolWorker-1: Calling delphi to calculate conformer (197/709) GLU-1A0885_009 in /tmp/pbe_data.data.home.schowdhury.Project_kinases.cof_tpl_mg.run_kin.4ASD_GLU-1A0885_009
2026-03-30 04:39:17 - INFO: step3.py, pbe: ForkPoolWorker-1: Calling delphi to calculate conformer (198/709) GLU-1A0885_010 in /tmp/pbe_data.data.home.schowdhury.Project_kinases.cof_tpl_mg.run_kin.4ASD_GLU-1A0885_010
2026-03-30 04:39:22 - INFO: step3.py, pbe: Skipping PBE solver for non-charge conformer (199/709) LEU01A0886_001...
2026-03-30 04:39:22 - INFO: step3.py, pbe: ForkPoolWorker-1: Calling delphi to calculate conformer (200/709) LYS01A0887_001 in /tmp/pbe_data.data.home.schowdhury.Project_kinases.cof_tpl_mg.run_kin.4ASD_LYS01A0887_001
2026-03-30 04:39:27 - INFO: step3.py, pbe: ForkPoolWorker-1: Calling delphi to calculate conformer (201/709) LYS+1A0887_002 in /tmp/pbe_data.data.home.schowdhury.Project_kinases.cof_tpl_mg.run_kin.4ASD_LYS+1A0887_002
2026-03-30 04:39:31 - INFO: step3.py, pbe: Skipping PBE solver for non-charge conformer (202/709) ILE01A0888_001...
2026-03-30 04:39:31 - INFO: step3.py, pbe: Skipping PBE solver for non-charge conformer (203/709) LEU01A0889_001...
2026-03-30 04:39:31 - INFO: step3.py, pbe: Skipping PBE solver for non-charge conformer (204/709) ILE01A0890_001...
2026-03-30 04:39:31 - INFO: step3.py, pbe: ForkPoolWorker-1: Calling delphi to calculate conformer (205/709) HIS01A0891_001 in /tmp/pbe_data.data.home.schowdhury.Project_kinases.cof_tpl_mg.run_kin.4ASD_HIS01A0891_001
2026-03-30 04:39:36 - INFO: step3.py, pbe: ForkPoolWorker-1: Calling delphi to calculate conformer (206/709) HIS01A0891_002 in /tmp/pbe_data.data.home.schowdhury.Project_kinases.cof_tpl_mg.run_kin.4ASD_HIS01A0891_002
2026-03-30 04:39:41 - INFO: step3.py, pbe: ForkPoolWorker-1: Calling delphi to calculate conformer (207/709) HIS02A0891_003 in /tmp/pbe_data.data.home.schowdhury.Project_kinases.cof_tpl_mg.run_kin.4ASD_HIS02A0891_003
2026-03-30 04:39:46 - INFO: step3.py, pbe: ForkPoolWorker-1: Calling delphi to calculate conformer (208/709) HIS02A0891_004 in /tmp/pbe_data.data.home.schowdhury.Project_kinases.cof_tpl_mg.run_kin.4ASD_HIS02A0891_004
2026-03-30 04:39:50 - INFO: step3.py, pbe: ForkPoolWorker-1: Calling delphi to calculate conformer (209/709) HIS+1A0891_005 in /tmp/pbe_data.data.home.schowdhury.Project_kinases.cof_tpl_mg.run_kin.4ASD_HIS+1A0891_005
2026-03-30 04:39:55 - INFO: step3.py, pbe: ForkPoolWorker-1: Calling delphi to calculate conformer (210/709) HIS+1A0891_006 in /tmp/pbe_data.data.home.schowdhury.Project_kinases.cof_tpl_mg.run_kin.4ASD_HIS+1A0891_006
2026-03-30 04:39:59 - INFO: step3.py, pbe: Skipping PBE solver for non-charge conformer (211/709) ILE01A0892_001...
2026-03-30 04:39:59 - INFO: step3.py, pbe: ForkPoolWorker-1: Calling delphi to calculate conformer (212/709) HIS01A0894_001 in /tmp/pbe_data.data.home.schowdhury.Project_kinases.cof_tpl_mg.run_kin.4ASD_HIS01A0894_001
2026-03-30 04:40:04 - INFO: step3.py, pbe: ForkPoolWorker-1: Calling delphi to calculate conformer (213/709) HIS01A0894_002 in /tmp/pbe_data.data.home.schowdhury.Project_kinases.cof_tpl_mg.run_kin.4ASD_HIS01A0894_002
2026-03-30 04:40:09 - INFO: step3.py, pbe: ForkPoolWorker-1: Calling delphi to calculate conformer (214/709) HIS02A0894_003 in /tmp/pbe_data.data.home.schowdhury.Project_kinases.cof_tpl_mg.run_kin.4ASD_HIS02A0894_003
2026-03-30 04:40:13 - INFO: step3.py, pbe: ForkPoolWorker-1: Calling delphi to calculate conformer (215/709) HIS02A0894_004 in /tmp/pbe_data.data.home.schowdhury.Project_kinases.cof_tpl_mg.run_kin.4ASD_HIS02A0894_004
2026-03-30 04:40:18 - INFO: step3.py, pbe: ForkPoolWorker-1: Calling delphi to calculate conformer (216/709) HIS+1A0894_005 in /tmp/pbe_data.data.home.schowdhury.Project_kinases.cof_tpl_mg.run_kin.4ASD_HIS+1A0894_005
2026-03-30 04:40:23 - INFO: step3.py, pbe: ForkPoolWorker-1: Calling delphi to calculate conformer (217/709) HIS+1A0894_006 in /tmp/pbe_data.data.home.schowdhury.Project_kinases.cof_tpl_mg.run_kin.4ASD_HIS+1A0894_006
2026-03-30 04:40:27 - INFO: step3.py, pbe: ForkPoolWorker-1: Calling delphi to calculate conformer (218/709) HIS01A0895_001 in /tmp/pbe_data.data.home.schowdhury.Project_kinases.cof_tpl_mg.run_kin.4ASD_HIS01A0895_001
2026-03-30 04:40:32 - INFO: step3.py, pbe: ForkPoolWorker-1: Calling delphi to calculate conformer (219/709) HIS02A0895_002 in /tmp/pbe_data.data.home.schowdhury.Project_kinases.cof_tpl_mg.run_kin.4ASD_HIS02A0895_002
2026-03-30 04:40:37 - INFO: step3.py, pbe: ForkPoolWorker-1: Calling delphi to calculate conformer (220/709) HIS+1A0895_003 in /tmp/pbe_data.data.home.schowdhury.Project_kinases.cof_tpl_mg.run_kin.4ASD_HIS+1A0895_003
2026-03-30 04:40:41 - INFO: step3.py, pbe: Skipping PBE solver for non-charge conformer (221/709) LEU01A0896_001...
2026-03-30 04:40:41 - INFO: step3.py, pbe: ForkPoolWorker-1: Calling delphi to calculate conformer (222/709) ASN01A0897_001 in /tmp/pbe_data.data.home.schowdhury.Project_kinases.cof_tpl_mg.run_kin.4ASD_ASN01A0897_001
2026-03-30 04:40:46 - INFO: step3.py, pbe: ForkPoolWorker-1: Calling delphi to calculate conformer (223/709) ASN01A0897_002 in /tmp/pbe_data.data.home.schowdhury.Project_kinases.cof_tpl_mg.run_kin.4ASD_ASN01A0897_002
2026-03-30 04:40:51 - INFO: step3.py, pbe: ForkPoolWorker-1: Calling delphi to calculate conformer (224/709) ASN01A0897_003 in /tmp/pbe_data.data.home.schowdhury.Project_kinases.cof_tpl_mg.run_kin.4ASD_ASN01A0897_003
2026-03-30 04:40:55 - INFO: step3.py, pbe: Skipping PBE solver for non-charge conformer (225/709) VAL01A0898_001...
2026-03-30 04:40:55 - INFO: step3.py, pbe: Skipping PBE solver for non-charge conformer (226/709) VAL01A0899_001...
2026-03-30 04:40:55 - INFO: step3.py, pbe: ForkPoolWorker-1: Calling delphi to calculate conformer (227/709) ASN01A0900_001 in /tmp/pbe_data.data.home.schowdhury.Project_kinases.cof_tpl_mg.run_kin.4ASD_ASN01A0900_001
2026-03-30 04:41:00 - INFO: step3.py, pbe: ForkPoolWorker-1: Calling delphi to calculate conformer (228/709) ASN01A0900_002 in /tmp/pbe_data.data.home.schowdhury.Project_kinases.cof_tpl_mg.run_kin.4ASD_ASN01A0900_002
2026-03-30 04:41:04 - INFO: step3.py, pbe: Skipping PBE solver for non-charge conformer (229/709) LEU01A0901_001...
2026-03-30 04:41:04 - INFO: step3.py, pbe: Skipping PBE solver for non-charge conformer (230/709) LEU01A0902_001...
2026-03-30 04:41:04 - INFO: step3.py, pbe: Skipping PBE solver for non-charge conformer (231/709) ALA01A0904_001...
2026-03-30 04:41:04 - INFO: step3.py, pbe: ForkPoolWorker-1: Calling delphi to calculate conformer (232/709) CYS01A0905_001 in /tmp/pbe_data.data.home.schowdhury.Project_kinases.cof_tpl_mg.run_kin.4ASD_CYS01A0905_001
2026-03-30 04:41:09 - INFO: step3.py, pbe: ForkPoolWorker-1: Calling delphi to calculate conformer (233/709) CYS01A0905_002 in /tmp/pbe_data.data.home.schowdhury.Project_kinases.cof_tpl_mg.run_kin.4ASD_CYS01A0905_002
2026-03-30 04:41:14 - INFO: step3.py, pbe: ForkPoolWorker-1: Calling delphi to calculate conformer (234/709) CYS01A0905_003 in /tmp/pbe_data.data.home.schowdhury.Project_kinases.cof_tpl_mg.run_kin.4ASD_CYS01A0905_003
2026-03-30 04:41:18 - INFO: step3.py, pbe: ForkPoolWorker-1: Calling delphi to calculate conformer (235/709) CYS-1A0905_004 in /tmp/pbe_data.data.home.schowdhury.Project_kinases.cof_tpl_mg.run_kin.4ASD_CYS-1A0905_004
2026-03-30 04:41:23 - INFO: step3.py, pbe: ForkPoolWorker-1: Calling delphi to calculate conformer (236/709) THR01A0906_001 in /tmp/pbe_data.data.home.schowdhury.Project_kinases.cof_tpl_mg.run_kin.4ASD_THR01A0906_001
2026-03-30 04:41:27 - INFO: step3.py, pbe: ForkPoolWorker-1: Calling delphi to calculate conformer (237/709) THR01A0906_002 in /tmp/pbe_data.data.home.schowdhury.Project_kinases.cof_tpl_mg.run_kin.4ASD_THR01A0906_002
2026-03-30 04:41:32 - INFO: step3.py, pbe: ForkPoolWorker-1: Calling delphi to calculate conformer (238/709) THR01A0906_003 in /tmp/pbe_data.data.home.schowdhury.Project_kinases.cof_tpl_mg.run_kin.4ASD_THR01A0906_003
2026-03-30 04:41:37 - INFO: step3.py, pbe: ForkPoolWorker-1: Calling delphi to calculate conformer (239/709) LYS01A0907_001 in /tmp/pbe_data.data.home.schowdhury.Project_kinases.cof_tpl_mg.run_kin.4ASD_LYS01A0907_001
2026-03-30 04:41:41 - INFO: step3.py, pbe: ForkPoolWorker-1: Calling delphi to calculate conformer (240/709) LYS+1A0907_002 in /tmp/pbe_data.data.home.schowdhury.Project_kinases.cof_tpl_mg.run_kin.4ASD_LYS+1A0907_002
2026-03-30 04:41:46 - INFO: step3.py, pbe: Skipping PBE solver for non-charge conformer (241/709) PRO01A0908_001...
2026-03-30 04:41:46 - INFO: step3.py, pbe: Skipping PBE solver for non-charge conformer (242/709) PRO01A0911_001...
2026-03-30 04:41:46 - INFO: step3.py, pbe: Skipping PBE solver for non-charge conformer (243/709) LEU01A0912_001...
2026-03-30 04:41:46 - INFO: step3.py, pbe: ForkPoolWorker-1: Calling delphi to calculate conformer (244/709) MET01A0913_001 in /tmp/pbe_data.data.home.schowdhury.Project_kinases.cof_tpl_mg.run_kin.4ASD_MET01A0913_001
2026-03-30 04:41:51 - INFO: step3.py, pbe: Skipping PBE solver for non-charge conformer (245/709) VAL01A0914_001...
2026-03-30 04:41:51 - INFO: step3.py, pbe: Skipping PBE solver for non-charge conformer (246/709) ILE01A0915_001...
2026-03-30 04:41:51 - INFO: step3.py, pbe: Skipping PBE solver for non-charge conformer (247/709) VAL01A0916_001...
2026-03-30 04:41:51 - INFO: step3.py, pbe: ForkPoolWorker-1: Calling delphi to calculate conformer (248/709) GLU01A0917_001 in /tmp/pbe_data.data.home.schowdhury.Project_kinases.cof_tpl_mg.run_kin.4ASD_GLU01A0917_001
2026-03-30 04:41:55 - INFO: step3.py, pbe: ForkPoolWorker-1: Calling delphi to calculate conformer (249/709) GLU01A0917_002 in /tmp/pbe_data.data.home.schowdhury.Project_kinases.cof_tpl_mg.run_kin.4ASD_GLU01A0917_002
2026-03-30 04:42:00 - INFO: step3.py, pbe: ForkPoolWorker-1: Calling delphi to calculate conformer (250/709) GLU01A0917_003 in /tmp/pbe_data.data.home.schowdhury.Project_kinases.cof_tpl_mg.run_kin.4ASD_GLU01A0917_003
2026-03-30 04:42:04 - INFO: step3.py, pbe: ForkPoolWorker-1: Calling delphi to calculate conformer (251/709) GLU01A0917_004 in /tmp/pbe_data.data.home.schowdhury.Project_kinases.cof_tpl_mg.run_kin.4ASD_GLU01A0917_004
2026-03-30 04:42:09 - INFO: step3.py, pbe: ForkPoolWorker-1: Calling delphi to calculate conformer (252/709) GLU02A0917_005 in /tmp/pbe_data.data.home.schowdhury.Project_kinases.cof_tpl_mg.run_kin.4ASD_GLU02A0917_005
2026-03-30 04:42:14 - INFO: step3.py, pbe: ForkPoolWorker-1: Calling delphi to calculate conformer (253/709) GLU02A0917_006 in /tmp/pbe_data.data.home.schowdhury.Project_kinases.cof_tpl_mg.run_kin.4ASD_GLU02A0917_006
2026-03-30 04:42:19 - INFO: step3.py, pbe: ForkPoolWorker-1: Calling delphi to calculate conformer (254/709) GLU02A0917_007 in /tmp/pbe_data.data.home.schowdhury.Project_kinases.cof_tpl_mg.run_kin.4ASD_GLU02A0917_007
2026-03-30 04:42:23 - INFO: step3.py, pbe: ForkPoolWorker-1: Calling delphi to calculate conformer (255/709) GLU02A0917_008 in /tmp/pbe_data.data.home.schowdhury.Project_kinases.cof_tpl_mg.run_kin.4ASD_GLU02A0917_008
2026-03-30 04:42:28 - INFO: step3.py, pbe: ForkPoolWorker-1: Calling delphi to calculate conformer (256/709) GLU-1A0917_009 in /tmp/pbe_data.data.home.schowdhury.Project_kinases.cof_tpl_mg.run_kin.4ASD_GLU-1A0917_009
2026-03-30 04:42:32 - INFO: step3.py, pbe: ForkPoolWorker-1: Calling delphi to calculate conformer (257/709) GLU-1A0917_010 in /tmp/pbe_data.data.home.schowdhury.Project_kinases.cof_tpl_mg.run_kin.4ASD_GLU-1A0917_010
2026-03-30 04:42:37 - INFO: step3.py, pbe: Skipping PBE solver for non-charge conformer (258/709) PHE01A0918_001...
2026-03-30 04:42:37 - INFO: step3.py, pbe: ForkPoolWorker-1: Calling delphi to calculate conformer (259/709) CYS01A0919_001 in /tmp/pbe_data.data.home.schowdhury.Project_kinases.cof_tpl_mg.run_kin.4ASD_CYS01A0919_001
2026-03-30 04:42:42 - INFO: step3.py, pbe: ForkPoolWorker-1: Calling delphi to calculate conformer (260/709) CYS01A0919_002 in /tmp/pbe_data.data.home.schowdhury.Project_kinases.cof_tpl_mg.run_kin.4ASD_CYS01A0919_002
2026-03-30 04:42:47 - INFO: step3.py, pbe: ForkPoolWorker-1: Calling delphi to calculate conformer (261/709) CYS01A0919_003 in /tmp/pbe_data.data.home.schowdhury.Project_kinases.cof_tpl_mg.run_kin.4ASD_CYS01A0919_003
2026-03-30 04:42:51 - INFO: step3.py, pbe: ForkPoolWorker-1: Calling delphi to calculate conformer (262/709) CYS-1A0919_004 in /tmp/pbe_data.data.home.schowdhury.Project_kinases.cof_tpl_mg.run_kin.4ASD_CYS-1A0919_004
2026-03-30 04:42:56 - INFO: step3.py, pbe: ForkPoolWorker-1: Calling delphi to calculate conformer (263/709) LYS01A0920_001 in /tmp/pbe_data.data.home.schowdhury.Project_kinases.cof_tpl_mg.run_kin.4ASD_LYS01A0920_001
2026-03-30 04:43:00 - INFO: step3.py, pbe: ForkPoolWorker-1: Calling delphi to calculate conformer (264/709) LYS+1A0920_002 in /tmp/pbe_data.data.home.schowdhury.Project_kinases.cof_tpl_mg.run_kin.4ASD_LYS+1A0920_002
2026-03-30 04:43:05 - INFO: step3.py, pbe: Skipping PBE solver for non-charge conformer (265/709) PHE01A0921_001...
2026-03-30 04:43:05 - INFO: step3.py, pbe: ForkPoolWorker-1: Calling delphi to calculate conformer (266/709) ASN01A0923_001 in /tmp/pbe_data.data.home.schowdhury.Project_kinases.cof_tpl_mg.run_kin.4ASD_ASN01A0923_001
2026-03-30 04:43:10 - INFO: step3.py, pbe: ForkPoolWorker-1: Calling delphi to calculate conformer (267/709) ASN01A0923_002 in /tmp/pbe_data.data.home.schowdhury.Project_kinases.cof_tpl_mg.run_kin.4ASD_ASN01A0923_002
2026-03-30 04:43:14 - INFO: step3.py, pbe: Skipping PBE solver for non-charge conformer (268/709) LEU01A0924_001...
2026-03-30 04:43:14 - INFO: step3.py, pbe: ForkPoolWorker-1: Calling delphi to calculate conformer (269/709) SER01A0925_001 in /tmp/pbe_data.data.home.schowdhury.Project_kinases.cof_tpl_mg.run_kin.4ASD_SER01A0925_001
2026-03-30 04:43:19 - INFO: step3.py, pbe: ForkPoolWorker-1: Calling delphi to calculate conformer (270/709) SER01A0925_002 in /tmp/pbe_data.data.home.schowdhury.Project_kinases.cof_tpl_mg.run_kin.4ASD_SER01A0925_002
2026-03-30 04:43:24 - INFO: step3.py, pbe: ForkPoolWorker-1: Calling delphi to calculate conformer (271/709) THR01A0926_001 in /tmp/pbe_data.data.home.schowdhury.Project_kinases.cof_tpl_mg.run_kin.4ASD_THR01A0926_001
2026-03-30 04:43:29 - INFO: step3.py, pbe: ForkPoolWorker-1: Calling delphi to calculate conformer (272/709) THR01A0926_002 in /tmp/pbe_data.data.home.schowdhury.Project_kinases.cof_tpl_mg.run_kin.4ASD_THR01A0926_002
2026-03-30 04:43:33 - INFO: step3.py, pbe: ForkPoolWorker-1: Calling delphi to calculate conformer (273/709) THR01A0926_003 in /tmp/pbe_data.data.home.schowdhury.Project_kinases.cof_tpl_mg.run_kin.4ASD_THR01A0926_003
2026-03-30 04:43:38 - INFO: step3.py, pbe: ForkPoolWorker-1: Calling delphi to calculate conformer (274/709) TYR01A0927_001 in /tmp/pbe_data.data.home.schowdhury.Project_kinases.cof_tpl_mg.run_kin.4ASD_TYR01A0927_001
2026-03-30 04:43:42 - INFO: step3.py, pbe: ForkPoolWorker-1: Calling delphi to calculate conformer (275/709) TYR-1A0927_002 in /tmp/pbe_data.data.home.schowdhury.Project_kinases.cof_tpl_mg.run_kin.4ASD_TYR-1A0927_002
2026-03-30 04:43:47 - INFO: step3.py, pbe: Skipping PBE solver for non-charge conformer (276/709) LEU01A0928_001...
2026-03-30 04:43:47 - INFO: step3.py, pbe: ForkPoolWorker-1: Calling delphi to calculate conformer (277/709) ARG01A0929_001 in /tmp/pbe_data.data.home.schowdhury.Project_kinases.cof_tpl_mg.run_kin.4ASD_ARG01A0929_001
2026-03-30 04:43:52 - INFO: step3.py, pbe: ForkPoolWorker-1: Calling delphi to calculate conformer (278/709) ARG02A0929_002 in /tmp/pbe_data.data.home.schowdhury.Project_kinases.cof_tpl_mg.run_kin.4ASD_ARG02A0929_002
2026-03-30 04:43:57 - INFO: step3.py, pbe: ForkPoolWorker-1: Calling delphi to calculate conformer (279/709) ARG02A0929_003 in /tmp/pbe_data.data.home.schowdhury.Project_kinases.cof_tpl_mg.run_kin.4ASD_ARG02A0929_003
2026-03-30 04:44:01 - INFO: step3.py, pbe: ForkPoolWorker-1: Calling delphi to calculate conformer (280/709) ARG03A0929_004 in /tmp/pbe_data.data.home.schowdhury.Project_kinases.cof_tpl_mg.run_kin.4ASD_ARG03A0929_004
2026-03-30 04:44:06 - INFO: step3.py, pbe: ForkPoolWorker-1: Calling delphi to calculate conformer (281/709) ARG+1A0929_005 in /tmp/pbe_data.data.home.schowdhury.Project_kinases.cof_tpl_mg.run_kin.4ASD_ARG+1A0929_005
2026-03-30 04:44:10 - INFO: step3.py, pbe: ForkPoolWorker-1: Calling delphi to calculate conformer (282/709) SER01A0930_001 in /tmp/pbe_data.data.home.schowdhury.Project_kinases.cof_tpl_mg.run_kin.4ASD_SER01A0930_001
2026-03-30 04:44:15 - INFO: step3.py, pbe: ForkPoolWorker-1: Calling delphi to calculate conformer (283/709) SER01A0930_002 in /tmp/pbe_data.data.home.schowdhury.Project_kinases.cof_tpl_mg.run_kin.4ASD_SER01A0930_002
2026-03-30 04:44:19 - INFO: step3.py, pbe: ForkPoolWorker-1: Calling delphi to calculate conformer (284/709) LYS01A0931_001 in /tmp/pbe_data.data.home.schowdhury.Project_kinases.cof_tpl_mg.run_kin.4ASD_LYS01A0931_001
2026-03-30 04:44:24 - INFO: step3.py, pbe: ForkPoolWorker-1: Calling delphi to calculate conformer (285/709) LYS+1A0931_002 in /tmp/pbe_data.data.home.schowdhury.Project_kinases.cof_tpl_mg.run_kin.4ASD_LYS+1A0931_002
2026-03-30 04:44:29 - INFO: step3.py, pbe: ForkPoolWorker-1: Calling delphi to calculate conformer (286/709) ARG01A0932_001 in /tmp/pbe_data.data.home.schowdhury.Project_kinases.cof_tpl_mg.run_kin.4ASD_ARG01A0932_001
2026-03-30 04:44:33 - INFO: step3.py, pbe: ForkPoolWorker-1: Calling delphi to calculate conformer (287/709) ARG02A0932_002 in /tmp/pbe_data.data.home.schowdhury.Project_kinases.cof_tpl_mg.run_kin.4ASD_ARG02A0932_002
2026-03-30 04:44:38 - INFO: step3.py, pbe: ForkPoolWorker-1: Calling delphi to calculate conformer (288/709) ARG03A0932_003 in /tmp/pbe_data.data.home.schowdhury.Project_kinases.cof_tpl_mg.run_kin.4ASD_ARG03A0932_003
2026-03-30 04:44:43 - INFO: step3.py, pbe: ForkPoolWorker-1: Calling delphi to calculate conformer (289/709) ARG+1A0932_004 in /tmp/pbe_data.data.home.schowdhury.Project_kinases.cof_tpl_mg.run_kin.4ASD_ARG+1A0932_004
2026-03-30 04:44:47 - INFO: step3.py, pbe: ForkPoolWorker-1: Calling delphi to calculate conformer (290/709) ASN01A0933_001 in /tmp/pbe_data.data.home.schowdhury.Project_kinases.cof_tpl_mg.run_kin.4ASD_ASN01A0933_001
2026-03-30 04:44:52 - INFO: step3.py, pbe: ForkPoolWorker-1: Calling delphi to calculate conformer (291/709) ASN01A0933_002 in /tmp/pbe_data.data.home.schowdhury.Project_kinases.cof_tpl_mg.run_kin.4ASD_ASN01A0933_002
2026-03-30 04:44:57 - INFO: step3.py, pbe: ForkPoolWorker-1: Calling delphi to calculate conformer (292/709) GLU01A0934_001 in /tmp/pbe_data.data.home.schowdhury.Project_kinases.cof_tpl_mg.run_kin.4ASD_GLU01A0934_001
2026-03-30 04:45:01 - INFO: step3.py, pbe: ForkPoolWorker-1: Calling delphi to calculate conformer (293/709) GLU01A0934_002 in /tmp/pbe_data.data.home.schowdhury.Project_kinases.cof_tpl_mg.run_kin.4ASD_GLU01A0934_002
2026-03-30 04:45:06 - INFO: step3.py, pbe: ForkPoolWorker-1: Calling delphi to calculate conformer (294/709) GLU02A0934_003 in /tmp/pbe_data.data.home.schowdhury.Project_kinases.cof_tpl_mg.run_kin.4ASD_GLU02A0934_003
2026-03-30 04:45:11 - INFO: step3.py, pbe: ForkPoolWorker-1: Calling delphi to calculate conformer (295/709) GLU02A0934_004 in /tmp/pbe_data.data.home.schowdhury.Project_kinases.cof_tpl_mg.run_kin.4ASD_GLU02A0934_004
2026-03-30 04:45:15 - INFO: step3.py, pbe: ForkPoolWorker-1: Calling delphi to calculate conformer (296/709) GLU-1A0934_005 in /tmp/pbe_data.data.home.schowdhury.Project_kinases.cof_tpl_mg.run_kin.4ASD_GLU-1A0934_005
2026-03-30 04:45:20 - INFO: step3.py, pbe: Skipping PBE solver for non-charge conformer (297/709) PHE01A0935_001...
2026-03-30 04:45:20 - INFO: step3.py, pbe: Skipping PBE solver for non-charge conformer (298/709) VAL01A0936_001...
2026-03-30 04:45:20 - INFO: step3.py, pbe: Skipping PBE solver for non-charge conformer (299/709) PRO01A0937_001...
2026-03-30 04:45:20 - INFO: step3.py, pbe: ForkPoolWorker-1: Calling delphi to calculate conformer (300/709) TYR01A0938_001 in /tmp/pbe_data.data.home.schowdhury.Project_kinases.cof_tpl_mg.run_kin.4ASD_TYR01A0938_001
2026-03-30 04:45:25 - INFO: step3.py, pbe: ForkPoolWorker-1: Calling delphi to calculate conformer (301/709) TYR-1A0938_002 in /tmp/pbe_data.data.home.schowdhury.Project_kinases.cof_tpl_mg.run_kin.4ASD_TYR-1A0938_002
2026-03-30 04:45:29 - INFO: step3.py, pbe: ForkPoolWorker-1: Calling delphi to calculate conformer (302/709) TYR01A0996_001 in /tmp/pbe_data.data.home.schowdhury.Project_kinases.cof_tpl_mg.run_kin.4ASD_TYR01A0996_001
2026-03-30 04:45:34 - INFO: step3.py, pbe: ForkPoolWorker-1: Calling delphi to calculate conformer (303/709) TYR-1A0996_002 in /tmp/pbe_data.data.home.schowdhury.Project_kinases.cof_tpl_mg.run_kin.4ASD_TYR-1A0996_002
2026-03-30 04:45:39 - INFO: step3.py, pbe: ForkPoolWorker-1: Calling delphi to calculate conformer (304/709) LYS01A0997_001 in /tmp/pbe_data.data.home.schowdhury.Project_kinases.cof_tpl_mg.run_kin.4ASD_LYS01A0997_001
2026-03-30 04:45:43 - INFO: step3.py, pbe: ForkPoolWorker-1: Calling delphi to calculate conformer (305/709) LYS+1A0997_002 in /tmp/pbe_data.data.home.schowdhury.Project_kinases.cof_tpl_mg.run_kin.4ASD_LYS+1A0997_002
2026-03-30 04:45:48 - INFO: step3.py, pbe: ForkPoolWorker-1: Calling delphi to calculate conformer (306/709) ASP01A0998_001 in /tmp/pbe_data.data.home.schowdhury.Project_kinases.cof_tpl_mg.run_kin.4ASD_ASP01A0998_001
2026-03-30 04:45:52 - INFO: step3.py, pbe: ForkPoolWorker-1: Calling delphi to calculate conformer (307/709) ASP01A0998_002 in /tmp/pbe_data.data.home.schowdhury.Project_kinases.cof_tpl_mg.run_kin.4ASD_ASP01A0998_002
2026-03-30 04:45:57 - INFO: step3.py, pbe: ForkPoolWorker-1: Calling delphi to calculate conformer (308/709) ASP02A0998_003 in /tmp/pbe_data.data.home.schowdhury.Project_kinases.cof_tpl_mg.run_kin.4ASD_ASP02A0998_003
2026-03-30 04:46:02 - INFO: step3.py, pbe: ForkPoolWorker-1: Calling delphi to calculate conformer (309/709) ASP02A0998_004 in /tmp/pbe_data.data.home.schowdhury.Project_kinases.cof_tpl_mg.run_kin.4ASD_ASP02A0998_004
2026-03-30 04:46:06 - INFO: step3.py, pbe: ForkPoolWorker-1: Calling delphi to calculate conformer (310/709) ASP-1A0998_005 in /tmp/pbe_data.data.home.schowdhury.Project_kinases.cof_tpl_mg.run_kin.4ASD_ASP-1A0998_005
2026-03-30 04:46:11 - INFO: step3.py, pbe: Skipping PBE solver for non-charge conformer (311/709) PHE01A0999_001...
2026-03-30 04:46:11 - INFO: step3.py, pbe: Skipping PBE solver for non-charge conformer (312/709) LEU01A1000_001...
2026-03-30 04:46:11 - INFO: step3.py, pbe: ForkPoolWorker-1: Calling delphi to calculate conformer (313/709) THR01A1001_001 in /tmp/pbe_data.data.home.schowdhury.Project_kinases.cof_tpl_mg.run_kin.4ASD_THR01A1001_001
2026-03-30 04:46:16 - INFO: step3.py, pbe: ForkPoolWorker-1: Calling delphi to calculate conformer (314/709) THR01A1001_002 in /tmp/pbe_data.data.home.schowdhury.Project_kinases.cof_tpl_mg.run_kin.4ASD_THR01A1001_002
2026-03-30 04:46:20 - INFO: step3.py, pbe: Skipping PBE solver for non-charge conformer (315/709) LEU01A1002_001...
2026-03-30 04:46:20 - INFO: step3.py, pbe: ForkPoolWorker-1: Calling delphi to calculate conformer (316/709) GLU01A1003_001 in /tmp/pbe_data.data.home.schowdhury.Project_kinases.cof_tpl_mg.run_kin.4ASD_GLU01A1003_001
2026-03-30 04:46:25 - INFO: step3.py, pbe: ForkPoolWorker-1: Calling delphi to calculate conformer (317/709) GLU01A1003_002 in /tmp/pbe_data.data.home.schowdhury.Project_kinases.cof_tpl_mg.run_kin.4ASD_GLU01A1003_002
2026-03-30 04:46:30 - INFO: step3.py, pbe: ForkPoolWorker-1: Calling delphi to calculate conformer (318/709) GLU02A1003_003 in /tmp/pbe_data.data.home.schowdhury.Project_kinases.cof_tpl_mg.run_kin.4ASD_GLU02A1003_003
2026-03-30 04:46:34 - INFO: step3.py, pbe: ForkPoolWorker-1: Calling delphi to calculate conformer (319/709) GLU02A1003_004 in /tmp/pbe_data.data.home.schowdhury.Project_kinases.cof_tpl_mg.run_kin.4ASD_GLU02A1003_004
2026-03-30 04:46:39 - INFO: step3.py, pbe: ForkPoolWorker-1: Calling delphi to calculate conformer (320/709) GLU-1A1003_005 in /tmp/pbe_data.data.home.schowdhury.Project_kinases.cof_tpl_mg.run_kin.4ASD_GLU-1A1003_005
2026-03-30 04:46:44 - INFO: step3.py, pbe: ForkPoolWorker-1: Calling delphi to calculate conformer (321/709) HIS01A1004_001 in /tmp/pbe_data.data.home.schowdhury.Project_kinases.cof_tpl_mg.run_kin.4ASD_HIS01A1004_001
2026-03-30 04:46:48 - INFO: step3.py, pbe: ForkPoolWorker-1: Calling delphi to calculate conformer (322/709) HIS02A1004_002 in /tmp/pbe_data.data.home.schowdhury.Project_kinases.cof_tpl_mg.run_kin.4ASD_HIS02A1004_002
2026-03-30 04:46:53 - INFO: step3.py, pbe: ForkPoolWorker-1: Calling delphi to calculate conformer (323/709) HIS+1A1004_003 in /tmp/pbe_data.data.home.schowdhury.Project_kinases.cof_tpl_mg.run_kin.4ASD_HIS+1A1004_003
2026-03-30 04:46:57 - INFO: step3.py, pbe: Skipping PBE solver for non-charge conformer (324/709) LEU01A1005_001...
2026-03-30 04:46:57 - INFO: step3.py, pbe: Skipping PBE solver for non-charge conformer (325/709) ILE01A1006_001...
2026-03-30 04:46:57 - INFO: step3.py, pbe: ForkPoolWorker-1: Calling delphi to calculate conformer (326/709) CYS01A1007_001 in /tmp/pbe_data.data.home.schowdhury.Project_kinases.cof_tpl_mg.run_kin.4ASD_CYS01A1007_001
2026-03-30 04:47:02 - INFO: step3.py, pbe: ForkPoolWorker-1: Calling delphi to calculate conformer (327/709) CYS01A1007_002 in /tmp/pbe_data.data.home.schowdhury.Project_kinases.cof_tpl_mg.run_kin.4ASD_CYS01A1007_002
2026-03-30 04:47:07 - INFO: step3.py, pbe: ForkPoolWorker-1: Calling delphi to calculate conformer (328/709) CYS01A1007_003 in /tmp/pbe_data.data.home.schowdhury.Project_kinases.cof_tpl_mg.run_kin.4ASD_CYS01A1007_003
2026-03-30 04:47:12 - INFO: step3.py, pbe: ForkPoolWorker-1: Calling delphi to calculate conformer (329/709) CYS-1A1007_004 in /tmp/pbe_data.data.home.schowdhury.Project_kinases.cof_tpl_mg.run_kin.4ASD_CYS-1A1007_004
2026-03-30 04:47:16 - INFO: step3.py, pbe: ForkPoolWorker-1: Calling delphi to calculate conformer (330/709) TYR01A1008_001 in /tmp/pbe_data.data.home.schowdhury.Project_kinases.cof_tpl_mg.run_kin.4ASD_TYR01A1008_001
2026-03-30 04:47:21 - INFO: step3.py, pbe: ForkPoolWorker-1: Calling delphi to calculate conformer (331/709) TYR01A1008_002 in /tmp/pbe_data.data.home.schowdhury.Project_kinases.cof_tpl_mg.run_kin.4ASD_TYR01A1008_002
2026-03-30 04:47:26 - INFO: step3.py, pbe: ForkPoolWorker-1: Calling delphi to calculate conformer (332/709) TYR01A1008_003 in /tmp/pbe_data.data.home.schowdhury.Project_kinases.cof_tpl_mg.run_kin.4ASD_TYR01A1008_003
2026-03-30 04:47:30 - INFO: step3.py, pbe: ForkPoolWorker-1: Calling delphi to calculate conformer (333/709) TYR01A1008_004 in /tmp/pbe_data.data.home.schowdhury.Project_kinases.cof_tpl_mg.run_kin.4ASD_TYR01A1008_004
2026-03-30 04:47:35 - INFO: step3.py, pbe: ForkPoolWorker-1: Calling delphi to calculate conformer (334/709) TYR-1A1008_005 in /tmp/pbe_data.data.home.schowdhury.Project_kinases.cof_tpl_mg.run_kin.4ASD_TYR-1A1008_005
2026-03-30 04:47:40 - INFO: step3.py, pbe: ForkPoolWorker-1: Calling delphi to calculate conformer (335/709) TYR-1A1008_006 in /tmp/pbe_data.data.home.schowdhury.Project_kinases.cof_tpl_mg.run_kin.4ASD_TYR-1A1008_006
2026-03-30 04:47:44 - INFO: step3.py, pbe: ForkPoolWorker-1: Calling delphi to calculate conformer (336/709) SER01A1009_001 in /tmp/pbe_data.data.home.schowdhury.Project_kinases.cof_tpl_mg.run_kin.4ASD_SER01A1009_001
2026-03-30 04:47:49 - INFO: step3.py, pbe: ForkPoolWorker-1: Calling delphi to calculate conformer (337/709) SER01A1009_002 in /tmp/pbe_data.data.home.schowdhury.Project_kinases.cof_tpl_mg.run_kin.4ASD_SER01A1009_002
2026-03-30 04:47:54 - INFO: step3.py, pbe: Skipping PBE solver for non-charge conformer (338/709) PHE01A1010_001...
2026-03-30 04:47:54 - INFO: step3.py, pbe: ForkPoolWorker-1: Calling delphi to calculate conformer (339/709) GLN01A1011_001 in /tmp/pbe_data.data.home.schowdhury.Project_kinases.cof_tpl_mg.run_kin.4ASD_GLN01A1011_001
2026-03-30 04:47:59 - INFO: step3.py, pbe: ForkPoolWorker-1: Calling delphi to calculate conformer (340/709) GLN01A1011_002 in /tmp/pbe_data.data.home.schowdhury.Project_kinases.cof_tpl_mg.run_kin.4ASD_GLN01A1011_002
2026-03-30 04:48:03 - INFO: step3.py, pbe: ForkPoolWorker-1: Calling delphi to calculate conformer (341/709) GLN01A1011_003 in /tmp/pbe_data.data.home.schowdhury.Project_kinases.cof_tpl_mg.run_kin.4ASD_GLN01A1011_003
2026-03-30 04:48:08 - INFO: step3.py, pbe: ForkPoolWorker-1: Calling delphi to calculate conformer (342/709) GLN01A1011_004 in /tmp/pbe_data.data.home.schowdhury.Project_kinases.cof_tpl_mg.run_kin.4ASD_GLN01A1011_004
2026-03-30 04:48:13 - INFO: step3.py, pbe: Skipping PBE solver for non-charge conformer (343/709) VAL01A1012_001...
2026-03-30 04:48:13 - INFO: step3.py, pbe: Skipping PBE solver for non-charge conformer (344/709) ALA01A1013_001...
2026-03-30 04:48:13 - INFO: step3.py, pbe: ForkPoolWorker-1: Calling delphi to calculate conformer (345/709) LYS01A1014_001 in /tmp/pbe_data.data.home.schowdhury.Project_kinases.cof_tpl_mg.run_kin.4ASD_LYS01A1014_001
2026-03-30 04:48:17 - INFO: step3.py, pbe: ForkPoolWorker-1: Calling delphi to calculate conformer (346/709) LYS+1A1014_002 in /tmp/pbe_data.data.home.schowdhury.Project_kinases.cof_tpl_mg.run_kin.4ASD_LYS+1A1014_002
2026-03-30 04:48:22 - INFO: step3.py, pbe: ForkPoolWorker-1: Calling delphi to calculate conformer (347/709) MET01A1016_001 in /tmp/pbe_data.data.home.schowdhury.Project_kinases.cof_tpl_mg.run_kin.4ASD_MET01A1016_001
2026-03-30 04:48:26 - INFO: step3.py, pbe: ForkPoolWorker-1: Calling delphi to calculate conformer (348/709) GLU01A1017_001 in /tmp/pbe_data.data.home.schowdhury.Project_kinases.cof_tpl_mg.run_kin.4ASD_GLU01A1017_001
2026-03-30 04:48:31 - INFO: step3.py, pbe: ForkPoolWorker-1: Calling delphi to calculate conformer (349/709) GLU01A1017_002 in /tmp/pbe_data.data.home.schowdhury.Project_kinases.cof_tpl_mg.run_kin.4ASD_GLU01A1017_002
2026-03-30 04:48:36 - INFO: step3.py, pbe: ForkPoolWorker-1: Calling delphi to calculate conformer (350/709) GLU02A1017_003 in /tmp/pbe_data.data.home.schowdhury.Project_kinases.cof_tpl_mg.run_kin.4ASD_GLU02A1017_003
2026-03-30 04:48:40 - INFO: step3.py, pbe: ForkPoolWorker-1: Calling delphi to calculate conformer (351/709) GLU02A1017_004 in /tmp/pbe_data.data.home.schowdhury.Project_kinases.cof_tpl_mg.run_kin.4ASD_GLU02A1017_004
2026-03-30 04:48:45 - INFO: step3.py, pbe: ForkPoolWorker-1: Calling delphi to calculate conformer (352/709) GLU-1A1017_005 in /tmp/pbe_data.data.home.schowdhury.Project_kinases.cof_tpl_mg.run_kin.4ASD_GLU-1A1017_005
2026-03-30 04:48:49 - INFO: step3.py, pbe: Skipping PBE solver for non-charge conformer (353/709) PHE01A1018_001...
2026-03-30 04:48:49 - INFO: step3.py, pbe: Skipping PBE solver for non-charge conformer (354/709) LEU01A1019_001...
2026-03-30 04:48:49 - INFO: step3.py, pbe: Skipping PBE solver for non-charge conformer (355/709) ALA01A1020_001...
2026-03-30 04:48:50 - INFO: step3.py, pbe: ForkPoolWorker-1: Calling delphi to calculate conformer (356/709) SER01A1021_001 in /tmp/pbe_data.data.home.schowdhury.Project_kinases.cof_tpl_mg.run_kin.4ASD_SER01A1021_001
2026-03-30 04:48:54 - INFO: step3.py, pbe: ForkPoolWorker-1: Calling delphi to calculate conformer (357/709) SER01A1021_002 in /tmp/pbe_data.data.home.schowdhury.Project_kinases.cof_tpl_mg.run_kin.4ASD_SER01A1021_002
2026-03-30 04:48:59 - INFO: step3.py, pbe: ForkPoolWorker-1: Calling delphi to calculate conformer (358/709) SER01A1021_003 in /tmp/pbe_data.data.home.schowdhury.Project_kinases.cof_tpl_mg.run_kin.4ASD_SER01A1021_003
2026-03-30 04:49:03 - INFO: step3.py, pbe: ForkPoolWorker-1: Calling delphi to calculate conformer (359/709) ARG01A1022_001 in /tmp/pbe_data.data.home.schowdhury.Project_kinases.cof_tpl_mg.run_kin.4ASD_ARG01A1022_001
2026-03-30 04:49:08 - INFO: step3.py, pbe: ForkPoolWorker-1: Calling delphi to calculate conformer (360/709) ARG02A1022_002 in /tmp/pbe_data.data.home.schowdhury.Project_kinases.cof_tpl_mg.run_kin.4ASD_ARG02A1022_002
2026-03-30 04:49:13 - INFO: step3.py, pbe: ForkPoolWorker-1: Calling delphi to calculate conformer (361/709) ARG03A1022_003 in /tmp/pbe_data.data.home.schowdhury.Project_kinases.cof_tpl_mg.run_kin.4ASD_ARG03A1022_003
2026-03-30 04:49:17 - INFO: step3.py, pbe: ForkPoolWorker-1: Calling delphi to calculate conformer (362/709) ARG+1A1022_004 in /tmp/pbe_data.data.home.schowdhury.Project_kinases.cof_tpl_mg.run_kin.4ASD_ARG+1A1022_004
2026-03-30 04:49:22 - INFO: step3.py, pbe: ForkPoolWorker-1: Calling delphi to calculate conformer (363/709) LYS01A1023_001 in /tmp/pbe_data.data.home.schowdhury.Project_kinases.cof_tpl_mg.run_kin.4ASD_LYS01A1023_001
2026-03-30 04:49:26 - INFO: step3.py, pbe: ForkPoolWorker-1: Calling delphi to calculate conformer (364/709) LYS+1A1023_002 in /tmp/pbe_data.data.home.schowdhury.Project_kinases.cof_tpl_mg.run_kin.4ASD_LYS+1A1023_002
2026-03-30 04:49:31 - INFO: step3.py, pbe: ForkPoolWorker-1: Calling delphi to calculate conformer (365/709) CYS01A1024_001 in /tmp/pbe_data.data.home.schowdhury.Project_kinases.cof_tpl_mg.run_kin.4ASD_CYS01A1024_001
2026-03-30 04:49:36 - INFO: step3.py, pbe: ForkPoolWorker-1: Calling delphi to calculate conformer (366/709) CYS01A1024_002 in /tmp/pbe_data.data.home.schowdhury.Project_kinases.cof_tpl_mg.run_kin.4ASD_CYS01A1024_002
2026-03-30 04:49:41 - INFO: step3.py, pbe: ForkPoolWorker-1: Calling delphi to calculate conformer (367/709) CYS01A1024_003 in /tmp/pbe_data.data.home.schowdhury.Project_kinases.cof_tpl_mg.run_kin.4ASD_CYS01A1024_003
2026-03-30 04:49:45 - INFO: step3.py, pbe: ForkPoolWorker-1: Calling delphi to calculate conformer (368/709) CYS-1A1024_004 in /tmp/pbe_data.data.home.schowdhury.Project_kinases.cof_tpl_mg.run_kin.4ASD_CYS-1A1024_004
2026-03-30 04:49:50 - INFO: step3.py, pbe: Skipping PBE solver for non-charge conformer (369/709) ILE01A1025_001...
2026-03-30 04:49:50 - INFO: step3.py, pbe: ForkPoolWorker-1: Calling delphi to calculate conformer (370/709) HIS01A1026_001 in /tmp/pbe_data.data.home.schowdhury.Project_kinases.cof_tpl_mg.run_kin.4ASD_HIS01A1026_001
2026-03-30 04:49:54 - INFO: step3.py, pbe: ForkPoolWorker-1: Calling delphi to calculate conformer (371/709) HIS02A1026_002 in /tmp/pbe_data.data.home.schowdhury.Project_kinases.cof_tpl_mg.run_kin.4ASD_HIS02A1026_002
2026-03-30 04:49:59 - INFO: step3.py, pbe: ForkPoolWorker-1: Calling delphi to calculate conformer (372/709) HIS+1A1026_003 in /tmp/pbe_data.data.home.schowdhury.Project_kinases.cof_tpl_mg.run_kin.4ASD_HIS+1A1026_003
2026-03-30 04:50:04 - INFO: step3.py, pbe: ForkPoolWorker-1: Calling delphi to calculate conformer (373/709) ARG01A1027_001 in /tmp/pbe_data.data.home.schowdhury.Project_kinases.cof_tpl_mg.run_kin.4ASD_ARG01A1027_001
2026-03-30 04:50:09 - INFO: step3.py, pbe: ForkPoolWorker-1: Calling delphi to calculate conformer (374/709) ARG02A1027_002 in /tmp/pbe_data.data.home.schowdhury.Project_kinases.cof_tpl_mg.run_kin.4ASD_ARG02A1027_002
2026-03-30 04:50:13 - INFO: step3.py, pbe: ForkPoolWorker-1: Calling delphi to calculate conformer (375/709) ARG02A1027_003 in /tmp/pbe_data.data.home.schowdhury.Project_kinases.cof_tpl_mg.run_kin.4ASD_ARG02A1027_003
2026-03-30 04:50:18 - INFO: step3.py, pbe: ForkPoolWorker-1: Calling delphi to calculate conformer (376/709) ARG03A1027_004 in /tmp/pbe_data.data.home.schowdhury.Project_kinases.cof_tpl_mg.run_kin.4ASD_ARG03A1027_004
2026-03-30 04:50:22 - INFO: step3.py, pbe: ForkPoolWorker-1: Calling delphi to calculate conformer (377/709) ARG03A1027_005 in /tmp/pbe_data.data.home.schowdhury.Project_kinases.cof_tpl_mg.run_kin.4ASD_ARG03A1027_005
2026-03-30 04:50:27 - INFO: step3.py, pbe: ForkPoolWorker-1: Calling delphi to calculate conformer (378/709) ARG+1A1027_006 in /tmp/pbe_data.data.home.schowdhury.Project_kinases.cof_tpl_mg.run_kin.4ASD_ARG+1A1027_006
2026-03-30 04:50:31 - INFO: step3.py, pbe: ForkPoolWorker-1: Calling delphi to calculate conformer (379/709) ASP01A1028_001 in /tmp/pbe_data.data.home.schowdhury.Project_kinases.cof_tpl_mg.run_kin.4ASD_ASP01A1028_001
2026-03-30 04:50:36 - INFO: step3.py, pbe: ForkPoolWorker-1: Calling delphi to calculate conformer (380/709) ASP01A1028_002 in /tmp/pbe_data.data.home.schowdhury.Project_kinases.cof_tpl_mg.run_kin.4ASD_ASP01A1028_002
2026-03-30 04:50:41 - INFO: step3.py, pbe: ForkPoolWorker-1: Calling delphi to calculate conformer (381/709) ASP01A1028_003 in /tmp/pbe_data.data.home.schowdhury.Project_kinases.cof_tpl_mg.run_kin.4ASD_ASP01A1028_003
2026-03-30 04:50:46 - INFO: step3.py, pbe: ForkPoolWorker-1: Calling delphi to calculate conformer (382/709) ASP01A1028_004 in /tmp/pbe_data.data.home.schowdhury.Project_kinases.cof_tpl_mg.run_kin.4ASD_ASP01A1028_004
2026-03-30 04:50:50 - INFO: step3.py, pbe: ForkPoolWorker-1: Calling delphi to calculate conformer (383/709) ASP02A1028_005 in /tmp/pbe_data.data.home.schowdhury.Project_kinases.cof_tpl_mg.run_kin.4ASD_ASP02A1028_005
2026-03-30 04:50:55 - INFO: step3.py, pbe: ForkPoolWorker-1: Calling delphi to calculate conformer (384/709) ASP02A1028_006 in /tmp/pbe_data.data.home.schowdhury.Project_kinases.cof_tpl_mg.run_kin.4ASD_ASP02A1028_006
2026-03-30 04:50:59 - INFO: step3.py, pbe: ForkPoolWorker-1: Calling delphi to calculate conformer (385/709) ASP02A1028_007 in /tmp/pbe_data.data.home.schowdhury.Project_kinases.cof_tpl_mg.run_kin.4ASD_ASP02A1028_007
2026-03-30 04:51:04 - INFO: step3.py, pbe: ForkPoolWorker-1: Calling delphi to calculate conformer (386/709) ASP02A1028_008 in /tmp/pbe_data.data.home.schowdhury.Project_kinases.cof_tpl_mg.run_kin.4ASD_ASP02A1028_008
2026-03-30 04:51:09 - INFO: step3.py, pbe: ForkPoolWorker-1: Calling delphi to calculate conformer (387/709) ASP-1A1028_009 in /tmp/pbe_data.data.home.schowdhury.Project_kinases.cof_tpl_mg.run_kin.4ASD_ASP-1A1028_009
2026-03-30 04:51:14 - INFO: step3.py, pbe: ForkPoolWorker-1: Calling delphi to calculate conformer (388/709) ASP-1A1028_010 in /tmp/pbe_data.data.home.schowdhury.Project_kinases.cof_tpl_mg.run_kin.4ASD_ASP-1A1028_010
2026-03-30 04:51:18 - INFO: step3.py, pbe: Skipping PBE solver for non-charge conformer (389/709) LEU01A1029_001...
2026-03-30 04:51:18 - INFO: step3.py, pbe: Skipping PBE solver for non-charge conformer (390/709) ALA01A1030_001...
2026-03-30 04:51:18 - INFO: step3.py, pbe: Skipping PBE solver for non-charge conformer (391/709) ALA01A1031_001...
2026-03-30 04:51:18 - INFO: step3.py, pbe: ForkPoolWorker-1: Calling delphi to calculate conformer (392/709) ARG01A1032_001 in /tmp/pbe_data.data.home.schowdhury.Project_kinases.cof_tpl_mg.run_kin.4ASD_ARG01A1032_001
2026-03-30 04:51:23 - INFO: step3.py, pbe: ForkPoolWorker-1: Calling delphi to calculate conformer (393/709) ARG02A1032_002 in /tmp/pbe_data.data.home.schowdhury.Project_kinases.cof_tpl_mg.run_kin.4ASD_ARG02A1032_002
2026-03-30 04:51:27 - INFO: step3.py, pbe: ForkPoolWorker-1: Calling delphi to calculate conformer (394/709) ARG02A1032_003 in /tmp/pbe_data.data.home.schowdhury.Project_kinases.cof_tpl_mg.run_kin.4ASD_ARG02A1032_003
2026-03-30 04:51:32 - INFO: step3.py, pbe: ForkPoolWorker-1: Calling delphi to calculate conformer (395/709) ARG03A1032_004 in /tmp/pbe_data.data.home.schowdhury.Project_kinases.cof_tpl_mg.run_kin.4ASD_ARG03A1032_004
2026-03-30 04:51:37 - INFO: step3.py, pbe: ForkPoolWorker-1: Calling delphi to calculate conformer (396/709) ARG03A1032_005 in /tmp/pbe_data.data.home.schowdhury.Project_kinases.cof_tpl_mg.run_kin.4ASD_ARG03A1032_005
2026-03-30 04:51:42 - INFO: step3.py, pbe: ForkPoolWorker-1: Calling delphi to calculate conformer (397/709) ARG+1A1032_006 in /tmp/pbe_data.data.home.schowdhury.Project_kinases.cof_tpl_mg.run_kin.4ASD_ARG+1A1032_006
2026-03-30 04:51:46 - INFO: step3.py, pbe: ForkPoolWorker-1: Calling delphi to calculate conformer (398/709) ASN01A1033_001 in /tmp/pbe_data.data.home.schowdhury.Project_kinases.cof_tpl_mg.run_kin.4ASD_ASN01A1033_001
2026-03-30 04:51:51 - INFO: step3.py, pbe: ForkPoolWorker-1: Calling delphi to calculate conformer (399/709) ASN01A1033_002 in /tmp/pbe_data.data.home.schowdhury.Project_kinases.cof_tpl_mg.run_kin.4ASD_ASN01A1033_002
2026-03-30 04:51:56 - INFO: step3.py, pbe: ForkPoolWorker-1: Calling delphi to calculate conformer (400/709) ASN01A1033_003 in /tmp/pbe_data.data.home.schowdhury.Project_kinases.cof_tpl_mg.run_kin.4ASD_ASN01A1033_003
2026-03-30 04:52:00 - INFO: step3.py, pbe: Skipping PBE solver for non-charge conformer (401/709) ILE01A1034_001...
2026-03-30 04:52:00 - INFO: step3.py, pbe: Skipping PBE solver for non-charge conformer (402/709) LEU01A1035_001...
2026-03-30 04:52:00 - INFO: step3.py, pbe: Skipping PBE solver for non-charge conformer (403/709) LEU01A1036_001...
2026-03-30 04:52:00 - INFO: step3.py, pbe: ForkPoolWorker-1: Calling delphi to calculate conformer (404/709) SER01A1037_001 in /tmp/pbe_data.data.home.schowdhury.Project_kinases.cof_tpl_mg.run_kin.4ASD_SER01A1037_001
2026-03-30 04:52:05 - INFO: step3.py, pbe: ForkPoolWorker-1: Calling delphi to calculate conformer (405/709) SER01A1037_002 in /tmp/pbe_data.data.home.schowdhury.Project_kinases.cof_tpl_mg.run_kin.4ASD_SER01A1037_002
2026-03-30 04:52:10 - INFO: step3.py, pbe: ForkPoolWorker-1: Calling delphi to calculate conformer (406/709) SER01A1037_003 in /tmp/pbe_data.data.home.schowdhury.Project_kinases.cof_tpl_mg.run_kin.4ASD_SER01A1037_003
2026-03-30 04:52:14 - INFO: step3.py, pbe: ForkPoolWorker-1: Calling delphi to calculate conformer (407/709) GLU01A1038_001 in /tmp/pbe_data.data.home.schowdhury.Project_kinases.cof_tpl_mg.run_kin.4ASD_GLU01A1038_001
2026-03-30 04:52:19 - INFO: step3.py, pbe: ForkPoolWorker-1: Calling delphi to calculate conformer (408/709) GLU01A1038_002 in /tmp/pbe_data.data.home.schowdhury.Project_kinases.cof_tpl_mg.run_kin.4ASD_GLU01A1038_002
2026-03-30 04:52:24 - INFO: step3.py, pbe: ForkPoolWorker-1: Calling delphi to calculate conformer (409/709) GLU02A1038_003 in /tmp/pbe_data.data.home.schowdhury.Project_kinases.cof_tpl_mg.run_kin.4ASD_GLU02A1038_003
2026-03-30 04:52:28 - INFO: step3.py, pbe: ForkPoolWorker-1: Calling delphi to calculate conformer (410/709) GLU02A1038_004 in /tmp/pbe_data.data.home.schowdhury.Project_kinases.cof_tpl_mg.run_kin.4ASD_GLU02A1038_004
2026-03-30 04:52:33 - INFO: step3.py, pbe: ForkPoolWorker-1: Calling delphi to calculate conformer (411/709) GLU-1A1038_005 in /tmp/pbe_data.data.home.schowdhury.Project_kinases.cof_tpl_mg.run_kin.4ASD_GLU-1A1038_005
2026-03-30 04:52:37 - INFO: step3.py, pbe: ForkPoolWorker-1: Calling delphi to calculate conformer (412/709) LYS01A1039_001 in /tmp/pbe_data.data.home.schowdhury.Project_kinases.cof_tpl_mg.run_kin.4ASD_LYS01A1039_001
2026-03-30 04:52:42 - INFO: step3.py, pbe: ForkPoolWorker-1: Calling delphi to calculate conformer (413/709) LYS+1A1039_002 in /tmp/pbe_data.data.home.schowdhury.Project_kinases.cof_tpl_mg.run_kin.4ASD_LYS+1A1039_002
2026-03-30 04:52:47 - INFO: step3.py, pbe: ForkPoolWorker-1: Calling delphi to calculate conformer (414/709) ASN01A1040_001 in /tmp/pbe_data.data.home.schowdhury.Project_kinases.cof_tpl_mg.run_kin.4ASD_ASN01A1040_001
2026-03-30 04:52:51 - INFO: step3.py, pbe: ForkPoolWorker-1: Calling delphi to calculate conformer (415/709) ASN01A1040_002 in /tmp/pbe_data.data.home.schowdhury.Project_kinases.cof_tpl_mg.run_kin.4ASD_ASN01A1040_002
2026-03-30 04:52:56 - INFO: step3.py, pbe: Skipping PBE solver for non-charge conformer (416/709) VAL01A1041_001...
2026-03-30 04:52:56 - INFO: step3.py, pbe: Skipping PBE solver for non-charge conformer (417/709) VAL01A1042_001...
2026-03-30 04:52:56 - INFO: step3.py, pbe: ForkPoolWorker-1: Calling delphi to calculate conformer (418/709) LYS01A1043_001 in /tmp/pbe_data.data.home.schowdhury.Project_kinases.cof_tpl_mg.run_kin.4ASD_LYS01A1043_001
2026-03-30 04:53:01 - INFO: step3.py, pbe: ForkPoolWorker-1: Calling delphi to calculate conformer (419/709) LYS+1A1043_002 in /tmp/pbe_data.data.home.schowdhury.Project_kinases.cof_tpl_mg.run_kin.4ASD_LYS+1A1043_002
2026-03-30 04:53:05 - INFO: step3.py, pbe: Skipping PBE solver for non-charge conformer (420/709) ILE01A1044_001...
2026-03-30 04:53:05 - INFO: step3.py, pbe: ForkPoolWorker-1: Calling delphi to calculate conformer (421/709) CYS01A1045_001 in /tmp/pbe_data.data.home.schowdhury.Project_kinases.cof_tpl_mg.run_kin.4ASD_CYS01A1045_001
2026-03-30 04:53:10 - INFO: step3.py, pbe: ForkPoolWorker-1: Calling delphi to calculate conformer (422/709) CYS01A1045_002 in /tmp/pbe_data.data.home.schowdhury.Project_kinases.cof_tpl_mg.run_kin.4ASD_CYS01A1045_002
2026-03-30 04:53:15 - INFO: step3.py, pbe: ForkPoolWorker-1: Calling delphi to calculate conformer (423/709) CYS01A1045_003 in /tmp/pbe_data.data.home.schowdhury.Project_kinases.cof_tpl_mg.run_kin.4ASD_CYS01A1045_003
2026-03-30 04:53:19 - INFO: step3.py, pbe: ForkPoolWorker-1: Calling delphi to calculate conformer (424/709) CYS-1A1045_004 in /tmp/pbe_data.data.home.schowdhury.Project_kinases.cof_tpl_mg.run_kin.4ASD_CYS-1A1045_004
2026-03-30 04:53:24 - INFO: step3.py, pbe: ForkPoolWorker-1: Calling delphi to calculate conformer (425/709) ASP01A1046_001 in /tmp/pbe_data.data.home.schowdhury.Project_kinases.cof_tpl_mg.run_kin.4ASD_ASP01A1046_001
2026-03-30 04:53:29 - INFO: step3.py, pbe: ForkPoolWorker-1: Calling delphi to calculate conformer (426/709) ASP01A1046_002 in /tmp/pbe_data.data.home.schowdhury.Project_kinases.cof_tpl_mg.run_kin.4ASD_ASP01A1046_002
2026-03-30 04:53:33 - INFO: step3.py, pbe: ForkPoolWorker-1: Calling delphi to calculate conformer (427/709) ASP02A1046_003 in /tmp/pbe_data.data.home.schowdhury.Project_kinases.cof_tpl_mg.run_kin.4ASD_ASP02A1046_003
2026-03-30 04:53:38 - INFO: step3.py, pbe: ForkPoolWorker-1: Calling delphi to calculate conformer (428/709) ASP02A1046_004 in /tmp/pbe_data.data.home.schowdhury.Project_kinases.cof_tpl_mg.run_kin.4ASD_ASP02A1046_004
2026-03-30 04:53:43 - INFO: step3.py, pbe: ForkPoolWorker-1: Calling delphi to calculate conformer (429/709) ASP-1A1046_005 in /tmp/pbe_data.data.home.schowdhury.Project_kinases.cof_tpl_mg.run_kin.4ASD_ASP-1A1046_005
2026-03-30 04:53:47 - INFO: step3.py, pbe: Skipping PBE solver for non-charge conformer (430/709) PHE01A1047_001...
2026-03-30 04:53:48 - INFO: step3.py, pbe: Skipping PBE solver for non-charge conformer (431/709) LEU01A1049_001...
2026-03-30 04:53:48 - INFO: step3.py, pbe: Skipping PBE solver for non-charge conformer (432/709) ALA01A1050_001...
2026-03-30 04:53:48 - INFO: step3.py, pbe: ForkPoolWorker-1: Calling delphi to calculate conformer (433/709) ARG01A1051_001 in /tmp/pbe_data.data.home.schowdhury.Project_kinases.cof_tpl_mg.run_kin.4ASD_ARG01A1051_001
2026-03-30 04:53:52 - INFO: step3.py, pbe: ForkPoolWorker-1: Calling delphi to calculate conformer (434/709) ARG02A1051_002 in /tmp/pbe_data.data.home.schowdhury.Project_kinases.cof_tpl_mg.run_kin.4ASD_ARG02A1051_002
2026-03-30 04:53:57 - INFO: step3.py, pbe: ForkPoolWorker-1: Calling delphi to calculate conformer (435/709) ARG02A1051_003 in /tmp/pbe_data.data.home.schowdhury.Project_kinases.cof_tpl_mg.run_kin.4ASD_ARG02A1051_003
2026-03-30 04:54:02 - INFO: step3.py, pbe: ForkPoolWorker-1: Calling delphi to calculate conformer (436/709) ARG03A1051_004 in /tmp/pbe_data.data.home.schowdhury.Project_kinases.cof_tpl_mg.run_kin.4ASD_ARG03A1051_004
2026-03-30 04:54:06 - INFO: step3.py, pbe: ForkPoolWorker-1: Calling delphi to calculate conformer (437/709) ARG03A1051_005 in /tmp/pbe_data.data.home.schowdhury.Project_kinases.cof_tpl_mg.run_kin.4ASD_ARG03A1051_005
2026-03-30 04:54:11 - INFO: step3.py, pbe: ForkPoolWorker-1: Calling delphi to calculate conformer (438/709) ARG+1A1051_006 in /tmp/pbe_data.data.home.schowdhury.Project_kinases.cof_tpl_mg.run_kin.4ASD_ARG+1A1051_006
2026-03-30 04:54:16 - INFO: step3.py, pbe: ForkPoolWorker-1: Calling delphi to calculate conformer (439/709) ASP01A1052_001 in /tmp/pbe_data.data.home.schowdhury.Project_kinases.cof_tpl_mg.run_kin.4ASD_ASP01A1052_001
2026-03-30 04:54:20 - INFO: step3.py, pbe: ForkPoolWorker-1: Calling delphi to calculate conformer (440/709) ASP01A1052_002 in /tmp/pbe_data.data.home.schowdhury.Project_kinases.cof_tpl_mg.run_kin.4ASD_ASP01A1052_002
2026-03-30 04:54:25 - INFO: step3.py, pbe: ForkPoolWorker-1: Calling delphi to calculate conformer (441/709) ASP02A1052_003 in /tmp/pbe_data.data.home.schowdhury.Project_kinases.cof_tpl_mg.run_kin.4ASD_ASP02A1052_003
2026-03-30 04:54:30 - INFO: step3.py, pbe: ForkPoolWorker-1: Calling delphi to calculate conformer (442/709) ASP02A1052_004 in /tmp/pbe_data.data.home.schowdhury.Project_kinases.cof_tpl_mg.run_kin.4ASD_ASP02A1052_004
2026-03-30 04:54:34 - INFO: step3.py, pbe: ForkPoolWorker-1: Calling delphi to calculate conformer (443/709) ASP-1A1052_005 in /tmp/pbe_data.data.home.schowdhury.Project_kinases.cof_tpl_mg.run_kin.4ASD_ASP-1A1052_005
2026-03-30 04:54:39 - INFO: step3.py, pbe: Skipping PBE solver for non-charge conformer (444/709) ILE01A1053_001...
2026-03-30 04:54:39 - INFO: step3.py, pbe: ForkPoolWorker-1: Calling delphi to calculate conformer (445/709) TYR01A1054_001 in /tmp/pbe_data.data.home.schowdhury.Project_kinases.cof_tpl_mg.run_kin.4ASD_TYR01A1054_001
2026-03-30 04:54:43 - INFO: step3.py, pbe: ForkPoolWorker-1: Calling delphi to calculate conformer (446/709) TYR-1A1054_002 in /tmp/pbe_data.data.home.schowdhury.Project_kinases.cof_tpl_mg.run_kin.4ASD_TYR-1A1054_002
2026-03-30 04:54:48 - INFO: step3.py, pbe: ForkPoolWorker-1: Calling delphi to calculate conformer (447/709) LYS01A1055_001 in /tmp/pbe_data.data.home.schowdhury.Project_kinases.cof_tpl_mg.run_kin.4ASD_LYS01A1055_001
2026-03-30 04:54:53 - INFO: step3.py, pbe: ForkPoolWorker-1: Calling delphi to calculate conformer (448/709) LYS+1A1055_002 in /tmp/pbe_data.data.home.schowdhury.Project_kinases.cof_tpl_mg.run_kin.4ASD_LYS+1A1055_002
2026-03-30 04:54:57 - INFO: step3.py, pbe: ForkPoolWorker-1: Calling delphi to calculate conformer (449/709) ASP01A1056_001 in /tmp/pbe_data.data.home.schowdhury.Project_kinases.cof_tpl_mg.run_kin.4ASD_ASP01A1056_001
2026-03-30 04:55:02 - INFO: step3.py, pbe: ForkPoolWorker-1: Calling delphi to calculate conformer (450/709) ASP01A1056_002 in /tmp/pbe_data.data.home.schowdhury.Project_kinases.cof_tpl_mg.run_kin.4ASD_ASP01A1056_002
2026-03-30 04:55:07 - INFO: step3.py, pbe: ForkPoolWorker-1: Calling delphi to calculate conformer (451/709) ASP02A1056_003 in /tmp/pbe_data.data.home.schowdhury.Project_kinases.cof_tpl_mg.run_kin.4ASD_ASP02A1056_003
2026-03-30 04:55:11 - INFO: step3.py, pbe: ForkPoolWorker-1: Calling delphi to calculate conformer (452/709) ASP02A1056_004 in /tmp/pbe_data.data.home.schowdhury.Project_kinases.cof_tpl_mg.run_kin.4ASD_ASP02A1056_004
2026-03-30 04:55:16 - INFO: step3.py, pbe: ForkPoolWorker-1: Calling delphi to calculate conformer (453/709) ASP-1A1056_005 in /tmp/pbe_data.data.home.schowdhury.Project_kinases.cof_tpl_mg.run_kin.4ASD_ASP-1A1056_005
2026-03-30 04:55:20 - INFO: step3.py, pbe: Skipping PBE solver for non-charge conformer (454/709) PRO01A1057_001...
2026-03-30 04:55:20 - INFO: step3.py, pbe: ForkPoolWorker-1: Calling delphi to calculate conformer (455/709) ASP01A1058_001 in /tmp/pbe_data.data.home.schowdhury.Project_kinases.cof_tpl_mg.run_kin.4ASD_ASP01A1058_001
2026-03-30 04:55:25 - INFO: step3.py, pbe: ForkPoolWorker-1: Calling delphi to calculate conformer (456/709) ASP01A1058_002 in /tmp/pbe_data.data.home.schowdhury.Project_kinases.cof_tpl_mg.run_kin.4ASD_ASP01A1058_002
2026-03-30 04:55:30 - INFO: step3.py, pbe: ForkPoolWorker-1: Calling delphi to calculate conformer (457/709) ASP02A1058_003 in /tmp/pbe_data.data.home.schowdhury.Project_kinases.cof_tpl_mg.run_kin.4ASD_ASP02A1058_003
2026-03-30 04:55:35 - INFO: step3.py, pbe: ForkPoolWorker-1: Calling delphi to calculate conformer (458/709) ASP02A1058_004 in /tmp/pbe_data.data.home.schowdhury.Project_kinases.cof_tpl_mg.run_kin.4ASD_ASP02A1058_004
2026-03-30 04:55:39 - INFO: step3.py, pbe: ForkPoolWorker-1: Calling delphi to calculate conformer (459/709) ASP-1A1058_005 in /tmp/pbe_data.data.home.schowdhury.Project_kinases.cof_tpl_mg.run_kin.4ASD_ASP-1A1058_005
2026-03-30 04:55:44 - INFO: step3.py, pbe: ForkPoolWorker-1: Calling delphi to calculate conformer (460/709) TYR01A1059_001 in /tmp/pbe_data.data.home.schowdhury.Project_kinases.cof_tpl_mg.run_kin.4ASD_TYR01A1059_001
2026-03-30 04:55:49 - INFO: step3.py, pbe: ForkPoolWorker-1: Calling delphi to calculate conformer (461/709) TYR01A1059_002 in /tmp/pbe_data.data.home.schowdhury.Project_kinases.cof_tpl_mg.run_kin.4ASD_TYR01A1059_002
2026-03-30 04:55:53 - INFO: step3.py, pbe: ForkPoolWorker-1: Calling delphi to calculate conformer (462/709) TYR-1A1059_003 in /tmp/pbe_data.data.home.schowdhury.Project_kinases.cof_tpl_mg.run_kin.4ASD_TYR-1A1059_003
2026-03-30 04:55:58 - INFO: step3.py, pbe: Skipping PBE solver for non-charge conformer (463/709) VAL01A1060_001...
2026-03-30 04:55:58 - INFO: step3.py, pbe: ForkPoolWorker-1: Calling delphi to calculate conformer (464/709) ARG01A1061_001 in /tmp/pbe_data.data.home.schowdhury.Project_kinases.cof_tpl_mg.run_kin.4ASD_ARG01A1061_001
2026-03-30 04:56:03 - INFO: step3.py, pbe: ForkPoolWorker-1: Calling delphi to calculate conformer (465/709) ARG02A1061_002 in /tmp/pbe_data.data.home.schowdhury.Project_kinases.cof_tpl_mg.run_kin.4ASD_ARG02A1061_002
2026-03-30 04:56:07 - INFO: step3.py, pbe: ForkPoolWorker-1: Calling delphi to calculate conformer (466/709) ARG03A1061_003 in /tmp/pbe_data.data.home.schowdhury.Project_kinases.cof_tpl_mg.run_kin.4ASD_ARG03A1061_003
2026-03-30 04:56:12 - INFO: step3.py, pbe: ForkPoolWorker-1: Calling delphi to calculate conformer (467/709) ARG+1A1061_004 in /tmp/pbe_data.data.home.schowdhury.Project_kinases.cof_tpl_mg.run_kin.4ASD_ARG+1A1061_004
2026-03-30 04:56:17 - INFO: step3.py, pbe: ForkPoolWorker-1: Calling delphi to calculate conformer (468/709) LYS01A1062_001 in /tmp/pbe_data.data.home.schowdhury.Project_kinases.cof_tpl_mg.run_kin.4ASD_LYS01A1062_001
2026-03-30 04:56:21 - INFO: step3.py, pbe: ForkPoolWorker-1: Calling delphi to calculate conformer (469/709) LYS+1A1062_002 in /tmp/pbe_data.data.home.schowdhury.Project_kinases.cof_tpl_mg.run_kin.4ASD_LYS+1A1062_002
2026-03-30 04:56:26 - INFO: step3.py, pbe: ForkPoolWorker-1: Calling delphi to calculate conformer (470/709) ASP01A1064_001 in /tmp/pbe_data.data.home.schowdhury.Project_kinases.cof_tpl_mg.run_kin.4ASD_ASP01A1064_001
2026-03-30 04:56:31 - INFO: step3.py, pbe: ForkPoolWorker-1: Calling delphi to calculate conformer (471/709) ASP01A1064_002 in /tmp/pbe_data.data.home.schowdhury.Project_kinases.cof_tpl_mg.run_kin.4ASD_ASP01A1064_002
2026-03-30 04:56:35 - INFO: step3.py, pbe: ForkPoolWorker-1: Calling delphi to calculate conformer (472/709) ASP02A1064_003 in /tmp/pbe_data.data.home.schowdhury.Project_kinases.cof_tpl_mg.run_kin.4ASD_ASP02A1064_003
2026-03-30 04:56:40 - INFO: step3.py, pbe: ForkPoolWorker-1: Calling delphi to calculate conformer (473/709) ASP02A1064_004 in /tmp/pbe_data.data.home.schowdhury.Project_kinases.cof_tpl_mg.run_kin.4ASD_ASP02A1064_004
2026-03-30 04:56:44 - INFO: step3.py, pbe: ForkPoolWorker-1: Calling delphi to calculate conformer (474/709) ASP-1A1064_005 in /tmp/pbe_data.data.home.schowdhury.Project_kinases.cof_tpl_mg.run_kin.4ASD_ASP-1A1064_005
2026-03-30 04:56:49 - INFO: step3.py, pbe: Skipping PBE solver for non-charge conformer (475/709) ALA01A1065_001...
2026-03-30 04:56:49 - INFO: step3.py, pbe: ForkPoolWorker-1: Calling delphi to calculate conformer (476/709) ARG01A1066_001 in /tmp/pbe_data.data.home.schowdhury.Project_kinases.cof_tpl_mg.run_kin.4ASD_ARG01A1066_001
2026-03-30 04:56:53 - INFO: step3.py, pbe: ForkPoolWorker-1: Calling delphi to calculate conformer (477/709) ARG02A1066_002 in /tmp/pbe_data.data.home.schowdhury.Project_kinases.cof_tpl_mg.run_kin.4ASD_ARG02A1066_002
2026-03-30 04:56:58 - INFO: step3.py, pbe: ForkPoolWorker-1: Calling delphi to calculate conformer (478/709) ARG03A1066_003 in /tmp/pbe_data.data.home.schowdhury.Project_kinases.cof_tpl_mg.run_kin.4ASD_ARG03A1066_003
2026-03-30 04:57:03 - INFO: step3.py, pbe: ForkPoolWorker-1: Calling delphi to calculate conformer (479/709) ARG+1A1066_004 in /tmp/pbe_data.data.home.schowdhury.Project_kinases.cof_tpl_mg.run_kin.4ASD_ARG+1A1066_004
2026-03-30 04:57:07 - INFO: step3.py, pbe: Skipping PBE solver for non-charge conformer (480/709) LEU01A1067_001...
2026-03-30 04:57:07 - INFO: step3.py, pbe: Skipping PBE solver for non-charge conformer (481/709) PRO01A1068_001...
2026-03-30 04:57:08 - INFO: step3.py, pbe: Skipping PBE solver for non-charge conformer (482/709) LEU01A1069_001...
2026-03-30 04:57:08 - INFO: step3.py, pbe: ForkPoolWorker-1: Calling delphi to calculate conformer (483/709) LYS01A1070_001 in /tmp/pbe_data.data.home.schowdhury.Project_kinases.cof_tpl_mg.run_kin.4ASD_LYS01A1070_001
2026-03-30 04:57:12 - INFO: step3.py, pbe: ForkPoolWorker-1: Calling delphi to calculate conformer (484/709) LYS+1A1070_002 in /tmp/pbe_data.data.home.schowdhury.Project_kinases.cof_tpl_mg.run_kin.4ASD_LYS+1A1070_002
2026-03-30 04:57:17 - INFO: step3.py, pbe: Skipping PBE solver for non-charge conformer (485/709) TRP01A1071_001...
2026-03-30 04:57:17 - INFO: step3.py, pbe: ForkPoolWorker-1: Calling delphi to calculate conformer (486/709) MET01A1072_001 in /tmp/pbe_data.data.home.schowdhury.Project_kinases.cof_tpl_mg.run_kin.4ASD_MET01A1072_001
2026-03-30 04:57:21 - INFO: step3.py, pbe: Skipping PBE solver for non-charge conformer (487/709) ALA01A1073_001...
2026-03-30 04:57:21 - INFO: step3.py, pbe: Skipping PBE solver for non-charge conformer (488/709) PRO01A1074_001...
2026-03-30 04:57:21 - INFO: step3.py, pbe: ForkPoolWorker-1: Calling delphi to calculate conformer (489/709) GLU01A1075_001 in /tmp/pbe_data.data.home.schowdhury.Project_kinases.cof_tpl_mg.run_kin.4ASD_GLU01A1075_001
2026-03-30 04:57:26 - INFO: step3.py, pbe: ForkPoolWorker-1: Calling delphi to calculate conformer (490/709) GLU01A1075_002 in /tmp/pbe_data.data.home.schowdhury.Project_kinases.cof_tpl_mg.run_kin.4ASD_GLU01A1075_002
2026-03-30 04:57:31 - INFO: step3.py, pbe: ForkPoolWorker-1: Calling delphi to calculate conformer (491/709) GLU02A1075_003 in /tmp/pbe_data.data.home.schowdhury.Project_kinases.cof_tpl_mg.run_kin.4ASD_GLU02A1075_003
2026-03-30 04:57:35 - INFO: step3.py, pbe: ForkPoolWorker-1: Calling delphi to calculate conformer (492/709) GLU02A1075_004 in /tmp/pbe_data.data.home.schowdhury.Project_kinases.cof_tpl_mg.run_kin.4ASD_GLU02A1075_004
2026-03-30 04:57:40 - INFO: step3.py, pbe: ForkPoolWorker-1: Calling delphi to calculate conformer (493/709) GLU-1A1075_005 in /tmp/pbe_data.data.home.schowdhury.Project_kinases.cof_tpl_mg.run_kin.4ASD_GLU-1A1075_005
2026-03-30 04:57:44 - INFO: step3.py, pbe: ForkPoolWorker-1: Calling delphi to calculate conformer (494/709) THR01A1076_001 in /tmp/pbe_data.data.home.schowdhury.Project_kinases.cof_tpl_mg.run_kin.4ASD_THR01A1076_001
2026-03-30 04:57:49 - INFO: step3.py, pbe: ForkPoolWorker-1: Calling delphi to calculate conformer (495/709) THR01A1076_002 in /tmp/pbe_data.data.home.schowdhury.Project_kinases.cof_tpl_mg.run_kin.4ASD_THR01A1076_002
2026-03-30 04:57:54 - INFO: step3.py, pbe: ForkPoolWorker-1: Calling delphi to calculate conformer (496/709) THR01A1076_003 in /tmp/pbe_data.data.home.schowdhury.Project_kinases.cof_tpl_mg.run_kin.4ASD_THR01A1076_003
2026-03-30 04:57:58 - INFO: step3.py, pbe: Skipping PBE solver for non-charge conformer (497/709) ILE01A1077_001...
2026-03-30 04:57:58 - INFO: step3.py, pbe: Skipping PBE solver for non-charge conformer (498/709) PHE01A1078_001...
2026-03-30 04:57:58 - INFO: step3.py, pbe: ForkPoolWorker-1: Calling delphi to calculate conformer (499/709) ASP01A1079_001 in /tmp/pbe_data.data.home.schowdhury.Project_kinases.cof_tpl_mg.run_kin.4ASD_ASP01A1079_001
2026-03-30 04:58:03 - INFO: step3.py, pbe: ForkPoolWorker-1: Calling delphi to calculate conformer (500/709) ASP01A1079_002 in /tmp/pbe_data.data.home.schowdhury.Project_kinases.cof_tpl_mg.run_kin.4ASD_ASP01A1079_002
2026-03-30 04:58:08 - INFO: step3.py, pbe: ForkPoolWorker-1: Calling delphi to calculate conformer (501/709) ASP02A1079_003 in /tmp/pbe_data.data.home.schowdhury.Project_kinases.cof_tpl_mg.run_kin.4ASD_ASP02A1079_003
2026-03-30 04:58:12 - INFO: step3.py, pbe: ForkPoolWorker-1: Calling delphi to calculate conformer (502/709) ASP02A1079_004 in /tmp/pbe_data.data.home.schowdhury.Project_kinases.cof_tpl_mg.run_kin.4ASD_ASP02A1079_004
2026-03-30 04:58:17 - INFO: step3.py, pbe: ForkPoolWorker-1: Calling delphi to calculate conformer (503/709) ASP-1A1079_005 in /tmp/pbe_data.data.home.schowdhury.Project_kinases.cof_tpl_mg.run_kin.4ASD_ASP-1A1079_005
2026-03-30 04:58:21 - INFO: step3.py, pbe: ForkPoolWorker-1: Calling delphi to calculate conformer (504/709) ARG01A1080_001 in /tmp/pbe_data.data.home.schowdhury.Project_kinases.cof_tpl_mg.run_kin.4ASD_ARG01A1080_001
2026-03-30 04:58:26 - INFO: step3.py, pbe: ForkPoolWorker-1: Calling delphi to calculate conformer (505/709) ARG02A1080_002 in /tmp/pbe_data.data.home.schowdhury.Project_kinases.cof_tpl_mg.run_kin.4ASD_ARG02A1080_002
2026-03-30 04:58:31 - INFO: step3.py, pbe: ForkPoolWorker-1: Calling delphi to calculate conformer (506/709) ARG03A1080_003 in /tmp/pbe_data.data.home.schowdhury.Project_kinases.cof_tpl_mg.run_kin.4ASD_ARG03A1080_003
2026-03-30 04:58:36 - INFO: step3.py, pbe: ForkPoolWorker-1: Calling delphi to calculate conformer (507/709) ARG+1A1080_004 in /tmp/pbe_data.data.home.schowdhury.Project_kinases.cof_tpl_mg.run_kin.4ASD_ARG+1A1080_004
2026-03-30 04:58:40 - INFO: step3.py, pbe: Skipping PBE solver for non-charge conformer (508/709) VAL01A1081_001...
2026-03-30 04:58:40 - INFO: step3.py, pbe: ForkPoolWorker-1: Calling delphi to calculate conformer (509/709) TYR01A1082_001 in /tmp/pbe_data.data.home.schowdhury.Project_kinases.cof_tpl_mg.run_kin.4ASD_TYR01A1082_001
2026-03-30 04:58:45 - INFO: step3.py, pbe: ForkPoolWorker-1: Calling delphi to calculate conformer (510/709) TYR01A1082_002 in /tmp/pbe_data.data.home.schowdhury.Project_kinases.cof_tpl_mg.run_kin.4ASD_TYR01A1082_002
2026-03-30 04:58:49 - INFO: step3.py, pbe: ForkPoolWorker-1: Calling delphi to calculate conformer (511/709) TYR-1A1082_003 in /tmp/pbe_data.data.home.schowdhury.Project_kinases.cof_tpl_mg.run_kin.4ASD_TYR-1A1082_003
2026-03-30 04:58:54 - INFO: step3.py, pbe: ForkPoolWorker-1: Calling delphi to calculate conformer (512/709) THR01A1083_001 in /tmp/pbe_data.data.home.schowdhury.Project_kinases.cof_tpl_mg.run_kin.4ASD_THR01A1083_001
2026-03-30 04:58:59 - INFO: step3.py, pbe: ForkPoolWorker-1: Calling delphi to calculate conformer (513/709) THR01A1083_002 in /tmp/pbe_data.data.home.schowdhury.Project_kinases.cof_tpl_mg.run_kin.4ASD_THR01A1083_002
2026-03-30 04:59:04 - INFO: step3.py, pbe: Skipping PBE solver for non-charge conformer (514/709) ILE01A1084_001...
2026-03-30 04:59:04 - INFO: step3.py, pbe: ForkPoolWorker-1: Calling delphi to calculate conformer (515/709) GLN01A1085_001 in /tmp/pbe_data.data.home.schowdhury.Project_kinases.cof_tpl_mg.run_kin.4ASD_GLN01A1085_001
2026-03-30 04:59:08 - INFO: step3.py, pbe: ForkPoolWorker-1: Calling delphi to calculate conformer (516/709) GLN01A1085_002 in /tmp/pbe_data.data.home.schowdhury.Project_kinases.cof_tpl_mg.run_kin.4ASD_GLN01A1085_002
2026-03-30 04:59:13 - INFO: step3.py, pbe: ForkPoolWorker-1: Calling delphi to calculate conformer (517/709) SER01A1086_001 in /tmp/pbe_data.data.home.schowdhury.Project_kinases.cof_tpl_mg.run_kin.4ASD_SER01A1086_001
2026-03-30 04:59:17 - INFO: step3.py, pbe: ForkPoolWorker-1: Calling delphi to calculate conformer (518/709) ASP01A1087_001 in /tmp/pbe_data.data.home.schowdhury.Project_kinases.cof_tpl_mg.run_kin.4ASD_ASP01A1087_001
2026-03-30 04:59:22 - INFO: step3.py, pbe: ForkPoolWorker-1: Calling delphi to calculate conformer (519/709) ASP01A1087_002 in /tmp/pbe_data.data.home.schowdhury.Project_kinases.cof_tpl_mg.run_kin.4ASD_ASP01A1087_002
2026-03-30 04:59:27 - INFO: step3.py, pbe: ForkPoolWorker-1: Calling delphi to calculate conformer (520/709) ASP02A1087_003 in /tmp/pbe_data.data.home.schowdhury.Project_kinases.cof_tpl_mg.run_kin.4ASD_ASP02A1087_003
2026-03-30 04:59:32 - INFO: step3.py, pbe: ForkPoolWorker-1: Calling delphi to calculate conformer (521/709) ASP02A1087_004 in /tmp/pbe_data.data.home.schowdhury.Project_kinases.cof_tpl_mg.run_kin.4ASD_ASP02A1087_004
2026-03-30 04:59:36 - INFO: step3.py, pbe: ForkPoolWorker-1: Calling delphi to calculate conformer (522/709) ASP-1A1087_005 in /tmp/pbe_data.data.home.schowdhury.Project_kinases.cof_tpl_mg.run_kin.4ASD_ASP-1A1087_005
2026-03-30 04:59:41 - INFO: step3.py, pbe: Skipping PBE solver for non-charge conformer (523/709) VAL01A1088_001...
2026-03-30 04:59:41 - INFO: step3.py, pbe: Skipping PBE solver for non-charge conformer (524/709) TRP01A1089_001...
2026-03-30 04:59:41 - INFO: step3.py, pbe: ForkPoolWorker-1: Calling delphi to calculate conformer (525/709) SER01A1090_001 in /tmp/pbe_data.data.home.schowdhury.Project_kinases.cof_tpl_mg.run_kin.4ASD_SER01A1090_001
2026-03-30 04:59:46 - INFO: step3.py, pbe: ForkPoolWorker-1: Calling delphi to calculate conformer (526/709) SER01A1090_002 in /tmp/pbe_data.data.home.schowdhury.Project_kinases.cof_tpl_mg.run_kin.4ASD_SER01A1090_002
2026-03-30 04:59:50 - INFO: step3.py, pbe: Skipping PBE solver for non-charge conformer (527/709) PHE01A1091_001...
2026-03-30 04:59:50 - INFO: step3.py, pbe: Skipping PBE solver for non-charge conformer (528/709) VAL01A1093_001...
2026-03-30 04:59:50 - INFO: step3.py, pbe: Skipping PBE solver for non-charge conformer (529/709) LEU01A1094_001...
2026-03-30 04:59:50 - INFO: step3.py, pbe: Skipping PBE solver for non-charge conformer (530/709) LEU01A1095_001...
2026-03-30 04:59:50 - INFO: step3.py, pbe: Skipping PBE solver for non-charge conformer (531/709) TRP01A1096_001...
2026-03-30 04:59:50 - INFO: step3.py, pbe: ForkPoolWorker-1: Calling delphi to calculate conformer (532/709) GLU01A1097_001 in /tmp/pbe_data.data.home.schowdhury.Project_kinases.cof_tpl_mg.run_kin.4ASD_GLU01A1097_001
2026-03-30 04:59:55 - INFO: step3.py, pbe: ForkPoolWorker-1: Calling delphi to calculate conformer (533/709) GLU01A1097_002 in /tmp/pbe_data.data.home.schowdhury.Project_kinases.cof_tpl_mg.run_kin.4ASD_GLU01A1097_002
2026-03-30 05:00:00 - INFO: step3.py, pbe: ForkPoolWorker-1: Calling delphi to calculate conformer (534/709) GLU02A1097_003 in /tmp/pbe_data.data.home.schowdhury.Project_kinases.cof_tpl_mg.run_kin.4ASD_GLU02A1097_003
2026-03-30 05:00:05 - INFO: step3.py, pbe: ForkPoolWorker-1: Calling delphi to calculate conformer (535/709) GLU02A1097_004 in /tmp/pbe_data.data.home.schowdhury.Project_kinases.cof_tpl_mg.run_kin.4ASD_GLU02A1097_004
2026-03-30 05:00:09 - INFO: step3.py, pbe: ForkPoolWorker-1: Calling delphi to calculate conformer (536/709) GLU-1A1097_005 in /tmp/pbe_data.data.home.schowdhury.Project_kinases.cof_tpl_mg.run_kin.4ASD_GLU-1A1097_005
2026-03-30 05:00:14 - INFO: step3.py, pbe: Skipping PBE solver for non-charge conformer (537/709) ILE01A1098_001...
2026-03-30 05:00:14 - INFO: step3.py, pbe: Skipping PBE solver for non-charge conformer (538/709) PHE01A1099_001...
2026-03-30 05:00:14 - INFO: step3.py, pbe: ForkPoolWorker-1: Calling delphi to calculate conformer (539/709) SER01A1100_001 in /tmp/pbe_data.data.home.schowdhury.Project_kinases.cof_tpl_mg.run_kin.4ASD_SER01A1100_001
2026-03-30 05:00:19 - INFO: step3.py, pbe: ForkPoolWorker-1: Calling delphi to calculate conformer (540/709) SER01A1100_002 in /tmp/pbe_data.data.home.schowdhury.Project_kinases.cof_tpl_mg.run_kin.4ASD_SER01A1100_002
2026-03-30 05:00:24 - INFO: step3.py, pbe: ForkPoolWorker-1: Calling delphi to calculate conformer (541/709) SER01A1100_003 in /tmp/pbe_data.data.home.schowdhury.Project_kinases.cof_tpl_mg.run_kin.4ASD_SER01A1100_003
2026-03-30 05:00:28 - INFO: step3.py, pbe: Skipping PBE solver for non-charge conformer (542/709) LEU01A1101_001...
2026-03-30 05:00:28 - INFO: step3.py, pbe: Skipping PBE solver for non-charge conformer (543/709) ALA01A1103_001...
2026-03-30 05:00:28 - INFO: step3.py, pbe: ForkPoolWorker-1: Calling delphi to calculate conformer (544/709) SER01A1104_001 in /tmp/pbe_data.data.home.schowdhury.Project_kinases.cof_tpl_mg.run_kin.4ASD_SER01A1104_001
2026-03-30 05:00:33 - INFO: step3.py, pbe: ForkPoolWorker-1: Calling delphi to calculate conformer (545/709) SER01A1104_002 in /tmp/pbe_data.data.home.schowdhury.Project_kinases.cof_tpl_mg.run_kin.4ASD_SER01A1104_002
2026-03-30 05:00:37 - INFO: step3.py, pbe: Skipping PBE solver for non-charge conformer (546/709) PRO01A1105_001...
2026-03-30 05:00:37 - INFO: step3.py, pbe: ForkPoolWorker-1: Calling delphi to calculate conformer (547/709) TYR01A1106_001 in /tmp/pbe_data.data.home.schowdhury.Project_kinases.cof_tpl_mg.run_kin.4ASD_TYR01A1106_001
2026-03-30 05:00:42 - INFO: step3.py, pbe: ForkPoolWorker-1: Calling delphi to calculate conformer (548/709) TYR-1A1106_002 in /tmp/pbe_data.data.home.schowdhury.Project_kinases.cof_tpl_mg.run_kin.4ASD_TYR-1A1106_002
2026-03-30 05:00:47 - INFO: step3.py, pbe: Skipping PBE solver for non-charge conformer (549/709) PRO01A1107_001...
2026-03-30 05:00:47 - INFO: step3.py, pbe: Skipping PBE solver for non-charge conformer (550/709) VAL01A1109_001...
2026-03-30 05:00:47 - INFO: step3.py, pbe: ForkPoolWorker-1: Calling delphi to calculate conformer (551/709) LYS01A1110_001 in /tmp/pbe_data.data.home.schowdhury.Project_kinases.cof_tpl_mg.run_kin.4ASD_LYS01A1110_001
2026-03-30 05:00:52 - INFO: step3.py, pbe: ForkPoolWorker-1: Calling delphi to calculate conformer (552/709) LYS+1A1110_002 in /tmp/pbe_data.data.home.schowdhury.Project_kinases.cof_tpl_mg.run_kin.4ASD_LYS+1A1110_002
2026-03-30 05:00:56 - INFO: step3.py, pbe: Skipping PBE solver for non-charge conformer (553/709) ILE01A1111_001...
2026-03-30 05:00:56 - INFO: step3.py, pbe: ForkPoolWorker-1: Calling delphi to calculate conformer (554/709) ASP01A1112_001 in /tmp/pbe_data.data.home.schowdhury.Project_kinases.cof_tpl_mg.run_kin.4ASD_ASP01A1112_001
2026-03-30 05:01:01 - INFO: step3.py, pbe: ForkPoolWorker-1: Calling delphi to calculate conformer (555/709) ASP01A1112_002 in /tmp/pbe_data.data.home.schowdhury.Project_kinases.cof_tpl_mg.run_kin.4ASD_ASP01A1112_002
2026-03-30 05:01:05 - INFO: step3.py, pbe: ForkPoolWorker-1: Calling delphi to calculate conformer (556/709) ASP02A1112_003 in /tmp/pbe_data.data.home.schowdhury.Project_kinases.cof_tpl_mg.run_kin.4ASD_ASP02A1112_003
2026-03-30 05:01:10 - INFO: step3.py, pbe: ForkPoolWorker-1: Calling delphi to calculate conformer (557/709) ASP02A1112_004 in /tmp/pbe_data.data.home.schowdhury.Project_kinases.cof_tpl_mg.run_kin.4ASD_ASP02A1112_004
2026-03-30 05:01:15 - INFO: step3.py, pbe: ForkPoolWorker-1: Calling delphi to calculate conformer (558/709) ASP-1A1112_005 in /tmp/pbe_data.data.home.schowdhury.Project_kinases.cof_tpl_mg.run_kin.4ASD_ASP-1A1112_005
2026-03-30 05:01:19 - INFO: step3.py, pbe: ForkPoolWorker-1: Calling delphi to calculate conformer (559/709) GLU01A1113_001 in /tmp/pbe_data.data.home.schowdhury.Project_kinases.cof_tpl_mg.run_kin.4ASD_GLU01A1113_001
2026-03-30 05:01:24 - INFO: step3.py, pbe: ForkPoolWorker-1: Calling delphi to calculate conformer (560/709) GLU01A1113_002 in /tmp/pbe_data.data.home.schowdhury.Project_kinases.cof_tpl_mg.run_kin.4ASD_GLU01A1113_002
2026-03-30 05:01:28 - INFO: step3.py, pbe: ForkPoolWorker-1: Calling delphi to calculate conformer (561/709) GLU02A1113_003 in /tmp/pbe_data.data.home.schowdhury.Project_kinases.cof_tpl_mg.run_kin.4ASD_GLU02A1113_003
2026-03-30 05:01:33 - INFO: step3.py, pbe: ForkPoolWorker-1: Calling delphi to calculate conformer (562/709) GLU02A1113_004 in /tmp/pbe_data.data.home.schowdhury.Project_kinases.cof_tpl_mg.run_kin.4ASD_GLU02A1113_004
2026-03-30 05:01:38 - INFO: step3.py, pbe: ForkPoolWorker-1: Calling delphi to calculate conformer (563/709) GLU-1A1113_005 in /tmp/pbe_data.data.home.schowdhury.Project_kinases.cof_tpl_mg.run_kin.4ASD_GLU-1A1113_005
2026-03-30 05:01:42 - INFO: step3.py, pbe: ForkPoolWorker-1: Calling delphi to calculate conformer (564/709) GLU01A1114_001 in /tmp/pbe_data.data.home.schowdhury.Project_kinases.cof_tpl_mg.run_kin.4ASD_GLU01A1114_001
2026-03-30 05:01:47 - INFO: step3.py, pbe: ForkPoolWorker-1: Calling delphi to calculate conformer (565/709) GLU01A1114_002 in /tmp/pbe_data.data.home.schowdhury.Project_kinases.cof_tpl_mg.run_kin.4ASD_GLU01A1114_002
2026-03-30 05:01:52 - INFO: step3.py, pbe: ForkPoolWorker-1: Calling delphi to calculate conformer (566/709) GLU01A1114_003 in /tmp/pbe_data.data.home.schowdhury.Project_kinases.cof_tpl_mg.run_kin.4ASD_GLU01A1114_003
2026-03-30 05:01:56 - INFO: step3.py, pbe: ForkPoolWorker-1: Calling delphi to calculate conformer (567/709) GLU01A1114_004 in /tmp/pbe_data.data.home.schowdhury.Project_kinases.cof_tpl_mg.run_kin.4ASD_GLU01A1114_004
2026-03-30 05:02:01 - INFO: step3.py, pbe: ForkPoolWorker-1: Calling delphi to calculate conformer (568/709) GLU02A1114_005 in /tmp/pbe_data.data.home.schowdhury.Project_kinases.cof_tpl_mg.run_kin.4ASD_GLU02A1114_005
2026-03-30 05:02:05 - INFO: step3.py, pbe: ForkPoolWorker-1: Calling delphi to calculate conformer (569/709) GLU02A1114_006 in /tmp/pbe_data.data.home.schowdhury.Project_kinases.cof_tpl_mg.run_kin.4ASD_GLU02A1114_006
2026-03-30 05:02:10 - INFO: step3.py, pbe: ForkPoolWorker-1: Calling delphi to calculate conformer (570/709) GLU02A1114_007 in /tmp/pbe_data.data.home.schowdhury.Project_kinases.cof_tpl_mg.run_kin.4ASD_GLU02A1114_007
2026-03-30 05:02:14 - INFO: step3.py, pbe: ForkPoolWorker-1: Calling delphi to calculate conformer (571/709) GLU02A1114_008 in /tmp/pbe_data.data.home.schowdhury.Project_kinases.cof_tpl_mg.run_kin.4ASD_GLU02A1114_008
2026-03-30 05:02:19 - INFO: step3.py, pbe: ForkPoolWorker-1: Calling delphi to calculate conformer (572/709) GLU-1A1114_009 in /tmp/pbe_data.data.home.schowdhury.Project_kinases.cof_tpl_mg.run_kin.4ASD_GLU-1A1114_009
2026-03-30 05:02:24 - INFO: step3.py, pbe: ForkPoolWorker-1: Calling delphi to calculate conformer (573/709) GLU-1A1114_010 in /tmp/pbe_data.data.home.schowdhury.Project_kinases.cof_tpl_mg.run_kin.4ASD_GLU-1A1114_010
2026-03-30 05:02:28 - INFO: step3.py, pbe: Skipping PBE solver for non-charge conformer (574/709) PHE01A1115_001...
2026-03-30 05:02:28 - INFO: step3.py, pbe: ForkPoolWorker-1: Calling delphi to calculate conformer (575/709) CYS01A1116_001 in /tmp/pbe_data.data.home.schowdhury.Project_kinases.cof_tpl_mg.run_kin.4ASD_CYS01A1116_001
2026-03-30 05:02:33 - INFO: step3.py, pbe: ForkPoolWorker-1: Calling delphi to calculate conformer (576/709) CYS01A1116_002 in /tmp/pbe_data.data.home.schowdhury.Project_kinases.cof_tpl_mg.run_kin.4ASD_CYS01A1116_002
2026-03-30 05:02:37 - INFO: step3.py, pbe: ForkPoolWorker-1: Calling delphi to calculate conformer (577/709) CYS01A1116_003 in /tmp/pbe_data.data.home.schowdhury.Project_kinases.cof_tpl_mg.run_kin.4ASD_CYS01A1116_003
2026-03-30 05:02:42 - INFO: step3.py, pbe: ForkPoolWorker-1: Calling delphi to calculate conformer (578/709) CYS-1A1116_004 in /tmp/pbe_data.data.home.schowdhury.Project_kinases.cof_tpl_mg.run_kin.4ASD_CYS-1A1116_004
2026-03-30 05:02:46 - INFO: step3.py, pbe: ForkPoolWorker-1: Calling delphi to calculate conformer (579/709) ARG01A1117_001 in /tmp/pbe_data.data.home.schowdhury.Project_kinases.cof_tpl_mg.run_kin.4ASD_ARG01A1117_001
2026-03-30 05:02:51 - INFO: step3.py, pbe: ForkPoolWorker-1: Calling delphi to calculate conformer (580/709) ARG02A1117_002 in /tmp/pbe_data.data.home.schowdhury.Project_kinases.cof_tpl_mg.run_kin.4ASD_ARG02A1117_002
2026-03-30 05:02:56 - INFO: step3.py, pbe: ForkPoolWorker-1: Calling delphi to calculate conformer (581/709) ARG02A1117_003 in /tmp/pbe_data.data.home.schowdhury.Project_kinases.cof_tpl_mg.run_kin.4ASD_ARG02A1117_003
2026-03-30 05:03:00 - INFO: step3.py, pbe: ForkPoolWorker-1: Calling delphi to calculate conformer (582/709) ARG03A1117_004 in /tmp/pbe_data.data.home.schowdhury.Project_kinases.cof_tpl_mg.run_kin.4ASD_ARG03A1117_004
2026-03-30 05:03:05 - INFO: step3.py, pbe: ForkPoolWorker-1: Calling delphi to calculate conformer (583/709) ARG03A1117_005 in /tmp/pbe_data.data.home.schowdhury.Project_kinases.cof_tpl_mg.run_kin.4ASD_ARG03A1117_005
2026-03-30 05:03:09 - INFO: step3.py, pbe: ForkPoolWorker-1: Calling delphi to calculate conformer (584/709) ARG+1A1117_006 in /tmp/pbe_data.data.home.schowdhury.Project_kinases.cof_tpl_mg.run_kin.4ASD_ARG+1A1117_006
2026-03-30 05:03:14 - INFO: step3.py, pbe: ForkPoolWorker-1: Calling delphi to calculate conformer (585/709) ARG01A1118_001 in /tmp/pbe_data.data.home.schowdhury.Project_kinases.cof_tpl_mg.run_kin.4ASD_ARG01A1118_001
2026-03-30 05:03:18 - INFO: step3.py, pbe: ForkPoolWorker-1: Calling delphi to calculate conformer (586/709) ARG02A1118_002 in /tmp/pbe_data.data.home.schowdhury.Project_kinases.cof_tpl_mg.run_kin.4ASD_ARG02A1118_002
2026-03-30 05:03:23 - INFO: step3.py, pbe: ForkPoolWorker-1: Calling delphi to calculate conformer (587/709) ARG03A1118_003 in /tmp/pbe_data.data.home.schowdhury.Project_kinases.cof_tpl_mg.run_kin.4ASD_ARG03A1118_003
2026-03-30 05:03:28 - INFO: step3.py, pbe: ForkPoolWorker-1: Calling delphi to calculate conformer (588/709) ARG+1A1118_004 in /tmp/pbe_data.data.home.schowdhury.Project_kinases.cof_tpl_mg.run_kin.4ASD_ARG+1A1118_004
2026-03-30 05:03:32 - INFO: step3.py, pbe: Skipping PBE solver for non-charge conformer (589/709) LEU01A1119_001...
2026-03-30 05:03:32 - INFO: step3.py, pbe: ForkPoolWorker-1: Calling delphi to calculate conformer (590/709) LYS01A1120_001 in /tmp/pbe_data.data.home.schowdhury.Project_kinases.cof_tpl_mg.run_kin.4ASD_LYS01A1120_001
2026-03-30 05:03:37 - INFO: step3.py, pbe: ForkPoolWorker-1: Calling delphi to calculate conformer (591/709) LYS+1A1120_002 in /tmp/pbe_data.data.home.schowdhury.Project_kinases.cof_tpl_mg.run_kin.4ASD_LYS+1A1120_002
2026-03-30 05:03:41 - INFO: step3.py, pbe: ForkPoolWorker-1: Calling delphi to calculate conformer (592/709) GLU01A1121_001 in /tmp/pbe_data.data.home.schowdhury.Project_kinases.cof_tpl_mg.run_kin.4ASD_GLU01A1121_001
2026-03-30 05:03:46 - INFO: step3.py, pbe: ForkPoolWorker-1: Calling delphi to calculate conformer (593/709) GLU01A1121_002 in /tmp/pbe_data.data.home.schowdhury.Project_kinases.cof_tpl_mg.run_kin.4ASD_GLU01A1121_002
2026-03-30 05:03:50 - INFO: step3.py, pbe: ForkPoolWorker-1: Calling delphi to calculate conformer (594/709) GLU02A1121_003 in /tmp/pbe_data.data.home.schowdhury.Project_kinases.cof_tpl_mg.run_kin.4ASD_GLU02A1121_003
2026-03-30 05:03:55 - INFO: step3.py, pbe: ForkPoolWorker-1: Calling delphi to calculate conformer (595/709) GLU02A1121_004 in /tmp/pbe_data.data.home.schowdhury.Project_kinases.cof_tpl_mg.run_kin.4ASD_GLU02A1121_004
2026-03-30 05:03:59 - INFO: step3.py, pbe: ForkPoolWorker-1: Calling delphi to calculate conformer (596/709) GLU-1A1121_005 in /tmp/pbe_data.data.home.schowdhury.Project_kinases.cof_tpl_mg.run_kin.4ASD_GLU-1A1121_005
2026-03-30 05:04:04 - INFO: step3.py, pbe: ForkPoolWorker-1: Calling delphi to calculate conformer (597/709) THR01A1123_001 in /tmp/pbe_data.data.home.schowdhury.Project_kinases.cof_tpl_mg.run_kin.4ASD_THR01A1123_001
2026-03-30 05:04:08 - INFO: step3.py, pbe: ForkPoolWorker-1: Calling delphi to calculate conformer (598/709) THR01A1123_002 in /tmp/pbe_data.data.home.schowdhury.Project_kinases.cof_tpl_mg.run_kin.4ASD_THR01A1123_002
2026-03-30 05:04:13 - INFO: step3.py, pbe: ForkPoolWorker-1: Calling delphi to calculate conformer (599/709) ARG01A1124_001 in /tmp/pbe_data.data.home.schowdhury.Project_kinases.cof_tpl_mg.run_kin.4ASD_ARG01A1124_001
2026-03-30 05:04:18 - INFO: step3.py, pbe: ForkPoolWorker-1: Calling delphi to calculate conformer (600/709) ARG02A1124_002 in /tmp/pbe_data.data.home.schowdhury.Project_kinases.cof_tpl_mg.run_kin.4ASD_ARG02A1124_002
2026-03-30 05:04:22 - INFO: step3.py, pbe: ForkPoolWorker-1: Calling delphi to calculate conformer (601/709) ARG02A1124_003 in /tmp/pbe_data.data.home.schowdhury.Project_kinases.cof_tpl_mg.run_kin.4ASD_ARG02A1124_003
2026-03-30 05:04:27 - INFO: step3.py, pbe: ForkPoolWorker-1: Calling delphi to calculate conformer (602/709) ARG03A1124_004 in /tmp/pbe_data.data.home.schowdhury.Project_kinases.cof_tpl_mg.run_kin.4ASD_ARG03A1124_004
2026-03-30 05:04:31 - INFO: step3.py, pbe: ForkPoolWorker-1: Calling delphi to calculate conformer (603/709) ARG+1A1124_005 in /tmp/pbe_data.data.home.schowdhury.Project_kinases.cof_tpl_mg.run_kin.4ASD_ARG+1A1124_005
2026-03-30 05:04:36 - INFO: step3.py, pbe: ForkPoolWorker-1: Calling delphi to calculate conformer (604/709) MET01A1125_001 in /tmp/pbe_data.data.home.schowdhury.Project_kinases.cof_tpl_mg.run_kin.4ASD_MET01A1125_001
2026-03-30 05:04:41 - INFO: step3.py, pbe: ForkPoolWorker-1: Calling delphi to calculate conformer (605/709) ARG01A1126_001 in /tmp/pbe_data.data.home.schowdhury.Project_kinases.cof_tpl_mg.run_kin.4ASD_ARG01A1126_001
2026-03-30 05:04:45 - INFO: step3.py, pbe: ForkPoolWorker-1: Calling delphi to calculate conformer (606/709) ARG02A1126_002 in /tmp/pbe_data.data.home.schowdhury.Project_kinases.cof_tpl_mg.run_kin.4ASD_ARG02A1126_002
2026-03-30 05:04:50 - INFO: step3.py, pbe: ForkPoolWorker-1: Calling delphi to calculate conformer (607/709) ARG03A1126_003 in /tmp/pbe_data.data.home.schowdhury.Project_kinases.cof_tpl_mg.run_kin.4ASD_ARG03A1126_003
2026-03-30 05:04:55 - INFO: step3.py, pbe: ForkPoolWorker-1: Calling delphi to calculate conformer (608/709) ARG+1A1126_004 in /tmp/pbe_data.data.home.schowdhury.Project_kinases.cof_tpl_mg.run_kin.4ASD_ARG+1A1126_004
2026-03-30 05:04:59 - INFO: step3.py, pbe: Skipping PBE solver for non-charge conformer (609/709) ALA01A1127_001...
2026-03-30 05:04:59 - INFO: step3.py, pbe: Skipping PBE solver for non-charge conformer (610/709) PRO01A1128_001...
2026-03-30 05:04:59 - INFO: step3.py, pbe: ForkPoolWorker-1: Calling delphi to calculate conformer (611/709) ASP01A1129_001 in /tmp/pbe_data.data.home.schowdhury.Project_kinases.cof_tpl_mg.run_kin.4ASD_ASP01A1129_001
2026-03-30 05:05:04 - INFO: step3.py, pbe: ForkPoolWorker-1: Calling delphi to calculate conformer (612/709) ASP01A1129_002 in /tmp/pbe_data.data.home.schowdhury.Project_kinases.cof_tpl_mg.run_kin.4ASD_ASP01A1129_002
2026-03-30 05:05:08 - INFO: step3.py, pbe: ForkPoolWorker-1: Calling delphi to calculate conformer (613/709) ASP02A1129_003 in /tmp/pbe_data.data.home.schowdhury.Project_kinases.cof_tpl_mg.run_kin.4ASD_ASP02A1129_003
2026-03-30 05:05:13 - INFO: step3.py, pbe: ForkPoolWorker-1: Calling delphi to calculate conformer (614/709) ASP02A1129_004 in /tmp/pbe_data.data.home.schowdhury.Project_kinases.cof_tpl_mg.run_kin.4ASD_ASP02A1129_004
2026-03-30 05:05:18 - INFO: step3.py, pbe: ForkPoolWorker-1: Calling delphi to calculate conformer (615/709) ASP-1A1129_005 in /tmp/pbe_data.data.home.schowdhury.Project_kinases.cof_tpl_mg.run_kin.4ASD_ASP-1A1129_005
2026-03-30 05:05:23 - INFO: step3.py, pbe: ForkPoolWorker-1: Calling delphi to calculate conformer (616/709) TYR01A1130_001 in /tmp/pbe_data.data.home.schowdhury.Project_kinases.cof_tpl_mg.run_kin.4ASD_TYR01A1130_001
2026-03-30 05:05:27 - INFO: step3.py, pbe: ForkPoolWorker-1: Calling delphi to calculate conformer (617/709) TYR01A1130_002 in /tmp/pbe_data.data.home.schowdhury.Project_kinases.cof_tpl_mg.run_kin.4ASD_TYR01A1130_002
2026-03-30 05:05:32 - INFO: step3.py, pbe: ForkPoolWorker-1: Calling delphi to calculate conformer (618/709) TYR-1A1130_003 in /tmp/pbe_data.data.home.schowdhury.Project_kinases.cof_tpl_mg.run_kin.4ASD_TYR-1A1130_003
2026-03-30 05:05:36 - INFO: step3.py, pbe: ForkPoolWorker-1: Calling delphi to calculate conformer (619/709) THR01A1131_001 in /tmp/pbe_data.data.home.schowdhury.Project_kinases.cof_tpl_mg.run_kin.4ASD_THR01A1131_001
2026-03-30 05:05:41 - INFO: step3.py, pbe: ForkPoolWorker-1: Calling delphi to calculate conformer (620/709) THR01A1131_002 in /tmp/pbe_data.data.home.schowdhury.Project_kinases.cof_tpl_mg.run_kin.4ASD_THR01A1131_002
2026-03-30 05:05:46 - INFO: step3.py, pbe: ForkPoolWorker-1: Calling delphi to calculate conformer (621/709) THR01A1132_001 in /tmp/pbe_data.data.home.schowdhury.Project_kinases.cof_tpl_mg.run_kin.4ASD_THR01A1132_001
2026-03-30 05:05:50 - INFO: step3.py, pbe: ForkPoolWorker-1: Calling delphi to calculate conformer (622/709) THR01A1132_002 in /tmp/pbe_data.data.home.schowdhury.Project_kinases.cof_tpl_mg.run_kin.4ASD_THR01A1132_002
2026-03-30 05:05:55 - INFO: step3.py, pbe: ForkPoolWorker-1: Calling delphi to calculate conformer (623/709) THR01A1132_003 in /tmp/pbe_data.data.home.schowdhury.Project_kinases.cof_tpl_mg.run_kin.4ASD_THR01A1132_003
2026-03-30 05:05:59 - INFO: step3.py, pbe: Skipping PBE solver for non-charge conformer (624/709) PRO01A1133_001...
2026-03-30 05:06:00 - INFO: step3.py, pbe: ForkPoolWorker-1: Calling delphi to calculate conformer (625/709) GLU01A1134_001 in /tmp/pbe_data.data.home.schowdhury.Project_kinases.cof_tpl_mg.run_kin.4ASD_GLU01A1134_001
2026-03-30 05:06:04 - INFO: step3.py, pbe: ForkPoolWorker-1: Calling delphi to calculate conformer (626/709) GLU01A1134_002 in /tmp/pbe_data.data.home.schowdhury.Project_kinases.cof_tpl_mg.run_kin.4ASD_GLU01A1134_002
2026-03-30 05:06:08 - INFO: step3.py, pbe: ForkPoolWorker-1: Calling delphi to calculate conformer (627/709) GLU02A1134_003 in /tmp/pbe_data.data.home.schowdhury.Project_kinases.cof_tpl_mg.run_kin.4ASD_GLU02A1134_003
2026-03-30 05:06:13 - INFO: step3.py, pbe: ForkPoolWorker-1: Calling delphi to calculate conformer (628/709) GLU02A1134_004 in /tmp/pbe_data.data.home.schowdhury.Project_kinases.cof_tpl_mg.run_kin.4ASD_GLU02A1134_004
2026-03-30 05:06:18 - INFO: step3.py, pbe: ForkPoolWorker-1: Calling delphi to calculate conformer (629/709) GLU-1A1134_005 in /tmp/pbe_data.data.home.schowdhury.Project_kinases.cof_tpl_mg.run_kin.4ASD_GLU-1A1134_005
2026-03-30 05:06:22 - INFO: step3.py, pbe: ForkPoolWorker-1: Calling delphi to calculate conformer (630/709) MET01A1135_001 in /tmp/pbe_data.data.home.schowdhury.Project_kinases.cof_tpl_mg.run_kin.4ASD_MET01A1135_001
2026-03-30 05:06:27 - INFO: step3.py, pbe: ForkPoolWorker-1: Calling delphi to calculate conformer (631/709) TYR01A1136_001 in /tmp/pbe_data.data.home.schowdhury.Project_kinases.cof_tpl_mg.run_kin.4ASD_TYR01A1136_001
2026-03-30 05:06:32 - INFO: step3.py, pbe: ForkPoolWorker-1: Calling delphi to calculate conformer (632/709) TYR01A1136_002 in /tmp/pbe_data.data.home.schowdhury.Project_kinases.cof_tpl_mg.run_kin.4ASD_TYR01A1136_002
2026-03-30 05:06:36 - INFO: step3.py, pbe: ForkPoolWorker-1: Calling delphi to calculate conformer (633/709) TYR-1A1136_003 in /tmp/pbe_data.data.home.schowdhury.Project_kinases.cof_tpl_mg.run_kin.4ASD_TYR-1A1136_003
2026-03-30 05:06:41 - INFO: step3.py, pbe: ForkPoolWorker-1: Calling delphi to calculate conformer (634/709) GLN01A1137_001 in /tmp/pbe_data.data.home.schowdhury.Project_kinases.cof_tpl_mg.run_kin.4ASD_GLN01A1137_001
2026-03-30 05:06:45 - INFO: step3.py, pbe: ForkPoolWorker-1: Calling delphi to calculate conformer (635/709) GLN01A1137_002 in /tmp/pbe_data.data.home.schowdhury.Project_kinases.cof_tpl_mg.run_kin.4ASD_GLN01A1137_002
2026-03-30 05:06:50 - INFO: step3.py, pbe: ForkPoolWorker-1: Calling delphi to calculate conformer (636/709) THR01A1138_001 in /tmp/pbe_data.data.home.schowdhury.Project_kinases.cof_tpl_mg.run_kin.4ASD_THR01A1138_001
2026-03-30 05:06:55 - INFO: step3.py, pbe: ForkPoolWorker-1: Calling delphi to calculate conformer (637/709) THR01A1138_002 in /tmp/pbe_data.data.home.schowdhury.Project_kinases.cof_tpl_mg.run_kin.4ASD_THR01A1138_002
2026-03-30 05:06:59 - INFO: step3.py, pbe: ForkPoolWorker-1: Calling delphi to calculate conformer (638/709) THR01A1138_003 in /tmp/pbe_data.data.home.schowdhury.Project_kinases.cof_tpl_mg.run_kin.4ASD_THR01A1138_003
2026-03-30 05:07:04 - INFO: step3.py, pbe: ForkPoolWorker-1: Calling delphi to calculate conformer (639/709) MET01A1139_001 in /tmp/pbe_data.data.home.schowdhury.Project_kinases.cof_tpl_mg.run_kin.4ASD_MET01A1139_001
2026-03-30 05:07:09 - INFO: step3.py, pbe: Skipping PBE solver for non-charge conformer (640/709) LEU01A1140_001...
2026-03-30 05:07:09 - INFO: step3.py, pbe: ForkPoolWorker-1: Calling delphi to calculate conformer (641/709) ASP01A1141_001 in /tmp/pbe_data.data.home.schowdhury.Project_kinases.cof_tpl_mg.run_kin.4ASD_ASP01A1141_001
2026-03-30 05:07:13 - INFO: step3.py, pbe: ForkPoolWorker-1: Calling delphi to calculate conformer (642/709) ASP01A1141_002 in /tmp/pbe_data.data.home.schowdhury.Project_kinases.cof_tpl_mg.run_kin.4ASD_ASP01A1141_002
2026-03-30 05:07:18 - INFO: step3.py, pbe: ForkPoolWorker-1: Calling delphi to calculate conformer (643/709) ASP02A1141_003 in /tmp/pbe_data.data.home.schowdhury.Project_kinases.cof_tpl_mg.run_kin.4ASD_ASP02A1141_003
2026-03-30 05:07:22 - INFO: step3.py, pbe: ForkPoolWorker-1: Calling delphi to calculate conformer (644/709) ASP02A1141_004 in /tmp/pbe_data.data.home.schowdhury.Project_kinases.cof_tpl_mg.run_kin.4ASD_ASP02A1141_004
2026-03-30 05:07:27 - INFO: step3.py, pbe: ForkPoolWorker-1: Calling delphi to calculate conformer (645/709) ASP-1A1141_005 in /tmp/pbe_data.data.home.schowdhury.Project_kinases.cof_tpl_mg.run_kin.4ASD_ASP-1A1141_005
2026-03-30 05:07:31 - INFO: step3.py, pbe: ForkPoolWorker-1: Calling delphi to calculate conformer (646/709) CYS01A1142_001 in /tmp/pbe_data.data.home.schowdhury.Project_kinases.cof_tpl_mg.run_kin.4ASD_CYS01A1142_001
2026-03-30 05:07:36 - INFO: step3.py, pbe: ForkPoolWorker-1: Calling delphi to calculate conformer (647/709) CYS01A1142_002 in /tmp/pbe_data.data.home.schowdhury.Project_kinases.cof_tpl_mg.run_kin.4ASD_CYS01A1142_002
2026-03-30 05:07:41 - INFO: step3.py, pbe: ForkPoolWorker-1: Calling delphi to calculate conformer (648/709) CYS01A1142_003 in /tmp/pbe_data.data.home.schowdhury.Project_kinases.cof_tpl_mg.run_kin.4ASD_CYS01A1142_003
2026-03-30 05:07:46 - INFO: step3.py, pbe: ForkPoolWorker-1: Calling delphi to calculate conformer (649/709) CYS-1A1142_004 in /tmp/pbe_data.data.home.schowdhury.Project_kinases.cof_tpl_mg.run_kin.4ASD_CYS-1A1142_004
2026-03-30 05:07:50 - INFO: step3.py, pbe: Skipping PBE solver for non-charge conformer (650/709) TRP01A1143_001...
2026-03-30 05:07:50 - INFO: step3.py, pbe: ForkPoolWorker-1: Calling delphi to calculate conformer (651/709) HIS01A1144_001 in /tmp/pbe_data.data.home.schowdhury.Project_kinases.cof_tpl_mg.run_kin.4ASD_HIS01A1144_001
2026-03-30 05:07:55 - INFO: step3.py, pbe: ForkPoolWorker-1: Calling delphi to calculate conformer (652/709) HIS02A1144_002 in /tmp/pbe_data.data.home.schowdhury.Project_kinases.cof_tpl_mg.run_kin.4ASD_HIS02A1144_002
2026-03-30 05:07:59 - INFO: step3.py, pbe: ForkPoolWorker-1: Calling delphi to calculate conformer (653/709) HIS+1A1144_003 in /tmp/pbe_data.data.home.schowdhury.Project_kinases.cof_tpl_mg.run_kin.4ASD_HIS+1A1144_003
2026-03-30 05:08:04 - INFO: step3.py, pbe: ForkPoolWorker-1: Calling delphi to calculate conformer (654/709) GLU01A1146_001 in /tmp/pbe_data.data.home.schowdhury.Project_kinases.cof_tpl_mg.run_kin.4ASD_GLU01A1146_001
2026-03-30 05:08:09 - INFO: step3.py, pbe: ForkPoolWorker-1: Calling delphi to calculate conformer (655/709) GLU01A1146_002 in /tmp/pbe_data.data.home.schowdhury.Project_kinases.cof_tpl_mg.run_kin.4ASD_GLU01A1146_002
2026-03-30 05:08:13 - INFO: step3.py, pbe: ForkPoolWorker-1: Calling delphi to calculate conformer (656/709) GLU02A1146_003 in /tmp/pbe_data.data.home.schowdhury.Project_kinases.cof_tpl_mg.run_kin.4ASD_GLU02A1146_003
2026-03-30 05:08:18 - INFO: step3.py, pbe: ForkPoolWorker-1: Calling delphi to calculate conformer (657/709) GLU02A1146_004 in /tmp/pbe_data.data.home.schowdhury.Project_kinases.cof_tpl_mg.run_kin.4ASD_GLU02A1146_004
2026-03-30 05:08:22 - INFO: step3.py, pbe: ForkPoolWorker-1: Calling delphi to calculate conformer (658/709) GLU-1A1146_005 in /tmp/pbe_data.data.home.schowdhury.Project_kinases.cof_tpl_mg.run_kin.4ASD_GLU-1A1146_005
2026-03-30 05:08:27 - INFO: step3.py, pbe: Skipping PBE solver for non-charge conformer (659/709) PRO01A1147_001...
2026-03-30 05:08:27 - INFO: step3.py, pbe: ForkPoolWorker-1: Calling delphi to calculate conformer (660/709) SER01A1148_001 in /tmp/pbe_data.data.home.schowdhury.Project_kinases.cof_tpl_mg.run_kin.4ASD_SER01A1148_001
2026-03-30 05:08:31 - INFO: step3.py, pbe: ForkPoolWorker-1: Calling delphi to calculate conformer (661/709) SER01A1148_002 in /tmp/pbe_data.data.home.schowdhury.Project_kinases.cof_tpl_mg.run_kin.4ASD_SER01A1148_002
2026-03-30 05:08:36 - INFO: step3.py, pbe: ForkPoolWorker-1: Calling delphi to calculate conformer (662/709) GLN01A1149_001 in /tmp/pbe_data.data.home.schowdhury.Project_kinases.cof_tpl_mg.run_kin.4ASD_GLN01A1149_001
2026-03-30 05:08:41 - INFO: step3.py, pbe: ForkPoolWorker-1: Calling delphi to calculate conformer (663/709) GLN01A1149_002 in /tmp/pbe_data.data.home.schowdhury.Project_kinases.cof_tpl_mg.run_kin.4ASD_GLN01A1149_002
2026-03-30 05:08:45 - INFO: step3.py, pbe: ForkPoolWorker-1: Calling delphi to calculate conformer (664/709) ARG01A1150_001 in /tmp/pbe_data.data.home.schowdhury.Project_kinases.cof_tpl_mg.run_kin.4ASD_ARG01A1150_001
2026-03-30 05:08:50 - INFO: step3.py, pbe: ForkPoolWorker-1: Calling delphi to calculate conformer (665/709) ARG02A1150_002 in /tmp/pbe_data.data.home.schowdhury.Project_kinases.cof_tpl_mg.run_kin.4ASD_ARG02A1150_002
2026-03-30 05:08:55 - INFO: step3.py, pbe: ForkPoolWorker-1: Calling delphi to calculate conformer (666/709) ARG02A1150_003 in /tmp/pbe_data.data.home.schowdhury.Project_kinases.cof_tpl_mg.run_kin.4ASD_ARG02A1150_003
2026-03-30 05:08:59 - INFO: step3.py, pbe: ForkPoolWorker-1: Calling delphi to calculate conformer (667/709) ARG03A1150_004 in /tmp/pbe_data.data.home.schowdhury.Project_kinases.cof_tpl_mg.run_kin.4ASD_ARG03A1150_004
2026-03-30 05:09:04 - INFO: step3.py, pbe: ForkPoolWorker-1: Calling delphi to calculate conformer (668/709) ARG03A1150_005 in /tmp/pbe_data.data.home.schowdhury.Project_kinases.cof_tpl_mg.run_kin.4ASD_ARG03A1150_005
2026-03-30 05:09:08 - INFO: step3.py, pbe: ForkPoolWorker-1: Calling delphi to calculate conformer (669/709) ARG+1A1150_006 in /tmp/pbe_data.data.home.schowdhury.Project_kinases.cof_tpl_mg.run_kin.4ASD_ARG+1A1150_006
2026-03-30 05:09:13 - INFO: step3.py, pbe: Skipping PBE solver for non-charge conformer (670/709) PRO01A1151_001...
2026-03-30 05:09:13 - INFO: step3.py, pbe: ForkPoolWorker-1: Calling delphi to calculate conformer (671/709) THR01A1152_001 in /tmp/pbe_data.data.home.schowdhury.Project_kinases.cof_tpl_mg.run_kin.4ASD_THR01A1152_001
2026-03-30 05:09:18 - INFO: step3.py, pbe: ForkPoolWorker-1: Calling delphi to calculate conformer (672/709) THR01A1152_002 in /tmp/pbe_data.data.home.schowdhury.Project_kinases.cof_tpl_mg.run_kin.4ASD_THR01A1152_002
2026-03-30 05:09:22 - INFO: step3.py, pbe: ForkPoolWorker-1: Calling delphi to calculate conformer (673/709) THR01A1152_003 in /tmp/pbe_data.data.home.schowdhury.Project_kinases.cof_tpl_mg.run_kin.4ASD_THR01A1152_003
2026-03-30 05:09:27 - INFO: step3.py, pbe: Skipping PBE solver for non-charge conformer (674/709) PHE01A1153_001...
2026-03-30 05:09:27 - INFO: step3.py, pbe: ForkPoolWorker-1: Calling delphi to calculate conformer (675/709) SER01A1154_001 in /tmp/pbe_data.data.home.schowdhury.Project_kinases.cof_tpl_mg.run_kin.4ASD_SER01A1154_001
2026-03-30 05:09:32 - INFO: step3.py, pbe: ForkPoolWorker-1: Calling delphi to calculate conformer (676/709) SER01A1154_002 in /tmp/pbe_data.data.home.schowdhury.Project_kinases.cof_tpl_mg.run_kin.4ASD_SER01A1154_002
2026-03-30 05:09:36 - INFO: step3.py, pbe: ForkPoolWorker-1: Calling delphi to calculate conformer (677/709) GLU01A1155_001 in /tmp/pbe_data.data.home.schowdhury.Project_kinases.cof_tpl_mg.run_kin.4ASD_GLU01A1155_001
2026-03-30 05:09:41 - INFO: step3.py, pbe: ForkPoolWorker-1: Calling delphi to calculate conformer (678/709) GLU01A1155_002 in /tmp/pbe_data.data.home.schowdhury.Project_kinases.cof_tpl_mg.run_kin.4ASD_GLU01A1155_002
2026-03-30 05:09:46 - INFO: step3.py, pbe: ForkPoolWorker-1: Calling delphi to calculate conformer (679/709) GLU02A1155_003 in /tmp/pbe_data.data.home.schowdhury.Project_kinases.cof_tpl_mg.run_kin.4ASD_GLU02A1155_003
2026-03-30 05:09:50 - INFO: step3.py, pbe: ForkPoolWorker-1: Calling delphi to calculate conformer (680/709) GLU02A1155_004 in /tmp/pbe_data.data.home.schowdhury.Project_kinases.cof_tpl_mg.run_kin.4ASD_GLU02A1155_004
2026-03-30 05:09:55 - INFO: step3.py, pbe: ForkPoolWorker-1: Calling delphi to calculate conformer (681/709) GLU-1A1155_005 in /tmp/pbe_data.data.home.schowdhury.Project_kinases.cof_tpl_mg.run_kin.4ASD_GLU-1A1155_005
2026-03-30 05:10:00 - INFO: step3.py, pbe: Skipping PBE solver for non-charge conformer (682/709) LEU01A1156_001...
2026-03-30 05:10:00 - INFO: step3.py, pbe: Skipping PBE solver for non-charge conformer (683/709) VAL01A1157_001...
2026-03-30 05:10:00 - INFO: step3.py, pbe: ForkPoolWorker-1: Calling delphi to calculate conformer (684/709) GLU01A1158_001 in /tmp/pbe_data.data.home.schowdhury.Project_kinases.cof_tpl_mg.run_kin.4ASD_GLU01A1158_001
2026-03-30 05:10:04 - INFO: step3.py, pbe: ForkPoolWorker-1: Calling delphi to calculate conformer (685/709) GLU01A1158_002 in /tmp/pbe_data.data.home.schowdhury.Project_kinases.cof_tpl_mg.run_kin.4ASD_GLU01A1158_002
2026-03-30 05:10:09 - INFO: step3.py, pbe: ForkPoolWorker-1: Calling delphi to calculate conformer (686/709) GLU02A1158_003 in /tmp/pbe_data.data.home.schowdhury.Project_kinases.cof_tpl_mg.run_kin.4ASD_GLU02A1158_003
2026-03-30 05:10:13 - INFO: step3.py, pbe: ForkPoolWorker-1: Calling delphi to calculate conformer (687/709) GLU02A1158_004 in /tmp/pbe_data.data.home.schowdhury.Project_kinases.cof_tpl_mg.run_kin.4ASD_GLU02A1158_004
2026-03-30 05:10:18 - INFO: step3.py, pbe: ForkPoolWorker-1: Calling delphi to calculate conformer (688/709) GLU-1A1158_005 in /tmp/pbe_data.data.home.schowdhury.Project_kinases.cof_tpl_mg.run_kin.4ASD_GLU-1A1158_005
2026-03-30 05:10:23 - INFO: step3.py, pbe: ForkPoolWorker-1: Calling delphi to calculate conformer (689/709) HIS01A1159_001 in /tmp/pbe_data.data.home.schowdhury.Project_kinases.cof_tpl_mg.run_kin.4ASD_HIS01A1159_001
2026-03-30 05:10:27 - INFO: step3.py, pbe: ForkPoolWorker-1: Calling delphi to calculate conformer (690/709) HIS01A1159_002 in /tmp/pbe_data.data.home.schowdhury.Project_kinases.cof_tpl_mg.run_kin.4ASD_HIS01A1159_002
2026-03-30 05:10:32 - INFO: step3.py, pbe: ForkPoolWorker-1: Calling delphi to calculate conformer (691/709) HIS02A1159_003 in /tmp/pbe_data.data.home.schowdhury.Project_kinases.cof_tpl_mg.run_kin.4ASD_HIS02A1159_003
2026-03-30 05:10:36 - INFO: step3.py, pbe: ForkPoolWorker-1: Calling delphi to calculate conformer (692/709) HIS02A1159_004 in /tmp/pbe_data.data.home.schowdhury.Project_kinases.cof_tpl_mg.run_kin.4ASD_HIS02A1159_004
2026-03-30 05:10:41 - INFO: step3.py, pbe: ForkPoolWorker-1: Calling delphi to calculate conformer (693/709) HIS+1A1159_005 in /tmp/pbe_data.data.home.schowdhury.Project_kinases.cof_tpl_mg.run_kin.4ASD_HIS+1A1159_005
2026-03-30 05:10:46 - INFO: step3.py, pbe: ForkPoolWorker-1: Calling delphi to calculate conformer (694/709) HIS+1A1159_006 in /tmp/pbe_data.data.home.schowdhury.Project_kinases.cof_tpl_mg.run_kin.4ASD_HIS+1A1159_006
2026-03-30 05:10:50 - INFO: step3.py, pbe: Skipping PBE solver for non-charge conformer (695/709) LEU01A1160_001...
2026-03-30 05:10:50 - INFO: step3.py, pbe: ForkPoolWorker-1: Calling delphi to calculate conformer (696/709) ASN01A1162_001 in /tmp/pbe_data.data.home.schowdhury.Project_kinases.cof_tpl_mg.run_kin.4ASD_ASN01A1162_001
2026-03-30 05:10:55 - INFO: step3.py, pbe: ForkPoolWorker-1: Calling delphi to calculate conformer (697/709) ASN01A1162_002 in /tmp/pbe_data.data.home.schowdhury.Project_kinases.cof_tpl_mg.run_kin.4ASD_ASN01A1162_002
2026-03-30 05:10:59 - INFO: step3.py, pbe: Skipping PBE solver for non-charge conformer (698/709) LEU01A1163_001...
2026-03-30 05:10:59 - INFO: step3.py, pbe: Skipping PBE solver for non-charge conformer (699/709) LEU01A1164_001...
2026-03-30 05:10:59 - INFO: step3.py, pbe: ForkPoolWorker-1: Calling delphi to calculate conformer (700/709) GLN01A1165_001 in /tmp/pbe_data.data.home.schowdhury.Project_kinases.cof_tpl_mg.run_kin.4ASD_GLN01A1165_001
2026-03-30 05:11:04 - INFO: step3.py, pbe: ForkPoolWorker-1: Calling delphi to calculate conformer (701/709) GLN01A1165_002 in /tmp/pbe_data.data.home.schowdhury.Project_kinases.cof_tpl_mg.run_kin.4ASD_GLN01A1165_002
2026-03-30 05:11:09 - INFO: step3.py, pbe: Skipping PBE solver for non-charge conformer (702/709) ALA01A1166_001...
2026-03-30 05:11:09 - INFO: step3.py, pbe: ForkPoolWorker-1: Calling delphi to calculate conformer (703/709) ASN01A1167_001 in /tmp/pbe_data.data.home.schowdhury.Project_kinases.cof_tpl_mg.run_kin.4ASD_ASN01A1167_001
2026-03-30 05:11:13 - INFO: step3.py, pbe: ForkPoolWorker-1: Calling delphi to calculate conformer (704/709) ASN01A1167_002 in /tmp/pbe_data.data.home.schowdhury.Project_kinases.cof_tpl_mg.run_kin.4ASD_ASN01A1167_002
2026-03-30 05:11:18 - INFO: step3.py, pbe: Skipping PBE solver for non-charge conformer (705/709) ALA01A1168_001...
2026-03-30 05:11:18 - INFO: step3.py, pbe: ForkPoolWorker-1: Calling delphi to calculate conformer (706/709) BAX01A1500_001 in /tmp/pbe_data.data.home.schowdhury.Project_kinases.cof_tpl_mg.run_kin.4ASD_BAX01A1500_001
2026-03-30 05:11:23 - INFO: step3.py, pbe: ForkPoolWorker-1: Calling delphi to calculate conformer (707/709) BAX+1A1500_002 in /tmp/pbe_data.data.home.schowdhury.Project_kinases.cof_tpl_mg.run_kin.4ASD_BAX+1A1500_002
2026-03-30 05:11:28 - INFO: step3.py, pbe: ForkPoolWorker-1: Calling delphi to calculate conformer (708/709) BAX02A1500_003 in /tmp/pbe_data.data.home.schowdhury.Project_kinases.cof_tpl_mg.run_kin.4ASD_BAX02A1500_003
2026-03-30 05:11:32 - INFO: step3.py, pbe: ForkPoolWorker-1: Calling delphi to calculate conformer (709/709) BAX-1A1500_004 in /tmp/pbe_data.data.home.schowdhury.Project_kinases.cof_tpl_mg.run_kin.4ASD_BAX-1A1500_004
2026-03-30 05:11:37 - INFO: step3.py, <module>:    Time needed: 2717 seconds.
2026-03-30 05:11:37 - INFO: step3.py, <module>:    Post-processing of electrostatic potential.
2026-03-30 05:11:37 - INFO: step3.py, <module>:    Processing ele pairwise interaction...
2026-03-30 05:11:40 - INFO: step3.py, <module>:    Time needed: 2 seconds.
2026-03-30 05:11:40 - INFO: step3.py, <module>:    Making atom connectivity ...
2026-03-30 05:11:41 - INFO: step3.py, <module>:    Time needed: 1 seconds.
2026-03-30 05:11:41 - INFO: step3.py, <module>:    Calculating vdw ...
2026-03-30 05:11:51 - INFO: step3.py, <module>:    Time needed: 10 seconds.
2026-03-30 05:11:51 - INFO: step3.py, <module>:    Calculating torsion energy ...
2026-03-30 05:11:51 - INFO: step3.py, <module>:    Time needed: 0 seconds.
2026-03-30 05:11:51 - INFO: step3.py, <module>:    Composing head3.lst ...
2026-03-30 05:11:51 - INFO: step3.py, <module>:    Time needed: 0 seconds.
2026-03-30 05:11:51 - INFO: step3.py, <module>:    Composing opp files ...
2026-03-30 05:11:52 - INFO: step3.py, <module>:    Time needed: 0 seconds.
2026-03-30 05:11:52 - INFO: step3.py, <module>:    Total time for step3 is 2732 seconds.
