2026-09-22 07:15:41 - INFO: step3.py, <module>: Step 3. Energies calculation with PBE solver.
2026-09-22 07:15:41 - INFO: step3.py, <module>: Calling new VDW....No Scaling Applied
2026-09-22 07:15:41 - INFO: step3.py, <module>:    Process run time options & convert step2_out.pdb.
2026-09-22 07:15:41 - INFO: step3.py, <module>:    Prepare input for PB solver.
2026-09-22 07:15:41 - INFO: step3.py, <module>:    Time needed: 0 seconds.
2026-09-22 07:15:41 - INFO: step3.py, <module>:    Set up parallel envrionment and run PB solver.
2026-09-22 07:15:41 - INFO: step3.py, <module>:    Running PBE solver in 5 threads
2026-09-22 07:15:41 - INFO: step3.py, pbe: ForkPoolWorker-3: Calling delphi to calculate conformer (3/592) HIS02A1052_003 in /tmp/pbe_data.data.home.granepura.5-Kinases.Kinases_MCCE.Trial01.run_holo.2WGJ_HIS02A1052_003
2026-09-22 07:15:41 - INFO: step3.py, pbe: ForkPoolWorker-5: Calling delphi to calculate conformer (5/592) HIS+1A1052_005 in /tmp/pbe_data.data.home.granepura.5-Kinases.Kinases_MCCE.Trial01.run_holo.2WGJ_HIS+1A1052_005
2026-09-22 07:15:41 - INFO: step3.py, pbe: ForkPoolWorker-4: Calling delphi to calculate conformer (4/592) HIS02A1052_004 in /tmp/pbe_data.data.home.granepura.5-Kinases.Kinases_MCCE.Trial01.run_holo.2WGJ_HIS02A1052_004
2026-09-22 07:15:41 - INFO: step3.py, pbe: ForkPoolWorker-1: Calling delphi to calculate conformer (1/592) HIS01A1052_001 in /tmp/pbe_data.data.home.granepura.5-Kinases.Kinases_MCCE.Trial01.run_holo.2WGJ_HIS01A1052_001
2026-09-22 07:15:41 - INFO: step3.py, pbe: ForkPoolWorker-2: Calling delphi to calculate conformer (2/592) HIS01A1052_002 in /tmp/pbe_data.data.home.granepura.5-Kinases.Kinases_MCCE.Trial01.run_holo.2WGJ_HIS01A1052_002
2026-09-22 07:15:47 - INFO: step3.py, pbe: ForkPoolWorker-1: Calling delphi to calculate conformer (6/592) HIS+1A1052_006 in /tmp/pbe_data.data.home.granepura.5-Kinases.Kinases_MCCE.Trial01.run_holo.2WGJ_HIS+1A1052_006
2026-09-22 07:15:47 - INFO: step3.py, pbe: Skipping PBE solver for non-charge conformer (7/592) ILE01A1053_001...
2026-09-22 07:15:47 - INFO: step3.py, pbe: ForkPoolWorker-2: Calling delphi to calculate conformer (8/592) ASP01A1054_001 in /tmp/pbe_data.data.home.granepura.5-Kinases.Kinases_MCCE.Trial01.run_holo.2WGJ_ASP01A1054_001
2026-09-22 07:15:48 - INFO: step3.py, pbe: ForkPoolWorker-3: Calling delphi to calculate conformer (9/592) ASP01A1054_002 in /tmp/pbe_data.data.home.granepura.5-Kinases.Kinases_MCCE.Trial01.run_holo.2WGJ_ASP01A1054_002
2026-09-22 07:15:48 - INFO: step3.py, pbe: ForkPoolWorker-5: Calling delphi to calculate conformer (10/592) ASP02A1054_003 in /tmp/pbe_data.data.home.granepura.5-Kinases.Kinases_MCCE.Trial01.run_holo.2WGJ_ASP02A1054_003
2026-09-22 07:15:48 - INFO: step3.py, pbe: ForkPoolWorker-4: Calling delphi to calculate conformer (11/592) ASP02A1054_004 in /tmp/pbe_data.data.home.granepura.5-Kinases.Kinases_MCCE.Trial01.run_holo.2WGJ_ASP02A1054_004
2026-09-22 07:15:52 - INFO: step3.py, pbe: ForkPoolWorker-2: Calling delphi to calculate conformer (12/592) ASP-1A1054_005 in /tmp/pbe_data.data.home.granepura.5-Kinases.Kinases_MCCE.Trial01.run_holo.2WGJ_ASP-1A1054_005
2026-09-22 07:15:53 - INFO: step3.py, pbe: Skipping PBE solver for non-charge conformer (13/592) LEU01A1055_001...
2026-09-22 07:15:53 - INFO: step3.py, pbe: ForkPoolWorker-1: Calling delphi to calculate conformer (14/592) SER01A1056_001 in /tmp/pbe_data.data.home.granepura.5-Kinases.Kinases_MCCE.Trial01.run_holo.2WGJ_SER01A1056_001
2026-09-22 07:15:54 - INFO: step3.py, pbe: Skipping PBE solver for non-charge conformer (15/592) ALA01A1057_001...
2026-09-22 07:15:54 - INFO: step3.py, pbe: Skipping PBE solver for non-charge conformer (16/592) LEU01A1058_001...
2026-09-22 07:15:54 - INFO: step3.py, pbe: ForkPoolWorker-3: Calling delphi to calculate conformer (17/592) ASN01A1059_001 in /tmp/pbe_data.data.home.granepura.5-Kinases.Kinases_MCCE.Trial01.run_holo.2WGJ_ASN01A1059_001
2026-09-22 07:15:54 - INFO: step3.py, pbe: ForkPoolWorker-5: Calling delphi to calculate conformer (18/592) ASN01A1059_002 in /tmp/pbe_data.data.home.granepura.5-Kinases.Kinases_MCCE.Trial01.run_holo.2WGJ_ASN01A1059_002
2026-09-22 07:15:54 - INFO: step3.py, pbe: Skipping PBE solver for non-charge conformer (19/592) PRO01A1060_001...
2026-09-22 07:15:54 - INFO: step3.py, pbe: ForkPoolWorker-4: Calling delphi to calculate conformer (20/592) GLU01A1061_001 in /tmp/pbe_data.data.home.granepura.5-Kinases.Kinases_MCCE.Trial01.run_holo.2WGJ_GLU01A1061_001
2026-09-22 07:15:57 - INFO: step3.py, pbe: ForkPoolWorker-2: Calling delphi to calculate conformer (21/592) GLU01A1061_002 in /tmp/pbe_data.data.home.granepura.5-Kinases.Kinases_MCCE.Trial01.run_holo.2WGJ_GLU01A1061_002
2026-09-22 07:15:58 - INFO: step3.py, pbe: ForkPoolWorker-1: Calling delphi to calculate conformer (22/592) GLU02A1061_003 in /tmp/pbe_data.data.home.granepura.5-Kinases.Kinases_MCCE.Trial01.run_holo.2WGJ_GLU02A1061_003
2026-09-22 07:15:59 - INFO: step3.py, pbe: ForkPoolWorker-5: Calling delphi to calculate conformer (23/592) GLU02A1061_004 in /tmp/pbe_data.data.home.granepura.5-Kinases.Kinases_MCCE.Trial01.run_holo.2WGJ_GLU02A1061_004
2026-09-22 07:15:59 - INFO: step3.py, pbe: ForkPoolWorker-3: Calling delphi to calculate conformer (24/592) GLU-1A1061_005 in /tmp/pbe_data.data.home.granepura.5-Kinases.Kinases_MCCE.Trial01.run_holo.2WGJ_GLU-1A1061_005
2026-09-22 07:15:59 - INFO: step3.py, pbe: Skipping PBE solver for non-charge conformer (25/592) LEU01A1062_001...
2026-09-22 07:15:59 - INFO: step3.py, pbe: Skipping PBE solver for non-charge conformer (26/592) VAL01A1063_001...
2026-09-22 07:15:59 - INFO: step3.py, pbe: ForkPoolWorker-4: Calling delphi to calculate conformer (27/592) GLN01A1064_001 in /tmp/pbe_data.data.home.granepura.5-Kinases.Kinases_MCCE.Trial01.run_holo.2WGJ_GLN01A1064_001
2026-09-22 07:16:02 - INFO: step3.py, pbe: ForkPoolWorker-2: Calling delphi to calculate conformer (28/592) GLN01A1064_002 in /tmp/pbe_data.data.home.granepura.5-Kinases.Kinases_MCCE.Trial01.run_holo.2WGJ_GLN01A1064_002
2026-09-22 07:16:02 - INFO: step3.py, pbe: Skipping PBE solver for non-charge conformer (29/592) ALA01A1065_001...
2026-09-22 07:16:02 - INFO: step3.py, pbe: Skipping PBE solver for non-charge conformer (30/592) VAL01A1066_001...
2026-09-22 07:16:02 - INFO: step3.py, pbe: ForkPoolWorker-1: Calling delphi to calculate conformer (31/592) GLN01A1067_001 in /tmp/pbe_data.data.home.granepura.5-Kinases.Kinases_MCCE.Trial01.run_holo.2WGJ_GLN01A1067_001
2026-09-22 07:16:04 - INFO: step3.py, pbe: ForkPoolWorker-3: Calling delphi to calculate conformer (32/592) GLN01A1067_002 in /tmp/pbe_data.data.home.granepura.5-Kinases.Kinases_MCCE.Trial01.run_holo.2WGJ_GLN01A1067_002
2026-09-22 07:16:04 - INFO: step3.py, pbe: ForkPoolWorker-5: Calling delphi to calculate conformer (33/592) HIS01A1068_001 in /tmp/pbe_data.data.home.granepura.5-Kinases.Kinases_MCCE.Trial01.run_holo.2WGJ_HIS01A1068_001
2026-09-22 07:16:05 - INFO: step3.py, pbe: ForkPoolWorker-4: Calling delphi to calculate conformer (34/592) HIS01A1068_002 in /tmp/pbe_data.data.home.granepura.5-Kinases.Kinases_MCCE.Trial01.run_holo.2WGJ_HIS01A1068_002
2026-09-22 07:16:06 - INFO: step3.py, pbe: ForkPoolWorker-2: Calling delphi to calculate conformer (35/592) HIS02A1068_003 in /tmp/pbe_data.data.home.granepura.5-Kinases.Kinases_MCCE.Trial01.run_holo.2WGJ_HIS02A1068_003
2026-09-22 07:16:07 - INFO: step3.py, pbe: ForkPoolWorker-1: Calling delphi to calculate conformer (36/592) HIS02A1068_004 in /tmp/pbe_data.data.home.granepura.5-Kinases.Kinases_MCCE.Trial01.run_holo.2WGJ_HIS02A1068_004
2026-09-22 07:16:09 - INFO: step3.py, pbe: ForkPoolWorker-3: Calling delphi to calculate conformer (37/592) HIS+1A1068_005 in /tmp/pbe_data.data.home.granepura.5-Kinases.Kinases_MCCE.Trial01.run_holo.2WGJ_HIS+1A1068_005
2026-09-22 07:16:09 - INFO: step3.py, pbe: ForkPoolWorker-5: Calling delphi to calculate conformer (38/592) HIS+1A1068_006 in /tmp/pbe_data.data.home.granepura.5-Kinases.Kinases_MCCE.Trial01.run_holo.2WGJ_HIS+1A1068_006
2026-09-22 07:16:10 - INFO: step3.py, pbe: Skipping PBE solver for non-charge conformer (39/592) VAL01A1069_001...
2026-09-22 07:16:10 - INFO: step3.py, pbe: Skipping PBE solver for non-charge conformer (40/592) VAL01A1070_001...
2026-09-22 07:16:10 - INFO: step3.py, pbe: Skipping PBE solver for non-charge conformer (41/592) ILE01A1071_001...
2026-09-22 07:16:10 - INFO: step3.py, pbe: Skipping PBE solver for non-charge conformer (42/592) PRO01A1073_001...
2026-09-22 07:16:10 - INFO: step3.py, pbe: ForkPoolWorker-4: Calling delphi to calculate conformer (43/592) SER01A1074_001 in /tmp/pbe_data.data.home.granepura.5-Kinases.Kinases_MCCE.Trial01.run_holo.2WGJ_SER01A1074_001
2026-09-22 07:16:11 - INFO: step3.py, pbe: ForkPoolWorker-2: Calling delphi to calculate conformer (44/592) SER01A1075_001 in /tmp/pbe_data.data.home.granepura.5-Kinases.Kinases_MCCE.Trial01.run_holo.2WGJ_SER01A1075_001
2026-09-22 07:16:12 - INFO: step3.py, pbe: Skipping PBE solver for non-charge conformer (45/592) LEU01A1076_001...
2026-09-22 07:16:12 - INFO: step3.py, pbe: Skipping PBE solver for non-charge conformer (46/592) ILE01A1077_001...
2026-09-22 07:16:12 - INFO: step3.py, pbe: Skipping PBE solver for non-charge conformer (47/592) VAL01A1078_001...
2026-09-22 07:16:12 - INFO: step3.py, pbe: ForkPoolWorker-1: Calling delphi to calculate conformer (48/592) HIS01A1079_001 in /tmp/pbe_data.data.home.granepura.5-Kinases.Kinases_MCCE.Trial01.run_holo.2WGJ_HIS01A1079_001
2026-09-22 07:16:14 - INFO: step3.py, pbe: ForkPoolWorker-5: Calling delphi to calculate conformer (49/592) HIS01A1079_002 in /tmp/pbe_data.data.home.granepura.5-Kinases.Kinases_MCCE.Trial01.run_holo.2WGJ_HIS01A1079_002
2026-09-22 07:16:14 - INFO: step3.py, pbe: ForkPoolWorker-3: Calling delphi to calculate conformer (50/592) HIS02A1079_003 in /tmp/pbe_data.data.home.granepura.5-Kinases.Kinases_MCCE.Trial01.run_holo.2WGJ_HIS02A1079_003
2026-09-22 07:16:15 - INFO: step3.py, pbe: ForkPoolWorker-4: Calling delphi to calculate conformer (51/592) HIS02A1079_004 in /tmp/pbe_data.data.home.granepura.5-Kinases.Kinases_MCCE.Trial01.run_holo.2WGJ_HIS02A1079_004
2026-09-22 07:16:16 - INFO: step3.py, pbe: ForkPoolWorker-2: Calling delphi to calculate conformer (52/592) HIS+1A1079_005 in /tmp/pbe_data.data.home.granepura.5-Kinases.Kinases_MCCE.Trial01.run_holo.2WGJ_HIS+1A1079_005
2026-09-22 07:16:16 - INFO: step3.py, pbe: ForkPoolWorker-1: Calling delphi to calculate conformer (53/592) HIS+1A1079_006 in /tmp/pbe_data.data.home.granepura.5-Kinases.Kinases_MCCE.Trial01.run_holo.2WGJ_HIS+1A1079_006
2026-09-22 07:16:19 - INFO: step3.py, pbe: Skipping PBE solver for non-charge conformer (54/592) PHE01A1080_001...
2026-09-22 07:16:19 - INFO: step3.py, pbe: ForkPoolWorker-5: Calling delphi to calculate conformer (55/592) ASN01A1081_001 in /tmp/pbe_data.data.home.granepura.5-Kinases.Kinases_MCCE.Trial01.run_holo.2WGJ_ASN01A1081_001
2026-09-22 07:16:19 - INFO: step3.py, pbe: ForkPoolWorker-3: Calling delphi to calculate conformer (56/592) ASN01A1081_002 in /tmp/pbe_data.data.home.granepura.5-Kinases.Kinases_MCCE.Trial01.run_holo.2WGJ_ASN01A1081_002
2026-09-22 07:16:20 - INFO: step3.py, pbe: ForkPoolWorker-4: Calling delphi to calculate conformer (57/592) GLU01A1082_001 in /tmp/pbe_data.data.home.granepura.5-Kinases.Kinases_MCCE.Trial01.run_holo.2WGJ_GLU01A1082_001
2026-09-22 07:16:20 - INFO: step3.py, pbe: ForkPoolWorker-2: Calling delphi to calculate conformer (58/592) GLU01A1082_002 in /tmp/pbe_data.data.home.granepura.5-Kinases.Kinases_MCCE.Trial01.run_holo.2WGJ_GLU01A1082_002
2026-09-22 07:16:21 - INFO: step3.py, pbe: ForkPoolWorker-1: Calling delphi to calculate conformer (59/592) GLU02A1082_003 in /tmp/pbe_data.data.home.granepura.5-Kinases.Kinases_MCCE.Trial01.run_holo.2WGJ_GLU02A1082_003
2026-09-22 07:16:23 - INFO: step3.py, pbe: ForkPoolWorker-5: Calling delphi to calculate conformer (60/592) GLU02A1082_004 in /tmp/pbe_data.data.home.granepura.5-Kinases.Kinases_MCCE.Trial01.run_holo.2WGJ_GLU02A1082_004
2026-09-22 07:16:23 - INFO: step3.py, pbe: ForkPoolWorker-3: Calling delphi to calculate conformer (61/592) GLU-1A1082_005 in /tmp/pbe_data.data.home.granepura.5-Kinases.Kinases_MCCE.Trial01.run_holo.2WGJ_GLU-1A1082_005
2026-09-22 07:16:24 - INFO: step3.py, pbe: Skipping PBE solver for non-charge conformer (62/592) VAL01A1083_001...
2026-09-22 07:16:24 - INFO: step3.py, pbe: Skipping PBE solver for non-charge conformer (63/592) ILE01A1084_001...
2026-09-22 07:16:24 - INFO: step3.py, pbe: ForkPoolWorker-4: Calling delphi to calculate conformer (64/592) ARG01A1086_001 in /tmp/pbe_data.data.home.granepura.5-Kinases.Kinases_MCCE.Trial01.run_holo.2WGJ_ARG01A1086_001
2026-09-22 07:16:25 - INFO: step3.py, pbe: ForkPoolWorker-2: Calling delphi to calculate conformer (65/592) ARG02A1086_002 in /tmp/pbe_data.data.home.granepura.5-Kinases.Kinases_MCCE.Trial01.run_holo.2WGJ_ARG02A1086_002
2026-09-22 07:16:26 - INFO: step3.py, pbe: ForkPoolWorker-1: Calling delphi to calculate conformer (66/592) ARG02A1086_003 in /tmp/pbe_data.data.home.granepura.5-Kinases.Kinases_MCCE.Trial01.run_holo.2WGJ_ARG02A1086_003
2026-09-22 07:16:28 - INFO: step3.py, pbe: ForkPoolWorker-5: Calling delphi to calculate conformer (67/592) ARG03A1086_004 in /tmp/pbe_data.data.home.granepura.5-Kinases.Kinases_MCCE.Trial01.run_holo.2WGJ_ARG03A1086_004
2026-09-22 07:16:28 - INFO: step3.py, pbe: ForkPoolWorker-3: Calling delphi to calculate conformer (68/592) ARG+1A1086_005 in /tmp/pbe_data.data.home.granepura.5-Kinases.Kinases_MCCE.Trial01.run_holo.2WGJ_ARG+1A1086_005
2026-09-22 07:16:29 - INFO: step3.py, pbe: ForkPoolWorker-4: Calling delphi to calculate conformer (69/592) HIS01A1088_001 in /tmp/pbe_data.data.home.granepura.5-Kinases.Kinases_MCCE.Trial01.run_holo.2WGJ_HIS01A1088_001
2026-09-22 07:16:30 - INFO: step3.py, pbe: ForkPoolWorker-2: Calling delphi to calculate conformer (70/592) HIS01A1088_002 in /tmp/pbe_data.data.home.granepura.5-Kinases.Kinases_MCCE.Trial01.run_holo.2WGJ_HIS01A1088_002
2026-09-22 07:16:31 - INFO: step3.py, pbe: ForkPoolWorker-1: Calling delphi to calculate conformer (71/592) HIS02A1088_003 in /tmp/pbe_data.data.home.granepura.5-Kinases.Kinases_MCCE.Trial01.run_holo.2WGJ_HIS02A1088_003
2026-09-22 07:16:33 - INFO: step3.py, pbe: ForkPoolWorker-5: Calling delphi to calculate conformer (72/592) HIS02A1088_004 in /tmp/pbe_data.data.home.granepura.5-Kinases.Kinases_MCCE.Trial01.run_holo.2WGJ_HIS02A1088_004
2026-09-22 07:16:33 - INFO: step3.py, pbe: ForkPoolWorker-3: Calling delphi to calculate conformer (73/592) HIS+1A1088_005 in /tmp/pbe_data.data.home.granepura.5-Kinases.Kinases_MCCE.Trial01.run_holo.2WGJ_HIS+1A1088_005
2026-09-22 07:16:34 - INFO: step3.py, pbe: ForkPoolWorker-4: Calling delphi to calculate conformer (74/592) HIS+1A1088_006 in /tmp/pbe_data.data.home.granepura.5-Kinases.Kinases_MCCE.Trial01.run_holo.2WGJ_HIS+1A1088_006
2026-09-22 07:16:35 - INFO: step3.py, pbe: Skipping PBE solver for non-charge conformer (75/592) PHE01A1089_001...
2026-09-22 07:16:35 - INFO: step3.py, pbe: ForkPoolWorker-2: Calling delphi to calculate conformer (76/592) CYS01A1091_001 in /tmp/pbe_data.data.home.granepura.5-Kinases.Kinases_MCCE.Trial01.run_holo.2WGJ_CYS01A1091_001
2026-09-22 07:16:35 - INFO: step3.py, pbe: ForkPoolWorker-1: Calling delphi to calculate conformer (77/592) CYS01A1091_002 in /tmp/pbe_data.data.home.granepura.5-Kinases.Kinases_MCCE.Trial01.run_holo.2WGJ_CYS01A1091_002
2026-09-22 07:16:37 - INFO: step3.py, pbe: ForkPoolWorker-5: Calling delphi to calculate conformer (78/592) CYS01A1091_003 in /tmp/pbe_data.data.home.granepura.5-Kinases.Kinases_MCCE.Trial01.run_holo.2WGJ_CYS01A1091_003
2026-09-22 07:16:37 - INFO: step3.py, pbe: ForkPoolWorker-3: Calling delphi to calculate conformer (79/592) CYS-1A1091_004 in /tmp/pbe_data.data.home.granepura.5-Kinases.Kinases_MCCE.Trial01.run_holo.2WGJ_CYS-1A1091_004
2026-09-22 07:16:39 - INFO: step3.py, pbe: Skipping PBE solver for non-charge conformer (80/592) VAL01A1092_001...
2026-09-22 07:16:39 - INFO: step3.py, pbe: ForkPoolWorker-4: Calling delphi to calculate conformer (81/592) TYR01A1093_001 in /tmp/pbe_data.data.home.granepura.5-Kinases.Kinases_MCCE.Trial01.run_holo.2WGJ_TYR01A1093_001
2026-09-22 07:16:40 - INFO: step3.py, pbe: ForkPoolWorker-2: Calling delphi to calculate conformer (82/592) TYR-1A1093_002 in /tmp/pbe_data.data.home.granepura.5-Kinases.Kinases_MCCE.Trial01.run_holo.2WGJ_TYR-1A1093_002
2026-09-22 07:16:40 - INFO: step3.py, pbe: ForkPoolWorker-1: Calling delphi to calculate conformer (83/592) HIS01A1094_001 in /tmp/pbe_data.data.home.granepura.5-Kinases.Kinases_MCCE.Trial01.run_holo.2WGJ_HIS01A1094_001
2026-09-22 07:16:42 - INFO: step3.py, pbe: ForkPoolWorker-5: Calling delphi to calculate conformer (84/592) HIS01A1094_002 in /tmp/pbe_data.data.home.granepura.5-Kinases.Kinases_MCCE.Trial01.run_holo.2WGJ_HIS01A1094_002
2026-09-22 07:16:42 - INFO: step3.py, pbe: ForkPoolWorker-3: Calling delphi to calculate conformer (85/592) HIS01A1094_003 in /tmp/pbe_data.data.home.granepura.5-Kinases.Kinases_MCCE.Trial01.run_holo.2WGJ_HIS01A1094_003
2026-09-22 07:16:44 - INFO: step3.py, pbe: ForkPoolWorker-4: Calling delphi to calculate conformer (86/592) HIS02A1094_004 in /tmp/pbe_data.data.home.granepura.5-Kinases.Kinases_MCCE.Trial01.run_holo.2WGJ_HIS02A1094_004
2026-09-22 07:16:45 - INFO: step3.py, pbe: ForkPoolWorker-2: Calling delphi to calculate conformer (87/592) HIS02A1094_005 in /tmp/pbe_data.data.home.granepura.5-Kinases.Kinases_MCCE.Trial01.run_holo.2WGJ_HIS02A1094_005
2026-09-22 07:16:45 - INFO: step3.py, pbe: ForkPoolWorker-1: Calling delphi to calculate conformer (88/592) HIS02A1094_006 in /tmp/pbe_data.data.home.granepura.5-Kinases.Kinases_MCCE.Trial01.run_holo.2WGJ_HIS02A1094_006
2026-09-22 07:16:47 - INFO: step3.py, pbe: ForkPoolWorker-5: Calling delphi to calculate conformer (89/592) HIS+1A1094_007 in /tmp/pbe_data.data.home.granepura.5-Kinases.Kinases_MCCE.Trial01.run_holo.2WGJ_HIS+1A1094_007
2026-09-22 07:16:47 - INFO: step3.py, pbe: ForkPoolWorker-3: Calling delphi to calculate conformer (90/592) HIS+1A1094_008 in /tmp/pbe_data.data.home.granepura.5-Kinases.Kinases_MCCE.Trial01.run_holo.2WGJ_HIS+1A1094_008
2026-09-22 07:16:49 - INFO: step3.py, pbe: ForkPoolWorker-4: Calling delphi to calculate conformer (91/592) HIS+1A1094_009 in /tmp/pbe_data.data.home.granepura.5-Kinases.Kinases_MCCE.Trial01.run_holo.2WGJ_HIS+1A1094_009
2026-09-22 07:16:50 - INFO: step3.py, pbe: ForkPoolWorker-2: Calling delphi to calculate conformer (92/592) THR01A1096_001 in /tmp/pbe_data.data.home.granepura.5-Kinases.Kinases_MCCE.Trial01.run_holo.2WGJ_THR01A1096_001
2026-09-22 07:16:50 - INFO: step3.py, pbe: ForkPoolWorker-1: Calling delphi to calculate conformer (93/592) THR01A1096_002 in /tmp/pbe_data.data.home.granepura.5-Kinases.Kinases_MCCE.Trial01.run_holo.2WGJ_THR01A1096_002
2026-09-22 07:16:51 - INFO: step3.py, pbe: ForkPoolWorker-5: Calling delphi to calculate conformer (94/592) THR01A1096_003 in /tmp/pbe_data.data.home.granepura.5-Kinases.Kinases_MCCE.Trial01.run_holo.2WGJ_THR01A1096_003
2026-09-22 07:16:52 - INFO: step3.py, pbe: Skipping PBE solver for non-charge conformer (95/592) LEU01A1097_001...
2026-09-22 07:16:52 - INFO: step3.py, pbe: Skipping PBE solver for non-charge conformer (96/592) LEU01A1098_001...
2026-09-22 07:16:52 - INFO: step3.py, pbe: ForkPoolWorker-3: Calling delphi to calculate conformer (97/592) LYS01A1103_001 in /tmp/pbe_data.data.home.granepura.5-Kinases.Kinases_MCCE.Trial01.run_holo.2WGJ_LYS01A1103_001
2026-09-22 07:16:54 - INFO: step3.py, pbe: ForkPoolWorker-4: Calling delphi to calculate conformer (98/592) LYS+1A1103_002 in /tmp/pbe_data.data.home.granepura.5-Kinases.Kinases_MCCE.Trial01.run_holo.2WGJ_LYS+1A1103_002
2026-09-22 07:16:55 - INFO: step3.py, pbe: ForkPoolWorker-2: Calling delphi to calculate conformer (99/592) LYS01A1104_001 in /tmp/pbe_data.data.home.granepura.5-Kinases.Kinases_MCCE.Trial01.run_holo.2WGJ_LYS01A1104_001
2026-09-22 07:16:56 - INFO: step3.py, pbe: ForkPoolWorker-1: Calling delphi to calculate conformer (100/592) LYS+1A1104_002 in /tmp/pbe_data.data.home.granepura.5-Kinases.Kinases_MCCE.Trial01.run_holo.2WGJ_LYS+1A1104_002
2026-09-22 07:16:56 - INFO: step3.py, pbe: Skipping PBE solver for non-charge conformer (101/592) ILE01A1105_001...
2026-09-22 07:16:56 - INFO: step3.py, pbe: ForkPoolWorker-5: Calling delphi to calculate conformer (102/592) HIS01A1106_001 in /tmp/pbe_data.data.home.granepura.5-Kinases.Kinases_MCCE.Trial01.run_holo.2WGJ_HIS01A1106_001
2026-09-22 07:16:57 - INFO: step3.py, pbe: ForkPoolWorker-3: Calling delphi to calculate conformer (103/592) HIS01A1106_002 in /tmp/pbe_data.data.home.granepura.5-Kinases.Kinases_MCCE.Trial01.run_holo.2WGJ_HIS01A1106_002
2026-09-22 07:16:58 - INFO: step3.py, pbe: ForkPoolWorker-4: Calling delphi to calculate conformer (104/592) HIS02A1106_003 in /tmp/pbe_data.data.home.granepura.5-Kinases.Kinases_MCCE.Trial01.run_holo.2WGJ_HIS02A1106_003
2026-09-22 07:17:00 - INFO: step3.py, pbe: ForkPoolWorker-2: Calling delphi to calculate conformer (105/592) HIS02A1106_004 in /tmp/pbe_data.data.home.granepura.5-Kinases.Kinases_MCCE.Trial01.run_holo.2WGJ_HIS02A1106_004
2026-09-22 07:17:00 - INFO: step3.py, pbe: ForkPoolWorker-1: Calling delphi to calculate conformer (106/592) HIS+1A1106_005 in /tmp/pbe_data.data.home.granepura.5-Kinases.Kinases_MCCE.Trial01.run_holo.2WGJ_HIS+1A1106_005
2026-09-22 07:17:01 - INFO: step3.py, pbe: ForkPoolWorker-5: Calling delphi to calculate conformer (107/592) HIS+1A1106_006 in /tmp/pbe_data.data.home.granepura.5-Kinases.Kinases_MCCE.Trial01.run_holo.2WGJ_HIS+1A1106_006
2026-09-22 07:17:02 - INFO: step3.py, pbe: ForkPoolWorker-3: Calling delphi to calculate conformer (108/592) CYS01A1107_001 in /tmp/pbe_data.data.home.granepura.5-Kinases.Kinases_MCCE.Trial01.run_holo.2WGJ_CYS01A1107_001
2026-09-22 07:17:03 - INFO: step3.py, pbe: ForkPoolWorker-4: Calling delphi to calculate conformer (109/592) CYS01A1107_002 in /tmp/pbe_data.data.home.granepura.5-Kinases.Kinases_MCCE.Trial01.run_holo.2WGJ_CYS01A1107_002
2026-09-22 07:17:05 - INFO: step3.py, pbe: ForkPoolWorker-2: Calling delphi to calculate conformer (110/592) CYS01A1107_003 in /tmp/pbe_data.data.home.granepura.5-Kinases.Kinases_MCCE.Trial01.run_holo.2WGJ_CYS01A1107_003
2026-09-22 07:17:05 - INFO: step3.py, pbe: ForkPoolWorker-1: Calling delphi to calculate conformer (111/592) CYS-1A1107_004 in /tmp/pbe_data.data.home.granepura.5-Kinases.Kinases_MCCE.Trial01.run_holo.2WGJ_CYS-1A1107_004
2026-09-22 07:17:06 - INFO: step3.py, pbe: Skipping PBE solver for non-charge conformer (112/592) ALA01A1108_001...
2026-09-22 07:17:06 - INFO: step3.py, pbe: Skipping PBE solver for non-charge conformer (113/592) VAL01A1109_001...
2026-09-22 07:17:06 - INFO: step3.py, pbe: ForkPoolWorker-5: Calling delphi to calculate conformer (114/592) LYS01A1110_001 in /tmp/pbe_data.data.home.granepura.5-Kinases.Kinases_MCCE.Trial01.run_holo.2WGJ_LYS01A1110_001
2026-09-22 07:17:07 - INFO: step3.py, pbe: ForkPoolWorker-3: Calling delphi to calculate conformer (115/592) LYS+1A1110_002 in /tmp/pbe_data.data.home.granepura.5-Kinases.Kinases_MCCE.Trial01.run_holo.2WGJ_LYS+1A1110_002
2026-09-22 07:17:08 - INFO: step3.py, pbe: ForkPoolWorker-4: Calling delphi to calculate conformer (116/592) SER01A1111_001 in /tmp/pbe_data.data.home.granepura.5-Kinases.Kinases_MCCE.Trial01.run_holo.2WGJ_SER01A1111_001
2026-09-22 07:17:10 - INFO: step3.py, pbe: ForkPoolWorker-2: Calling delphi to calculate conformer (117/592) SER01A1111_002 in /tmp/pbe_data.data.home.granepura.5-Kinases.Kinases_MCCE.Trial01.run_holo.2WGJ_SER01A1111_002
2026-09-22 07:17:10 - INFO: step3.py, pbe: Skipping PBE solver for non-charge conformer (118/592) LEU01A1112_001...
2026-09-22 07:17:10 - INFO: step3.py, pbe: ForkPoolWorker-1: Calling delphi to calculate conformer (119/592) ASN01A1113_001 in /tmp/pbe_data.data.home.granepura.5-Kinases.Kinases_MCCE.Trial01.run_holo.2WGJ_ASN01A1113_001
2026-09-22 07:17:11 - INFO: step3.py, pbe: ForkPoolWorker-5: Calling delphi to calculate conformer (120/592) ASN01A1113_002 in /tmp/pbe_data.data.home.granepura.5-Kinases.Kinases_MCCE.Trial01.run_holo.2WGJ_ASN01A1113_002
2026-09-22 07:17:11 - INFO: step3.py, pbe: ForkPoolWorker-3: Calling delphi to calculate conformer (121/592) ASN01A1113_003 in /tmp/pbe_data.data.home.granepura.5-Kinases.Kinases_MCCE.Trial01.run_holo.2WGJ_ASN01A1113_003
2026-09-22 07:17:12 - INFO: step3.py, pbe: ForkPoolWorker-4: Calling delphi to calculate conformer (122/592) ARG01A1114_001 in /tmp/pbe_data.data.home.granepura.5-Kinases.Kinases_MCCE.Trial01.run_holo.2WGJ_ARG01A1114_001
2026-09-22 07:17:14 - INFO: step3.py, pbe: ForkPoolWorker-2: Calling delphi to calculate conformer (123/592) ARG02A1114_002 in /tmp/pbe_data.data.home.granepura.5-Kinases.Kinases_MCCE.Trial01.run_holo.2WGJ_ARG02A1114_002
2026-09-22 07:17:15 - INFO: step3.py, pbe: ForkPoolWorker-1: Calling delphi to calculate conformer (124/592) ARG03A1114_003 in /tmp/pbe_data.data.home.granepura.5-Kinases.Kinases_MCCE.Trial01.run_holo.2WGJ_ARG03A1114_003
2026-09-22 07:17:16 - INFO: step3.py, pbe: ForkPoolWorker-5: Calling delphi to calculate conformer (125/592) ARG+1A1114_004 in /tmp/pbe_data.data.home.granepura.5-Kinases.Kinases_MCCE.Trial01.run_holo.2WGJ_ARG+1A1114_004
2026-09-22 07:17:16 - INFO: step3.py, pbe: Skipping PBE solver for non-charge conformer (126/592) ILE01A1115_001...
2026-09-22 07:17:16 - INFO: step3.py, pbe: ForkPoolWorker-3: Calling delphi to calculate conformer (127/592) THR01A1116_001 in /tmp/pbe_data.data.home.granepura.5-Kinases.Kinases_MCCE.Trial01.run_holo.2WGJ_THR01A1116_001
2026-09-22 07:17:17 - INFO: step3.py, pbe: ForkPoolWorker-4: Calling delphi to calculate conformer (128/592) ASP01A1117_001 in /tmp/pbe_data.data.home.granepura.5-Kinases.Kinases_MCCE.Trial01.run_holo.2WGJ_ASP01A1117_001
2026-09-22 07:17:19 - INFO: step3.py, pbe: ForkPoolWorker-2: Calling delphi to calculate conformer (129/592) ASP01A1117_002 in /tmp/pbe_data.data.home.granepura.5-Kinases.Kinases_MCCE.Trial01.run_holo.2WGJ_ASP01A1117_002
2026-09-22 07:17:20 - INFO: step3.py, pbe: ForkPoolWorker-1: Calling delphi to calculate conformer (130/592) ASP02A1117_003 in /tmp/pbe_data.data.home.granepura.5-Kinases.Kinases_MCCE.Trial01.run_holo.2WGJ_ASP02A1117_003
2026-09-22 07:17:21 - INFO: step3.py, pbe: ForkPoolWorker-3: Calling delphi to calculate conformer (131/592) ASP02A1117_004 in /tmp/pbe_data.data.home.granepura.5-Kinases.Kinases_MCCE.Trial01.run_holo.2WGJ_ASP02A1117_004
2026-09-22 07:17:21 - INFO: step3.py, pbe: ForkPoolWorker-5: Calling delphi to calculate conformer (132/592) ASP-1A1117_005 in /tmp/pbe_data.data.home.granepura.5-Kinases.Kinases_MCCE.Trial01.run_holo.2WGJ_ASP-1A1117_005
2026-09-22 07:17:22 - INFO: step3.py, pbe: Skipping PBE solver for non-charge conformer (133/592) ILE01A1118_001...
2026-09-22 07:17:22 - INFO: step3.py, pbe: ForkPoolWorker-4: Calling delphi to calculate conformer (134/592) GLU01A1120_001 in /tmp/pbe_data.data.home.granepura.5-Kinases.Kinases_MCCE.Trial01.run_holo.2WGJ_GLU01A1120_001
2026-09-22 07:17:24 - INFO: step3.py, pbe: ForkPoolWorker-2: Calling delphi to calculate conformer (135/592) GLU01A1120_002 in /tmp/pbe_data.data.home.granepura.5-Kinases.Kinases_MCCE.Trial01.run_holo.2WGJ_GLU01A1120_002
2026-09-22 07:17:24 - INFO: step3.py, pbe: ForkPoolWorker-1: Calling delphi to calculate conformer (136/592) GLU02A1120_003 in /tmp/pbe_data.data.home.granepura.5-Kinases.Kinases_MCCE.Trial01.run_holo.2WGJ_GLU02A1120_003
2026-09-22 07:17:26 - INFO: step3.py, pbe: ForkPoolWorker-3: Calling delphi to calculate conformer (137/592) GLU02A1120_004 in /tmp/pbe_data.data.home.granepura.5-Kinases.Kinases_MCCE.Trial01.run_holo.2WGJ_GLU02A1120_004
2026-09-22 07:17:26 - INFO: step3.py, pbe: ForkPoolWorker-5: Calling delphi to calculate conformer (138/592) GLU-1A1120_005 in /tmp/pbe_data.data.home.granepura.5-Kinases.Kinases_MCCE.Trial01.run_holo.2WGJ_GLU-1A1120_005
2026-09-22 07:17:27 - INFO: step3.py, pbe: Skipping PBE solver for non-charge conformer (139/592) VAL01A1121_001...
2026-09-22 07:17:27 - INFO: step3.py, pbe: ForkPoolWorker-4: Calling delphi to calculate conformer (140/592) SER01A1122_001 in /tmp/pbe_data.data.home.granepura.5-Kinases.Kinases_MCCE.Trial01.run_holo.2WGJ_SER01A1122_001
2026-09-22 07:17:28 - INFO: step3.py, pbe: ForkPoolWorker-2: Calling delphi to calculate conformer (141/592) SER01A1122_002 in /tmp/pbe_data.data.home.granepura.5-Kinases.Kinases_MCCE.Trial01.run_holo.2WGJ_SER01A1122_002
2026-09-22 07:17:29 - INFO: step3.py, pbe: ForkPoolWorker-1: Calling delphi to calculate conformer (142/592) GLN01A1123_001 in /tmp/pbe_data.data.home.granepura.5-Kinases.Kinases_MCCE.Trial01.run_holo.2WGJ_GLN01A1123_001
2026-09-22 07:17:30 - INFO: step3.py, pbe: ForkPoolWorker-3: Calling delphi to calculate conformer (143/592) GLN01A1123_002 in /tmp/pbe_data.data.home.granepura.5-Kinases.Kinases_MCCE.Trial01.run_holo.2WGJ_GLN01A1123_002
2026-09-22 07:17:31 - INFO: step3.py, pbe: Skipping PBE solver for non-charge conformer (144/592) PHE01A1124_001...
2026-09-22 07:17:31 - INFO: step3.py, pbe: Skipping PBE solver for non-charge conformer (145/592) LEU01A1125_001...
2026-09-22 07:17:31 - INFO: step3.py, pbe: ForkPoolWorker-5: Calling delphi to calculate conformer (146/592) THR01A1126_001 in /tmp/pbe_data.data.home.granepura.5-Kinases.Kinases_MCCE.Trial01.run_holo.2WGJ_THR01A1126_001
2026-09-22 07:17:32 - INFO: step3.py, pbe: ForkPoolWorker-4: Calling delphi to calculate conformer (147/592) THR01A1126_002 in /tmp/pbe_data.data.home.granepura.5-Kinases.Kinases_MCCE.Trial01.run_holo.2WGJ_THR01A1126_002
2026-09-22 07:17:33 - INFO: step3.py, pbe: ForkPoolWorker-2: Calling delphi to calculate conformer (148/592) GLU01A1127_001 in /tmp/pbe_data.data.home.granepura.5-Kinases.Kinases_MCCE.Trial01.run_holo.2WGJ_GLU01A1127_001
2026-09-22 07:17:34 - INFO: step3.py, pbe: ForkPoolWorker-1: Calling delphi to calculate conformer (149/592) GLU01A1127_002 in /tmp/pbe_data.data.home.granepura.5-Kinases.Kinases_MCCE.Trial01.run_holo.2WGJ_GLU01A1127_002
2026-09-22 07:17:35 - INFO: step3.py, pbe: ForkPoolWorker-3: Calling delphi to calculate conformer (150/592) GLU02A1127_003 in /tmp/pbe_data.data.home.granepura.5-Kinases.Kinases_MCCE.Trial01.run_holo.2WGJ_GLU02A1127_003
2026-09-22 07:17:35 - INFO: step3.py, pbe: ForkPoolWorker-5: Calling delphi to calculate conformer (151/592) GLU02A1127_004 in /tmp/pbe_data.data.home.granepura.5-Kinases.Kinases_MCCE.Trial01.run_holo.2WGJ_GLU02A1127_004
2026-09-22 07:17:36 - INFO: step3.py, pbe: ForkPoolWorker-4: Calling delphi to calculate conformer (152/592) GLU-1A1127_005 in /tmp/pbe_data.data.home.granepura.5-Kinases.Kinases_MCCE.Trial01.run_holo.2WGJ_GLU-1A1127_005
2026-09-22 07:17:38 - INFO: step3.py, pbe: Skipping PBE solver for non-charge conformer (153/592) ILE01A1129_001...
2026-09-22 07:17:38 - INFO: step3.py, pbe: Skipping PBE solver for non-charge conformer (154/592) ILE01A1130_001...
2026-09-22 07:17:38 - INFO: step3.py, pbe: ForkPoolWorker-2: Calling delphi to calculate conformer (155/592) MET01A1131_001 in /tmp/pbe_data.data.home.granepura.5-Kinases.Kinases_MCCE.Trial01.run_holo.2WGJ_MET01A1131_001
2026-09-22 07:17:38 - INFO: step3.py, pbe: ForkPoolWorker-1: Calling delphi to calculate conformer (156/592) LYS01A1132_001 in /tmp/pbe_data.data.home.granepura.5-Kinases.Kinases_MCCE.Trial01.run_holo.2WGJ_LYS01A1132_001
2026-09-22 07:17:40 - INFO: step3.py, pbe: ForkPoolWorker-3: Calling delphi to calculate conformer (157/592) LYS+1A1132_002 in /tmp/pbe_data.data.home.granepura.5-Kinases.Kinases_MCCE.Trial01.run_holo.2WGJ_LYS+1A1132_002
2026-09-22 07:17:40 - INFO: step3.py, pbe: ForkPoolWorker-5: Calling delphi to calculate conformer (158/592) ASP01A1133_001 in /tmp/pbe_data.data.home.granepura.5-Kinases.Kinases_MCCE.Trial01.run_holo.2WGJ_ASP01A1133_001
2026-09-22 07:17:41 - INFO: step3.py, pbe: ForkPoolWorker-4: Calling delphi to calculate conformer (159/592) ASP01A1133_002 in /tmp/pbe_data.data.home.granepura.5-Kinases.Kinases_MCCE.Trial01.run_holo.2WGJ_ASP01A1133_002
2026-09-22 07:17:42 - INFO: step3.py, pbe: ForkPoolWorker-2: Calling delphi to calculate conformer (160/592) ASP02A1133_003 in /tmp/pbe_data.data.home.granepura.5-Kinases.Kinases_MCCE.Trial01.run_holo.2WGJ_ASP02A1133_003
2026-09-22 07:17:43 - INFO: step3.py, pbe: ForkPoolWorker-1: Calling delphi to calculate conformer (161/592) ASP02A1133_004 in /tmp/pbe_data.data.home.granepura.5-Kinases.Kinases_MCCE.Trial01.run_holo.2WGJ_ASP02A1133_004
2026-09-22 07:17:45 - INFO: step3.py, pbe: ForkPoolWorker-3: Calling delphi to calculate conformer (162/592) ASP-1A1133_005 in /tmp/pbe_data.data.home.granepura.5-Kinases.Kinases_MCCE.Trial01.run_holo.2WGJ_ASP-1A1133_005
2026-09-22 07:17:45 - INFO: step3.py, pbe: Skipping PBE solver for non-charge conformer (163/592) PHE01A1134_001...
2026-09-22 07:17:45 - INFO: step3.py, pbe: ForkPoolWorker-5: Calling delphi to calculate conformer (164/592) SER01A1135_001 in /tmp/pbe_data.data.home.granepura.5-Kinases.Kinases_MCCE.Trial01.run_holo.2WGJ_SER01A1135_001
2026-09-22 07:17:46 - INFO: step3.py, pbe: ForkPoolWorker-4: Calling delphi to calculate conformer (165/592) HIS01A1136_001 in /tmp/pbe_data.data.home.granepura.5-Kinases.Kinases_MCCE.Trial01.run_holo.2WGJ_HIS01A1136_001
2026-09-22 07:17:47 - INFO: step3.py, pbe: ForkPoolWorker-2: Calling delphi to calculate conformer (166/592) HIS02A1136_002 in /tmp/pbe_data.data.home.granepura.5-Kinases.Kinases_MCCE.Trial01.run_holo.2WGJ_HIS02A1136_002
2026-09-22 07:17:47 - INFO: step3.py, pbe: ForkPoolWorker-1: Calling delphi to calculate conformer (167/592) HIS+1A1136_003 in /tmp/pbe_data.data.home.granepura.5-Kinases.Kinases_MCCE.Trial01.run_holo.2WGJ_HIS+1A1136_003
2026-09-22 07:17:49 - INFO: step3.py, pbe: Skipping PBE solver for non-charge conformer (168/592) PRO01A1137_001...
2026-09-22 07:17:49 - INFO: step3.py, pbe: ForkPoolWorker-3: Calling delphi to calculate conformer (169/592) ASN01A1138_001 in /tmp/pbe_data.data.home.granepura.5-Kinases.Kinases_MCCE.Trial01.run_holo.2WGJ_ASN01A1138_001
2026-09-22 07:17:50 - INFO: step3.py, pbe: ForkPoolWorker-5: Calling delphi to calculate conformer (170/592) ASN01A1138_002 in /tmp/pbe_data.data.home.granepura.5-Kinases.Kinases_MCCE.Trial01.run_holo.2WGJ_ASN01A1138_002
2026-09-22 07:17:50 - INFO: step3.py, pbe: Skipping PBE solver for non-charge conformer (171/592) VAL01A1139_001...
2026-09-22 07:17:50 - INFO: step3.py, pbe: Skipping PBE solver for non-charge conformer (172/592) LEU01A1140_001...
2026-09-22 07:17:50 - INFO: step3.py, pbe: ForkPoolWorker-4: Calling delphi to calculate conformer (173/592) SER01A1141_001 in /tmp/pbe_data.data.home.granepura.5-Kinases.Kinases_MCCE.Trial01.run_holo.2WGJ_SER01A1141_001
2026-09-22 07:17:52 - INFO: step3.py, pbe: Skipping PBE solver for non-charge conformer (174/592) LEU01A1142_001...
2026-09-22 07:17:52 - INFO: step3.py, pbe: Skipping PBE solver for non-charge conformer (175/592) LEU01A1143_001...
2026-09-22 07:17:52 - INFO: step3.py, pbe: Skipping PBE solver for non-charge conformer (176/592) ILE01A1145_001...
2026-09-22 07:17:52 - INFO: step3.py, pbe: ForkPoolWorker-2: Calling delphi to calculate conformer (177/592) CYS01A1146_001 in /tmp/pbe_data.data.home.granepura.5-Kinases.Kinases_MCCE.Trial01.run_holo.2WGJ_CYS01A1146_001
2026-09-22 07:17:52 - INFO: step3.py, pbe: ForkPoolWorker-1: Calling delphi to calculate conformer (178/592) CYS01A1146_002 in /tmp/pbe_data.data.home.granepura.5-Kinases.Kinases_MCCE.Trial01.run_holo.2WGJ_CYS01A1146_002
2026-09-22 07:17:54 - INFO: step3.py, pbe: ForkPoolWorker-3: Calling delphi to calculate conformer (179/592) CYS01A1146_003 in /tmp/pbe_data.data.home.granepura.5-Kinases.Kinases_MCCE.Trial01.run_holo.2WGJ_CYS01A1146_003
2026-09-22 07:17:54 - INFO: step3.py, pbe: ForkPoolWorker-5: Calling delphi to calculate conformer (180/592) CYS-1A1146_004 in /tmp/pbe_data.data.home.granepura.5-Kinases.Kinases_MCCE.Trial01.run_holo.2WGJ_CYS-1A1146_004
2026-09-22 07:17:55 - INFO: step3.py, pbe: Skipping PBE solver for non-charge conformer (181/592) LEU01A1147_001...
2026-09-22 07:17:55 - INFO: step3.py, pbe: ForkPoolWorker-4: Calling delphi to calculate conformer (182/592) ARG01A1148_001 in /tmp/pbe_data.data.home.granepura.5-Kinases.Kinases_MCCE.Trial01.run_holo.2WGJ_ARG01A1148_001
2026-09-22 07:17:57 - INFO: step3.py, pbe: ForkPoolWorker-2: Calling delphi to calculate conformer (183/592) ARG02A1148_002 in /tmp/pbe_data.data.home.granepura.5-Kinases.Kinases_MCCE.Trial01.run_holo.2WGJ_ARG02A1148_002
2026-09-22 07:17:57 - INFO: step3.py, pbe: ForkPoolWorker-1: Calling delphi to calculate conformer (184/592) ARG03A1148_003 in /tmp/pbe_data.data.home.granepura.5-Kinases.Kinases_MCCE.Trial01.run_holo.2WGJ_ARG03A1148_003
2026-09-22 07:17:59 - INFO: step3.py, pbe: ForkPoolWorker-3: Calling delphi to calculate conformer (185/592) ARG+1A1148_004 in /tmp/pbe_data.data.home.granepura.5-Kinases.Kinases_MCCE.Trial01.run_holo.2WGJ_ARG+1A1148_004
2026-09-22 07:17:59 - INFO: step3.py, pbe: ForkPoolWorker-5: Calling delphi to calculate conformer (186/592) SER01A1149_001 in /tmp/pbe_data.data.home.granepura.5-Kinases.Kinases_MCCE.Trial01.run_holo.2WGJ_SER01A1149_001
2026-09-22 07:18:00 - INFO: step3.py, pbe: ForkPoolWorker-4: Calling delphi to calculate conformer (187/592) GLU01A1150_001 in /tmp/pbe_data.data.home.granepura.5-Kinases.Kinases_MCCE.Trial01.run_holo.2WGJ_GLU01A1150_001
2026-09-22 07:18:01 - INFO: step3.py, pbe: ForkPoolWorker-2: Calling delphi to calculate conformer (188/592) GLU01A1150_002 in /tmp/pbe_data.data.home.granepura.5-Kinases.Kinases_MCCE.Trial01.run_holo.2WGJ_GLU01A1150_002
2026-09-22 07:18:02 - INFO: step3.py, pbe: ForkPoolWorker-1: Calling delphi to calculate conformer (189/592) GLU02A1150_003 in /tmp/pbe_data.data.home.granepura.5-Kinases.Kinases_MCCE.Trial01.run_holo.2WGJ_GLU02A1150_003
2026-09-22 07:18:04 - INFO: step3.py, pbe: ForkPoolWorker-5: Calling delphi to calculate conformer (191/592) GLU-1A1150_005 in /tmp/pbe_data.data.home.granepura.5-Kinases.Kinases_MCCE.Trial01.run_holo.2WGJ_GLU-1A1150_005
2026-09-22 07:18:04 - INFO: step3.py, pbe: ForkPoolWorker-3: Calling delphi to calculate conformer (190/592) GLU02A1150_004 in /tmp/pbe_data.data.home.granepura.5-Kinases.Kinases_MCCE.Trial01.run_holo.2WGJ_GLU02A1150_004
2026-09-22 07:18:05 - INFO: step3.py, pbe: ForkPoolWorker-4: Calling delphi to calculate conformer (192/592) SER01A1152_001 in /tmp/pbe_data.data.home.granepura.5-Kinases.Kinases_MCCE.Trial01.run_holo.2WGJ_SER01A1152_001
2026-09-22 07:18:06 - INFO: step3.py, pbe: Skipping PBE solver for non-charge conformer (193/592) PRO01A1153_001...
2026-09-22 07:18:06 - INFO: step3.py, pbe: Skipping PBE solver for non-charge conformer (194/592) LEU01A1154_001...
2026-09-22 07:18:06 - INFO: step3.py, pbe: Skipping PBE solver for non-charge conformer (195/592) VAL01A1155_001...
2026-09-22 07:18:06 - INFO: step3.py, pbe: Skipping PBE solver for non-charge conformer (196/592) VAL01A1156_001...
2026-09-22 07:18:06 - INFO: step3.py, pbe: Skipping PBE solver for non-charge conformer (197/592) LEU01A1157_001...
2026-09-22 07:18:06 - INFO: step3.py, pbe: Skipping PBE solver for non-charge conformer (198/592) PRO01A1158_001...
2026-09-22 07:18:06 - INFO: step3.py, pbe: ForkPoolWorker-2: Calling delphi to calculate conformer (199/592) TYR01A1159_001 in /tmp/pbe_data.data.home.granepura.5-Kinases.Kinases_MCCE.Trial01.run_holo.2WGJ_TYR01A1159_001
2026-09-22 07:18:06 - INFO: step3.py, pbe: ForkPoolWorker-1: Calling delphi to calculate conformer (200/592) TYR01A1159_002 in /tmp/pbe_data.data.home.granepura.5-Kinases.Kinases_MCCE.Trial01.run_holo.2WGJ_TYR01A1159_002
2026-09-22 07:18:09 - INFO: step3.py, pbe: ForkPoolWorker-5: Calling delphi to calculate conformer (201/592) TYR-1A1159_003 in /tmp/pbe_data.data.home.granepura.5-Kinases.Kinases_MCCE.Trial01.run_holo.2WGJ_TYR-1A1159_003
2026-09-22 07:18:09 - INFO: step3.py, pbe: ForkPoolWorker-3: Calling delphi to calculate conformer (202/592) MET01A1160_001 in /tmp/pbe_data.data.home.granepura.5-Kinases.Kinases_MCCE.Trial01.run_holo.2WGJ_MET01A1160_001
2026-09-22 07:18:10 - INFO: step3.py, pbe: ForkPoolWorker-4: Calling delphi to calculate conformer (203/592) LYS01A1161_001 in /tmp/pbe_data.data.home.granepura.5-Kinases.Kinases_MCCE.Trial01.run_holo.2WGJ_LYS01A1161_001
2026-09-22 07:18:11 - INFO: step3.py, pbe: ForkPoolWorker-2: Calling delphi to calculate conformer (204/592) LYS+1A1161_002 in /tmp/pbe_data.data.home.granepura.5-Kinases.Kinases_MCCE.Trial01.run_holo.2WGJ_LYS+1A1161_002
2026-09-22 07:18:11 - INFO: step3.py, pbe: ForkPoolWorker-1: Calling delphi to calculate conformer (205/592) HIS01A1162_001 in /tmp/pbe_data.data.home.granepura.5-Kinases.Kinases_MCCE.Trial01.run_holo.2WGJ_HIS01A1162_001
2026-09-22 07:18:13 - INFO: step3.py, pbe: ForkPoolWorker-5: Calling delphi to calculate conformer (206/592) HIS02A1162_002 in /tmp/pbe_data.data.home.granepura.5-Kinases.Kinases_MCCE.Trial01.run_holo.2WGJ_HIS02A1162_002
2026-09-22 07:18:13 - INFO: step3.py, pbe: ForkPoolWorker-3: Calling delphi to calculate conformer (207/592) HIS+1A1162_003 in /tmp/pbe_data.data.home.granepura.5-Kinases.Kinases_MCCE.Trial01.run_holo.2WGJ_HIS+1A1162_003
2026-09-22 07:18:15 - INFO: step3.py, pbe: ForkPoolWorker-4: Calling delphi to calculate conformer (208/592) ASP01A1164_001 in /tmp/pbe_data.data.home.granepura.5-Kinases.Kinases_MCCE.Trial01.run_holo.2WGJ_ASP01A1164_001
2026-09-22 07:18:16 - INFO: step3.py, pbe: ForkPoolWorker-2: Calling delphi to calculate conformer (209/592) ASP01A1164_002 in /tmp/pbe_data.data.home.granepura.5-Kinases.Kinases_MCCE.Trial01.run_holo.2WGJ_ASP01A1164_002
2026-09-22 07:18:16 - INFO: step3.py, pbe: ForkPoolWorker-1: Calling delphi to calculate conformer (210/592) ASP02A1164_003 in /tmp/pbe_data.data.home.granepura.5-Kinases.Kinases_MCCE.Trial01.run_holo.2WGJ_ASP02A1164_003
2026-09-22 07:18:18 - INFO: step3.py, pbe: ForkPoolWorker-5: Calling delphi to calculate conformer (211/592) ASP02A1164_004 in /tmp/pbe_data.data.home.granepura.5-Kinases.Kinases_MCCE.Trial01.run_holo.2WGJ_ASP02A1164_004
2026-09-22 07:18:18 - INFO: step3.py, pbe: ForkPoolWorker-3: Calling delphi to calculate conformer (212/592) ASP-1A1164_005 in /tmp/pbe_data.data.home.granepura.5-Kinases.Kinases_MCCE.Trial01.run_holo.2WGJ_ASP-1A1164_005
2026-09-22 07:18:19 - INFO: step3.py, pbe: Skipping PBE solver for non-charge conformer (213/592) LEU01A1165_001...
2026-09-22 07:18:19 - INFO: step3.py, pbe: ForkPoolWorker-4: Calling delphi to calculate conformer (214/592) ARG01A1166_001 in /tmp/pbe_data.data.home.granepura.5-Kinases.Kinases_MCCE.Trial01.run_holo.2WGJ_ARG01A1166_001
2026-09-22 07:18:21 - INFO: step3.py, pbe: ForkPoolWorker-2: Calling delphi to calculate conformer (215/592) ARG02A1166_002 in /tmp/pbe_data.data.home.granepura.5-Kinases.Kinases_MCCE.Trial01.run_holo.2WGJ_ARG02A1166_002
2026-09-22 07:18:21 - INFO: step3.py, pbe: ForkPoolWorker-1: Calling delphi to calculate conformer (216/592) ARG03A1166_003 in /tmp/pbe_data.data.home.granepura.5-Kinases.Kinases_MCCE.Trial01.run_holo.2WGJ_ARG03A1166_003
2026-09-22 07:18:22 - INFO: step3.py, pbe: ForkPoolWorker-5: Calling delphi to calculate conformer (217/592) ARG03A1166_004 in /tmp/pbe_data.data.home.granepura.5-Kinases.Kinases_MCCE.Trial01.run_holo.2WGJ_ARG03A1166_004
2026-09-22 07:18:23 - INFO: step3.py, pbe: ForkPoolWorker-3: Calling delphi to calculate conformer (218/592) ARG+1A1166_005 in /tmp/pbe_data.data.home.granepura.5-Kinases.Kinases_MCCE.Trial01.run_holo.2WGJ_ARG+1A1166_005
2026-09-22 07:18:24 - INFO: step3.py, pbe: ForkPoolWorker-4: Calling delphi to calculate conformer (219/592) ASN01A1167_001 in /tmp/pbe_data.data.home.granepura.5-Kinases.Kinases_MCCE.Trial01.run_holo.2WGJ_ASN01A1167_001
2026-09-22 07:18:25 - INFO: step3.py, pbe: ForkPoolWorker-2: Calling delphi to calculate conformer (220/592) ASN01A1167_002 in /tmp/pbe_data.data.home.granepura.5-Kinases.Kinases_MCCE.Trial01.run_holo.2WGJ_ASN01A1167_002
2026-09-22 07:18:25 - INFO: step3.py, pbe: Skipping PBE solver for non-charge conformer (221/592) PHE01A1168_001...
2026-09-22 07:18:25 - INFO: step3.py, pbe: Skipping PBE solver for non-charge conformer (222/592) ILE01A1169_001...
2026-09-22 07:18:25 - INFO: step3.py, pbe: ForkPoolWorker-1: Calling delphi to calculate conformer (223/592) ARG01A1170_001 in /tmp/pbe_data.data.home.granepura.5-Kinases.Kinases_MCCE.Trial01.run_holo.2WGJ_ARG01A1170_001
2026-09-22 07:18:27 - INFO: step3.py, pbe: ForkPoolWorker-5: Calling delphi to calculate conformer (224/592) ARG02A1170_002 in /tmp/pbe_data.data.home.granepura.5-Kinases.Kinases_MCCE.Trial01.run_holo.2WGJ_ARG02A1170_002
2026-09-22 07:18:27 - INFO: step3.py, pbe: ForkPoolWorker-3: Calling delphi to calculate conformer (225/592) ARG03A1170_003 in /tmp/pbe_data.data.home.granepura.5-Kinases.Kinases_MCCE.Trial01.run_holo.2WGJ_ARG03A1170_003
2026-09-22 07:18:29 - INFO: step3.py, pbe: ForkPoolWorker-4: Calling delphi to calculate conformer (226/592) ARG+1A1170_004 in /tmp/pbe_data.data.home.granepura.5-Kinases.Kinases_MCCE.Trial01.run_holo.2WGJ_ARG+1A1170_004
2026-09-22 07:18:30 - INFO: step3.py, pbe: ForkPoolWorker-2: Calling delphi to calculate conformer (227/592) ASN01A1171_001 in /tmp/pbe_data.data.home.granepura.5-Kinases.Kinases_MCCE.Trial01.run_holo.2WGJ_ASN01A1171_001
2026-09-22 07:18:30 - INFO: step3.py, pbe: ForkPoolWorker-1: Calling delphi to calculate conformer (228/592) GLU01A1172_001 in /tmp/pbe_data.data.home.granepura.5-Kinases.Kinases_MCCE.Trial01.run_holo.2WGJ_GLU01A1172_001
2026-09-22 07:18:32 - INFO: step3.py, pbe: ForkPoolWorker-5: Calling delphi to calculate conformer (229/592) GLU01A1172_002 in /tmp/pbe_data.data.home.granepura.5-Kinases.Kinases_MCCE.Trial01.run_holo.2WGJ_GLU01A1172_002
2026-09-22 07:18:32 - INFO: step3.py, pbe: ForkPoolWorker-3: Calling delphi to calculate conformer (230/592) GLU02A1172_003 in /tmp/pbe_data.data.home.granepura.5-Kinases.Kinases_MCCE.Trial01.run_holo.2WGJ_GLU02A1172_003
2026-09-22 07:18:33 - INFO: step3.py, pbe: ForkPoolWorker-4: Calling delphi to calculate conformer (231/592) GLU02A1172_004 in /tmp/pbe_data.data.home.granepura.5-Kinases.Kinases_MCCE.Trial01.run_holo.2WGJ_GLU02A1172_004
2026-09-22 07:18:34 - INFO: step3.py, pbe: ForkPoolWorker-2: Calling delphi to calculate conformer (232/592) GLU-1A1172_005 in /tmp/pbe_data.data.home.granepura.5-Kinases.Kinases_MCCE.Trial01.run_holo.2WGJ_GLU-1A1172_005
2026-09-22 07:18:35 - INFO: step3.py, pbe: ForkPoolWorker-1: Calling delphi to calculate conformer (233/592) THR01A1173_001 in /tmp/pbe_data.data.home.granepura.5-Kinases.Kinases_MCCE.Trial01.run_holo.2WGJ_THR01A1173_001
2026-09-22 07:18:36 - INFO: step3.py, pbe: ForkPoolWorker-5: Calling delphi to calculate conformer (234/592) THR01A1173_002 in /tmp/pbe_data.data.home.granepura.5-Kinases.Kinases_MCCE.Trial01.run_holo.2WGJ_THR01A1173_002
2026-09-22 07:18:36 - INFO: step3.py, pbe: ForkPoolWorker-3: Calling delphi to calculate conformer (235/592) THR01A1173_003 in /tmp/pbe_data.data.home.granepura.5-Kinases.Kinases_MCCE.Trial01.run_holo.2WGJ_THR01A1173_003
2026-09-22 07:18:38 - INFO: step3.py, pbe: ForkPoolWorker-4: Calling delphi to calculate conformer (236/592) HIS01A1174_001 in /tmp/pbe_data.data.home.granepura.5-Kinases.Kinases_MCCE.Trial01.run_holo.2WGJ_HIS01A1174_001
2026-09-22 07:18:39 - INFO: step3.py, pbe: ForkPoolWorker-2: Calling delphi to calculate conformer (237/592) HIS01A1174_002 in /tmp/pbe_data.data.home.granepura.5-Kinases.Kinases_MCCE.Trial01.run_holo.2WGJ_HIS01A1174_002
2026-09-22 07:18:39 - INFO: step3.py, pbe: ForkPoolWorker-1: Calling delphi to calculate conformer (238/592) HIS02A1174_003 in /tmp/pbe_data.data.home.granepura.5-Kinases.Kinases_MCCE.Trial01.run_holo.2WGJ_HIS02A1174_003
2026-09-22 07:18:41 - INFO: step3.py, pbe: ForkPoolWorker-5: Calling delphi to calculate conformer (239/592) HIS02A1174_004 in /tmp/pbe_data.data.home.granepura.5-Kinases.Kinases_MCCE.Trial01.run_holo.2WGJ_HIS02A1174_004
2026-09-22 07:18:41 - INFO: step3.py, pbe: ForkPoolWorker-3: Calling delphi to calculate conformer (240/592) HIS+1A1174_005 in /tmp/pbe_data.data.home.granepura.5-Kinases.Kinases_MCCE.Trial01.run_holo.2WGJ_HIS+1A1174_005
2026-09-22 07:18:42 - INFO: step3.py, pbe: ForkPoolWorker-4: Calling delphi to calculate conformer (241/592) HIS+1A1174_006 in /tmp/pbe_data.data.home.granepura.5-Kinases.Kinases_MCCE.Trial01.run_holo.2WGJ_HIS+1A1174_006
2026-09-22 07:18:44 - INFO: step3.py, pbe: ForkPoolWorker-2: Calling delphi to calculate conformer (242/592) ASN01A1175_001 in /tmp/pbe_data.data.home.granepura.5-Kinases.Kinases_MCCE.Trial01.run_holo.2WGJ_ASN01A1175_001
2026-09-22 07:18:44 - INFO: step3.py, pbe: ForkPoolWorker-1: Calling delphi to calculate conformer (243/592) ASN01A1175_002 in /tmp/pbe_data.data.home.granepura.5-Kinases.Kinases_MCCE.Trial01.run_holo.2WGJ_ASN01A1175_002
2026-09-22 07:18:46 - INFO: step3.py, pbe: Skipping PBE solver for non-charge conformer (244/592) PRO01A1176_001...
2026-09-22 07:18:46 - INFO: step3.py, pbe: ForkPoolWorker-5: Calling delphi to calculate conformer (245/592) THR01A1177_001 in /tmp/pbe_data.data.home.granepura.5-Kinases.Kinases_MCCE.Trial01.run_holo.2WGJ_THR01A1177_001
2026-09-22 07:18:46 - INFO: step3.py, pbe: ForkPoolWorker-3: Calling delphi to calculate conformer (246/592) THR01A1177_002 in /tmp/pbe_data.data.home.granepura.5-Kinases.Kinases_MCCE.Trial01.run_holo.2WGJ_THR01A1177_002
2026-09-22 07:18:47 - INFO: step3.py, pbe: Skipping PBE solver for non-charge conformer (247/592) VAL01A1178_001...
2026-09-22 07:18:47 - INFO: step3.py, pbe: ForkPoolWorker-4: Calling delphi to calculate conformer (248/592) LYS01A1179_001 in /tmp/pbe_data.data.home.granepura.5-Kinases.Kinases_MCCE.Trial01.run_holo.2WGJ_LYS01A1179_001
2026-09-22 07:18:48 - INFO: step3.py, pbe: ForkPoolWorker-2: Calling delphi to calculate conformer (249/592) LYS+1A1179_002 in /tmp/pbe_data.data.home.granepura.5-Kinases.Kinases_MCCE.Trial01.run_holo.2WGJ_LYS+1A1179_002
2026-09-22 07:18:49 - INFO: step3.py, pbe: ForkPoolWorker-1: Calling delphi to calculate conformer (250/592) ASP01A1180_001 in /tmp/pbe_data.data.home.granepura.5-Kinases.Kinases_MCCE.Trial01.run_holo.2WGJ_ASP01A1180_001
2026-09-22 07:18:50 - INFO: step3.py, pbe: ForkPoolWorker-3: Calling delphi to calculate conformer (251/592) ASP01A1180_002 in /tmp/pbe_data.data.home.granepura.5-Kinases.Kinases_MCCE.Trial01.run_holo.2WGJ_ASP01A1180_002
2026-09-22 07:18:50 - INFO: step3.py, pbe: ForkPoolWorker-5: Calling delphi to calculate conformer (252/592) ASP02A1180_003 in /tmp/pbe_data.data.home.granepura.5-Kinases.Kinases_MCCE.Trial01.run_holo.2WGJ_ASP02A1180_003
2026-09-22 07:18:52 - INFO: step3.py, pbe: ForkPoolWorker-4: Calling delphi to calculate conformer (253/592) ASP02A1180_004 in /tmp/pbe_data.data.home.granepura.5-Kinases.Kinases_MCCE.Trial01.run_holo.2WGJ_ASP02A1180_004
2026-09-22 07:18:53 - INFO: step3.py, pbe: ForkPoolWorker-2: Calling delphi to calculate conformer (254/592) ASP-1A1180_005 in /tmp/pbe_data.data.home.granepura.5-Kinases.Kinases_MCCE.Trial01.run_holo.2WGJ_ASP-1A1180_005
2026-09-22 07:18:54 - INFO: step3.py, pbe: Skipping PBE solver for non-charge conformer (255/592) LEU01A1181_001...
2026-09-22 07:18:54 - INFO: step3.py, pbe: Skipping PBE solver for non-charge conformer (256/592) ILE01A1182_001...
2026-09-22 07:18:54 - INFO: step3.py, pbe: Skipping PBE solver for non-charge conformer (257/592) PHE01A1184_001...
2026-09-22 07:18:54 - INFO: step3.py, pbe: Skipping PBE solver for non-charge conformer (258/592) LEU01A1186_001...
2026-09-22 07:18:54 - INFO: step3.py, pbe: ForkPoolWorker-1: Calling delphi to calculate conformer (259/592) GLN01A1187_001 in /tmp/pbe_data.data.home.granepura.5-Kinases.Kinases_MCCE.Trial01.run_holo.2WGJ_GLN01A1187_001
2026-09-22 07:18:55 - INFO: step3.py, pbe: ForkPoolWorker-3: Calling delphi to calculate conformer (260/592) GLN01A1187_002 in /tmp/pbe_data.data.home.granepura.5-Kinases.Kinases_MCCE.Trial01.run_holo.2WGJ_GLN01A1187_002
2026-09-22 07:18:55 - INFO: step3.py, pbe: Skipping PBE solver for non-charge conformer (261/592) VAL01A1188_001...
2026-09-22 07:18:55 - INFO: step3.py, pbe: Skipping PBE solver for non-charge conformer (262/592) ALA01A1189_001...
2026-09-22 07:18:55 - INFO: step3.py, pbe: ForkPoolWorker-5: Calling delphi to calculate conformer (263/592) LYS01A1190_001 in /tmp/pbe_data.data.home.granepura.5-Kinases.Kinases_MCCE.Trial01.run_holo.2WGJ_LYS01A1190_001
2026-09-22 07:18:56 - INFO: step3.py, pbe: ForkPoolWorker-4: Calling delphi to calculate conformer (264/592) LYS+1A1190_002 in /tmp/pbe_data.data.home.granepura.5-Kinases.Kinases_MCCE.Trial01.run_holo.2WGJ_LYS+1A1190_002
2026-09-22 07:18:58 - INFO: step3.py, pbe: ForkPoolWorker-2: Calling delphi to calculate conformer (265/592) MET01A1192_001 in /tmp/pbe_data.data.home.granepura.5-Kinases.Kinases_MCCE.Trial01.run_holo.2WGJ_MET01A1192_001
2026-09-22 07:18:59 - INFO: step3.py, pbe: ForkPoolWorker-1: Calling delphi to calculate conformer (266/592) LYS01A1193_001 in /tmp/pbe_data.data.home.granepura.5-Kinases.Kinases_MCCE.Trial01.run_holo.2WGJ_LYS01A1193_001
2026-09-22 07:19:00 - INFO: step3.py, pbe: ForkPoolWorker-3: Calling delphi to calculate conformer (267/592) LYS+1A1193_002 in /tmp/pbe_data.data.home.granepura.5-Kinases.Kinases_MCCE.Trial01.run_holo.2WGJ_LYS+1A1193_002
2026-09-22 07:19:00 - INFO: step3.py, pbe: ForkPoolWorker-5: Calling delphi to calculate conformer (268/592) TYR01A1194_001 in /tmp/pbe_data.data.home.granepura.5-Kinases.Kinases_MCCE.Trial01.run_holo.2WGJ_TYR01A1194_001
2026-09-22 07:19:01 - INFO: step3.py, pbe: ForkPoolWorker-4: Calling delphi to calculate conformer (269/592) TYR01A1194_002 in /tmp/pbe_data.data.home.granepura.5-Kinases.Kinases_MCCE.Trial01.run_holo.2WGJ_TYR01A1194_002
2026-09-22 07:19:03 - INFO: step3.py, pbe: ForkPoolWorker-2: Calling delphi to calculate conformer (270/592) TYR-1A1194_003 in /tmp/pbe_data.data.home.granepura.5-Kinases.Kinases_MCCE.Trial01.run_holo.2WGJ_TYR-1A1194_003
2026-09-22 07:19:03 - INFO: step3.py, pbe: Skipping PBE solver for non-charge conformer (271/592) LEU01A1195_001...
2026-09-22 07:19:03 - INFO: step3.py, pbe: Skipping PBE solver for non-charge conformer (272/592) ALA01A1196_001...
2026-09-22 07:19:03 - INFO: step3.py, pbe: ForkPoolWorker-1: Calling delphi to calculate conformer (273/592) SER01A1197_001 in /tmp/pbe_data.data.home.granepura.5-Kinases.Kinases_MCCE.Trial01.run_holo.2WGJ_SER01A1197_001
2026-09-22 07:19:05 - INFO: step3.py, pbe: ForkPoolWorker-3: Calling delphi to calculate conformer (274/592) SER01A1197_002 in /tmp/pbe_data.data.home.granepura.5-Kinases.Kinases_MCCE.Trial01.run_holo.2WGJ_SER01A1197_002
2026-09-22 07:19:05 - INFO: step3.py, pbe: ForkPoolWorker-5: Calling delphi to calculate conformer (275/592) LYS01A1198_001 in /tmp/pbe_data.data.home.granepura.5-Kinases.Kinases_MCCE.Trial01.run_holo.2WGJ_LYS01A1198_001
2026-09-22 07:19:06 - INFO: step3.py, pbe: ForkPoolWorker-4: Calling delphi to calculate conformer (276/592) LYS+1A1198_002 in /tmp/pbe_data.data.home.granepura.5-Kinases.Kinases_MCCE.Trial01.run_holo.2WGJ_LYS+1A1198_002
2026-09-22 07:19:07 - INFO: step3.py, pbe: ForkPoolWorker-2: Calling delphi to calculate conformer (277/592) LYS01A1199_001 in /tmp/pbe_data.data.home.granepura.5-Kinases.Kinases_MCCE.Trial01.run_holo.2WGJ_LYS01A1199_001
2026-09-22 07:19:08 - INFO: step3.py, pbe: ForkPoolWorker-1: Calling delphi to calculate conformer (278/592) LYS+1A1199_002 in /tmp/pbe_data.data.home.granepura.5-Kinases.Kinases_MCCE.Trial01.run_holo.2WGJ_LYS+1A1199_002
2026-09-22 07:19:09 - INFO: step3.py, pbe: Skipping PBE solver for non-charge conformer (279/592) PHE01A1200_001...
2026-09-22 07:19:09 - INFO: step3.py, pbe: Skipping PBE solver for non-charge conformer (280/592) VAL01A1201_001...
2026-09-22 07:19:09 - INFO: step3.py, pbe: ForkPoolWorker-3: Calling delphi to calculate conformer (281/592) HIS01A1202_001 in /tmp/pbe_data.data.home.granepura.5-Kinases.Kinases_MCCE.Trial01.run_holo.2WGJ_HIS01A1202_001
2026-09-22 07:19:09 - INFO: step3.py, pbe: ForkPoolWorker-5: Calling delphi to calculate conformer (282/592) HIS01A1202_002 in /tmp/pbe_data.data.home.granepura.5-Kinases.Kinases_MCCE.Trial01.run_holo.2WGJ_HIS01A1202_002
2026-09-22 07:19:11 - INFO: step3.py, pbe: ForkPoolWorker-4: Calling delphi to calculate conformer (283/592) HIS02A1202_003 in /tmp/pbe_data.data.home.granepura.5-Kinases.Kinases_MCCE.Trial01.run_holo.2WGJ_HIS02A1202_003
2026-09-22 07:19:12 - INFO: step3.py, pbe: ForkPoolWorker-2: Calling delphi to calculate conformer (284/592) HIS02A1202_004 in /tmp/pbe_data.data.home.granepura.5-Kinases.Kinases_MCCE.Trial01.run_holo.2WGJ_HIS02A1202_004
2026-09-22 07:19:12 - INFO: step3.py, pbe: ForkPoolWorker-1: Calling delphi to calculate conformer (285/592) HIS+1A1202_005 in /tmp/pbe_data.data.home.granepura.5-Kinases.Kinases_MCCE.Trial01.run_holo.2WGJ_HIS+1A1202_005
2026-09-22 07:19:14 - INFO: step3.py, pbe: ForkPoolWorker-3: Calling delphi to calculate conformer (286/592) HIS+1A1202_006 in /tmp/pbe_data.data.home.granepura.5-Kinases.Kinases_MCCE.Trial01.run_holo.2WGJ_HIS+1A1202_006
2026-09-22 07:19:14 - INFO: step3.py, pbe: ForkPoolWorker-5: Calling delphi to calculate conformer (287/592) ARG01A1203_001 in /tmp/pbe_data.data.home.granepura.5-Kinases.Kinases_MCCE.Trial01.run_holo.2WGJ_ARG01A1203_001
2026-09-22 07:19:15 - INFO: step3.py, pbe: ForkPoolWorker-4: Calling delphi to calculate conformer (288/592) ARG02A1203_002 in /tmp/pbe_data.data.home.granepura.5-Kinases.Kinases_MCCE.Trial01.run_holo.2WGJ_ARG02A1203_002
2026-09-22 07:19:17 - INFO: step3.py, pbe: ForkPoolWorker-2: Calling delphi to calculate conformer (289/592) ARG03A1203_003 in /tmp/pbe_data.data.home.granepura.5-Kinases.Kinases_MCCE.Trial01.run_holo.2WGJ_ARG03A1203_003
2026-09-22 07:19:17 - INFO: step3.py, pbe: ForkPoolWorker-1: Calling delphi to calculate conformer (290/592) ARG+1A1203_004 in /tmp/pbe_data.data.home.granepura.5-Kinases.Kinases_MCCE.Trial01.run_holo.2WGJ_ARG+1A1203_004
2026-09-22 07:19:19 - INFO: step3.py, pbe: ForkPoolWorker-3: Calling delphi to calculate conformer (292/592) ASP01A1204_002 in /tmp/pbe_data.data.home.granepura.5-Kinases.Kinases_MCCE.Trial01.run_holo.2WGJ_ASP01A1204_002
2026-09-22 07:19:19 - INFO: step3.py, pbe: ForkPoolWorker-5: Calling delphi to calculate conformer (291/592) ASP01A1204_001 in /tmp/pbe_data.data.home.granepura.5-Kinases.Kinases_MCCE.Trial01.run_holo.2WGJ_ASP01A1204_001
2026-09-22 07:19:20 - INFO: step3.py, pbe: ForkPoolWorker-4: Calling delphi to calculate conformer (293/592) ASP02A1204_003 in /tmp/pbe_data.data.home.granepura.5-Kinases.Kinases_MCCE.Trial01.run_holo.2WGJ_ASP02A1204_003
2026-09-22 07:19:21 - INFO: step3.py, pbe: ForkPoolWorker-2: Calling delphi to calculate conformer (294/592) ASP02A1204_004 in /tmp/pbe_data.data.home.granepura.5-Kinases.Kinases_MCCE.Trial01.run_holo.2WGJ_ASP02A1204_004
2026-09-22 07:19:22 - INFO: step3.py, pbe: ForkPoolWorker-1: Calling delphi to calculate conformer (295/592) ASP-1A1204_005 in /tmp/pbe_data.data.home.granepura.5-Kinases.Kinases_MCCE.Trial01.run_holo.2WGJ_ASP-1A1204_005
2026-09-22 07:19:24 - INFO: step3.py, pbe: Skipping PBE solver for non-charge conformer (296/592) LEU01A1205_001...
2026-09-22 07:19:24 - INFO: step3.py, pbe: Skipping PBE solver for non-charge conformer (297/592) ALA01A1206_001...
2026-09-22 07:19:24 - INFO: step3.py, pbe: ForkPoolWorker-5: Calling delphi to calculate conformer (299/592) ARG01A1208_001 in /tmp/pbe_data.data.home.granepura.5-Kinases.Kinases_MCCE.Trial01.run_holo.2WGJ_ARG01A1208_001
2026-09-22 07:19:24 - INFO: step3.py, pbe: Skipping PBE solver for non-charge conformer (298/592) ALA01A1207_001...
2026-09-22 07:19:24 - INFO: step3.py, pbe: ForkPoolWorker-3: Calling delphi to calculate conformer (300/592) ARG02A1208_002 in /tmp/pbe_data.data.home.granepura.5-Kinases.Kinases_MCCE.Trial01.run_holo.2WGJ_ARG02A1208_002
2026-09-22 07:19:25 - INFO: step3.py, pbe: ForkPoolWorker-4: Calling delphi to calculate conformer (301/592) ARG03A1208_003 in /tmp/pbe_data.data.home.granepura.5-Kinases.Kinases_MCCE.Trial01.run_holo.2WGJ_ARG03A1208_003
2026-09-22 07:19:26 - INFO: step3.py, pbe: ForkPoolWorker-2: Calling delphi to calculate conformer (302/592) ARG03A1208_004 in /tmp/pbe_data.data.home.granepura.5-Kinases.Kinases_MCCE.Trial01.run_holo.2WGJ_ARG03A1208_004
2026-09-22 07:19:27 - INFO: step3.py, pbe: ForkPoolWorker-1: Calling delphi to calculate conformer (303/592) ARG+1A1208_005 in /tmp/pbe_data.data.home.granepura.5-Kinases.Kinases_MCCE.Trial01.run_holo.2WGJ_ARG+1A1208_005
2026-09-22 07:19:29 - INFO: step3.py, pbe: ForkPoolWorker-5: Calling delphi to calculate conformer (304/592) ASN01A1209_001 in /tmp/pbe_data.data.home.granepura.5-Kinases.Kinases_MCCE.Trial01.run_holo.2WGJ_ASN01A1209_001
2026-09-22 07:19:29 - INFO: step3.py, pbe: ForkPoolWorker-3: Calling delphi to calculate conformer (305/592) ASN01A1209_002 in /tmp/pbe_data.data.home.granepura.5-Kinases.Kinases_MCCE.Trial01.run_holo.2WGJ_ASN01A1209_002
2026-09-22 07:19:30 - INFO: step3.py, pbe: ForkPoolWorker-4: Calling delphi to calculate conformer (306/592) CYS01A1210_001 in /tmp/pbe_data.data.home.granepura.5-Kinases.Kinases_MCCE.Trial01.run_holo.2WGJ_CYS01A1210_001
2026-09-22 07:19:31 - INFO: step3.py, pbe: ForkPoolWorker-2: Calling delphi to calculate conformer (307/592) CYS01A1210_002 in /tmp/pbe_data.data.home.granepura.5-Kinases.Kinases_MCCE.Trial01.run_holo.2WGJ_CYS01A1210_002
2026-09-22 07:19:31 - INFO: step3.py, pbe: ForkPoolWorker-1: Calling delphi to calculate conformer (308/592) CYS01A1210_003 in /tmp/pbe_data.data.home.granepura.5-Kinases.Kinases_MCCE.Trial01.run_holo.2WGJ_CYS01A1210_003
2026-09-22 07:19:33 - INFO: step3.py, pbe: ForkPoolWorker-5: Calling delphi to calculate conformer (309/592) CYS-1A1210_004 in /tmp/pbe_data.data.home.granepura.5-Kinases.Kinases_MCCE.Trial01.run_holo.2WGJ_CYS-1A1210_004
2026-09-22 07:19:33 - INFO: step3.py, pbe: ForkPoolWorker-3: Calling delphi to calculate conformer (310/592) MET01A1211_001 in /tmp/pbe_data.data.home.granepura.5-Kinases.Kinases_MCCE.Trial01.run_holo.2WGJ_MET01A1211_001
2026-09-22 07:19:34 - INFO: step3.py, pbe: Skipping PBE solver for non-charge conformer (311/592) LEU01A1212_001...
2026-09-22 07:19:34 - INFO: step3.py, pbe: ForkPoolWorker-4: Calling delphi to calculate conformer (312/592) ASP01A1213_001 in /tmp/pbe_data.data.home.granepura.5-Kinases.Kinases_MCCE.Trial01.run_holo.2WGJ_ASP01A1213_001
2026-09-22 07:19:36 - INFO: step3.py, pbe: ForkPoolWorker-2: Calling delphi to calculate conformer (313/592) ASP01A1213_002 in /tmp/pbe_data.data.home.granepura.5-Kinases.Kinases_MCCE.Trial01.run_holo.2WGJ_ASP01A1213_002
2026-09-22 07:19:36 - INFO: step3.py, pbe: ForkPoolWorker-1: Calling delphi to calculate conformer (314/592) ASP02A1213_003 in /tmp/pbe_data.data.home.granepura.5-Kinases.Kinases_MCCE.Trial01.run_holo.2WGJ_ASP02A1213_003
2026-09-22 07:19:38 - INFO: step3.py, pbe: ForkPoolWorker-5: Calling delphi to calculate conformer (315/592) ASP02A1213_004 in /tmp/pbe_data.data.home.granepura.5-Kinases.Kinases_MCCE.Trial01.run_holo.2WGJ_ASP02A1213_004
2026-09-22 07:19:38 - INFO: step3.py, pbe: ForkPoolWorker-3: Calling delphi to calculate conformer (316/592) ASP-1A1213_005 in /tmp/pbe_data.data.home.granepura.5-Kinases.Kinases_MCCE.Trial01.run_holo.2WGJ_ASP-1A1213_005
2026-09-22 07:19:39 - INFO: step3.py, pbe: ForkPoolWorker-4: Calling delphi to calculate conformer (317/592) GLU01A1214_001 in /tmp/pbe_data.data.home.granepura.5-Kinases.Kinases_MCCE.Trial01.run_holo.2WGJ_GLU01A1214_001
2026-09-22 07:19:40 - INFO: step3.py, pbe: ForkPoolWorker-2: Calling delphi to calculate conformer (318/592) GLU01A1214_002 in /tmp/pbe_data.data.home.granepura.5-Kinases.Kinases_MCCE.Trial01.run_holo.2WGJ_GLU01A1214_002
2026-09-22 07:19:41 - INFO: step3.py, pbe: ForkPoolWorker-1: Calling delphi to calculate conformer (319/592) GLU02A1214_003 in /tmp/pbe_data.data.home.granepura.5-Kinases.Kinases_MCCE.Trial01.run_holo.2WGJ_GLU02A1214_003
2026-09-22 07:19:43 - INFO: step3.py, pbe: ForkPoolWorker-5: Calling delphi to calculate conformer (320/592) GLU02A1214_004 in /tmp/pbe_data.data.home.granepura.5-Kinases.Kinases_MCCE.Trial01.run_holo.2WGJ_GLU02A1214_004
2026-09-22 07:19:43 - INFO: step3.py, pbe: ForkPoolWorker-3: Calling delphi to calculate conformer (321/592) GLU-1A1214_005 in /tmp/pbe_data.data.home.granepura.5-Kinases.Kinases_MCCE.Trial01.run_holo.2WGJ_GLU-1A1214_005
2026-09-22 07:19:44 - INFO: step3.py, pbe: ForkPoolWorker-4: Calling delphi to calculate conformer (322/592) LYS01A1215_001 in /tmp/pbe_data.data.home.granepura.5-Kinases.Kinases_MCCE.Trial01.run_holo.2WGJ_LYS01A1215_001
2026-09-22 07:19:45 - INFO: step3.py, pbe: ForkPoolWorker-2: Calling delphi to calculate conformer (323/592) LYS+1A1215_002 in /tmp/pbe_data.data.home.granepura.5-Kinases.Kinases_MCCE.Trial01.run_holo.2WGJ_LYS+1A1215_002
2026-09-22 07:19:45 - INFO: step3.py, pbe: Skipping PBE solver for non-charge conformer (324/592) PHE01A1216_001...
2026-09-22 07:19:45 - INFO: step3.py, pbe: ForkPoolWorker-1: Calling delphi to calculate conformer (325/592) THR01A1217_001 in /tmp/pbe_data.data.home.granepura.5-Kinases.Kinases_MCCE.Trial01.run_holo.2WGJ_THR01A1217_001
2026-09-22 07:19:48 - INFO: step3.py, pbe: ForkPoolWorker-5: Calling delphi to calculate conformer (326/592) THR01A1217_002 in /tmp/pbe_data.data.home.granepura.5-Kinases.Kinases_MCCE.Trial01.run_holo.2WGJ_THR01A1217_002
2026-09-22 07:19:48 - INFO: step3.py, pbe: Skipping PBE solver for non-charge conformer (327/592) VAL01A1218_001...
2026-09-22 07:19:48 - INFO: step3.py, pbe: ForkPoolWorker-3: Calling delphi to calculate conformer (328/592) LYS01A1219_001 in /tmp/pbe_data.data.home.granepura.5-Kinases.Kinases_MCCE.Trial01.run_holo.2WGJ_LYS01A1219_001
2026-09-22 07:19:49 - INFO: step3.py, pbe: ForkPoolWorker-4: Calling delphi to calculate conformer (329/592) LYS+1A1219_002 in /tmp/pbe_data.data.home.granepura.5-Kinases.Kinases_MCCE.Trial01.run_holo.2WGJ_LYS+1A1219_002
2026-09-22 07:19:50 - INFO: step3.py, pbe: Skipping PBE solver for non-charge conformer (330/592) VAL01A1220_001...
2026-09-22 07:19:50 - INFO: step3.py, pbe: Skipping PBE solver for non-charge conformer (331/592) ALA01A1221_001...
2026-09-22 07:19:50 - INFO: step3.py, pbe: ForkPoolWorker-2: Calling delphi to calculate conformer (332/592) ASP01A1222_001 in /tmp/pbe_data.data.home.granepura.5-Kinases.Kinases_MCCE.Trial01.run_holo.2WGJ_ASP01A1222_001
2026-09-22 07:19:50 - INFO: step3.py, pbe: ForkPoolWorker-1: Calling delphi to calculate conformer (333/592) ASP01A1222_002 in /tmp/pbe_data.data.home.granepura.5-Kinases.Kinases_MCCE.Trial01.run_holo.2WGJ_ASP01A1222_002
2026-09-22 07:19:52 - INFO: step3.py, pbe: ForkPoolWorker-5: Calling delphi to calculate conformer (334/592) ASP02A1222_003 in /tmp/pbe_data.data.home.granepura.5-Kinases.Kinases_MCCE.Trial01.run_holo.2WGJ_ASP02A1222_003
2026-09-22 07:19:52 - INFO: step3.py, pbe: ForkPoolWorker-3: Calling delphi to calculate conformer (335/592) ASP02A1222_004 in /tmp/pbe_data.data.home.granepura.5-Kinases.Kinases_MCCE.Trial01.run_holo.2WGJ_ASP02A1222_004
2026-09-22 07:19:54 - INFO: step3.py, pbe: ForkPoolWorker-4: Calling delphi to calculate conformer (336/592) ASP-1A1222_005 in /tmp/pbe_data.data.home.granepura.5-Kinases.Kinases_MCCE.Trial01.run_holo.2WGJ_ASP-1A1222_005
2026-09-22 07:19:55 - INFO: step3.py, pbe: Skipping PBE solver for non-charge conformer (337/592) PHE01A1223_001...
2026-09-22 07:19:55 - INFO: step3.py, pbe: Skipping PBE solver for non-charge conformer (338/592) LEU01A1225_001...
2026-09-22 07:19:55 - INFO: step3.py, pbe: Skipping PBE solver for non-charge conformer (339/592) ALA01A1226_001...
2026-09-22 07:19:55 - INFO: step3.py, pbe: ForkPoolWorker-2: Calling delphi to calculate conformer (340/592) ARG01A1227_001 in /tmp/pbe_data.data.home.granepura.5-Kinases.Kinases_MCCE.Trial01.run_holo.2WGJ_ARG01A1227_001
2026-09-22 07:19:55 - INFO: step3.py, pbe: ForkPoolWorker-1: Calling delphi to calculate conformer (341/592) ARG02A1227_002 in /tmp/pbe_data.data.home.granepura.5-Kinases.Kinases_MCCE.Trial01.run_holo.2WGJ_ARG02A1227_002
2026-09-22 07:19:57 - INFO: step3.py, pbe: ForkPoolWorker-5: Calling delphi to calculate conformer (342/592) ARG03A1227_003 in /tmp/pbe_data.data.home.granepura.5-Kinases.Kinases_MCCE.Trial01.run_holo.2WGJ_ARG03A1227_003
2026-09-22 07:19:57 - INFO: step3.py, pbe: ForkPoolWorker-3: Calling delphi to calculate conformer (343/592) ARG+1A1227_004 in /tmp/pbe_data.data.home.granepura.5-Kinases.Kinases_MCCE.Trial01.run_holo.2WGJ_ARG+1A1227_004
2026-09-22 07:19:59 - INFO: step3.py, pbe: ForkPoolWorker-4: Calling delphi to calculate conformer (344/592) ASP01A1228_001 in /tmp/pbe_data.data.home.granepura.5-Kinases.Kinases_MCCE.Trial01.run_holo.2WGJ_ASP01A1228_001
2026-09-22 07:20:00 - INFO: step3.py, pbe: ForkPoolWorker-2: Calling delphi to calculate conformer (345/592) ASP01A1228_002 in /tmp/pbe_data.data.home.granepura.5-Kinases.Kinases_MCCE.Trial01.run_holo.2WGJ_ASP01A1228_002
2026-09-22 07:20:00 - INFO: step3.py, pbe: ForkPoolWorker-1: Calling delphi to calculate conformer (346/592) ASP02A1228_003 in /tmp/pbe_data.data.home.granepura.5-Kinases.Kinases_MCCE.Trial01.run_holo.2WGJ_ASP02A1228_003
2026-09-22 07:20:02 - INFO: step3.py, pbe: ForkPoolWorker-5: Calling delphi to calculate conformer (347/592) ASP02A1228_004 in /tmp/pbe_data.data.home.granepura.5-Kinases.Kinases_MCCE.Trial01.run_holo.2WGJ_ASP02A1228_004
2026-09-22 07:20:02 - INFO: step3.py, pbe: ForkPoolWorker-3: Calling delphi to calculate conformer (348/592) ASP-1A1228_005 in /tmp/pbe_data.data.home.granepura.5-Kinases.Kinases_MCCE.Trial01.run_holo.2WGJ_ASP-1A1228_005
2026-09-22 07:20:03 - INFO: step3.py, pbe: ForkPoolWorker-4: Calling delphi to calculate conformer (349/592) MET01A1229_001 in /tmp/pbe_data.data.home.granepura.5-Kinases.Kinases_MCCE.Trial01.run_holo.2WGJ_MET01A1229_001
2026-09-22 07:20:04 - INFO: step3.py, pbe: ForkPoolWorker-2: Calling delphi to calculate conformer (350/592) TYR01A1230_001 in /tmp/pbe_data.data.home.granepura.5-Kinases.Kinases_MCCE.Trial01.run_holo.2WGJ_TYR01A1230_001
2026-09-22 07:20:05 - INFO: step3.py, pbe: ForkPoolWorker-1: Calling delphi to calculate conformer (351/592) TYR01A1230_002 in /tmp/pbe_data.data.home.granepura.5-Kinases.Kinases_MCCE.Trial01.run_holo.2WGJ_TYR01A1230_002
2026-09-22 07:20:07 - INFO: step3.py, pbe: ForkPoolWorker-3: Calling delphi to calculate conformer (352/592) TYR-1A1230_003 in /tmp/pbe_data.data.home.granepura.5-Kinases.Kinases_MCCE.Trial01.run_holo.2WGJ_TYR-1A1230_003
2026-09-22 07:20:07 - INFO: step3.py, pbe: ForkPoolWorker-5: Calling delphi to calculate conformer (353/592) ASP01A1231_001 in /tmp/pbe_data.data.home.granepura.5-Kinases.Kinases_MCCE.Trial01.run_holo.2WGJ_ASP01A1231_001
2026-09-22 07:20:08 - INFO: step3.py, pbe: ForkPoolWorker-4: Calling delphi to calculate conformer (354/592) ASP01A1231_002 in /tmp/pbe_data.data.home.granepura.5-Kinases.Kinases_MCCE.Trial01.run_holo.2WGJ_ASP01A1231_002
2026-09-22 07:20:09 - INFO: step3.py, pbe: ForkPoolWorker-2: Calling delphi to calculate conformer (355/592) ASP02A1231_003 in /tmp/pbe_data.data.home.granepura.5-Kinases.Kinases_MCCE.Trial01.run_holo.2WGJ_ASP02A1231_003
2026-09-22 07:20:09 - INFO: step3.py, pbe: ForkPoolWorker-1: Calling delphi to calculate conformer (356/592) ASP02A1231_004 in /tmp/pbe_data.data.home.granepura.5-Kinases.Kinases_MCCE.Trial01.run_holo.2WGJ_ASP02A1231_004
2026-09-22 07:20:11 - INFO: step3.py, pbe: ForkPoolWorker-3: Calling delphi to calculate conformer (357/592) ASP-1A1231_005 in /tmp/pbe_data.data.home.granepura.5-Kinases.Kinases_MCCE.Trial01.run_holo.2WGJ_ASP-1A1231_005
2026-09-22 07:20:11 - INFO: step3.py, pbe: ForkPoolWorker-5: Calling delphi to calculate conformer (358/592) LYS01A1232_001 in /tmp/pbe_data.data.home.granepura.5-Kinases.Kinases_MCCE.Trial01.run_holo.2WGJ_LYS01A1232_001
2026-09-22 07:20:13 - INFO: step3.py, pbe: ForkPoolWorker-4: Calling delphi to calculate conformer (359/592) LYS+1A1232_002 in /tmp/pbe_data.data.home.granepura.5-Kinases.Kinases_MCCE.Trial01.run_holo.2WGJ_LYS+1A1232_002
2026-09-22 07:20:14 - INFO: step3.py, pbe: ForkPoolWorker-2: Calling delphi to calculate conformer (360/592) GLU01A1233_001 in /tmp/pbe_data.data.home.granepura.5-Kinases.Kinases_MCCE.Trial01.run_holo.2WGJ_GLU01A1233_001
2026-09-22 07:20:14 - INFO: step3.py, pbe: ForkPoolWorker-1: Calling delphi to calculate conformer (361/592) GLU01A1233_002 in /tmp/pbe_data.data.home.granepura.5-Kinases.Kinases_MCCE.Trial01.run_holo.2WGJ_GLU01A1233_002
2026-09-22 07:20:16 - INFO: step3.py, pbe: ForkPoolWorker-3: Calling delphi to calculate conformer (362/592) GLU02A1233_003 in /tmp/pbe_data.data.home.granepura.5-Kinases.Kinases_MCCE.Trial01.run_holo.2WGJ_GLU02A1233_003
2026-09-22 07:20:16 - INFO: step3.py, pbe: ForkPoolWorker-5: Calling delphi to calculate conformer (363/592) GLU02A1233_004 in /tmp/pbe_data.data.home.granepura.5-Kinases.Kinases_MCCE.Trial01.run_holo.2WGJ_GLU02A1233_004
2026-09-22 07:20:17 - INFO: step3.py, pbe: ForkPoolWorker-4: Calling delphi to calculate conformer (364/592) GLU-1A1233_005 in /tmp/pbe_data.data.home.granepura.5-Kinases.Kinases_MCCE.Trial01.run_holo.2WGJ_GLU-1A1233_005
2026-09-22 07:20:19 - INFO: step3.py, pbe: ForkPoolWorker-2: Calling delphi to calculate conformer (366/592) TYR01A1234_002 in /tmp/pbe_data.data.home.granepura.5-Kinases.Kinases_MCCE.Trial01.run_holo.2WGJ_TYR01A1234_002
2026-09-22 07:20:19 - INFO: step3.py, pbe: ForkPoolWorker-1: Calling delphi to calculate conformer (365/592) TYR01A1234_001 in /tmp/pbe_data.data.home.granepura.5-Kinases.Kinases_MCCE.Trial01.run_holo.2WGJ_TYR01A1234_001
2026-09-22 07:20:20 - INFO: step3.py, pbe: ForkPoolWorker-3: Calling delphi to calculate conformer (367/592) TYR-1A1234_003 in /tmp/pbe_data.data.home.granepura.5-Kinases.Kinases_MCCE.Trial01.run_holo.2WGJ_TYR-1A1234_003
2026-09-22 07:20:21 - INFO: step3.py, pbe: ForkPoolWorker-5: Calling delphi to calculate conformer (368/592) TYR01A1235_001 in /tmp/pbe_data.data.home.granepura.5-Kinases.Kinases_MCCE.Trial01.run_holo.2WGJ_TYR01A1235_001
2026-09-22 07:20:22 - INFO: step3.py, pbe: ForkPoolWorker-4: Calling delphi to calculate conformer (369/592) TYR01A1235_002 in /tmp/pbe_data.data.home.granepura.5-Kinases.Kinases_MCCE.Trial01.run_holo.2WGJ_TYR01A1235_002
2026-09-22 07:20:24 - INFO: step3.py, pbe: ForkPoolWorker-2: Calling delphi to calculate conformer (370/592) TYR-1A1235_003 in /tmp/pbe_data.data.home.granepura.5-Kinases.Kinases_MCCE.Trial01.run_holo.2WGJ_TYR-1A1235_003
2026-09-22 07:20:24 - INFO: step3.py, pbe: ForkPoolWorker-1: Calling delphi to calculate conformer (371/592) SER01A1236_001 in /tmp/pbe_data.data.home.granepura.5-Kinases.Kinases_MCCE.Trial01.run_holo.2WGJ_SER01A1236_001
2026-09-22 07:20:25 - INFO: step3.py, pbe: ForkPoolWorker-3: Calling delphi to calculate conformer (372/592) SER01A1236_002 in /tmp/pbe_data.data.home.granepura.5-Kinases.Kinases_MCCE.Trial01.run_holo.2WGJ_SER01A1236_002
2026-09-22 07:20:25 - INFO: step3.py, pbe: Skipping PBE solver for non-charge conformer (373/592) VAL01A1237_001...
2026-09-22 07:20:25 - INFO: step3.py, pbe: ForkPoolWorker-5: Calling delphi to calculate conformer (374/592) HIS01A1238_001 in /tmp/pbe_data.data.home.granepura.5-Kinases.Kinases_MCCE.Trial01.run_holo.2WGJ_HIS01A1238_001
2026-09-22 07:20:27 - INFO: step3.py, pbe: ForkPoolWorker-4: Calling delphi to calculate conformer (375/592) HIS02A1238_002 in /tmp/pbe_data.data.home.granepura.5-Kinases.Kinases_MCCE.Trial01.run_holo.2WGJ_HIS02A1238_002
2026-09-22 07:20:28 - INFO: step3.py, pbe: ForkPoolWorker-1: Calling delphi to calculate conformer (376/592) HIS+1A1238_003 in /tmp/pbe_data.data.home.granepura.5-Kinases.Kinases_MCCE.Trial01.run_holo.2WGJ_HIS+1A1238_003
2026-09-22 07:20:28 - INFO: step3.py, pbe: ForkPoolWorker-2: Calling delphi to calculate conformer (377/592) ASN01A1239_001 in /tmp/pbe_data.data.home.granepura.5-Kinases.Kinases_MCCE.Trial01.run_holo.2WGJ_ASN01A1239_001
2026-09-22 07:20:30 - INFO: step3.py, pbe: ForkPoolWorker-3: Calling delphi to calculate conformer (378/592) ASN01A1239_002 in /tmp/pbe_data.data.home.granepura.5-Kinases.Kinases_MCCE.Trial01.run_holo.2WGJ_ASN01A1239_002
2026-09-22 07:20:30 - INFO: step3.py, pbe: ForkPoolWorker-5: Calling delphi to calculate conformer (379/592) LYS01A1240_001 in /tmp/pbe_data.data.home.granepura.5-Kinases.Kinases_MCCE.Trial01.run_holo.2WGJ_LYS01A1240_001
2026-09-22 07:20:31 - INFO: step3.py, pbe: ForkPoolWorker-4: Calling delphi to calculate conformer (380/592) LYS+1A1240_002 in /tmp/pbe_data.data.home.granepura.5-Kinases.Kinases_MCCE.Trial01.run_holo.2WGJ_LYS+1A1240_002
2026-09-22 07:20:33 - INFO: step3.py, pbe: ForkPoolWorker-1: Calling delphi to calculate conformer (381/592) THR01A1241_001 in /tmp/pbe_data.data.home.granepura.5-Kinases.Kinases_MCCE.Trial01.run_holo.2WGJ_THR01A1241_001
2026-09-22 07:20:33 - INFO: step3.py, pbe: ForkPoolWorker-2: Calling delphi to calculate conformer (382/592) THR01A1241_002 in /tmp/pbe_data.data.home.granepura.5-Kinases.Kinases_MCCE.Trial01.run_holo.2WGJ_THR01A1241_002
2026-09-22 07:20:35 - INFO: step3.py, pbe: ForkPoolWorker-3: Calling delphi to calculate conformer (383/592) THR01A1241_003 in /tmp/pbe_data.data.home.granepura.5-Kinases.Kinases_MCCE.Trial01.run_holo.2WGJ_THR01A1241_003
2026-09-22 07:20:35 - INFO: step3.py, pbe: Skipping PBE solver for non-charge conformer (384/592) ALA01A1243_001...
2026-09-22 07:20:35 - INFO: step3.py, pbe: ForkPoolWorker-5: Calling delphi to calculate conformer (385/592) LYS01A1244_001 in /tmp/pbe_data.data.home.granepura.5-Kinases.Kinases_MCCE.Trial01.run_holo.2WGJ_LYS01A1244_001
2026-09-22 07:20:36 - INFO: step3.py, pbe: ForkPoolWorker-4: Calling delphi to calculate conformer (386/592) LYS+1A1244_002 in /tmp/pbe_data.data.home.granepura.5-Kinases.Kinases_MCCE.Trial01.run_holo.2WGJ_LYS+1A1244_002
2026-09-22 07:20:38 - INFO: step3.py, pbe: Skipping PBE solver for non-charge conformer (387/592) LEU01A1245_001...
2026-09-22 07:20:38 - INFO: step3.py, pbe: Skipping PBE solver for non-charge conformer (388/592) PRO01A1246_001...
2026-09-22 07:20:38 - INFO: step3.py, pbe: Skipping PBE solver for non-charge conformer (389/592) VAL01A1247_001...
2026-09-22 07:20:38 - INFO: step3.py, pbe: ForkPoolWorker-2: Calling delphi to calculate conformer (390/592) LYS01A1248_001 in /tmp/pbe_data.data.home.granepura.5-Kinases.Kinases_MCCE.Trial01.run_holo.2WGJ_LYS01A1248_001
2026-09-22 07:20:38 - INFO: step3.py, pbe: ForkPoolWorker-1: Calling delphi to calculate conformer (391/592) LYS+1A1248_002 in /tmp/pbe_data.data.home.granepura.5-Kinases.Kinases_MCCE.Trial01.run_holo.2WGJ_LYS+1A1248_002
2026-09-22 07:20:39 - INFO: step3.py, pbe: Skipping PBE solver for non-charge conformer (392/592) TRP01A1249_001...
2026-09-22 07:20:39 - INFO: step3.py, pbe: ForkPoolWorker-3: Calling delphi to calculate conformer (393/592) MET01A1250_001 in /tmp/pbe_data.data.home.granepura.5-Kinases.Kinases_MCCE.Trial01.run_holo.2WGJ_MET01A1250_001
2026-09-22 07:20:39 - INFO: step3.py, pbe: Skipping PBE solver for non-charge conformer (394/592) ALA01A1251_001...
2026-09-22 07:20:39 - INFO: step3.py, pbe: Skipping PBE solver for non-charge conformer (395/592) LEU01A1252_001...
2026-09-22 07:20:39 - INFO: step3.py, pbe: ForkPoolWorker-5: Calling delphi to calculate conformer (396/592) GLU01A1253_001 in /tmp/pbe_data.data.home.granepura.5-Kinases.Kinases_MCCE.Trial01.run_holo.2WGJ_GLU01A1253_001
2026-09-22 07:20:41 - INFO: step3.py, pbe: ForkPoolWorker-4: Calling delphi to calculate conformer (397/592) GLU01A1253_002 in /tmp/pbe_data.data.home.granepura.5-Kinases.Kinases_MCCE.Trial01.run_holo.2WGJ_GLU01A1253_002
2026-09-22 07:20:42 - INFO: step3.py, pbe: ForkPoolWorker-2: Calling delphi to calculate conformer (398/592) GLU02A1253_003 in /tmp/pbe_data.data.home.granepura.5-Kinases.Kinases_MCCE.Trial01.run_holo.2WGJ_GLU02A1253_003
2026-09-22 07:20:42 - INFO: step3.py, pbe: ForkPoolWorker-1: Calling delphi to calculate conformer (399/592) GLU02A1253_004 in /tmp/pbe_data.data.home.granepura.5-Kinases.Kinases_MCCE.Trial01.run_holo.2WGJ_GLU02A1253_004
2026-09-22 07:20:44 - INFO: step3.py, pbe: ForkPoolWorker-3: Calling delphi to calculate conformer (400/592) GLU-1A1253_005 in /tmp/pbe_data.data.home.granepura.5-Kinases.Kinases_MCCE.Trial01.run_holo.2WGJ_GLU-1A1253_005
2026-09-22 07:20:44 - INFO: step3.py, pbe: ForkPoolWorker-5: Calling delphi to calculate conformer (401/592) SER01A1254_001 in /tmp/pbe_data.data.home.granepura.5-Kinases.Kinases_MCCE.Trial01.run_holo.2WGJ_SER01A1254_001
2026-09-22 07:20:45 - INFO: step3.py, pbe: ForkPoolWorker-4: Calling delphi to calculate conformer (402/592) SER01A1254_002 in /tmp/pbe_data.data.home.granepura.5-Kinases.Kinases_MCCE.Trial01.run_holo.2WGJ_SER01A1254_002
2026-09-22 07:20:47 - INFO: step3.py, pbe: ForkPoolWorker-2: Calling delphi to calculate conformer (403/592) SER01A1254_003 in /tmp/pbe_data.data.home.granepura.5-Kinases.Kinases_MCCE.Trial01.run_holo.2WGJ_SER01A1254_003
2026-09-22 07:20:47 - INFO: step3.py, pbe: Skipping PBE solver for non-charge conformer (404/592) LEU01A1255_001...
2026-09-22 07:20:47 - INFO: step3.py, pbe: ForkPoolWorker-1: Calling delphi to calculate conformer (405/592) GLN01A1256_001 in /tmp/pbe_data.data.home.granepura.5-Kinases.Kinases_MCCE.Trial01.run_holo.2WGJ_GLN01A1256_001
2026-09-22 07:20:49 - INFO: step3.py, pbe: ForkPoolWorker-3: Calling delphi to calculate conformer (406/592) GLN01A1256_002 in /tmp/pbe_data.data.home.granepura.5-Kinases.Kinases_MCCE.Trial01.run_holo.2WGJ_GLN01A1256_002
2026-09-22 07:20:49 - INFO: step3.py, pbe: ForkPoolWorker-5: Calling delphi to calculate conformer (407/592) THR01A1257_001 in /tmp/pbe_data.data.home.granepura.5-Kinases.Kinases_MCCE.Trial01.run_holo.2WGJ_THR01A1257_001
2026-09-22 07:20:50 - INFO: step3.py, pbe: ForkPoolWorker-4: Calling delphi to calculate conformer (408/592) THR01A1257_002 in /tmp/pbe_data.data.home.granepura.5-Kinases.Kinases_MCCE.Trial01.run_holo.2WGJ_THR01A1257_002
2026-09-22 07:20:52 - INFO: step3.py, pbe: ForkPoolWorker-2: Calling delphi to calculate conformer (409/592) GLN01A1258_001 in /tmp/pbe_data.data.home.granepura.5-Kinases.Kinases_MCCE.Trial01.run_holo.2WGJ_GLN01A1258_001
2026-09-22 07:20:52 - INFO: step3.py, pbe: ForkPoolWorker-1: Calling delphi to calculate conformer (410/592) GLN01A1258_002 in /tmp/pbe_data.data.home.granepura.5-Kinases.Kinases_MCCE.Trial01.run_holo.2WGJ_GLN01A1258_002
2026-09-22 07:20:53 - INFO: step3.py, pbe: ForkPoolWorker-3: Calling delphi to calculate conformer (411/592) LYS01A1259_001 in /tmp/pbe_data.data.home.granepura.5-Kinases.Kinases_MCCE.Trial01.run_holo.2WGJ_LYS01A1259_001
2026-09-22 07:20:54 - INFO: step3.py, pbe: ForkPoolWorker-5: Calling delphi to calculate conformer (412/592) LYS+1A1259_002 in /tmp/pbe_data.data.home.granepura.5-Kinases.Kinases_MCCE.Trial01.run_holo.2WGJ_LYS+1A1259_002
2026-09-22 07:20:55 - INFO: step3.py, pbe: Skipping PBE solver for non-charge conformer (413/592) PHE01A1260_001...
2026-09-22 07:20:55 - INFO: step3.py, pbe: ForkPoolWorker-4: Calling delphi to calculate conformer (414/592) THR01A1261_001 in /tmp/pbe_data.data.home.granepura.5-Kinases.Kinases_MCCE.Trial01.run_holo.2WGJ_THR01A1261_001
2026-09-22 07:20:57 - INFO: step3.py, pbe: ForkPoolWorker-2: Calling delphi to calculate conformer (415/592) THR01A1262_001 in /tmp/pbe_data.data.home.granepura.5-Kinases.Kinases_MCCE.Trial01.run_holo.2WGJ_THR01A1262_001
2026-09-22 07:20:57 - INFO: step3.py, pbe: ForkPoolWorker-1: Calling delphi to calculate conformer (416/592) LYS01A1263_001 in /tmp/pbe_data.data.home.granepura.5-Kinases.Kinases_MCCE.Trial01.run_holo.2WGJ_LYS01A1263_001
2026-09-22 07:20:58 - INFO: step3.py, pbe: ForkPoolWorker-3: Calling delphi to calculate conformer (417/592) LYS+1A1263_002 in /tmp/pbe_data.data.home.granepura.5-Kinases.Kinases_MCCE.Trial01.run_holo.2WGJ_LYS+1A1263_002
2026-09-22 07:20:59 - INFO: step3.py, pbe: ForkPoolWorker-5: Calling delphi to calculate conformer (418/592) SER01A1264_001 in /tmp/pbe_data.data.home.granepura.5-Kinases.Kinases_MCCE.Trial01.run_holo.2WGJ_SER01A1264_001
2026-09-22 07:20:59 - INFO: step3.py, pbe: ForkPoolWorker-4: Calling delphi to calculate conformer (419/592) SER01A1264_002 in /tmp/pbe_data.data.home.granepura.5-Kinases.Kinases_MCCE.Trial01.run_holo.2WGJ_SER01A1264_002
2026-09-22 07:21:01 - INFO: step3.py, pbe: ForkPoolWorker-2: Calling delphi to calculate conformer (420/592) ASP01A1265_001 in /tmp/pbe_data.data.home.granepura.5-Kinases.Kinases_MCCE.Trial01.run_holo.2WGJ_ASP01A1265_001
2026-09-22 07:21:01 - INFO: step3.py, pbe: ForkPoolWorker-1: Calling delphi to calculate conformer (421/592) ASP01A1265_002 in /tmp/pbe_data.data.home.granepura.5-Kinases.Kinases_MCCE.Trial01.run_holo.2WGJ_ASP01A1265_002
2026-09-22 07:21:03 - INFO: step3.py, pbe: ForkPoolWorker-3: Calling delphi to calculate conformer (422/592) ASP02A1265_003 in /tmp/pbe_data.data.home.granepura.5-Kinases.Kinases_MCCE.Trial01.run_holo.2WGJ_ASP02A1265_003
2026-09-22 07:21:03 - INFO: step3.py, pbe: ForkPoolWorker-5: Calling delphi to calculate conformer (423/592) ASP02A1265_004 in /tmp/pbe_data.data.home.granepura.5-Kinases.Kinases_MCCE.Trial01.run_holo.2WGJ_ASP02A1265_004
2026-09-22 07:21:04 - INFO: step3.py, pbe: ForkPoolWorker-4: Calling delphi to calculate conformer (424/592) ASP-1A1265_005 in /tmp/pbe_data.data.home.granepura.5-Kinases.Kinases_MCCE.Trial01.run_holo.2WGJ_ASP-1A1265_005
2026-09-22 07:21:06 - INFO: step3.py, pbe: Skipping PBE solver for non-charge conformer (425/592) VAL01A1266_001...
2026-09-22 07:21:06 - INFO: step3.py, pbe: Skipping PBE solver for non-charge conformer (426/592) TRP01A1267_001...
2026-09-22 07:21:06 - INFO: step3.py, pbe: ForkPoolWorker-2: Calling delphi to calculate conformer (427/592) SER01A1268_001 in /tmp/pbe_data.data.home.granepura.5-Kinases.Kinases_MCCE.Trial01.run_holo.2WGJ_SER01A1268_001
2026-09-22 07:21:06 - INFO: step3.py, pbe: Skipping PBE solver for non-charge conformer (428/592) PHE01A1269_001...
2026-09-22 07:21:06 - INFO: step3.py, pbe: Skipping PBE solver for non-charge conformer (429/592) VAL01A1271_001...
2026-09-22 07:21:06 - INFO: step3.py, pbe: Skipping PBE solver for non-charge conformer (430/592) LEU01A1272_001...
2026-09-22 07:21:06 - INFO: step3.py, pbe: Skipping PBE solver for non-charge conformer (431/592) LEU01A1273_001...
2026-09-22 07:21:06 - INFO: step3.py, pbe: Skipping PBE solver for non-charge conformer (432/592) TRP01A1274_001...
2026-09-22 07:21:06 - INFO: step3.py, pbe: ForkPoolWorker-1: Calling delphi to calculate conformer (433/592) GLU01A1275_001 in /tmp/pbe_data.data.home.granepura.5-Kinases.Kinases_MCCE.Trial01.run_holo.2WGJ_GLU01A1275_001
2026-09-22 07:21:08 - INFO: step3.py, pbe: ForkPoolWorker-3: Calling delphi to calculate conformer (434/592) GLU01A1275_002 in /tmp/pbe_data.data.home.granepura.5-Kinases.Kinases_MCCE.Trial01.run_holo.2WGJ_GLU01A1275_002
2026-09-22 07:21:08 - INFO: step3.py, pbe: ForkPoolWorker-5: Calling delphi to calculate conformer (435/592) GLU02A1275_003 in /tmp/pbe_data.data.home.granepura.5-Kinases.Kinases_MCCE.Trial01.run_holo.2WGJ_GLU02A1275_003
2026-09-22 07:21:09 - INFO: step3.py, pbe: ForkPoolWorker-4: Calling delphi to calculate conformer (436/592) GLU02A1275_004 in /tmp/pbe_data.data.home.granepura.5-Kinases.Kinases_MCCE.Trial01.run_holo.2WGJ_GLU02A1275_004
2026-09-22 07:21:11 - INFO: step3.py, pbe: ForkPoolWorker-2: Calling delphi to calculate conformer (437/592) GLU-1A1275_005 in /tmp/pbe_data.data.home.granepura.5-Kinases.Kinases_MCCE.Trial01.run_holo.2WGJ_GLU-1A1275_005
2026-09-22 07:21:11 - INFO: step3.py, pbe: Skipping PBE solver for non-charge conformer (438/592) LEU01A1276_001...
2026-09-22 07:21:11 - INFO: step3.py, pbe: ForkPoolWorker-1: Calling delphi to calculate conformer (439/592) MET01A1277_001 in /tmp/pbe_data.data.home.granepura.5-Kinases.Kinases_MCCE.Trial01.run_holo.2WGJ_MET01A1277_001
2026-09-22 07:21:13 - INFO: step3.py, pbe: ForkPoolWorker-3: Calling delphi to calculate conformer (440/592) THR01A1278_001 in /tmp/pbe_data.data.home.granepura.5-Kinases.Kinases_MCCE.Trial01.run_holo.2WGJ_THR01A1278_001
2026-09-22 07:21:13 - INFO: step3.py, pbe: ForkPoolWorker-5: Calling delphi to calculate conformer (441/592) THR01A1278_002 in /tmp/pbe_data.data.home.granepura.5-Kinases.Kinases_MCCE.Trial01.run_holo.2WGJ_THR01A1278_002
2026-09-22 07:21:14 - INFO: step3.py, pbe: ForkPoolWorker-4: Calling delphi to calculate conformer (442/592) ARG01A1279_001 in /tmp/pbe_data.data.home.granepura.5-Kinases.Kinases_MCCE.Trial01.run_holo.2WGJ_ARG01A1279_001
2026-09-22 07:21:15 - INFO: step3.py, pbe: ForkPoolWorker-1: Calling delphi to calculate conformer (443/592) ARG02A1279_002 in /tmp/pbe_data.data.home.granepura.5-Kinases.Kinases_MCCE.Trial01.run_holo.2WGJ_ARG02A1279_002
2026-09-22 07:21:15 - INFO: step3.py, pbe: ForkPoolWorker-2: Calling delphi to calculate conformer (444/592) ARG03A1279_003 in /tmp/pbe_data.data.home.granepura.5-Kinases.Kinases_MCCE.Trial01.run_holo.2WGJ_ARG03A1279_003
2026-09-22 07:21:17 - INFO: step3.py, pbe: ForkPoolWorker-3: Calling delphi to calculate conformer (445/592) ARG+1A1279_004 in /tmp/pbe_data.data.home.granepura.5-Kinases.Kinases_MCCE.Trial01.run_holo.2WGJ_ARG+1A1279_004
2026-09-22 07:21:18 - INFO: step3.py, pbe: Skipping PBE solver for non-charge conformer (446/592) ALA01A1281_001...
2026-09-22 07:21:18 - INFO: step3.py, pbe: Skipping PBE solver for non-charge conformer (447/592) PRO01A1282_001...
2026-09-22 07:21:18 - INFO: step3.py, pbe: Skipping PBE solver for non-charge conformer (448/592) PRO01A1283_001...
2026-09-22 07:21:18 - INFO: step3.py, pbe: ForkPoolWorker-5: Calling delphi to calculate conformer (449/592) TYR01A1284_001 in /tmp/pbe_data.data.home.granepura.5-Kinases.Kinases_MCCE.Trial01.run_holo.2WGJ_TYR01A1284_001
2026-09-22 07:21:19 - INFO: step3.py, pbe: ForkPoolWorker-4: Calling delphi to calculate conformer (450/592) TYR-1A1284_002 in /tmp/pbe_data.data.home.granepura.5-Kinases.Kinases_MCCE.Trial01.run_holo.2WGJ_TYR-1A1284_002
2026-09-22 07:21:20 - INFO: step3.py, pbe: Skipping PBE solver for non-charge conformer (451/592) PRO01A1285_001...
2026-09-22 07:21:20 - INFO: step3.py, pbe: ForkPoolWorker-1: Calling delphi to calculate conformer (452/592) ASP01A1286_001 in /tmp/pbe_data.data.home.granepura.5-Kinases.Kinases_MCCE.Trial01.run_holo.2WGJ_ASP01A1286_001
2026-09-22 07:21:20 - INFO: step3.py, pbe: ForkPoolWorker-2: Calling delphi to calculate conformer (453/592) ASP01A1286_002 in /tmp/pbe_data.data.home.granepura.5-Kinases.Kinases_MCCE.Trial01.run_holo.2WGJ_ASP01A1286_002
2026-09-22 07:21:22 - INFO: step3.py, pbe: ForkPoolWorker-3: Calling delphi to calculate conformer (454/592) ASP02A1286_003 in /tmp/pbe_data.data.home.granepura.5-Kinases.Kinases_MCCE.Trial01.run_holo.2WGJ_ASP02A1286_003
2026-09-22 07:21:23 - INFO: step3.py, pbe: ForkPoolWorker-5: Calling delphi to calculate conformer (455/592) ASP02A1286_004 in /tmp/pbe_data.data.home.granepura.5-Kinases.Kinases_MCCE.Trial01.run_holo.2WGJ_ASP02A1286_004
2026-09-22 07:21:24 - INFO: step3.py, pbe: ForkPoolWorker-4: Calling delphi to calculate conformer (456/592) ASP-1A1286_005 in /tmp/pbe_data.data.home.granepura.5-Kinases.Kinases_MCCE.Trial01.run_holo.2WGJ_ASP-1A1286_005
2026-09-22 07:21:25 - INFO: step3.py, pbe: Skipping PBE solver for non-charge conformer (457/592) VAL01A1287_001...
2026-09-22 07:21:25 - INFO: step3.py, pbe: ForkPoolWorker-1: Calling delphi to calculate conformer (458/592) ASN01A1288_001 in /tmp/pbe_data.data.home.granepura.5-Kinases.Kinases_MCCE.Trial01.run_holo.2WGJ_ASN01A1288_001
2026-09-22 07:21:25 - INFO: step3.py, pbe: ForkPoolWorker-2: Calling delphi to calculate conformer (459/592) THR01A1289_001 in /tmp/pbe_data.data.home.granepura.5-Kinases.Kinases_MCCE.Trial01.run_holo.2WGJ_THR01A1289_001
2026-09-22 07:21:27 - INFO: step3.py, pbe: ForkPoolWorker-3: Calling delphi to calculate conformer (460/592) THR01A1289_002 in /tmp/pbe_data.data.home.granepura.5-Kinases.Kinases_MCCE.Trial01.run_holo.2WGJ_THR01A1289_002
2026-09-22 07:21:27 - INFO: step3.py, pbe: ForkPoolWorker-5: Calling delphi to calculate conformer (461/592) THR01A1289_003 in /tmp/pbe_data.data.home.granepura.5-Kinases.Kinases_MCCE.Trial01.run_holo.2WGJ_THR01A1289_003
2026-09-22 07:21:28 - INFO: step3.py, pbe: Skipping PBE solver for non-charge conformer (462/592) PHE01A1290_001...
2026-09-22 07:21:28 - INFO: step3.py, pbe: ForkPoolWorker-4: Calling delphi to calculate conformer (463/592) ASP01A1291_001 in /tmp/pbe_data.data.home.granepura.5-Kinases.Kinases_MCCE.Trial01.run_holo.2WGJ_ASP01A1291_001
2026-09-22 07:21:30 - INFO: step3.py, pbe: ForkPoolWorker-1: Calling delphi to calculate conformer (464/592) ASP01A1291_002 in /tmp/pbe_data.data.home.granepura.5-Kinases.Kinases_MCCE.Trial01.run_holo.2WGJ_ASP01A1291_002
2026-09-22 07:21:30 - INFO: step3.py, pbe: ForkPoolWorker-2: Calling delphi to calculate conformer (465/592) ASP02A1291_003 in /tmp/pbe_data.data.home.granepura.5-Kinases.Kinases_MCCE.Trial01.run_holo.2WGJ_ASP02A1291_003
2026-09-22 07:21:31 - INFO: step3.py, pbe: ForkPoolWorker-3: Calling delphi to calculate conformer (466/592) ASP02A1291_004 in /tmp/pbe_data.data.home.granepura.5-Kinases.Kinases_MCCE.Trial01.run_holo.2WGJ_ASP02A1291_004
2026-09-22 07:21:32 - INFO: step3.py, pbe: ForkPoolWorker-5: Calling delphi to calculate conformer (467/592) ASP-1A1291_005 in /tmp/pbe_data.data.home.granepura.5-Kinases.Kinases_MCCE.Trial01.run_holo.2WGJ_ASP-1A1291_005
2026-09-22 07:21:33 - INFO: step3.py, pbe: Skipping PBE solver for non-charge conformer (468/592) ILE01A1292_001...
2026-09-22 07:21:33 - INFO: step3.py, pbe: ForkPoolWorker-4: Calling delphi to calculate conformer (469/592) THR01A1293_001 in /tmp/pbe_data.data.home.granepura.5-Kinases.Kinases_MCCE.Trial01.run_holo.2WGJ_THR01A1293_001
2026-09-22 07:21:34 - INFO: step3.py, pbe: ForkPoolWorker-1: Calling delphi to calculate conformer (470/592) THR01A1293_002 in /tmp/pbe_data.data.home.granepura.5-Kinases.Kinases_MCCE.Trial01.run_holo.2WGJ_THR01A1293_002
2026-09-22 07:21:34 - INFO: step3.py, pbe: Skipping PBE solver for non-charge conformer (471/592) VAL01A1294_001...
2026-09-22 07:21:34 - INFO: step3.py, pbe: ForkPoolWorker-2: Calling delphi to calculate conformer (472/592) TYR01A1295_001 in /tmp/pbe_data.data.home.granepura.5-Kinases.Kinases_MCCE.Trial01.run_holo.2WGJ_TYR01A1295_001
2026-09-22 07:21:36 - INFO: step3.py, pbe: ForkPoolWorker-3: Calling delphi to calculate conformer (473/592) TYR01A1295_002 in /tmp/pbe_data.data.home.granepura.5-Kinases.Kinases_MCCE.Trial01.run_holo.2WGJ_TYR01A1295_002
2026-09-22 07:21:37 - INFO: step3.py, pbe: ForkPoolWorker-5: Calling delphi to calculate conformer (474/592) TYR-1A1295_003 in /tmp/pbe_data.data.home.granepura.5-Kinases.Kinases_MCCE.Trial01.run_holo.2WGJ_TYR-1A1295_003
2026-09-22 07:21:38 - INFO: step3.py, pbe: Skipping PBE solver for non-charge conformer (475/592) LEU01A1296_001...
2026-09-22 07:21:38 - INFO: step3.py, pbe: Skipping PBE solver for non-charge conformer (476/592) LEU01A1297_001...
2026-09-22 07:21:38 - INFO: step3.py, pbe: ForkPoolWorker-4: Calling delphi to calculate conformer (477/592) GLN01A1298_001 in /tmp/pbe_data.data.home.granepura.5-Kinases.Kinases_MCCE.Trial01.run_holo.2WGJ_GLN01A1298_001
2026-09-22 07:21:39 - INFO: step3.py, pbe: ForkPoolWorker-1: Calling delphi to calculate conformer (478/592) GLN01A1298_002 in /tmp/pbe_data.data.home.granepura.5-Kinases.Kinases_MCCE.Trial01.run_holo.2WGJ_GLN01A1298_002
2026-09-22 07:21:39 - INFO: step3.py, pbe: ForkPoolWorker-2: Calling delphi to calculate conformer (479/592) ARG01A1300_001 in /tmp/pbe_data.data.home.granepura.5-Kinases.Kinases_MCCE.Trial01.run_holo.2WGJ_ARG01A1300_001
2026-09-22 07:21:40 - INFO: step3.py, pbe: ForkPoolWorker-3: Calling delphi to calculate conformer (480/592) ARG02A1300_002 in /tmp/pbe_data.data.home.granepura.5-Kinases.Kinases_MCCE.Trial01.run_holo.2WGJ_ARG02A1300_002
2026-09-22 07:21:41 - INFO: step3.py, pbe: ForkPoolWorker-5: Calling delphi to calculate conformer (481/592) ARG03A1300_003 in /tmp/pbe_data.data.home.granepura.5-Kinases.Kinases_MCCE.Trial01.run_holo.2WGJ_ARG03A1300_003
2026-09-22 07:21:43 - INFO: step3.py, pbe: ForkPoolWorker-4: Calling delphi to calculate conformer (482/592) ARG03A1300_004 in /tmp/pbe_data.data.home.granepura.5-Kinases.Kinases_MCCE.Trial01.run_holo.2WGJ_ARG03A1300_004
2026-09-22 07:21:44 - INFO: step3.py, pbe: ForkPoolWorker-1: Calling delphi to calculate conformer (483/592) ARG+1A1300_005 in /tmp/pbe_data.data.home.granepura.5-Kinases.Kinases_MCCE.Trial01.run_holo.2WGJ_ARG+1A1300_005
2026-09-22 07:21:44 - INFO: step3.py, pbe: ForkPoolWorker-2: Calling delphi to calculate conformer (484/592) ARG01A1301_001 in /tmp/pbe_data.data.home.granepura.5-Kinases.Kinases_MCCE.Trial01.run_holo.2WGJ_ARG01A1301_001
2026-09-22 07:21:45 - INFO: step3.py, pbe: ForkPoolWorker-3: Calling delphi to calculate conformer (485/592) ARG02A1301_002 in /tmp/pbe_data.data.home.granepura.5-Kinases.Kinases_MCCE.Trial01.run_holo.2WGJ_ARG02A1301_002
2026-09-22 07:21:46 - INFO: step3.py, pbe: ForkPoolWorker-5: Calling delphi to calculate conformer (486/592) ARG02A1301_003 in /tmp/pbe_data.data.home.granepura.5-Kinases.Kinases_MCCE.Trial01.run_holo.2WGJ_ARG02A1301_003
2026-09-22 07:21:47 - INFO: step3.py, pbe: ForkPoolWorker-4: Calling delphi to calculate conformer (487/592) ARG03A1301_004 in /tmp/pbe_data.data.home.granepura.5-Kinases.Kinases_MCCE.Trial01.run_holo.2WGJ_ARG03A1301_004
2026-09-22 07:21:49 - INFO: step3.py, pbe: ForkPoolWorker-1: Calling delphi to calculate conformer (488/592) ARG+1A1301_005 in /tmp/pbe_data.data.home.granepura.5-Kinases.Kinases_MCCE.Trial01.run_holo.2WGJ_ARG+1A1301_005
2026-09-22 07:21:49 - INFO: step3.py, pbe: Skipping PBE solver for non-charge conformer (489/592) LEU01A1302_001...
2026-09-22 07:21:49 - INFO: step3.py, pbe: Skipping PBE solver for non-charge conformer (490/592) LEU01A1303_001...
2026-09-22 07:21:49 - INFO: step3.py, pbe: ForkPoolWorker-2: Calling delphi to calculate conformer (491/592) GLN01A1304_001 in /tmp/pbe_data.data.home.granepura.5-Kinases.Kinases_MCCE.Trial01.run_holo.2WGJ_GLN01A1304_001
2026-09-22 07:21:50 - INFO: step3.py, pbe: ForkPoolWorker-3: Calling delphi to calculate conformer (492/592) GLN01A1304_002 in /tmp/pbe_data.data.home.granepura.5-Kinases.Kinases_MCCE.Trial01.run_holo.2WGJ_GLN01A1304_002
2026-09-22 07:21:51 - INFO: step3.py, pbe: Skipping PBE solver for non-charge conformer (493/592) PRO01A1305_001...
2026-09-22 07:21:51 - INFO: step3.py, pbe: ForkPoolWorker-5: Calling delphi to calculate conformer (494/592) GLU01A1306_001 in /tmp/pbe_data.data.home.granepura.5-Kinases.Kinases_MCCE.Trial01.run_holo.2WGJ_GLU01A1306_001
2026-09-22 07:21:52 - INFO: step3.py, pbe: ForkPoolWorker-4: Calling delphi to calculate conformer (495/592) GLU01A1306_002 in /tmp/pbe_data.data.home.granepura.5-Kinases.Kinases_MCCE.Trial01.run_holo.2WGJ_GLU01A1306_002
2026-09-22 07:21:53 - INFO: step3.py, pbe: ForkPoolWorker-1: Calling delphi to calculate conformer (496/592) GLU02A1306_003 in /tmp/pbe_data.data.home.granepura.5-Kinases.Kinases_MCCE.Trial01.run_holo.2WGJ_GLU02A1306_003
2026-09-22 07:21:54 - INFO: step3.py, pbe: ForkPoolWorker-2: Calling delphi to calculate conformer (497/592) GLU02A1306_004 in /tmp/pbe_data.data.home.granepura.5-Kinases.Kinases_MCCE.Trial01.run_holo.2WGJ_GLU02A1306_004
2026-09-22 07:21:54 - INFO: step3.py, pbe: ForkPoolWorker-3: Calling delphi to calculate conformer (498/592) GLU-1A1306_005 in /tmp/pbe_data.data.home.granepura.5-Kinases.Kinases_MCCE.Trial01.run_holo.2WGJ_GLU-1A1306_005
2026-09-22 07:21:55 - INFO: step3.py, pbe: ForkPoolWorker-5: Calling delphi to calculate conformer (499/592) TYR01A1307_001 in /tmp/pbe_data.data.home.granepura.5-Kinases.Kinases_MCCE.Trial01.run_holo.2WGJ_TYR01A1307_001
2026-09-22 07:21:56 - INFO: step3.py, pbe: ForkPoolWorker-4: Calling delphi to calculate conformer (500/592) TYR-1A1307_002 in /tmp/pbe_data.data.home.granepura.5-Kinases.Kinases_MCCE.Trial01.run_holo.2WGJ_TYR-1A1307_002
2026-09-22 07:21:58 - INFO: step3.py, pbe: ForkPoolWorker-1: Calling delphi to calculate conformer (501/592) CYS01A1308_001 in /tmp/pbe_data.data.home.granepura.5-Kinases.Kinases_MCCE.Trial01.run_holo.2WGJ_CYS01A1308_001
2026-09-22 07:21:58 - INFO: step3.py, pbe: ForkPoolWorker-2: Calling delphi to calculate conformer (502/592) CYS01A1308_002 in /tmp/pbe_data.data.home.granepura.5-Kinases.Kinases_MCCE.Trial01.run_holo.2WGJ_CYS01A1308_002
2026-09-22 07:21:59 - INFO: step3.py, pbe: ForkPoolWorker-3: Calling delphi to calculate conformer (503/592) CYS01A1308_003 in /tmp/pbe_data.data.home.granepura.5-Kinases.Kinases_MCCE.Trial01.run_holo.2WGJ_CYS01A1308_003
2026-09-22 07:22:00 - INFO: step3.py, pbe: ForkPoolWorker-5: Calling delphi to calculate conformer (504/592) CYS-1A1308_004 in /tmp/pbe_data.data.home.granepura.5-Kinases.Kinases_MCCE.Trial01.run_holo.2WGJ_CYS-1A1308_004
2026-09-22 07:22:01 - INFO: step3.py, pbe: Skipping PBE solver for non-charge conformer (505/592) PRO01A1309_001...
2026-09-22 07:22:01 - INFO: step3.py, pbe: ForkPoolWorker-4: Calling delphi to calculate conformer (506/592) ASP01A1310_001 in /tmp/pbe_data.data.home.granepura.5-Kinases.Kinases_MCCE.Trial01.run_holo.2WGJ_ASP01A1310_001
2026-09-22 07:22:03 - INFO: step3.py, pbe: ForkPoolWorker-1: Calling delphi to calculate conformer (507/592) ASP01A1310_002 in /tmp/pbe_data.data.home.granepura.5-Kinases.Kinases_MCCE.Trial01.run_holo.2WGJ_ASP01A1310_002
2026-09-22 07:22:03 - INFO: step3.py, pbe: ForkPoolWorker-2: Calling delphi to calculate conformer (508/592) ASP01A1310_003 in /tmp/pbe_data.data.home.granepura.5-Kinases.Kinases_MCCE.Trial01.run_holo.2WGJ_ASP01A1310_003
2026-09-22 07:22:04 - INFO: step3.py, pbe: ForkPoolWorker-3: Calling delphi to calculate conformer (509/592) ASP01A1310_004 in /tmp/pbe_data.data.home.granepura.5-Kinases.Kinases_MCCE.Trial01.run_holo.2WGJ_ASP01A1310_004
2026-09-22 07:22:05 - INFO: step3.py, pbe: ForkPoolWorker-5: Calling delphi to calculate conformer (510/592) ASP02A1310_005 in /tmp/pbe_data.data.home.granepura.5-Kinases.Kinases_MCCE.Trial01.run_holo.2WGJ_ASP02A1310_005
2026-09-22 07:22:06 - INFO: step3.py, pbe: ForkPoolWorker-4: Calling delphi to calculate conformer (511/592) ASP02A1310_006 in /tmp/pbe_data.data.home.granepura.5-Kinases.Kinases_MCCE.Trial01.run_holo.2WGJ_ASP02A1310_006
2026-09-22 07:22:08 - INFO: step3.py, pbe: ForkPoolWorker-1: Calling delphi to calculate conformer (512/592) ASP02A1310_007 in /tmp/pbe_data.data.home.granepura.5-Kinases.Kinases_MCCE.Trial01.run_holo.2WGJ_ASP02A1310_007
2026-09-22 07:22:08 - INFO: step3.py, pbe: ForkPoolWorker-2: Calling delphi to calculate conformer (513/592) ASP02A1310_008 in /tmp/pbe_data.data.home.granepura.5-Kinases.Kinases_MCCE.Trial01.run_holo.2WGJ_ASP02A1310_008
2026-09-22 07:22:09 - INFO: step3.py, pbe: ForkPoolWorker-3: Calling delphi to calculate conformer (514/592) ASP-1A1310_009 in /tmp/pbe_data.data.home.granepura.5-Kinases.Kinases_MCCE.Trial01.run_holo.2WGJ_ASP-1A1310_009
2026-09-22 07:22:10 - INFO: step3.py, pbe: ForkPoolWorker-5: Calling delphi to calculate conformer (515/592) ASP-1A1310_010 in /tmp/pbe_data.data.home.granepura.5-Kinases.Kinases_MCCE.Trial01.run_holo.2WGJ_ASP-1A1310_010
2026-09-22 07:22:10 - INFO: step3.py, pbe: Skipping PBE solver for non-charge conformer (516/592) PRO01A1311_001...
2026-09-22 07:22:10 - INFO: step3.py, pbe: Skipping PBE solver for non-charge conformer (517/592) LEU01A1312_001...
2026-09-22 07:22:11 - INFO: step3.py, pbe: ForkPoolWorker-4: Calling delphi to calculate conformer (518/592) TYR01A1313_001 in /tmp/pbe_data.data.home.granepura.5-Kinases.Kinases_MCCE.Trial01.run_holo.2WGJ_TYR01A1313_001
2026-09-22 07:22:13 - INFO: step3.py, pbe: ForkPoolWorker-1: Calling delphi to calculate conformer (519/592) TYR01A1313_002 in /tmp/pbe_data.data.home.granepura.5-Kinases.Kinases_MCCE.Trial01.run_holo.2WGJ_TYR01A1313_002
2026-09-22 07:22:13 - INFO: step3.py, pbe: ForkPoolWorker-2: Calling delphi to calculate conformer (520/592) TYR-1A1313_003 in /tmp/pbe_data.data.home.granepura.5-Kinases.Kinases_MCCE.Trial01.run_holo.2WGJ_TYR-1A1313_003
2026-09-22 07:22:13 - INFO: step3.py, pbe: ForkPoolWorker-3: Calling delphi to calculate conformer (521/592) GLU01A1314_001 in /tmp/pbe_data.data.home.granepura.5-Kinases.Kinases_MCCE.Trial01.run_holo.2WGJ_GLU01A1314_001
2026-09-22 07:22:14 - INFO: step3.py, pbe: ForkPoolWorker-5: Calling delphi to calculate conformer (522/592) GLU01A1314_002 in /tmp/pbe_data.data.home.granepura.5-Kinases.Kinases_MCCE.Trial01.run_holo.2WGJ_GLU01A1314_002
2026-09-22 07:22:15 - INFO: step3.py, pbe: ForkPoolWorker-4: Calling delphi to calculate conformer (523/592) GLU02A1314_003 in /tmp/pbe_data.data.home.granepura.5-Kinases.Kinases_MCCE.Trial01.run_holo.2WGJ_GLU02A1314_003
2026-09-22 07:22:17 - INFO: step3.py, pbe: ForkPoolWorker-1: Calling delphi to calculate conformer (524/592) GLU02A1314_004 in /tmp/pbe_data.data.home.granepura.5-Kinases.Kinases_MCCE.Trial01.run_holo.2WGJ_GLU02A1314_004
2026-09-22 07:22:17 - INFO: step3.py, pbe: ForkPoolWorker-2: Calling delphi to calculate conformer (525/592) GLU-1A1314_005 in /tmp/pbe_data.data.home.granepura.5-Kinases.Kinases_MCCE.Trial01.run_holo.2WGJ_GLU-1A1314_005
2026-09-22 07:22:18 - INFO: step3.py, pbe: Skipping PBE solver for non-charge conformer (526/592) VAL01A1315_001...
2026-09-22 07:22:18 - INFO: step3.py, pbe: ForkPoolWorker-3: Calling delphi to calculate conformer (527/592) MET01A1316_001 in /tmp/pbe_data.data.home.granepura.5-Kinases.Kinases_MCCE.Trial01.run_holo.2WGJ_MET01A1316_001
2026-09-22 07:22:19 - INFO: step3.py, pbe: Skipping PBE solver for non-charge conformer (528/592) LEU01A1317_001...
2026-09-22 07:22:19 - INFO: step3.py, pbe: ForkPoolWorker-5: Calling delphi to calculate conformer (529/592) LYS01A1318_001 in /tmp/pbe_data.data.home.granepura.5-Kinases.Kinases_MCCE.Trial01.run_holo.2WGJ_LYS01A1318_001
2026-09-22 07:22:20 - INFO: step3.py, pbe: ForkPoolWorker-4: Calling delphi to calculate conformer (530/592) LYS+1A1318_002 in /tmp/pbe_data.data.home.granepura.5-Kinases.Kinases_MCCE.Trial01.run_holo.2WGJ_LYS+1A1318_002
2026-09-22 07:22:22 - INFO: step3.py, pbe: ForkPoolWorker-1: Calling delphi to calculate conformer (531/592) CYS01A1319_001 in /tmp/pbe_data.data.home.granepura.5-Kinases.Kinases_MCCE.Trial01.run_holo.2WGJ_CYS01A1319_001
2026-09-22 07:22:22 - INFO: step3.py, pbe: ForkPoolWorker-2: Calling delphi to calculate conformer (532/592) CYS01A1319_002 in /tmp/pbe_data.data.home.granepura.5-Kinases.Kinases_MCCE.Trial01.run_holo.2WGJ_CYS01A1319_002
2026-09-22 07:22:23 - INFO: step3.py, pbe: ForkPoolWorker-3: Calling delphi to calculate conformer (533/592) CYS01A1319_003 in /tmp/pbe_data.data.home.granepura.5-Kinases.Kinases_MCCE.Trial01.run_holo.2WGJ_CYS01A1319_003
2026-09-22 07:22:24 - INFO: step3.py, pbe: ForkPoolWorker-5: Calling delphi to calculate conformer (534/592) CYS-1A1319_004 in /tmp/pbe_data.data.home.granepura.5-Kinases.Kinases_MCCE.Trial01.run_holo.2WGJ_CYS-1A1319_004
2026-09-22 07:22:24 - INFO: step3.py, pbe: Skipping PBE solver for non-charge conformer (535/592) TRP01A1320_001...
2026-09-22 07:22:24 - INFO: step3.py, pbe: ForkPoolWorker-4: Calling delphi to calculate conformer (536/592) HIS01A1321_001 in /tmp/pbe_data.data.home.granepura.5-Kinases.Kinases_MCCE.Trial01.run_holo.2WGJ_HIS01A1321_001
2026-09-22 07:22:27 - INFO: step3.py, pbe: ForkPoolWorker-1: Calling delphi to calculate conformer (537/592) HIS01A1321_002 in /tmp/pbe_data.data.home.granepura.5-Kinases.Kinases_MCCE.Trial01.run_holo.2WGJ_HIS01A1321_002
2026-09-22 07:22:27 - INFO: step3.py, pbe: ForkPoolWorker-2: Calling delphi to calculate conformer (538/592) HIS02A1321_003 in /tmp/pbe_data.data.home.granepura.5-Kinases.Kinases_MCCE.Trial01.run_holo.2WGJ_HIS02A1321_003
2026-09-22 07:22:28 - INFO: step3.py, pbe: ForkPoolWorker-3: Calling delphi to calculate conformer (539/592) HIS02A1321_004 in /tmp/pbe_data.data.home.granepura.5-Kinases.Kinases_MCCE.Trial01.run_holo.2WGJ_HIS02A1321_004
2026-09-22 07:22:29 - INFO: step3.py, pbe: ForkPoolWorker-5: Calling delphi to calculate conformer (540/592) HIS+1A1321_005 in /tmp/pbe_data.data.home.granepura.5-Kinases.Kinases_MCCE.Trial01.run_holo.2WGJ_HIS+1A1321_005
2026-09-22 07:22:29 - INFO: step3.py, pbe: ForkPoolWorker-4: Calling delphi to calculate conformer (541/592) HIS+1A1321_006 in /tmp/pbe_data.data.home.granepura.5-Kinases.Kinases_MCCE.Trial01.run_holo.2WGJ_HIS+1A1321_006
2026-09-22 07:22:31 - INFO: step3.py, pbe: ForkPoolWorker-2: Calling delphi to calculate conformer (543/592) LYS01A1323_001 in /tmp/pbe_data.data.home.granepura.5-Kinases.Kinases_MCCE.Trial01.run_holo.2WGJ_LYS01A1323_001
2026-09-22 07:22:32 - INFO: step3.py, pbe: Skipping PBE solver for non-charge conformer (542/592) PRO01A1322_001...
2026-09-22 07:22:32 - INFO: step3.py, pbe: ForkPoolWorker-1: Calling delphi to calculate conformer (544/592) LYS+1A1323_002 in /tmp/pbe_data.data.home.granepura.5-Kinases.Kinases_MCCE.Trial01.run_holo.2WGJ_LYS+1A1323_002
2026-09-22 07:22:33 - INFO: step3.py, pbe: Skipping PBE solver for non-charge conformer (545/592) ALA01A1324_001...
2026-09-22 07:22:33 - INFO: step3.py, pbe: ForkPoolWorker-3: Calling delphi to calculate conformer (546/592) GLU01A1325_001 in /tmp/pbe_data.data.home.granepura.5-Kinases.Kinases_MCCE.Trial01.run_holo.2WGJ_GLU01A1325_001
2026-09-22 07:22:34 - INFO: step3.py, pbe: ForkPoolWorker-5: Calling delphi to calculate conformer (547/592) GLU01A1325_002 in /tmp/pbe_data.data.home.granepura.5-Kinases.Kinases_MCCE.Trial01.run_holo.2WGJ_GLU01A1325_002
2026-09-22 07:22:34 - INFO: step3.py, pbe: ForkPoolWorker-4: Calling delphi to calculate conformer (548/592) GLU02A1325_003 in /tmp/pbe_data.data.home.granepura.5-Kinases.Kinases_MCCE.Trial01.run_holo.2WGJ_GLU02A1325_003
2026-09-22 07:22:36 - INFO: step3.py, pbe: ForkPoolWorker-2: Calling delphi to calculate conformer (549/592) GLU02A1325_004 in /tmp/pbe_data.data.home.granepura.5-Kinases.Kinases_MCCE.Trial01.run_holo.2WGJ_GLU02A1325_004
2026-09-22 07:22:36 - INFO: step3.py, pbe: ForkPoolWorker-1: Calling delphi to calculate conformer (550/592) GLU-1A1325_005 in /tmp/pbe_data.data.home.granepura.5-Kinases.Kinases_MCCE.Trial01.run_holo.2WGJ_GLU-1A1325_005
2026-09-22 07:22:37 - INFO: step3.py, pbe: ForkPoolWorker-3: Calling delphi to calculate conformer (551/592) MET01A1326_001 in /tmp/pbe_data.data.home.granepura.5-Kinases.Kinases_MCCE.Trial01.run_holo.2WGJ_MET01A1326_001
2026-09-22 07:22:38 - INFO: step3.py, pbe: ForkPoolWorker-5: Calling delphi to calculate conformer (552/592) ARG01A1327_001 in /tmp/pbe_data.data.home.granepura.5-Kinases.Kinases_MCCE.Trial01.run_holo.2WGJ_ARG01A1327_001
2026-09-22 07:22:38 - INFO: step3.py, pbe: ForkPoolWorker-4: Calling delphi to calculate conformer (553/592) ARG02A1327_002 in /tmp/pbe_data.data.home.granepura.5-Kinases.Kinases_MCCE.Trial01.run_holo.2WGJ_ARG02A1327_002
2026-09-22 07:22:41 - INFO: step3.py, pbe: ForkPoolWorker-2: Calling delphi to calculate conformer (554/592) ARG02A1327_003 in /tmp/pbe_data.data.home.granepura.5-Kinases.Kinases_MCCE.Trial01.run_holo.2WGJ_ARG02A1327_003
2026-09-22 07:22:41 - INFO: step3.py, pbe: ForkPoolWorker-1: Calling delphi to calculate conformer (555/592) ARG03A1327_004 in /tmp/pbe_data.data.home.granepura.5-Kinases.Kinases_MCCE.Trial01.run_holo.2WGJ_ARG03A1327_004
2026-09-22 07:22:42 - INFO: step3.py, pbe: ForkPoolWorker-3: Calling delphi to calculate conformer (556/592) ARG03A1327_005 in /tmp/pbe_data.data.home.granepura.5-Kinases.Kinases_MCCE.Trial01.run_holo.2WGJ_ARG03A1327_005
2026-09-22 07:22:43 - INFO: step3.py, pbe: ForkPoolWorker-5: Calling delphi to calculate conformer (557/592) ARG+1A1327_006 in /tmp/pbe_data.data.home.granepura.5-Kinases.Kinases_MCCE.Trial01.run_holo.2WGJ_ARG+1A1327_006
2026-09-22 07:22:43 - INFO: step3.py, pbe: Skipping PBE solver for non-charge conformer (558/592) PRO01A1328_001...
2026-09-22 07:22:43 - INFO: step3.py, pbe: ForkPoolWorker-4: Calling delphi to calculate conformer (559/592) SER01A1329_001 in /tmp/pbe_data.data.home.granepura.5-Kinases.Kinases_MCCE.Trial01.run_holo.2WGJ_SER01A1329_001
2026-09-22 07:22:45 - INFO: step3.py, pbe: ForkPoolWorker-2: Calling delphi to calculate conformer (560/592) SER01A1329_002 in /tmp/pbe_data.data.home.granepura.5-Kinases.Kinases_MCCE.Trial01.run_holo.2WGJ_SER01A1329_002
2026-09-22 07:22:45 - INFO: step3.py, pbe: ForkPoolWorker-1: Calling delphi to calculate conformer (561/592) SER01A1329_003 in /tmp/pbe_data.data.home.granepura.5-Kinases.Kinases_MCCE.Trial01.run_holo.2WGJ_SER01A1329_003
2026-09-22 07:22:47 - INFO: step3.py, pbe: Skipping PBE solver for non-charge conformer (562/592) PHE01A1330_001...
2026-09-22 07:22:47 - INFO: step3.py, pbe: ForkPoolWorker-3: Calling delphi to calculate conformer (563/592) SER01A1331_001 in /tmp/pbe_data.data.home.granepura.5-Kinases.Kinases_MCCE.Trial01.run_holo.2WGJ_SER01A1331_001
2026-09-22 07:22:48 - INFO: step3.py, pbe: ForkPoolWorker-5: Calling delphi to calculate conformer (564/592) SER01A1331_002 in /tmp/pbe_data.data.home.granepura.5-Kinases.Kinases_MCCE.Trial01.run_holo.2WGJ_SER01A1331_002
2026-09-22 07:22:48 - INFO: step3.py, pbe: ForkPoolWorker-4: Calling delphi to calculate conformer (565/592) GLU01A1332_001 in /tmp/pbe_data.data.home.granepura.5-Kinases.Kinases_MCCE.Trial01.run_holo.2WGJ_GLU01A1332_001
2026-09-22 07:22:50 - INFO: step3.py, pbe: ForkPoolWorker-2: Calling delphi to calculate conformer (566/592) GLU01A1332_002 in /tmp/pbe_data.data.home.granepura.5-Kinases.Kinases_MCCE.Trial01.run_holo.2WGJ_GLU01A1332_002
2026-09-22 07:22:50 - INFO: step3.py, pbe: ForkPoolWorker-1: Calling delphi to calculate conformer (567/592) GLU02A1332_003 in /tmp/pbe_data.data.home.granepura.5-Kinases.Kinases_MCCE.Trial01.run_holo.2WGJ_GLU02A1332_003
2026-09-22 07:22:51 - INFO: step3.py, pbe: ForkPoolWorker-3: Calling delphi to calculate conformer (568/592) GLU02A1332_004 in /tmp/pbe_data.data.home.granepura.5-Kinases.Kinases_MCCE.Trial01.run_holo.2WGJ_GLU02A1332_004
2026-09-22 07:22:52 - INFO: step3.py, pbe: ForkPoolWorker-5: Calling delphi to calculate conformer (569/592) GLU-1A1332_005 in /tmp/pbe_data.data.home.granepura.5-Kinases.Kinases_MCCE.Trial01.run_holo.2WGJ_GLU-1A1332_005
2026-09-22 07:22:52 - INFO: step3.py, pbe: Skipping PBE solver for non-charge conformer (570/592) LEU01A1333_001...
2026-09-22 07:22:52 - INFO: step3.py, pbe: Skipping PBE solver for non-charge conformer (571/592) VAL01A1334_001...
2026-09-22 07:22:52 - INFO: step3.py, pbe: ForkPoolWorker-4: Calling delphi to calculate conformer (572/592) SER01A1335_001 in /tmp/pbe_data.data.home.granepura.5-Kinases.Kinases_MCCE.Trial01.run_holo.2WGJ_SER01A1335_001
2026-09-22 07:22:55 - INFO: step3.py, pbe: ForkPoolWorker-2: Calling delphi to calculate conformer (573/592) ARG01A1336_001 in /tmp/pbe_data.data.home.granepura.5-Kinases.Kinases_MCCE.Trial01.run_holo.2WGJ_ARG01A1336_001
2026-09-22 07:22:55 - INFO: step3.py, pbe: ForkPoolWorker-1: Calling delphi to calculate conformer (574/592) ARG02A1336_002 in /tmp/pbe_data.data.home.granepura.5-Kinases.Kinases_MCCE.Trial01.run_holo.2WGJ_ARG02A1336_002
2026-09-22 07:22:56 - INFO: step3.py, pbe: ForkPoolWorker-3: Calling delphi to calculate conformer (575/592) ARG03A1336_003 in /tmp/pbe_data.data.home.granepura.5-Kinases.Kinases_MCCE.Trial01.run_holo.2WGJ_ARG03A1336_003
2026-09-22 07:22:57 - INFO: step3.py, pbe: ForkPoolWorker-5: Calling delphi to calculate conformer (576/592) ARG+1A1336_004 in /tmp/pbe_data.data.home.granepura.5-Kinases.Kinases_MCCE.Trial01.run_holo.2WGJ_ARG+1A1336_004
2026-09-22 07:22:57 - INFO: step3.py, pbe: Skipping PBE solver for non-charge conformer (577/592) ILE01A1337_001...
2026-09-22 07:22:57 - INFO: step3.py, pbe: ForkPoolWorker-4: Calling delphi to calculate conformer (578/592) SER01A1338_001 in /tmp/pbe_data.data.home.granepura.5-Kinases.Kinases_MCCE.Trial01.run_holo.2WGJ_SER01A1338_001
2026-09-22 07:22:59 - INFO: step3.py, pbe: Skipping PBE solver for non-charge conformer (579/592) ALA01A1339_001...
2026-09-22 07:22:59 - INFO: step3.py, pbe: Skipping PBE solver for non-charge conformer (580/592) ILE01A1340_001...
2026-09-22 07:22:59 - INFO: step3.py, pbe: ForkPoolWorker-2: Calling delphi to calculate conformer (582/592) SER01A1342_001 in /tmp/pbe_data.data.home.granepura.5-Kinases.Kinases_MCCE.Trial01.run_holo.2WGJ_SER01A1342_001
2026-09-22 07:22:59 - INFO: step3.py, pbe: Skipping PBE solver for non-charge conformer (581/592) PHE01A1341_001...
2026-09-22 07:22:59 - INFO: step3.py, pbe: ForkPoolWorker-1: Calling delphi to calculate conformer (583/592) SER01A1342_002 in /tmp/pbe_data.data.home.granepura.5-Kinases.Kinases_MCCE.Trial01.run_holo.2WGJ_SER01A1342_002
2026-09-22 07:23:00 - INFO: step3.py, pbe: ForkPoolWorker-3: Calling delphi to calculate conformer (584/592) THR01A1343_001 in /tmp/pbe_data.data.home.granepura.5-Kinases.Kinases_MCCE.Trial01.run_holo.2WGJ_THR01A1343_001
2026-09-22 07:23:02 - INFO: step3.py, pbe: ForkPoolWorker-5: Calling delphi to calculate conformer (585/592) THR01A1343_002 in /tmp/pbe_data.data.home.granepura.5-Kinases.Kinases_MCCE.Trial01.run_holo.2WGJ_THR01A1343_002
2026-09-22 07:23:02 - INFO: step3.py, pbe: Skipping PBE solver for non-charge conformer (586/592) PHE01A1344_001...
2026-09-22 07:23:02 - INFO: step3.py, pbe: Skipping PBE solver for non-charge conformer (587/592) ILE01A1345_001...
2026-09-22 07:23:02 - INFO: step3.py, pbe: ForkPoolWorker-4: Calling delphi to calculate conformer (588/592) VGH+aA2346_001 in /tmp/pbe_data.data.home.granepura.5-Kinases.Kinases_MCCE.Trial01.run_holo.2WGJ_VGH+aA2346_001
2026-09-22 07:23:04 - INFO: step3.py, pbe: ForkPoolWorker-2: Calling delphi to calculate conformer (589/592) VGH+aA2346_002 in /tmp/pbe_data.data.home.granepura.5-Kinases.Kinases_MCCE.Trial01.run_holo.2WGJ_VGH+aA2346_002
2026-09-22 07:23:04 - INFO: step3.py, pbe: ForkPoolWorker-1: Calling delphi to calculate conformer (590/592) VGH+1A2346_003 in /tmp/pbe_data.data.home.granepura.5-Kinases.Kinases_MCCE.Trial01.run_holo.2WGJ_VGH+1A2346_003
2026-09-22 07:23:05 - INFO: step3.py, pbe: ForkPoolWorker-3: Calling delphi to calculate conformer (591/592) VGH01A2346_004 in /tmp/pbe_data.data.home.granepura.5-Kinases.Kinases_MCCE.Trial01.run_holo.2WGJ_VGH01A2346_004
2026-09-22 07:23:06 - INFO: step3.py, pbe: ForkPoolWorker-5: Calling delphi to calculate conformer (592/592) VGH+2A2346_005 in /tmp/pbe_data.data.home.granepura.5-Kinases.Kinases_MCCE.Trial01.run_holo.2WGJ_VGH+2A2346_005
2026-09-22 07:23:11 - INFO: step3.py, <module>:    Time needed: 450 seconds.
2026-09-22 07:23:11 - INFO: step3.py, <module>:    Post-processing of electrostatic potential.
2026-09-22 07:23:11 - INFO: step3.py, <module>:    Processing ele pairwise interaction...
2026-09-22 07:23:13 - INFO: step3.py, <module>:    Time needed: 1 seconds.
2026-09-22 07:23:13 - INFO: step3.py, <module>:    Making atom connectivity ...
2026-09-22 07:23:13 - INFO: step3.py, <module>:    Time needed: 0 seconds.
2026-09-22 07:23:13 - INFO: step3.py, <module>:    Calculating vdw ...
2026-09-22 07:23:18 - INFO: step3.py, <module>:    Time needed: 4 seconds.
2026-09-22 07:23:18 - INFO: step3.py, <module>:    Calculating torsion energy ...
2026-09-22 07:23:18 - INFO: step3.py, <module>:    Time needed: 0 seconds.
2026-09-22 07:23:18 - INFO: step3.py, <module>:    Composing head3.lst ...
2026-09-22 07:23:18 - INFO: step3.py, <module>:    Time needed: 0 seconds.
2026-09-22 07:23:18 - INFO: step3.py, <module>:    Composing opp files ...
2026-09-22 07:23:19 - INFO: step3.py, <module>:    Time needed: 0 seconds.
2026-09-22 07:23:19 - INFO: step3.py, <module>:    Total time for step3 is 457 seconds.
2026-09-22 09:09:00 - INFO: step3.py, <module>: Step 3. Energies calculation with PBE solver.
2026-09-22 09:09:00 - INFO: step3.py, <module>: Calling new VDW....No Scaling Applied
2026-09-22 09:09:00 - INFO: step3.py, <module>:    Process run time options & convert step2_out.pdb.
2026-09-22 09:09:00 - INFO: step3.py, <module>:    Prepare input for PB solver.
2026-09-22 09:09:00 - INFO: step3.py, <module>:    Time needed: 0 seconds.
2026-09-22 09:09:00 - INFO: step3.py, <module>:    Set up parallel envrionment and run PB solver.
2026-09-22 09:09:00 - INFO: step3.py, <module>:    Running PBE solver in 5 threads
2026-09-22 09:09:00 - INFO: step3.py, pbe: ForkPoolWorker-4: Calling delphi to calculate conformer (4/587) HIS02A1052_004 in /tmp/pbe_data.data.home.granepura.5-Kinases.Kinases_MCCE.Trial01.run_apo.2WGJ_HIS02A1052_004
2026-09-22 09:09:00 - INFO: step3.py, pbe: ForkPoolWorker-5: Calling delphi to calculate conformer (5/587) HIS+1A1052_005 in /tmp/pbe_data.data.home.granepura.5-Kinases.Kinases_MCCE.Trial01.run_apo.2WGJ_HIS+1A1052_005
2026-09-22 09:09:00 - INFO: step3.py, pbe: ForkPoolWorker-3: Calling delphi to calculate conformer (3/587) HIS02A1052_003 in /tmp/pbe_data.data.home.granepura.5-Kinases.Kinases_MCCE.Trial01.run_apo.2WGJ_HIS02A1052_003
2026-09-22 09:09:00 - INFO: step3.py, pbe: ForkPoolWorker-2: Calling delphi to calculate conformer (2/587) HIS01A1052_002 in /tmp/pbe_data.data.home.granepura.5-Kinases.Kinases_MCCE.Trial01.run_apo.2WGJ_HIS01A1052_002
2026-09-22 09:09:00 - INFO: step3.py, pbe: ForkPoolWorker-1: Calling delphi to calculate conformer (1/587) HIS01A1052_001 in /tmp/pbe_data.data.home.granepura.5-Kinases.Kinases_MCCE.Trial01.run_apo.2WGJ_HIS01A1052_001
2026-09-22 09:09:05 - INFO: step3.py, pbe: ForkPoolWorker-5: Calling delphi to calculate conformer (6/587) HIS+1A1052_006 in /tmp/pbe_data.data.home.granepura.5-Kinases.Kinases_MCCE.Trial01.run_apo.2WGJ_HIS+1A1052_006
2026-09-22 09:09:05 - INFO: step3.py, pbe: Skipping PBE solver for non-charge conformer (7/587) ILE01A1053_001...
2026-09-22 09:09:05 - INFO: step3.py, pbe: ForkPoolWorker-4: Calling delphi to calculate conformer (8/587) ASP01A1054_001 in /tmp/pbe_data.data.home.granepura.5-Kinases.Kinases_MCCE.Trial01.run_apo.2WGJ_ASP01A1054_001
2026-09-22 09:09:05 - INFO: step3.py, pbe: ForkPoolWorker-3: Calling delphi to calculate conformer (9/587) ASP01A1054_002 in /tmp/pbe_data.data.home.granepura.5-Kinases.Kinases_MCCE.Trial01.run_apo.2WGJ_ASP01A1054_002
2026-09-22 09:09:05 - INFO: step3.py, pbe: ForkPoolWorker-2: Calling delphi to calculate conformer (10/587) ASP02A1054_003 in /tmp/pbe_data.data.home.granepura.5-Kinases.Kinases_MCCE.Trial01.run_apo.2WGJ_ASP02A1054_003
2026-09-22 09:09:05 - INFO: step3.py, pbe: ForkPoolWorker-1: Calling delphi to calculate conformer (11/587) ASP02A1054_004 in /tmp/pbe_data.data.home.granepura.5-Kinases.Kinases_MCCE.Trial01.run_apo.2WGJ_ASP02A1054_004
2026-09-22 09:09:09 - INFO: step3.py, pbe: ForkPoolWorker-5: Calling delphi to calculate conformer (12/587) ASP-1A1054_005 in /tmp/pbe_data.data.home.granepura.5-Kinases.Kinases_MCCE.Trial01.run_apo.2WGJ_ASP-1A1054_005
2026-09-22 09:09:09 - INFO: step3.py, pbe: Skipping PBE solver for non-charge conformer (13/587) LEU01A1055_001...
2026-09-22 09:09:09 - INFO: step3.py, pbe: ForkPoolWorker-4: Calling delphi to calculate conformer (14/587) SER01A1056_001 in /tmp/pbe_data.data.home.granepura.5-Kinases.Kinases_MCCE.Trial01.run_apo.2WGJ_SER01A1056_001
2026-09-22 09:09:10 - INFO: step3.py, pbe: Skipping PBE solver for non-charge conformer (15/587) ALA01A1057_001...
2026-09-22 09:09:10 - INFO: step3.py, pbe: Skipping PBE solver for non-charge conformer (16/587) LEU01A1058_001...
2026-09-22 09:09:10 - INFO: step3.py, pbe: ForkPoolWorker-3: Calling delphi to calculate conformer (17/587) ASN01A1059_001 in /tmp/pbe_data.data.home.granepura.5-Kinases.Kinases_MCCE.Trial01.run_apo.2WGJ_ASN01A1059_001
2026-09-22 09:09:10 - INFO: step3.py, pbe: ForkPoolWorker-2: Calling delphi to calculate conformer (18/587) ASN01A1059_002 in /tmp/pbe_data.data.home.granepura.5-Kinases.Kinases_MCCE.Trial01.run_apo.2WGJ_ASN01A1059_002
2026-09-22 09:09:10 - INFO: step3.py, pbe: Skipping PBE solver for non-charge conformer (19/587) PRO01A1060_001...
2026-09-22 09:09:10 - INFO: step3.py, pbe: ForkPoolWorker-1: Calling delphi to calculate conformer (20/587) GLU01A1061_001 in /tmp/pbe_data.data.home.granepura.5-Kinases.Kinases_MCCE.Trial01.run_apo.2WGJ_GLU01A1061_001
2026-09-22 09:09:14 - INFO: step3.py, pbe: ForkPoolWorker-5: Calling delphi to calculate conformer (21/587) GLU01A1061_002 in /tmp/pbe_data.data.home.granepura.5-Kinases.Kinases_MCCE.Trial01.run_apo.2WGJ_GLU01A1061_002
2026-09-22 09:09:14 - INFO: step3.py, pbe: ForkPoolWorker-4: Calling delphi to calculate conformer (22/587) GLU02A1061_003 in /tmp/pbe_data.data.home.granepura.5-Kinases.Kinases_MCCE.Trial01.run_apo.2WGJ_GLU02A1061_003
2026-09-22 09:09:14 - INFO: step3.py, pbe: ForkPoolWorker-3: Calling delphi to calculate conformer (24/587) GLU-1A1061_005 in /tmp/pbe_data.data.home.granepura.5-Kinases.Kinases_MCCE.Trial01.run_apo.2WGJ_GLU-1A1061_005
2026-09-22 09:09:14 - INFO: step3.py, pbe: ForkPoolWorker-2: Calling delphi to calculate conformer (23/587) GLU02A1061_004 in /tmp/pbe_data.data.home.granepura.5-Kinases.Kinases_MCCE.Trial01.run_apo.2WGJ_GLU02A1061_004
2026-09-22 09:09:14 - INFO: step3.py, pbe: Skipping PBE solver for non-charge conformer (25/587) LEU01A1062_001...
2026-09-22 09:09:14 - INFO: step3.py, pbe: Skipping PBE solver for non-charge conformer (26/587) VAL01A1063_001...
2026-09-22 09:09:14 - INFO: step3.py, pbe: ForkPoolWorker-1: Calling delphi to calculate conformer (27/587) GLN01A1064_001 in /tmp/pbe_data.data.home.granepura.5-Kinases.Kinases_MCCE.Trial01.run_apo.2WGJ_GLN01A1064_001
2026-09-22 09:09:19 - INFO: step3.py, pbe: ForkPoolWorker-5: Calling delphi to calculate conformer (28/587) GLN01A1064_002 in /tmp/pbe_data.data.home.granepura.5-Kinases.Kinases_MCCE.Trial01.run_apo.2WGJ_GLN01A1064_002
2026-09-22 09:09:19 - INFO: step3.py, pbe: Skipping PBE solver for non-charge conformer (29/587) ALA01A1065_001...
2026-09-22 09:09:19 - INFO: step3.py, pbe: Skipping PBE solver for non-charge conformer (30/587) VAL01A1066_001...
2026-09-22 09:09:19 - INFO: step3.py, pbe: ForkPoolWorker-3: Calling delphi to calculate conformer (32/587) GLN01A1067_002 in /tmp/pbe_data.data.home.granepura.5-Kinases.Kinases_MCCE.Trial01.run_apo.2WGJ_GLN01A1067_002
2026-09-22 09:09:19 - INFO: step3.py, pbe: ForkPoolWorker-4: Calling delphi to calculate conformer (31/587) GLN01A1067_001 in /tmp/pbe_data.data.home.granepura.5-Kinases.Kinases_MCCE.Trial01.run_apo.2WGJ_GLN01A1067_001
2026-09-22 09:09:19 - INFO: step3.py, pbe: ForkPoolWorker-2: Calling delphi to calculate conformer (33/587) HIS01A1068_001 in /tmp/pbe_data.data.home.granepura.5-Kinases.Kinases_MCCE.Trial01.run_apo.2WGJ_HIS01A1068_001
2026-09-22 09:09:19 - INFO: step3.py, pbe: ForkPoolWorker-1: Calling delphi to calculate conformer (34/587) HIS01A1068_002 in /tmp/pbe_data.data.home.granepura.5-Kinases.Kinases_MCCE.Trial01.run_apo.2WGJ_HIS01A1068_002
2026-09-22 09:09:23 - INFO: step3.py, pbe: ForkPoolWorker-5: Calling delphi to calculate conformer (35/587) HIS02A1068_003 in /tmp/pbe_data.data.home.granepura.5-Kinases.Kinases_MCCE.Trial01.run_apo.2WGJ_HIS02A1068_003
2026-09-22 09:09:23 - INFO: step3.py, pbe: ForkPoolWorker-3: Calling delphi to calculate conformer (36/587) HIS02A1068_004 in /tmp/pbe_data.data.home.granepura.5-Kinases.Kinases_MCCE.Trial01.run_apo.2WGJ_HIS02A1068_004
2026-09-22 09:09:23 - INFO: step3.py, pbe: ForkPoolWorker-2: Calling delphi to calculate conformer (37/587) HIS+1A1068_005 in /tmp/pbe_data.data.home.granepura.5-Kinases.Kinases_MCCE.Trial01.run_apo.2WGJ_HIS+1A1068_005
2026-09-22 09:09:23 - INFO: step3.py, pbe: ForkPoolWorker-4: Calling delphi to calculate conformer (38/587) HIS+1A1068_006 in /tmp/pbe_data.data.home.granepura.5-Kinases.Kinases_MCCE.Trial01.run_apo.2WGJ_HIS+1A1068_006
2026-09-22 09:09:24 - INFO: step3.py, pbe: Skipping PBE solver for non-charge conformer (39/587) VAL01A1069_001...
2026-09-22 09:09:24 - INFO: step3.py, pbe: Skipping PBE solver for non-charge conformer (40/587) VAL01A1070_001...
2026-09-22 09:09:24 - INFO: step3.py, pbe: Skipping PBE solver for non-charge conformer (41/587) ILE01A1071_001...
2026-09-22 09:09:24 - INFO: step3.py, pbe: Skipping PBE solver for non-charge conformer (42/587) PRO01A1073_001...
2026-09-22 09:09:24 - INFO: step3.py, pbe: ForkPoolWorker-1: Calling delphi to calculate conformer (43/587) SER01A1074_001 in /tmp/pbe_data.data.home.granepura.5-Kinases.Kinases_MCCE.Trial01.run_apo.2WGJ_SER01A1074_001
2026-09-22 09:09:28 - INFO: step3.py, pbe: ForkPoolWorker-5: Calling delphi to calculate conformer (44/587) SER01A1075_001 in /tmp/pbe_data.data.home.granepura.5-Kinases.Kinases_MCCE.Trial01.run_apo.2WGJ_SER01A1075_001
2026-09-22 09:09:28 - INFO: step3.py, pbe: Skipping PBE solver for non-charge conformer (45/587) LEU01A1076_001...
2026-09-22 09:09:28 - INFO: step3.py, pbe: Skipping PBE solver for non-charge conformer (47/587) VAL01A1078_001...
2026-09-22 09:09:28 - INFO: step3.py, pbe: ForkPoolWorker-3: Calling delphi to calculate conformer (48/587) HIS01A1079_001 in /tmp/pbe_data.data.home.granepura.5-Kinases.Kinases_MCCE.Trial01.run_apo.2WGJ_HIS01A1079_001
2026-09-22 09:09:28 - INFO: step3.py, pbe: ForkPoolWorker-4: Calling delphi to calculate conformer (49/587) HIS01A1079_002 in /tmp/pbe_data.data.home.granepura.5-Kinases.Kinases_MCCE.Trial01.run_apo.2WGJ_HIS01A1079_002
2026-09-22 09:09:28 - INFO: step3.py, pbe: Skipping PBE solver for non-charge conformer (46/587) ILE01A1077_001...
2026-09-22 09:09:28 - INFO: step3.py, pbe: ForkPoolWorker-2: Calling delphi to calculate conformer (50/587) HIS02A1079_003 in /tmp/pbe_data.data.home.granepura.5-Kinases.Kinases_MCCE.Trial01.run_apo.2WGJ_HIS02A1079_003
2026-09-22 09:09:28 - INFO: step3.py, pbe: ForkPoolWorker-1: Calling delphi to calculate conformer (51/587) HIS02A1079_004 in /tmp/pbe_data.data.home.granepura.5-Kinases.Kinases_MCCE.Trial01.run_apo.2WGJ_HIS02A1079_004
2026-09-22 09:09:32 - INFO: step3.py, pbe: ForkPoolWorker-5: Calling delphi to calculate conformer (52/587) HIS+1A1079_005 in /tmp/pbe_data.data.home.granepura.5-Kinases.Kinases_MCCE.Trial01.run_apo.2WGJ_HIS+1A1079_005
2026-09-22 09:09:32 - INFO: step3.py, pbe: ForkPoolWorker-3: Calling delphi to calculate conformer (53/587) HIS+1A1079_006 in /tmp/pbe_data.data.home.granepura.5-Kinases.Kinases_MCCE.Trial01.run_apo.2WGJ_HIS+1A1079_006
2026-09-22 09:09:32 - INFO: step3.py, pbe: Skipping PBE solver for non-charge conformer (54/587) PHE01A1080_001...
2026-09-22 09:09:32 - INFO: step3.py, pbe: ForkPoolWorker-4: Calling delphi to calculate conformer (55/587) ASN01A1081_001 in /tmp/pbe_data.data.home.granepura.5-Kinases.Kinases_MCCE.Trial01.run_apo.2WGJ_ASN01A1081_001
2026-09-22 09:09:33 - INFO: step3.py, pbe: ForkPoolWorker-2: Calling delphi to calculate conformer (56/587) ASN01A1081_002 in /tmp/pbe_data.data.home.granepura.5-Kinases.Kinases_MCCE.Trial01.run_apo.2WGJ_ASN01A1081_002
2026-09-22 09:09:33 - INFO: step3.py, pbe: ForkPoolWorker-1: Calling delphi to calculate conformer (57/587) GLU01A1082_001 in /tmp/pbe_data.data.home.granepura.5-Kinases.Kinases_MCCE.Trial01.run_apo.2WGJ_GLU01A1082_001
2026-09-22 09:09:37 - INFO: step3.py, pbe: ForkPoolWorker-5: Calling delphi to calculate conformer (58/587) GLU01A1082_002 in /tmp/pbe_data.data.home.granepura.5-Kinases.Kinases_MCCE.Trial01.run_apo.2WGJ_GLU01A1082_002
2026-09-22 09:09:37 - INFO: step3.py, pbe: ForkPoolWorker-4: Calling delphi to calculate conformer (59/587) GLU02A1082_003 in /tmp/pbe_data.data.home.granepura.5-Kinases.Kinases_MCCE.Trial01.run_apo.2WGJ_GLU02A1082_003
2026-09-22 09:09:37 - INFO: step3.py, pbe: ForkPoolWorker-3: Calling delphi to calculate conformer (60/587) GLU02A1082_004 in /tmp/pbe_data.data.home.granepura.5-Kinases.Kinases_MCCE.Trial01.run_apo.2WGJ_GLU02A1082_004
2026-09-22 09:09:37 - INFO: step3.py, pbe: ForkPoolWorker-2: Calling delphi to calculate conformer (61/587) GLU-1A1082_005 in /tmp/pbe_data.data.home.granepura.5-Kinases.Kinases_MCCE.Trial01.run_apo.2WGJ_GLU-1A1082_005
2026-09-22 09:09:37 - INFO: step3.py, pbe: Skipping PBE solver for non-charge conformer (62/587) VAL01A1083_001...
2026-09-22 09:09:37 - INFO: step3.py, pbe: Skipping PBE solver for non-charge conformer (63/587) ILE01A1084_001...
2026-09-22 09:09:37 - INFO: step3.py, pbe: ForkPoolWorker-1: Calling delphi to calculate conformer (64/587) ARG01A1086_001 in /tmp/pbe_data.data.home.granepura.5-Kinases.Kinases_MCCE.Trial01.run_apo.2WGJ_ARG01A1086_001
2026-09-22 09:09:41 - INFO: step3.py, pbe: ForkPoolWorker-5: Calling delphi to calculate conformer (65/587) ARG02A1086_002 in /tmp/pbe_data.data.home.granepura.5-Kinases.Kinases_MCCE.Trial01.run_apo.2WGJ_ARG02A1086_002
2026-09-22 09:09:41 - INFO: step3.py, pbe: ForkPoolWorker-4: Calling delphi to calculate conformer (66/587) ARG02A1086_003 in /tmp/pbe_data.data.home.granepura.5-Kinases.Kinases_MCCE.Trial01.run_apo.2WGJ_ARG02A1086_003
2026-09-22 09:09:42 - INFO: step3.py, pbe: ForkPoolWorker-3: Calling delphi to calculate conformer (67/587) ARG03A1086_004 in /tmp/pbe_data.data.home.granepura.5-Kinases.Kinases_MCCE.Trial01.run_apo.2WGJ_ARG03A1086_004
2026-09-22 09:09:42 - INFO: step3.py, pbe: ForkPoolWorker-2: Calling delphi to calculate conformer (68/587) ARG+1A1086_005 in /tmp/pbe_data.data.home.granepura.5-Kinases.Kinases_MCCE.Trial01.run_apo.2WGJ_ARG+1A1086_005
2026-09-22 09:09:42 - INFO: step3.py, pbe: ForkPoolWorker-1: Calling delphi to calculate conformer (69/587) HIS01A1088_001 in /tmp/pbe_data.data.home.granepura.5-Kinases.Kinases_MCCE.Trial01.run_apo.2WGJ_HIS01A1088_001
2026-09-22 09:09:46 - INFO: step3.py, pbe: ForkPoolWorker-5: Calling delphi to calculate conformer (70/587) HIS01A1088_002 in /tmp/pbe_data.data.home.granepura.5-Kinases.Kinases_MCCE.Trial01.run_apo.2WGJ_HIS01A1088_002
2026-09-22 09:09:46 - INFO: step3.py, pbe: ForkPoolWorker-4: Calling delphi to calculate conformer (71/587) HIS02A1088_003 in /tmp/pbe_data.data.home.granepura.5-Kinases.Kinases_MCCE.Trial01.run_apo.2WGJ_HIS02A1088_003
2026-09-22 09:09:46 - INFO: step3.py, pbe: ForkPoolWorker-3: Calling delphi to calculate conformer (72/587) HIS02A1088_004 in /tmp/pbe_data.data.home.granepura.5-Kinases.Kinases_MCCE.Trial01.run_apo.2WGJ_HIS02A1088_004
2026-09-22 09:09:46 - INFO: step3.py, pbe: ForkPoolWorker-2: Calling delphi to calculate conformer (73/587) HIS+1A1088_005 in /tmp/pbe_data.data.home.granepura.5-Kinases.Kinases_MCCE.Trial01.run_apo.2WGJ_HIS+1A1088_005
2026-09-22 09:09:46 - INFO: step3.py, pbe: ForkPoolWorker-1: Calling delphi to calculate conformer (74/587) HIS+1A1088_006 in /tmp/pbe_data.data.home.granepura.5-Kinases.Kinases_MCCE.Trial01.run_apo.2WGJ_HIS+1A1088_006
2026-09-22 09:09:51 - INFO: step3.py, pbe: Skipping PBE solver for non-charge conformer (75/587) PHE01A1089_001...
2026-09-22 09:09:51 - INFO: step3.py, pbe: ForkPoolWorker-5: Calling delphi to calculate conformer (76/587) CYS01A1091_001 in /tmp/pbe_data.data.home.granepura.5-Kinases.Kinases_MCCE.Trial01.run_apo.2WGJ_CYS01A1091_001
2026-09-22 09:09:51 - INFO: step3.py, pbe: ForkPoolWorker-4: Calling delphi to calculate conformer (77/587) CYS01A1091_002 in /tmp/pbe_data.data.home.granepura.5-Kinases.Kinases_MCCE.Trial01.run_apo.2WGJ_CYS01A1091_002
2026-09-22 09:09:51 - INFO: step3.py, pbe: ForkPoolWorker-2: Calling delphi to calculate conformer (79/587) CYS-1A1091_004 in /tmp/pbe_data.data.home.granepura.5-Kinases.Kinases_MCCE.Trial01.run_apo.2WGJ_CYS-1A1091_004
2026-09-22 09:09:51 - INFO: step3.py, pbe: ForkPoolWorker-3: Calling delphi to calculate conformer (78/587) CYS01A1091_003 in /tmp/pbe_data.data.home.granepura.5-Kinases.Kinases_MCCE.Trial01.run_apo.2WGJ_CYS01A1091_003
2026-09-22 09:09:51 - INFO: step3.py, pbe: Skipping PBE solver for non-charge conformer (80/587) VAL01A1092_001...
2026-09-22 09:09:51 - INFO: step3.py, pbe: ForkPoolWorker-1: Calling delphi to calculate conformer (81/587) TYR01A1093_001 in /tmp/pbe_data.data.home.granepura.5-Kinases.Kinases_MCCE.Trial01.run_apo.2WGJ_TYR01A1093_001
2026-09-22 09:09:55 - INFO: step3.py, pbe: ForkPoolWorker-5: Calling delphi to calculate conformer (82/587) TYR-1A1093_002 in /tmp/pbe_data.data.home.granepura.5-Kinases.Kinases_MCCE.Trial01.run_apo.2WGJ_TYR-1A1093_002
2026-09-22 09:09:55 - INFO: step3.py, pbe: ForkPoolWorker-4: Calling delphi to calculate conformer (83/587) HIS01A1094_001 in /tmp/pbe_data.data.home.granepura.5-Kinases.Kinases_MCCE.Trial01.run_apo.2WGJ_HIS01A1094_001
2026-09-22 09:09:55 - INFO: step3.py, pbe: ForkPoolWorker-3: Calling delphi to calculate conformer (84/587) HIS01A1094_002 in /tmp/pbe_data.data.home.granepura.5-Kinases.Kinases_MCCE.Trial01.run_apo.2WGJ_HIS01A1094_002
2026-09-22 09:09:55 - INFO: step3.py, pbe: ForkPoolWorker-2: Calling delphi to calculate conformer (85/587) HIS01A1094_003 in /tmp/pbe_data.data.home.granepura.5-Kinases.Kinases_MCCE.Trial01.run_apo.2WGJ_HIS01A1094_003
2026-09-22 09:09:56 - INFO: step3.py, pbe: ForkPoolWorker-1: Calling delphi to calculate conformer (86/587) HIS02A1094_004 in /tmp/pbe_data.data.home.granepura.5-Kinases.Kinases_MCCE.Trial01.run_apo.2WGJ_HIS02A1094_004
2026-09-22 09:10:00 - INFO: step3.py, pbe: ForkPoolWorker-5: Calling delphi to calculate conformer (87/587) HIS02A1094_005 in /tmp/pbe_data.data.home.granepura.5-Kinases.Kinases_MCCE.Trial01.run_apo.2WGJ_HIS02A1094_005
2026-09-22 09:10:00 - INFO: step3.py, pbe: ForkPoolWorker-4: Calling delphi to calculate conformer (88/587) HIS02A1094_006 in /tmp/pbe_data.data.home.granepura.5-Kinases.Kinases_MCCE.Trial01.run_apo.2WGJ_HIS02A1094_006
2026-09-22 09:10:00 - INFO: step3.py, pbe: ForkPoolWorker-3: Calling delphi to calculate conformer (90/587) HIS+1A1094_008 in /tmp/pbe_data.data.home.granepura.5-Kinases.Kinases_MCCE.Trial01.run_apo.2WGJ_HIS+1A1094_008
2026-09-22 09:10:00 - INFO: step3.py, pbe: ForkPoolWorker-2: Calling delphi to calculate conformer (89/587) HIS+1A1094_007 in /tmp/pbe_data.data.home.granepura.5-Kinases.Kinases_MCCE.Trial01.run_apo.2WGJ_HIS+1A1094_007
2026-09-22 09:10:00 - INFO: step3.py, pbe: ForkPoolWorker-1: Calling delphi to calculate conformer (91/587) HIS+1A1094_009 in /tmp/pbe_data.data.home.granepura.5-Kinases.Kinases_MCCE.Trial01.run_apo.2WGJ_HIS+1A1094_009
2026-09-22 09:10:04 - INFO: step3.py, pbe: ForkPoolWorker-5: Calling delphi to calculate conformer (92/587) THR01A1096_001 in /tmp/pbe_data.data.home.granepura.5-Kinases.Kinases_MCCE.Trial01.run_apo.2WGJ_THR01A1096_001
2026-09-22 09:10:04 - INFO: step3.py, pbe: ForkPoolWorker-4: Calling delphi to calculate conformer (93/587) THR01A1096_002 in /tmp/pbe_data.data.home.granepura.5-Kinases.Kinases_MCCE.Trial01.run_apo.2WGJ_THR01A1096_002
2026-09-22 09:10:04 - INFO: step3.py, pbe: ForkPoolWorker-3: Calling delphi to calculate conformer (94/587) THR01A1096_003 in /tmp/pbe_data.data.home.granepura.5-Kinases.Kinases_MCCE.Trial01.run_apo.2WGJ_THR01A1096_003
2026-09-22 09:10:04 - INFO: step3.py, pbe: Skipping PBE solver for non-charge conformer (95/587) LEU01A1097_001...
2026-09-22 09:10:04 - INFO: step3.py, pbe: Skipping PBE solver for non-charge conformer (96/587) LEU01A1098_001...
2026-09-22 09:10:04 - INFO: step3.py, pbe: ForkPoolWorker-2: Calling delphi to calculate conformer (97/587) LYS01A1103_001 in /tmp/pbe_data.data.home.granepura.5-Kinases.Kinases_MCCE.Trial01.run_apo.2WGJ_LYS01A1103_001
2026-09-22 09:10:05 - INFO: step3.py, pbe: ForkPoolWorker-1: Calling delphi to calculate conformer (98/587) LYS+1A1103_002 in /tmp/pbe_data.data.home.granepura.5-Kinases.Kinases_MCCE.Trial01.run_apo.2WGJ_LYS+1A1103_002
2026-09-22 09:10:09 - INFO: step3.py, pbe: ForkPoolWorker-5: Calling delphi to calculate conformer (99/587) LYS01A1104_001 in /tmp/pbe_data.data.home.granepura.5-Kinases.Kinases_MCCE.Trial01.run_apo.2WGJ_LYS01A1104_001
2026-09-22 09:10:09 - INFO: step3.py, pbe: ForkPoolWorker-4: Calling delphi to calculate conformer (100/587) LYS+1A1104_002 in /tmp/pbe_data.data.home.granepura.5-Kinases.Kinases_MCCE.Trial01.run_apo.2WGJ_LYS+1A1104_002
2026-09-22 09:10:09 - INFO: step3.py, pbe: Skipping PBE solver for non-charge conformer (101/587) ILE01A1105_001...
2026-09-22 09:10:09 - INFO: step3.py, pbe: ForkPoolWorker-3: Calling delphi to calculate conformer (102/587) HIS01A1106_001 in /tmp/pbe_data.data.home.granepura.5-Kinases.Kinases_MCCE.Trial01.run_apo.2WGJ_HIS01A1106_001
2026-09-22 09:10:09 - INFO: step3.py, pbe: ForkPoolWorker-2: Calling delphi to calculate conformer (103/587) HIS01A1106_002 in /tmp/pbe_data.data.home.granepura.5-Kinases.Kinases_MCCE.Trial01.run_apo.2WGJ_HIS01A1106_002
2026-09-22 09:10:09 - INFO: step3.py, pbe: ForkPoolWorker-1: Calling delphi to calculate conformer (104/587) HIS02A1106_003 in /tmp/pbe_data.data.home.granepura.5-Kinases.Kinases_MCCE.Trial01.run_apo.2WGJ_HIS02A1106_003
2026-09-22 09:10:13 - INFO: step3.py, pbe: ForkPoolWorker-5: Calling delphi to calculate conformer (105/587) HIS02A1106_004 in /tmp/pbe_data.data.home.granepura.5-Kinases.Kinases_MCCE.Trial01.run_apo.2WGJ_HIS02A1106_004
2026-09-22 09:10:14 - INFO: step3.py, pbe: ForkPoolWorker-4: Calling delphi to calculate conformer (106/587) HIS+1A1106_005 in /tmp/pbe_data.data.home.granepura.5-Kinases.Kinases_MCCE.Trial01.run_apo.2WGJ_HIS+1A1106_005
2026-09-22 09:10:14 - INFO: step3.py, pbe: ForkPoolWorker-3: Calling delphi to calculate conformer (107/587) HIS+1A1106_006 in /tmp/pbe_data.data.home.granepura.5-Kinases.Kinases_MCCE.Trial01.run_apo.2WGJ_HIS+1A1106_006
2026-09-22 09:10:14 - INFO: step3.py, pbe: ForkPoolWorker-2: Calling delphi to calculate conformer (108/587) CYS01A1107_001 in /tmp/pbe_data.data.home.granepura.5-Kinases.Kinases_MCCE.Trial01.run_apo.2WGJ_CYS01A1107_001
2026-09-22 09:10:14 - INFO: step3.py, pbe: ForkPoolWorker-1: Calling delphi to calculate conformer (109/587) CYS01A1107_002 in /tmp/pbe_data.data.home.granepura.5-Kinases.Kinases_MCCE.Trial01.run_apo.2WGJ_CYS01A1107_002
2026-09-22 09:10:18 - INFO: step3.py, pbe: ForkPoolWorker-5: Calling delphi to calculate conformer (110/587) CYS01A1107_003 in /tmp/pbe_data.data.home.granepura.5-Kinases.Kinases_MCCE.Trial01.run_apo.2WGJ_CYS01A1107_003
2026-09-22 09:10:18 - INFO: step3.py, pbe: ForkPoolWorker-4: Calling delphi to calculate conformer (111/587) CYS-1A1107_004 in /tmp/pbe_data.data.home.granepura.5-Kinases.Kinases_MCCE.Trial01.run_apo.2WGJ_CYS-1A1107_004
2026-09-22 09:10:18 - INFO: step3.py, pbe: Skipping PBE solver for non-charge conformer (112/587) ALA01A1108_001...
2026-09-22 09:10:18 - INFO: step3.py, pbe: Skipping PBE solver for non-charge conformer (113/587) VAL01A1109_001...
2026-09-22 09:10:18 - INFO: step3.py, pbe: ForkPoolWorker-3: Calling delphi to calculate conformer (114/587) LYS01A1110_001 in /tmp/pbe_data.data.home.granepura.5-Kinases.Kinases_MCCE.Trial01.run_apo.2WGJ_LYS01A1110_001
2026-09-22 09:10:18 - INFO: step3.py, pbe: ForkPoolWorker-2: Calling delphi to calculate conformer (115/587) LYS+1A1110_002 in /tmp/pbe_data.data.home.granepura.5-Kinases.Kinases_MCCE.Trial01.run_apo.2WGJ_LYS+1A1110_002
2026-09-22 09:10:19 - INFO: step3.py, pbe: ForkPoolWorker-1: Calling delphi to calculate conformer (116/587) SER01A1111_001 in /tmp/pbe_data.data.home.granepura.5-Kinases.Kinases_MCCE.Trial01.run_apo.2WGJ_SER01A1111_001
2026-09-22 09:10:23 - INFO: step3.py, pbe: ForkPoolWorker-5: Calling delphi to calculate conformer (117/587) SER01A1111_002 in /tmp/pbe_data.data.home.granepura.5-Kinases.Kinases_MCCE.Trial01.run_apo.2WGJ_SER01A1111_002
2026-09-22 09:10:23 - INFO: step3.py, pbe: Skipping PBE solver for non-charge conformer (118/587) LEU01A1112_001...
2026-09-22 09:10:23 - INFO: step3.py, pbe: ForkPoolWorker-4: Calling delphi to calculate conformer (119/587) ASN01A1113_001 in /tmp/pbe_data.data.home.granepura.5-Kinases.Kinases_MCCE.Trial01.run_apo.2WGJ_ASN01A1113_001
2026-09-22 09:10:23 - INFO: step3.py, pbe: ForkPoolWorker-3: Calling delphi to calculate conformer (120/587) ASN01A1113_002 in /tmp/pbe_data.data.home.granepura.5-Kinases.Kinases_MCCE.Trial01.run_apo.2WGJ_ASN01A1113_002
2026-09-22 09:10:23 - INFO: step3.py, pbe: ForkPoolWorker-2: Calling delphi to calculate conformer (121/587) ASN01A1113_003 in /tmp/pbe_data.data.home.granepura.5-Kinases.Kinases_MCCE.Trial01.run_apo.2WGJ_ASN01A1113_003
2026-09-22 09:10:23 - INFO: step3.py, pbe: ForkPoolWorker-1: Calling delphi to calculate conformer (122/587) ARG01A1114_001 in /tmp/pbe_data.data.home.granepura.5-Kinases.Kinases_MCCE.Trial01.run_apo.2WGJ_ARG01A1114_001
2026-09-22 09:10:27 - INFO: step3.py, pbe: ForkPoolWorker-5: Calling delphi to calculate conformer (123/587) ARG02A1114_002 in /tmp/pbe_data.data.home.granepura.5-Kinases.Kinases_MCCE.Trial01.run_apo.2WGJ_ARG02A1114_002
2026-09-22 09:10:27 - INFO: step3.py, pbe: ForkPoolWorker-4: Calling delphi to calculate conformer (124/587) ARG03A1114_003 in /tmp/pbe_data.data.home.granepura.5-Kinases.Kinases_MCCE.Trial01.run_apo.2WGJ_ARG03A1114_003
2026-09-22 09:10:28 - INFO: step3.py, pbe: ForkPoolWorker-3: Calling delphi to calculate conformer (125/587) ARG+1A1114_004 in /tmp/pbe_data.data.home.granepura.5-Kinases.Kinases_MCCE.Trial01.run_apo.2WGJ_ARG+1A1114_004
2026-09-22 09:10:28 - INFO: step3.py, pbe: Skipping PBE solver for non-charge conformer (126/587) ILE01A1115_001...
2026-09-22 09:10:28 - INFO: step3.py, pbe: ForkPoolWorker-2: Calling delphi to calculate conformer (127/587) THR01A1116_001 in /tmp/pbe_data.data.home.granepura.5-Kinases.Kinases_MCCE.Trial01.run_apo.2WGJ_THR01A1116_001
2026-09-22 09:10:28 - INFO: step3.py, pbe: ForkPoolWorker-1: Calling delphi to calculate conformer (128/587) ASP01A1117_001 in /tmp/pbe_data.data.home.granepura.5-Kinases.Kinases_MCCE.Trial01.run_apo.2WGJ_ASP01A1117_001
2026-09-22 09:10:32 - INFO: step3.py, pbe: ForkPoolWorker-5: Calling delphi to calculate conformer (129/587) ASP01A1117_002 in /tmp/pbe_data.data.home.granepura.5-Kinases.Kinases_MCCE.Trial01.run_apo.2WGJ_ASP01A1117_002
2026-09-22 09:10:32 - INFO: step3.py, pbe: ForkPoolWorker-4: Calling delphi to calculate conformer (130/587) ASP02A1117_003 in /tmp/pbe_data.data.home.granepura.5-Kinases.Kinases_MCCE.Trial01.run_apo.2WGJ_ASP02A1117_003
2026-09-22 09:10:32 - INFO: step3.py, pbe: ForkPoolWorker-3: Calling delphi to calculate conformer (131/587) ASP02A1117_004 in /tmp/pbe_data.data.home.granepura.5-Kinases.Kinases_MCCE.Trial01.run_apo.2WGJ_ASP02A1117_004
2026-09-22 09:10:32 - INFO: step3.py, pbe: ForkPoolWorker-2: Calling delphi to calculate conformer (132/587) ASP-1A1117_005 in /tmp/pbe_data.data.home.granepura.5-Kinases.Kinases_MCCE.Trial01.run_apo.2WGJ_ASP-1A1117_005
2026-09-22 09:10:33 - INFO: step3.py, pbe: Skipping PBE solver for non-charge conformer (133/587) ILE01A1118_001...
2026-09-22 09:10:33 - INFO: step3.py, pbe: ForkPoolWorker-1: Calling delphi to calculate conformer (134/587) GLU01A1120_001 in /tmp/pbe_data.data.home.granepura.5-Kinases.Kinases_MCCE.Trial01.run_apo.2WGJ_GLU01A1120_001
2026-09-22 09:10:37 - INFO: step3.py, pbe: ForkPoolWorker-5: Calling delphi to calculate conformer (135/587) GLU01A1120_002 in /tmp/pbe_data.data.home.granepura.5-Kinases.Kinases_MCCE.Trial01.run_apo.2WGJ_GLU01A1120_002
2026-09-22 09:10:37 - INFO: step3.py, pbe: ForkPoolWorker-4: Calling delphi to calculate conformer (136/587) GLU02A1120_003 in /tmp/pbe_data.data.home.granepura.5-Kinases.Kinases_MCCE.Trial01.run_apo.2WGJ_GLU02A1120_003
2026-09-22 09:10:37 - INFO: step3.py, pbe: ForkPoolWorker-3: Calling delphi to calculate conformer (137/587) GLU02A1120_004 in /tmp/pbe_data.data.home.granepura.5-Kinases.Kinases_MCCE.Trial01.run_apo.2WGJ_GLU02A1120_004
2026-09-22 09:10:37 - INFO: step3.py, pbe: ForkPoolWorker-2: Calling delphi to calculate conformer (138/587) GLU-1A1120_005 in /tmp/pbe_data.data.home.granepura.5-Kinases.Kinases_MCCE.Trial01.run_apo.2WGJ_GLU-1A1120_005
2026-09-22 09:10:37 - INFO: step3.py, pbe: Skipping PBE solver for non-charge conformer (139/587) VAL01A1121_001...
2026-09-22 09:10:37 - INFO: step3.py, pbe: ForkPoolWorker-1: Calling delphi to calculate conformer (140/587) SER01A1122_001 in /tmp/pbe_data.data.home.granepura.5-Kinases.Kinases_MCCE.Trial01.run_apo.2WGJ_SER01A1122_001
2026-09-22 09:10:41 - INFO: step3.py, pbe: ForkPoolWorker-5: Calling delphi to calculate conformer (141/587) SER01A1122_002 in /tmp/pbe_data.data.home.granepura.5-Kinases.Kinases_MCCE.Trial01.run_apo.2WGJ_SER01A1122_002
2026-09-22 09:10:41 - INFO: step3.py, pbe: ForkPoolWorker-4: Calling delphi to calculate conformer (142/587) GLN01A1123_001 in /tmp/pbe_data.data.home.granepura.5-Kinases.Kinases_MCCE.Trial01.run_apo.2WGJ_GLN01A1123_001
2026-09-22 09:10:41 - INFO: step3.py, pbe: ForkPoolWorker-3: Calling delphi to calculate conformer (143/587) GLN01A1123_002 in /tmp/pbe_data.data.home.granepura.5-Kinases.Kinases_MCCE.Trial01.run_apo.2WGJ_GLN01A1123_002
2026-09-22 09:10:41 - INFO: step3.py, pbe: Skipping PBE solver for non-charge conformer (144/587) PHE01A1124_001...
2026-09-22 09:10:41 - INFO: step3.py, pbe: Skipping PBE solver for non-charge conformer (145/587) LEU01A1125_001...
2026-09-22 09:10:41 - INFO: step3.py, pbe: ForkPoolWorker-2: Calling delphi to calculate conformer (146/587) THR01A1126_001 in /tmp/pbe_data.data.home.granepura.5-Kinases.Kinases_MCCE.Trial01.run_apo.2WGJ_THR01A1126_001
2026-09-22 09:10:42 - INFO: step3.py, pbe: ForkPoolWorker-1: Calling delphi to calculate conformer (147/587) THR01A1126_002 in /tmp/pbe_data.data.home.granepura.5-Kinases.Kinases_MCCE.Trial01.run_apo.2WGJ_THR01A1126_002
2026-09-22 09:10:46 - INFO: step3.py, pbe: ForkPoolWorker-5: Calling delphi to calculate conformer (148/587) GLU01A1127_001 in /tmp/pbe_data.data.home.granepura.5-Kinases.Kinases_MCCE.Trial01.run_apo.2WGJ_GLU01A1127_001
2026-09-22 09:10:46 - INFO: step3.py, pbe: ForkPoolWorker-4: Calling delphi to calculate conformer (149/587) GLU01A1127_002 in /tmp/pbe_data.data.home.granepura.5-Kinases.Kinases_MCCE.Trial01.run_apo.2WGJ_GLU01A1127_002
2026-09-22 09:10:46 - INFO: step3.py, pbe: ForkPoolWorker-3: Calling delphi to calculate conformer (150/587) GLU02A1127_003 in /tmp/pbe_data.data.home.granepura.5-Kinases.Kinases_MCCE.Trial01.run_apo.2WGJ_GLU02A1127_003
2026-09-22 09:10:46 - INFO: step3.py, pbe: ForkPoolWorker-2: Calling delphi to calculate conformer (151/587) GLU02A1127_004 in /tmp/pbe_data.data.home.granepura.5-Kinases.Kinases_MCCE.Trial01.run_apo.2WGJ_GLU02A1127_004
2026-09-22 09:10:46 - INFO: step3.py, pbe: ForkPoolWorker-1: Calling delphi to calculate conformer (152/587) GLU-1A1127_005 in /tmp/pbe_data.data.home.granepura.5-Kinases.Kinases_MCCE.Trial01.run_apo.2WGJ_GLU-1A1127_005
2026-09-22 09:10:50 - INFO: step3.py, pbe: Skipping PBE solver for non-charge conformer (153/587) ILE01A1129_001...
2026-09-22 09:10:50 - INFO: step3.py, pbe: Skipping PBE solver for non-charge conformer (154/587) ILE01A1130_001...
2026-09-22 09:10:50 - INFO: step3.py, pbe: ForkPoolWorker-5: Calling delphi to calculate conformer (155/587) MET01A1131_001 in /tmp/pbe_data.data.home.granepura.5-Kinases.Kinases_MCCE.Trial01.run_apo.2WGJ_MET01A1131_001
2026-09-22 09:10:51 - INFO: step3.py, pbe: ForkPoolWorker-4: Calling delphi to calculate conformer (156/587) LYS01A1132_001 in /tmp/pbe_data.data.home.granepura.5-Kinases.Kinases_MCCE.Trial01.run_apo.2WGJ_LYS01A1132_001
2026-09-22 09:10:51 - INFO: step3.py, pbe: ForkPoolWorker-3: Calling delphi to calculate conformer (157/587) LYS+1A1132_002 in /tmp/pbe_data.data.home.granepura.5-Kinases.Kinases_MCCE.Trial01.run_apo.2WGJ_LYS+1A1132_002
2026-09-22 09:10:51 - INFO: step3.py, pbe: ForkPoolWorker-2: Calling delphi to calculate conformer (158/587) ASP01A1133_001 in /tmp/pbe_data.data.home.granepura.5-Kinases.Kinases_MCCE.Trial01.run_apo.2WGJ_ASP01A1133_001
2026-09-22 09:10:51 - INFO: step3.py, pbe: ForkPoolWorker-1: Calling delphi to calculate conformer (159/587) ASP01A1133_002 in /tmp/pbe_data.data.home.granepura.5-Kinases.Kinases_MCCE.Trial01.run_apo.2WGJ_ASP01A1133_002
2026-09-22 09:10:55 - INFO: step3.py, pbe: ForkPoolWorker-4: Calling delphi to calculate conformer (160/587) ASP02A1133_003 in /tmp/pbe_data.data.home.granepura.5-Kinases.Kinases_MCCE.Trial01.run_apo.2WGJ_ASP02A1133_003
2026-09-22 09:10:55 - INFO: step3.py, pbe: ForkPoolWorker-5: Calling delphi to calculate conformer (161/587) ASP02A1133_004 in /tmp/pbe_data.data.home.granepura.5-Kinases.Kinases_MCCE.Trial01.run_apo.2WGJ_ASP02A1133_004
2026-09-22 09:10:55 - INFO: step3.py, pbe: ForkPoolWorker-3: Calling delphi to calculate conformer (162/587) ASP-1A1133_005 in /tmp/pbe_data.data.home.granepura.5-Kinases.Kinases_MCCE.Trial01.run_apo.2WGJ_ASP-1A1133_005
2026-09-22 09:10:55 - INFO: step3.py, pbe: Skipping PBE solver for non-charge conformer (163/587) PHE01A1134_001...
2026-09-22 09:10:55 - INFO: step3.py, pbe: ForkPoolWorker-2: Calling delphi to calculate conformer (164/587) SER01A1135_001 in /tmp/pbe_data.data.home.granepura.5-Kinases.Kinases_MCCE.Trial01.run_apo.2WGJ_SER01A1135_001
2026-09-22 09:10:56 - INFO: step3.py, pbe: ForkPoolWorker-1: Calling delphi to calculate conformer (165/587) HIS01A1136_001 in /tmp/pbe_data.data.home.granepura.5-Kinases.Kinases_MCCE.Trial01.run_apo.2WGJ_HIS01A1136_001
2026-09-22 09:11:00 - INFO: step3.py, pbe: ForkPoolWorker-4: Calling delphi to calculate conformer (166/587) HIS02A1136_002 in /tmp/pbe_data.data.home.granepura.5-Kinases.Kinases_MCCE.Trial01.run_apo.2WGJ_HIS02A1136_002
2026-09-22 09:11:00 - INFO: step3.py, pbe: ForkPoolWorker-5: Calling delphi to calculate conformer (167/587) HIS+1A1136_003 in /tmp/pbe_data.data.home.granepura.5-Kinases.Kinases_MCCE.Trial01.run_apo.2WGJ_HIS+1A1136_003
2026-09-22 09:11:00 - INFO: step3.py, pbe: Skipping PBE solver for non-charge conformer (168/587) PRO01A1137_001...
2026-09-22 09:11:00 - INFO: step3.py, pbe: ForkPoolWorker-3: Calling delphi to calculate conformer (169/587) ASN01A1138_001 in /tmp/pbe_data.data.home.granepura.5-Kinases.Kinases_MCCE.Trial01.run_apo.2WGJ_ASN01A1138_001
2026-09-22 09:11:00 - INFO: step3.py, pbe: ForkPoolWorker-2: Calling delphi to calculate conformer (170/587) ASN01A1138_002 in /tmp/pbe_data.data.home.granepura.5-Kinases.Kinases_MCCE.Trial01.run_apo.2WGJ_ASN01A1138_002
2026-09-22 09:11:00 - INFO: step3.py, pbe: Skipping PBE solver for non-charge conformer (171/587) VAL01A1139_001...
2026-09-22 09:11:00 - INFO: step3.py, pbe: Skipping PBE solver for non-charge conformer (172/587) LEU01A1140_001...
2026-09-22 09:11:00 - INFO: step3.py, pbe: ForkPoolWorker-1: Calling delphi to calculate conformer (173/587) SER01A1141_001 in /tmp/pbe_data.data.home.granepura.5-Kinases.Kinases_MCCE.Trial01.run_apo.2WGJ_SER01A1141_001
2026-09-22 09:11:05 - INFO: step3.py, pbe: Skipping PBE solver for non-charge conformer (174/587) LEU01A1142_001...
2026-09-22 09:11:05 - INFO: step3.py, pbe: Skipping PBE solver for non-charge conformer (175/587) LEU01A1143_001...
2026-09-22 09:11:05 - INFO: step3.py, pbe: ForkPoolWorker-4: Calling delphi to calculate conformer (177/587) CYS01A1146_001 in /tmp/pbe_data.data.home.granepura.5-Kinases.Kinases_MCCE.Trial01.run_apo.2WGJ_CYS01A1146_001
2026-09-22 09:11:05 - INFO: step3.py, pbe: Skipping PBE solver for non-charge conformer (176/587) ILE01A1145_001...
2026-09-22 09:11:05 - INFO: step3.py, pbe: ForkPoolWorker-5: Calling delphi to calculate conformer (178/587) CYS01A1146_002 in /tmp/pbe_data.data.home.granepura.5-Kinases.Kinases_MCCE.Trial01.run_apo.2WGJ_CYS01A1146_002
2026-09-22 09:11:05 - INFO: step3.py, pbe: ForkPoolWorker-3: Calling delphi to calculate conformer (179/587) CYS01A1146_003 in /tmp/pbe_data.data.home.granepura.5-Kinases.Kinases_MCCE.Trial01.run_apo.2WGJ_CYS01A1146_003
2026-09-22 09:11:05 - INFO: step3.py, pbe: ForkPoolWorker-2: Calling delphi to calculate conformer (180/587) CYS-1A1146_004 in /tmp/pbe_data.data.home.granepura.5-Kinases.Kinases_MCCE.Trial01.run_apo.2WGJ_CYS-1A1146_004
2026-09-22 09:11:05 - INFO: step3.py, pbe: Skipping PBE solver for non-charge conformer (181/587) LEU01A1147_001...
2026-09-22 09:11:05 - INFO: step3.py, pbe: ForkPoolWorker-1: Calling delphi to calculate conformer (182/587) ARG01A1148_001 in /tmp/pbe_data.data.home.granepura.5-Kinases.Kinases_MCCE.Trial01.run_apo.2WGJ_ARG01A1148_001
2026-09-22 09:11:09 - INFO: step3.py, pbe: ForkPoolWorker-4: Calling delphi to calculate conformer (183/587) ARG02A1148_002 in /tmp/pbe_data.data.home.granepura.5-Kinases.Kinases_MCCE.Trial01.run_apo.2WGJ_ARG02A1148_002
2026-09-22 09:11:09 - INFO: step3.py, pbe: ForkPoolWorker-5: Calling delphi to calculate conformer (184/587) ARG03A1148_003 in /tmp/pbe_data.data.home.granepura.5-Kinases.Kinases_MCCE.Trial01.run_apo.2WGJ_ARG03A1148_003
2026-09-22 09:11:09 - INFO: step3.py, pbe: ForkPoolWorker-3: Calling delphi to calculate conformer (185/587) ARG+1A1148_004 in /tmp/pbe_data.data.home.granepura.5-Kinases.Kinases_MCCE.Trial01.run_apo.2WGJ_ARG+1A1148_004
2026-09-22 09:11:10 - INFO: step3.py, pbe: ForkPoolWorker-2: Calling delphi to calculate conformer (186/587) SER01A1149_001 in /tmp/pbe_data.data.home.granepura.5-Kinases.Kinases_MCCE.Trial01.run_apo.2WGJ_SER01A1149_001
2026-09-22 09:11:10 - INFO: step3.py, pbe: ForkPoolWorker-1: Calling delphi to calculate conformer (187/587) GLU01A1150_001 in /tmp/pbe_data.data.home.granepura.5-Kinases.Kinases_MCCE.Trial01.run_apo.2WGJ_GLU01A1150_001
2026-09-22 09:11:14 - INFO: step3.py, pbe: ForkPoolWorker-4: Calling delphi to calculate conformer (188/587) GLU01A1150_002 in /tmp/pbe_data.data.home.granepura.5-Kinases.Kinases_MCCE.Trial01.run_apo.2WGJ_GLU01A1150_002
2026-09-22 09:11:14 - INFO: step3.py, pbe: ForkPoolWorker-5: Calling delphi to calculate conformer (189/587) GLU02A1150_003 in /tmp/pbe_data.data.home.granepura.5-Kinases.Kinases_MCCE.Trial01.run_apo.2WGJ_GLU02A1150_003
2026-09-22 09:11:14 - INFO: step3.py, pbe: ForkPoolWorker-3: Calling delphi to calculate conformer (190/587) GLU02A1150_004 in /tmp/pbe_data.data.home.granepura.5-Kinases.Kinases_MCCE.Trial01.run_apo.2WGJ_GLU02A1150_004
2026-09-22 09:11:14 - INFO: step3.py, pbe: ForkPoolWorker-2: Calling delphi to calculate conformer (191/587) GLU-1A1150_005 in /tmp/pbe_data.data.home.granepura.5-Kinases.Kinases_MCCE.Trial01.run_apo.2WGJ_GLU-1A1150_005
2026-09-22 09:11:15 - INFO: step3.py, pbe: ForkPoolWorker-1: Calling delphi to calculate conformer (192/587) SER01A1152_001 in /tmp/pbe_data.data.home.granepura.5-Kinases.Kinases_MCCE.Trial01.run_apo.2WGJ_SER01A1152_001
2026-09-22 09:11:18 - INFO: step3.py, pbe: Skipping PBE solver for non-charge conformer (193/587) PRO01A1153_001...
2026-09-22 09:11:18 - INFO: step3.py, pbe: Skipping PBE solver for non-charge conformer (194/587) LEU01A1154_001...
2026-09-22 09:11:18 - INFO: step3.py, pbe: Skipping PBE solver for non-charge conformer (195/587) VAL01A1155_001...
2026-09-22 09:11:18 - INFO: step3.py, pbe: Skipping PBE solver for non-charge conformer (196/587) VAL01A1156_001...
2026-09-22 09:11:18 - INFO: step3.py, pbe: Skipping PBE solver for non-charge conformer (198/587) PRO01A1158_001...
2026-09-22 09:11:18 - INFO: step3.py, pbe: Skipping PBE solver for non-charge conformer (197/587) LEU01A1157_001...
2026-09-22 09:11:18 - INFO: step3.py, pbe: ForkPoolWorker-4: Calling delphi to calculate conformer (199/587) TYR01A1159_001 in /tmp/pbe_data.data.home.granepura.5-Kinases.Kinases_MCCE.Trial01.run_apo.2WGJ_TYR01A1159_001
2026-09-22 09:11:18 - INFO: step3.py, pbe: ForkPoolWorker-5: Calling delphi to calculate conformer (200/587) TYR01A1159_002 in /tmp/pbe_data.data.home.granepura.5-Kinases.Kinases_MCCE.Trial01.run_apo.2WGJ_TYR01A1159_002
2026-09-22 09:11:19 - INFO: step3.py, pbe: ForkPoolWorker-3: Calling delphi to calculate conformer (201/587) TYR-1A1159_003 in /tmp/pbe_data.data.home.granepura.5-Kinases.Kinases_MCCE.Trial01.run_apo.2WGJ_TYR-1A1159_003
2026-09-22 09:11:19 - INFO: step3.py, pbe: ForkPoolWorker-2: Calling delphi to calculate conformer (202/587) MET01A1160_001 in /tmp/pbe_data.data.home.granepura.5-Kinases.Kinases_MCCE.Trial01.run_apo.2WGJ_MET01A1160_001
2026-09-22 09:11:20 - INFO: step3.py, pbe: ForkPoolWorker-1: Calling delphi to calculate conformer (203/587) LYS01A1161_001 in /tmp/pbe_data.data.home.granepura.5-Kinases.Kinases_MCCE.Trial01.run_apo.2WGJ_LYS01A1161_001
2026-09-22 09:11:23 - INFO: step3.py, pbe: ForkPoolWorker-4: Calling delphi to calculate conformer (204/587) LYS+1A1161_002 in /tmp/pbe_data.data.home.granepura.5-Kinases.Kinases_MCCE.Trial01.run_apo.2WGJ_LYS+1A1161_002
2026-09-22 09:11:23 - INFO: step3.py, pbe: ForkPoolWorker-5: Calling delphi to calculate conformer (205/587) HIS01A1162_001 in /tmp/pbe_data.data.home.granepura.5-Kinases.Kinases_MCCE.Trial01.run_apo.2WGJ_HIS01A1162_001
2026-09-22 09:11:23 - INFO: step3.py, pbe: ForkPoolWorker-3: Calling delphi to calculate conformer (206/587) HIS02A1162_002 in /tmp/pbe_data.data.home.granepura.5-Kinases.Kinases_MCCE.Trial01.run_apo.2WGJ_HIS02A1162_002
2026-09-22 09:11:24 - INFO: step3.py, pbe: ForkPoolWorker-2: Calling delphi to calculate conformer (207/587) HIS+1A1162_003 in /tmp/pbe_data.data.home.granepura.5-Kinases.Kinases_MCCE.Trial01.run_apo.2WGJ_HIS+1A1162_003
2026-09-22 09:11:24 - INFO: step3.py, pbe: ForkPoolWorker-1: Calling delphi to calculate conformer (208/587) ASP01A1164_001 in /tmp/pbe_data.data.home.granepura.5-Kinases.Kinases_MCCE.Trial01.run_apo.2WGJ_ASP01A1164_001
2026-09-22 09:11:28 - INFO: step3.py, pbe: ForkPoolWorker-4: Calling delphi to calculate conformer (209/587) ASP01A1164_002 in /tmp/pbe_data.data.home.granepura.5-Kinases.Kinases_MCCE.Trial01.run_apo.2WGJ_ASP01A1164_002
2026-09-22 09:11:28 - INFO: step3.py, pbe: ForkPoolWorker-5: Calling delphi to calculate conformer (210/587) ASP02A1164_003 in /tmp/pbe_data.data.home.granepura.5-Kinases.Kinases_MCCE.Trial01.run_apo.2WGJ_ASP02A1164_003
2026-09-22 09:11:28 - INFO: step3.py, pbe: ForkPoolWorker-3: Calling delphi to calculate conformer (211/587) ASP02A1164_004 in /tmp/pbe_data.data.home.granepura.5-Kinases.Kinases_MCCE.Trial01.run_apo.2WGJ_ASP02A1164_004
2026-09-22 09:11:28 - INFO: step3.py, pbe: ForkPoolWorker-2: Calling delphi to calculate conformer (212/587) ASP-1A1164_005 in /tmp/pbe_data.data.home.granepura.5-Kinases.Kinases_MCCE.Trial01.run_apo.2WGJ_ASP-1A1164_005
2026-09-22 09:11:29 - INFO: step3.py, pbe: Skipping PBE solver for non-charge conformer (213/587) LEU01A1165_001...
2026-09-22 09:11:29 - INFO: step3.py, pbe: ForkPoolWorker-1: Calling delphi to calculate conformer (214/587) ARG01A1166_001 in /tmp/pbe_data.data.home.granepura.5-Kinases.Kinases_MCCE.Trial01.run_apo.2WGJ_ARG01A1166_001
2026-09-22 09:11:32 - INFO: step3.py, pbe: ForkPoolWorker-4: Calling delphi to calculate conformer (215/587) ARG02A1166_002 in /tmp/pbe_data.data.home.granepura.5-Kinases.Kinases_MCCE.Trial01.run_apo.2WGJ_ARG02A1166_002
2026-09-22 09:11:33 - INFO: step3.py, pbe: ForkPoolWorker-3: Calling delphi to calculate conformer (217/587) ARG03A1166_004 in /tmp/pbe_data.data.home.granepura.5-Kinases.Kinases_MCCE.Trial01.run_apo.2WGJ_ARG03A1166_004
2026-09-22 09:11:33 - INFO: step3.py, pbe: ForkPoolWorker-5: Calling delphi to calculate conformer (216/587) ARG03A1166_003 in /tmp/pbe_data.data.home.granepura.5-Kinases.Kinases_MCCE.Trial01.run_apo.2WGJ_ARG03A1166_003
2026-09-22 09:11:33 - INFO: step3.py, pbe: ForkPoolWorker-2: Calling delphi to calculate conformer (218/587) ARG+1A1166_005 in /tmp/pbe_data.data.home.granepura.5-Kinases.Kinases_MCCE.Trial01.run_apo.2WGJ_ARG+1A1166_005
2026-09-22 09:11:33 - INFO: step3.py, pbe: ForkPoolWorker-1: Calling delphi to calculate conformer (219/587) ASN01A1167_001 in /tmp/pbe_data.data.home.granepura.5-Kinases.Kinases_MCCE.Trial01.run_apo.2WGJ_ASN01A1167_001
2026-09-22 09:11:37 - INFO: step3.py, pbe: ForkPoolWorker-4: Calling delphi to calculate conformer (220/587) ASN01A1167_002 in /tmp/pbe_data.data.home.granepura.5-Kinases.Kinases_MCCE.Trial01.run_apo.2WGJ_ASN01A1167_002
2026-09-22 09:11:37 - INFO: step3.py, pbe: Skipping PBE solver for non-charge conformer (221/587) PHE01A1168_001...
2026-09-22 09:11:37 - INFO: step3.py, pbe: Skipping PBE solver for non-charge conformer (222/587) ILE01A1169_001...
2026-09-22 09:11:37 - INFO: step3.py, pbe: ForkPoolWorker-5: Calling delphi to calculate conformer (224/587) ARG02A1170_002 in /tmp/pbe_data.data.home.granepura.5-Kinases.Kinases_MCCE.Trial01.run_apo.2WGJ_ARG02A1170_002
2026-09-22 09:11:37 - INFO: step3.py, pbe: ForkPoolWorker-3: Calling delphi to calculate conformer (223/587) ARG01A1170_001 in /tmp/pbe_data.data.home.granepura.5-Kinases.Kinases_MCCE.Trial01.run_apo.2WGJ_ARG01A1170_001
2026-09-22 09:11:37 - INFO: step3.py, pbe: ForkPoolWorker-2: Calling delphi to calculate conformer (225/587) ARG03A1170_003 in /tmp/pbe_data.data.home.granepura.5-Kinases.Kinases_MCCE.Trial01.run_apo.2WGJ_ARG03A1170_003
2026-09-22 09:11:38 - INFO: step3.py, pbe: ForkPoolWorker-1: Calling delphi to calculate conformer (226/587) ARG+1A1170_004 in /tmp/pbe_data.data.home.granepura.5-Kinases.Kinases_MCCE.Trial01.run_apo.2WGJ_ARG+1A1170_004
2026-09-22 09:11:42 - INFO: step3.py, pbe: ForkPoolWorker-4: Calling delphi to calculate conformer (227/587) ASN01A1171_001 in /tmp/pbe_data.data.home.granepura.5-Kinases.Kinases_MCCE.Trial01.run_apo.2WGJ_ASN01A1171_001
2026-09-22 09:11:42 - INFO: step3.py, pbe: ForkPoolWorker-5: Calling delphi to calculate conformer (228/587) GLU01A1172_001 in /tmp/pbe_data.data.home.granepura.5-Kinases.Kinases_MCCE.Trial01.run_apo.2WGJ_GLU01A1172_001
2026-09-22 09:11:42 - INFO: step3.py, pbe: ForkPoolWorker-3: Calling delphi to calculate conformer (229/587) GLU01A1172_002 in /tmp/pbe_data.data.home.granepura.5-Kinases.Kinases_MCCE.Trial01.run_apo.2WGJ_GLU01A1172_002
2026-09-22 09:11:42 - INFO: step3.py, pbe: ForkPoolWorker-2: Calling delphi to calculate conformer (230/587) GLU02A1172_003 in /tmp/pbe_data.data.home.granepura.5-Kinases.Kinases_MCCE.Trial01.run_apo.2WGJ_GLU02A1172_003
2026-09-22 09:11:43 - INFO: step3.py, pbe: ForkPoolWorker-1: Calling delphi to calculate conformer (231/587) GLU02A1172_004 in /tmp/pbe_data.data.home.granepura.5-Kinases.Kinases_MCCE.Trial01.run_apo.2WGJ_GLU02A1172_004
2026-09-22 09:11:46 - INFO: step3.py, pbe: ForkPoolWorker-3: Calling delphi to calculate conformer (232/587) GLU-1A1172_005 in /tmp/pbe_data.data.home.granepura.5-Kinases.Kinases_MCCE.Trial01.run_apo.2WGJ_GLU-1A1172_005
2026-09-22 09:11:46 - INFO: step3.py, pbe: ForkPoolWorker-4: Calling delphi to calculate conformer (233/587) THR01A1173_001 in /tmp/pbe_data.data.home.granepura.5-Kinases.Kinases_MCCE.Trial01.run_apo.2WGJ_THR01A1173_001
2026-09-22 09:11:46 - INFO: step3.py, pbe: ForkPoolWorker-5: Calling delphi to calculate conformer (234/587) THR01A1173_002 in /tmp/pbe_data.data.home.granepura.5-Kinases.Kinases_MCCE.Trial01.run_apo.2WGJ_THR01A1173_002
2026-09-22 09:11:47 - INFO: step3.py, pbe: ForkPoolWorker-2: Calling delphi to calculate conformer (235/587) THR01A1173_003 in /tmp/pbe_data.data.home.granepura.5-Kinases.Kinases_MCCE.Trial01.run_apo.2WGJ_THR01A1173_003
2026-09-22 09:11:47 - INFO: step3.py, pbe: ForkPoolWorker-1: Calling delphi to calculate conformer (236/587) HIS01A1174_001 in /tmp/pbe_data.data.home.granepura.5-Kinases.Kinases_MCCE.Trial01.run_apo.2WGJ_HIS01A1174_001
2026-09-22 09:11:51 - INFO: step3.py, pbe: ForkPoolWorker-3: Calling delphi to calculate conformer (237/587) HIS01A1174_002 in /tmp/pbe_data.data.home.granepura.5-Kinases.Kinases_MCCE.Trial01.run_apo.2WGJ_HIS01A1174_002
2026-09-22 09:11:51 - INFO: step3.py, pbe: ForkPoolWorker-2: Calling delphi to calculate conformer (238/587) HIS02A1174_003 in /tmp/pbe_data.data.home.granepura.5-Kinases.Kinases_MCCE.Trial01.run_apo.2WGJ_HIS02A1174_003
2026-09-22 09:11:51 - INFO: step3.py, pbe: ForkPoolWorker-5: Calling delphi to calculate conformer (239/587) HIS02A1174_004 in /tmp/pbe_data.data.home.granepura.5-Kinases.Kinases_MCCE.Trial01.run_apo.2WGJ_HIS02A1174_004
2026-09-22 09:11:51 - INFO: step3.py, pbe: ForkPoolWorker-4: Calling delphi to calculate conformer (240/587) HIS+1A1174_005 in /tmp/pbe_data.data.home.granepura.5-Kinases.Kinases_MCCE.Trial01.run_apo.2WGJ_HIS+1A1174_005
2026-09-22 09:11:52 - INFO: step3.py, pbe: ForkPoolWorker-1: Calling delphi to calculate conformer (241/587) HIS+1A1174_006 in /tmp/pbe_data.data.home.granepura.5-Kinases.Kinases_MCCE.Trial01.run_apo.2WGJ_HIS+1A1174_006
2026-09-22 09:11:56 - INFO: step3.py, pbe: ForkPoolWorker-3: Calling delphi to calculate conformer (242/587) ASN01A1175_001 in /tmp/pbe_data.data.home.granepura.5-Kinases.Kinases_MCCE.Trial01.run_apo.2WGJ_ASN01A1175_001
2026-09-22 09:11:56 - INFO: step3.py, pbe: ForkPoolWorker-2: Calling delphi to calculate conformer (243/587) ASN01A1175_002 in /tmp/pbe_data.data.home.granepura.5-Kinases.Kinases_MCCE.Trial01.run_apo.2WGJ_ASN01A1175_002
2026-09-22 09:11:56 - INFO: step3.py, pbe: Skipping PBE solver for non-charge conformer (244/587) PRO01A1176_001...
2026-09-22 09:11:56 - INFO: step3.py, pbe: ForkPoolWorker-5: Calling delphi to calculate conformer (245/587) THR01A1177_001 in /tmp/pbe_data.data.home.granepura.5-Kinases.Kinases_MCCE.Trial01.run_apo.2WGJ_THR01A1177_001
2026-09-22 09:11:56 - INFO: step3.py, pbe: ForkPoolWorker-4: Calling delphi to calculate conformer (246/587) THR01A1177_002 in /tmp/pbe_data.data.home.granepura.5-Kinases.Kinases_MCCE.Trial01.run_apo.2WGJ_THR01A1177_002
2026-09-22 09:11:56 - INFO: step3.py, pbe: Skipping PBE solver for non-charge conformer (247/587) VAL01A1178_001...
2026-09-22 09:11:56 - INFO: step3.py, pbe: ForkPoolWorker-1: Calling delphi to calculate conformer (248/587) LYS01A1179_001 in /tmp/pbe_data.data.home.granepura.5-Kinases.Kinases_MCCE.Trial01.run_apo.2WGJ_LYS01A1179_001
2026-09-22 09:12:00 - INFO: step3.py, pbe: ForkPoolWorker-3: Calling delphi to calculate conformer (249/587) LYS+1A1179_002 in /tmp/pbe_data.data.home.granepura.5-Kinases.Kinases_MCCE.Trial01.run_apo.2WGJ_LYS+1A1179_002
2026-09-22 09:12:00 - INFO: step3.py, pbe: ForkPoolWorker-2: Calling delphi to calculate conformer (250/587) ASP01A1180_001 in /tmp/pbe_data.data.home.granepura.5-Kinases.Kinases_MCCE.Trial01.run_apo.2WGJ_ASP01A1180_001
2026-09-22 09:12:00 - INFO: step3.py, pbe: ForkPoolWorker-5: Calling delphi to calculate conformer (251/587) ASP01A1180_002 in /tmp/pbe_data.data.home.granepura.5-Kinases.Kinases_MCCE.Trial01.run_apo.2WGJ_ASP01A1180_002
2026-09-22 09:12:00 - INFO: step3.py, pbe: ForkPoolWorker-4: Calling delphi to calculate conformer (252/587) ASP02A1180_003 in /tmp/pbe_data.data.home.granepura.5-Kinases.Kinases_MCCE.Trial01.run_apo.2WGJ_ASP02A1180_003
2026-09-22 09:12:01 - INFO: step3.py, pbe: ForkPoolWorker-1: Calling delphi to calculate conformer (253/587) ASP02A1180_004 in /tmp/pbe_data.data.home.granepura.5-Kinases.Kinases_MCCE.Trial01.run_apo.2WGJ_ASP02A1180_004
2026-09-22 09:12:05 - INFO: step3.py, pbe: ForkPoolWorker-3: Calling delphi to calculate conformer (254/587) ASP-1A1180_005 in /tmp/pbe_data.data.home.granepura.5-Kinases.Kinases_MCCE.Trial01.run_apo.2WGJ_ASP-1A1180_005
2026-09-22 09:12:05 - INFO: step3.py, pbe: Skipping PBE solver for non-charge conformer (255/587) LEU01A1181_001...
2026-09-22 09:12:05 - INFO: step3.py, pbe: Skipping PBE solver for non-charge conformer (256/587) ILE01A1182_001...
2026-09-22 09:12:05 - INFO: step3.py, pbe: Skipping PBE solver for non-charge conformer (257/587) PHE01A1184_001...
2026-09-22 09:12:05 - INFO: step3.py, pbe: Skipping PBE solver for non-charge conformer (258/587) LEU01A1186_001...
2026-09-22 09:12:05 - INFO: step3.py, pbe: ForkPoolWorker-2: Calling delphi to calculate conformer (259/587) GLN01A1187_001 in /tmp/pbe_data.data.home.granepura.5-Kinases.Kinases_MCCE.Trial01.run_apo.2WGJ_GLN01A1187_001
2026-09-22 09:12:05 - INFO: step3.py, pbe: ForkPoolWorker-5: Calling delphi to calculate conformer (260/587) GLN01A1187_002 in /tmp/pbe_data.data.home.granepura.5-Kinases.Kinases_MCCE.Trial01.run_apo.2WGJ_GLN01A1187_002
2026-09-22 09:12:05 - INFO: step3.py, pbe: Skipping PBE solver for non-charge conformer (261/587) VAL01A1188_001...
2026-09-22 09:12:05 - INFO: step3.py, pbe: Skipping PBE solver for non-charge conformer (262/587) ALA01A1189_001...
2026-09-22 09:12:05 - INFO: step3.py, pbe: ForkPoolWorker-4: Calling delphi to calculate conformer (263/587) LYS01A1190_001 in /tmp/pbe_data.data.home.granepura.5-Kinases.Kinases_MCCE.Trial01.run_apo.2WGJ_LYS01A1190_001
2026-09-22 09:12:05 - INFO: step3.py, pbe: ForkPoolWorker-1: Calling delphi to calculate conformer (264/587) LYS+1A1190_002 in /tmp/pbe_data.data.home.granepura.5-Kinases.Kinases_MCCE.Trial01.run_apo.2WGJ_LYS+1A1190_002
2026-09-22 09:12:09 - INFO: step3.py, pbe: ForkPoolWorker-3: Calling delphi to calculate conformer (265/587) MET01A1192_001 in /tmp/pbe_data.data.home.granepura.5-Kinases.Kinases_MCCE.Trial01.run_apo.2WGJ_MET01A1192_001
2026-09-22 09:12:10 - INFO: step3.py, pbe: ForkPoolWorker-2: Calling delphi to calculate conformer (266/587) LYS01A1193_001 in /tmp/pbe_data.data.home.granepura.5-Kinases.Kinases_MCCE.Trial01.run_apo.2WGJ_LYS01A1193_001
2026-09-22 09:12:10 - INFO: step3.py, pbe: ForkPoolWorker-5: Calling delphi to calculate conformer (267/587) LYS+1A1193_002 in /tmp/pbe_data.data.home.granepura.5-Kinases.Kinases_MCCE.Trial01.run_apo.2WGJ_LYS+1A1193_002
2026-09-22 09:12:10 - INFO: step3.py, pbe: ForkPoolWorker-4: Calling delphi to calculate conformer (268/587) TYR01A1194_001 in /tmp/pbe_data.data.home.granepura.5-Kinases.Kinases_MCCE.Trial01.run_apo.2WGJ_TYR01A1194_001
2026-09-22 09:12:10 - INFO: step3.py, pbe: ForkPoolWorker-1: Calling delphi to calculate conformer (269/587) TYR01A1194_002 in /tmp/pbe_data.data.home.granepura.5-Kinases.Kinases_MCCE.Trial01.run_apo.2WGJ_TYR01A1194_002
2026-09-22 09:12:14 - INFO: step3.py, pbe: ForkPoolWorker-3: Calling delphi to calculate conformer (270/587) TYR-1A1194_003 in /tmp/pbe_data.data.home.granepura.5-Kinases.Kinases_MCCE.Trial01.run_apo.2WGJ_TYR-1A1194_003
2026-09-22 09:12:14 - INFO: step3.py, pbe: Skipping PBE solver for non-charge conformer (271/587) LEU01A1195_001...
2026-09-22 09:12:14 - INFO: step3.py, pbe: Skipping PBE solver for non-charge conformer (272/587) ALA01A1196_001...
2026-09-22 09:12:14 - INFO: step3.py, pbe: ForkPoolWorker-2: Calling delphi to calculate conformer (273/587) SER01A1197_001 in /tmp/pbe_data.data.home.granepura.5-Kinases.Kinases_MCCE.Trial01.run_apo.2WGJ_SER01A1197_001
2026-09-22 09:12:14 - INFO: step3.py, pbe: ForkPoolWorker-5: Calling delphi to calculate conformer (274/587) SER01A1197_002 in /tmp/pbe_data.data.home.granepura.5-Kinases.Kinases_MCCE.Trial01.run_apo.2WGJ_SER01A1197_002
2026-09-22 09:12:14 - INFO: step3.py, pbe: ForkPoolWorker-4: Calling delphi to calculate conformer (275/587) LYS01A1198_001 in /tmp/pbe_data.data.home.granepura.5-Kinases.Kinases_MCCE.Trial01.run_apo.2WGJ_LYS01A1198_001
2026-09-22 09:12:15 - INFO: step3.py, pbe: ForkPoolWorker-1: Calling delphi to calculate conformer (276/587) LYS+1A1198_002 in /tmp/pbe_data.data.home.granepura.5-Kinases.Kinases_MCCE.Trial01.run_apo.2WGJ_LYS+1A1198_002
2026-09-22 09:12:19 - INFO: step3.py, pbe: ForkPoolWorker-3: Calling delphi to calculate conformer (277/587) LYS01A1199_001 in /tmp/pbe_data.data.home.granepura.5-Kinases.Kinases_MCCE.Trial01.run_apo.2WGJ_LYS01A1199_001
2026-09-22 09:12:19 - INFO: step3.py, pbe: Skipping PBE solver for non-charge conformer (279/587) PHE01A1200_001...
2026-09-22 09:12:19 - INFO: step3.py, pbe: Skipping PBE solver for non-charge conformer (280/587) VAL01A1201_001...
2026-09-22 09:12:19 - INFO: step3.py, pbe: ForkPoolWorker-5: Calling delphi to calculate conformer (278/587) LYS+1A1199_002 in /tmp/pbe_data.data.home.granepura.5-Kinases.Kinases_MCCE.Trial01.run_apo.2WGJ_LYS+1A1199_002
2026-09-22 09:12:19 - INFO: step3.py, pbe: ForkPoolWorker-2: Calling delphi to calculate conformer (281/587) HIS01A1202_001 in /tmp/pbe_data.data.home.granepura.5-Kinases.Kinases_MCCE.Trial01.run_apo.2WGJ_HIS01A1202_001
2026-09-22 09:12:19 - INFO: step3.py, pbe: ForkPoolWorker-4: Calling delphi to calculate conformer (282/587) HIS01A1202_002 in /tmp/pbe_data.data.home.granepura.5-Kinases.Kinases_MCCE.Trial01.run_apo.2WGJ_HIS01A1202_002
2026-09-22 09:12:19 - INFO: step3.py, pbe: ForkPoolWorker-1: Calling delphi to calculate conformer (283/587) HIS02A1202_003 in /tmp/pbe_data.data.home.granepura.5-Kinases.Kinases_MCCE.Trial01.run_apo.2WGJ_HIS02A1202_003
2026-09-22 09:12:23 - INFO: step3.py, pbe: ForkPoolWorker-5: Calling delphi to calculate conformer (284/587) HIS02A1202_004 in /tmp/pbe_data.data.home.granepura.5-Kinases.Kinases_MCCE.Trial01.run_apo.2WGJ_HIS02A1202_004
2026-09-22 09:12:23 - INFO: step3.py, pbe: ForkPoolWorker-3: Calling delphi to calculate conformer (285/587) HIS+1A1202_005 in /tmp/pbe_data.data.home.granepura.5-Kinases.Kinases_MCCE.Trial01.run_apo.2WGJ_HIS+1A1202_005
2026-09-22 09:12:24 - INFO: step3.py, pbe: ForkPoolWorker-2: Calling delphi to calculate conformer (286/587) HIS+1A1202_006 in /tmp/pbe_data.data.home.granepura.5-Kinases.Kinases_MCCE.Trial01.run_apo.2WGJ_HIS+1A1202_006
2026-09-22 09:12:24 - INFO: step3.py, pbe: ForkPoolWorker-4: Calling delphi to calculate conformer (287/587) ARG01A1203_001 in /tmp/pbe_data.data.home.granepura.5-Kinases.Kinases_MCCE.Trial01.run_apo.2WGJ_ARG01A1203_001
2026-09-22 09:12:24 - INFO: step3.py, pbe: ForkPoolWorker-1: Calling delphi to calculate conformer (288/587) ARG02A1203_002 in /tmp/pbe_data.data.home.granepura.5-Kinases.Kinases_MCCE.Trial01.run_apo.2WGJ_ARG02A1203_002
2026-09-22 09:12:28 - INFO: step3.py, pbe: ForkPoolWorker-5: Calling delphi to calculate conformer (289/587) ARG03A1203_003 in /tmp/pbe_data.data.home.granepura.5-Kinases.Kinases_MCCE.Trial01.run_apo.2WGJ_ARG03A1203_003
2026-09-22 09:12:28 - INFO: step3.py, pbe: ForkPoolWorker-3: Calling delphi to calculate conformer (290/587) ARG+1A1203_004 in /tmp/pbe_data.data.home.granepura.5-Kinases.Kinases_MCCE.Trial01.run_apo.2WGJ_ARG+1A1203_004
2026-09-22 09:12:28 - INFO: step3.py, pbe: ForkPoolWorker-4: Calling delphi to calculate conformer (291/587) ASP01A1204_001 in /tmp/pbe_data.data.home.granepura.5-Kinases.Kinases_MCCE.Trial01.run_apo.2WGJ_ASP01A1204_001
2026-09-22 09:12:28 - INFO: step3.py, pbe: ForkPoolWorker-2: Calling delphi to calculate conformer (292/587) ASP01A1204_002 in /tmp/pbe_data.data.home.granepura.5-Kinases.Kinases_MCCE.Trial01.run_apo.2WGJ_ASP01A1204_002
2026-09-22 09:12:29 - INFO: step3.py, pbe: ForkPoolWorker-1: Calling delphi to calculate conformer (293/587) ASP02A1204_003 in /tmp/pbe_data.data.home.granepura.5-Kinases.Kinases_MCCE.Trial01.run_apo.2WGJ_ASP02A1204_003
2026-09-22 09:12:33 - INFO: step3.py, pbe: ForkPoolWorker-5: Calling delphi to calculate conformer (294/587) ASP02A1204_004 in /tmp/pbe_data.data.home.granepura.5-Kinases.Kinases_MCCE.Trial01.run_apo.2WGJ_ASP02A1204_004
2026-09-22 09:12:33 - INFO: step3.py, pbe: ForkPoolWorker-3: Calling delphi to calculate conformer (295/587) ASP-1A1204_005 in /tmp/pbe_data.data.home.granepura.5-Kinases.Kinases_MCCE.Trial01.run_apo.2WGJ_ASP-1A1204_005
2026-09-22 09:12:33 - INFO: step3.py, pbe: Skipping PBE solver for non-charge conformer (296/587) LEU01A1205_001...
2026-09-22 09:12:33 - INFO: step3.py, pbe: Skipping PBE solver for non-charge conformer (297/587) ALA01A1206_001...
2026-09-22 09:12:33 - INFO: step3.py, pbe: Skipping PBE solver for non-charge conformer (298/587) ALA01A1207_001...
2026-09-22 09:12:33 - INFO: step3.py, pbe: ForkPoolWorker-2: Calling delphi to calculate conformer (299/587) ARG01A1208_001 in /tmp/pbe_data.data.home.granepura.5-Kinases.Kinases_MCCE.Trial01.run_apo.2WGJ_ARG01A1208_001
2026-09-22 09:12:33 - INFO: step3.py, pbe: ForkPoolWorker-1: Calling delphi to calculate conformer (300/587) ARG02A1208_002 in /tmp/pbe_data.data.home.granepura.5-Kinases.Kinases_MCCE.Trial01.run_apo.2WGJ_ARG02A1208_002
2026-09-22 09:12:33 - INFO: step3.py, pbe: ForkPoolWorker-4: Calling delphi to calculate conformer (301/587) ARG03A1208_003 in /tmp/pbe_data.data.home.granepura.5-Kinases.Kinases_MCCE.Trial01.run_apo.2WGJ_ARG03A1208_003
2026-09-22 09:12:38 - INFO: step3.py, pbe: ForkPoolWorker-5: Calling delphi to calculate conformer (302/587) ARG03A1208_004 in /tmp/pbe_data.data.home.granepura.5-Kinases.Kinases_MCCE.Trial01.run_apo.2WGJ_ARG03A1208_004
2026-09-22 09:12:38 - INFO: step3.py, pbe: ForkPoolWorker-3: Calling delphi to calculate conformer (303/587) ARG+1A1208_005 in /tmp/pbe_data.data.home.granepura.5-Kinases.Kinases_MCCE.Trial01.run_apo.2WGJ_ARG+1A1208_005
2026-09-22 09:12:38 - INFO: step3.py, pbe: ForkPoolWorker-2: Calling delphi to calculate conformer (304/587) ASN01A1209_001 in /tmp/pbe_data.data.home.granepura.5-Kinases.Kinases_MCCE.Trial01.run_apo.2WGJ_ASN01A1209_001
2026-09-22 09:12:38 - INFO: step3.py, pbe: ForkPoolWorker-1: Calling delphi to calculate conformer (305/587) ASN01A1209_002 in /tmp/pbe_data.data.home.granepura.5-Kinases.Kinases_MCCE.Trial01.run_apo.2WGJ_ASN01A1209_002
2026-09-22 09:12:38 - INFO: step3.py, pbe: ForkPoolWorker-4: Calling delphi to calculate conformer (306/587) CYS01A1210_001 in /tmp/pbe_data.data.home.granepura.5-Kinases.Kinases_MCCE.Trial01.run_apo.2WGJ_CYS01A1210_001
2026-09-22 09:12:42 - INFO: step3.py, pbe: ForkPoolWorker-5: Calling delphi to calculate conformer (307/587) CYS01A1210_002 in /tmp/pbe_data.data.home.granepura.5-Kinases.Kinases_MCCE.Trial01.run_apo.2WGJ_CYS01A1210_002
2026-09-22 09:12:42 - INFO: step3.py, pbe: ForkPoolWorker-3: Calling delphi to calculate conformer (308/587) CYS01A1210_003 in /tmp/pbe_data.data.home.granepura.5-Kinases.Kinases_MCCE.Trial01.run_apo.2WGJ_CYS01A1210_003
2026-09-22 09:12:43 - INFO: step3.py, pbe: ForkPoolWorker-2: Calling delphi to calculate conformer (309/587) CYS-1A1210_004 in /tmp/pbe_data.data.home.granepura.5-Kinases.Kinases_MCCE.Trial01.run_apo.2WGJ_CYS-1A1210_004
2026-09-22 09:12:43 - INFO: step3.py, pbe: ForkPoolWorker-1: Calling delphi to calculate conformer (310/587) MET01A1211_001 in /tmp/pbe_data.data.home.granepura.5-Kinases.Kinases_MCCE.Trial01.run_apo.2WGJ_MET01A1211_001
2026-09-22 09:12:43 - INFO: step3.py, pbe: Skipping PBE solver for non-charge conformer (311/587) LEU01A1212_001...
2026-09-22 09:12:43 - INFO: step3.py, pbe: ForkPoolWorker-4: Calling delphi to calculate conformer (312/587) ASP01A1213_001 in /tmp/pbe_data.data.home.granepura.5-Kinases.Kinases_MCCE.Trial01.run_apo.2WGJ_ASP01A1213_001
2026-09-22 09:12:47 - INFO: step3.py, pbe: ForkPoolWorker-5: Calling delphi to calculate conformer (313/587) ASP01A1213_002 in /tmp/pbe_data.data.home.granepura.5-Kinases.Kinases_MCCE.Trial01.run_apo.2WGJ_ASP01A1213_002
2026-09-22 09:12:47 - INFO: step3.py, pbe: ForkPoolWorker-3: Calling delphi to calculate conformer (314/587) ASP02A1213_003 in /tmp/pbe_data.data.home.granepura.5-Kinases.Kinases_MCCE.Trial01.run_apo.2WGJ_ASP02A1213_003
2026-09-22 09:12:47 - INFO: step3.py, pbe: ForkPoolWorker-2: Calling delphi to calculate conformer (315/587) ASP02A1213_004 in /tmp/pbe_data.data.home.granepura.5-Kinases.Kinases_MCCE.Trial01.run_apo.2WGJ_ASP02A1213_004
2026-09-22 09:12:47 - INFO: step3.py, pbe: ForkPoolWorker-1: Calling delphi to calculate conformer (316/587) ASP-1A1213_005 in /tmp/pbe_data.data.home.granepura.5-Kinases.Kinases_MCCE.Trial01.run_apo.2WGJ_ASP-1A1213_005
2026-09-22 09:12:47 - INFO: step3.py, pbe: ForkPoolWorker-4: Calling delphi to calculate conformer (317/587) GLU01A1214_001 in /tmp/pbe_data.data.home.granepura.5-Kinases.Kinases_MCCE.Trial01.run_apo.2WGJ_GLU01A1214_001
2026-09-22 09:12:52 - INFO: step3.py, pbe: ForkPoolWorker-5: Calling delphi to calculate conformer (318/587) GLU01A1214_002 in /tmp/pbe_data.data.home.granepura.5-Kinases.Kinases_MCCE.Trial01.run_apo.2WGJ_GLU01A1214_002
2026-09-22 09:12:52 - INFO: step3.py, pbe: ForkPoolWorker-3: Calling delphi to calculate conformer (319/587) GLU02A1214_003 in /tmp/pbe_data.data.home.granepura.5-Kinases.Kinases_MCCE.Trial01.run_apo.2WGJ_GLU02A1214_003
2026-09-22 09:12:52 - INFO: step3.py, pbe: ForkPoolWorker-2: Calling delphi to calculate conformer (320/587) GLU02A1214_004 in /tmp/pbe_data.data.home.granepura.5-Kinases.Kinases_MCCE.Trial01.run_apo.2WGJ_GLU02A1214_004
2026-09-22 09:12:52 - INFO: step3.py, pbe: ForkPoolWorker-1: Calling delphi to calculate conformer (321/587) GLU-1A1214_005 in /tmp/pbe_data.data.home.granepura.5-Kinases.Kinases_MCCE.Trial01.run_apo.2WGJ_GLU-1A1214_005
2026-09-22 09:12:52 - INFO: step3.py, pbe: ForkPoolWorker-4: Calling delphi to calculate conformer (322/587) LYS01A1215_001 in /tmp/pbe_data.data.home.granepura.5-Kinases.Kinases_MCCE.Trial01.run_apo.2WGJ_LYS01A1215_001
2026-09-22 09:12:56 - INFO: step3.py, pbe: ForkPoolWorker-5: Calling delphi to calculate conformer (323/587) LYS+1A1215_002 in /tmp/pbe_data.data.home.granepura.5-Kinases.Kinases_MCCE.Trial01.run_apo.2WGJ_LYS+1A1215_002
2026-09-22 09:12:56 - INFO: step3.py, pbe: Skipping PBE solver for non-charge conformer (324/587) PHE01A1216_001...
2026-09-22 09:12:56 - INFO: step3.py, pbe: ForkPoolWorker-3: Calling delphi to calculate conformer (325/587) THR01A1217_001 in /tmp/pbe_data.data.home.granepura.5-Kinases.Kinases_MCCE.Trial01.run_apo.2WGJ_THR01A1217_001
2026-09-22 09:12:57 - INFO: step3.py, pbe: ForkPoolWorker-2: Calling delphi to calculate conformer (326/587) THR01A1217_002 in /tmp/pbe_data.data.home.granepura.5-Kinases.Kinases_MCCE.Trial01.run_apo.2WGJ_THR01A1217_002
2026-09-22 09:12:57 - INFO: step3.py, pbe: Skipping PBE solver for non-charge conformer (327/587) VAL01A1218_001...
2026-09-22 09:12:57 - INFO: step3.py, pbe: ForkPoolWorker-1: Calling delphi to calculate conformer (328/587) LYS01A1219_001 in /tmp/pbe_data.data.home.granepura.5-Kinases.Kinases_MCCE.Trial01.run_apo.2WGJ_LYS01A1219_001
2026-09-22 09:12:57 - INFO: step3.py, pbe: ForkPoolWorker-4: Calling delphi to calculate conformer (329/587) LYS+1A1219_002 in /tmp/pbe_data.data.home.granepura.5-Kinases.Kinases_MCCE.Trial01.run_apo.2WGJ_LYS+1A1219_002
2026-09-22 09:13:01 - INFO: step3.py, pbe: Skipping PBE solver for non-charge conformer (330/587) VAL01A1220_001...
2026-09-22 09:13:01 - INFO: step3.py, pbe: Skipping PBE solver for non-charge conformer (331/587) ALA01A1221_001...
2026-09-22 09:13:01 - INFO: step3.py, pbe: ForkPoolWorker-5: Calling delphi to calculate conformer (332/587) ASP01A1222_001 in /tmp/pbe_data.data.home.granepura.5-Kinases.Kinases_MCCE.Trial01.run_apo.2WGJ_ASP01A1222_001
2026-09-22 09:13:01 - INFO: step3.py, pbe: ForkPoolWorker-3: Calling delphi to calculate conformer (333/587) ASP01A1222_002 in /tmp/pbe_data.data.home.granepura.5-Kinases.Kinases_MCCE.Trial01.run_apo.2WGJ_ASP01A1222_002
2026-09-22 09:13:01 - INFO: step3.py, pbe: ForkPoolWorker-2: Calling delphi to calculate conformer (334/587) ASP02A1222_003 in /tmp/pbe_data.data.home.granepura.5-Kinases.Kinases_MCCE.Trial01.run_apo.2WGJ_ASP02A1222_003
2026-09-22 09:13:01 - INFO: step3.py, pbe: ForkPoolWorker-1: Calling delphi to calculate conformer (335/587) ASP02A1222_004 in /tmp/pbe_data.data.home.granepura.5-Kinases.Kinases_MCCE.Trial01.run_apo.2WGJ_ASP02A1222_004
2026-09-22 09:13:01 - INFO: step3.py, pbe: ForkPoolWorker-4: Calling delphi to calculate conformer (336/587) ASP-1A1222_005 in /tmp/pbe_data.data.home.granepura.5-Kinases.Kinases_MCCE.Trial01.run_apo.2WGJ_ASP-1A1222_005
2026-09-22 09:13:06 - INFO: step3.py, pbe: Skipping PBE solver for non-charge conformer (337/587) PHE01A1223_001...
2026-09-22 09:13:06 - INFO: step3.py, pbe: Skipping PBE solver for non-charge conformer (338/587) LEU01A1225_001...
2026-09-22 09:13:06 - INFO: step3.py, pbe: Skipping PBE solver for non-charge conformer (339/587) ALA01A1226_001...
2026-09-22 09:13:06 - INFO: step3.py, pbe: ForkPoolWorker-5: Calling delphi to calculate conformer (340/587) ARG01A1227_001 in /tmp/pbe_data.data.home.granepura.5-Kinases.Kinases_MCCE.Trial01.run_apo.2WGJ_ARG01A1227_001
2026-09-22 09:13:06 - INFO: step3.py, pbe: ForkPoolWorker-3: Calling delphi to calculate conformer (341/587) ARG02A1227_002 in /tmp/pbe_data.data.home.granepura.5-Kinases.Kinases_MCCE.Trial01.run_apo.2WGJ_ARG02A1227_002
2026-09-22 09:13:06 - INFO: step3.py, pbe: ForkPoolWorker-2: Calling delphi to calculate conformer (342/587) ARG03A1227_003 in /tmp/pbe_data.data.home.granepura.5-Kinases.Kinases_MCCE.Trial01.run_apo.2WGJ_ARG03A1227_003
2026-09-22 09:13:06 - INFO: step3.py, pbe: ForkPoolWorker-1: Calling delphi to calculate conformer (343/587) ARG+1A1227_004 in /tmp/pbe_data.data.home.granepura.5-Kinases.Kinases_MCCE.Trial01.run_apo.2WGJ_ARG+1A1227_004
2026-09-22 09:13:06 - INFO: step3.py, pbe: ForkPoolWorker-4: Calling delphi to calculate conformer (344/587) ASP01A1228_001 in /tmp/pbe_data.data.home.granepura.5-Kinases.Kinases_MCCE.Trial01.run_apo.2WGJ_ASP01A1228_001
2026-09-22 09:13:10 - INFO: step3.py, pbe: ForkPoolWorker-5: Calling delphi to calculate conformer (345/587) ASP01A1228_002 in /tmp/pbe_data.data.home.granepura.5-Kinases.Kinases_MCCE.Trial01.run_apo.2WGJ_ASP01A1228_002
2026-09-22 09:13:10 - INFO: step3.py, pbe: ForkPoolWorker-3: Calling delphi to calculate conformer (346/587) ASP02A1228_003 in /tmp/pbe_data.data.home.granepura.5-Kinases.Kinases_MCCE.Trial01.run_apo.2WGJ_ASP02A1228_003
2026-09-22 09:13:11 - INFO: step3.py, pbe: ForkPoolWorker-2: Calling delphi to calculate conformer (347/587) ASP02A1228_004 in /tmp/pbe_data.data.home.granepura.5-Kinases.Kinases_MCCE.Trial01.run_apo.2WGJ_ASP02A1228_004
2026-09-22 09:13:11 - INFO: step3.py, pbe: ForkPoolWorker-1: Calling delphi to calculate conformer (348/587) ASP-1A1228_005 in /tmp/pbe_data.data.home.granepura.5-Kinases.Kinases_MCCE.Trial01.run_apo.2WGJ_ASP-1A1228_005
2026-09-22 09:13:11 - INFO: step3.py, pbe: ForkPoolWorker-4: Calling delphi to calculate conformer (349/587) MET01A1229_001 in /tmp/pbe_data.data.home.granepura.5-Kinases.Kinases_MCCE.Trial01.run_apo.2WGJ_MET01A1229_001
2026-09-22 09:13:15 - INFO: step3.py, pbe: ForkPoolWorker-5: Calling delphi to calculate conformer (350/587) TYR01A1230_001 in /tmp/pbe_data.data.home.granepura.5-Kinases.Kinases_MCCE.Trial01.run_apo.2WGJ_TYR01A1230_001
2026-09-22 09:13:15 - INFO: step3.py, pbe: ForkPoolWorker-3: Calling delphi to calculate conformer (351/587) TYR01A1230_002 in /tmp/pbe_data.data.home.granepura.5-Kinases.Kinases_MCCE.Trial01.run_apo.2WGJ_TYR01A1230_002
2026-09-22 09:13:15 - INFO: step3.py, pbe: ForkPoolWorker-1: Calling delphi to calculate conformer (352/587) TYR-1A1230_003 in /tmp/pbe_data.data.home.granepura.5-Kinases.Kinases_MCCE.Trial01.run_apo.2WGJ_TYR-1A1230_003
2026-09-22 09:13:15 - INFO: step3.py, pbe: ForkPoolWorker-2: Calling delphi to calculate conformer (353/587) ASP01A1231_001 in /tmp/pbe_data.data.home.granepura.5-Kinases.Kinases_MCCE.Trial01.run_apo.2WGJ_ASP01A1231_001
2026-09-22 09:13:16 - INFO: step3.py, pbe: ForkPoolWorker-4: Calling delphi to calculate conformer (354/587) ASP01A1231_002 in /tmp/pbe_data.data.home.granepura.5-Kinases.Kinases_MCCE.Trial01.run_apo.2WGJ_ASP01A1231_002
2026-09-22 09:13:20 - INFO: step3.py, pbe: ForkPoolWorker-5: Calling delphi to calculate conformer (355/587) ASP02A1231_003 in /tmp/pbe_data.data.home.granepura.5-Kinases.Kinases_MCCE.Trial01.run_apo.2WGJ_ASP02A1231_003
2026-09-22 09:13:20 - INFO: step3.py, pbe: ForkPoolWorker-2: Calling delphi to calculate conformer (356/587) ASP02A1231_004 in /tmp/pbe_data.data.home.granepura.5-Kinases.Kinases_MCCE.Trial01.run_apo.2WGJ_ASP02A1231_004
2026-09-22 09:13:20 - INFO: step3.py, pbe: ForkPoolWorker-1: Calling delphi to calculate conformer (357/587) ASP-1A1231_005 in /tmp/pbe_data.data.home.granepura.5-Kinases.Kinases_MCCE.Trial01.run_apo.2WGJ_ASP-1A1231_005
2026-09-22 09:13:20 - INFO: step3.py, pbe: ForkPoolWorker-3: Calling delphi to calculate conformer (358/587) LYS01A1232_001 in /tmp/pbe_data.data.home.granepura.5-Kinases.Kinases_MCCE.Trial01.run_apo.2WGJ_LYS01A1232_001
2026-09-22 09:13:20 - INFO: step3.py, pbe: ForkPoolWorker-4: Calling delphi to calculate conformer (359/587) LYS+1A1232_002 in /tmp/pbe_data.data.home.granepura.5-Kinases.Kinases_MCCE.Trial01.run_apo.2WGJ_LYS+1A1232_002
2026-09-22 09:13:24 - INFO: step3.py, pbe: ForkPoolWorker-5: Calling delphi to calculate conformer (360/587) GLU01A1233_001 in /tmp/pbe_data.data.home.granepura.5-Kinases.Kinases_MCCE.Trial01.run_apo.2WGJ_GLU01A1233_001
2026-09-22 09:13:25 - INFO: step3.py, pbe: ForkPoolWorker-1: Calling delphi to calculate conformer (361/587) GLU01A1233_002 in /tmp/pbe_data.data.home.granepura.5-Kinases.Kinases_MCCE.Trial01.run_apo.2WGJ_GLU01A1233_002
2026-09-22 09:13:25 - INFO: step3.py, pbe: ForkPoolWorker-2: Calling delphi to calculate conformer (362/587) GLU02A1233_003 in /tmp/pbe_data.data.home.granepura.5-Kinases.Kinases_MCCE.Trial01.run_apo.2WGJ_GLU02A1233_003
2026-09-22 09:13:25 - INFO: step3.py, pbe: ForkPoolWorker-3: Calling delphi to calculate conformer (363/587) GLU02A1233_004 in /tmp/pbe_data.data.home.granepura.5-Kinases.Kinases_MCCE.Trial01.run_apo.2WGJ_GLU02A1233_004
2026-09-22 09:13:25 - INFO: step3.py, pbe: ForkPoolWorker-4: Calling delphi to calculate conformer (364/587) GLU-1A1233_005 in /tmp/pbe_data.data.home.granepura.5-Kinases.Kinases_MCCE.Trial01.run_apo.2WGJ_GLU-1A1233_005
2026-09-22 09:13:29 - INFO: step3.py, pbe: ForkPoolWorker-5: Calling delphi to calculate conformer (365/587) TYR01A1234_001 in /tmp/pbe_data.data.home.granepura.5-Kinases.Kinases_MCCE.Trial01.run_apo.2WGJ_TYR01A1234_001
2026-09-22 09:13:30 - INFO: step3.py, pbe: ForkPoolWorker-1: Calling delphi to calculate conformer (366/587) TYR01A1234_002 in /tmp/pbe_data.data.home.granepura.5-Kinases.Kinases_MCCE.Trial01.run_apo.2WGJ_TYR01A1234_002
2026-09-22 09:13:30 - INFO: step3.py, pbe: ForkPoolWorker-2: Calling delphi to calculate conformer (367/587) TYR-1A1234_003 in /tmp/pbe_data.data.home.granepura.5-Kinases.Kinases_MCCE.Trial01.run_apo.2WGJ_TYR-1A1234_003
2026-09-22 09:13:30 - INFO: step3.py, pbe: ForkPoolWorker-3: Calling delphi to calculate conformer (368/587) TYR01A1235_001 in /tmp/pbe_data.data.home.granepura.5-Kinases.Kinases_MCCE.Trial01.run_apo.2WGJ_TYR01A1235_001
2026-09-22 09:13:30 - INFO: step3.py, pbe: ForkPoolWorker-4: Calling delphi to calculate conformer (369/587) TYR01A1235_002 in /tmp/pbe_data.data.home.granepura.5-Kinases.Kinases_MCCE.Trial01.run_apo.2WGJ_TYR01A1235_002
2026-09-22 09:13:34 - INFO: step3.py, pbe: ForkPoolWorker-5: Calling delphi to calculate conformer (370/587) TYR-1A1235_003 in /tmp/pbe_data.data.home.granepura.5-Kinases.Kinases_MCCE.Trial01.run_apo.2WGJ_TYR-1A1235_003
2026-09-22 09:13:34 - INFO: step3.py, pbe: ForkPoolWorker-2: Calling delphi to calculate conformer (371/587) SER01A1236_001 in /tmp/pbe_data.data.home.granepura.5-Kinases.Kinases_MCCE.Trial01.run_apo.2WGJ_SER01A1236_001
2026-09-22 09:13:34 - INFO: step3.py, pbe: ForkPoolWorker-1: Calling delphi to calculate conformer (372/587) SER01A1236_002 in /tmp/pbe_data.data.home.granepura.5-Kinases.Kinases_MCCE.Trial01.run_apo.2WGJ_SER01A1236_002
2026-09-22 09:13:34 - INFO: step3.py, pbe: Skipping PBE solver for non-charge conformer (373/587) VAL01A1237_001...
2026-09-22 09:13:34 - INFO: step3.py, pbe: ForkPoolWorker-3: Calling delphi to calculate conformer (374/587) HIS01A1238_001 in /tmp/pbe_data.data.home.granepura.5-Kinases.Kinases_MCCE.Trial01.run_apo.2WGJ_HIS01A1238_001
2026-09-22 09:13:35 - INFO: step3.py, pbe: ForkPoolWorker-4: Calling delphi to calculate conformer (375/587) HIS02A1238_002 in /tmp/pbe_data.data.home.granepura.5-Kinases.Kinases_MCCE.Trial01.run_apo.2WGJ_HIS02A1238_002
2026-09-22 09:13:39 - INFO: step3.py, pbe: ForkPoolWorker-5: Calling delphi to calculate conformer (376/587) HIS+1A1238_003 in /tmp/pbe_data.data.home.granepura.5-Kinases.Kinases_MCCE.Trial01.run_apo.2WGJ_HIS+1A1238_003
2026-09-22 09:13:39 - INFO: step3.py, pbe: ForkPoolWorker-1: Calling delphi to calculate conformer (377/587) ASN01A1239_001 in /tmp/pbe_data.data.home.granepura.5-Kinases.Kinases_MCCE.Trial01.run_apo.2WGJ_ASN01A1239_001
2026-09-22 09:13:39 - INFO: step3.py, pbe: ForkPoolWorker-2: Calling delphi to calculate conformer (378/587) ASN01A1239_002 in /tmp/pbe_data.data.home.granepura.5-Kinases.Kinases_MCCE.Trial01.run_apo.2WGJ_ASN01A1239_002
2026-09-22 09:13:39 - INFO: step3.py, pbe: ForkPoolWorker-3: Calling delphi to calculate conformer (379/587) LYS01A1240_001 in /tmp/pbe_data.data.home.granepura.5-Kinases.Kinases_MCCE.Trial01.run_apo.2WGJ_LYS01A1240_001
2026-09-22 09:13:39 - INFO: step3.py, pbe: ForkPoolWorker-4: Calling delphi to calculate conformer (380/587) LYS+1A1240_002 in /tmp/pbe_data.data.home.granepura.5-Kinases.Kinases_MCCE.Trial01.run_apo.2WGJ_LYS+1A1240_002
2026-09-22 09:13:43 - INFO: step3.py, pbe: ForkPoolWorker-5: Calling delphi to calculate conformer (381/587) THR01A1241_001 in /tmp/pbe_data.data.home.granepura.5-Kinases.Kinases_MCCE.Trial01.run_apo.2WGJ_THR01A1241_001
2026-09-22 09:13:44 - INFO: step3.py, pbe: ForkPoolWorker-1: Calling delphi to calculate conformer (382/587) THR01A1241_002 in /tmp/pbe_data.data.home.granepura.5-Kinases.Kinases_MCCE.Trial01.run_apo.2WGJ_THR01A1241_002
2026-09-22 09:13:44 - INFO: step3.py, pbe: ForkPoolWorker-2: Calling delphi to calculate conformer (383/587) THR01A1241_003 in /tmp/pbe_data.data.home.granepura.5-Kinases.Kinases_MCCE.Trial01.run_apo.2WGJ_THR01A1241_003
2026-09-22 09:13:44 - INFO: step3.py, pbe: Skipping PBE solver for non-charge conformer (384/587) ALA01A1243_001...
2026-09-22 09:13:44 - INFO: step3.py, pbe: ForkPoolWorker-3: Calling delphi to calculate conformer (385/587) LYS01A1244_001 in /tmp/pbe_data.data.home.granepura.5-Kinases.Kinases_MCCE.Trial01.run_apo.2WGJ_LYS01A1244_001
2026-09-22 09:13:44 - INFO: step3.py, pbe: ForkPoolWorker-4: Calling delphi to calculate conformer (386/587) LYS+1A1244_002 in /tmp/pbe_data.data.home.granepura.5-Kinases.Kinases_MCCE.Trial01.run_apo.2WGJ_LYS+1A1244_002
2026-09-22 09:13:48 - INFO: step3.py, pbe: Skipping PBE solver for non-charge conformer (387/587) LEU01A1245_001...
2026-09-22 09:13:48 - INFO: step3.py, pbe: Skipping PBE solver for non-charge conformer (388/587) PRO01A1246_001...
2026-09-22 09:13:48 - INFO: step3.py, pbe: Skipping PBE solver for non-charge conformer (389/587) VAL01A1247_001...
2026-09-22 09:13:48 - INFO: step3.py, pbe: ForkPoolWorker-5: Calling delphi to calculate conformer (390/587) LYS01A1248_001 in /tmp/pbe_data.data.home.granepura.5-Kinases.Kinases_MCCE.Trial01.run_apo.2WGJ_LYS01A1248_001
2026-09-22 09:13:48 - INFO: step3.py, pbe: ForkPoolWorker-1: Calling delphi to calculate conformer (391/587) LYS+1A1248_002 in /tmp/pbe_data.data.home.granepura.5-Kinases.Kinases_MCCE.Trial01.run_apo.2WGJ_LYS+1A1248_002
2026-09-22 09:13:48 - INFO: step3.py, pbe: Skipping PBE solver for non-charge conformer (392/587) TRP01A1249_001...
2026-09-22 09:13:48 - INFO: step3.py, pbe: ForkPoolWorker-2: Calling delphi to calculate conformer (393/587) MET01A1250_001 in /tmp/pbe_data.data.home.granepura.5-Kinases.Kinases_MCCE.Trial01.run_apo.2WGJ_MET01A1250_001
2026-09-22 09:13:48 - INFO: step3.py, pbe: Skipping PBE solver for non-charge conformer (394/587) ALA01A1251_001...
2026-09-22 09:13:48 - INFO: step3.py, pbe: Skipping PBE solver for non-charge conformer (395/587) LEU01A1252_001...
2026-09-22 09:13:48 - INFO: step3.py, pbe: ForkPoolWorker-3: Calling delphi to calculate conformer (396/587) GLU01A1253_001 in /tmp/pbe_data.data.home.granepura.5-Kinases.Kinases_MCCE.Trial01.run_apo.2WGJ_GLU01A1253_001
2026-09-22 09:13:49 - INFO: step3.py, pbe: ForkPoolWorker-4: Calling delphi to calculate conformer (397/587) GLU01A1253_002 in /tmp/pbe_data.data.home.granepura.5-Kinases.Kinases_MCCE.Trial01.run_apo.2WGJ_GLU01A1253_002
2026-09-22 09:13:52 - INFO: step3.py, pbe: ForkPoolWorker-5: Calling delphi to calculate conformer (398/587) GLU02A1253_003 in /tmp/pbe_data.data.home.granepura.5-Kinases.Kinases_MCCE.Trial01.run_apo.2WGJ_GLU02A1253_003
2026-09-22 09:13:53 - INFO: step3.py, pbe: ForkPoolWorker-1: Calling delphi to calculate conformer (399/587) GLU02A1253_004 in /tmp/pbe_data.data.home.granepura.5-Kinases.Kinases_MCCE.Trial01.run_apo.2WGJ_GLU02A1253_004
2026-09-22 09:13:53 - INFO: step3.py, pbe: ForkPoolWorker-2: Calling delphi to calculate conformer (400/587) GLU-1A1253_005 in /tmp/pbe_data.data.home.granepura.5-Kinases.Kinases_MCCE.Trial01.run_apo.2WGJ_GLU-1A1253_005
2026-09-22 09:13:53 - INFO: step3.py, pbe: ForkPoolWorker-3: Calling delphi to calculate conformer (401/587) SER01A1254_001 in /tmp/pbe_data.data.home.granepura.5-Kinases.Kinases_MCCE.Trial01.run_apo.2WGJ_SER01A1254_001
2026-09-22 09:13:53 - INFO: step3.py, pbe: ForkPoolWorker-4: Calling delphi to calculate conformer (402/587) SER01A1254_002 in /tmp/pbe_data.data.home.granepura.5-Kinases.Kinases_MCCE.Trial01.run_apo.2WGJ_SER01A1254_002
2026-09-22 09:13:57 - INFO: step3.py, pbe: ForkPoolWorker-5: Calling delphi to calculate conformer (403/587) SER01A1254_003 in /tmp/pbe_data.data.home.granepura.5-Kinases.Kinases_MCCE.Trial01.run_apo.2WGJ_SER01A1254_003
2026-09-22 09:13:58 - INFO: step3.py, pbe: Skipping PBE solver for non-charge conformer (404/587) LEU01A1255_001...
2026-09-22 09:13:58 - INFO: step3.py, pbe: ForkPoolWorker-1: Calling delphi to calculate conformer (405/587) GLN01A1256_001 in /tmp/pbe_data.data.home.granepura.5-Kinases.Kinases_MCCE.Trial01.run_apo.2WGJ_GLN01A1256_001
2026-09-22 09:13:58 - INFO: step3.py, pbe: ForkPoolWorker-2: Calling delphi to calculate conformer (406/587) GLN01A1256_002 in /tmp/pbe_data.data.home.granepura.5-Kinases.Kinases_MCCE.Trial01.run_apo.2WGJ_GLN01A1256_002
2026-09-22 09:13:58 - INFO: step3.py, pbe: ForkPoolWorker-3: Calling delphi to calculate conformer (407/587) THR01A1257_001 in /tmp/pbe_data.data.home.granepura.5-Kinases.Kinases_MCCE.Trial01.run_apo.2WGJ_THR01A1257_001
2026-09-22 09:13:58 - INFO: step3.py, pbe: ForkPoolWorker-4: Calling delphi to calculate conformer (408/587) THR01A1257_002 in /tmp/pbe_data.data.home.granepura.5-Kinases.Kinases_MCCE.Trial01.run_apo.2WGJ_THR01A1257_002
2026-09-22 09:14:02 - INFO: step3.py, pbe: ForkPoolWorker-5: Calling delphi to calculate conformer (409/587) GLN01A1258_001 in /tmp/pbe_data.data.home.granepura.5-Kinases.Kinases_MCCE.Trial01.run_apo.2WGJ_GLN01A1258_001
2026-09-22 09:14:03 - INFO: step3.py, pbe: ForkPoolWorker-1: Calling delphi to calculate conformer (410/587) GLN01A1258_002 in /tmp/pbe_data.data.home.granepura.5-Kinases.Kinases_MCCE.Trial01.run_apo.2WGJ_GLN01A1258_002
2026-09-22 09:14:03 - INFO: step3.py, pbe: ForkPoolWorker-3: Calling delphi to calculate conformer (411/587) LYS01A1259_001 in /tmp/pbe_data.data.home.granepura.5-Kinases.Kinases_MCCE.Trial01.run_apo.2WGJ_LYS01A1259_001
2026-09-22 09:14:03 - INFO: step3.py, pbe: ForkPoolWorker-2: Calling delphi to calculate conformer (412/587) LYS+1A1259_002 in /tmp/pbe_data.data.home.granepura.5-Kinases.Kinases_MCCE.Trial01.run_apo.2WGJ_LYS+1A1259_002
2026-09-22 09:14:03 - INFO: step3.py, pbe: Skipping PBE solver for non-charge conformer (413/587) PHE01A1260_001...
2026-09-22 09:14:03 - INFO: step3.py, pbe: ForkPoolWorker-4: Calling delphi to calculate conformer (414/587) THR01A1261_001 in /tmp/pbe_data.data.home.granepura.5-Kinases.Kinases_MCCE.Trial01.run_apo.2WGJ_THR01A1261_001
2026-09-22 09:14:07 - INFO: step3.py, pbe: ForkPoolWorker-5: Calling delphi to calculate conformer (415/587) THR01A1262_001 in /tmp/pbe_data.data.home.granepura.5-Kinases.Kinases_MCCE.Trial01.run_apo.2WGJ_THR01A1262_001
2026-09-22 09:14:07 - INFO: step3.py, pbe: ForkPoolWorker-2: Calling delphi to calculate conformer (416/587) LYS01A1263_001 in /tmp/pbe_data.data.home.granepura.5-Kinases.Kinases_MCCE.Trial01.run_apo.2WGJ_LYS01A1263_001
2026-09-22 09:14:07 - INFO: step3.py, pbe: ForkPoolWorker-1: Calling delphi to calculate conformer (417/587) LYS+1A1263_002 in /tmp/pbe_data.data.home.granepura.5-Kinases.Kinases_MCCE.Trial01.run_apo.2WGJ_LYS+1A1263_002
2026-09-22 09:14:07 - INFO: step3.py, pbe: ForkPoolWorker-3: Calling delphi to calculate conformer (418/587) SER01A1264_001 in /tmp/pbe_data.data.home.granepura.5-Kinases.Kinases_MCCE.Trial01.run_apo.2WGJ_SER01A1264_001
2026-09-22 09:14:08 - INFO: step3.py, pbe: ForkPoolWorker-4: Calling delphi to calculate conformer (419/587) SER01A1264_002 in /tmp/pbe_data.data.home.granepura.5-Kinases.Kinases_MCCE.Trial01.run_apo.2WGJ_SER01A1264_002
2026-09-22 09:14:11 - INFO: step3.py, pbe: ForkPoolWorker-5: Calling delphi to calculate conformer (420/587) ASP01A1265_001 in /tmp/pbe_data.data.home.granepura.5-Kinases.Kinases_MCCE.Trial01.run_apo.2WGJ_ASP01A1265_001
2026-09-22 09:14:12 - INFO: step3.py, pbe: ForkPoolWorker-2: Calling delphi to calculate conformer (421/587) ASP01A1265_002 in /tmp/pbe_data.data.home.granepura.5-Kinases.Kinases_MCCE.Trial01.run_apo.2WGJ_ASP01A1265_002
2026-09-22 09:14:12 - INFO: step3.py, pbe: ForkPoolWorker-1: Calling delphi to calculate conformer (422/587) ASP02A1265_003 in /tmp/pbe_data.data.home.granepura.5-Kinases.Kinases_MCCE.Trial01.run_apo.2WGJ_ASP02A1265_003
2026-09-22 09:14:12 - INFO: step3.py, pbe: ForkPoolWorker-3: Calling delphi to calculate conformer (423/587) ASP02A1265_004 in /tmp/pbe_data.data.home.granepura.5-Kinases.Kinases_MCCE.Trial01.run_apo.2WGJ_ASP02A1265_004
2026-09-22 09:14:13 - INFO: step3.py, pbe: ForkPoolWorker-4: Calling delphi to calculate conformer (424/587) ASP-1A1265_005 in /tmp/pbe_data.data.home.granepura.5-Kinases.Kinases_MCCE.Trial01.run_apo.2WGJ_ASP-1A1265_005
2026-09-22 09:14:16 - INFO: step3.py, pbe: Skipping PBE solver for non-charge conformer (425/587) VAL01A1266_001...
2026-09-22 09:14:16 - INFO: step3.py, pbe: Skipping PBE solver for non-charge conformer (426/587) TRP01A1267_001...
2026-09-22 09:14:16 - INFO: step3.py, pbe: ForkPoolWorker-5: Calling delphi to calculate conformer (427/587) SER01A1268_001 in /tmp/pbe_data.data.home.granepura.5-Kinases.Kinases_MCCE.Trial01.run_apo.2WGJ_SER01A1268_001
2026-09-22 09:14:17 - INFO: step3.py, pbe: Skipping PBE solver for non-charge conformer (428/587) PHE01A1269_001...
2026-09-22 09:14:17 - INFO: step3.py, pbe: Skipping PBE solver for non-charge conformer (429/587) VAL01A1271_001...
2026-09-22 09:14:17 - INFO: step3.py, pbe: Skipping PBE solver for non-charge conformer (430/587) LEU01A1272_001...
2026-09-22 09:14:17 - INFO: step3.py, pbe: Skipping PBE solver for non-charge conformer (431/587) LEU01A1273_001...
2026-09-22 09:14:17 - INFO: step3.py, pbe: Skipping PBE solver for non-charge conformer (432/587) TRP01A1274_001...
2026-09-22 09:14:17 - INFO: step3.py, pbe: ForkPoolWorker-2: Calling delphi to calculate conformer (433/587) GLU01A1275_001 in /tmp/pbe_data.data.home.granepura.5-Kinases.Kinases_MCCE.Trial01.run_apo.2WGJ_GLU01A1275_001
2026-09-22 09:14:17 - INFO: step3.py, pbe: ForkPoolWorker-3: Calling delphi to calculate conformer (434/587) GLU01A1275_002 in /tmp/pbe_data.data.home.granepura.5-Kinases.Kinases_MCCE.Trial01.run_apo.2WGJ_GLU01A1275_002
2026-09-22 09:14:17 - INFO: step3.py, pbe: ForkPoolWorker-1: Calling delphi to calculate conformer (435/587) GLU02A1275_003 in /tmp/pbe_data.data.home.granepura.5-Kinases.Kinases_MCCE.Trial01.run_apo.2WGJ_GLU02A1275_003
2026-09-22 09:14:17 - INFO: step3.py, pbe: ForkPoolWorker-4: Calling delphi to calculate conformer (436/587) GLU02A1275_004 in /tmp/pbe_data.data.home.granepura.5-Kinases.Kinases_MCCE.Trial01.run_apo.2WGJ_GLU02A1275_004
2026-09-22 09:14:20 - INFO: step3.py, pbe: ForkPoolWorker-5: Calling delphi to calculate conformer (437/587) GLU-1A1275_005 in /tmp/pbe_data.data.home.granepura.5-Kinases.Kinases_MCCE.Trial01.run_apo.2WGJ_GLU-1A1275_005
2026-09-22 09:14:22 - INFO: step3.py, pbe: Skipping PBE solver for non-charge conformer (438/587) LEU01A1276_001...
2026-09-22 09:14:22 - INFO: step3.py, pbe: ForkPoolWorker-2: Calling delphi to calculate conformer (439/587) MET01A1277_001 in /tmp/pbe_data.data.home.granepura.5-Kinases.Kinases_MCCE.Trial01.run_apo.2WGJ_MET01A1277_001
2026-09-22 09:14:22 - INFO: step3.py, pbe: ForkPoolWorker-3: Calling delphi to calculate conformer (440/587) THR01A1278_001 in /tmp/pbe_data.data.home.granepura.5-Kinases.Kinases_MCCE.Trial01.run_apo.2WGJ_THR01A1278_001
2026-09-22 09:14:22 - INFO: step3.py, pbe: ForkPoolWorker-1: Calling delphi to calculate conformer (441/587) THR01A1278_002 in /tmp/pbe_data.data.home.granepura.5-Kinases.Kinases_MCCE.Trial01.run_apo.2WGJ_THR01A1278_002
2026-09-22 09:14:22 - INFO: step3.py, pbe: ForkPoolWorker-4: Calling delphi to calculate conformer (442/587) ARG01A1279_001 in /tmp/pbe_data.data.home.granepura.5-Kinases.Kinases_MCCE.Trial01.run_apo.2WGJ_ARG01A1279_001
2026-09-22 09:14:25 - INFO: step3.py, pbe: ForkPoolWorker-5: Calling delphi to calculate conformer (443/587) ARG02A1279_002 in /tmp/pbe_data.data.home.granepura.5-Kinases.Kinases_MCCE.Trial01.run_apo.2WGJ_ARG02A1279_002
2026-09-22 09:14:26 - INFO: step3.py, pbe: ForkPoolWorker-2: Calling delphi to calculate conformer (444/587) ARG03A1279_003 in /tmp/pbe_data.data.home.granepura.5-Kinases.Kinases_MCCE.Trial01.run_apo.2WGJ_ARG03A1279_003
2026-09-22 09:14:26 - INFO: step3.py, pbe: ForkPoolWorker-3: Calling delphi to calculate conformer (445/587) ARG+1A1279_004 in /tmp/pbe_data.data.home.granepura.5-Kinases.Kinases_MCCE.Trial01.run_apo.2WGJ_ARG+1A1279_004
2026-09-22 09:14:26 - INFO: step3.py, pbe: Skipping PBE solver for non-charge conformer (446/587) ALA01A1281_001...
2026-09-22 09:14:26 - INFO: step3.py, pbe: Skipping PBE solver for non-charge conformer (447/587) PRO01A1282_001...
2026-09-22 09:14:26 - INFO: step3.py, pbe: Skipping PBE solver for non-charge conformer (448/587) PRO01A1283_001...
2026-09-22 09:14:26 - INFO: step3.py, pbe: ForkPoolWorker-1: Calling delphi to calculate conformer (449/587) TYR01A1284_001 in /tmp/pbe_data.data.home.granepura.5-Kinases.Kinases_MCCE.Trial01.run_apo.2WGJ_TYR01A1284_001
2026-09-22 09:14:27 - INFO: step3.py, pbe: ForkPoolWorker-4: Calling delphi to calculate conformer (450/587) TYR-1A1284_002 in /tmp/pbe_data.data.home.granepura.5-Kinases.Kinases_MCCE.Trial01.run_apo.2WGJ_TYR-1A1284_002
2026-09-22 09:14:30 - INFO: step3.py, pbe: Skipping PBE solver for non-charge conformer (451/587) PRO01A1285_001...
2026-09-22 09:14:30 - INFO: step3.py, pbe: ForkPoolWorker-5: Calling delphi to calculate conformer (452/587) ASP01A1286_001 in /tmp/pbe_data.data.home.granepura.5-Kinases.Kinases_MCCE.Trial01.run_apo.2WGJ_ASP01A1286_001
2026-09-22 09:14:31 - INFO: step3.py, pbe: ForkPoolWorker-2: Calling delphi to calculate conformer (453/587) ASP01A1286_002 in /tmp/pbe_data.data.home.granepura.5-Kinases.Kinases_MCCE.Trial01.run_apo.2WGJ_ASP01A1286_002
2026-09-22 09:14:31 - INFO: step3.py, pbe: ForkPoolWorker-3: Calling delphi to calculate conformer (454/587) ASP02A1286_003 in /tmp/pbe_data.data.home.granepura.5-Kinases.Kinases_MCCE.Trial01.run_apo.2WGJ_ASP02A1286_003
2026-09-22 09:14:31 - INFO: step3.py, pbe: ForkPoolWorker-1: Calling delphi to calculate conformer (455/587) ASP02A1286_004 in /tmp/pbe_data.data.home.granepura.5-Kinases.Kinases_MCCE.Trial01.run_apo.2WGJ_ASP02A1286_004
2026-09-22 09:14:31 - INFO: step3.py, pbe: ForkPoolWorker-4: Calling delphi to calculate conformer (456/587) ASP-1A1286_005 in /tmp/pbe_data.data.home.granepura.5-Kinases.Kinases_MCCE.Trial01.run_apo.2WGJ_ASP-1A1286_005
2026-09-22 09:14:34 - INFO: step3.py, pbe: Skipping PBE solver for non-charge conformer (457/587) VAL01A1287_001...
2026-09-22 09:14:34 - INFO: step3.py, pbe: ForkPoolWorker-5: Calling delphi to calculate conformer (458/587) ASN01A1288_001 in /tmp/pbe_data.data.home.granepura.5-Kinases.Kinases_MCCE.Trial01.run_apo.2WGJ_ASN01A1288_001
2026-09-22 09:14:35 - INFO: step3.py, pbe: ForkPoolWorker-2: Calling delphi to calculate conformer (459/587) THR01A1289_001 in /tmp/pbe_data.data.home.granepura.5-Kinases.Kinases_MCCE.Trial01.run_apo.2WGJ_THR01A1289_001
2026-09-22 09:14:36 - INFO: step3.py, pbe: ForkPoolWorker-3: Calling delphi to calculate conformer (460/587) THR01A1289_002 in /tmp/pbe_data.data.home.granepura.5-Kinases.Kinases_MCCE.Trial01.run_apo.2WGJ_THR01A1289_002
2026-09-22 09:14:36 - INFO: step3.py, pbe: ForkPoolWorker-1: Calling delphi to calculate conformer (461/587) THR01A1289_003 in /tmp/pbe_data.data.home.granepura.5-Kinases.Kinases_MCCE.Trial01.run_apo.2WGJ_THR01A1289_003
2026-09-22 09:14:36 - INFO: step3.py, pbe: Skipping PBE solver for non-charge conformer (462/587) PHE01A1290_001...
2026-09-22 09:14:36 - INFO: step3.py, pbe: ForkPoolWorker-4: Calling delphi to calculate conformer (463/587) ASP01A1291_001 in /tmp/pbe_data.data.home.granepura.5-Kinases.Kinases_MCCE.Trial01.run_apo.2WGJ_ASP01A1291_001
2026-09-22 09:14:39 - INFO: step3.py, pbe: ForkPoolWorker-5: Calling delphi to calculate conformer (464/587) ASP01A1291_002 in /tmp/pbe_data.data.home.granepura.5-Kinases.Kinases_MCCE.Trial01.run_apo.2WGJ_ASP01A1291_002
2026-09-22 09:14:40 - INFO: step3.py, pbe: ForkPoolWorker-2: Calling delphi to calculate conformer (465/587) ASP02A1291_003 in /tmp/pbe_data.data.home.granepura.5-Kinases.Kinases_MCCE.Trial01.run_apo.2WGJ_ASP02A1291_003
2026-09-22 09:14:40 - INFO: step3.py, pbe: ForkPoolWorker-3: Calling delphi to calculate conformer (466/587) ASP02A1291_004 in /tmp/pbe_data.data.home.granepura.5-Kinases.Kinases_MCCE.Trial01.run_apo.2WGJ_ASP02A1291_004
2026-09-22 09:14:40 - INFO: step3.py, pbe: ForkPoolWorker-1: Calling delphi to calculate conformer (467/587) ASP-1A1291_005 in /tmp/pbe_data.data.home.granepura.5-Kinases.Kinases_MCCE.Trial01.run_apo.2WGJ_ASP-1A1291_005
2026-09-22 09:14:41 - INFO: step3.py, pbe: Skipping PBE solver for non-charge conformer (468/587) ILE01A1292_001...
2026-09-22 09:14:41 - INFO: step3.py, pbe: ForkPoolWorker-4: Calling delphi to calculate conformer (469/587) THR01A1293_001 in /tmp/pbe_data.data.home.granepura.5-Kinases.Kinases_MCCE.Trial01.run_apo.2WGJ_THR01A1293_001
2026-09-22 09:14:44 - INFO: step3.py, pbe: ForkPoolWorker-5: Calling delphi to calculate conformer (470/587) THR01A1293_002 in /tmp/pbe_data.data.home.granepura.5-Kinases.Kinases_MCCE.Trial01.run_apo.2WGJ_THR01A1293_002
2026-09-22 09:14:45 - INFO: step3.py, pbe: Skipping PBE solver for non-charge conformer (471/587) VAL01A1294_001...
2026-09-22 09:14:45 - INFO: step3.py, pbe: ForkPoolWorker-2: Calling delphi to calculate conformer (472/587) TYR01A1295_001 in /tmp/pbe_data.data.home.granepura.5-Kinases.Kinases_MCCE.Trial01.run_apo.2WGJ_TYR01A1295_001
2026-09-22 09:14:45 - INFO: step3.py, pbe: ForkPoolWorker-3: Calling delphi to calculate conformer (473/587) TYR01A1295_002 in /tmp/pbe_data.data.home.granepura.5-Kinases.Kinases_MCCE.Trial01.run_apo.2WGJ_TYR01A1295_002
2026-09-22 09:14:45 - INFO: step3.py, pbe: ForkPoolWorker-1: Calling delphi to calculate conformer (474/587) TYR-1A1295_003 in /tmp/pbe_data.data.home.granepura.5-Kinases.Kinases_MCCE.Trial01.run_apo.2WGJ_TYR-1A1295_003
2026-09-22 09:14:45 - INFO: step3.py, pbe: Skipping PBE solver for non-charge conformer (475/587) LEU01A1296_001...
2026-09-22 09:14:45 - INFO: step3.py, pbe: Skipping PBE solver for non-charge conformer (476/587) LEU01A1297_001...
2026-09-22 09:14:45 - INFO: step3.py, pbe: ForkPoolWorker-4: Calling delphi to calculate conformer (477/587) GLN01A1298_001 in /tmp/pbe_data.data.home.granepura.5-Kinases.Kinases_MCCE.Trial01.run_apo.2WGJ_GLN01A1298_001
2026-09-22 09:14:48 - INFO: step3.py, pbe: ForkPoolWorker-5: Calling delphi to calculate conformer (478/587) GLN01A1298_002 in /tmp/pbe_data.data.home.granepura.5-Kinases.Kinases_MCCE.Trial01.run_apo.2WGJ_GLN01A1298_002
2026-09-22 09:14:49 - INFO: step3.py, pbe: ForkPoolWorker-2: Calling delphi to calculate conformer (479/587) ARG01A1300_001 in /tmp/pbe_data.data.home.granepura.5-Kinases.Kinases_MCCE.Trial01.run_apo.2WGJ_ARG01A1300_001
2026-09-22 09:14:49 - INFO: step3.py, pbe: ForkPoolWorker-3: Calling delphi to calculate conformer (480/587) ARG02A1300_002 in /tmp/pbe_data.data.home.granepura.5-Kinases.Kinases_MCCE.Trial01.run_apo.2WGJ_ARG02A1300_002
2026-09-22 09:14:49 - INFO: step3.py, pbe: ForkPoolWorker-1: Calling delphi to calculate conformer (481/587) ARG03A1300_003 in /tmp/pbe_data.data.home.granepura.5-Kinases.Kinases_MCCE.Trial01.run_apo.2WGJ_ARG03A1300_003
2026-09-22 09:14:50 - INFO: step3.py, pbe: ForkPoolWorker-4: Calling delphi to calculate conformer (482/587) ARG03A1300_004 in /tmp/pbe_data.data.home.granepura.5-Kinases.Kinases_MCCE.Trial01.run_apo.2WGJ_ARG03A1300_004
2026-09-22 09:14:53 - INFO: step3.py, pbe: ForkPoolWorker-5: Calling delphi to calculate conformer (483/587) ARG+1A1300_005 in /tmp/pbe_data.data.home.granepura.5-Kinases.Kinases_MCCE.Trial01.run_apo.2WGJ_ARG+1A1300_005
2026-09-22 09:14:54 - INFO: step3.py, pbe: ForkPoolWorker-3: Calling delphi to calculate conformer (485/587) ARG02A1301_002 in /tmp/pbe_data.data.home.granepura.5-Kinases.Kinases_MCCE.Trial01.run_apo.2WGJ_ARG02A1301_002
2026-09-22 09:14:54 - INFO: step3.py, pbe: ForkPoolWorker-2: Calling delphi to calculate conformer (484/587) ARG01A1301_001 in /tmp/pbe_data.data.home.granepura.5-Kinases.Kinases_MCCE.Trial01.run_apo.2WGJ_ARG01A1301_001
2026-09-22 09:14:54 - INFO: step3.py, pbe: ForkPoolWorker-1: Calling delphi to calculate conformer (486/587) ARG02A1301_003 in /tmp/pbe_data.data.home.granepura.5-Kinases.Kinases_MCCE.Trial01.run_apo.2WGJ_ARG02A1301_003
2026-09-22 09:14:55 - INFO: step3.py, pbe: ForkPoolWorker-4: Calling delphi to calculate conformer (487/587) ARG03A1301_004 in /tmp/pbe_data.data.home.granepura.5-Kinases.Kinases_MCCE.Trial01.run_apo.2WGJ_ARG03A1301_004
2026-09-22 09:14:57 - INFO: step3.py, pbe: ForkPoolWorker-5: Calling delphi to calculate conformer (488/587) ARG+1A1301_005 in /tmp/pbe_data.data.home.granepura.5-Kinases.Kinases_MCCE.Trial01.run_apo.2WGJ_ARG+1A1301_005
2026-09-22 09:14:59 - INFO: step3.py, pbe: Skipping PBE solver for non-charge conformer (489/587) LEU01A1302_001...
2026-09-22 09:14:59 - INFO: step3.py, pbe: Skipping PBE solver for non-charge conformer (490/587) LEU01A1303_001...
2026-09-22 09:14:59 - INFO: step3.py, pbe: ForkPoolWorker-2: Calling delphi to calculate conformer (491/587) GLN01A1304_001 in /tmp/pbe_data.data.home.granepura.5-Kinases.Kinases_MCCE.Trial01.run_apo.2WGJ_GLN01A1304_001
2026-09-22 09:14:59 - INFO: step3.py, pbe: ForkPoolWorker-3: Calling delphi to calculate conformer (492/587) GLN01A1304_002 in /tmp/pbe_data.data.home.granepura.5-Kinases.Kinases_MCCE.Trial01.run_apo.2WGJ_GLN01A1304_002
2026-09-22 09:14:59 - INFO: step3.py, pbe: Skipping PBE solver for non-charge conformer (493/587) PRO01A1305_001...
2026-09-22 09:14:59 - INFO: step3.py, pbe: ForkPoolWorker-1: Calling delphi to calculate conformer (494/587) GLU01A1306_001 in /tmp/pbe_data.data.home.granepura.5-Kinases.Kinases_MCCE.Trial01.run_apo.2WGJ_GLU01A1306_001
2026-09-22 09:14:59 - INFO: step3.py, pbe: ForkPoolWorker-4: Calling delphi to calculate conformer (495/587) GLU01A1306_002 in /tmp/pbe_data.data.home.granepura.5-Kinases.Kinases_MCCE.Trial01.run_apo.2WGJ_GLU01A1306_002
2026-09-22 09:15:02 - INFO: step3.py, pbe: ForkPoolWorker-5: Calling delphi to calculate conformer (496/587) GLU02A1306_003 in /tmp/pbe_data.data.home.granepura.5-Kinases.Kinases_MCCE.Trial01.run_apo.2WGJ_GLU02A1306_003
2026-09-22 09:15:03 - INFO: step3.py, pbe: ForkPoolWorker-3: Calling delphi to calculate conformer (498/587) GLU-1A1306_005 in /tmp/pbe_data.data.home.granepura.5-Kinases.Kinases_MCCE.Trial01.run_apo.2WGJ_GLU-1A1306_005
2026-09-22 09:15:03 - INFO: step3.py, pbe: ForkPoolWorker-2: Calling delphi to calculate conformer (497/587) GLU02A1306_004 in /tmp/pbe_data.data.home.granepura.5-Kinases.Kinases_MCCE.Trial01.run_apo.2WGJ_GLU02A1306_004
2026-09-22 09:15:03 - INFO: step3.py, pbe: ForkPoolWorker-1: Calling delphi to calculate conformer (499/587) TYR01A1307_001 in /tmp/pbe_data.data.home.granepura.5-Kinases.Kinases_MCCE.Trial01.run_apo.2WGJ_TYR01A1307_001
2026-09-22 09:15:04 - INFO: step3.py, pbe: ForkPoolWorker-4: Calling delphi to calculate conformer (500/587) TYR-1A1307_002 in /tmp/pbe_data.data.home.granepura.5-Kinases.Kinases_MCCE.Trial01.run_apo.2WGJ_TYR-1A1307_002
2026-09-22 09:15:06 - INFO: step3.py, pbe: ForkPoolWorker-5: Calling delphi to calculate conformer (501/587) CYS01A1308_001 in /tmp/pbe_data.data.home.granepura.5-Kinases.Kinases_MCCE.Trial01.run_apo.2WGJ_CYS01A1308_001
2026-09-22 09:15:08 - INFO: step3.py, pbe: ForkPoolWorker-2: Calling delphi to calculate conformer (502/587) CYS01A1308_002 in /tmp/pbe_data.data.home.granepura.5-Kinases.Kinases_MCCE.Trial01.run_apo.2WGJ_CYS01A1308_002
2026-09-22 09:15:08 - INFO: step3.py, pbe: ForkPoolWorker-3: Calling delphi to calculate conformer (503/587) CYS01A1308_003 in /tmp/pbe_data.data.home.granepura.5-Kinases.Kinases_MCCE.Trial01.run_apo.2WGJ_CYS01A1308_003
2026-09-22 09:15:08 - INFO: step3.py, pbe: ForkPoolWorker-1: Calling delphi to calculate conformer (504/587) CYS-1A1308_004 in /tmp/pbe_data.data.home.granepura.5-Kinases.Kinases_MCCE.Trial01.run_apo.2WGJ_CYS-1A1308_004
2026-09-22 09:15:08 - INFO: step3.py, pbe: Skipping PBE solver for non-charge conformer (505/587) PRO01A1309_001...
2026-09-22 09:15:08 - INFO: step3.py, pbe: ForkPoolWorker-4: Calling delphi to calculate conformer (506/587) ASP01A1310_001 in /tmp/pbe_data.data.home.granepura.5-Kinases.Kinases_MCCE.Trial01.run_apo.2WGJ_ASP01A1310_001
2026-09-22 09:15:11 - INFO: step3.py, pbe: ForkPoolWorker-5: Calling delphi to calculate conformer (507/587) ASP01A1310_002 in /tmp/pbe_data.data.home.granepura.5-Kinases.Kinases_MCCE.Trial01.run_apo.2WGJ_ASP01A1310_002
2026-09-22 09:15:12 - INFO: step3.py, pbe: ForkPoolWorker-2: Calling delphi to calculate conformer (508/587) ASP01A1310_003 in /tmp/pbe_data.data.home.granepura.5-Kinases.Kinases_MCCE.Trial01.run_apo.2WGJ_ASP01A1310_003
2026-09-22 09:15:13 - INFO: step3.py, pbe: ForkPoolWorker-3: Calling delphi to calculate conformer (509/587) ASP01A1310_004 in /tmp/pbe_data.data.home.granepura.5-Kinases.Kinases_MCCE.Trial01.run_apo.2WGJ_ASP01A1310_004
2026-09-22 09:15:13 - INFO: step3.py, pbe: ForkPoolWorker-1: Calling delphi to calculate conformer (510/587) ASP02A1310_005 in /tmp/pbe_data.data.home.granepura.5-Kinases.Kinases_MCCE.Trial01.run_apo.2WGJ_ASP02A1310_005
2026-09-22 09:15:13 - INFO: step3.py, pbe: ForkPoolWorker-4: Calling delphi to calculate conformer (511/587) ASP02A1310_006 in /tmp/pbe_data.data.home.granepura.5-Kinases.Kinases_MCCE.Trial01.run_apo.2WGJ_ASP02A1310_006
2026-09-22 09:15:16 - INFO: step3.py, pbe: ForkPoolWorker-5: Calling delphi to calculate conformer (512/587) ASP02A1310_007 in /tmp/pbe_data.data.home.granepura.5-Kinases.Kinases_MCCE.Trial01.run_apo.2WGJ_ASP02A1310_007
2026-09-22 09:15:17 - INFO: step3.py, pbe: ForkPoolWorker-2: Calling delphi to calculate conformer (513/587) ASP02A1310_008 in /tmp/pbe_data.data.home.granepura.5-Kinases.Kinases_MCCE.Trial01.run_apo.2WGJ_ASP02A1310_008
2026-09-22 09:15:17 - INFO: step3.py, pbe: ForkPoolWorker-1: Calling delphi to calculate conformer (514/587) ASP-1A1310_009 in /tmp/pbe_data.data.home.granepura.5-Kinases.Kinases_MCCE.Trial01.run_apo.2WGJ_ASP-1A1310_009
2026-09-22 09:15:17 - INFO: step3.py, pbe: ForkPoolWorker-3: Calling delphi to calculate conformer (515/587) ASP-1A1310_010 in /tmp/pbe_data.data.home.granepura.5-Kinases.Kinases_MCCE.Trial01.run_apo.2WGJ_ASP-1A1310_010
2026-09-22 09:15:18 - INFO: step3.py, pbe: Skipping PBE solver for non-charge conformer (516/587) PRO01A1311_001...
2026-09-22 09:15:18 - INFO: step3.py, pbe: Skipping PBE solver for non-charge conformer (517/587) LEU01A1312_001...
2026-09-22 09:15:18 - INFO: step3.py, pbe: ForkPoolWorker-4: Calling delphi to calculate conformer (518/587) TYR01A1313_001 in /tmp/pbe_data.data.home.granepura.5-Kinases.Kinases_MCCE.Trial01.run_apo.2WGJ_TYR01A1313_001
2026-09-22 09:15:20 - INFO: step3.py, pbe: ForkPoolWorker-5: Calling delphi to calculate conformer (519/587) TYR01A1313_002 in /tmp/pbe_data.data.home.granepura.5-Kinases.Kinases_MCCE.Trial01.run_apo.2WGJ_TYR01A1313_002
2026-09-22 09:15:22 - INFO: step3.py, pbe: ForkPoolWorker-2: Calling delphi to calculate conformer (520/587) TYR-1A1313_003 in /tmp/pbe_data.data.home.granepura.5-Kinases.Kinases_MCCE.Trial01.run_apo.2WGJ_TYR-1A1313_003
2026-09-22 09:15:22 - INFO: step3.py, pbe: ForkPoolWorker-1: Calling delphi to calculate conformer (521/587) GLU01A1314_001 in /tmp/pbe_data.data.home.granepura.5-Kinases.Kinases_MCCE.Trial01.run_apo.2WGJ_GLU01A1314_001
2026-09-22 09:15:22 - INFO: step3.py, pbe: ForkPoolWorker-3: Calling delphi to calculate conformer (522/587) GLU01A1314_002 in /tmp/pbe_data.data.home.granepura.5-Kinases.Kinases_MCCE.Trial01.run_apo.2WGJ_GLU01A1314_002
2026-09-22 09:15:23 - INFO: step3.py, pbe: ForkPoolWorker-4: Calling delphi to calculate conformer (523/587) GLU02A1314_003 in /tmp/pbe_data.data.home.granepura.5-Kinases.Kinases_MCCE.Trial01.run_apo.2WGJ_GLU02A1314_003
2026-09-22 09:15:25 - INFO: step3.py, pbe: ForkPoolWorker-5: Calling delphi to calculate conformer (524/587) GLU02A1314_004 in /tmp/pbe_data.data.home.granepura.5-Kinases.Kinases_MCCE.Trial01.run_apo.2WGJ_GLU02A1314_004
2026-09-22 09:15:27 - INFO: step3.py, pbe: ForkPoolWorker-2: Calling delphi to calculate conformer (525/587) GLU-1A1314_005 in /tmp/pbe_data.data.home.granepura.5-Kinases.Kinases_MCCE.Trial01.run_apo.2WGJ_GLU-1A1314_005
2026-09-22 09:15:27 - INFO: step3.py, pbe: Skipping PBE solver for non-charge conformer (526/587) VAL01A1315_001...
2026-09-22 09:15:27 - INFO: step3.py, pbe: ForkPoolWorker-1: Calling delphi to calculate conformer (527/587) MET01A1316_001 in /tmp/pbe_data.data.home.granepura.5-Kinases.Kinases_MCCE.Trial01.run_apo.2WGJ_MET01A1316_001
2026-09-22 09:15:27 - INFO: step3.py, pbe: Skipping PBE solver for non-charge conformer (528/587) LEU01A1317_001...
2026-09-22 09:15:27 - INFO: step3.py, pbe: ForkPoolWorker-3: Calling delphi to calculate conformer (529/587) LYS01A1318_001 in /tmp/pbe_data.data.home.granepura.5-Kinases.Kinases_MCCE.Trial01.run_apo.2WGJ_LYS01A1318_001
2026-09-22 09:15:27 - INFO: step3.py, pbe: ForkPoolWorker-4: Calling delphi to calculate conformer (530/587) LYS+1A1318_002 in /tmp/pbe_data.data.home.granepura.5-Kinases.Kinases_MCCE.Trial01.run_apo.2WGJ_LYS+1A1318_002
2026-09-22 09:15:30 - INFO: step3.py, pbe: ForkPoolWorker-5: Calling delphi to calculate conformer (531/587) CYS01A1319_001 in /tmp/pbe_data.data.home.granepura.5-Kinases.Kinases_MCCE.Trial01.run_apo.2WGJ_CYS01A1319_001
2026-09-22 09:15:31 - INFO: step3.py, pbe: ForkPoolWorker-2: Calling delphi to calculate conformer (532/587) CYS01A1319_002 in /tmp/pbe_data.data.home.granepura.5-Kinases.Kinases_MCCE.Trial01.run_apo.2WGJ_CYS01A1319_002
2026-09-22 09:15:31 - INFO: step3.py, pbe: ForkPoolWorker-1: Calling delphi to calculate conformer (533/587) CYS01A1319_003 in /tmp/pbe_data.data.home.granepura.5-Kinases.Kinases_MCCE.Trial01.run_apo.2WGJ_CYS01A1319_003
2026-09-22 09:15:31 - INFO: step3.py, pbe: ForkPoolWorker-3: Calling delphi to calculate conformer (534/587) CYS-1A1319_004 in /tmp/pbe_data.data.home.granepura.5-Kinases.Kinases_MCCE.Trial01.run_apo.2WGJ_CYS-1A1319_004
2026-09-22 09:15:32 - INFO: step3.py, pbe: Skipping PBE solver for non-charge conformer (535/587) TRP01A1320_001...
2026-09-22 09:15:32 - INFO: step3.py, pbe: ForkPoolWorker-4: Calling delphi to calculate conformer (536/587) HIS01A1321_001 in /tmp/pbe_data.data.home.granepura.5-Kinases.Kinases_MCCE.Trial01.run_apo.2WGJ_HIS01A1321_001
2026-09-22 09:15:34 - INFO: step3.py, pbe: ForkPoolWorker-5: Calling delphi to calculate conformer (537/587) HIS01A1321_002 in /tmp/pbe_data.data.home.granepura.5-Kinases.Kinases_MCCE.Trial01.run_apo.2WGJ_HIS01A1321_002
2026-09-22 09:15:36 - INFO: step3.py, pbe: ForkPoolWorker-2: Calling delphi to calculate conformer (538/587) HIS02A1321_003 in /tmp/pbe_data.data.home.granepura.5-Kinases.Kinases_MCCE.Trial01.run_apo.2WGJ_HIS02A1321_003
2026-09-22 09:15:36 - INFO: step3.py, pbe: ForkPoolWorker-1: Calling delphi to calculate conformer (539/587) HIS02A1321_004 in /tmp/pbe_data.data.home.granepura.5-Kinases.Kinases_MCCE.Trial01.run_apo.2WGJ_HIS02A1321_004
2026-09-22 09:15:36 - INFO: step3.py, pbe: ForkPoolWorker-3: Calling delphi to calculate conformer (540/587) HIS+1A1321_005 in /tmp/pbe_data.data.home.granepura.5-Kinases.Kinases_MCCE.Trial01.run_apo.2WGJ_HIS+1A1321_005
2026-09-22 09:15:36 - INFO: step3.py, pbe: ForkPoolWorker-4: Calling delphi to calculate conformer (541/587) HIS+1A1321_006 in /tmp/pbe_data.data.home.granepura.5-Kinases.Kinases_MCCE.Trial01.run_apo.2WGJ_HIS+1A1321_006
2026-09-22 09:15:39 - INFO: step3.py, pbe: Skipping PBE solver for non-charge conformer (542/587) PRO01A1322_001...
2026-09-22 09:15:39 - INFO: step3.py, pbe: ForkPoolWorker-5: Calling delphi to calculate conformer (543/587) LYS01A1323_001 in /tmp/pbe_data.data.home.granepura.5-Kinases.Kinases_MCCE.Trial01.run_apo.2WGJ_LYS01A1323_001
2026-09-22 09:15:40 - INFO: step3.py, pbe: ForkPoolWorker-2: Calling delphi to calculate conformer (544/587) LYS+1A1323_002 in /tmp/pbe_data.data.home.granepura.5-Kinases.Kinases_MCCE.Trial01.run_apo.2WGJ_LYS+1A1323_002
2026-09-22 09:15:41 - INFO: step3.py, pbe: Skipping PBE solver for non-charge conformer (545/587) ALA01A1324_001...
2026-09-22 09:15:41 - INFO: step3.py, pbe: ForkPoolWorker-1: Calling delphi to calculate conformer (546/587) GLU01A1325_001 in /tmp/pbe_data.data.home.granepura.5-Kinases.Kinases_MCCE.Trial01.run_apo.2WGJ_GLU01A1325_001
2026-09-22 09:15:41 - INFO: step3.py, pbe: ForkPoolWorker-3: Calling delphi to calculate conformer (547/587) GLU01A1325_002 in /tmp/pbe_data.data.home.granepura.5-Kinases.Kinases_MCCE.Trial01.run_apo.2WGJ_GLU01A1325_002
2026-09-22 09:15:41 - INFO: step3.py, pbe: ForkPoolWorker-4: Calling delphi to calculate conformer (548/587) GLU02A1325_003 in /tmp/pbe_data.data.home.granepura.5-Kinases.Kinases_MCCE.Trial01.run_apo.2WGJ_GLU02A1325_003
2026-09-22 09:15:43 - INFO: step3.py, pbe: ForkPoolWorker-5: Calling delphi to calculate conformer (549/587) GLU02A1325_004 in /tmp/pbe_data.data.home.granepura.5-Kinases.Kinases_MCCE.Trial01.run_apo.2WGJ_GLU02A1325_004
2026-09-22 09:15:45 - INFO: step3.py, pbe: ForkPoolWorker-2: Calling delphi to calculate conformer (550/587) GLU-1A1325_005 in /tmp/pbe_data.data.home.granepura.5-Kinases.Kinases_MCCE.Trial01.run_apo.2WGJ_GLU-1A1325_005
2026-09-22 09:15:45 - INFO: step3.py, pbe: ForkPoolWorker-1: Calling delphi to calculate conformer (551/587) MET01A1326_001 in /tmp/pbe_data.data.home.granepura.5-Kinases.Kinases_MCCE.Trial01.run_apo.2WGJ_MET01A1326_001
2026-09-22 09:15:45 - INFO: step3.py, pbe: ForkPoolWorker-3: Calling delphi to calculate conformer (552/587) ARG01A1327_001 in /tmp/pbe_data.data.home.granepura.5-Kinases.Kinases_MCCE.Trial01.run_apo.2WGJ_ARG01A1327_001
2026-09-22 09:15:46 - INFO: step3.py, pbe: ForkPoolWorker-4: Calling delphi to calculate conformer (553/587) ARG02A1327_002 in /tmp/pbe_data.data.home.granepura.5-Kinases.Kinases_MCCE.Trial01.run_apo.2WGJ_ARG02A1327_002
2026-09-22 09:15:48 - INFO: step3.py, pbe: ForkPoolWorker-5: Calling delphi to calculate conformer (554/587) ARG02A1327_003 in /tmp/pbe_data.data.home.granepura.5-Kinases.Kinases_MCCE.Trial01.run_apo.2WGJ_ARG02A1327_003
2026-09-22 09:15:50 - INFO: step3.py, pbe: ForkPoolWorker-2: Calling delphi to calculate conformer (555/587) ARG03A1327_004 in /tmp/pbe_data.data.home.granepura.5-Kinases.Kinases_MCCE.Trial01.run_apo.2WGJ_ARG03A1327_004
2026-09-22 09:15:50 - INFO: step3.py, pbe: ForkPoolWorker-1: Calling delphi to calculate conformer (556/587) ARG03A1327_005 in /tmp/pbe_data.data.home.granepura.5-Kinases.Kinases_MCCE.Trial01.run_apo.2WGJ_ARG03A1327_005
2026-09-22 09:15:50 - INFO: step3.py, pbe: ForkPoolWorker-3: Calling delphi to calculate conformer (557/587) ARG+1A1327_006 in /tmp/pbe_data.data.home.granepura.5-Kinases.Kinases_MCCE.Trial01.run_apo.2WGJ_ARG+1A1327_006
2026-09-22 09:15:50 - INFO: step3.py, pbe: Skipping PBE solver for non-charge conformer (558/587) PRO01A1328_001...
2026-09-22 09:15:50 - INFO: step3.py, pbe: ForkPoolWorker-4: Calling delphi to calculate conformer (559/587) SER01A1329_001 in /tmp/pbe_data.data.home.granepura.5-Kinases.Kinases_MCCE.Trial01.run_apo.2WGJ_SER01A1329_001
2026-09-22 09:15:53 - INFO: step3.py, pbe: ForkPoolWorker-5: Calling delphi to calculate conformer (560/587) SER01A1329_002 in /tmp/pbe_data.data.home.granepura.5-Kinases.Kinases_MCCE.Trial01.run_apo.2WGJ_SER01A1329_002
2026-09-22 09:15:54 - INFO: step3.py, pbe: ForkPoolWorker-2: Calling delphi to calculate conformer (561/587) SER01A1329_003 in /tmp/pbe_data.data.home.granepura.5-Kinases.Kinases_MCCE.Trial01.run_apo.2WGJ_SER01A1329_003
2026-09-22 09:15:54 - INFO: step3.py, pbe: Skipping PBE solver for non-charge conformer (562/587) PHE01A1330_001...
2026-09-22 09:15:54 - INFO: step3.py, pbe: ForkPoolWorker-1: Calling delphi to calculate conformer (563/587) SER01A1331_001 in /tmp/pbe_data.data.home.granepura.5-Kinases.Kinases_MCCE.Trial01.run_apo.2WGJ_SER01A1331_001
2026-09-22 09:15:55 - INFO: step3.py, pbe: ForkPoolWorker-3: Calling delphi to calculate conformer (564/587) SER01A1331_002 in /tmp/pbe_data.data.home.granepura.5-Kinases.Kinases_MCCE.Trial01.run_apo.2WGJ_SER01A1331_002
2026-09-22 09:15:55 - INFO: step3.py, pbe: ForkPoolWorker-4: Calling delphi to calculate conformer (565/587) GLU01A1332_001 in /tmp/pbe_data.data.home.granepura.5-Kinases.Kinases_MCCE.Trial01.run_apo.2WGJ_GLU01A1332_001
2026-09-22 09:15:57 - INFO: step3.py, pbe: ForkPoolWorker-5: Calling delphi to calculate conformer (566/587) GLU01A1332_002 in /tmp/pbe_data.data.home.granepura.5-Kinases.Kinases_MCCE.Trial01.run_apo.2WGJ_GLU01A1332_002
2026-09-22 09:15:59 - INFO: step3.py, pbe: ForkPoolWorker-2: Calling delphi to calculate conformer (567/587) GLU02A1332_003 in /tmp/pbe_data.data.home.granepura.5-Kinases.Kinases_MCCE.Trial01.run_apo.2WGJ_GLU02A1332_003
2026-09-22 09:15:59 - INFO: step3.py, pbe: ForkPoolWorker-1: Calling delphi to calculate conformer (568/587) GLU02A1332_004 in /tmp/pbe_data.data.home.granepura.5-Kinases.Kinases_MCCE.Trial01.run_apo.2WGJ_GLU02A1332_004
2026-09-22 09:15:59 - INFO: step3.py, pbe: ForkPoolWorker-3: Calling delphi to calculate conformer (569/587) GLU-1A1332_005 in /tmp/pbe_data.data.home.granepura.5-Kinases.Kinases_MCCE.Trial01.run_apo.2WGJ_GLU-1A1332_005
2026-09-22 09:15:59 - INFO: step3.py, pbe: Skipping PBE solver for non-charge conformer (570/587) LEU01A1333_001...
2026-09-22 09:15:59 - INFO: step3.py, pbe: Skipping PBE solver for non-charge conformer (571/587) VAL01A1334_001...
2026-09-22 09:15:59 - INFO: step3.py, pbe: ForkPoolWorker-4: Calling delphi to calculate conformer (572/587) SER01A1335_001 in /tmp/pbe_data.data.home.granepura.5-Kinases.Kinases_MCCE.Trial01.run_apo.2WGJ_SER01A1335_001
2026-09-22 09:16:02 - INFO: step3.py, pbe: ForkPoolWorker-5: Calling delphi to calculate conformer (573/587) ARG01A1336_001 in /tmp/pbe_data.data.home.granepura.5-Kinases.Kinases_MCCE.Trial01.run_apo.2WGJ_ARG01A1336_001
2026-09-22 09:16:04 - INFO: step3.py, pbe: ForkPoolWorker-2: Calling delphi to calculate conformer (574/587) ARG02A1336_002 in /tmp/pbe_data.data.home.granepura.5-Kinases.Kinases_MCCE.Trial01.run_apo.2WGJ_ARG02A1336_002
2026-09-22 09:16:04 - INFO: step3.py, pbe: ForkPoolWorker-1: Calling delphi to calculate conformer (575/587) ARG03A1336_003 in /tmp/pbe_data.data.home.granepura.5-Kinases.Kinases_MCCE.Trial01.run_apo.2WGJ_ARG03A1336_003
2026-09-22 09:16:04 - INFO: step3.py, pbe: ForkPoolWorker-3: Calling delphi to calculate conformer (576/587) ARG+1A1336_004 in /tmp/pbe_data.data.home.granepura.5-Kinases.Kinases_MCCE.Trial01.run_apo.2WGJ_ARG+1A1336_004
2026-09-22 09:16:04 - INFO: step3.py, pbe: Skipping PBE solver for non-charge conformer (577/587) ILE01A1337_001...
2026-09-22 09:16:04 - INFO: step3.py, pbe: ForkPoolWorker-4: Calling delphi to calculate conformer (578/587) SER01A1338_001 in /tmp/pbe_data.data.home.granepura.5-Kinases.Kinases_MCCE.Trial01.run_apo.2WGJ_SER01A1338_001
2026-09-22 09:16:06 - INFO: step3.py, pbe: Skipping PBE solver for non-charge conformer (579/587) ALA01A1339_001...
2026-09-22 09:16:06 - INFO: step3.py, pbe: Skipping PBE solver for non-charge conformer (580/587) ILE01A1340_001...
2026-09-22 09:16:06 - INFO: step3.py, pbe: Skipping PBE solver for non-charge conformer (581/587) PHE01A1341_001...
2026-09-22 09:16:06 - INFO: step3.py, pbe: ForkPoolWorker-5: Calling delphi to calculate conformer (582/587) SER01A1342_001 in /tmp/pbe_data.data.home.granepura.5-Kinases.Kinases_MCCE.Trial01.run_apo.2WGJ_SER01A1342_001
2026-09-22 09:16:08 - INFO: step3.py, pbe: ForkPoolWorker-2: Calling delphi to calculate conformer (583/587) SER01A1342_002 in /tmp/pbe_data.data.home.granepura.5-Kinases.Kinases_MCCE.Trial01.run_apo.2WGJ_SER01A1342_002
2026-09-22 09:16:08 - INFO: step3.py, pbe: ForkPoolWorker-1: Calling delphi to calculate conformer (584/587) THR01A1343_001 in /tmp/pbe_data.data.home.granepura.5-Kinases.Kinases_MCCE.Trial01.run_apo.2WGJ_THR01A1343_001
2026-09-22 09:16:08 - INFO: step3.py, pbe: ForkPoolWorker-3: Calling delphi to calculate conformer (585/587) THR01A1343_002 in /tmp/pbe_data.data.home.granepura.5-Kinases.Kinases_MCCE.Trial01.run_apo.2WGJ_THR01A1343_002
2026-09-22 09:16:09 - INFO: step3.py, pbe: Skipping PBE solver for non-charge conformer (586/587) PHE01A1344_001...
2026-09-22 09:16:09 - INFO: step3.py, pbe: Skipping PBE solver for non-charge conformer (587/587) ILE01A1345_001...
2026-09-22 09:16:13 - INFO: step3.py, <module>:    Time needed: 433 seconds.
2026-09-22 09:16:13 - INFO: step3.py, <module>:    Post-processing of electrostatic potential.
2026-09-22 09:16:13 - INFO: step3.py, <module>:    Processing ele pairwise interaction...
2026-09-22 09:16:14 - INFO: step3.py, <module>:    Time needed: 1 seconds.
2026-09-22 09:16:14 - INFO: step3.py, <module>:    Making atom connectivity ...
2026-09-22 09:16:15 - INFO: step3.py, <module>:    Time needed: 0 seconds.
2026-09-22 09:16:15 - INFO: step3.py, <module>:    Calculating vdw ...
2026-09-22 09:16:19 - INFO: step3.py, <module>:    Time needed: 4 seconds.
2026-09-22 09:16:19 - INFO: step3.py, <module>:    Calculating torsion energy ...
2026-09-22 09:16:19 - INFO: step3.py, <module>:    Time needed: 0 seconds.
2026-09-22 09:16:19 - INFO: step3.py, <module>:    Composing head3.lst ...
2026-09-22 09:16:19 - INFO: step3.py, <module>:    Time needed: 0 seconds.
2026-09-22 09:16:19 - INFO: step3.py, <module>:    Composing opp files ...
2026-09-22 09:16:20 - INFO: step3.py, <module>:    Time needed: 0 seconds.
2026-09-22 09:16:20 - INFO: step3.py, <module>:    Total time for step3 is 439 seconds.
