ForkPoolWorker-1: Calling delphi to calculate conformer ARG01A0602_001 in /tmp/pbe_data.data.home.granepura.5-kinases.cof_tpl_mg.run_kin.3zos_ARG01A0602_001
ForkPoolWorker-1: Calling delphi to calculate conformer ARG02A0602_002 in /tmp/pbe_data.data.home.granepura.5-kinases.cof_tpl_mg.run_kin.3zos_ARG02A0602_002
ForkPoolWorker-1: Calling delphi to calculate conformer ARG03A0602_003 in /tmp/pbe_data.data.home.granepura.5-kinases.cof_tpl_mg.run_kin.3zos_ARG03A0602_003
ForkPoolWorker-1: Calling delphi to calculate conformer ARG03A0602_004 in /tmp/pbe_data.data.home.granepura.5-kinases.cof_tpl_mg.run_kin.3zos_ARG03A0602_004
ForkPoolWorker-1: Calling delphi to calculate conformer ARG+1A0602_005 in /tmp/pbe_data.data.home.granepura.5-kinases.cof_tpl_mg.run_kin.3zos_ARG+1A0602_005
Skipping PBE solver for non-charge conformer VAL01A0603_001...
ForkPoolWorker-1: Calling delphi to calculate conformer ASP01A0604_001 in /tmp/pbe_data.data.home.granepura.5-kinases.cof_tpl_mg.run_kin.3zos_ASP01A0604_001
ForkPoolWorker-1: Calling delphi to calculate conformer ASP01A0604_002 in /tmp/pbe_data.data.home.granepura.5-kinases.cof_tpl_mg.run_kin.3zos_ASP01A0604_002
ForkPoolWorker-1: Calling delphi to calculate conformer ASP02A0604_003 in /tmp/pbe_data.data.home.granepura.5-kinases.cof_tpl_mg.run_kin.3zos_ASP02A0604_003
ForkPoolWorker-1: Calling delphi to calculate conformer ASP02A0604_004 in /tmp/pbe_data.data.home.granepura.5-kinases.cof_tpl_mg.run_kin.3zos_ASP02A0604_004
ForkPoolWorker-1: Calling delphi to calculate conformer ASP-1A0604_005 in /tmp/pbe_data.data.home.granepura.5-kinases.cof_tpl_mg.run_kin.3zos_ASP-1A0604_005
Skipping PBE solver for non-charge conformer PHE01A0605_001...
Skipping PBE solver for non-charge conformer PRO01A0606_001...
ForkPoolWorker-1: Calling delphi to calculate conformer ARG01A0607_001 in /tmp/pbe_data.data.home.granepura.5-kinases.cof_tpl_mg.run_kin.3zos_ARG01A0607_001
ForkPoolWorker-1: Calling delphi to calculate conformer ARG02A0607_002 in /tmp/pbe_data.data.home.granepura.5-kinases.cof_tpl_mg.run_kin.3zos_ARG02A0607_002
ForkPoolWorker-1: Calling delphi to calculate conformer ARG02A0607_003 in /tmp/pbe_data.data.home.granepura.5-kinases.cof_tpl_mg.run_kin.3zos_ARG02A0607_003
ForkPoolWorker-1: Calling delphi to calculate conformer ARG03A0607_004 in /tmp/pbe_data.data.home.granepura.5-kinases.cof_tpl_mg.run_kin.3zos_ARG03A0607_004
ForkPoolWorker-1: Calling delphi to calculate conformer ARG03A0607_005 in /tmp/pbe_data.data.home.granepura.5-kinases.cof_tpl_mg.run_kin.3zos_ARG03A0607_005
ForkPoolWorker-1: Calling delphi to calculate conformer ARG+1A0607_006 in /tmp/pbe_data.data.home.granepura.5-kinases.cof_tpl_mg.run_kin.3zos_ARG+1A0607_006
ForkPoolWorker-1: Calling delphi to calculate conformer SER01A0608_001 in /tmp/pbe_data.data.home.granepura.5-kinases.cof_tpl_mg.run_kin.3zos_SER01A0608_001
ForkPoolWorker-1: Calling delphi to calculate conformer ARG01A0609_001 in /tmp/pbe_data.data.home.granepura.5-kinases.cof_tpl_mg.run_kin.3zos_ARG01A0609_001
ForkPoolWorker-1: Calling delphi to calculate conformer ARG02A0609_002 in /tmp/pbe_data.data.home.granepura.5-kinases.cof_tpl_mg.run_kin.3zos_ARG02A0609_002
ForkPoolWorker-1: Calling delphi to calculate conformer ARG02A0609_003 in /tmp/pbe_data.data.home.granepura.5-kinases.cof_tpl_mg.run_kin.3zos_ARG02A0609_003
ForkPoolWorker-1: Calling delphi to calculate conformer ARG03A0609_004 in /tmp/pbe_data.data.home.granepura.5-kinases.cof_tpl_mg.run_kin.3zos_ARG03A0609_004
ForkPoolWorker-1: Calling delphi to calculate conformer ARG03A0609_005 in /tmp/pbe_data.data.home.granepura.5-kinases.cof_tpl_mg.run_kin.3zos_ARG03A0609_005
ForkPoolWorker-1: Calling delphi to calculate conformer ARG+1A0609_006 in /tmp/pbe_data.data.home.granepura.5-kinases.cof_tpl_mg.run_kin.3zos_ARG+1A0609_006
Skipping PBE solver for non-charge conformer LEU01A0610_001...
ForkPoolWorker-1: Calling delphi to calculate conformer ARG01A0611_001 in /tmp/pbe_data.data.home.granepura.5-kinases.cof_tpl_mg.run_kin.3zos_ARG01A0611_001
ForkPoolWorker-1: Calling delphi to calculate conformer ARG02A0611_002 in /tmp/pbe_data.data.home.granepura.5-kinases.cof_tpl_mg.run_kin.3zos_ARG02A0611_002
ForkPoolWorker-1: Calling delphi to calculate conformer ARG03A0611_003 in /tmp/pbe_data.data.home.granepura.5-kinases.cof_tpl_mg.run_kin.3zos_ARG03A0611_003
ForkPoolWorker-1: Calling delphi to calculate conformer ARG03A0611_004 in /tmp/pbe_data.data.home.granepura.5-kinases.cof_tpl_mg.run_kin.3zos_ARG03A0611_004
ForkPoolWorker-1: Calling delphi to calculate conformer ARG+1A0611_005 in /tmp/pbe_data.data.home.granepura.5-kinases.cof_tpl_mg.run_kin.3zos_ARG+1A0611_005
Skipping PBE solver for non-charge conformer PHE01A0612_001...
ForkPoolWorker-1: Calling delphi to calculate conformer LYS01A0613_001 in /tmp/pbe_data.data.home.granepura.5-kinases.cof_tpl_mg.run_kin.3zos_LYS01A0613_001
ForkPoolWorker-1: Calling delphi to calculate conformer LYS+1A0613_002 in /tmp/pbe_data.data.home.granepura.5-kinases.cof_tpl_mg.run_kin.3zos_LYS+1A0613_002
ForkPoolWorker-1: Calling delphi to calculate conformer GLU01A0614_001 in /tmp/pbe_data.data.home.granepura.5-kinases.cof_tpl_mg.run_kin.3zos_GLU01A0614_001
ForkPoolWorker-1: Calling delphi to calculate conformer GLU01A0614_002 in /tmp/pbe_data.data.home.granepura.5-kinases.cof_tpl_mg.run_kin.3zos_GLU01A0614_002
ForkPoolWorker-1: Calling delphi to calculate conformer GLU02A0614_003 in /tmp/pbe_data.data.home.granepura.5-kinases.cof_tpl_mg.run_kin.3zos_GLU02A0614_003
ForkPoolWorker-1: Calling delphi to calculate conformer GLU02A0614_004 in /tmp/pbe_data.data.home.granepura.5-kinases.cof_tpl_mg.run_kin.3zos_GLU02A0614_004
ForkPoolWorker-1: Calling delphi to calculate conformer GLU-1A0614_005 in /tmp/pbe_data.data.home.granepura.5-kinases.cof_tpl_mg.run_kin.3zos_GLU-1A0614_005
ForkPoolWorker-1: Calling delphi to calculate conformer LYS01A0615_001 in /tmp/pbe_data.data.home.granepura.5-kinases.cof_tpl_mg.run_kin.3zos_LYS01A0615_001
ForkPoolWorker-1: Calling delphi to calculate conformer LYS+1A0615_002 in /tmp/pbe_data.data.home.granepura.5-kinases.cof_tpl_mg.run_kin.3zos_LYS+1A0615_002
Skipping PBE solver for non-charge conformer LEU01A0616_001...
ForkPoolWorker-1: Calling delphi to calculate conformer GLU01A0618_001 in /tmp/pbe_data.data.home.granepura.5-kinases.cof_tpl_mg.run_kin.3zos_GLU01A0618_001
ForkPoolWorker-1: Calling delphi to calculate conformer GLU01A0618_002 in /tmp/pbe_data.data.home.granepura.5-kinases.cof_tpl_mg.run_kin.3zos_GLU01A0618_002
ForkPoolWorker-1: Calling delphi to calculate conformer GLU02A0618_003 in /tmp/pbe_data.data.home.granepura.5-kinases.cof_tpl_mg.run_kin.3zos_GLU02A0618_003
ForkPoolWorker-1: Calling delphi to calculate conformer GLU02A0618_004 in /tmp/pbe_data.data.home.granepura.5-kinases.cof_tpl_mg.run_kin.3zos_GLU02A0618_004
ForkPoolWorker-1: Calling delphi to calculate conformer GLU-1A0618_005 in /tmp/pbe_data.data.home.granepura.5-kinases.cof_tpl_mg.run_kin.3zos_GLU-1A0618_005
ForkPoolWorker-1: Calling delphi to calculate conformer GLN01A0620_001 in /tmp/pbe_data.data.home.granepura.5-kinases.cof_tpl_mg.run_kin.3zos_GLN01A0620_001
ForkPoolWorker-1: Calling delphi to calculate conformer GLN01A0620_002 in /tmp/pbe_data.data.home.granepura.5-kinases.cof_tpl_mg.run_kin.3zos_GLN01A0620_002
Skipping PBE solver for non-charge conformer PHE01A0621_001...
ForkPoolWorker-1: Calling delphi to calculate conformer GLU01A0623_001 in /tmp/pbe_data.data.home.granepura.5-kinases.cof_tpl_mg.run_kin.3zos_GLU01A0623_001
ForkPoolWorker-1: Calling delphi to calculate conformer GLU01A0623_002 in /tmp/pbe_data.data.home.granepura.5-kinases.cof_tpl_mg.run_kin.3zos_GLU01A0623_002
ForkPoolWorker-1: Calling delphi to calculate conformer GLU02A0623_003 in /tmp/pbe_data.data.home.granepura.5-kinases.cof_tpl_mg.run_kin.3zos_GLU02A0623_003
ForkPoolWorker-1: Calling delphi to calculate conformer GLU02A0623_004 in /tmp/pbe_data.data.home.granepura.5-kinases.cof_tpl_mg.run_kin.3zos_GLU02A0623_004
ForkPoolWorker-1: Calling delphi to calculate conformer GLU-1A0623_005 in /tmp/pbe_data.data.home.granepura.5-kinases.cof_tpl_mg.run_kin.3zos_GLU-1A0623_005
Skipping PBE solver for non-charge conformer VAL01A0624_001...
ForkPoolWorker-1: Calling delphi to calculate conformer HIS01A0625_001 in /tmp/pbe_data.data.home.granepura.5-kinases.cof_tpl_mg.run_kin.3zos_HIS01A0625_001
ForkPoolWorker-1: Calling delphi to calculate conformer HIS02A0625_002 in /tmp/pbe_data.data.home.granepura.5-kinases.cof_tpl_mg.run_kin.3zos_HIS02A0625_002
ForkPoolWorker-1: Calling delphi to calculate conformer HIS+1A0625_003 in /tmp/pbe_data.data.home.granepura.5-kinases.cof_tpl_mg.run_kin.3zos_HIS+1A0625_003
Skipping PBE solver for non-charge conformer LEU01A0626_001...
ForkPoolWorker-1: Calling delphi to calculate conformer CYS01A0627_001 in /tmp/pbe_data.data.home.granepura.5-kinases.cof_tpl_mg.run_kin.3zos_CYS01A0627_001
ForkPoolWorker-1: Calling delphi to calculate conformer CYS01A0627_002 in /tmp/pbe_data.data.home.granepura.5-kinases.cof_tpl_mg.run_kin.3zos_CYS01A0627_002
ForkPoolWorker-1: Calling delphi to calculate conformer CYS01A0627_003 in /tmp/pbe_data.data.home.granepura.5-kinases.cof_tpl_mg.run_kin.3zos_CYS01A0627_003
ForkPoolWorker-1: Calling delphi to calculate conformer CYS-1A0627_004 in /tmp/pbe_data.data.home.granepura.5-kinases.cof_tpl_mg.run_kin.3zos_CYS-1A0627_004
ForkPoolWorker-1: Calling delphi to calculate conformer GLU01A0628_001 in /tmp/pbe_data.data.home.granepura.5-kinases.cof_tpl_mg.run_kin.3zos_GLU01A0628_001
ForkPoolWorker-1: Calling delphi to calculate conformer GLU01A0628_002 in /tmp/pbe_data.data.home.granepura.5-kinases.cof_tpl_mg.run_kin.3zos_GLU01A0628_002
ForkPoolWorker-1: Calling delphi to calculate conformer GLU02A0628_003 in /tmp/pbe_data.data.home.granepura.5-kinases.cof_tpl_mg.run_kin.3zos_GLU02A0628_003
ForkPoolWorker-1: Calling delphi to calculate conformer GLU02A0628_004 in /tmp/pbe_data.data.home.granepura.5-kinases.cof_tpl_mg.run_kin.3zos_GLU02A0628_004
ForkPoolWorker-1: Calling delphi to calculate conformer GLU-1A0628_005 in /tmp/pbe_data.data.home.granepura.5-kinases.cof_tpl_mg.run_kin.3zos_GLU-1A0628_005
Skipping PBE solver for non-charge conformer VAL01A0629_001...
ForkPoolWorker-1: Calling delphi to calculate conformer ASP01A0630_001 in /tmp/pbe_data.data.home.granepura.5-kinases.cof_tpl_mg.run_kin.3zos_ASP01A0630_001
ForkPoolWorker-1: Calling delphi to calculate conformer ASP01A0630_002 in /tmp/pbe_data.data.home.granepura.5-kinases.cof_tpl_mg.run_kin.3zos_ASP01A0630_002
ForkPoolWorker-1: Calling delphi to calculate conformer ASP01A0630_003 in /tmp/pbe_data.data.home.granepura.5-kinases.cof_tpl_mg.run_kin.3zos_ASP01A0630_003
ForkPoolWorker-1: Calling delphi to calculate conformer ASP01A0630_004 in /tmp/pbe_data.data.home.granepura.5-kinases.cof_tpl_mg.run_kin.3zos_ASP01A0630_004
ForkPoolWorker-1: Calling delphi to calculate conformer ASP02A0630_005 in /tmp/pbe_data.data.home.granepura.5-kinases.cof_tpl_mg.run_kin.3zos_ASP02A0630_005
ForkPoolWorker-1: Calling delphi to calculate conformer ASP02A0630_006 in /tmp/pbe_data.data.home.granepura.5-kinases.cof_tpl_mg.run_kin.3zos_ASP02A0630_006
ForkPoolWorker-1: Calling delphi to calculate conformer ASP02A0630_007 in /tmp/pbe_data.data.home.granepura.5-kinases.cof_tpl_mg.run_kin.3zos_ASP02A0630_007
ForkPoolWorker-1: Calling delphi to calculate conformer ASP02A0630_008 in /tmp/pbe_data.data.home.granepura.5-kinases.cof_tpl_mg.run_kin.3zos_ASP02A0630_008
ForkPoolWorker-1: Calling delphi to calculate conformer ASP-1A0630_009 in /tmp/pbe_data.data.home.granepura.5-kinases.cof_tpl_mg.run_kin.3zos_ASP-1A0630_009
ForkPoolWorker-1: Calling delphi to calculate conformer ASP-1A0630_010 in /tmp/pbe_data.data.home.granepura.5-kinases.cof_tpl_mg.run_kin.3zos_ASP-1A0630_010
ForkPoolWorker-1: Calling delphi to calculate conformer SER01A0631_001 in /tmp/pbe_data.data.home.granepura.5-kinases.cof_tpl_mg.run_kin.3zos_SER01A0631_001
ForkPoolWorker-1: Calling delphi to calculate conformer SER01A0631_002 in /tmp/pbe_data.data.home.granepura.5-kinases.cof_tpl_mg.run_kin.3zos_SER01A0631_002
Skipping PBE solver for non-charge conformer PRO01A0632_001...
ForkPoolWorker-1: Calling delphi to calculate conformer GLN01A0633_001 in /tmp/pbe_data.data.home.granepura.5-kinases.cof_tpl_mg.run_kin.3zos_GLN01A0633_001
ForkPoolWorker-1: Calling delphi to calculate conformer ASP01A0634_001 in /tmp/pbe_data.data.home.granepura.5-kinases.cof_tpl_mg.run_kin.3zos_ASP01A0634_001
ForkPoolWorker-1: Calling delphi to calculate conformer ASP01A0634_002 in /tmp/pbe_data.data.home.granepura.5-kinases.cof_tpl_mg.run_kin.3zos_ASP01A0634_002
ForkPoolWorker-1: Calling delphi to calculate conformer ASP02A0634_003 in /tmp/pbe_data.data.home.granepura.5-kinases.cof_tpl_mg.run_kin.3zos_ASP02A0634_003
ForkPoolWorker-1: Calling delphi to calculate conformer ASP02A0634_004 in /tmp/pbe_data.data.home.granepura.5-kinases.cof_tpl_mg.run_kin.3zos_ASP02A0634_004
ForkPoolWorker-1: Calling delphi to calculate conformer ASP-1A0634_005 in /tmp/pbe_data.data.home.granepura.5-kinases.cof_tpl_mg.run_kin.3zos_ASP-1A0634_005
Skipping PBE solver for non-charge conformer LEU01A0635_001...
Skipping PBE solver for non-charge conformer VAL01A0636_001...
ForkPoolWorker-1: Calling delphi to calculate conformer SER01A0637_001 in /tmp/pbe_data.data.home.granepura.5-kinases.cof_tpl_mg.run_kin.3zos_SER01A0637_001
ForkPoolWorker-1: Calling delphi to calculate conformer SER01A0637_002 in /tmp/pbe_data.data.home.granepura.5-kinases.cof_tpl_mg.run_kin.3zos_SER01A0637_002
ForkPoolWorker-1: Calling delphi to calculate conformer SER01A0637_003 in /tmp/pbe_data.data.home.granepura.5-kinases.cof_tpl_mg.run_kin.3zos_SER01A0637_003
Skipping PBE solver for non-charge conformer LEU01A0638_001...
ForkPoolWorker-1: Calling delphi to calculate conformer ASP01A0639_001 in /tmp/pbe_data.data.home.granepura.5-kinases.cof_tpl_mg.run_kin.3zos_ASP01A0639_001
ForkPoolWorker-1: Calling delphi to calculate conformer ASP01A0639_002 in /tmp/pbe_data.data.home.granepura.5-kinases.cof_tpl_mg.run_kin.3zos_ASP01A0639_002
ForkPoolWorker-1: Calling delphi to calculate conformer ASP02A0639_003 in /tmp/pbe_data.data.home.granepura.5-kinases.cof_tpl_mg.run_kin.3zos_ASP02A0639_003
ForkPoolWorker-1: Calling delphi to calculate conformer ASP02A0639_004 in /tmp/pbe_data.data.home.granepura.5-kinases.cof_tpl_mg.run_kin.3zos_ASP02A0639_004
ForkPoolWorker-1: Calling delphi to calculate conformer ASP-1A0639_005 in /tmp/pbe_data.data.home.granepura.5-kinases.cof_tpl_mg.run_kin.3zos_ASP-1A0639_005
Skipping PBE solver for non-charge conformer PHE01A0640_001...
Skipping PBE solver for non-charge conformer PRO01A0641_001...
Skipping PBE solver for non-charge conformer LEU01A0642_001...
ForkPoolWorker-1: Calling delphi to calculate conformer ASN01A0643_001 in /tmp/pbe_data.data.home.granepura.5-kinases.cof_tpl_mg.run_kin.3zos_ASN01A0643_001
ForkPoolWorker-1: Calling delphi to calculate conformer ASN01A0643_002 in /tmp/pbe_data.data.home.granepura.5-kinases.cof_tpl_mg.run_kin.3zos_ASN01A0643_002
Skipping PBE solver for non-charge conformer VAL01A0644_001...
ForkPoolWorker-1: Calling delphi to calculate conformer ARG01A0645_001 in /tmp/pbe_data.data.home.granepura.5-kinases.cof_tpl_mg.run_kin.3zos_ARG01A0645_001
ForkPoolWorker-1: Calling delphi to calculate conformer ARG02A0645_002 in /tmp/pbe_data.data.home.granepura.5-kinases.cof_tpl_mg.run_kin.3zos_ARG02A0645_002
ForkPoolWorker-1: Calling delphi to calculate conformer ARG02A0645_003 in /tmp/pbe_data.data.home.granepura.5-kinases.cof_tpl_mg.run_kin.3zos_ARG02A0645_003
ForkPoolWorker-1: Calling delphi to calculate conformer ARG03A0645_004 in /tmp/pbe_data.data.home.granepura.5-kinases.cof_tpl_mg.run_kin.3zos_ARG03A0645_004
ForkPoolWorker-1: Calling delphi to calculate conformer ARG03A0645_005 in /tmp/pbe_data.data.home.granepura.5-kinases.cof_tpl_mg.run_kin.3zos_ARG03A0645_005
ForkPoolWorker-1: Calling delphi to calculate conformer ARG+1A0645_006 in /tmp/pbe_data.data.home.granepura.5-kinases.cof_tpl_mg.run_kin.3zos_ARG+1A0645_006
ForkPoolWorker-1: Calling delphi to calculate conformer LYS01A0646_001 in /tmp/pbe_data.data.home.granepura.5-kinases.cof_tpl_mg.run_kin.3zos_LYS01A0646_001
ForkPoolWorker-1: Calling delphi to calculate conformer LYS+1A0646_002 in /tmp/pbe_data.data.home.granepura.5-kinases.cof_tpl_mg.run_kin.3zos_LYS+1A0646_002
ForkPoolWorker-1: Calling delphi to calculate conformer HIS01A0648_001 in /tmp/pbe_data.data.home.granepura.5-kinases.cof_tpl_mg.run_kin.3zos_HIS01A0648_001
ForkPoolWorker-1: Calling delphi to calculate conformer HIS01A0648_002 in /tmp/pbe_data.data.home.granepura.5-kinases.cof_tpl_mg.run_kin.3zos_HIS01A0648_002
ForkPoolWorker-1: Calling delphi to calculate conformer HIS02A0648_003 in /tmp/pbe_data.data.home.granepura.5-kinases.cof_tpl_mg.run_kin.3zos_HIS02A0648_003
ForkPoolWorker-1: Calling delphi to calculate conformer HIS02A0648_004 in /tmp/pbe_data.data.home.granepura.5-kinases.cof_tpl_mg.run_kin.3zos_HIS02A0648_004
ForkPoolWorker-1: Calling delphi to calculate conformer HIS+1A0648_005 in /tmp/pbe_data.data.home.granepura.5-kinases.cof_tpl_mg.run_kin.3zos_HIS+1A0648_005
ForkPoolWorker-1: Calling delphi to calculate conformer HIS+1A0648_006 in /tmp/pbe_data.data.home.granepura.5-kinases.cof_tpl_mg.run_kin.3zos_HIS+1A0648_006
Skipping PBE solver for non-charge conformer PRO01A0649_001...
Skipping PBE solver for non-charge conformer LEU01A0650_001...
Skipping PBE solver for non-charge conformer LEU01A0651_001...
Skipping PBE solver for non-charge conformer VAL01A0652_001...
Skipping PBE solver for non-charge conformer ALA01A0653_001...
Skipping PBE solver for non-charge conformer VAL01A0654_001...
ForkPoolWorker-1: Calling delphi to calculate conformer LYS01A0655_001 in /tmp/pbe_data.data.home.granepura.5-kinases.cof_tpl_mg.run_kin.3zos_LYS01A0655_001
ForkPoolWorker-1: Calling delphi to calculate conformer LYS+1A0655_002 in /tmp/pbe_data.data.home.granepura.5-kinases.cof_tpl_mg.run_kin.3zos_LYS+1A0655_002
Skipping PBE solver for non-charge conformer ILE01A0656_001...
Skipping PBE solver for non-charge conformer LEU01A0657_001...
ForkPoolWorker-1: Calling delphi to calculate conformer ARG01A0658_001 in /tmp/pbe_data.data.home.granepura.5-kinases.cof_tpl_mg.run_kin.3zos_ARG01A0658_001
ForkPoolWorker-1: Calling delphi to calculate conformer ARG01A0658_002 in /tmp/pbe_data.data.home.granepura.5-kinases.cof_tpl_mg.run_kin.3zos_ARG01A0658_002
ForkPoolWorker-1: Calling delphi to calculate conformer ARG02A0658_003 in /tmp/pbe_data.data.home.granepura.5-kinases.cof_tpl_mg.run_kin.3zos_ARG02A0658_003
ForkPoolWorker-1: Calling delphi to calculate conformer ARG02A0658_004 in /tmp/pbe_data.data.home.granepura.5-kinases.cof_tpl_mg.run_kin.3zos_ARG02A0658_004
ForkPoolWorker-1: Calling delphi to calculate conformer ARG02A0658_005 in /tmp/pbe_data.data.home.granepura.5-kinases.cof_tpl_mg.run_kin.3zos_ARG02A0658_005
ForkPoolWorker-1: Calling delphi to calculate conformer ARG02A0658_006 in /tmp/pbe_data.data.home.granepura.5-kinases.cof_tpl_mg.run_kin.3zos_ARG02A0658_006
ForkPoolWorker-1: Calling delphi to calculate conformer ARG03A0658_007 in /tmp/pbe_data.data.home.granepura.5-kinases.cof_tpl_mg.run_kin.3zos_ARG03A0658_007
ForkPoolWorker-1: Calling delphi to calculate conformer ARG03A0658_008 in /tmp/pbe_data.data.home.granepura.5-kinases.cof_tpl_mg.run_kin.3zos_ARG03A0658_008
ForkPoolWorker-1: Calling delphi to calculate conformer ARG03A0658_009 in /tmp/pbe_data.data.home.granepura.5-kinases.cof_tpl_mg.run_kin.3zos_ARG03A0658_009
ForkPoolWorker-1: Calling delphi to calculate conformer ARG03A0658_010 in /tmp/pbe_data.data.home.granepura.5-kinases.cof_tpl_mg.run_kin.3zos_ARG03A0658_010
ForkPoolWorker-1: Calling delphi to calculate conformer ARG+1A0658_011 in /tmp/pbe_data.data.home.granepura.5-kinases.cof_tpl_mg.run_kin.3zos_ARG+1A0658_011
ForkPoolWorker-1: Calling delphi to calculate conformer ARG+1A0658_012 in /tmp/pbe_data.data.home.granepura.5-kinases.cof_tpl_mg.run_kin.3zos_ARG+1A0658_012
Skipping PBE solver for non-charge conformer PRO01A0659_001...
ForkPoolWorker-1: Calling delphi to calculate conformer ASP01A0660_001 in /tmp/pbe_data.data.home.granepura.5-kinases.cof_tpl_mg.run_kin.3zos_ASP01A0660_001
ForkPoolWorker-1: Calling delphi to calculate conformer ASP01A0660_002 in /tmp/pbe_data.data.home.granepura.5-kinases.cof_tpl_mg.run_kin.3zos_ASP01A0660_002
ForkPoolWorker-1: Calling delphi to calculate conformer ASP01A0660_003 in /tmp/pbe_data.data.home.granepura.5-kinases.cof_tpl_mg.run_kin.3zos_ASP01A0660_003
ForkPoolWorker-1: Calling delphi to calculate conformer ASP01A0660_004 in /tmp/pbe_data.data.home.granepura.5-kinases.cof_tpl_mg.run_kin.3zos_ASP01A0660_004
ForkPoolWorker-1: Calling delphi to calculate conformer ASP02A0660_005 in /tmp/pbe_data.data.home.granepura.5-kinases.cof_tpl_mg.run_kin.3zos_ASP02A0660_005
ForkPoolWorker-1: Calling delphi to calculate conformer ASP02A0660_006 in /tmp/pbe_data.data.home.granepura.5-kinases.cof_tpl_mg.run_kin.3zos_ASP02A0660_006
ForkPoolWorker-1: Calling delphi to calculate conformer ASP02A0660_007 in /tmp/pbe_data.data.home.granepura.5-kinases.cof_tpl_mg.run_kin.3zos_ASP02A0660_007
ForkPoolWorker-1: Calling delphi to calculate conformer ASP02A0660_008 in /tmp/pbe_data.data.home.granepura.5-kinases.cof_tpl_mg.run_kin.3zos_ASP02A0660_008
ForkPoolWorker-1: Calling delphi to calculate conformer ASP-1A0660_009 in /tmp/pbe_data.data.home.granepura.5-kinases.cof_tpl_mg.run_kin.3zos_ASP-1A0660_009
ForkPoolWorker-1: Calling delphi to calculate conformer ASP-1A0660_010 in /tmp/pbe_data.data.home.granepura.5-kinases.cof_tpl_mg.run_kin.3zos_ASP-1A0660_010
Skipping PBE solver for non-charge conformer ALA01A0661_001...
ForkPoolWorker-1: Calling delphi to calculate conformer THR01A0662_001 in /tmp/pbe_data.data.home.granepura.5-kinases.cof_tpl_mg.run_kin.3zos_THR01A0662_001
ForkPoolWorker-1: Calling delphi to calculate conformer THR01A0662_002 in /tmp/pbe_data.data.home.granepura.5-kinases.cof_tpl_mg.run_kin.3zos_THR01A0662_002
ForkPoolWorker-1: Calling delphi to calculate conformer LYS01A0663_001 in /tmp/pbe_data.data.home.granepura.5-kinases.cof_tpl_mg.run_kin.3zos_LYS01A0663_001
ForkPoolWorker-1: Calling delphi to calculate conformer LYS+1A0663_002 in /tmp/pbe_data.data.home.granepura.5-kinases.cof_tpl_mg.run_kin.3zos_LYS+1A0663_002
ForkPoolWorker-1: Calling delphi to calculate conformer ASN01A0664_001 in /tmp/pbe_data.data.home.granepura.5-kinases.cof_tpl_mg.run_kin.3zos_ASN01A0664_001
Skipping PBE solver for non-charge conformer ALA01A0665_001...
ForkPoolWorker-1: Calling delphi to calculate conformer ARG01A0666_001 in /tmp/pbe_data.data.home.granepura.5-kinases.cof_tpl_mg.run_kin.3zos_ARG01A0666_001
ForkPoolWorker-1: Calling delphi to calculate conformer ARG02A0666_002 in /tmp/pbe_data.data.home.granepura.5-kinases.cof_tpl_mg.run_kin.3zos_ARG02A0666_002
ForkPoolWorker-1: Calling delphi to calculate conformer ARG02A0666_003 in /tmp/pbe_data.data.home.granepura.5-kinases.cof_tpl_mg.run_kin.3zos_ARG02A0666_003
ForkPoolWorker-1: Calling delphi to calculate conformer ARG03A0666_004 in /tmp/pbe_data.data.home.granepura.5-kinases.cof_tpl_mg.run_kin.3zos_ARG03A0666_004
ForkPoolWorker-1: Calling delphi to calculate conformer ARG03A0666_005 in /tmp/pbe_data.data.home.granepura.5-kinases.cof_tpl_mg.run_kin.3zos_ARG03A0666_005
ForkPoolWorker-1: Calling delphi to calculate conformer ARG+1A0666_006 in /tmp/pbe_data.data.home.granepura.5-kinases.cof_tpl_mg.run_kin.3zos_ARG+1A0666_006
ForkPoolWorker-1: Calling delphi to calculate conformer ASN01A0667_001 in /tmp/pbe_data.data.home.granepura.5-kinases.cof_tpl_mg.run_kin.3zos_ASN01A0667_001
ForkPoolWorker-1: Calling delphi to calculate conformer ASP01A0668_001 in /tmp/pbe_data.data.home.granepura.5-kinases.cof_tpl_mg.run_kin.3zos_ASP01A0668_001
ForkPoolWorker-1: Calling delphi to calculate conformer ASP01A0668_002 in /tmp/pbe_data.data.home.granepura.5-kinases.cof_tpl_mg.run_kin.3zos_ASP01A0668_002
ForkPoolWorker-1: Calling delphi to calculate conformer ASP02A0668_003 in /tmp/pbe_data.data.home.granepura.5-kinases.cof_tpl_mg.run_kin.3zos_ASP02A0668_003
ForkPoolWorker-1: Calling delphi to calculate conformer ASP02A0668_004 in /tmp/pbe_data.data.home.granepura.5-kinases.cof_tpl_mg.run_kin.3zos_ASP02A0668_004
ForkPoolWorker-1: Calling delphi to calculate conformer ASP-1A0668_005 in /tmp/pbe_data.data.home.granepura.5-kinases.cof_tpl_mg.run_kin.3zos_ASP-1A0668_005
Skipping PBE solver for non-charge conformer PHE01A0669_001...
Skipping PBE solver for non-charge conformer LEU01A0670_001...
ForkPoolWorker-1: Calling delphi to calculate conformer LYS01A0671_001 in /tmp/pbe_data.data.home.granepura.5-kinases.cof_tpl_mg.run_kin.3zos_LYS01A0671_001
ForkPoolWorker-1: Calling delphi to calculate conformer LYS+1A0671_002 in /tmp/pbe_data.data.home.granepura.5-kinases.cof_tpl_mg.run_kin.3zos_LYS+1A0671_002
ForkPoolWorker-1: Calling delphi to calculate conformer GLU01A0672_001 in /tmp/pbe_data.data.home.granepura.5-kinases.cof_tpl_mg.run_kin.3zos_GLU01A0672_001
ForkPoolWorker-1: Calling delphi to calculate conformer GLU01A0672_002 in /tmp/pbe_data.data.home.granepura.5-kinases.cof_tpl_mg.run_kin.3zos_GLU01A0672_002
ForkPoolWorker-1: Calling delphi to calculate conformer GLU02A0672_003 in /tmp/pbe_data.data.home.granepura.5-kinases.cof_tpl_mg.run_kin.3zos_GLU02A0672_003
ForkPoolWorker-1: Calling delphi to calculate conformer GLU02A0672_004 in /tmp/pbe_data.data.home.granepura.5-kinases.cof_tpl_mg.run_kin.3zos_GLU02A0672_004
ForkPoolWorker-1: Calling delphi to calculate conformer GLU-1A0672_005 in /tmp/pbe_data.data.home.granepura.5-kinases.cof_tpl_mg.run_kin.3zos_GLU-1A0672_005
Skipping PBE solver for non-charge conformer VAL01A0673_001...
ForkPoolWorker-1: Calling delphi to calculate conformer LYS01A0674_001 in /tmp/pbe_data.data.home.granepura.5-kinases.cof_tpl_mg.run_kin.3zos_LYS01A0674_001
ForkPoolWorker-1: Calling delphi to calculate conformer LYS+1A0674_002 in /tmp/pbe_data.data.home.granepura.5-kinases.cof_tpl_mg.run_kin.3zos_LYS+1A0674_002
Skipping PBE solver for non-charge conformer ILE01A0675_001...
ForkPoolWorker-1: Calling delphi to calculate conformer MET01A0676_001 in /tmp/pbe_data.data.home.granepura.5-kinases.cof_tpl_mg.run_kin.3zos_MET01A0676_001
ForkPoolWorker-1: Calling delphi to calculate conformer SER01A0677_001 in /tmp/pbe_data.data.home.granepura.5-kinases.cof_tpl_mg.run_kin.3zos_SER01A0677_001
ForkPoolWorker-1: Calling delphi to calculate conformer SER01A0677_002 in /tmp/pbe_data.data.home.granepura.5-kinases.cof_tpl_mg.run_kin.3zos_SER01A0677_002
ForkPoolWorker-1: Calling delphi to calculate conformer ARG01A0678_001 in /tmp/pbe_data.data.home.granepura.5-kinases.cof_tpl_mg.run_kin.3zos_ARG01A0678_001
ForkPoolWorker-1: Calling delphi to calculate conformer ARG02A0678_002 in /tmp/pbe_data.data.home.granepura.5-kinases.cof_tpl_mg.run_kin.3zos_ARG02A0678_002
ForkPoolWorker-1: Calling delphi to calculate conformer ARG03A0678_003 in /tmp/pbe_data.data.home.granepura.5-kinases.cof_tpl_mg.run_kin.3zos_ARG03A0678_003
ForkPoolWorker-1: Calling delphi to calculate conformer ARG+1A0678_004 in /tmp/pbe_data.data.home.granepura.5-kinases.cof_tpl_mg.run_kin.3zos_ARG+1A0678_004
Skipping PBE solver for non-charge conformer LEU01A0679_001...
ForkPoolWorker-1: Calling delphi to calculate conformer LYS01A0680_001 in /tmp/pbe_data.data.home.granepura.5-kinases.cof_tpl_mg.run_kin.3zos_LYS01A0680_001
ForkPoolWorker-1: Calling delphi to calculate conformer LYS+1A0680_002 in /tmp/pbe_data.data.home.granepura.5-kinases.cof_tpl_mg.run_kin.3zos_LYS+1A0680_002
ForkPoolWorker-1: Calling delphi to calculate conformer ASP01A0681_001 in /tmp/pbe_data.data.home.granepura.5-kinases.cof_tpl_mg.run_kin.3zos_ASP01A0681_001
ForkPoolWorker-1: Calling delphi to calculate conformer ASP01A0681_002 in /tmp/pbe_data.data.home.granepura.5-kinases.cof_tpl_mg.run_kin.3zos_ASP01A0681_002
ForkPoolWorker-1: Calling delphi to calculate conformer ASP02A0681_003 in /tmp/pbe_data.data.home.granepura.5-kinases.cof_tpl_mg.run_kin.3zos_ASP02A0681_003
ForkPoolWorker-1: Calling delphi to calculate conformer ASP02A0681_004 in /tmp/pbe_data.data.home.granepura.5-kinases.cof_tpl_mg.run_kin.3zos_ASP02A0681_004
ForkPoolWorker-1: Calling delphi to calculate conformer ASP-1A0681_005 in /tmp/pbe_data.data.home.granepura.5-kinases.cof_tpl_mg.run_kin.3zos_ASP-1A0681_005
Skipping PBE solver for non-charge conformer PRO01A0682_001...
ForkPoolWorker-1: Calling delphi to calculate conformer ASN01A0683_001 in /tmp/pbe_data.data.home.granepura.5-kinases.cof_tpl_mg.run_kin.3zos_ASN01A0683_001
ForkPoolWorker-1: Calling delphi to calculate conformer ASN01A0683_002 in /tmp/pbe_data.data.home.granepura.5-kinases.cof_tpl_mg.run_kin.3zos_ASN01A0683_002
Skipping PBE solver for non-charge conformer ILE01A0684_001...
Skipping PBE solver for non-charge conformer ILE01A0685_001...
ForkPoolWorker-1: Calling delphi to calculate conformer ARG01A0686_001 in /tmp/pbe_data.data.home.granepura.5-kinases.cof_tpl_mg.run_kin.3zos_ARG01A0686_001
ForkPoolWorker-1: Calling delphi to calculate conformer ARG02A0686_002 in /tmp/pbe_data.data.home.granepura.5-kinases.cof_tpl_mg.run_kin.3zos_ARG02A0686_002
ForkPoolWorker-1: Calling delphi to calculate conformer ARG03A0686_003 in /tmp/pbe_data.data.home.granepura.5-kinases.cof_tpl_mg.run_kin.3zos_ARG03A0686_003
ForkPoolWorker-1: Calling delphi to calculate conformer ARG+1A0686_004 in /tmp/pbe_data.data.home.granepura.5-kinases.cof_tpl_mg.run_kin.3zos_ARG+1A0686_004
Skipping PBE solver for non-charge conformer LEU01A0687_001...
Skipping PBE solver for non-charge conformer LEU01A0688_001...
Skipping PBE solver for non-charge conformer VAL01A0690_001...
ForkPoolWorker-1: Calling delphi to calculate conformer CYS01A0691_001 in /tmp/pbe_data.data.home.granepura.5-kinases.cof_tpl_mg.run_kin.3zos_CYS01A0691_001
ForkPoolWorker-1: Calling delphi to calculate conformer CYS01A0691_002 in /tmp/pbe_data.data.home.granepura.5-kinases.cof_tpl_mg.run_kin.3zos_CYS01A0691_002
ForkPoolWorker-1: Calling delphi to calculate conformer CYS01A0691_003 in /tmp/pbe_data.data.home.granepura.5-kinases.cof_tpl_mg.run_kin.3zos_CYS01A0691_003
ForkPoolWorker-1: Calling delphi to calculate conformer CYS-1A0691_004 in /tmp/pbe_data.data.home.granepura.5-kinases.cof_tpl_mg.run_kin.3zos_CYS-1A0691_004
Skipping PBE solver for non-charge conformer VAL01A0692_001...
ForkPoolWorker-1: Calling delphi to calculate conformer GLN01A0693_001 in /tmp/pbe_data.data.home.granepura.5-kinases.cof_tpl_mg.run_kin.3zos_GLN01A0693_001
ForkPoolWorker-1: Calling delphi to calculate conformer GLN01A0693_002 in /tmp/pbe_data.data.home.granepura.5-kinases.cof_tpl_mg.run_kin.3zos_GLN01A0693_002
ForkPoolWorker-1: Calling delphi to calculate conformer ASP01A0694_001 in /tmp/pbe_data.data.home.granepura.5-kinases.cof_tpl_mg.run_kin.3zos_ASP01A0694_001
ForkPoolWorker-1: Calling delphi to calculate conformer ASP01A0694_002 in /tmp/pbe_data.data.home.granepura.5-kinases.cof_tpl_mg.run_kin.3zos_ASP01A0694_002
ForkPoolWorker-1: Calling delphi to calculate conformer ASP01A0694_003 in /tmp/pbe_data.data.home.granepura.5-kinases.cof_tpl_mg.run_kin.3zos_ASP01A0694_003
ForkPoolWorker-1: Calling delphi to calculate conformer ASP02A0694_004 in /tmp/pbe_data.data.home.granepura.5-kinases.cof_tpl_mg.run_kin.3zos_ASP02A0694_004
ForkPoolWorker-1: Calling delphi to calculate conformer ASP02A0694_005 in /tmp/pbe_data.data.home.granepura.5-kinases.cof_tpl_mg.run_kin.3zos_ASP02A0694_005
ForkPoolWorker-1: Calling delphi to calculate conformer ASP02A0694_006 in /tmp/pbe_data.data.home.granepura.5-kinases.cof_tpl_mg.run_kin.3zos_ASP02A0694_006
ForkPoolWorker-1: Calling delphi to calculate conformer ASP02A0694_007 in /tmp/pbe_data.data.home.granepura.5-kinases.cof_tpl_mg.run_kin.3zos_ASP02A0694_007
ForkPoolWorker-1: Calling delphi to calculate conformer ASP-1A0694_008 in /tmp/pbe_data.data.home.granepura.5-kinases.cof_tpl_mg.run_kin.3zos_ASP-1A0694_008
ForkPoolWorker-1: Calling delphi to calculate conformer ASP01A0695_001 in /tmp/pbe_data.data.home.granepura.5-kinases.cof_tpl_mg.run_kin.3zos_ASP01A0695_001
ForkPoolWorker-1: Calling delphi to calculate conformer ASP01A0695_002 in /tmp/pbe_data.data.home.granepura.5-kinases.cof_tpl_mg.run_kin.3zos_ASP01A0695_002
ForkPoolWorker-1: Calling delphi to calculate conformer ASP02A0695_003 in /tmp/pbe_data.data.home.granepura.5-kinases.cof_tpl_mg.run_kin.3zos_ASP02A0695_003
ForkPoolWorker-1: Calling delphi to calculate conformer ASP02A0695_004 in /tmp/pbe_data.data.home.granepura.5-kinases.cof_tpl_mg.run_kin.3zos_ASP02A0695_004
ForkPoolWorker-1: Calling delphi to calculate conformer ASP-1A0695_005 in /tmp/pbe_data.data.home.granepura.5-kinases.cof_tpl_mg.run_kin.3zos_ASP-1A0695_005
Skipping PBE solver for non-charge conformer PRO01A0696_001...
Skipping PBE solver for non-charge conformer LEU01A0697_001...
ForkPoolWorker-1: Calling delphi to calculate conformer CYS01A0698_001 in /tmp/pbe_data.data.home.granepura.5-kinases.cof_tpl_mg.run_kin.3zos_CYS01A0698_001
ForkPoolWorker-1: Calling delphi to calculate conformer CYS01A0698_002 in /tmp/pbe_data.data.home.granepura.5-kinases.cof_tpl_mg.run_kin.3zos_CYS01A0698_002
ForkPoolWorker-1: Calling delphi to calculate conformer CYS01A0698_003 in /tmp/pbe_data.data.home.granepura.5-kinases.cof_tpl_mg.run_kin.3zos_CYS01A0698_003
ForkPoolWorker-1: Calling delphi to calculate conformer CYS-1A0698_004 in /tmp/pbe_data.data.home.granepura.5-kinases.cof_tpl_mg.run_kin.3zos_CYS-1A0698_004
ForkPoolWorker-1: Calling delphi to calculate conformer MET01A0699_001 in /tmp/pbe_data.data.home.granepura.5-kinases.cof_tpl_mg.run_kin.3zos_MET01A0699_001
Skipping PBE solver for non-charge conformer ILE01A0700_001...
ForkPoolWorker-1: Calling delphi to calculate conformer THR01A0701_001 in /tmp/pbe_data.data.home.granepura.5-kinases.cof_tpl_mg.run_kin.3zos_THR01A0701_001
ForkPoolWorker-1: Calling delphi to calculate conformer THR01A0701_002 in /tmp/pbe_data.data.home.granepura.5-kinases.cof_tpl_mg.run_kin.3zos_THR01A0701_002
ForkPoolWorker-1: Calling delphi to calculate conformer THR01A0701_003 in /tmp/pbe_data.data.home.granepura.5-kinases.cof_tpl_mg.run_kin.3zos_THR01A0701_003
ForkPoolWorker-1: Calling delphi to calculate conformer ASP01A0702_001 in /tmp/pbe_data.data.home.granepura.5-kinases.cof_tpl_mg.run_kin.3zos_ASP01A0702_001
ForkPoolWorker-1: Calling delphi to calculate conformer ASP01A0702_002 in /tmp/pbe_data.data.home.granepura.5-kinases.cof_tpl_mg.run_kin.3zos_ASP01A0702_002
ForkPoolWorker-1: Calling delphi to calculate conformer ASP02A0702_003 in /tmp/pbe_data.data.home.granepura.5-kinases.cof_tpl_mg.run_kin.3zos_ASP02A0702_003
ForkPoolWorker-1: Calling delphi to calculate conformer ASP02A0702_004 in /tmp/pbe_data.data.home.granepura.5-kinases.cof_tpl_mg.run_kin.3zos_ASP02A0702_004
ForkPoolWorker-1: Calling delphi to calculate conformer ASP-1A0702_005 in /tmp/pbe_data.data.home.granepura.5-kinases.cof_tpl_mg.run_kin.3zos_ASP-1A0702_005
ForkPoolWorker-1: Calling delphi to calculate conformer TYR01A0703_001 in /tmp/pbe_data.data.home.granepura.5-kinases.cof_tpl_mg.run_kin.3zos_TYR01A0703_001
ForkPoolWorker-1: Calling delphi to calculate conformer TYR-1A0703_002 in /tmp/pbe_data.data.home.granepura.5-kinases.cof_tpl_mg.run_kin.3zos_TYR-1A0703_002
ForkPoolWorker-1: Calling delphi to calculate conformer MET01A0704_001 in /tmp/pbe_data.data.home.granepura.5-kinases.cof_tpl_mg.run_kin.3zos_MET01A0704_001
ForkPoolWorker-1: Calling delphi to calculate conformer GLU01A0705_001 in /tmp/pbe_data.data.home.granepura.5-kinases.cof_tpl_mg.run_kin.3zos_GLU01A0705_001
ForkPoolWorker-1: Calling delphi to calculate conformer GLU01A0705_002 in /tmp/pbe_data.data.home.granepura.5-kinases.cof_tpl_mg.run_kin.3zos_GLU01A0705_002
ForkPoolWorker-1: Calling delphi to calculate conformer GLU02A0705_003 in /tmp/pbe_data.data.home.granepura.5-kinases.cof_tpl_mg.run_kin.3zos_GLU02A0705_003
ForkPoolWorker-1: Calling delphi to calculate conformer GLU02A0705_004 in /tmp/pbe_data.data.home.granepura.5-kinases.cof_tpl_mg.run_kin.3zos_GLU02A0705_004
ForkPoolWorker-1: Calling delphi to calculate conformer GLU-1A0705_005 in /tmp/pbe_data.data.home.granepura.5-kinases.cof_tpl_mg.run_kin.3zos_GLU-1A0705_005
ForkPoolWorker-1: Calling delphi to calculate conformer ASN01A0706_001 in /tmp/pbe_data.data.home.granepura.5-kinases.cof_tpl_mg.run_kin.3zos_ASN01A0706_001
ForkPoolWorker-1: Calling delphi to calculate conformer ASN01A0706_002 in /tmp/pbe_data.data.home.granepura.5-kinases.cof_tpl_mg.run_kin.3zos_ASN01A0706_002
ForkPoolWorker-1: Calling delphi to calculate conformer ASP01A0708_001 in /tmp/pbe_data.data.home.granepura.5-kinases.cof_tpl_mg.run_kin.3zos_ASP01A0708_001
ForkPoolWorker-1: Calling delphi to calculate conformer ASP01A0708_002 in /tmp/pbe_data.data.home.granepura.5-kinases.cof_tpl_mg.run_kin.3zos_ASP01A0708_002
ForkPoolWorker-1: Calling delphi to calculate conformer ASP02A0708_003 in /tmp/pbe_data.data.home.granepura.5-kinases.cof_tpl_mg.run_kin.3zos_ASP02A0708_003
ForkPoolWorker-1: Calling delphi to calculate conformer ASP02A0708_004 in /tmp/pbe_data.data.home.granepura.5-kinases.cof_tpl_mg.run_kin.3zos_ASP02A0708_004
ForkPoolWorker-1: Calling delphi to calculate conformer ASP-1A0708_005 in /tmp/pbe_data.data.home.granepura.5-kinases.cof_tpl_mg.run_kin.3zos_ASP-1A0708_005
Skipping PBE solver for non-charge conformer LEU01A0709_001...
ForkPoolWorker-1: Calling delphi to calculate conformer ASN01A0710_001 in /tmp/pbe_data.data.home.granepura.5-kinases.cof_tpl_mg.run_kin.3zos_ASN01A0710_001
ForkPoolWorker-1: Calling delphi to calculate conformer ASN01A0710_002 in /tmp/pbe_data.data.home.granepura.5-kinases.cof_tpl_mg.run_kin.3zos_ASN01A0710_002
ForkPoolWorker-1: Calling delphi to calculate conformer GLN01A0711_001 in /tmp/pbe_data.data.home.granepura.5-kinases.cof_tpl_mg.run_kin.3zos_GLN01A0711_001
ForkPoolWorker-1: Calling delphi to calculate conformer GLN01A0711_002 in /tmp/pbe_data.data.home.granepura.5-kinases.cof_tpl_mg.run_kin.3zos_GLN01A0711_002
Skipping PBE solver for non-charge conformer PHE01A0712_001...
Skipping PBE solver for non-charge conformer LEU01A0713_001...
ForkPoolWorker-1: Calling delphi to calculate conformer SER01A0714_001 in /tmp/pbe_data.data.home.granepura.5-kinases.cof_tpl_mg.run_kin.3zos_SER01A0714_001
ForkPoolWorker-1: Calling delphi to calculate conformer SER01A0714_002 in /tmp/pbe_data.data.home.granepura.5-kinases.cof_tpl_mg.run_kin.3zos_SER01A0714_002
Skipping PBE solver for non-charge conformer ALA01A0715_001...
ForkPoolWorker-1: Calling delphi to calculate conformer HIS01A0716_001 in /tmp/pbe_data.data.home.granepura.5-kinases.cof_tpl_mg.run_kin.3zos_HIS01A0716_001
ForkPoolWorker-1: Calling delphi to calculate conformer HIS02A0716_002 in /tmp/pbe_data.data.home.granepura.5-kinases.cof_tpl_mg.run_kin.3zos_HIS02A0716_002
ForkPoolWorker-1: Calling delphi to calculate conformer HIS+1A0716_003 in /tmp/pbe_data.data.home.granepura.5-kinases.cof_tpl_mg.run_kin.3zos_HIS+1A0716_003
ForkPoolWorker-1: Calling delphi to calculate conformer GLN01A0717_001 in /tmp/pbe_data.data.home.granepura.5-kinases.cof_tpl_mg.run_kin.3zos_GLN01A0717_001
ForkPoolWorker-1: Calling delphi to calculate conformer GLN01A0717_002 in /tmp/pbe_data.data.home.granepura.5-kinases.cof_tpl_mg.run_kin.3zos_GLN01A0717_002
Skipping PBE solver for non-charge conformer LEU01A0718_001...
ForkPoolWorker-1: Calling delphi to calculate conformer GLU01A0719_001 in /tmp/pbe_data.data.home.granepura.5-kinases.cof_tpl_mg.run_kin.3zos_GLU01A0719_001
ForkPoolWorker-1: Calling delphi to calculate conformer GLU01A0719_002 in /tmp/pbe_data.data.home.granepura.5-kinases.cof_tpl_mg.run_kin.3zos_GLU01A0719_002
ForkPoolWorker-1: Calling delphi to calculate conformer GLU02A0719_003 in /tmp/pbe_data.data.home.granepura.5-kinases.cof_tpl_mg.run_kin.3zos_GLU02A0719_003
ForkPoolWorker-1: Calling delphi to calculate conformer GLU02A0719_004 in /tmp/pbe_data.data.home.granepura.5-kinases.cof_tpl_mg.run_kin.3zos_GLU02A0719_004
ForkPoolWorker-1: Calling delphi to calculate conformer GLU-1A0719_005 in /tmp/pbe_data.data.home.granepura.5-kinases.cof_tpl_mg.run_kin.3zos_GLU-1A0719_005
ForkPoolWorker-1: Calling delphi to calculate conformer ASP01A0720_001 in /tmp/pbe_data.data.home.granepura.5-kinases.cof_tpl_mg.run_kin.3zos_ASP01A0720_001
ForkPoolWorker-1: Calling delphi to calculate conformer ASP01A0720_002 in /tmp/pbe_data.data.home.granepura.5-kinases.cof_tpl_mg.run_kin.3zos_ASP01A0720_002
ForkPoolWorker-1: Calling delphi to calculate conformer ASP02A0720_003 in /tmp/pbe_data.data.home.granepura.5-kinases.cof_tpl_mg.run_kin.3zos_ASP02A0720_003
ForkPoolWorker-1: Calling delphi to calculate conformer ASP02A0720_004 in /tmp/pbe_data.data.home.granepura.5-kinases.cof_tpl_mg.run_kin.3zos_ASP02A0720_004
ForkPoolWorker-1: Calling delphi to calculate conformer ASP-1A0720_005 in /tmp/pbe_data.data.home.granepura.5-kinases.cof_tpl_mg.run_kin.3zos_ASP-1A0720_005
Skipping PBE solver for non-charge conformer ALA01A0732_001...
Skipping PBE solver for non-charge conformer ALA01A0733_001...
ForkPoolWorker-1: Calling delphi to calculate conformer GLN01A0734_001 in /tmp/pbe_data.data.home.granepura.5-kinases.cof_tpl_mg.run_kin.3zos_GLN01A0734_001
ForkPoolWorker-1: Calling delphi to calculate conformer GLN01A0734_002 in /tmp/pbe_data.data.home.granepura.5-kinases.cof_tpl_mg.run_kin.3zos_GLN01A0734_002
Skipping PBE solver for non-charge conformer PRO01A0736_001...
ForkPoolWorker-1: Calling delphi to calculate conformer THR01A0737_001 in /tmp/pbe_data.data.home.granepura.5-kinases.cof_tpl_mg.run_kin.3zos_THR01A0737_001
ForkPoolWorker-1: Calling delphi to calculate conformer THR01A0737_002 in /tmp/pbe_data.data.home.granepura.5-kinases.cof_tpl_mg.run_kin.3zos_THR01A0737_002
Skipping PBE solver for non-charge conformer ILE01A0738_001...
ForkPoolWorker-1: Calling delphi to calculate conformer SER01A0739_001 in /tmp/pbe_data.data.home.granepura.5-kinases.cof_tpl_mg.run_kin.3zos_SER01A0739_001
ForkPoolWorker-1: Calling delphi to calculate conformer SER01A0739_002 in /tmp/pbe_data.data.home.granepura.5-kinases.cof_tpl_mg.run_kin.3zos_SER01A0739_002
ForkPoolWorker-1: Calling delphi to calculate conformer TYR01A0740_001 in /tmp/pbe_data.data.home.granepura.5-kinases.cof_tpl_mg.run_kin.3zos_TYR01A0740_001
ForkPoolWorker-1: Calling delphi to calculate conformer TYR-1A0740_002 in /tmp/pbe_data.data.home.granepura.5-kinases.cof_tpl_mg.run_kin.3zos_TYR-1A0740_002
Skipping PBE solver for non-charge conformer PRO01A0741_001...
ForkPoolWorker-1: Calling delphi to calculate conformer MET01A0742_001 in /tmp/pbe_data.data.home.granepura.5-kinases.cof_tpl_mg.run_kin.3zos_MET01A0742_001
Skipping PBE solver for non-charge conformer LEU01A0743_001...
Skipping PBE solver for non-charge conformer LEU01A0744_001...
ForkPoolWorker-1: Calling delphi to calculate conformer HIS01A0745_001 in /tmp/pbe_data.data.home.granepura.5-kinases.cof_tpl_mg.run_kin.3zos_HIS01A0745_001
ForkPoolWorker-1: Calling delphi to calculate conformer HIS01A0745_002 in /tmp/pbe_data.data.home.granepura.5-kinases.cof_tpl_mg.run_kin.3zos_HIS01A0745_002
ForkPoolWorker-1: Calling delphi to calculate conformer HIS01A0745_003 in /tmp/pbe_data.data.home.granepura.5-kinases.cof_tpl_mg.run_kin.3zos_HIS01A0745_003
ForkPoolWorker-1: Calling delphi to calculate conformer HIS02A0745_004 in /tmp/pbe_data.data.home.granepura.5-kinases.cof_tpl_mg.run_kin.3zos_HIS02A0745_004
ForkPoolWorker-1: Calling delphi to calculate conformer HIS02A0745_005 in /tmp/pbe_data.data.home.granepura.5-kinases.cof_tpl_mg.run_kin.3zos_HIS02A0745_005
ForkPoolWorker-1: Calling delphi to calculate conformer HIS02A0745_006 in /tmp/pbe_data.data.home.granepura.5-kinases.cof_tpl_mg.run_kin.3zos_HIS02A0745_006
ForkPoolWorker-1: Calling delphi to calculate conformer HIS+1A0745_007 in /tmp/pbe_data.data.home.granepura.5-kinases.cof_tpl_mg.run_kin.3zos_HIS+1A0745_007
ForkPoolWorker-1: Calling delphi to calculate conformer HIS+1A0745_008 in /tmp/pbe_data.data.home.granepura.5-kinases.cof_tpl_mg.run_kin.3zos_HIS+1A0745_008
ForkPoolWorker-1: Calling delphi to calculate conformer HIS+1A0745_009 in /tmp/pbe_data.data.home.granepura.5-kinases.cof_tpl_mg.run_kin.3zos_HIS+1A0745_009
Skipping PBE solver for non-charge conformer VAL01A0746_001...
Skipping PBE solver for non-charge conformer ALA01A0747_001...
Skipping PBE solver for non-charge conformer ALA01A0748_001...
ForkPoolWorker-1: Calling delphi to calculate conformer GLN01A0749_001 in /tmp/pbe_data.data.home.granepura.5-kinases.cof_tpl_mg.run_kin.3zos_GLN01A0749_001
ForkPoolWorker-1: Calling delphi to calculate conformer GLN01A0749_002 in /tmp/pbe_data.data.home.granepura.5-kinases.cof_tpl_mg.run_kin.3zos_GLN01A0749_002
Skipping PBE solver for non-charge conformer ILE01A0750_001...
Skipping PBE solver for non-charge conformer ALA01A0751_001...
ForkPoolWorker-1: Calling delphi to calculate conformer SER01A0752_001 in /tmp/pbe_data.data.home.granepura.5-kinases.cof_tpl_mg.run_kin.3zos_SER01A0752_001
ForkPoolWorker-1: Calling delphi to calculate conformer SER01A0752_002 in /tmp/pbe_data.data.home.granepura.5-kinases.cof_tpl_mg.run_kin.3zos_SER01A0752_002
ForkPoolWorker-1: Calling delphi to calculate conformer SER01A0752_003 in /tmp/pbe_data.data.home.granepura.5-kinases.cof_tpl_mg.run_kin.3zos_SER01A0752_003
ForkPoolWorker-1: Calling delphi to calculate conformer MET01A0754_001 in /tmp/pbe_data.data.home.granepura.5-kinases.cof_tpl_mg.run_kin.3zos_MET01A0754_001
ForkPoolWorker-1: Calling delphi to calculate conformer ARG01A0755_001 in /tmp/pbe_data.data.home.granepura.5-kinases.cof_tpl_mg.run_kin.3zos_ARG01A0755_001
ForkPoolWorker-1: Calling delphi to calculate conformer ARG02A0755_002 in /tmp/pbe_data.data.home.granepura.5-kinases.cof_tpl_mg.run_kin.3zos_ARG02A0755_002
ForkPoolWorker-1: Calling delphi to calculate conformer ARG03A0755_003 in /tmp/pbe_data.data.home.granepura.5-kinases.cof_tpl_mg.run_kin.3zos_ARG03A0755_003
ForkPoolWorker-1: Calling delphi to calculate conformer ARG+1A0755_004 in /tmp/pbe_data.data.home.granepura.5-kinases.cof_tpl_mg.run_kin.3zos_ARG+1A0755_004
ForkPoolWorker-1: Calling delphi to calculate conformer TYR01A0756_001 in /tmp/pbe_data.data.home.granepura.5-kinases.cof_tpl_mg.run_kin.3zos_TYR01A0756_001
ForkPoolWorker-1: Calling delphi to calculate conformer TYR01A0756_002 in /tmp/pbe_data.data.home.granepura.5-kinases.cof_tpl_mg.run_kin.3zos_TYR01A0756_002
ForkPoolWorker-1: Calling delphi to calculate conformer TYR-1A0756_003 in /tmp/pbe_data.data.home.granepura.5-kinases.cof_tpl_mg.run_kin.3zos_TYR-1A0756_003
Skipping PBE solver for non-charge conformer LEU01A0757_001...
Skipping PBE solver for non-charge conformer ALA01A0758_001...
ForkPoolWorker-1: Calling delphi to calculate conformer THR01A0759_001 in /tmp/pbe_data.data.home.granepura.5-kinases.cof_tpl_mg.run_kin.3zos_THR01A0759_001
Skipping PBE solver for non-charge conformer LEU01A0760_001...
ForkPoolWorker-1: Calling delphi to calculate conformer ASN01A0761_001 in /tmp/pbe_data.data.home.granepura.5-kinases.cof_tpl_mg.run_kin.3zos_ASN01A0761_001
ForkPoolWorker-1: Calling delphi to calculate conformer ASN01A0761_002 in /tmp/pbe_data.data.home.granepura.5-kinases.cof_tpl_mg.run_kin.3zos_ASN01A0761_002
Skipping PBE solver for non-charge conformer PHE01A0762_001...
Skipping PBE solver for non-charge conformer VAL01A0763_001...
ForkPoolWorker-1: Calling delphi to calculate conformer HIS01A0764_001 in /tmp/pbe_data.data.home.granepura.5-kinases.cof_tpl_mg.run_kin.3zos_HIS01A0764_001
ForkPoolWorker-1: Calling delphi to calculate conformer HIS02A0764_002 in /tmp/pbe_data.data.home.granepura.5-kinases.cof_tpl_mg.run_kin.3zos_HIS02A0764_002
ForkPoolWorker-1: Calling delphi to calculate conformer HIS+1A0764_003 in /tmp/pbe_data.data.home.granepura.5-kinases.cof_tpl_mg.run_kin.3zos_HIS+1A0764_003
ForkPoolWorker-1: Calling delphi to calculate conformer ARG01A0765_001 in /tmp/pbe_data.data.home.granepura.5-kinases.cof_tpl_mg.run_kin.3zos_ARG01A0765_001
ForkPoolWorker-1: Calling delphi to calculate conformer ARG02A0765_002 in /tmp/pbe_data.data.home.granepura.5-kinases.cof_tpl_mg.run_kin.3zos_ARG02A0765_002
ForkPoolWorker-1: Calling delphi to calculate conformer ARG03A0765_003 in /tmp/pbe_data.data.home.granepura.5-kinases.cof_tpl_mg.run_kin.3zos_ARG03A0765_003
ForkPoolWorker-1: Calling delphi to calculate conformer ARG+1A0765_004 in /tmp/pbe_data.data.home.granepura.5-kinases.cof_tpl_mg.run_kin.3zos_ARG+1A0765_004
ForkPoolWorker-1: Calling delphi to calculate conformer ASP01A0766_001 in /tmp/pbe_data.data.home.granepura.5-kinases.cof_tpl_mg.run_kin.3zos_ASP01A0766_001
ForkPoolWorker-1: Calling delphi to calculate conformer ASP01A0766_002 in /tmp/pbe_data.data.home.granepura.5-kinases.cof_tpl_mg.run_kin.3zos_ASP01A0766_002
ForkPoolWorker-1: Calling delphi to calculate conformer ASP02A0766_003 in /tmp/pbe_data.data.home.granepura.5-kinases.cof_tpl_mg.run_kin.3zos_ASP02A0766_003
ForkPoolWorker-1: Calling delphi to calculate conformer ASP02A0766_004 in /tmp/pbe_data.data.home.granepura.5-kinases.cof_tpl_mg.run_kin.3zos_ASP02A0766_004
ForkPoolWorker-1: Calling delphi to calculate conformer ASP-1A0766_005 in /tmp/pbe_data.data.home.granepura.5-kinases.cof_tpl_mg.run_kin.3zos_ASP-1A0766_005
Skipping PBE solver for non-charge conformer LEU01A0767_001...
Skipping PBE solver for non-charge conformer ALA01A0768_001...
ForkPoolWorker-1: Calling delphi to calculate conformer THR01A0769_001 in /tmp/pbe_data.data.home.granepura.5-kinases.cof_tpl_mg.run_kin.3zos_THR01A0769_001
ForkPoolWorker-1: Calling delphi to calculate conformer THR01A0769_002 in /tmp/pbe_data.data.home.granepura.5-kinases.cof_tpl_mg.run_kin.3zos_THR01A0769_002
ForkPoolWorker-1: Calling delphi to calculate conformer THR01A0769_003 in /tmp/pbe_data.data.home.granepura.5-kinases.cof_tpl_mg.run_kin.3zos_THR01A0769_003
ForkPoolWorker-1: Calling delphi to calculate conformer ARG01A0770_001 in /tmp/pbe_data.data.home.granepura.5-kinases.cof_tpl_mg.run_kin.3zos_ARG01A0770_001
ForkPoolWorker-1: Calling delphi to calculate conformer ARG02A0770_002 in /tmp/pbe_data.data.home.granepura.5-kinases.cof_tpl_mg.run_kin.3zos_ARG02A0770_002
ForkPoolWorker-1: Calling delphi to calculate conformer ARG02A0770_003 in /tmp/pbe_data.data.home.granepura.5-kinases.cof_tpl_mg.run_kin.3zos_ARG02A0770_003
ForkPoolWorker-1: Calling delphi to calculate conformer ARG03A0770_004 in /tmp/pbe_data.data.home.granepura.5-kinases.cof_tpl_mg.run_kin.3zos_ARG03A0770_004
ForkPoolWorker-1: Calling delphi to calculate conformer ARG03A0770_005 in /tmp/pbe_data.data.home.granepura.5-kinases.cof_tpl_mg.run_kin.3zos_ARG03A0770_005
ForkPoolWorker-1: Calling delphi to calculate conformer ARG+1A0770_006 in /tmp/pbe_data.data.home.granepura.5-kinases.cof_tpl_mg.run_kin.3zos_ARG+1A0770_006
ForkPoolWorker-1: Calling delphi to calculate conformer ASN01A0771_001 in /tmp/pbe_data.data.home.granepura.5-kinases.cof_tpl_mg.run_kin.3zos_ASN01A0771_001
ForkPoolWorker-1: Calling delphi to calculate conformer ASN01A0771_002 in /tmp/pbe_data.data.home.granepura.5-kinases.cof_tpl_mg.run_kin.3zos_ASN01A0771_002
ForkPoolWorker-1: Calling delphi to calculate conformer CYS01A0772_001 in /tmp/pbe_data.data.home.granepura.5-kinases.cof_tpl_mg.run_kin.3zos_CYS01A0772_001
ForkPoolWorker-1: Calling delphi to calculate conformer CYS01A0772_002 in /tmp/pbe_data.data.home.granepura.5-kinases.cof_tpl_mg.run_kin.3zos_CYS01A0772_002
ForkPoolWorker-1: Calling delphi to calculate conformer CYS01A0772_003 in /tmp/pbe_data.data.home.granepura.5-kinases.cof_tpl_mg.run_kin.3zos_CYS01A0772_003
ForkPoolWorker-1: Calling delphi to calculate conformer CYS-1A0772_004 in /tmp/pbe_data.data.home.granepura.5-kinases.cof_tpl_mg.run_kin.3zos_CYS-1A0772_004
Skipping PBE solver for non-charge conformer LEU01A0773_001...
Skipping PBE solver for non-charge conformer VAL01A0774_001...
ForkPoolWorker-1: Calling delphi to calculate conformer GLU01A0776_001 in /tmp/pbe_data.data.home.granepura.5-kinases.cof_tpl_mg.run_kin.3zos_GLU01A0776_001
ForkPoolWorker-1: Calling delphi to calculate conformer GLU01A0776_002 in /tmp/pbe_data.data.home.granepura.5-kinases.cof_tpl_mg.run_kin.3zos_GLU01A0776_002
ForkPoolWorker-1: Calling delphi to calculate conformer GLU02A0776_003 in /tmp/pbe_data.data.home.granepura.5-kinases.cof_tpl_mg.run_kin.3zos_GLU02A0776_003
ForkPoolWorker-1: Calling delphi to calculate conformer GLU02A0776_004 in /tmp/pbe_data.data.home.granepura.5-kinases.cof_tpl_mg.run_kin.3zos_GLU02A0776_004
ForkPoolWorker-1: Calling delphi to calculate conformer GLU-1A0776_005 in /tmp/pbe_data.data.home.granepura.5-kinases.cof_tpl_mg.run_kin.3zos_GLU-1A0776_005
ForkPoolWorker-1: Calling delphi to calculate conformer ASN01A0777_001 in /tmp/pbe_data.data.home.granepura.5-kinases.cof_tpl_mg.run_kin.3zos_ASN01A0777_001
ForkPoolWorker-1: Calling delphi to calculate conformer ASN01A0777_002 in /tmp/pbe_data.data.home.granepura.5-kinases.cof_tpl_mg.run_kin.3zos_ASN01A0777_002
Skipping PBE solver for non-charge conformer PHE01A0778_001...
ForkPoolWorker-1: Calling delphi to calculate conformer THR01A0779_001 in /tmp/pbe_data.data.home.granepura.5-kinases.cof_tpl_mg.run_kin.3zos_THR01A0779_001
ForkPoolWorker-1: Calling delphi to calculate conformer THR01A0779_002 in /tmp/pbe_data.data.home.granepura.5-kinases.cof_tpl_mg.run_kin.3zos_THR01A0779_002
Skipping PBE solver for non-charge conformer ILE01A0780_001...
ForkPoolWorker-1: Calling delphi to calculate conformer LYS01A0781_001 in /tmp/pbe_data.data.home.granepura.5-kinases.cof_tpl_mg.run_kin.3zos_LYS01A0781_001
ForkPoolWorker-1: Calling delphi to calculate conformer LYS+1A0781_002 in /tmp/pbe_data.data.home.granepura.5-kinases.cof_tpl_mg.run_kin.3zos_LYS+1A0781_002
Skipping PBE solver for non-charge conformer ILE01A0782_001...
Skipping PBE solver for non-charge conformer ALA01A0783_001...
ForkPoolWorker-1: Calling delphi to calculate conformer ASP01A0784_001 in /tmp/pbe_data.data.home.granepura.5-kinases.cof_tpl_mg.run_kin.3zos_ASP01A0784_001
ForkPoolWorker-1: Calling delphi to calculate conformer ASP01A0784_002 in /tmp/pbe_data.data.home.granepura.5-kinases.cof_tpl_mg.run_kin.3zos_ASP01A0784_002
ForkPoolWorker-1: Calling delphi to calculate conformer ASP02A0784_003 in /tmp/pbe_data.data.home.granepura.5-kinases.cof_tpl_mg.run_kin.3zos_ASP02A0784_003
ForkPoolWorker-1: Calling delphi to calculate conformer ASP02A0784_004 in /tmp/pbe_data.data.home.granepura.5-kinases.cof_tpl_mg.run_kin.3zos_ASP02A0784_004
ForkPoolWorker-1: Calling delphi to calculate conformer ASP-1A0784_005 in /tmp/pbe_data.data.home.granepura.5-kinases.cof_tpl_mg.run_kin.3zos_ASP-1A0784_005
Skipping PBE solver for non-charge conformer PHE01A0785_001...
ForkPoolWorker-1: Calling delphi to calculate conformer MET01A0787_001 in /tmp/pbe_data.data.home.granepura.5-kinases.cof_tpl_mg.run_kin.3zos_MET01A0787_001
ForkPoolWorker-1: Calling delphi to calculate conformer SER01A0788_001 in /tmp/pbe_data.data.home.granepura.5-kinases.cof_tpl_mg.run_kin.3zos_SER01A0788_001
ForkPoolWorker-1: Calling delphi to calculate conformer SER01A0788_002 in /tmp/pbe_data.data.home.granepura.5-kinases.cof_tpl_mg.run_kin.3zos_SER01A0788_002
ForkPoolWorker-1: Calling delphi to calculate conformer SER01A0788_003 in /tmp/pbe_data.data.home.granepura.5-kinases.cof_tpl_mg.run_kin.3zos_SER01A0788_003
ForkPoolWorker-1: Calling delphi to calculate conformer ARG01A0789_001 in /tmp/pbe_data.data.home.granepura.5-kinases.cof_tpl_mg.run_kin.3zos_ARG01A0789_001
ForkPoolWorker-1: Calling delphi to calculate conformer ARG02A0789_002 in /tmp/pbe_data.data.home.granepura.5-kinases.cof_tpl_mg.run_kin.3zos_ARG02A0789_002
ForkPoolWorker-1: Calling delphi to calculate conformer ARG02A0789_003 in /tmp/pbe_data.data.home.granepura.5-kinases.cof_tpl_mg.run_kin.3zos_ARG02A0789_003
ForkPoolWorker-1: Calling delphi to calculate conformer ARG03A0789_004 in /tmp/pbe_data.data.home.granepura.5-kinases.cof_tpl_mg.run_kin.3zos_ARG03A0789_004
ForkPoolWorker-1: Calling delphi to calculate conformer ARG03A0789_005 in /tmp/pbe_data.data.home.granepura.5-kinases.cof_tpl_mg.run_kin.3zos_ARG03A0789_005
ForkPoolWorker-1: Calling delphi to calculate conformer ARG+1A0789_006 in /tmp/pbe_data.data.home.granepura.5-kinases.cof_tpl_mg.run_kin.3zos_ARG+1A0789_006
ForkPoolWorker-1: Calling delphi to calculate conformer ASN01A0790_001 in /tmp/pbe_data.data.home.granepura.5-kinases.cof_tpl_mg.run_kin.3zos_ASN01A0790_001
Skipping PBE solver for non-charge conformer LEU01A0791_001...
ForkPoolWorker-1: Calling delphi to calculate conformer TYR01A0792_001 in /tmp/pbe_data.data.home.granepura.5-kinases.cof_tpl_mg.run_kin.3zos_TYR01A0792_001
ForkPoolWorker-1: Calling delphi to calculate conformer TYR01A0792_002 in /tmp/pbe_data.data.home.granepura.5-kinases.cof_tpl_mg.run_kin.3zos_TYR01A0792_002
ForkPoolWorker-1: Calling delphi to calculate conformer TYR-1A0792_003 in /tmp/pbe_data.data.home.granepura.5-kinases.cof_tpl_mg.run_kin.3zos_TYR-1A0792_003
Skipping PBE solver for non-charge conformer ALA01A0793_001...
ForkPoolWorker-1: Calling delphi to calculate conformer ASP01A0795_001 in /tmp/pbe_data.data.home.granepura.5-kinases.cof_tpl_mg.run_kin.3zos_ASP01A0795_001
ForkPoolWorker-1: Calling delphi to calculate conformer ASP01A0795_002 in /tmp/pbe_data.data.home.granepura.5-kinases.cof_tpl_mg.run_kin.3zos_ASP01A0795_002
ForkPoolWorker-1: Calling delphi to calculate conformer ASP02A0795_003 in /tmp/pbe_data.data.home.granepura.5-kinases.cof_tpl_mg.run_kin.3zos_ASP02A0795_003
ForkPoolWorker-1: Calling delphi to calculate conformer ASP02A0795_004 in /tmp/pbe_data.data.home.granepura.5-kinases.cof_tpl_mg.run_kin.3zos_ASP02A0795_004
ForkPoolWorker-1: Calling delphi to calculate conformer ASP-1A0795_005 in /tmp/pbe_data.data.home.granepura.5-kinases.cof_tpl_mg.run_kin.3zos_ASP-1A0795_005
ForkPoolWorker-1: Calling delphi to calculate conformer TYR01A0796_001 in /tmp/pbe_data.data.home.granepura.5-kinases.cof_tpl_mg.run_kin.3zos_TYR01A0796_001
ForkPoolWorker-1: Calling delphi to calculate conformer TYR01A0796_002 in /tmp/pbe_data.data.home.granepura.5-kinases.cof_tpl_mg.run_kin.3zos_TYR01A0796_002
ForkPoolWorker-1: Calling delphi to calculate conformer TYR-1A0796_003 in /tmp/pbe_data.data.home.granepura.5-kinases.cof_tpl_mg.run_kin.3zos_TYR-1A0796_003
ForkPoolWorker-1: Calling delphi to calculate conformer TYR01A0797_001 in /tmp/pbe_data.data.home.granepura.5-kinases.cof_tpl_mg.run_kin.3zos_TYR01A0797_001
ForkPoolWorker-1: Calling delphi to calculate conformer TYR01A0797_002 in /tmp/pbe_data.data.home.granepura.5-kinases.cof_tpl_mg.run_kin.3zos_TYR01A0797_002
ForkPoolWorker-1: Calling delphi to calculate conformer TYR-1A0797_003 in /tmp/pbe_data.data.home.granepura.5-kinases.cof_tpl_mg.run_kin.3zos_TYR-1A0797_003
ForkPoolWorker-1: Calling delphi to calculate conformer ARG01A0798_001 in /tmp/pbe_data.data.home.granepura.5-kinases.cof_tpl_mg.run_kin.3zos_ARG01A0798_001
ForkPoolWorker-1: Calling delphi to calculate conformer ARG02A0798_002 in /tmp/pbe_data.data.home.granepura.5-kinases.cof_tpl_mg.run_kin.3zos_ARG02A0798_002
ForkPoolWorker-1: Calling delphi to calculate conformer ARG02A0798_003 in /tmp/pbe_data.data.home.granepura.5-kinases.cof_tpl_mg.run_kin.3zos_ARG02A0798_003
ForkPoolWorker-1: Calling delphi to calculate conformer ARG03A0798_004 in /tmp/pbe_data.data.home.granepura.5-kinases.cof_tpl_mg.run_kin.3zos_ARG03A0798_004
ForkPoolWorker-1: Calling delphi to calculate conformer ARG+1A0798_005 in /tmp/pbe_data.data.home.granepura.5-kinases.cof_tpl_mg.run_kin.3zos_ARG+1A0798_005
Skipping PBE solver for non-charge conformer VAL01A0799_001...
ForkPoolWorker-1: Calling delphi to calculate conformer GLN01A0800_001 in /tmp/pbe_data.data.home.granepura.5-kinases.cof_tpl_mg.run_kin.3zos_GLN01A0800_001
ForkPoolWorker-1: Calling delphi to calculate conformer GLN01A0800_002 in /tmp/pbe_data.data.home.granepura.5-kinases.cof_tpl_mg.run_kin.3zos_GLN01A0800_002
ForkPoolWorker-1: Calling delphi to calculate conformer ARG01A0802_001 in /tmp/pbe_data.data.home.granepura.5-kinases.cof_tpl_mg.run_kin.3zos_ARG01A0802_001
ForkPoolWorker-1: Calling delphi to calculate conformer ARG02A0802_002 in /tmp/pbe_data.data.home.granepura.5-kinases.cof_tpl_mg.run_kin.3zos_ARG02A0802_002
ForkPoolWorker-1: Calling delphi to calculate conformer ARG03A0802_003 in /tmp/pbe_data.data.home.granepura.5-kinases.cof_tpl_mg.run_kin.3zos_ARG03A0802_003
ForkPoolWorker-1: Calling delphi to calculate conformer ARG+1A0802_004 in /tmp/pbe_data.data.home.granepura.5-kinases.cof_tpl_mg.run_kin.3zos_ARG+1A0802_004
Skipping PBE solver for non-charge conformer ALA01A0803_001...
Skipping PBE solver for non-charge conformer VAL01A0804_001...
Skipping PBE solver for non-charge conformer LEU01A0805_001...
Skipping PBE solver for non-charge conformer PRO01A0806_001...
Skipping PBE solver for non-charge conformer ILE01A0807_001...
ForkPoolWorker-1: Calling delphi to calculate conformer ARG01A0808_001 in /tmp/pbe_data.data.home.granepura.5-kinases.cof_tpl_mg.run_kin.3zos_ARG01A0808_001
ForkPoolWorker-1: Calling delphi to calculate conformer ARG02A0808_002 in /tmp/pbe_data.data.home.granepura.5-kinases.cof_tpl_mg.run_kin.3zos_ARG02A0808_002
ForkPoolWorker-1: Calling delphi to calculate conformer ARG03A0808_003 in /tmp/pbe_data.data.home.granepura.5-kinases.cof_tpl_mg.run_kin.3zos_ARG03A0808_003
ForkPoolWorker-1: Calling delphi to calculate conformer ARG03A0808_004 in /tmp/pbe_data.data.home.granepura.5-kinases.cof_tpl_mg.run_kin.3zos_ARG03A0808_004
ForkPoolWorker-1: Calling delphi to calculate conformer ARG+1A0808_005 in /tmp/pbe_data.data.home.granepura.5-kinases.cof_tpl_mg.run_kin.3zos_ARG+1A0808_005
Skipping PBE solver for non-charge conformer TRP01A0809_001...
ForkPoolWorker-1: Calling delphi to calculate conformer MET01A0810_001 in /tmp/pbe_data.data.home.granepura.5-kinases.cof_tpl_mg.run_kin.3zos_MET01A0810_001
Skipping PBE solver for non-charge conformer ALA01A0811_001...
Skipping PBE solver for non-charge conformer TRP01A0812_001...
ForkPoolWorker-1: Calling delphi to calculate conformer GLU01A0813_001 in /tmp/pbe_data.data.home.granepura.5-kinases.cof_tpl_mg.run_kin.3zos_GLU01A0813_001
ForkPoolWorker-1: Calling delphi to calculate conformer GLU01A0813_002 in /tmp/pbe_data.data.home.granepura.5-kinases.cof_tpl_mg.run_kin.3zos_GLU01A0813_002
ForkPoolWorker-1: Calling delphi to calculate conformer GLU02A0813_003 in /tmp/pbe_data.data.home.granepura.5-kinases.cof_tpl_mg.run_kin.3zos_GLU02A0813_003
ForkPoolWorker-1: Calling delphi to calculate conformer GLU02A0813_004 in /tmp/pbe_data.data.home.granepura.5-kinases.cof_tpl_mg.run_kin.3zos_GLU02A0813_004
ForkPoolWorker-1: Calling delphi to calculate conformer GLU-1A0813_005 in /tmp/pbe_data.data.home.granepura.5-kinases.cof_tpl_mg.run_kin.3zos_GLU-1A0813_005
ForkPoolWorker-1: Calling delphi to calculate conformer CYS01A0814_001 in /tmp/pbe_data.data.home.granepura.5-kinases.cof_tpl_mg.run_kin.3zos_CYS01A0814_001
ForkPoolWorker-1: Calling delphi to calculate conformer CYS01A0814_002 in /tmp/pbe_data.data.home.granepura.5-kinases.cof_tpl_mg.run_kin.3zos_CYS01A0814_002
ForkPoolWorker-1: Calling delphi to calculate conformer CYS01A0814_003 in /tmp/pbe_data.data.home.granepura.5-kinases.cof_tpl_mg.run_kin.3zos_CYS01A0814_003
ForkPoolWorker-1: Calling delphi to calculate conformer CYS-1A0814_004 in /tmp/pbe_data.data.home.granepura.5-kinases.cof_tpl_mg.run_kin.3zos_CYS-1A0814_004
Skipping PBE solver for non-charge conformer ILE01A0815_001...
Skipping PBE solver for non-charge conformer LEU01A0816_001...
ForkPoolWorker-1: Calling delphi to calculate conformer MET01A0817_001 in /tmp/pbe_data.data.home.granepura.5-kinases.cof_tpl_mg.run_kin.3zos_MET01A0817_001
ForkPoolWorker-1: Calling delphi to calculate conformer LYS01A0819_001 in /tmp/pbe_data.data.home.granepura.5-kinases.cof_tpl_mg.run_kin.3zos_LYS01A0819_001
ForkPoolWorker-1: Calling delphi to calculate conformer LYS+1A0819_002 in /tmp/pbe_data.data.home.granepura.5-kinases.cof_tpl_mg.run_kin.3zos_LYS+1A0819_002
Skipping PBE solver for non-charge conformer PHE01A0820_001...
ForkPoolWorker-1: Calling delphi to calculate conformer THR01A0821_001 in /tmp/pbe_data.data.home.granepura.5-kinases.cof_tpl_mg.run_kin.3zos_THR01A0821_001
ForkPoolWorker-1: Calling delphi to calculate conformer THR01A0822_001 in /tmp/pbe_data.data.home.granepura.5-kinases.cof_tpl_mg.run_kin.3zos_THR01A0822_001
Skipping PBE solver for non-charge conformer ALA01A0823_001...
ForkPoolWorker-1: Calling delphi to calculate conformer SER01A0824_001 in /tmp/pbe_data.data.home.granepura.5-kinases.cof_tpl_mg.run_kin.3zos_SER01A0824_001
ForkPoolWorker-1: Calling delphi to calculate conformer SER01A0824_002 in /tmp/pbe_data.data.home.granepura.5-kinases.cof_tpl_mg.run_kin.3zos_SER01A0824_002
ForkPoolWorker-1: Calling delphi to calculate conformer SER01A0824_003 in /tmp/pbe_data.data.home.granepura.5-kinases.cof_tpl_mg.run_kin.3zos_SER01A0824_003
ForkPoolWorker-1: Calling delphi to calculate conformer ASP01A0825_001 in /tmp/pbe_data.data.home.granepura.5-kinases.cof_tpl_mg.run_kin.3zos_ASP01A0825_001
ForkPoolWorker-1: Calling delphi to calculate conformer ASP01A0825_002 in /tmp/pbe_data.data.home.granepura.5-kinases.cof_tpl_mg.run_kin.3zos_ASP01A0825_002
ForkPoolWorker-1: Calling delphi to calculate conformer ASP02A0825_003 in /tmp/pbe_data.data.home.granepura.5-kinases.cof_tpl_mg.run_kin.3zos_ASP02A0825_003
ForkPoolWorker-1: Calling delphi to calculate conformer ASP02A0825_004 in /tmp/pbe_data.data.home.granepura.5-kinases.cof_tpl_mg.run_kin.3zos_ASP02A0825_004
ForkPoolWorker-1: Calling delphi to calculate conformer ASP-1A0825_005 in /tmp/pbe_data.data.home.granepura.5-kinases.cof_tpl_mg.run_kin.3zos_ASP-1A0825_005
Skipping PBE solver for non-charge conformer VAL01A0826_001...
Skipping PBE solver for non-charge conformer TRP01A0827_001...
Skipping PBE solver for non-charge conformer ALA01A0828_001...
Skipping PBE solver for non-charge conformer PHE01A0829_001...
Skipping PBE solver for non-charge conformer VAL01A0831_001...
ForkPoolWorker-1: Calling delphi to calculate conformer THR01A0832_001 in /tmp/pbe_data.data.home.granepura.5-kinases.cof_tpl_mg.run_kin.3zos_THR01A0832_001
ForkPoolWorker-1: Calling delphi to calculate conformer THR01A0832_002 in /tmp/pbe_data.data.home.granepura.5-kinases.cof_tpl_mg.run_kin.3zos_THR01A0832_002
ForkPoolWorker-1: Calling delphi to calculate conformer THR01A0832_003 in /tmp/pbe_data.data.home.granepura.5-kinases.cof_tpl_mg.run_kin.3zos_THR01A0832_003
Skipping PBE solver for non-charge conformer LEU01A0833_001...
Skipping PBE solver for non-charge conformer TRP01A0834_001...
ForkPoolWorker-1: Calling delphi to calculate conformer GLU01A0835_001 in /tmp/pbe_data.data.home.granepura.5-kinases.cof_tpl_mg.run_kin.3zos_GLU01A0835_001
ForkPoolWorker-1: Calling delphi to calculate conformer GLU01A0835_002 in /tmp/pbe_data.data.home.granepura.5-kinases.cof_tpl_mg.run_kin.3zos_GLU01A0835_002
ForkPoolWorker-1: Calling delphi to calculate conformer GLU02A0835_003 in /tmp/pbe_data.data.home.granepura.5-kinases.cof_tpl_mg.run_kin.3zos_GLU02A0835_003
ForkPoolWorker-1: Calling delphi to calculate conformer GLU02A0835_004 in /tmp/pbe_data.data.home.granepura.5-kinases.cof_tpl_mg.run_kin.3zos_GLU02A0835_004
ForkPoolWorker-1: Calling delphi to calculate conformer GLU-1A0835_005 in /tmp/pbe_data.data.home.granepura.5-kinases.cof_tpl_mg.run_kin.3zos_GLU-1A0835_005
Skipping PBE solver for non-charge conformer VAL01A0836_001...
Skipping PBE solver for non-charge conformer LEU01A0837_001...
ForkPoolWorker-1: Calling delphi to calculate conformer MET01A0838_001 in /tmp/pbe_data.data.home.granepura.5-kinases.cof_tpl_mg.run_kin.3zos_MET01A0838_001
Skipping PBE solver for non-charge conformer LEU01A0839_001...
ForkPoolWorker-1: Calling delphi to calculate conformer CYS01A0840_001 in /tmp/pbe_data.data.home.granepura.5-kinases.cof_tpl_mg.run_kin.3zos_CYS01A0840_001
ForkPoolWorker-1: Calling delphi to calculate conformer CYS01A0840_002 in /tmp/pbe_data.data.home.granepura.5-kinases.cof_tpl_mg.run_kin.3zos_CYS01A0840_002
ForkPoolWorker-1: Calling delphi to calculate conformer CYS01A0840_003 in /tmp/pbe_data.data.home.granepura.5-kinases.cof_tpl_mg.run_kin.3zos_CYS01A0840_003
ForkPoolWorker-1: Calling delphi to calculate conformer CYS-1A0840_004 in /tmp/pbe_data.data.home.granepura.5-kinases.cof_tpl_mg.run_kin.3zos_CYS-1A0840_004
ForkPoolWorker-1: Calling delphi to calculate conformer ARG01A0841_001 in /tmp/pbe_data.data.home.granepura.5-kinases.cof_tpl_mg.run_kin.3zos_ARG01A0841_001
ForkPoolWorker-1: Calling delphi to calculate conformer ARG02A0841_002 in /tmp/pbe_data.data.home.granepura.5-kinases.cof_tpl_mg.run_kin.3zos_ARG02A0841_002
ForkPoolWorker-1: Calling delphi to calculate conformer ARG03A0841_003 in /tmp/pbe_data.data.home.granepura.5-kinases.cof_tpl_mg.run_kin.3zos_ARG03A0841_003
ForkPoolWorker-1: Calling delphi to calculate conformer ARG03A0841_004 in /tmp/pbe_data.data.home.granepura.5-kinases.cof_tpl_mg.run_kin.3zos_ARG03A0841_004
ForkPoolWorker-1: Calling delphi to calculate conformer ARG+1A0841_005 in /tmp/pbe_data.data.home.granepura.5-kinases.cof_tpl_mg.run_kin.3zos_ARG+1A0841_005
Skipping PBE solver for non-charge conformer ALA01A0842_001...
ForkPoolWorker-1: Calling delphi to calculate conformer GLN01A0843_001 in /tmp/pbe_data.data.home.granepura.5-kinases.cof_tpl_mg.run_kin.3zos_GLN01A0843_001
ForkPoolWorker-1: Calling delphi to calculate conformer GLN01A0843_002 in /tmp/pbe_data.data.home.granepura.5-kinases.cof_tpl_mg.run_kin.3zos_GLN01A0843_002
Skipping PBE solver for non-charge conformer PRO01A0844_001...
Skipping PBE solver for non-charge conformer PHE01A0845_001...
ForkPoolWorker-1: Calling delphi to calculate conformer GLN01A0847_001 in /tmp/pbe_data.data.home.granepura.5-kinases.cof_tpl_mg.run_kin.3zos_GLN01A0847_001
Skipping PBE solver for non-charge conformer LEU01A0848_001...
ForkPoolWorker-1: Calling delphi to calculate conformer THR01A0849_001 in /tmp/pbe_data.data.home.granepura.5-kinases.cof_tpl_mg.run_kin.3zos_THR01A0849_001
ForkPoolWorker-1: Calling delphi to calculate conformer THR01A0849_002 in /tmp/pbe_data.data.home.granepura.5-kinases.cof_tpl_mg.run_kin.3zos_THR01A0849_002
ForkPoolWorker-1: Calling delphi to calculate conformer THR01A0849_003 in /tmp/pbe_data.data.home.granepura.5-kinases.cof_tpl_mg.run_kin.3zos_THR01A0849_003
ForkPoolWorker-1: Calling delphi to calculate conformer ASP01A0850_001 in /tmp/pbe_data.data.home.granepura.5-kinases.cof_tpl_mg.run_kin.3zos_ASP01A0850_001
ForkPoolWorker-1: Calling delphi to calculate conformer ASP01A0850_002 in /tmp/pbe_data.data.home.granepura.5-kinases.cof_tpl_mg.run_kin.3zos_ASP01A0850_002
ForkPoolWorker-1: Calling delphi to calculate conformer ASP02A0850_003 in /tmp/pbe_data.data.home.granepura.5-kinases.cof_tpl_mg.run_kin.3zos_ASP02A0850_003
ForkPoolWorker-1: Calling delphi to calculate conformer ASP02A0850_004 in /tmp/pbe_data.data.home.granepura.5-kinases.cof_tpl_mg.run_kin.3zos_ASP02A0850_004
ForkPoolWorker-1: Calling delphi to calculate conformer ASP-1A0850_005 in /tmp/pbe_data.data.home.granepura.5-kinases.cof_tpl_mg.run_kin.3zos_ASP-1A0850_005
ForkPoolWorker-1: Calling delphi to calculate conformer GLU01A0851_001 in /tmp/pbe_data.data.home.granepura.5-kinases.cof_tpl_mg.run_kin.3zos_GLU01A0851_001
ForkPoolWorker-1: Calling delphi to calculate conformer GLU01A0851_002 in /tmp/pbe_data.data.home.granepura.5-kinases.cof_tpl_mg.run_kin.3zos_GLU01A0851_002
ForkPoolWorker-1: Calling delphi to calculate conformer GLU02A0851_003 in /tmp/pbe_data.data.home.granepura.5-kinases.cof_tpl_mg.run_kin.3zos_GLU02A0851_003
ForkPoolWorker-1: Calling delphi to calculate conformer GLU02A0851_004 in /tmp/pbe_data.data.home.granepura.5-kinases.cof_tpl_mg.run_kin.3zos_GLU02A0851_004
ForkPoolWorker-1: Calling delphi to calculate conformer GLU-1A0851_005 in /tmp/pbe_data.data.home.granepura.5-kinases.cof_tpl_mg.run_kin.3zos_GLU-1A0851_005
ForkPoolWorker-1: Calling delphi to calculate conformer GLN01A0852_001 in /tmp/pbe_data.data.home.granepura.5-kinases.cof_tpl_mg.run_kin.3zos_GLN01A0852_001
ForkPoolWorker-1: Calling delphi to calculate conformer GLN01A0852_002 in /tmp/pbe_data.data.home.granepura.5-kinases.cof_tpl_mg.run_kin.3zos_GLN01A0852_002
Skipping PBE solver for non-charge conformer VAL01A0853_001...
Skipping PBE solver for non-charge conformer ILE01A0854_001...
ForkPoolWorker-1: Calling delphi to calculate conformer GLU01A0855_001 in /tmp/pbe_data.data.home.granepura.5-kinases.cof_tpl_mg.run_kin.3zos_GLU01A0855_001
ForkPoolWorker-1: Calling delphi to calculate conformer GLU01A0855_002 in /tmp/pbe_data.data.home.granepura.5-kinases.cof_tpl_mg.run_kin.3zos_GLU01A0855_002
ForkPoolWorker-1: Calling delphi to calculate conformer GLU02A0855_003 in /tmp/pbe_data.data.home.granepura.5-kinases.cof_tpl_mg.run_kin.3zos_GLU02A0855_003
ForkPoolWorker-1: Calling delphi to calculate conformer GLU02A0855_004 in /tmp/pbe_data.data.home.granepura.5-kinases.cof_tpl_mg.run_kin.3zos_GLU02A0855_004
ForkPoolWorker-1: Calling delphi to calculate conformer GLU-1A0855_005 in /tmp/pbe_data.data.home.granepura.5-kinases.cof_tpl_mg.run_kin.3zos_GLU-1A0855_005
ForkPoolWorker-1: Calling delphi to calculate conformer ASN01A0856_001 in /tmp/pbe_data.data.home.granepura.5-kinases.cof_tpl_mg.run_kin.3zos_ASN01A0856_001
Skipping PBE solver for non-charge conformer ALA01A0857_001...
ForkPoolWorker-1: Calling delphi to calculate conformer GLU01A0859_001 in /tmp/pbe_data.data.home.granepura.5-kinases.cof_tpl_mg.run_kin.3zos_GLU01A0859_001
ForkPoolWorker-1: Calling delphi to calculate conformer GLU01A0859_002 in /tmp/pbe_data.data.home.granepura.5-kinases.cof_tpl_mg.run_kin.3zos_GLU01A0859_002
ForkPoolWorker-1: Calling delphi to calculate conformer GLU02A0859_003 in /tmp/pbe_data.data.home.granepura.5-kinases.cof_tpl_mg.run_kin.3zos_GLU02A0859_003
ForkPoolWorker-1: Calling delphi to calculate conformer GLU02A0859_004 in /tmp/pbe_data.data.home.granepura.5-kinases.cof_tpl_mg.run_kin.3zos_GLU02A0859_004
ForkPoolWorker-1: Calling delphi to calculate conformer GLU-1A0859_005 in /tmp/pbe_data.data.home.granepura.5-kinases.cof_tpl_mg.run_kin.3zos_GLU-1A0859_005
Skipping PBE solver for non-charge conformer PHE01A0860_001...
Skipping PBE solver for non-charge conformer PHE01A0861_001...
ForkPoolWorker-1: Calling delphi to calculate conformer ARG01A0862_001 in /tmp/pbe_data.data.home.granepura.5-kinases.cof_tpl_mg.run_kin.3zos_ARG01A0862_001
ForkPoolWorker-1: Calling delphi to calculate conformer ARG02A0862_002 in /tmp/pbe_data.data.home.granepura.5-kinases.cof_tpl_mg.run_kin.3zos_ARG02A0862_002
ForkPoolWorker-1: Calling delphi to calculate conformer ARG02A0862_003 in /tmp/pbe_data.data.home.granepura.5-kinases.cof_tpl_mg.run_kin.3zos_ARG02A0862_003
ForkPoolWorker-1: Calling delphi to calculate conformer ARG03A0862_004 in /tmp/pbe_data.data.home.granepura.5-kinases.cof_tpl_mg.run_kin.3zos_ARG03A0862_004
ForkPoolWorker-1: Calling delphi to calculate conformer ARG03A0862_005 in /tmp/pbe_data.data.home.granepura.5-kinases.cof_tpl_mg.run_kin.3zos_ARG03A0862_005
ForkPoolWorker-1: Calling delphi to calculate conformer ARG+1A0862_006 in /tmp/pbe_data.data.home.granepura.5-kinases.cof_tpl_mg.run_kin.3zos_ARG+1A0862_006
ForkPoolWorker-1: Calling delphi to calculate conformer ASP01A0863_001 in /tmp/pbe_data.data.home.granepura.5-kinases.cof_tpl_mg.run_kin.3zos_ASP01A0863_001
ForkPoolWorker-1: Calling delphi to calculate conformer ASP01A0863_002 in /tmp/pbe_data.data.home.granepura.5-kinases.cof_tpl_mg.run_kin.3zos_ASP01A0863_002
ForkPoolWorker-1: Calling delphi to calculate conformer ASP02A0863_003 in /tmp/pbe_data.data.home.granepura.5-kinases.cof_tpl_mg.run_kin.3zos_ASP02A0863_003
ForkPoolWorker-1: Calling delphi to calculate conformer ASP02A0863_004 in /tmp/pbe_data.data.home.granepura.5-kinases.cof_tpl_mg.run_kin.3zos_ASP02A0863_004
ForkPoolWorker-1: Calling delphi to calculate conformer ASP-1A0863_005 in /tmp/pbe_data.data.home.granepura.5-kinases.cof_tpl_mg.run_kin.3zos_ASP-1A0863_005
ForkPoolWorker-1: Calling delphi to calculate conformer GLN01A0864_001 in /tmp/pbe_data.data.home.granepura.5-kinases.cof_tpl_mg.run_kin.3zos_GLN01A0864_001
ForkPoolWorker-1: Calling delphi to calculate conformer ARG01A0866_001 in /tmp/pbe_data.data.home.granepura.5-kinases.cof_tpl_mg.run_kin.3zos_ARG01A0866_001
ForkPoolWorker-1: Calling delphi to calculate conformer ARG02A0866_002 in /tmp/pbe_data.data.home.granepura.5-kinases.cof_tpl_mg.run_kin.3zos_ARG02A0866_002
ForkPoolWorker-1: Calling delphi to calculate conformer ARG02A0866_003 in /tmp/pbe_data.data.home.granepura.5-kinases.cof_tpl_mg.run_kin.3zos_ARG02A0866_003
ForkPoolWorker-1: Calling delphi to calculate conformer ARG03A0866_004 in /tmp/pbe_data.data.home.granepura.5-kinases.cof_tpl_mg.run_kin.3zos_ARG03A0866_004
ForkPoolWorker-1: Calling delphi to calculate conformer ARG03A0866_005 in /tmp/pbe_data.data.home.granepura.5-kinases.cof_tpl_mg.run_kin.3zos_ARG03A0866_005
ForkPoolWorker-1: Calling delphi to calculate conformer ARG+1A0866_006 in /tmp/pbe_data.data.home.granepura.5-kinases.cof_tpl_mg.run_kin.3zos_ARG+1A0866_006
ForkPoolWorker-1: Calling delphi to calculate conformer GLN01A0867_001 in /tmp/pbe_data.data.home.granepura.5-kinases.cof_tpl_mg.run_kin.3zos_GLN01A0867_001
ForkPoolWorker-1: Calling delphi to calculate conformer GLN01A0867_002 in /tmp/pbe_data.data.home.granepura.5-kinases.cof_tpl_mg.run_kin.3zos_GLN01A0867_002
Skipping PBE solver for non-charge conformer VAL01A0868_001...
ForkPoolWorker-1: Calling delphi to calculate conformer TYR01A0869_001 in /tmp/pbe_data.data.home.granepura.5-kinases.cof_tpl_mg.run_kin.3zos_TYR01A0869_001
ForkPoolWorker-1: Calling delphi to calculate conformer TYR-1A0869_002 in /tmp/pbe_data.data.home.granepura.5-kinases.cof_tpl_mg.run_kin.3zos_TYR-1A0869_002
Skipping PBE solver for non-charge conformer LEU01A0870_001...
ForkPoolWorker-1: Calling delphi to calculate conformer SER01A0871_001 in /tmp/pbe_data.data.home.granepura.5-kinases.cof_tpl_mg.run_kin.3zos_SER01A0871_001
ForkPoolWorker-1: Calling delphi to calculate conformer ARG01A0872_001 in /tmp/pbe_data.data.home.granepura.5-kinases.cof_tpl_mg.run_kin.3zos_ARG01A0872_001
ForkPoolWorker-1: Calling delphi to calculate conformer ARG02A0872_002 in /tmp/pbe_data.data.home.granepura.5-kinases.cof_tpl_mg.run_kin.3zos_ARG02A0872_002
ForkPoolWorker-1: Calling delphi to calculate conformer ARG02A0872_003 in /tmp/pbe_data.data.home.granepura.5-kinases.cof_tpl_mg.run_kin.3zos_ARG02A0872_003
ForkPoolWorker-1: Calling delphi to calculate conformer ARG03A0872_004 in /tmp/pbe_data.data.home.granepura.5-kinases.cof_tpl_mg.run_kin.3zos_ARG03A0872_004
ForkPoolWorker-1: Calling delphi to calculate conformer ARG+1A0872_005 in /tmp/pbe_data.data.home.granepura.5-kinases.cof_tpl_mg.run_kin.3zos_ARG+1A0872_005
Skipping PBE solver for non-charge conformer PRO01A0873_001...
Skipping PBE solver for non-charge conformer PRO01A0874_001...
Skipping PBE solver for non-charge conformer ALA01A0875_001...
ForkPoolWorker-1: Calling delphi to calculate conformer CYS01A0876_001 in /tmp/pbe_data.data.home.granepura.5-kinases.cof_tpl_mg.run_kin.3zos_CYS01A0876_001
ForkPoolWorker-1: Calling delphi to calculate conformer CYS01A0876_002 in /tmp/pbe_data.data.home.granepura.5-kinases.cof_tpl_mg.run_kin.3zos_CYS01A0876_002
ForkPoolWorker-1: Calling delphi to calculate conformer CYS01A0876_003 in /tmp/pbe_data.data.home.granepura.5-kinases.cof_tpl_mg.run_kin.3zos_CYS01A0876_003
ForkPoolWorker-1: Calling delphi to calculate conformer CYS-1A0876_004 in /tmp/pbe_data.data.home.granepura.5-kinases.cof_tpl_mg.run_kin.3zos_CYS-1A0876_004
Skipping PBE solver for non-charge conformer PRO01A0877_001...
ForkPoolWorker-1: Calling delphi to calculate conformer GLN01A0878_001 in /tmp/pbe_data.data.home.granepura.5-kinases.cof_tpl_mg.run_kin.3zos_GLN01A0878_001
ForkPoolWorker-1: Calling delphi to calculate conformer GLN01A0878_002 in /tmp/pbe_data.data.home.granepura.5-kinases.cof_tpl_mg.run_kin.3zos_GLN01A0878_002
Skipping PBE solver for non-charge conformer LEU01A0880_001...
ForkPoolWorker-1: Calling delphi to calculate conformer TYR01A0881_001 in /tmp/pbe_data.data.home.granepura.5-kinases.cof_tpl_mg.run_kin.3zos_TYR01A0881_001
ForkPoolWorker-1: Calling delphi to calculate conformer TYR01A0881_002 in /tmp/pbe_data.data.home.granepura.5-kinases.cof_tpl_mg.run_kin.3zos_TYR01A0881_002
ForkPoolWorker-1: Calling delphi to calculate conformer TYR-1A0881_003 in /tmp/pbe_data.data.home.granepura.5-kinases.cof_tpl_mg.run_kin.3zos_TYR-1A0881_003
ForkPoolWorker-1: Calling delphi to calculate conformer GLU01A0882_001 in /tmp/pbe_data.data.home.granepura.5-kinases.cof_tpl_mg.run_kin.3zos_GLU01A0882_001
ForkPoolWorker-1: Calling delphi to calculate conformer GLU01A0882_002 in /tmp/pbe_data.data.home.granepura.5-kinases.cof_tpl_mg.run_kin.3zos_GLU01A0882_002
ForkPoolWorker-1: Calling delphi to calculate conformer GLU02A0882_003 in /tmp/pbe_data.data.home.granepura.5-kinases.cof_tpl_mg.run_kin.3zos_GLU02A0882_003
ForkPoolWorker-1: Calling delphi to calculate conformer GLU02A0882_004 in /tmp/pbe_data.data.home.granepura.5-kinases.cof_tpl_mg.run_kin.3zos_GLU02A0882_004
ForkPoolWorker-1: Calling delphi to calculate conformer GLU-1A0882_005 in /tmp/pbe_data.data.home.granepura.5-kinases.cof_tpl_mg.run_kin.3zos_GLU-1A0882_005
Skipping PBE solver for non-charge conformer LEU01A0883_001...
ForkPoolWorker-1: Calling delphi to calculate conformer MET01A0884_001 in /tmp/pbe_data.data.home.granepura.5-kinases.cof_tpl_mg.run_kin.3zos_MET01A0884_001
Skipping PBE solver for non-charge conformer LEU01A0885_001...
ForkPoolWorker-1: Calling delphi to calculate conformer ARG01A0886_001 in /tmp/pbe_data.data.home.granepura.5-kinases.cof_tpl_mg.run_kin.3zos_ARG01A0886_001
ForkPoolWorker-1: Calling delphi to calculate conformer ARG02A0886_002 in /tmp/pbe_data.data.home.granepura.5-kinases.cof_tpl_mg.run_kin.3zos_ARG02A0886_002
ForkPoolWorker-1: Calling delphi to calculate conformer ARG03A0886_003 in /tmp/pbe_data.data.home.granepura.5-kinases.cof_tpl_mg.run_kin.3zos_ARG03A0886_003
ForkPoolWorker-1: Calling delphi to calculate conformer ARG+1A0886_004 in /tmp/pbe_data.data.home.granepura.5-kinases.cof_tpl_mg.run_kin.3zos_ARG+1A0886_004
ForkPoolWorker-1: Calling delphi to calculate conformer CYS01A0887_001 in /tmp/pbe_data.data.home.granepura.5-kinases.cof_tpl_mg.run_kin.3zos_CYS01A0887_001
ForkPoolWorker-1: Calling delphi to calculate conformer CYS01A0887_002 in /tmp/pbe_data.data.home.granepura.5-kinases.cof_tpl_mg.run_kin.3zos_CYS01A0887_002
ForkPoolWorker-1: Calling delphi to calculate conformer CYS01A0887_003 in /tmp/pbe_data.data.home.granepura.5-kinases.cof_tpl_mg.run_kin.3zos_CYS01A0887_003
ForkPoolWorker-1: Calling delphi to calculate conformer CYS-1A0887_004 in /tmp/pbe_data.data.home.granepura.5-kinases.cof_tpl_mg.run_kin.3zos_CYS-1A0887_004
Skipping PBE solver for non-charge conformer TRP01A0888_001...
ForkPoolWorker-1: Calling delphi to calculate conformer SER01A0889_001 in /tmp/pbe_data.data.home.granepura.5-kinases.cof_tpl_mg.run_kin.3zos_SER01A0889_001
ForkPoolWorker-1: Calling delphi to calculate conformer SER01A0889_002 in /tmp/pbe_data.data.home.granepura.5-kinases.cof_tpl_mg.run_kin.3zos_SER01A0889_002
ForkPoolWorker-1: Calling delphi to calculate conformer ARG01A0890_001 in /tmp/pbe_data.data.home.granepura.5-kinases.cof_tpl_mg.run_kin.3zos_ARG01A0890_001
ForkPoolWorker-1: Calling delphi to calculate conformer ARG02A0890_002 in /tmp/pbe_data.data.home.granepura.5-kinases.cof_tpl_mg.run_kin.3zos_ARG02A0890_002
ForkPoolWorker-1: Calling delphi to calculate conformer ARG02A0890_003 in /tmp/pbe_data.data.home.granepura.5-kinases.cof_tpl_mg.run_kin.3zos_ARG02A0890_003
ForkPoolWorker-1: Calling delphi to calculate conformer ARG03A0890_004 in /tmp/pbe_data.data.home.granepura.5-kinases.cof_tpl_mg.run_kin.3zos_ARG03A0890_004
ForkPoolWorker-1: Calling delphi to calculate conformer ARG03A0890_005 in /tmp/pbe_data.data.home.granepura.5-kinases.cof_tpl_mg.run_kin.3zos_ARG03A0890_005
ForkPoolWorker-1: Calling delphi to calculate conformer ARG+1A0890_006 in /tmp/pbe_data.data.home.granepura.5-kinases.cof_tpl_mg.run_kin.3zos_ARG+1A0890_006
ForkPoolWorker-1: Calling delphi to calculate conformer GLU01A0891_001 in /tmp/pbe_data.data.home.granepura.5-kinases.cof_tpl_mg.run_kin.3zos_GLU01A0891_001
ForkPoolWorker-1: Calling delphi to calculate conformer GLU01A0891_002 in /tmp/pbe_data.data.home.granepura.5-kinases.cof_tpl_mg.run_kin.3zos_GLU01A0891_002
ForkPoolWorker-1: Calling delphi to calculate conformer GLU02A0891_003 in /tmp/pbe_data.data.home.granepura.5-kinases.cof_tpl_mg.run_kin.3zos_GLU02A0891_003
ForkPoolWorker-1: Calling delphi to calculate conformer GLU02A0891_004 in /tmp/pbe_data.data.home.granepura.5-kinases.cof_tpl_mg.run_kin.3zos_GLU02A0891_004
ForkPoolWorker-1: Calling delphi to calculate conformer GLU-1A0891_005 in /tmp/pbe_data.data.home.granepura.5-kinases.cof_tpl_mg.run_kin.3zos_GLU-1A0891_005
ForkPoolWorker-1: Calling delphi to calculate conformer SER01A0892_001 in /tmp/pbe_data.data.home.granepura.5-kinases.cof_tpl_mg.run_kin.3zos_SER01A0892_001
ForkPoolWorker-1: Calling delphi to calculate conformer GLU01A0893_001 in /tmp/pbe_data.data.home.granepura.5-kinases.cof_tpl_mg.run_kin.3zos_GLU01A0893_001
ForkPoolWorker-1: Calling delphi to calculate conformer GLU01A0893_002 in /tmp/pbe_data.data.home.granepura.5-kinases.cof_tpl_mg.run_kin.3zos_GLU01A0893_002
ForkPoolWorker-1: Calling delphi to calculate conformer GLU02A0893_003 in /tmp/pbe_data.data.home.granepura.5-kinases.cof_tpl_mg.run_kin.3zos_GLU02A0893_003
ForkPoolWorker-1: Calling delphi to calculate conformer GLU02A0893_004 in /tmp/pbe_data.data.home.granepura.5-kinases.cof_tpl_mg.run_kin.3zos_GLU02A0893_004
ForkPoolWorker-1: Calling delphi to calculate conformer GLU-1A0893_005 in /tmp/pbe_data.data.home.granepura.5-kinases.cof_tpl_mg.run_kin.3zos_GLU-1A0893_005
ForkPoolWorker-1: Calling delphi to calculate conformer GLN01A0894_001 in /tmp/pbe_data.data.home.granepura.5-kinases.cof_tpl_mg.run_kin.3zos_GLN01A0894_001
ForkPoolWorker-1: Calling delphi to calculate conformer GLN01A0894_002 in /tmp/pbe_data.data.home.granepura.5-kinases.cof_tpl_mg.run_kin.3zos_GLN01A0894_002
ForkPoolWorker-1: Calling delphi to calculate conformer ARG01A0895_001 in /tmp/pbe_data.data.home.granepura.5-kinases.cof_tpl_mg.run_kin.3zos_ARG01A0895_001
ForkPoolWorker-1: Calling delphi to calculate conformer ARG02A0895_002 in /tmp/pbe_data.data.home.granepura.5-kinases.cof_tpl_mg.run_kin.3zos_ARG02A0895_002
ForkPoolWorker-1: Calling delphi to calculate conformer ARG02A0895_003 in /tmp/pbe_data.data.home.granepura.5-kinases.cof_tpl_mg.run_kin.3zos_ARG02A0895_003
ForkPoolWorker-1: Calling delphi to calculate conformer ARG03A0895_004 in /tmp/pbe_data.data.home.granepura.5-kinases.cof_tpl_mg.run_kin.3zos_ARG03A0895_004
ForkPoolWorker-1: Calling delphi to calculate conformer ARG03A0895_005 in /tmp/pbe_data.data.home.granepura.5-kinases.cof_tpl_mg.run_kin.3zos_ARG03A0895_005
ForkPoolWorker-1: Calling delphi to calculate conformer ARG+1A0895_006 in /tmp/pbe_data.data.home.granepura.5-kinases.cof_tpl_mg.run_kin.3zos_ARG+1A0895_006
Skipping PBE solver for non-charge conformer PRO01A0896_001...
Skipping PBE solver for non-charge conformer PRO01A0897_001...
Skipping PBE solver for non-charge conformer PHE01A0898_001...
ForkPoolWorker-1: Calling delphi to calculate conformer SER01A0899_001 in /tmp/pbe_data.data.home.granepura.5-kinases.cof_tpl_mg.run_kin.3zos_SER01A0899_001
ForkPoolWorker-1: Calling delphi to calculate conformer GLN01A0900_001 in /tmp/pbe_data.data.home.granepura.5-kinases.cof_tpl_mg.run_kin.3zos_GLN01A0900_001
ForkPoolWorker-1: Calling delphi to calculate conformer GLN01A0900_002 in /tmp/pbe_data.data.home.granepura.5-kinases.cof_tpl_mg.run_kin.3zos_GLN01A0900_002
Skipping PBE solver for non-charge conformer LEU01A0901_001...
ForkPoolWorker-1: Calling delphi to calculate conformer HIS01A0902_001 in /tmp/pbe_data.data.home.granepura.5-kinases.cof_tpl_mg.run_kin.3zos_HIS01A0902_001
ForkPoolWorker-1: Calling delphi to calculate conformer HIS01A0902_002 in /tmp/pbe_data.data.home.granepura.5-kinases.cof_tpl_mg.run_kin.3zos_HIS01A0902_002
ForkPoolWorker-1: Calling delphi to calculate conformer HIS02A0902_003 in /tmp/pbe_data.data.home.granepura.5-kinases.cof_tpl_mg.run_kin.3zos_HIS02A0902_003
ForkPoolWorker-1: Calling delphi to calculate conformer HIS02A0902_004 in /tmp/pbe_data.data.home.granepura.5-kinases.cof_tpl_mg.run_kin.3zos_HIS02A0902_004
ForkPoolWorker-1: Calling delphi to calculate conformer HIS+1A0902_005 in /tmp/pbe_data.data.home.granepura.5-kinases.cof_tpl_mg.run_kin.3zos_HIS+1A0902_005
ForkPoolWorker-1: Calling delphi to calculate conformer HIS+1A0902_006 in /tmp/pbe_data.data.home.granepura.5-kinases.cof_tpl_mg.run_kin.3zos_HIS+1A0902_006
ForkPoolWorker-1: Calling delphi to calculate conformer ARG01A0903_001 in /tmp/pbe_data.data.home.granepura.5-kinases.cof_tpl_mg.run_kin.3zos_ARG01A0903_001
ForkPoolWorker-1: Calling delphi to calculate conformer ARG02A0903_002 in /tmp/pbe_data.data.home.granepura.5-kinases.cof_tpl_mg.run_kin.3zos_ARG02A0903_002
ForkPoolWorker-1: Calling delphi to calculate conformer ARG03A0903_003 in /tmp/pbe_data.data.home.granepura.5-kinases.cof_tpl_mg.run_kin.3zos_ARG03A0903_003
ForkPoolWorker-1: Calling delphi to calculate conformer ARG03A0903_004 in /tmp/pbe_data.data.home.granepura.5-kinases.cof_tpl_mg.run_kin.3zos_ARG03A0903_004
ForkPoolWorker-1: Calling delphi to calculate conformer ARG+1A0903_005 in /tmp/pbe_data.data.home.granepura.5-kinases.cof_tpl_mg.run_kin.3zos_ARG+1A0903_005
Skipping PBE solver for non-charge conformer PHE01A0904_001...
Skipping PBE solver for non-charge conformer LEU01A0905_001...
Skipping PBE solver for non-charge conformer ALA01A0906_001...
ForkPoolWorker-1: Calling delphi to calculate conformer GLU01A0907_001 in /tmp/pbe_data.data.home.granepura.5-kinases.cof_tpl_mg.run_kin.3zos_GLU01A0907_001
ForkPoolWorker-1: Calling delphi to calculate conformer GLU01A0907_002 in /tmp/pbe_data.data.home.granepura.5-kinases.cof_tpl_mg.run_kin.3zos_GLU01A0907_002
ForkPoolWorker-1: Calling delphi to calculate conformer GLU02A0907_003 in /tmp/pbe_data.data.home.granepura.5-kinases.cof_tpl_mg.run_kin.3zos_GLU02A0907_003
ForkPoolWorker-1: Calling delphi to calculate conformer GLU02A0907_004 in /tmp/pbe_data.data.home.granepura.5-kinases.cof_tpl_mg.run_kin.3zos_GLU02A0907_004
ForkPoolWorker-1: Calling delphi to calculate conformer GLU-1A0907_005 in /tmp/pbe_data.data.home.granepura.5-kinases.cof_tpl_mg.run_kin.3zos_GLU-1A0907_005
ForkPoolWorker-1: Calling delphi to calculate conformer ASP01A0908_001 in /tmp/pbe_data.data.home.granepura.5-kinases.cof_tpl_mg.run_kin.3zos_ASP01A0908_001
ForkPoolWorker-1: Calling delphi to calculate conformer ASP01A0908_002 in /tmp/pbe_data.data.home.granepura.5-kinases.cof_tpl_mg.run_kin.3zos_ASP01A0908_002
ForkPoolWorker-1: Calling delphi to calculate conformer ASP02A0908_003 in /tmp/pbe_data.data.home.granepura.5-kinases.cof_tpl_mg.run_kin.3zos_ASP02A0908_003
ForkPoolWorker-1: Calling delphi to calculate conformer ASP02A0908_004 in /tmp/pbe_data.data.home.granepura.5-kinases.cof_tpl_mg.run_kin.3zos_ASP02A0908_004
ForkPoolWorker-1: Calling delphi to calculate conformer ASP-1A0908_005 in /tmp/pbe_data.data.home.granepura.5-kinases.cof_tpl_mg.run_kin.3zos_ASP-1A0908_005
Skipping PBE solver for non-charge conformer ALA01A0909_001...
Skipping PBE solver for non-charge conformer LEU01A0910_001...
ForkPoolWorker-1: Calling delphi to calculate conformer ASN01A0911_001 in /tmp/pbe_data.data.home.granepura.5-kinases.cof_tpl_mg.run_kin.3zos_ASN01A0911_001
ForkPoolWorker-1: Calling delphi to calculate conformer ASN01A0911_002 in /tmp/pbe_data.data.home.granepura.5-kinases.cof_tpl_mg.run_kin.3zos_ASN01A0911_002
ForkPoolWorker-1: Calling delphi to calculate conformer THR01A0912_001 in /tmp/pbe_data.data.home.granepura.5-kinases.cof_tpl_mg.run_kin.3zos_THR01A0912_001
ForkPoolWorker-1: Calling delphi to calculate conformer THR01A0912_002 in /tmp/pbe_data.data.home.granepura.5-kinases.cof_tpl_mg.run_kin.3zos_THR01A0912_002
Skipping PBE solver for non-charge conformer VAL01A0913_001...
ForkPoolWorker-1: Calling delphi to calculate conformer 0LI01A1000_001 in /tmp/pbe_data.data.home.granepura.5-kinases.cof_tpl_mg.run_kin.3zos_0LI01A1000_001
ForkPoolWorker-1: Calling delphi to calculate conformer 0LI01A1000_002 in /tmp/pbe_data.data.home.granepura.5-kinases.cof_tpl_mg.run_kin.3zos_0LI01A1000_002
ForkPoolWorker-1: Calling delphi to calculate conformer 0LI+1A1000_003 in /tmp/pbe_data.data.home.granepura.5-kinases.cof_tpl_mg.run_kin.3zos_0LI+1A1000_003
ForkPoolWorker-1: Calling delphi to calculate conformer 0LI+1A1000_004 in /tmp/pbe_data.data.home.granepura.5-kinases.cof_tpl_mg.run_kin.3zos_0LI+1A1000_004
ForkPoolWorker-1: Calling delphi to calculate conformer 0LI+2A1000_005 in /tmp/pbe_data.data.home.granepura.5-kinases.cof_tpl_mg.run_kin.3zos_0LI+2A1000_005
ForkPoolWorker-1: Calling delphi to calculate conformer 0LI+2A1000_006 in /tmp/pbe_data.data.home.granepura.5-kinases.cof_tpl_mg.run_kin.3zos_0LI+2A1000_006
ForkPoolWorker-1: Calling delphi to calculate conformer 0LI01A1004_001 in /tmp/pbe_data.data.home.granepura.5-kinases.cof_tpl_mg.run_kin.3zos_0LI01A1004_001
ForkPoolWorker-1: Calling delphi to calculate conformer 0LI+1A1004_002 in /tmp/pbe_data.data.home.granepura.5-kinases.cof_tpl_mg.run_kin.3zos_0LI+1A1004_002
ForkPoolWorker-1: Calling delphi to calculate conformer 0LI+2A1004_003 in /tmp/pbe_data.data.home.granepura.5-kinases.cof_tpl_mg.run_kin.3zos_0LI+2A1004_003
ForkPoolWorker-1: Calling delphi to calculate conformer ARG01A0602_001 in /tmp/pbe_data.data.home.granepura.5-kinases.cof_tpl_mg.run_kin.3ZOS_ARG01A0602_001
ForkPoolWorker-1: Calling delphi to calculate conformer ARG02A0602_002 in /tmp/pbe_data.data.home.granepura.5-kinases.cof_tpl_mg.run_kin.3ZOS_ARG02A0602_002
ForkPoolWorker-1: Calling delphi to calculate conformer ARG03A0602_003 in /tmp/pbe_data.data.home.granepura.5-kinases.cof_tpl_mg.run_kin.3ZOS_ARG03A0602_003
ForkPoolWorker-1: Calling delphi to calculate conformer ARG03A0602_004 in /tmp/pbe_data.data.home.granepura.5-kinases.cof_tpl_mg.run_kin.3ZOS_ARG03A0602_004
ForkPoolWorker-1: Calling delphi to calculate conformer ARG+1A0602_005 in /tmp/pbe_data.data.home.granepura.5-kinases.cof_tpl_mg.run_kin.3ZOS_ARG+1A0602_005
Skipping PBE solver for non-charge conformer VAL01A0603_001...
ForkPoolWorker-1: Calling delphi to calculate conformer ASP01A0604_001 in /tmp/pbe_data.data.home.granepura.5-kinases.cof_tpl_mg.run_kin.3ZOS_ASP01A0604_001
ForkPoolWorker-1: Calling delphi to calculate conformer ASP01A0604_002 in /tmp/pbe_data.data.home.granepura.5-kinases.cof_tpl_mg.run_kin.3ZOS_ASP01A0604_002
ForkPoolWorker-1: Calling delphi to calculate conformer ASP02A0604_003 in /tmp/pbe_data.data.home.granepura.5-kinases.cof_tpl_mg.run_kin.3ZOS_ASP02A0604_003
ForkPoolWorker-1: Calling delphi to calculate conformer ASP02A0604_004 in /tmp/pbe_data.data.home.granepura.5-kinases.cof_tpl_mg.run_kin.3ZOS_ASP02A0604_004
ForkPoolWorker-1: Calling delphi to calculate conformer ASP-1A0604_005 in /tmp/pbe_data.data.home.granepura.5-kinases.cof_tpl_mg.run_kin.3ZOS_ASP-1A0604_005
Skipping PBE solver for non-charge conformer PHE01A0605_001...
Skipping PBE solver for non-charge conformer PRO01A0606_001...
ForkPoolWorker-1: Calling delphi to calculate conformer ARG01A0607_001 in /tmp/pbe_data.data.home.granepura.5-kinases.cof_tpl_mg.run_kin.3ZOS_ARG01A0607_001
ForkPoolWorker-1: Calling delphi to calculate conformer ARG02A0607_002 in /tmp/pbe_data.data.home.granepura.5-kinases.cof_tpl_mg.run_kin.3ZOS_ARG02A0607_002
ForkPoolWorker-1: Calling delphi to calculate conformer ARG02A0607_003 in /tmp/pbe_data.data.home.granepura.5-kinases.cof_tpl_mg.run_kin.3ZOS_ARG02A0607_003
ForkPoolWorker-1: Calling delphi to calculate conformer ARG03A0607_004 in /tmp/pbe_data.data.home.granepura.5-kinases.cof_tpl_mg.run_kin.3ZOS_ARG03A0607_004
ForkPoolWorker-1: Calling delphi to calculate conformer ARG03A0607_005 in /tmp/pbe_data.data.home.granepura.5-kinases.cof_tpl_mg.run_kin.3ZOS_ARG03A0607_005
ForkPoolWorker-1: Calling delphi to calculate conformer ARG+1A0607_006 in /tmp/pbe_data.data.home.granepura.5-kinases.cof_tpl_mg.run_kin.3ZOS_ARG+1A0607_006
ForkPoolWorker-1: Calling delphi to calculate conformer SER01A0608_001 in /tmp/pbe_data.data.home.granepura.5-kinases.cof_tpl_mg.run_kin.3ZOS_SER01A0608_001
ForkPoolWorker-1: Calling delphi to calculate conformer ARG01A0609_001 in /tmp/pbe_data.data.home.granepura.5-kinases.cof_tpl_mg.run_kin.3ZOS_ARG01A0609_001
ForkPoolWorker-1: Calling delphi to calculate conformer ARG02A0609_002 in /tmp/pbe_data.data.home.granepura.5-kinases.cof_tpl_mg.run_kin.3ZOS_ARG02A0609_002
ForkPoolWorker-1: Calling delphi to calculate conformer ARG02A0609_003 in /tmp/pbe_data.data.home.granepura.5-kinases.cof_tpl_mg.run_kin.3ZOS_ARG02A0609_003
ForkPoolWorker-1: Calling delphi to calculate conformer ARG03A0609_004 in /tmp/pbe_data.data.home.granepura.5-kinases.cof_tpl_mg.run_kin.3ZOS_ARG03A0609_004
ForkPoolWorker-1: Calling delphi to calculate conformer ARG01A0602_001 in /tmp/pbe_data.data.home.granepura.5-kinases.cof_tpl_mg.run_kin.3ZOS_ARG01A0602_001
ForkPoolWorker-1: Calling delphi to calculate conformer ARG02A0602_002 in /tmp/pbe_data.data.home.granepura.5-kinases.cof_tpl_mg.run_kin.3ZOS_ARG02A0602_002
ForkPoolWorker-1: Calling delphi to calculate conformer ARG03A0602_003 in /tmp/pbe_data.data.home.granepura.5-kinases.cof_tpl_mg.run_kin.3ZOS_ARG03A0602_003
ForkPoolWorker-1: Calling delphi to calculate conformer ARG03A0602_004 in /tmp/pbe_data.data.home.granepura.5-kinases.cof_tpl_mg.run_kin.3ZOS_ARG03A0602_004
ForkPoolWorker-1: Calling delphi to calculate conformer ARG+1A0602_005 in /tmp/pbe_data.data.home.granepura.5-kinases.cof_tpl_mg.run_kin.3ZOS_ARG+1A0602_005
Skipping PBE solver for non-charge conformer VAL01A0603_001...
ForkPoolWorker-1: Calling delphi to calculate conformer ASP01A0604_001 in /tmp/pbe_data.data.home.granepura.5-kinases.cof_tpl_mg.run_kin.3ZOS_ASP01A0604_001
ForkPoolWorker-1: Calling delphi to calculate conformer ASP01A0604_002 in /tmp/pbe_data.data.home.granepura.5-kinases.cof_tpl_mg.run_kin.3ZOS_ASP01A0604_002
ForkPoolWorker-1: Calling delphi to calculate conformer ASP02A0604_003 in /tmp/pbe_data.data.home.granepura.5-kinases.cof_tpl_mg.run_kin.3ZOS_ASP02A0604_003
ForkPoolWorker-1: Calling delphi to calculate conformer ASP02A0604_004 in /tmp/pbe_data.data.home.granepura.5-kinases.cof_tpl_mg.run_kin.3ZOS_ASP02A0604_004
ForkPoolWorker-1: Calling delphi to calculate conformer ASP-1A0604_005 in /tmp/pbe_data.data.home.granepura.5-kinases.cof_tpl_mg.run_kin.3ZOS_ASP-1A0604_005
Skipping PBE solver for non-charge conformer PHE01A0605_001...
Skipping PBE solver for non-charge conformer PRO01A0606_001...
ForkPoolWorker-1: Calling delphi to calculate conformer ARG01A0607_001 in /tmp/pbe_data.data.home.granepura.5-kinases.cof_tpl_mg.run_kin.3ZOS_ARG01A0607_001
ForkPoolWorker-1: Calling delphi to calculate conformer ARG02A0607_002 in /tmp/pbe_data.data.home.granepura.5-kinases.cof_tpl_mg.run_kin.3ZOS_ARG02A0607_002
ForkPoolWorker-1: Calling delphi to calculate conformer ARG02A0607_003 in /tmp/pbe_data.data.home.granepura.5-kinases.cof_tpl_mg.run_kin.3ZOS_ARG02A0607_003
ForkPoolWorker-1: Calling delphi to calculate conformer ARG03A0607_004 in /tmp/pbe_data.data.home.granepura.5-kinases.cof_tpl_mg.run_kin.3ZOS_ARG03A0607_004
ForkPoolWorker-1: Calling delphi to calculate conformer ARG03A0607_005 in /tmp/pbe_data.data.home.granepura.5-kinases.cof_tpl_mg.run_kin.3ZOS_ARG03A0607_005
ForkPoolWorker-1: Calling delphi to calculate conformer ARG+1A0607_006 in /tmp/pbe_data.data.home.granepura.5-kinases.cof_tpl_mg.run_kin.3ZOS_ARG+1A0607_006
ForkPoolWorker-1: Calling delphi to calculate conformer SER01A0608_001 in /tmp/pbe_data.data.home.granepura.5-kinases.cof_tpl_mg.run_kin.3ZOS_SER01A0608_001
ForkPoolWorker-1: Calling delphi to calculate conformer ARG01A0609_001 in /tmp/pbe_data.data.home.granepura.5-kinases.cof_tpl_mg.run_kin.3ZOS_ARG01A0609_001
ForkPoolWorker-1: Calling delphi to calculate conformer ARG02A0609_002 in /tmp/pbe_data.data.home.granepura.5-kinases.cof_tpl_mg.run_kin.3ZOS_ARG02A0609_002
ForkPoolWorker-1: Calling delphi to calculate conformer ARG02A0609_003 in /tmp/pbe_data.data.home.granepura.5-kinases.cof_tpl_mg.run_kin.3ZOS_ARG02A0609_003
ForkPoolWorker-1: Calling delphi to calculate conformer ARG03A0609_004 in /tmp/pbe_data.data.home.granepura.5-kinases.cof_tpl_mg.run_kin.3ZOS_ARG03A0609_004
ForkPoolWorker-1: Calling delphi to calculate conformer ARG03A0609_005 in /tmp/pbe_data.data.home.granepura.5-kinases.cof_tpl_mg.run_kin.3ZOS_ARG03A0609_005
ForkPoolWorker-1: Calling delphi to calculate conformer ARG+1A0609_006 in /tmp/pbe_data.data.home.granepura.5-kinases.cof_tpl_mg.run_kin.3ZOS_ARG+1A0609_006
Skipping PBE solver for non-charge conformer LEU01A0610_001...
ForkPoolWorker-1: Calling delphi to calculate conformer ARG01A0611_001 in /tmp/pbe_data.data.home.granepura.5-kinases.cof_tpl_mg.run_kin.3ZOS_ARG01A0611_001
ForkPoolWorker-1: Calling delphi to calculate conformer ARG02A0611_002 in /tmp/pbe_data.data.home.granepura.5-kinases.cof_tpl_mg.run_kin.3ZOS_ARG02A0611_002
ForkPoolWorker-1: Calling delphi to calculate conformer ARG03A0611_003 in /tmp/pbe_data.data.home.granepura.5-kinases.cof_tpl_mg.run_kin.3ZOS_ARG03A0611_003
ForkPoolWorker-1: Calling delphi to calculate conformer ARG03A0611_004 in /tmp/pbe_data.data.home.granepura.5-kinases.cof_tpl_mg.run_kin.3ZOS_ARG03A0611_004
ForkPoolWorker-1: Calling delphi to calculate conformer ARG+1A0611_005 in /tmp/pbe_data.data.home.granepura.5-kinases.cof_tpl_mg.run_kin.3ZOS_ARG+1A0611_005
Skipping PBE solver for non-charge conformer PHE01A0612_001...
ForkPoolWorker-1: Calling delphi to calculate conformer LYS01A0613_001 in /tmp/pbe_data.data.home.granepura.5-kinases.cof_tpl_mg.run_kin.3ZOS_LYS01A0613_001
ForkPoolWorker-1: Calling delphi to calculate conformer LYS+1A0613_002 in /tmp/pbe_data.data.home.granepura.5-kinases.cof_tpl_mg.run_kin.3ZOS_LYS+1A0613_002
ForkPoolWorker-1: Calling delphi to calculate conformer GLU01A0614_001 in /tmp/pbe_data.data.home.granepura.5-kinases.cof_tpl_mg.run_kin.3ZOS_GLU01A0614_001
ForkPoolWorker-1: Calling delphi to calculate conformer GLU01A0614_002 in /tmp/pbe_data.data.home.granepura.5-kinases.cof_tpl_mg.run_kin.3ZOS_GLU01A0614_002
ForkPoolWorker-1: Calling delphi to calculate conformer GLU02A0614_003 in /tmp/pbe_data.data.home.granepura.5-kinases.cof_tpl_mg.run_kin.3ZOS_GLU02A0614_003
ForkPoolWorker-1: Calling delphi to calculate conformer GLU02A0614_004 in /tmp/pbe_data.data.home.granepura.5-kinases.cof_tpl_mg.run_kin.3ZOS_GLU02A0614_004
ForkPoolWorker-1: Calling delphi to calculate conformer GLU-1A0614_005 in /tmp/pbe_data.data.home.granepura.5-kinases.cof_tpl_mg.run_kin.3ZOS_GLU-1A0614_005
ForkPoolWorker-1: Calling delphi to calculate conformer LYS01A0615_001 in /tmp/pbe_data.data.home.granepura.5-kinases.cof_tpl_mg.run_kin.3ZOS_LYS01A0615_001
ForkPoolWorker-1: Calling delphi to calculate conformer LYS+1A0615_002 in /tmp/pbe_data.data.home.granepura.5-kinases.cof_tpl_mg.run_kin.3ZOS_LYS+1A0615_002
Skipping PBE solver for non-charge conformer LEU01A0616_001...
ForkPoolWorker-1: Calling delphi to calculate conformer GLU01A0618_001 in /tmp/pbe_data.data.home.granepura.5-kinases.cof_tpl_mg.run_kin.3ZOS_GLU01A0618_001
ForkPoolWorker-1: Calling delphi to calculate conformer GLU01A0618_002 in /tmp/pbe_data.data.home.granepura.5-kinases.cof_tpl_mg.run_kin.3ZOS_GLU01A0618_002
ForkPoolWorker-1: Calling delphi to calculate conformer GLU02A0618_003 in /tmp/pbe_data.data.home.granepura.5-kinases.cof_tpl_mg.run_kin.3ZOS_GLU02A0618_003
ForkPoolWorker-1: Calling delphi to calculate conformer GLU02A0618_004 in /tmp/pbe_data.data.home.granepura.5-kinases.cof_tpl_mg.run_kin.3ZOS_GLU02A0618_004
ForkPoolWorker-1: Calling delphi to calculate conformer GLU-1A0618_005 in /tmp/pbe_data.data.home.granepura.5-kinases.cof_tpl_mg.run_kin.3ZOS_GLU-1A0618_005
ForkPoolWorker-1: Calling delphi to calculate conformer GLN01A0620_001 in /tmp/pbe_data.data.home.granepura.5-kinases.cof_tpl_mg.run_kin.3ZOS_GLN01A0620_001
ForkPoolWorker-1: Calling delphi to calculate conformer GLN01A0620_002 in /tmp/pbe_data.data.home.granepura.5-kinases.cof_tpl_mg.run_kin.3ZOS_GLN01A0620_002
Skipping PBE solver for non-charge conformer PHE01A0621_001...
ForkPoolWorker-1: Calling delphi to calculate conformer GLU01A0623_001 in /tmp/pbe_data.data.home.granepura.5-kinases.cof_tpl_mg.run_kin.3ZOS_GLU01A0623_001
ForkPoolWorker-1: Calling delphi to calculate conformer GLU01A0623_002 in /tmp/pbe_data.data.home.granepura.5-kinases.cof_tpl_mg.run_kin.3ZOS_GLU01A0623_002
ForkPoolWorker-1: Calling delphi to calculate conformer GLU02A0623_003 in /tmp/pbe_data.data.home.granepura.5-kinases.cof_tpl_mg.run_kin.3ZOS_GLU02A0623_003
ForkPoolWorker-1: Calling delphi to calculate conformer GLU02A0623_004 in /tmp/pbe_data.data.home.granepura.5-kinases.cof_tpl_mg.run_kin.3ZOS_GLU02A0623_004
ForkPoolWorker-1: Calling delphi to calculate conformer GLU-1A0623_005 in /tmp/pbe_data.data.home.granepura.5-kinases.cof_tpl_mg.run_kin.3ZOS_GLU-1A0623_005
Skipping PBE solver for non-charge conformer VAL01A0624_001...
ForkPoolWorker-1: Calling delphi to calculate conformer HIS01A0625_001 in /tmp/pbe_data.data.home.granepura.5-kinases.cof_tpl_mg.run_kin.3ZOS_HIS01A0625_001
ForkPoolWorker-1: Calling delphi to calculate conformer HIS02A0625_002 in /tmp/pbe_data.data.home.granepura.5-kinases.cof_tpl_mg.run_kin.3ZOS_HIS02A0625_002
ForkPoolWorker-1: Calling delphi to calculate conformer HIS+1A0625_003 in /tmp/pbe_data.data.home.granepura.5-kinases.cof_tpl_mg.run_kin.3ZOS_HIS+1A0625_003
Skipping PBE solver for non-charge conformer LEU01A0626_001...
ForkPoolWorker-1: Calling delphi to calculate conformer CYS01A0627_001 in /tmp/pbe_data.data.home.granepura.5-kinases.cof_tpl_mg.run_kin.3ZOS_CYS01A0627_001
ForkPoolWorker-1: Calling delphi to calculate conformer CYS01A0627_002 in /tmp/pbe_data.data.home.granepura.5-kinases.cof_tpl_mg.run_kin.3ZOS_CYS01A0627_002
ForkPoolWorker-1: Calling delphi to calculate conformer CYS01A0627_003 in /tmp/pbe_data.data.home.granepura.5-kinases.cof_tpl_mg.run_kin.3ZOS_CYS01A0627_003
ForkPoolWorker-1: Calling delphi to calculate conformer CYS-1A0627_004 in /tmp/pbe_data.data.home.granepura.5-kinases.cof_tpl_mg.run_kin.3ZOS_CYS-1A0627_004
ForkPoolWorker-1: Calling delphi to calculate conformer GLU01A0628_001 in /tmp/pbe_data.data.home.granepura.5-kinases.cof_tpl_mg.run_kin.3ZOS_GLU01A0628_001
ForkPoolWorker-1: Calling delphi to calculate conformer GLU01A0628_002 in /tmp/pbe_data.data.home.granepura.5-kinases.cof_tpl_mg.run_kin.3ZOS_GLU01A0628_002
ForkPoolWorker-1: Calling delphi to calculate conformer GLU02A0628_003 in /tmp/pbe_data.data.home.granepura.5-kinases.cof_tpl_mg.run_kin.3ZOS_GLU02A0628_003
ForkPoolWorker-1: Calling delphi to calculate conformer GLU02A0628_004 in /tmp/pbe_data.data.home.granepura.5-kinases.cof_tpl_mg.run_kin.3ZOS_GLU02A0628_004
ForkPoolWorker-1: Calling delphi to calculate conformer GLU-1A0628_005 in /tmp/pbe_data.data.home.granepura.5-kinases.cof_tpl_mg.run_kin.3ZOS_GLU-1A0628_005
Skipping PBE solver for non-charge conformer VAL01A0629_001...
ForkPoolWorker-1: Calling delphi to calculate conformer ASP01A0630_001 in /tmp/pbe_data.data.home.granepura.5-kinases.cof_tpl_mg.run_kin.3ZOS_ASP01A0630_001
ForkPoolWorker-1: Calling delphi to calculate conformer ASP01A0630_002 in /tmp/pbe_data.data.home.granepura.5-kinases.cof_tpl_mg.run_kin.3ZOS_ASP01A0630_002
ForkPoolWorker-1: Calling delphi to calculate conformer ASP01A0630_003 in /tmp/pbe_data.data.home.granepura.5-kinases.cof_tpl_mg.run_kin.3ZOS_ASP01A0630_003
ForkPoolWorker-1: Calling delphi to calculate conformer ASP01A0630_004 in /tmp/pbe_data.data.home.granepura.5-kinases.cof_tpl_mg.run_kin.3ZOS_ASP01A0630_004
ForkPoolWorker-1: Calling delphi to calculate conformer ASP02A0630_005 in /tmp/pbe_data.data.home.granepura.5-kinases.cof_tpl_mg.run_kin.3ZOS_ASP02A0630_005
ForkPoolWorker-1: Calling delphi to calculate conformer ASP02A0630_006 in /tmp/pbe_data.data.home.granepura.5-kinases.cof_tpl_mg.run_kin.3ZOS_ASP02A0630_006
ForkPoolWorker-1: Calling delphi to calculate conformer ASP02A0630_007 in /tmp/pbe_data.data.home.granepura.5-kinases.cof_tpl_mg.run_kin.3ZOS_ASP02A0630_007
ForkPoolWorker-1: Calling delphi to calculate conformer ASP02A0630_008 in /tmp/pbe_data.data.home.granepura.5-kinases.cof_tpl_mg.run_kin.3ZOS_ASP02A0630_008
ForkPoolWorker-1: Calling delphi to calculate conformer ASP-1A0630_009 in /tmp/pbe_data.data.home.granepura.5-kinases.cof_tpl_mg.run_kin.3ZOS_ASP-1A0630_009
ForkPoolWorker-1: Calling delphi to calculate conformer ASP-1A0630_010 in /tmp/pbe_data.data.home.granepura.5-kinases.cof_tpl_mg.run_kin.3ZOS_ASP-1A0630_010
ForkPoolWorker-1: Calling delphi to calculate conformer SER01A0631_001 in /tmp/pbe_data.data.home.granepura.5-kinases.cof_tpl_mg.run_kin.3ZOS_SER01A0631_001
ForkPoolWorker-1: Calling delphi to calculate conformer SER01A0631_002 in /tmp/pbe_data.data.home.granepura.5-kinases.cof_tpl_mg.run_kin.3ZOS_SER01A0631_002
Skipping PBE solver for non-charge conformer PRO01A0632_001...
ForkPoolWorker-1: Calling delphi to calculate conformer GLN01A0633_001 in /tmp/pbe_data.data.home.granepura.5-kinases.cof_tpl_mg.run_kin.3ZOS_GLN01A0633_001
ForkPoolWorker-1: Calling delphi to calculate conformer ASP01A0634_001 in /tmp/pbe_data.data.home.granepura.5-kinases.cof_tpl_mg.run_kin.3ZOS_ASP01A0634_001
ForkPoolWorker-1: Calling delphi to calculate conformer ASP01A0634_002 in /tmp/pbe_data.data.home.granepura.5-kinases.cof_tpl_mg.run_kin.3ZOS_ASP01A0634_002
ForkPoolWorker-1: Calling delphi to calculate conformer ASP02A0634_003 in /tmp/pbe_data.data.home.granepura.5-kinases.cof_tpl_mg.run_kin.3ZOS_ASP02A0634_003
ForkPoolWorker-1: Calling delphi to calculate conformer ASP02A0634_004 in /tmp/pbe_data.data.home.granepura.5-kinases.cof_tpl_mg.run_kin.3ZOS_ASP02A0634_004
ForkPoolWorker-1: Calling delphi to calculate conformer ASP-1A0634_005 in /tmp/pbe_data.data.home.granepura.5-kinases.cof_tpl_mg.run_kin.3ZOS_ASP-1A0634_005
Skipping PBE solver for non-charge conformer LEU01A0635_001...
Skipping PBE solver for non-charge conformer VAL01A0636_001...
ForkPoolWorker-1: Calling delphi to calculate conformer SER01A0637_001 in /tmp/pbe_data.data.home.granepura.5-kinases.cof_tpl_mg.run_kin.3ZOS_SER01A0637_001
ForkPoolWorker-1: Calling delphi to calculate conformer SER01A0637_002 in /tmp/pbe_data.data.home.granepura.5-kinases.cof_tpl_mg.run_kin.3ZOS_SER01A0637_002
ForkPoolWorker-1: Calling delphi to calculate conformer SER01A0637_003 in /tmp/pbe_data.data.home.granepura.5-kinases.cof_tpl_mg.run_kin.3ZOS_SER01A0637_003
Skipping PBE solver for non-charge conformer LEU01A0638_001...
ForkPoolWorker-1: Calling delphi to calculate conformer ASP01A0639_001 in /tmp/pbe_data.data.home.granepura.5-kinases.cof_tpl_mg.run_kin.3ZOS_ASP01A0639_001
ForkPoolWorker-1: Calling delphi to calculate conformer ASP01A0639_002 in /tmp/pbe_data.data.home.granepura.5-kinases.cof_tpl_mg.run_kin.3ZOS_ASP01A0639_002
ForkPoolWorker-1: Calling delphi to calculate conformer ASP02A0639_003 in /tmp/pbe_data.data.home.granepura.5-kinases.cof_tpl_mg.run_kin.3ZOS_ASP02A0639_003
ForkPoolWorker-1: Calling delphi to calculate conformer ASP02A0639_004 in /tmp/pbe_data.data.home.granepura.5-kinases.cof_tpl_mg.run_kin.3ZOS_ASP02A0639_004
ForkPoolWorker-1: Calling delphi to calculate conformer ASP-1A0639_005 in /tmp/pbe_data.data.home.granepura.5-kinases.cof_tpl_mg.run_kin.3ZOS_ASP-1A0639_005
Skipping PBE solver for non-charge conformer PHE01A0640_001...
Skipping PBE solver for non-charge conformer PRO01A0641_001...
Skipping PBE solver for non-charge conformer LEU01A0642_001...
ForkPoolWorker-1: Calling delphi to calculate conformer ASN01A0643_001 in /tmp/pbe_data.data.home.granepura.5-kinases.cof_tpl_mg.run_kin.3ZOS_ASN01A0643_001
ForkPoolWorker-1: Calling delphi to calculate conformer ASN01A0643_002 in /tmp/pbe_data.data.home.granepura.5-kinases.cof_tpl_mg.run_kin.3ZOS_ASN01A0643_002
Skipping PBE solver for non-charge conformer VAL01A0644_001...
ForkPoolWorker-1: Calling delphi to calculate conformer ARG01A0645_001 in /tmp/pbe_data.data.home.granepura.5-kinases.cof_tpl_mg.run_kin.3ZOS_ARG01A0645_001
ForkPoolWorker-1: Calling delphi to calculate conformer ARG02A0645_002 in /tmp/pbe_data.data.home.granepura.5-kinases.cof_tpl_mg.run_kin.3ZOS_ARG02A0645_002
ForkPoolWorker-1: Calling delphi to calculate conformer ARG02A0645_003 in /tmp/pbe_data.data.home.granepura.5-kinases.cof_tpl_mg.run_kin.3ZOS_ARG02A0645_003
ForkPoolWorker-1: Calling delphi to calculate conformer ARG03A0645_004 in /tmp/pbe_data.data.home.granepura.5-kinases.cof_tpl_mg.run_kin.3ZOS_ARG03A0645_004
ForkPoolWorker-1: Calling delphi to calculate conformer ARG03A0645_005 in /tmp/pbe_data.data.home.granepura.5-kinases.cof_tpl_mg.run_kin.3ZOS_ARG03A0645_005
ForkPoolWorker-1: Calling delphi to calculate conformer ARG+1A0645_006 in /tmp/pbe_data.data.home.granepura.5-kinases.cof_tpl_mg.run_kin.3ZOS_ARG+1A0645_006
ForkPoolWorker-1: Calling delphi to calculate conformer LYS01A0646_001 in /tmp/pbe_data.data.home.granepura.5-kinases.cof_tpl_mg.run_kin.3ZOS_LYS01A0646_001
ForkPoolWorker-1: Calling delphi to calculate conformer LYS+1A0646_002 in /tmp/pbe_data.data.home.granepura.5-kinases.cof_tpl_mg.run_kin.3ZOS_LYS+1A0646_002
ForkPoolWorker-1: Calling delphi to calculate conformer HIS01A0648_001 in /tmp/pbe_data.data.home.granepura.5-kinases.cof_tpl_mg.run_kin.3ZOS_HIS01A0648_001
ForkPoolWorker-1: Calling delphi to calculate conformer HIS01A0648_002 in /tmp/pbe_data.data.home.granepura.5-kinases.cof_tpl_mg.run_kin.3ZOS_HIS01A0648_002
ForkPoolWorker-1: Calling delphi to calculate conformer HIS02A0648_003 in /tmp/pbe_data.data.home.granepura.5-kinases.cof_tpl_mg.run_kin.3ZOS_HIS02A0648_003
ForkPoolWorker-1: Calling delphi to calculate conformer HIS02A0648_004 in /tmp/pbe_data.data.home.granepura.5-kinases.cof_tpl_mg.run_kin.3ZOS_HIS02A0648_004
ForkPoolWorker-1: Calling delphi to calculate conformer HIS+1A0648_005 in /tmp/pbe_data.data.home.granepura.5-kinases.cof_tpl_mg.run_kin.3ZOS_HIS+1A0648_005
ForkPoolWorker-1: Calling delphi to calculate conformer HIS+1A0648_006 in /tmp/pbe_data.data.home.granepura.5-kinases.cof_tpl_mg.run_kin.3ZOS_HIS+1A0648_006
Skipping PBE solver for non-charge conformer PRO01A0649_001...
Skipping PBE solver for non-charge conformer LEU01A0650_001...
Skipping PBE solver for non-charge conformer LEU01A0651_001...
Skipping PBE solver for non-charge conformer VAL01A0652_001...
Skipping PBE solver for non-charge conformer ALA01A0653_001...
Skipping PBE solver for non-charge conformer VAL01A0654_001...
ForkPoolWorker-1: Calling delphi to calculate conformer LYS01A0655_001 in /tmp/pbe_data.data.home.granepura.5-kinases.cof_tpl_mg.run_kin.3ZOS_LYS01A0655_001
ForkPoolWorker-1: Calling delphi to calculate conformer LYS+1A0655_002 in /tmp/pbe_data.data.home.granepura.5-kinases.cof_tpl_mg.run_kin.3ZOS_LYS+1A0655_002
Skipping PBE solver for non-charge conformer ILE01A0656_001...
Skipping PBE solver for non-charge conformer LEU01A0657_001...
ForkPoolWorker-1: Calling delphi to calculate conformer ARG01A0658_001 in /tmp/pbe_data.data.home.granepura.5-kinases.cof_tpl_mg.run_kin.3ZOS_ARG01A0658_001
ForkPoolWorker-1: Calling delphi to calculate conformer ARG01A0658_002 in /tmp/pbe_data.data.home.granepura.5-kinases.cof_tpl_mg.run_kin.3ZOS_ARG01A0658_002
ForkPoolWorker-1: Calling delphi to calculate conformer ARG02A0658_003 in /tmp/pbe_data.data.home.granepura.5-kinases.cof_tpl_mg.run_kin.3ZOS_ARG02A0658_003
ForkPoolWorker-1: Calling delphi to calculate conformer ARG02A0658_004 in /tmp/pbe_data.data.home.granepura.5-kinases.cof_tpl_mg.run_kin.3ZOS_ARG02A0658_004
ForkPoolWorker-1: Calling delphi to calculate conformer ARG02A0658_005 in /tmp/pbe_data.data.home.granepura.5-kinases.cof_tpl_mg.run_kin.3ZOS_ARG02A0658_005
ForkPoolWorker-1: Calling delphi to calculate conformer ARG02A0658_006 in /tmp/pbe_data.data.home.granepura.5-kinases.cof_tpl_mg.run_kin.3ZOS_ARG02A0658_006
ForkPoolWorker-1: Calling delphi to calculate conformer ARG03A0658_007 in /tmp/pbe_data.data.home.granepura.5-kinases.cof_tpl_mg.run_kin.3ZOS_ARG03A0658_007
ForkPoolWorker-1: Calling delphi to calculate conformer ARG03A0658_008 in /tmp/pbe_data.data.home.granepura.5-kinases.cof_tpl_mg.run_kin.3ZOS_ARG03A0658_008
ForkPoolWorker-1: Calling delphi to calculate conformer ARG03A0658_009 in /tmp/pbe_data.data.home.granepura.5-kinases.cof_tpl_mg.run_kin.3ZOS_ARG03A0658_009
ForkPoolWorker-1: Calling delphi to calculate conformer ARG03A0658_010 in /tmp/pbe_data.data.home.granepura.5-kinases.cof_tpl_mg.run_kin.3ZOS_ARG03A0658_010
ForkPoolWorker-1: Calling delphi to calculate conformer ARG+1A0658_011 in /tmp/pbe_data.data.home.granepura.5-kinases.cof_tpl_mg.run_kin.3ZOS_ARG+1A0658_011
ForkPoolWorker-1: Calling delphi to calculate conformer ARG+1A0658_012 in /tmp/pbe_data.data.home.granepura.5-kinases.cof_tpl_mg.run_kin.3ZOS_ARG+1A0658_012
Skipping PBE solver for non-charge conformer PRO01A0659_001...
ForkPoolWorker-1: Calling delphi to calculate conformer ASP01A0660_001 in /tmp/pbe_data.data.home.granepura.5-kinases.cof_tpl_mg.run_kin.3ZOS_ASP01A0660_001
ForkPoolWorker-1: Calling delphi to calculate conformer ASP01A0660_002 in /tmp/pbe_data.data.home.granepura.5-kinases.cof_tpl_mg.run_kin.3ZOS_ASP01A0660_002
ForkPoolWorker-1: Calling delphi to calculate conformer ASP01A0660_003 in /tmp/pbe_data.data.home.granepura.5-kinases.cof_tpl_mg.run_kin.3ZOS_ASP01A0660_003
ForkPoolWorker-1: Calling delphi to calculate conformer ASP01A0660_004 in /tmp/pbe_data.data.home.granepura.5-kinases.cof_tpl_mg.run_kin.3ZOS_ASP01A0660_004
ForkPoolWorker-1: Calling delphi to calculate conformer ASP02A0660_005 in /tmp/pbe_data.data.home.granepura.5-kinases.cof_tpl_mg.run_kin.3ZOS_ASP02A0660_005
ForkPoolWorker-1: Calling delphi to calculate conformer ASP02A0660_006 in /tmp/pbe_data.data.home.granepura.5-kinases.cof_tpl_mg.run_kin.3ZOS_ASP02A0660_006
ForkPoolWorker-1: Calling delphi to calculate conformer ASP02A0660_007 in /tmp/pbe_data.data.home.granepura.5-kinases.cof_tpl_mg.run_kin.3ZOS_ASP02A0660_007
ForkPoolWorker-1: Calling delphi to calculate conformer ASP02A0660_008 in /tmp/pbe_data.data.home.granepura.5-kinases.cof_tpl_mg.run_kin.3ZOS_ASP02A0660_008
ForkPoolWorker-1: Calling delphi to calculate conformer ASP-1A0660_009 in /tmp/pbe_data.data.home.granepura.5-kinases.cof_tpl_mg.run_kin.3ZOS_ASP-1A0660_009
ForkPoolWorker-1: Calling delphi to calculate conformer ASP-1A0660_010 in /tmp/pbe_data.data.home.granepura.5-kinases.cof_tpl_mg.run_kin.3ZOS_ASP-1A0660_010
Skipping PBE solver for non-charge conformer ALA01A0661_001...
ForkPoolWorker-1: Calling delphi to calculate conformer THR01A0662_001 in /tmp/pbe_data.data.home.granepura.5-kinases.cof_tpl_mg.run_kin.3ZOS_THR01A0662_001
ForkPoolWorker-1: Calling delphi to calculate conformer THR01A0662_002 in /tmp/pbe_data.data.home.granepura.5-kinases.cof_tpl_mg.run_kin.3ZOS_THR01A0662_002
ForkPoolWorker-1: Calling delphi to calculate conformer LYS01A0663_001 in /tmp/pbe_data.data.home.granepura.5-kinases.cof_tpl_mg.run_kin.3ZOS_LYS01A0663_001
ForkPoolWorker-1: Calling delphi to calculate conformer LYS+1A0663_002 in /tmp/pbe_data.data.home.granepura.5-kinases.cof_tpl_mg.run_kin.3ZOS_LYS+1A0663_002
ForkPoolWorker-1: Calling delphi to calculate conformer ASN01A0664_001 in /tmp/pbe_data.data.home.granepura.5-kinases.cof_tpl_mg.run_kin.3ZOS_ASN01A0664_001
Skipping PBE solver for non-charge conformer ALA01A0665_001...
ForkPoolWorker-1: Calling delphi to calculate conformer ARG01A0666_001 in /tmp/pbe_data.data.home.granepura.5-kinases.cof_tpl_mg.run_kin.3ZOS_ARG01A0666_001
ForkPoolWorker-1: Calling delphi to calculate conformer ARG02A0666_002 in /tmp/pbe_data.data.home.granepura.5-kinases.cof_tpl_mg.run_kin.3ZOS_ARG02A0666_002
ForkPoolWorker-1: Calling delphi to calculate conformer ARG02A0666_003 in /tmp/pbe_data.data.home.granepura.5-kinases.cof_tpl_mg.run_kin.3ZOS_ARG02A0666_003
ForkPoolWorker-1: Calling delphi to calculate conformer ARG03A0666_004 in /tmp/pbe_data.data.home.granepura.5-kinases.cof_tpl_mg.run_kin.3ZOS_ARG03A0666_004
ForkPoolWorker-1: Calling delphi to calculate conformer ARG03A0666_005 in /tmp/pbe_data.data.home.granepura.5-kinases.cof_tpl_mg.run_kin.3ZOS_ARG03A0666_005
ForkPoolWorker-1: Calling delphi to calculate conformer ARG+1A0666_006 in /tmp/pbe_data.data.home.granepura.5-kinases.cof_tpl_mg.run_kin.3ZOS_ARG+1A0666_006
ForkPoolWorker-1: Calling delphi to calculate conformer ASN01A0667_001 in /tmp/pbe_data.data.home.granepura.5-kinases.cof_tpl_mg.run_kin.3ZOS_ASN01A0667_001
ForkPoolWorker-1: Calling delphi to calculate conformer ASP01A0668_001 in /tmp/pbe_data.data.home.granepura.5-kinases.cof_tpl_mg.run_kin.3ZOS_ASP01A0668_001
ForkPoolWorker-1: Calling delphi to calculate conformer ASP01A0668_002 in /tmp/pbe_data.data.home.granepura.5-kinases.cof_tpl_mg.run_kin.3ZOS_ASP01A0668_002
ForkPoolWorker-1: Calling delphi to calculate conformer ASP02A0668_003 in /tmp/pbe_data.data.home.granepura.5-kinases.cof_tpl_mg.run_kin.3ZOS_ASP02A0668_003
ForkPoolWorker-1: Calling delphi to calculate conformer ASP02A0668_004 in /tmp/pbe_data.data.home.granepura.5-kinases.cof_tpl_mg.run_kin.3ZOS_ASP02A0668_004
ForkPoolWorker-1: Calling delphi to calculate conformer ASP-1A0668_005 in /tmp/pbe_data.data.home.granepura.5-kinases.cof_tpl_mg.run_kin.3ZOS_ASP-1A0668_005
Skipping PBE solver for non-charge conformer PHE01A0669_001...
Skipping PBE solver for non-charge conformer LEU01A0670_001...
ForkPoolWorker-1: Calling delphi to calculate conformer LYS01A0671_001 in /tmp/pbe_data.data.home.granepura.5-kinases.cof_tpl_mg.run_kin.3ZOS_LYS01A0671_001
ForkPoolWorker-1: Calling delphi to calculate conformer LYS+1A0671_002 in /tmp/pbe_data.data.home.granepura.5-kinases.cof_tpl_mg.run_kin.3ZOS_LYS+1A0671_002
ForkPoolWorker-1: Calling delphi to calculate conformer GLU01A0672_001 in /tmp/pbe_data.data.home.granepura.5-kinases.cof_tpl_mg.run_kin.3ZOS_GLU01A0672_001
ForkPoolWorker-1: Calling delphi to calculate conformer GLU01A0672_002 in /tmp/pbe_data.data.home.granepura.5-kinases.cof_tpl_mg.run_kin.3ZOS_GLU01A0672_002
ForkPoolWorker-1: Calling delphi to calculate conformer GLU02A0672_003 in /tmp/pbe_data.data.home.granepura.5-kinases.cof_tpl_mg.run_kin.3ZOS_GLU02A0672_003
ForkPoolWorker-1: Calling delphi to calculate conformer GLU02A0672_004 in /tmp/pbe_data.data.home.granepura.5-kinases.cof_tpl_mg.run_kin.3ZOS_GLU02A0672_004
ForkPoolWorker-1: Calling delphi to calculate conformer GLU-1A0672_005 in /tmp/pbe_data.data.home.granepura.5-kinases.cof_tpl_mg.run_kin.3ZOS_GLU-1A0672_005
Skipping PBE solver for non-charge conformer VAL01A0673_001...
ForkPoolWorker-1: Calling delphi to calculate conformer LYS01A0674_001 in /tmp/pbe_data.data.home.granepura.5-kinases.cof_tpl_mg.run_kin.3ZOS_LYS01A0674_001
ForkPoolWorker-1: Calling delphi to calculate conformer LYS+1A0674_002 in /tmp/pbe_data.data.home.granepura.5-kinases.cof_tpl_mg.run_kin.3ZOS_LYS+1A0674_002
Skipping PBE solver for non-charge conformer ILE01A0675_001...
ForkPoolWorker-1: Calling delphi to calculate conformer MET01A0676_001 in /tmp/pbe_data.data.home.granepura.5-kinases.cof_tpl_mg.run_kin.3ZOS_MET01A0676_001
ForkPoolWorker-1: Calling delphi to calculate conformer SER01A0677_001 in /tmp/pbe_data.data.home.granepura.5-kinases.cof_tpl_mg.run_kin.3ZOS_SER01A0677_001
ForkPoolWorker-1: Calling delphi to calculate conformer SER01A0677_002 in /tmp/pbe_data.data.home.granepura.5-kinases.cof_tpl_mg.run_kin.3ZOS_SER01A0677_002
ForkPoolWorker-1: Calling delphi to calculate conformer ARG01A0678_001 in /tmp/pbe_data.data.home.granepura.5-kinases.cof_tpl_mg.run_kin.3ZOS_ARG01A0678_001
ForkPoolWorker-1: Calling delphi to calculate conformer ARG02A0678_002 in /tmp/pbe_data.data.home.granepura.5-kinases.cof_tpl_mg.run_kin.3ZOS_ARG02A0678_002
ForkPoolWorker-1: Calling delphi to calculate conformer ARG03A0678_003 in /tmp/pbe_data.data.home.granepura.5-kinases.cof_tpl_mg.run_kin.3ZOS_ARG03A0678_003
ForkPoolWorker-1: Calling delphi to calculate conformer ARG+1A0678_004 in /tmp/pbe_data.data.home.granepura.5-kinases.cof_tpl_mg.run_kin.3ZOS_ARG+1A0678_004
Skipping PBE solver for non-charge conformer LEU01A0679_001...
ForkPoolWorker-1: Calling delphi to calculate conformer LYS01A0680_001 in /tmp/pbe_data.data.home.granepura.5-kinases.cof_tpl_mg.run_kin.3ZOS_LYS01A0680_001
ForkPoolWorker-1: Calling delphi to calculate conformer LYS+1A0680_002 in /tmp/pbe_data.data.home.granepura.5-kinases.cof_tpl_mg.run_kin.3ZOS_LYS+1A0680_002
ForkPoolWorker-1: Calling delphi to calculate conformer ASP01A0681_001 in /tmp/pbe_data.data.home.granepura.5-kinases.cof_tpl_mg.run_kin.3ZOS_ASP01A0681_001
ForkPoolWorker-1: Calling delphi to calculate conformer ASP01A0681_002 in /tmp/pbe_data.data.home.granepura.5-kinases.cof_tpl_mg.run_kin.3ZOS_ASP01A0681_002
ForkPoolWorker-1: Calling delphi to calculate conformer ASP02A0681_003 in /tmp/pbe_data.data.home.granepura.5-kinases.cof_tpl_mg.run_kin.3ZOS_ASP02A0681_003
ForkPoolWorker-1: Calling delphi to calculate conformer ASP02A0681_004 in /tmp/pbe_data.data.home.granepura.5-kinases.cof_tpl_mg.run_kin.3ZOS_ASP02A0681_004
ForkPoolWorker-1: Calling delphi to calculate conformer ASP-1A0681_005 in /tmp/pbe_data.data.home.granepura.5-kinases.cof_tpl_mg.run_kin.3ZOS_ASP-1A0681_005
Skipping PBE solver for non-charge conformer PRO01A0682_001...
ForkPoolWorker-1: Calling delphi to calculate conformer ASN01A0683_001 in /tmp/pbe_data.data.home.granepura.5-kinases.cof_tpl_mg.run_kin.3ZOS_ASN01A0683_001
ForkPoolWorker-1: Calling delphi to calculate conformer ASN01A0683_002 in /tmp/pbe_data.data.home.granepura.5-kinases.cof_tpl_mg.run_kin.3ZOS_ASN01A0683_002
Skipping PBE solver for non-charge conformer ILE01A0684_001...
Skipping PBE solver for non-charge conformer ILE01A0685_001...
ForkPoolWorker-1: Calling delphi to calculate conformer ARG01A0686_001 in /tmp/pbe_data.data.home.granepura.5-kinases.cof_tpl_mg.run_kin.3ZOS_ARG01A0686_001
ForkPoolWorker-1: Calling delphi to calculate conformer ARG02A0686_002 in /tmp/pbe_data.data.home.granepura.5-kinases.cof_tpl_mg.run_kin.3ZOS_ARG02A0686_002
ForkPoolWorker-1: Calling delphi to calculate conformer ARG03A0686_003 in /tmp/pbe_data.data.home.granepura.5-kinases.cof_tpl_mg.run_kin.3ZOS_ARG03A0686_003
ForkPoolWorker-1: Calling delphi to calculate conformer ARG+1A0686_004 in /tmp/pbe_data.data.home.granepura.5-kinases.cof_tpl_mg.run_kin.3ZOS_ARG+1A0686_004
Skipping PBE solver for non-charge conformer LEU01A0687_001...
Skipping PBE solver for non-charge conformer LEU01A0688_001...
Skipping PBE solver for non-charge conformer VAL01A0690_001...
ForkPoolWorker-1: Calling delphi to calculate conformer CYS01A0691_001 in /tmp/pbe_data.data.home.granepura.5-kinases.cof_tpl_mg.run_kin.3ZOS_CYS01A0691_001
ForkPoolWorker-1: Calling delphi to calculate conformer CYS01A0691_002 in /tmp/pbe_data.data.home.granepura.5-kinases.cof_tpl_mg.run_kin.3ZOS_CYS01A0691_002
ForkPoolWorker-1: Calling delphi to calculate conformer CYS01A0691_003 in /tmp/pbe_data.data.home.granepura.5-kinases.cof_tpl_mg.run_kin.3ZOS_CYS01A0691_003
ForkPoolWorker-1: Calling delphi to calculate conformer CYS-1A0691_004 in /tmp/pbe_data.data.home.granepura.5-kinases.cof_tpl_mg.run_kin.3ZOS_CYS-1A0691_004
Skipping PBE solver for non-charge conformer VAL01A0692_001...
ForkPoolWorker-1: Calling delphi to calculate conformer GLN01A0693_001 in /tmp/pbe_data.data.home.granepura.5-kinases.cof_tpl_mg.run_kin.3ZOS_GLN01A0693_001
ForkPoolWorker-1: Calling delphi to calculate conformer GLN01A0693_002 in /tmp/pbe_data.data.home.granepura.5-kinases.cof_tpl_mg.run_kin.3ZOS_GLN01A0693_002
ForkPoolWorker-1: Calling delphi to calculate conformer ASP01A0694_001 in /tmp/pbe_data.data.home.granepura.5-kinases.cof_tpl_mg.run_kin.3ZOS_ASP01A0694_001
ForkPoolWorker-1: Calling delphi to calculate conformer ASP01A0694_002 in /tmp/pbe_data.data.home.granepura.5-kinases.cof_tpl_mg.run_kin.3ZOS_ASP01A0694_002
ForkPoolWorker-1: Calling delphi to calculate conformer ASP01A0694_003 in /tmp/pbe_data.data.home.granepura.5-kinases.cof_tpl_mg.run_kin.3ZOS_ASP01A0694_003
ForkPoolWorker-1: Calling delphi to calculate conformer ASP02A0694_004 in /tmp/pbe_data.data.home.granepura.5-kinases.cof_tpl_mg.run_kin.3ZOS_ASP02A0694_004
ForkPoolWorker-1: Calling delphi to calculate conformer ASP02A0694_005 in /tmp/pbe_data.data.home.granepura.5-kinases.cof_tpl_mg.run_kin.3ZOS_ASP02A0694_005
ForkPoolWorker-1: Calling delphi to calculate conformer ASP02A0694_006 in /tmp/pbe_data.data.home.granepura.5-kinases.cof_tpl_mg.run_kin.3ZOS_ASP02A0694_006
ForkPoolWorker-1: Calling delphi to calculate conformer ASP02A0694_007 in /tmp/pbe_data.data.home.granepura.5-kinases.cof_tpl_mg.run_kin.3ZOS_ASP02A0694_007
ForkPoolWorker-1: Calling delphi to calculate conformer ASP-1A0694_008 in /tmp/pbe_data.data.home.granepura.5-kinases.cof_tpl_mg.run_kin.3ZOS_ASP-1A0694_008
ForkPoolWorker-1: Calling delphi to calculate conformer ASP01A0695_001 in /tmp/pbe_data.data.home.granepura.5-kinases.cof_tpl_mg.run_kin.3ZOS_ASP01A0695_001
ForkPoolWorker-1: Calling delphi to calculate conformer ASP01A0695_002 in /tmp/pbe_data.data.home.granepura.5-kinases.cof_tpl_mg.run_kin.3ZOS_ASP01A0695_002
ForkPoolWorker-1: Calling delphi to calculate conformer ASP02A0695_003 in /tmp/pbe_data.data.home.granepura.5-kinases.cof_tpl_mg.run_kin.3ZOS_ASP02A0695_003
ForkPoolWorker-1: Calling delphi to calculate conformer ASP02A0695_004 in /tmp/pbe_data.data.home.granepura.5-kinases.cof_tpl_mg.run_kin.3ZOS_ASP02A0695_004
ForkPoolWorker-1: Calling delphi to calculate conformer ASP-1A0695_005 in /tmp/pbe_data.data.home.granepura.5-kinases.cof_tpl_mg.run_kin.3ZOS_ASP-1A0695_005
Skipping PBE solver for non-charge conformer PRO01A0696_001...
Skipping PBE solver for non-charge conformer LEU01A0697_001...
ForkPoolWorker-1: Calling delphi to calculate conformer CYS01A0698_001 in /tmp/pbe_data.data.home.granepura.5-kinases.cof_tpl_mg.run_kin.3ZOS_CYS01A0698_001
ForkPoolWorker-1: Calling delphi to calculate conformer CYS01A0698_002 in /tmp/pbe_data.data.home.granepura.5-kinases.cof_tpl_mg.run_kin.3ZOS_CYS01A0698_002
ForkPoolWorker-1: Calling delphi to calculate conformer CYS01A0698_003 in /tmp/pbe_data.data.home.granepura.5-kinases.cof_tpl_mg.run_kin.3ZOS_CYS01A0698_003
ForkPoolWorker-1: Calling delphi to calculate conformer CYS-1A0698_004 in /tmp/pbe_data.data.home.granepura.5-kinases.cof_tpl_mg.run_kin.3ZOS_CYS-1A0698_004
ForkPoolWorker-1: Calling delphi to calculate conformer MET01A0699_001 in /tmp/pbe_data.data.home.granepura.5-kinases.cof_tpl_mg.run_kin.3ZOS_MET01A0699_001
Skipping PBE solver for non-charge conformer ILE01A0700_001...
ForkPoolWorker-1: Calling delphi to calculate conformer THR01A0701_001 in /tmp/pbe_data.data.home.granepura.5-kinases.cof_tpl_mg.run_kin.3ZOS_THR01A0701_001
ForkPoolWorker-1: Calling delphi to calculate conformer THR01A0701_002 in /tmp/pbe_data.data.home.granepura.5-kinases.cof_tpl_mg.run_kin.3ZOS_THR01A0701_002
ForkPoolWorker-1: Calling delphi to calculate conformer THR01A0701_003 in /tmp/pbe_data.data.home.granepura.5-kinases.cof_tpl_mg.run_kin.3ZOS_THR01A0701_003
ForkPoolWorker-1: Calling delphi to calculate conformer ASP01A0702_001 in /tmp/pbe_data.data.home.granepura.5-kinases.cof_tpl_mg.run_kin.3ZOS_ASP01A0702_001
ForkPoolWorker-1: Calling delphi to calculate conformer ASP01A0702_002 in /tmp/pbe_data.data.home.granepura.5-kinases.cof_tpl_mg.run_kin.3ZOS_ASP01A0702_002
ForkPoolWorker-1: Calling delphi to calculate conformer ASP02A0702_003 in /tmp/pbe_data.data.home.granepura.5-kinases.cof_tpl_mg.run_kin.3ZOS_ASP02A0702_003
ForkPoolWorker-1: Calling delphi to calculate conformer ASP02A0702_004 in /tmp/pbe_data.data.home.granepura.5-kinases.cof_tpl_mg.run_kin.3ZOS_ASP02A0702_004
ForkPoolWorker-1: Calling delphi to calculate conformer ASP-1A0702_005 in /tmp/pbe_data.data.home.granepura.5-kinases.cof_tpl_mg.run_kin.3ZOS_ASP-1A0702_005
ForkPoolWorker-1: Calling delphi to calculate conformer TYR01A0703_001 in /tmp/pbe_data.data.home.granepura.5-kinases.cof_tpl_mg.run_kin.3ZOS_TYR01A0703_001
ForkPoolWorker-1: Calling delphi to calculate conformer TYR-1A0703_002 in /tmp/pbe_data.data.home.granepura.5-kinases.cof_tpl_mg.run_kin.3ZOS_TYR-1A0703_002
ForkPoolWorker-1: Calling delphi to calculate conformer MET01A0704_001 in /tmp/pbe_data.data.home.granepura.5-kinases.cof_tpl_mg.run_kin.3ZOS_MET01A0704_001
ForkPoolWorker-1: Calling delphi to calculate conformer GLU01A0705_001 in /tmp/pbe_data.data.home.granepura.5-kinases.cof_tpl_mg.run_kin.3ZOS_GLU01A0705_001
ForkPoolWorker-1: Calling delphi to calculate conformer GLU01A0705_002 in /tmp/pbe_data.data.home.granepura.5-kinases.cof_tpl_mg.run_kin.3ZOS_GLU01A0705_002
ForkPoolWorker-1: Calling delphi to calculate conformer GLU02A0705_003 in /tmp/pbe_data.data.home.granepura.5-kinases.cof_tpl_mg.run_kin.3ZOS_GLU02A0705_003
ForkPoolWorker-1: Calling delphi to calculate conformer GLU02A0705_004 in /tmp/pbe_data.data.home.granepura.5-kinases.cof_tpl_mg.run_kin.3ZOS_GLU02A0705_004
ForkPoolWorker-1: Calling delphi to calculate conformer GLU-1A0705_005 in /tmp/pbe_data.data.home.granepura.5-kinases.cof_tpl_mg.run_kin.3ZOS_GLU-1A0705_005
ForkPoolWorker-1: Calling delphi to calculate conformer ASN01A0706_001 in /tmp/pbe_data.data.home.granepura.5-kinases.cof_tpl_mg.run_kin.3ZOS_ASN01A0706_001
ForkPoolWorker-1: Calling delphi to calculate conformer ASN01A0706_002 in /tmp/pbe_data.data.home.granepura.5-kinases.cof_tpl_mg.run_kin.3ZOS_ASN01A0706_002
ForkPoolWorker-1: Calling delphi to calculate conformer ASP01A0708_001 in /tmp/pbe_data.data.home.granepura.5-kinases.cof_tpl_mg.run_kin.3ZOS_ASP01A0708_001
ForkPoolWorker-1: Calling delphi to calculate conformer ASP01A0708_002 in /tmp/pbe_data.data.home.granepura.5-kinases.cof_tpl_mg.run_kin.3ZOS_ASP01A0708_002
ForkPoolWorker-1: Calling delphi to calculate conformer ASP02A0708_003 in /tmp/pbe_data.data.home.granepura.5-kinases.cof_tpl_mg.run_kin.3ZOS_ASP02A0708_003
ForkPoolWorker-1: Calling delphi to calculate conformer ASP02A0708_004 in /tmp/pbe_data.data.home.granepura.5-kinases.cof_tpl_mg.run_kin.3ZOS_ASP02A0708_004
ForkPoolWorker-1: Calling delphi to calculate conformer ASP-1A0708_005 in /tmp/pbe_data.data.home.granepura.5-kinases.cof_tpl_mg.run_kin.3ZOS_ASP-1A0708_005
Skipping PBE solver for non-charge conformer LEU01A0709_001...
ForkPoolWorker-1: Calling delphi to calculate conformer ASN01A0710_001 in /tmp/pbe_data.data.home.granepura.5-kinases.cof_tpl_mg.run_kin.3ZOS_ASN01A0710_001
ForkPoolWorker-1: Calling delphi to calculate conformer ASN01A0710_002 in /tmp/pbe_data.data.home.granepura.5-kinases.cof_tpl_mg.run_kin.3ZOS_ASN01A0710_002
ForkPoolWorker-1: Calling delphi to calculate conformer GLN01A0711_001 in /tmp/pbe_data.data.home.granepura.5-kinases.cof_tpl_mg.run_kin.3ZOS_GLN01A0711_001
ForkPoolWorker-1: Calling delphi to calculate conformer GLN01A0711_002 in /tmp/pbe_data.data.home.granepura.5-kinases.cof_tpl_mg.run_kin.3ZOS_GLN01A0711_002
Skipping PBE solver for non-charge conformer PHE01A0712_001...
Skipping PBE solver for non-charge conformer LEU01A0713_001...
ForkPoolWorker-1: Calling delphi to calculate conformer SER01A0714_001 in /tmp/pbe_data.data.home.granepura.5-kinases.cof_tpl_mg.run_kin.3ZOS_SER01A0714_001
ForkPoolWorker-1: Calling delphi to calculate conformer SER01A0714_002 in /tmp/pbe_data.data.home.granepura.5-kinases.cof_tpl_mg.run_kin.3ZOS_SER01A0714_002
Skipping PBE solver for non-charge conformer ALA01A0715_001...
ForkPoolWorker-1: Calling delphi to calculate conformer HIS01A0716_001 in /tmp/pbe_data.data.home.granepura.5-kinases.cof_tpl_mg.run_kin.3ZOS_HIS01A0716_001
ForkPoolWorker-1: Calling delphi to calculate conformer HIS02A0716_002 in /tmp/pbe_data.data.home.granepura.5-kinases.cof_tpl_mg.run_kin.3ZOS_HIS02A0716_002
ForkPoolWorker-1: Calling delphi to calculate conformer HIS+1A0716_003 in /tmp/pbe_data.data.home.granepura.5-kinases.cof_tpl_mg.run_kin.3ZOS_HIS+1A0716_003
ForkPoolWorker-1: Calling delphi to calculate conformer GLN01A0717_001 in /tmp/pbe_data.data.home.granepura.5-kinases.cof_tpl_mg.run_kin.3ZOS_GLN01A0717_001
ForkPoolWorker-1: Calling delphi to calculate conformer GLN01A0717_002 in /tmp/pbe_data.data.home.granepura.5-kinases.cof_tpl_mg.run_kin.3ZOS_GLN01A0717_002
Skipping PBE solver for non-charge conformer LEU01A0718_001...
ForkPoolWorker-1: Calling delphi to calculate conformer GLU01A0719_001 in /tmp/pbe_data.data.home.granepura.5-kinases.cof_tpl_mg.run_kin.3ZOS_GLU01A0719_001
ForkPoolWorker-1: Calling delphi to calculate conformer GLU01A0719_002 in /tmp/pbe_data.data.home.granepura.5-kinases.cof_tpl_mg.run_kin.3ZOS_GLU01A0719_002
ForkPoolWorker-1: Calling delphi to calculate conformer GLU02A0719_003 in /tmp/pbe_data.data.home.granepura.5-kinases.cof_tpl_mg.run_kin.3ZOS_GLU02A0719_003
ForkPoolWorker-1: Calling delphi to calculate conformer GLU02A0719_004 in /tmp/pbe_data.data.home.granepura.5-kinases.cof_tpl_mg.run_kin.3ZOS_GLU02A0719_004
ForkPoolWorker-1: Calling delphi to calculate conformer GLU-1A0719_005 in /tmp/pbe_data.data.home.granepura.5-kinases.cof_tpl_mg.run_kin.3ZOS_GLU-1A0719_005
ForkPoolWorker-1: Calling delphi to calculate conformer ASP01A0720_001 in /tmp/pbe_data.data.home.granepura.5-kinases.cof_tpl_mg.run_kin.3ZOS_ASP01A0720_001
ForkPoolWorker-1: Calling delphi to calculate conformer ASP01A0720_002 in /tmp/pbe_data.data.home.granepura.5-kinases.cof_tpl_mg.run_kin.3ZOS_ASP01A0720_002
ForkPoolWorker-1: Calling delphi to calculate conformer ASP02A0720_003 in /tmp/pbe_data.data.home.granepura.5-kinases.cof_tpl_mg.run_kin.3ZOS_ASP02A0720_003
ForkPoolWorker-1: Calling delphi to calculate conformer ASP02A0720_004 in /tmp/pbe_data.data.home.granepura.5-kinases.cof_tpl_mg.run_kin.3ZOS_ASP02A0720_004
ForkPoolWorker-1: Calling delphi to calculate conformer ASP-1A0720_005 in /tmp/pbe_data.data.home.granepura.5-kinases.cof_tpl_mg.run_kin.3ZOS_ASP-1A0720_005
Skipping PBE solver for non-charge conformer ALA01A0732_001...
Skipping PBE solver for non-charge conformer ALA01A0733_001...
ForkPoolWorker-1: Calling delphi to calculate conformer GLN01A0734_001 in /tmp/pbe_data.data.home.granepura.5-kinases.cof_tpl_mg.run_kin.3ZOS_GLN01A0734_001
ForkPoolWorker-1: Calling delphi to calculate conformer GLN01A0734_002 in /tmp/pbe_data.data.home.granepura.5-kinases.cof_tpl_mg.run_kin.3ZOS_GLN01A0734_002
Skipping PBE solver for non-charge conformer PRO01A0736_001...
ForkPoolWorker-1: Calling delphi to calculate conformer THR01A0737_001 in /tmp/pbe_data.data.home.granepura.5-kinases.cof_tpl_mg.run_kin.3ZOS_THR01A0737_001
ForkPoolWorker-1: Calling delphi to calculate conformer THR01A0737_002 in /tmp/pbe_data.data.home.granepura.5-kinases.cof_tpl_mg.run_kin.3ZOS_THR01A0737_002
Skipping PBE solver for non-charge conformer ILE01A0738_001...
ForkPoolWorker-1: Calling delphi to calculate conformer SER01A0739_001 in /tmp/pbe_data.data.home.granepura.5-kinases.cof_tpl_mg.run_kin.3ZOS_SER01A0739_001
ForkPoolWorker-1: Calling delphi to calculate conformer SER01A0739_002 in /tmp/pbe_data.data.home.granepura.5-kinases.cof_tpl_mg.run_kin.3ZOS_SER01A0739_002
ForkPoolWorker-1: Calling delphi to calculate conformer TYR01A0740_001 in /tmp/pbe_data.data.home.granepura.5-kinases.cof_tpl_mg.run_kin.3ZOS_TYR01A0740_001
ForkPoolWorker-1: Calling delphi to calculate conformer TYR-1A0740_002 in /tmp/pbe_data.data.home.granepura.5-kinases.cof_tpl_mg.run_kin.3ZOS_TYR-1A0740_002
Skipping PBE solver for non-charge conformer PRO01A0741_001...
ForkPoolWorker-1: Calling delphi to calculate conformer MET01A0742_001 in /tmp/pbe_data.data.home.granepura.5-kinases.cof_tpl_mg.run_kin.3ZOS_MET01A0742_001
Skipping PBE solver for non-charge conformer LEU01A0743_001...
Skipping PBE solver for non-charge conformer LEU01A0744_001...
ForkPoolWorker-1: Calling delphi to calculate conformer HIS01A0745_001 in /tmp/pbe_data.data.home.granepura.5-kinases.cof_tpl_mg.run_kin.3ZOS_HIS01A0745_001
ForkPoolWorker-1: Calling delphi to calculate conformer HIS01A0745_002 in /tmp/pbe_data.data.home.granepura.5-kinases.cof_tpl_mg.run_kin.3ZOS_HIS01A0745_002
ForkPoolWorker-1: Calling delphi to calculate conformer HIS01A0745_003 in /tmp/pbe_data.data.home.granepura.5-kinases.cof_tpl_mg.run_kin.3ZOS_HIS01A0745_003
ForkPoolWorker-1: Calling delphi to calculate conformer HIS02A0745_004 in /tmp/pbe_data.data.home.granepura.5-kinases.cof_tpl_mg.run_kin.3ZOS_HIS02A0745_004
ForkPoolWorker-1: Calling delphi to calculate conformer HIS02A0745_005 in /tmp/pbe_data.data.home.granepura.5-kinases.cof_tpl_mg.run_kin.3ZOS_HIS02A0745_005
ForkPoolWorker-1: Calling delphi to calculate conformer HIS02A0745_006 in /tmp/pbe_data.data.home.granepura.5-kinases.cof_tpl_mg.run_kin.3ZOS_HIS02A0745_006
ForkPoolWorker-1: Calling delphi to calculate conformer HIS+1A0745_007 in /tmp/pbe_data.data.home.granepura.5-kinases.cof_tpl_mg.run_kin.3ZOS_HIS+1A0745_007
ForkPoolWorker-1: Calling delphi to calculate conformer HIS+1A0745_008 in /tmp/pbe_data.data.home.granepura.5-kinases.cof_tpl_mg.run_kin.3ZOS_HIS+1A0745_008
ForkPoolWorker-1: Calling delphi to calculate conformer HIS+1A0745_009 in /tmp/pbe_data.data.home.granepura.5-kinases.cof_tpl_mg.run_kin.3ZOS_HIS+1A0745_009
Skipping PBE solver for non-charge conformer VAL01A0746_001...
Skipping PBE solver for non-charge conformer ALA01A0747_001...
Skipping PBE solver for non-charge conformer ALA01A0748_001...
ForkPoolWorker-1: Calling delphi to calculate conformer GLN01A0749_001 in /tmp/pbe_data.data.home.granepura.5-kinases.cof_tpl_mg.run_kin.3ZOS_GLN01A0749_001
ForkPoolWorker-1: Calling delphi to calculate conformer GLN01A0749_002 in /tmp/pbe_data.data.home.granepura.5-kinases.cof_tpl_mg.run_kin.3ZOS_GLN01A0749_002
Skipping PBE solver for non-charge conformer ILE01A0750_001...
Skipping PBE solver for non-charge conformer ALA01A0751_001...
ForkPoolWorker-1: Calling delphi to calculate conformer SER01A0752_001 in /tmp/pbe_data.data.home.granepura.5-kinases.cof_tpl_mg.run_kin.3ZOS_SER01A0752_001
ForkPoolWorker-1: Calling delphi to calculate conformer SER01A0752_002 in /tmp/pbe_data.data.home.granepura.5-kinases.cof_tpl_mg.run_kin.3ZOS_SER01A0752_002
ForkPoolWorker-1: Calling delphi to calculate conformer SER01A0752_003 in /tmp/pbe_data.data.home.granepura.5-kinases.cof_tpl_mg.run_kin.3ZOS_SER01A0752_003
ForkPoolWorker-1: Calling delphi to calculate conformer MET01A0754_001 in /tmp/pbe_data.data.home.granepura.5-kinases.cof_tpl_mg.run_kin.3ZOS_MET01A0754_001
ForkPoolWorker-1: Calling delphi to calculate conformer ARG01A0755_001 in /tmp/pbe_data.data.home.granepura.5-kinases.cof_tpl_mg.run_kin.3ZOS_ARG01A0755_001
ForkPoolWorker-1: Calling delphi to calculate conformer ARG02A0755_002 in /tmp/pbe_data.data.home.granepura.5-kinases.cof_tpl_mg.run_kin.3ZOS_ARG02A0755_002
ForkPoolWorker-1: Calling delphi to calculate conformer ARG03A0755_003 in /tmp/pbe_data.data.home.granepura.5-kinases.cof_tpl_mg.run_kin.3ZOS_ARG03A0755_003
ForkPoolWorker-1: Calling delphi to calculate conformer ARG+1A0755_004 in /tmp/pbe_data.data.home.granepura.5-kinases.cof_tpl_mg.run_kin.3ZOS_ARG+1A0755_004
ForkPoolWorker-1: Calling delphi to calculate conformer TYR01A0756_001 in /tmp/pbe_data.data.home.granepura.5-kinases.cof_tpl_mg.run_kin.3ZOS_TYR01A0756_001
ForkPoolWorker-1: Calling delphi to calculate conformer TYR01A0756_002 in /tmp/pbe_data.data.home.granepura.5-kinases.cof_tpl_mg.run_kin.3ZOS_TYR01A0756_002
ForkPoolWorker-1: Calling delphi to calculate conformer TYR-1A0756_003 in /tmp/pbe_data.data.home.granepura.5-kinases.cof_tpl_mg.run_kin.3ZOS_TYR-1A0756_003
Skipping PBE solver for non-charge conformer LEU01A0757_001...
Skipping PBE solver for non-charge conformer ALA01A0758_001...
ForkPoolWorker-1: Calling delphi to calculate conformer THR01A0759_001 in /tmp/pbe_data.data.home.granepura.5-kinases.cof_tpl_mg.run_kin.3ZOS_THR01A0759_001
Skipping PBE solver for non-charge conformer LEU01A0760_001...
ForkPoolWorker-1: Calling delphi to calculate conformer ASN01A0761_001 in /tmp/pbe_data.data.home.granepura.5-kinases.cof_tpl_mg.run_kin.3ZOS_ASN01A0761_001
ForkPoolWorker-1: Calling delphi to calculate conformer ASN01A0761_002 in /tmp/pbe_data.data.home.granepura.5-kinases.cof_tpl_mg.run_kin.3ZOS_ASN01A0761_002
Skipping PBE solver for non-charge conformer PHE01A0762_001...
Skipping PBE solver for non-charge conformer VAL01A0763_001...
ForkPoolWorker-1: Calling delphi to calculate conformer HIS01A0764_001 in /tmp/pbe_data.data.home.granepura.5-kinases.cof_tpl_mg.run_kin.3ZOS_HIS01A0764_001
ForkPoolWorker-1: Calling delphi to calculate conformer HIS02A0764_002 in /tmp/pbe_data.data.home.granepura.5-kinases.cof_tpl_mg.run_kin.3ZOS_HIS02A0764_002
ForkPoolWorker-1: Calling delphi to calculate conformer HIS+1A0764_003 in /tmp/pbe_data.data.home.granepura.5-kinases.cof_tpl_mg.run_kin.3ZOS_HIS+1A0764_003
ForkPoolWorker-1: Calling delphi to calculate conformer ARG01A0765_001 in /tmp/pbe_data.data.home.granepura.5-kinases.cof_tpl_mg.run_kin.3ZOS_ARG01A0765_001
ForkPoolWorker-1: Calling delphi to calculate conformer ARG02A0765_002 in /tmp/pbe_data.data.home.granepura.5-kinases.cof_tpl_mg.run_kin.3ZOS_ARG02A0765_002
ForkPoolWorker-1: Calling delphi to calculate conformer ARG03A0765_003 in /tmp/pbe_data.data.home.granepura.5-kinases.cof_tpl_mg.run_kin.3ZOS_ARG03A0765_003
ForkPoolWorker-1: Calling delphi to calculate conformer ARG+1A0765_004 in /tmp/pbe_data.data.home.granepura.5-kinases.cof_tpl_mg.run_kin.3ZOS_ARG+1A0765_004
ForkPoolWorker-1: Calling delphi to calculate conformer ASP01A0766_001 in /tmp/pbe_data.data.home.granepura.5-kinases.cof_tpl_mg.run_kin.3ZOS_ASP01A0766_001
ForkPoolWorker-1: Calling delphi to calculate conformer ASP01A0766_002 in /tmp/pbe_data.data.home.granepura.5-kinases.cof_tpl_mg.run_kin.3ZOS_ASP01A0766_002
ForkPoolWorker-1: Calling delphi to calculate conformer ASP02A0766_003 in /tmp/pbe_data.data.home.granepura.5-kinases.cof_tpl_mg.run_kin.3ZOS_ASP02A0766_003
ForkPoolWorker-1: Calling delphi to calculate conformer ASP02A0766_004 in /tmp/pbe_data.data.home.granepura.5-kinases.cof_tpl_mg.run_kin.3ZOS_ASP02A0766_004
ForkPoolWorker-1: Calling delphi to calculate conformer ASP-1A0766_005 in /tmp/pbe_data.data.home.granepura.5-kinases.cof_tpl_mg.run_kin.3ZOS_ASP-1A0766_005
Skipping PBE solver for non-charge conformer LEU01A0767_001...
Skipping PBE solver for non-charge conformer ALA01A0768_001...
ForkPoolWorker-1: Calling delphi to calculate conformer THR01A0769_001 in /tmp/pbe_data.data.home.granepura.5-kinases.cof_tpl_mg.run_kin.3ZOS_THR01A0769_001
ForkPoolWorker-1: Calling delphi to calculate conformer THR01A0769_002 in /tmp/pbe_data.data.home.granepura.5-kinases.cof_tpl_mg.run_kin.3ZOS_THR01A0769_002
ForkPoolWorker-1: Calling delphi to calculate conformer THR01A0769_003 in /tmp/pbe_data.data.home.granepura.5-kinases.cof_tpl_mg.run_kin.3ZOS_THR01A0769_003
ForkPoolWorker-1: Calling delphi to calculate conformer ARG01A0770_001 in /tmp/pbe_data.data.home.granepura.5-kinases.cof_tpl_mg.run_kin.3ZOS_ARG01A0770_001
ForkPoolWorker-1: Calling delphi to calculate conformer ARG02A0770_002 in /tmp/pbe_data.data.home.granepura.5-kinases.cof_tpl_mg.run_kin.3ZOS_ARG02A0770_002
ForkPoolWorker-1: Calling delphi to calculate conformer ARG02A0770_003 in /tmp/pbe_data.data.home.granepura.5-kinases.cof_tpl_mg.run_kin.3ZOS_ARG02A0770_003
ForkPoolWorker-1: Calling delphi to calculate conformer ARG03A0770_004 in /tmp/pbe_data.data.home.granepura.5-kinases.cof_tpl_mg.run_kin.3ZOS_ARG03A0770_004
ForkPoolWorker-1: Calling delphi to calculate conformer ARG03A0770_005 in /tmp/pbe_data.data.home.granepura.5-kinases.cof_tpl_mg.run_kin.3ZOS_ARG03A0770_005
ForkPoolWorker-1: Calling delphi to calculate conformer ARG+1A0770_006 in /tmp/pbe_data.data.home.granepura.5-kinases.cof_tpl_mg.run_kin.3ZOS_ARG+1A0770_006
ForkPoolWorker-1: Calling delphi to calculate conformer ASN01A0771_001 in /tmp/pbe_data.data.home.granepura.5-kinases.cof_tpl_mg.run_kin.3ZOS_ASN01A0771_001
ForkPoolWorker-1: Calling delphi to calculate conformer ASN01A0771_002 in /tmp/pbe_data.data.home.granepura.5-kinases.cof_tpl_mg.run_kin.3ZOS_ASN01A0771_002
ForkPoolWorker-1: Calling delphi to calculate conformer CYS01A0772_001 in /tmp/pbe_data.data.home.granepura.5-kinases.cof_tpl_mg.run_kin.3ZOS_CYS01A0772_001
ForkPoolWorker-1: Calling delphi to calculate conformer CYS01A0772_002 in /tmp/pbe_data.data.home.granepura.5-kinases.cof_tpl_mg.run_kin.3ZOS_CYS01A0772_002
ForkPoolWorker-1: Calling delphi to calculate conformer CYS01A0772_003 in /tmp/pbe_data.data.home.granepura.5-kinases.cof_tpl_mg.run_kin.3ZOS_CYS01A0772_003
ForkPoolWorker-1: Calling delphi to calculate conformer CYS-1A0772_004 in /tmp/pbe_data.data.home.granepura.5-kinases.cof_tpl_mg.run_kin.3ZOS_CYS-1A0772_004
Skipping PBE solver for non-charge conformer LEU01A0773_001...
Skipping PBE solver for non-charge conformer VAL01A0774_001...
ForkPoolWorker-1: Calling delphi to calculate conformer GLU01A0776_001 in /tmp/pbe_data.data.home.granepura.5-kinases.cof_tpl_mg.run_kin.3ZOS_GLU01A0776_001
ForkPoolWorker-1: Calling delphi to calculate conformer GLU01A0776_002 in /tmp/pbe_data.data.home.granepura.5-kinases.cof_tpl_mg.run_kin.3ZOS_GLU01A0776_002
ForkPoolWorker-1: Calling delphi to calculate conformer GLU02A0776_003 in /tmp/pbe_data.data.home.granepura.5-kinases.cof_tpl_mg.run_kin.3ZOS_GLU02A0776_003
ForkPoolWorker-1: Calling delphi to calculate conformer GLU02A0776_004 in /tmp/pbe_data.data.home.granepura.5-kinases.cof_tpl_mg.run_kin.3ZOS_GLU02A0776_004
ForkPoolWorker-1: Calling delphi to calculate conformer GLU-1A0776_005 in /tmp/pbe_data.data.home.granepura.5-kinases.cof_tpl_mg.run_kin.3ZOS_GLU-1A0776_005
ForkPoolWorker-1: Calling delphi to calculate conformer ASN01A0777_001 in /tmp/pbe_data.data.home.granepura.5-kinases.cof_tpl_mg.run_kin.3ZOS_ASN01A0777_001
ForkPoolWorker-1: Calling delphi to calculate conformer ASN01A0777_002 in /tmp/pbe_data.data.home.granepura.5-kinases.cof_tpl_mg.run_kin.3ZOS_ASN01A0777_002
Skipping PBE solver for non-charge conformer PHE01A0778_001...
ForkPoolWorker-1: Calling delphi to calculate conformer THR01A0779_001 in /tmp/pbe_data.data.home.granepura.5-kinases.cof_tpl_mg.run_kin.3ZOS_THR01A0779_001
ForkPoolWorker-1: Calling delphi to calculate conformer THR01A0779_002 in /tmp/pbe_data.data.home.granepura.5-kinases.cof_tpl_mg.run_kin.3ZOS_THR01A0779_002
Skipping PBE solver for non-charge conformer ILE01A0780_001...
ForkPoolWorker-1: Calling delphi to calculate conformer LYS01A0781_001 in /tmp/pbe_data.data.home.granepura.5-kinases.cof_tpl_mg.run_kin.3ZOS_LYS01A0781_001
ForkPoolWorker-1: Calling delphi to calculate conformer LYS+1A0781_002 in /tmp/pbe_data.data.home.granepura.5-kinases.cof_tpl_mg.run_kin.3ZOS_LYS+1A0781_002
Skipping PBE solver for non-charge conformer ILE01A0782_001...
Skipping PBE solver for non-charge conformer ALA01A0783_001...
ForkPoolWorker-1: Calling delphi to calculate conformer ASP01A0784_001 in /tmp/pbe_data.data.home.granepura.5-kinases.cof_tpl_mg.run_kin.3ZOS_ASP01A0784_001
ForkPoolWorker-1: Calling delphi to calculate conformer ASP01A0784_002 in /tmp/pbe_data.data.home.granepura.5-kinases.cof_tpl_mg.run_kin.3ZOS_ASP01A0784_002
ForkPoolWorker-1: Calling delphi to calculate conformer ASP02A0784_003 in /tmp/pbe_data.data.home.granepura.5-kinases.cof_tpl_mg.run_kin.3ZOS_ASP02A0784_003
ForkPoolWorker-1: Calling delphi to calculate conformer ASP02A0784_004 in /tmp/pbe_data.data.home.granepura.5-kinases.cof_tpl_mg.run_kin.3ZOS_ASP02A0784_004
ForkPoolWorker-1: Calling delphi to calculate conformer ASP-1A0784_005 in /tmp/pbe_data.data.home.granepura.5-kinases.cof_tpl_mg.run_kin.3ZOS_ASP-1A0784_005
Skipping PBE solver for non-charge conformer PHE01A0785_001...
ForkPoolWorker-1: Calling delphi to calculate conformer MET01A0787_001 in /tmp/pbe_data.data.home.granepura.5-kinases.cof_tpl_mg.run_kin.3ZOS_MET01A0787_001
ForkPoolWorker-1: Calling delphi to calculate conformer SER01A0788_001 in /tmp/pbe_data.data.home.granepura.5-kinases.cof_tpl_mg.run_kin.3ZOS_SER01A0788_001
ForkPoolWorker-1: Calling delphi to calculate conformer SER01A0788_002 in /tmp/pbe_data.data.home.granepura.5-kinases.cof_tpl_mg.run_kin.3ZOS_SER01A0788_002
ForkPoolWorker-1: Calling delphi to calculate conformer SER01A0788_003 in /tmp/pbe_data.data.home.granepura.5-kinases.cof_tpl_mg.run_kin.3ZOS_SER01A0788_003
ForkPoolWorker-1: Calling delphi to calculate conformer ARG01A0789_001 in /tmp/pbe_data.data.home.granepura.5-kinases.cof_tpl_mg.run_kin.3ZOS_ARG01A0789_001
ForkPoolWorker-1: Calling delphi to calculate conformer ARG02A0789_002 in /tmp/pbe_data.data.home.granepura.5-kinases.cof_tpl_mg.run_kin.3ZOS_ARG02A0789_002
ForkPoolWorker-1: Calling delphi to calculate conformer ARG02A0789_003 in /tmp/pbe_data.data.home.granepura.5-kinases.cof_tpl_mg.run_kin.3ZOS_ARG02A0789_003
ForkPoolWorker-1: Calling delphi to calculate conformer ARG03A0789_004 in /tmp/pbe_data.data.home.granepura.5-kinases.cof_tpl_mg.run_kin.3ZOS_ARG03A0789_004
ForkPoolWorker-1: Calling delphi to calculate conformer ARG03A0789_005 in /tmp/pbe_data.data.home.granepura.5-kinases.cof_tpl_mg.run_kin.3ZOS_ARG03A0789_005
ForkPoolWorker-1: Calling delphi to calculate conformer ARG+1A0789_006 in /tmp/pbe_data.data.home.granepura.5-kinases.cof_tpl_mg.run_kin.3ZOS_ARG+1A0789_006
ForkPoolWorker-1: Calling delphi to calculate conformer ASN01A0790_001 in /tmp/pbe_data.data.home.granepura.5-kinases.cof_tpl_mg.run_kin.3ZOS_ASN01A0790_001
Skipping PBE solver for non-charge conformer LEU01A0791_001...
ForkPoolWorker-1: Calling delphi to calculate conformer TYR01A0792_001 in /tmp/pbe_data.data.home.granepura.5-kinases.cof_tpl_mg.run_kin.3ZOS_TYR01A0792_001
ForkPoolWorker-1: Calling delphi to calculate conformer TYR01A0792_002 in /tmp/pbe_data.data.home.granepura.5-kinases.cof_tpl_mg.run_kin.3ZOS_TYR01A0792_002
ForkPoolWorker-1: Calling delphi to calculate conformer TYR-1A0792_003 in /tmp/pbe_data.data.home.granepura.5-kinases.cof_tpl_mg.run_kin.3ZOS_TYR-1A0792_003
Skipping PBE solver for non-charge conformer ALA01A0793_001...
ForkPoolWorker-1: Calling delphi to calculate conformer ASP01A0795_001 in /tmp/pbe_data.data.home.granepura.5-kinases.cof_tpl_mg.run_kin.3ZOS_ASP01A0795_001
ForkPoolWorker-1: Calling delphi to calculate conformer ASP01A0795_002 in /tmp/pbe_data.data.home.granepura.5-kinases.cof_tpl_mg.run_kin.3ZOS_ASP01A0795_002
ForkPoolWorker-1: Calling delphi to calculate conformer ASP02A0795_003 in /tmp/pbe_data.data.home.granepura.5-kinases.cof_tpl_mg.run_kin.3ZOS_ASP02A0795_003
ForkPoolWorker-1: Calling delphi to calculate conformer ASP02A0795_004 in /tmp/pbe_data.data.home.granepura.5-kinases.cof_tpl_mg.run_kin.3ZOS_ASP02A0795_004
ForkPoolWorker-1: Calling delphi to calculate conformer ASP-1A0795_005 in /tmp/pbe_data.data.home.granepura.5-kinases.cof_tpl_mg.run_kin.3ZOS_ASP-1A0795_005
ForkPoolWorker-1: Calling delphi to calculate conformer TYR01A0796_001 in /tmp/pbe_data.data.home.granepura.5-kinases.cof_tpl_mg.run_kin.3ZOS_TYR01A0796_001
ForkPoolWorker-1: Calling delphi to calculate conformer TYR01A0796_002 in /tmp/pbe_data.data.home.granepura.5-kinases.cof_tpl_mg.run_kin.3ZOS_TYR01A0796_002
ForkPoolWorker-1: Calling delphi to calculate conformer TYR-1A0796_003 in /tmp/pbe_data.data.home.granepura.5-kinases.cof_tpl_mg.run_kin.3ZOS_TYR-1A0796_003
ForkPoolWorker-1: Calling delphi to calculate conformer TYR01A0797_001 in /tmp/pbe_data.data.home.granepura.5-kinases.cof_tpl_mg.run_kin.3ZOS_TYR01A0797_001
ForkPoolWorker-1: Calling delphi to calculate conformer TYR01A0797_002 in /tmp/pbe_data.data.home.granepura.5-kinases.cof_tpl_mg.run_kin.3ZOS_TYR01A0797_002
ForkPoolWorker-1: Calling delphi to calculate conformer TYR-1A0797_003 in /tmp/pbe_data.data.home.granepura.5-kinases.cof_tpl_mg.run_kin.3ZOS_TYR-1A0797_003
ForkPoolWorker-1: Calling delphi to calculate conformer ARG01A0798_001 in /tmp/pbe_data.data.home.granepura.5-kinases.cof_tpl_mg.run_kin.3ZOS_ARG01A0798_001
ForkPoolWorker-1: Calling delphi to calculate conformer ARG02A0798_002 in /tmp/pbe_data.data.home.granepura.5-kinases.cof_tpl_mg.run_kin.3ZOS_ARG02A0798_002
ForkPoolWorker-1: Calling delphi to calculate conformer ARG02A0798_003 in /tmp/pbe_data.data.home.granepura.5-kinases.cof_tpl_mg.run_kin.3ZOS_ARG02A0798_003
ForkPoolWorker-1: Calling delphi to calculate conformer ARG03A0798_004 in /tmp/pbe_data.data.home.granepura.5-kinases.cof_tpl_mg.run_kin.3ZOS_ARG03A0798_004
ForkPoolWorker-1: Calling delphi to calculate conformer ARG+1A0798_005 in /tmp/pbe_data.data.home.granepura.5-kinases.cof_tpl_mg.run_kin.3ZOS_ARG+1A0798_005
Skipping PBE solver for non-charge conformer VAL01A0799_001...
ForkPoolWorker-1: Calling delphi to calculate conformer GLN01A0800_001 in /tmp/pbe_data.data.home.granepura.5-kinases.cof_tpl_mg.run_kin.3ZOS_GLN01A0800_001
ForkPoolWorker-1: Calling delphi to calculate conformer GLN01A0800_002 in /tmp/pbe_data.data.home.granepura.5-kinases.cof_tpl_mg.run_kin.3ZOS_GLN01A0800_002
ForkPoolWorker-1: Calling delphi to calculate conformer ARG01A0802_001 in /tmp/pbe_data.data.home.granepura.5-kinases.cof_tpl_mg.run_kin.3ZOS_ARG01A0802_001
ForkPoolWorker-1: Calling delphi to calculate conformer ARG02A0802_002 in /tmp/pbe_data.data.home.granepura.5-kinases.cof_tpl_mg.run_kin.3ZOS_ARG02A0802_002
ForkPoolWorker-1: Calling delphi to calculate conformer ARG03A0802_003 in /tmp/pbe_data.data.home.granepura.5-kinases.cof_tpl_mg.run_kin.3ZOS_ARG03A0802_003
ForkPoolWorker-1: Calling delphi to calculate conformer ARG+1A0802_004 in /tmp/pbe_data.data.home.granepura.5-kinases.cof_tpl_mg.run_kin.3ZOS_ARG+1A0802_004
Skipping PBE solver for non-charge conformer ALA01A0803_001...
Skipping PBE solver for non-charge conformer VAL01A0804_001...
Skipping PBE solver for non-charge conformer LEU01A0805_001...
Skipping PBE solver for non-charge conformer PRO01A0806_001...
Skipping PBE solver for non-charge conformer ILE01A0807_001...
ForkPoolWorker-1: Calling delphi to calculate conformer ARG01A0808_001 in /tmp/pbe_data.data.home.granepura.5-kinases.cof_tpl_mg.run_kin.3ZOS_ARG01A0808_001
ForkPoolWorker-1: Calling delphi to calculate conformer ARG02A0808_002 in /tmp/pbe_data.data.home.granepura.5-kinases.cof_tpl_mg.run_kin.3ZOS_ARG02A0808_002
ForkPoolWorker-1: Calling delphi to calculate conformer ARG03A0808_003 in /tmp/pbe_data.data.home.granepura.5-kinases.cof_tpl_mg.run_kin.3ZOS_ARG03A0808_003
ForkPoolWorker-1: Calling delphi to calculate conformer ARG03A0808_004 in /tmp/pbe_data.data.home.granepura.5-kinases.cof_tpl_mg.run_kin.3ZOS_ARG03A0808_004
ForkPoolWorker-1: Calling delphi to calculate conformer ARG+1A0808_005 in /tmp/pbe_data.data.home.granepura.5-kinases.cof_tpl_mg.run_kin.3ZOS_ARG+1A0808_005
Skipping PBE solver for non-charge conformer TRP01A0809_001...
ForkPoolWorker-1: Calling delphi to calculate conformer MET01A0810_001 in /tmp/pbe_data.data.home.granepura.5-kinases.cof_tpl_mg.run_kin.3ZOS_MET01A0810_001
Skipping PBE solver for non-charge conformer ALA01A0811_001...
Skipping PBE solver for non-charge conformer TRP01A0812_001...
ForkPoolWorker-1: Calling delphi to calculate conformer GLU01A0813_001 in /tmp/pbe_data.data.home.granepura.5-kinases.cof_tpl_mg.run_kin.3ZOS_GLU01A0813_001
ForkPoolWorker-1: Calling delphi to calculate conformer GLU01A0813_002 in /tmp/pbe_data.data.home.granepura.5-kinases.cof_tpl_mg.run_kin.3ZOS_GLU01A0813_002
ForkPoolWorker-1: Calling delphi to calculate conformer GLU02A0813_003 in /tmp/pbe_data.data.home.granepura.5-kinases.cof_tpl_mg.run_kin.3ZOS_GLU02A0813_003
ForkPoolWorker-1: Calling delphi to calculate conformer GLU02A0813_004 in /tmp/pbe_data.data.home.granepura.5-kinases.cof_tpl_mg.run_kin.3ZOS_GLU02A0813_004
ForkPoolWorker-1: Calling delphi to calculate conformer GLU-1A0813_005 in /tmp/pbe_data.data.home.granepura.5-kinases.cof_tpl_mg.run_kin.3ZOS_GLU-1A0813_005
ForkPoolWorker-1: Calling delphi to calculate conformer CYS01A0814_001 in /tmp/pbe_data.data.home.granepura.5-kinases.cof_tpl_mg.run_kin.3ZOS_CYS01A0814_001
ForkPoolWorker-1: Calling delphi to calculate conformer CYS01A0814_002 in /tmp/pbe_data.data.home.granepura.5-kinases.cof_tpl_mg.run_kin.3ZOS_CYS01A0814_002
ForkPoolWorker-1: Calling delphi to calculate conformer CYS01A0814_003 in /tmp/pbe_data.data.home.granepura.5-kinases.cof_tpl_mg.run_kin.3ZOS_CYS01A0814_003
ForkPoolWorker-1: Calling delphi to calculate conformer CYS-1A0814_004 in /tmp/pbe_data.data.home.granepura.5-kinases.cof_tpl_mg.run_kin.3ZOS_CYS-1A0814_004
Skipping PBE solver for non-charge conformer ILE01A0815_001...
Skipping PBE solver for non-charge conformer LEU01A0816_001...
ForkPoolWorker-1: Calling delphi to calculate conformer MET01A0817_001 in /tmp/pbe_data.data.home.granepura.5-kinases.cof_tpl_mg.run_kin.3ZOS_MET01A0817_001
ForkPoolWorker-1: Calling delphi to calculate conformer LYS01A0819_001 in /tmp/pbe_data.data.home.granepura.5-kinases.cof_tpl_mg.run_kin.3ZOS_LYS01A0819_001
ForkPoolWorker-1: Calling delphi to calculate conformer LYS+1A0819_002 in /tmp/pbe_data.data.home.granepura.5-kinases.cof_tpl_mg.run_kin.3ZOS_LYS+1A0819_002
Skipping PBE solver for non-charge conformer PHE01A0820_001...
ForkPoolWorker-1: Calling delphi to calculate conformer THR01A0821_001 in /tmp/pbe_data.data.home.granepura.5-kinases.cof_tpl_mg.run_kin.3ZOS_THR01A0821_001
ForkPoolWorker-1: Calling delphi to calculate conformer THR01A0822_001 in /tmp/pbe_data.data.home.granepura.5-kinases.cof_tpl_mg.run_kin.3ZOS_THR01A0822_001
Skipping PBE solver for non-charge conformer ALA01A0823_001...
ForkPoolWorker-1: Calling delphi to calculate conformer SER01A0824_001 in /tmp/pbe_data.data.home.granepura.5-kinases.cof_tpl_mg.run_kin.3ZOS_SER01A0824_001
ForkPoolWorker-1: Calling delphi to calculate conformer SER01A0824_002 in /tmp/pbe_data.data.home.granepura.5-kinases.cof_tpl_mg.run_kin.3ZOS_SER01A0824_002
ForkPoolWorker-1: Calling delphi to calculate conformer SER01A0824_003 in /tmp/pbe_data.data.home.granepura.5-kinases.cof_tpl_mg.run_kin.3ZOS_SER01A0824_003
ForkPoolWorker-1: Calling delphi to calculate conformer ASP01A0825_001 in /tmp/pbe_data.data.home.granepura.5-kinases.cof_tpl_mg.run_kin.3ZOS_ASP01A0825_001
ForkPoolWorker-1: Calling delphi to calculate conformer ASP01A0825_002 in /tmp/pbe_data.data.home.granepura.5-kinases.cof_tpl_mg.run_kin.3ZOS_ASP01A0825_002
ForkPoolWorker-1: Calling delphi to calculate conformer ASP02A0825_003 in /tmp/pbe_data.data.home.granepura.5-kinases.cof_tpl_mg.run_kin.3ZOS_ASP02A0825_003
ForkPoolWorker-1: Calling delphi to calculate conformer ASP02A0825_004 in /tmp/pbe_data.data.home.granepura.5-kinases.cof_tpl_mg.run_kin.3ZOS_ASP02A0825_004
ForkPoolWorker-1: Calling delphi to calculate conformer ASP-1A0825_005 in /tmp/pbe_data.data.home.granepura.5-kinases.cof_tpl_mg.run_kin.3ZOS_ASP-1A0825_005
Skipping PBE solver for non-charge conformer VAL01A0826_001...
Skipping PBE solver for non-charge conformer TRP01A0827_001...
Skipping PBE solver for non-charge conformer ALA01A0828_001...
Skipping PBE solver for non-charge conformer PHE01A0829_001...
Skipping PBE solver for non-charge conformer VAL01A0831_001...
ForkPoolWorker-1: Calling delphi to calculate conformer THR01A0832_001 in /tmp/pbe_data.data.home.granepura.5-kinases.cof_tpl_mg.run_kin.3ZOS_THR01A0832_001
ForkPoolWorker-1: Calling delphi to calculate conformer THR01A0832_002 in /tmp/pbe_data.data.home.granepura.5-kinases.cof_tpl_mg.run_kin.3ZOS_THR01A0832_002
ForkPoolWorker-1: Calling delphi to calculate conformer THR01A0832_003 in /tmp/pbe_data.data.home.granepura.5-kinases.cof_tpl_mg.run_kin.3ZOS_THR01A0832_003
Skipping PBE solver for non-charge conformer LEU01A0833_001...
Skipping PBE solver for non-charge conformer TRP01A0834_001...
ForkPoolWorker-1: Calling delphi to calculate conformer GLU01A0835_001 in /tmp/pbe_data.data.home.granepura.5-kinases.cof_tpl_mg.run_kin.3ZOS_GLU01A0835_001
ForkPoolWorker-1: Calling delphi to calculate conformer GLU01A0835_002 in /tmp/pbe_data.data.home.granepura.5-kinases.cof_tpl_mg.run_kin.3ZOS_GLU01A0835_002
ForkPoolWorker-1: Calling delphi to calculate conformer GLU02A0835_003 in /tmp/pbe_data.data.home.granepura.5-kinases.cof_tpl_mg.run_kin.3ZOS_GLU02A0835_003
ForkPoolWorker-1: Calling delphi to calculate conformer GLU02A0835_004 in /tmp/pbe_data.data.home.granepura.5-kinases.cof_tpl_mg.run_kin.3ZOS_GLU02A0835_004
ForkPoolWorker-1: Calling delphi to calculate conformer GLU-1A0835_005 in /tmp/pbe_data.data.home.granepura.5-kinases.cof_tpl_mg.run_kin.3ZOS_GLU-1A0835_005
Skipping PBE solver for non-charge conformer VAL01A0836_001...
Skipping PBE solver for non-charge conformer LEU01A0837_001...
ForkPoolWorker-1: Calling delphi to calculate conformer MET01A0838_001 in /tmp/pbe_data.data.home.granepura.5-kinases.cof_tpl_mg.run_kin.3ZOS_MET01A0838_001
Skipping PBE solver for non-charge conformer LEU01A0839_001...
ForkPoolWorker-1: Calling delphi to calculate conformer CYS01A0840_001 in /tmp/pbe_data.data.home.granepura.5-kinases.cof_tpl_mg.run_kin.3ZOS_CYS01A0840_001
ForkPoolWorker-1: Calling delphi to calculate conformer CYS01A0840_002 in /tmp/pbe_data.data.home.granepura.5-kinases.cof_tpl_mg.run_kin.3ZOS_CYS01A0840_002
ForkPoolWorker-1: Calling delphi to calculate conformer CYS01A0840_003 in /tmp/pbe_data.data.home.granepura.5-kinases.cof_tpl_mg.run_kin.3ZOS_CYS01A0840_003
ForkPoolWorker-1: Calling delphi to calculate conformer CYS-1A0840_004 in /tmp/pbe_data.data.home.granepura.5-kinases.cof_tpl_mg.run_kin.3ZOS_CYS-1A0840_004
ForkPoolWorker-1: Calling delphi to calculate conformer ARG01A0841_001 in /tmp/pbe_data.data.home.granepura.5-kinases.cof_tpl_mg.run_kin.3ZOS_ARG01A0841_001
ForkPoolWorker-1: Calling delphi to calculate conformer ARG02A0841_002 in /tmp/pbe_data.data.home.granepura.5-kinases.cof_tpl_mg.run_kin.3ZOS_ARG02A0841_002
ForkPoolWorker-1: Calling delphi to calculate conformer ARG03A0841_003 in /tmp/pbe_data.data.home.granepura.5-kinases.cof_tpl_mg.run_kin.3ZOS_ARG03A0841_003
ForkPoolWorker-1: Calling delphi to calculate conformer ARG03A0841_004 in /tmp/pbe_data.data.home.granepura.5-kinases.cof_tpl_mg.run_kin.3ZOS_ARG03A0841_004
ForkPoolWorker-1: Calling delphi to calculate conformer ARG+1A0841_005 in /tmp/pbe_data.data.home.granepura.5-kinases.cof_tpl_mg.run_kin.3ZOS_ARG+1A0841_005
Skipping PBE solver for non-charge conformer ALA01A0842_001...
ForkPoolWorker-1: Calling delphi to calculate conformer GLN01A0843_001 in /tmp/pbe_data.data.home.granepura.5-kinases.cof_tpl_mg.run_kin.3ZOS_GLN01A0843_001
ForkPoolWorker-1: Calling delphi to calculate conformer GLN01A0843_002 in /tmp/pbe_data.data.home.granepura.5-kinases.cof_tpl_mg.run_kin.3ZOS_GLN01A0843_002
Skipping PBE solver for non-charge conformer PRO01A0844_001...
Skipping PBE solver for non-charge conformer PHE01A0845_001...
ForkPoolWorker-1: Calling delphi to calculate conformer GLN01A0847_001 in /tmp/pbe_data.data.home.granepura.5-kinases.cof_tpl_mg.run_kin.3ZOS_GLN01A0847_001
Skipping PBE solver for non-charge conformer LEU01A0848_001...
ForkPoolWorker-1: Calling delphi to calculate conformer THR01A0849_001 in /tmp/pbe_data.data.home.granepura.5-kinases.cof_tpl_mg.run_kin.3ZOS_THR01A0849_001
ForkPoolWorker-1: Calling delphi to calculate conformer THR01A0849_002 in /tmp/pbe_data.data.home.granepura.5-kinases.cof_tpl_mg.run_kin.3ZOS_THR01A0849_002
ForkPoolWorker-1: Calling delphi to calculate conformer THR01A0849_003 in /tmp/pbe_data.data.home.granepura.5-kinases.cof_tpl_mg.run_kin.3ZOS_THR01A0849_003
ForkPoolWorker-1: Calling delphi to calculate conformer ASP01A0850_001 in /tmp/pbe_data.data.home.granepura.5-kinases.cof_tpl_mg.run_kin.3ZOS_ASP01A0850_001
ForkPoolWorker-1: Calling delphi to calculate conformer ASP01A0850_002 in /tmp/pbe_data.data.home.granepura.5-kinases.cof_tpl_mg.run_kin.3ZOS_ASP01A0850_002
ForkPoolWorker-1: Calling delphi to calculate conformer ASP02A0850_003 in /tmp/pbe_data.data.home.granepura.5-kinases.cof_tpl_mg.run_kin.3ZOS_ASP02A0850_003
ForkPoolWorker-1: Calling delphi to calculate conformer ASP02A0850_004 in /tmp/pbe_data.data.home.granepura.5-kinases.cof_tpl_mg.run_kin.3ZOS_ASP02A0850_004
ForkPoolWorker-1: Calling delphi to calculate conformer ASP-1A0850_005 in /tmp/pbe_data.data.home.granepura.5-kinases.cof_tpl_mg.run_kin.3ZOS_ASP-1A0850_005
ForkPoolWorker-1: Calling delphi to calculate conformer GLU01A0851_001 in /tmp/pbe_data.data.home.granepura.5-kinases.cof_tpl_mg.run_kin.3ZOS_GLU01A0851_001
ForkPoolWorker-1: Calling delphi to calculate conformer GLU01A0851_002 in /tmp/pbe_data.data.home.granepura.5-kinases.cof_tpl_mg.run_kin.3ZOS_GLU01A0851_002
ForkPoolWorker-1: Calling delphi to calculate conformer GLU02A0851_003 in /tmp/pbe_data.data.home.granepura.5-kinases.cof_tpl_mg.run_kin.3ZOS_GLU02A0851_003
ForkPoolWorker-1: Calling delphi to calculate conformer GLU02A0851_004 in /tmp/pbe_data.data.home.granepura.5-kinases.cof_tpl_mg.run_kin.3ZOS_GLU02A0851_004
ForkPoolWorker-1: Calling delphi to calculate conformer GLU-1A0851_005 in /tmp/pbe_data.data.home.granepura.5-kinases.cof_tpl_mg.run_kin.3ZOS_GLU-1A0851_005
ForkPoolWorker-1: Calling delphi to calculate conformer GLN01A0852_001 in /tmp/pbe_data.data.home.granepura.5-kinases.cof_tpl_mg.run_kin.3ZOS_GLN01A0852_001
ForkPoolWorker-1: Calling delphi to calculate conformer GLN01A0852_002 in /tmp/pbe_data.data.home.granepura.5-kinases.cof_tpl_mg.run_kin.3ZOS_GLN01A0852_002
Skipping PBE solver for non-charge conformer VAL01A0853_001...
Skipping PBE solver for non-charge conformer ILE01A0854_001...
ForkPoolWorker-1: Calling delphi to calculate conformer GLU01A0855_001 in /tmp/pbe_data.data.home.granepura.5-kinases.cof_tpl_mg.run_kin.3ZOS_GLU01A0855_001
ForkPoolWorker-1: Calling delphi to calculate conformer GLU01A0855_002 in /tmp/pbe_data.data.home.granepura.5-kinases.cof_tpl_mg.run_kin.3ZOS_GLU01A0855_002
ForkPoolWorker-1: Calling delphi to calculate conformer GLU02A0855_003 in /tmp/pbe_data.data.home.granepura.5-kinases.cof_tpl_mg.run_kin.3ZOS_GLU02A0855_003
ForkPoolWorker-1: Calling delphi to calculate conformer GLU02A0855_004 in /tmp/pbe_data.data.home.granepura.5-kinases.cof_tpl_mg.run_kin.3ZOS_GLU02A0855_004
ForkPoolWorker-1: Calling delphi to calculate conformer GLU-1A0855_005 in /tmp/pbe_data.data.home.granepura.5-kinases.cof_tpl_mg.run_kin.3ZOS_GLU-1A0855_005
ForkPoolWorker-1: Calling delphi to calculate conformer ASN01A0856_001 in /tmp/pbe_data.data.home.granepura.5-kinases.cof_tpl_mg.run_kin.3ZOS_ASN01A0856_001
Skipping PBE solver for non-charge conformer ALA01A0857_001...
ForkPoolWorker-1: Calling delphi to calculate conformer GLU01A0859_001 in /tmp/pbe_data.data.home.granepura.5-kinases.cof_tpl_mg.run_kin.3ZOS_GLU01A0859_001
ForkPoolWorker-1: Calling delphi to calculate conformer GLU01A0859_002 in /tmp/pbe_data.data.home.granepura.5-kinases.cof_tpl_mg.run_kin.3ZOS_GLU01A0859_002
ForkPoolWorker-1: Calling delphi to calculate conformer GLU02A0859_003 in /tmp/pbe_data.data.home.granepura.5-kinases.cof_tpl_mg.run_kin.3ZOS_GLU02A0859_003
ForkPoolWorker-1: Calling delphi to calculate conformer GLU02A0859_004 in /tmp/pbe_data.data.home.granepura.5-kinases.cof_tpl_mg.run_kin.3ZOS_GLU02A0859_004
ForkPoolWorker-1: Calling delphi to calculate conformer GLU-1A0859_005 in /tmp/pbe_data.data.home.granepura.5-kinases.cof_tpl_mg.run_kin.3ZOS_GLU-1A0859_005
Skipping PBE solver for non-charge conformer PHE01A0860_001...
Skipping PBE solver for non-charge conformer PHE01A0861_001...
ForkPoolWorker-1: Calling delphi to calculate conformer ARG01A0862_001 in /tmp/pbe_data.data.home.granepura.5-kinases.cof_tpl_mg.run_kin.3ZOS_ARG01A0862_001
ForkPoolWorker-1: Calling delphi to calculate conformer ARG02A0862_002 in /tmp/pbe_data.data.home.granepura.5-kinases.cof_tpl_mg.run_kin.3ZOS_ARG02A0862_002
ForkPoolWorker-1: Calling delphi to calculate conformer ARG02A0862_003 in /tmp/pbe_data.data.home.granepura.5-kinases.cof_tpl_mg.run_kin.3ZOS_ARG02A0862_003
ForkPoolWorker-1: Calling delphi to calculate conformer ARG03A0862_004 in /tmp/pbe_data.data.home.granepura.5-kinases.cof_tpl_mg.run_kin.3ZOS_ARG03A0862_004
ForkPoolWorker-1: Calling delphi to calculate conformer ARG03A0862_005 in /tmp/pbe_data.data.home.granepura.5-kinases.cof_tpl_mg.run_kin.3ZOS_ARG03A0862_005
ForkPoolWorker-1: Calling delphi to calculate conformer ARG+1A0862_006 in /tmp/pbe_data.data.home.granepura.5-kinases.cof_tpl_mg.run_kin.3ZOS_ARG+1A0862_006
ForkPoolWorker-1: Calling delphi to calculate conformer ASP01A0863_001 in /tmp/pbe_data.data.home.granepura.5-kinases.cof_tpl_mg.run_kin.3ZOS_ASP01A0863_001
ForkPoolWorker-1: Calling delphi to calculate conformer ASP01A0863_002 in /tmp/pbe_data.data.home.granepura.5-kinases.cof_tpl_mg.run_kin.3ZOS_ASP01A0863_002
ForkPoolWorker-1: Calling delphi to calculate conformer ASP02A0863_003 in /tmp/pbe_data.data.home.granepura.5-kinases.cof_tpl_mg.run_kin.3ZOS_ASP02A0863_003
ForkPoolWorker-1: Calling delphi to calculate conformer ASP02A0863_004 in /tmp/pbe_data.data.home.granepura.5-kinases.cof_tpl_mg.run_kin.3ZOS_ASP02A0863_004
ForkPoolWorker-1: Calling delphi to calculate conformer ASP-1A0863_005 in /tmp/pbe_data.data.home.granepura.5-kinases.cof_tpl_mg.run_kin.3ZOS_ASP-1A0863_005
ForkPoolWorker-1: Calling delphi to calculate conformer GLN01A0864_001 in /tmp/pbe_data.data.home.granepura.5-kinases.cof_tpl_mg.run_kin.3ZOS_GLN01A0864_001
ForkPoolWorker-1: Calling delphi to calculate conformer ARG01A0866_001 in /tmp/pbe_data.data.home.granepura.5-kinases.cof_tpl_mg.run_kin.3ZOS_ARG01A0866_001
ForkPoolWorker-1: Calling delphi to calculate conformer ARG02A0866_002 in /tmp/pbe_data.data.home.granepura.5-kinases.cof_tpl_mg.run_kin.3ZOS_ARG02A0866_002
ForkPoolWorker-1: Calling delphi to calculate conformer ARG02A0866_003 in /tmp/pbe_data.data.home.granepura.5-kinases.cof_tpl_mg.run_kin.3ZOS_ARG02A0866_003
ForkPoolWorker-1: Calling delphi to calculate conformer ARG03A0866_004 in /tmp/pbe_data.data.home.granepura.5-kinases.cof_tpl_mg.run_kin.3ZOS_ARG03A0866_004
ForkPoolWorker-1: Calling delphi to calculate conformer ARG03A0866_005 in /tmp/pbe_data.data.home.granepura.5-kinases.cof_tpl_mg.run_kin.3ZOS_ARG03A0866_005
ForkPoolWorker-1: Calling delphi to calculate conformer ARG+1A0866_006 in /tmp/pbe_data.data.home.granepura.5-kinases.cof_tpl_mg.run_kin.3ZOS_ARG+1A0866_006
ForkPoolWorker-1: Calling delphi to calculate conformer GLN01A0867_001 in /tmp/pbe_data.data.home.granepura.5-kinases.cof_tpl_mg.run_kin.3ZOS_GLN01A0867_001
ForkPoolWorker-1: Calling delphi to calculate conformer GLN01A0867_002 in /tmp/pbe_data.data.home.granepura.5-kinases.cof_tpl_mg.run_kin.3ZOS_GLN01A0867_002
Skipping PBE solver for non-charge conformer VAL01A0868_001...
ForkPoolWorker-1: Calling delphi to calculate conformer TYR01A0869_001 in /tmp/pbe_data.data.home.granepura.5-kinases.cof_tpl_mg.run_kin.3ZOS_TYR01A0869_001
ForkPoolWorker-1: Calling delphi to calculate conformer TYR-1A0869_002 in /tmp/pbe_data.data.home.granepura.5-kinases.cof_tpl_mg.run_kin.3ZOS_TYR-1A0869_002
Skipping PBE solver for non-charge conformer LEU01A0870_001...
ForkPoolWorker-1: Calling delphi to calculate conformer SER01A0871_001 in /tmp/pbe_data.data.home.granepura.5-kinases.cof_tpl_mg.run_kin.3ZOS_SER01A0871_001
ForkPoolWorker-1: Calling delphi to calculate conformer ARG01A0872_001 in /tmp/pbe_data.data.home.granepura.5-kinases.cof_tpl_mg.run_kin.3ZOS_ARG01A0872_001
ForkPoolWorker-1: Calling delphi to calculate conformer ARG02A0872_002 in /tmp/pbe_data.data.home.granepura.5-kinases.cof_tpl_mg.run_kin.3ZOS_ARG02A0872_002
ForkPoolWorker-1: Calling delphi to calculate conformer ARG02A0872_003 in /tmp/pbe_data.data.home.granepura.5-kinases.cof_tpl_mg.run_kin.3ZOS_ARG02A0872_003
ForkPoolWorker-1: Calling delphi to calculate conformer ARG03A0872_004 in /tmp/pbe_data.data.home.granepura.5-kinases.cof_tpl_mg.run_kin.3ZOS_ARG03A0872_004
ForkPoolWorker-1: Calling delphi to calculate conformer ARG+1A0872_005 in /tmp/pbe_data.data.home.granepura.5-kinases.cof_tpl_mg.run_kin.3ZOS_ARG+1A0872_005
Skipping PBE solver for non-charge conformer PRO01A0873_001...
Skipping PBE solver for non-charge conformer PRO01A0874_001...
Skipping PBE solver for non-charge conformer ALA01A0875_001...
ForkPoolWorker-1: Calling delphi to calculate conformer CYS01A0876_001 in /tmp/pbe_data.data.home.granepura.5-kinases.cof_tpl_mg.run_kin.3ZOS_CYS01A0876_001
ForkPoolWorker-1: Calling delphi to calculate conformer CYS01A0876_002 in /tmp/pbe_data.data.home.granepura.5-kinases.cof_tpl_mg.run_kin.3ZOS_CYS01A0876_002
ForkPoolWorker-1: Calling delphi to calculate conformer CYS01A0876_003 in /tmp/pbe_data.data.home.granepura.5-kinases.cof_tpl_mg.run_kin.3ZOS_CYS01A0876_003
ForkPoolWorker-1: Calling delphi to calculate conformer CYS-1A0876_004 in /tmp/pbe_data.data.home.granepura.5-kinases.cof_tpl_mg.run_kin.3ZOS_CYS-1A0876_004
Skipping PBE solver for non-charge conformer PRO01A0877_001...
ForkPoolWorker-1: Calling delphi to calculate conformer GLN01A0878_001 in /tmp/pbe_data.data.home.granepura.5-kinases.cof_tpl_mg.run_kin.3ZOS_GLN01A0878_001
ForkPoolWorker-1: Calling delphi to calculate conformer GLN01A0878_002 in /tmp/pbe_data.data.home.granepura.5-kinases.cof_tpl_mg.run_kin.3ZOS_GLN01A0878_002
Skipping PBE solver for non-charge conformer LEU01A0880_001...
ForkPoolWorker-1: Calling delphi to calculate conformer TYR01A0881_001 in /tmp/pbe_data.data.home.granepura.5-kinases.cof_tpl_mg.run_kin.3ZOS_TYR01A0881_001
ForkPoolWorker-1: Calling delphi to calculate conformer TYR01A0881_002 in /tmp/pbe_data.data.home.granepura.5-kinases.cof_tpl_mg.run_kin.3ZOS_TYR01A0881_002
ForkPoolWorker-1: Calling delphi to calculate conformer TYR-1A0881_003 in /tmp/pbe_data.data.home.granepura.5-kinases.cof_tpl_mg.run_kin.3ZOS_TYR-1A0881_003
ForkPoolWorker-1: Calling delphi to calculate conformer GLU01A0882_001 in /tmp/pbe_data.data.home.granepura.5-kinases.cof_tpl_mg.run_kin.3ZOS_GLU01A0882_001
ForkPoolWorker-1: Calling delphi to calculate conformer GLU01A0882_002 in /tmp/pbe_data.data.home.granepura.5-kinases.cof_tpl_mg.run_kin.3ZOS_GLU01A0882_002
ForkPoolWorker-1: Calling delphi to calculate conformer GLU02A0882_003 in /tmp/pbe_data.data.home.granepura.5-kinases.cof_tpl_mg.run_kin.3ZOS_GLU02A0882_003
ForkPoolWorker-1: Calling delphi to calculate conformer GLU02A0882_004 in /tmp/pbe_data.data.home.granepura.5-kinases.cof_tpl_mg.run_kin.3ZOS_GLU02A0882_004
ForkPoolWorker-1: Calling delphi to calculate conformer GLU-1A0882_005 in /tmp/pbe_data.data.home.granepura.5-kinases.cof_tpl_mg.run_kin.3ZOS_GLU-1A0882_005
Skipping PBE solver for non-charge conformer LEU01A0883_001...
ForkPoolWorker-1: Calling delphi to calculate conformer MET01A0884_001 in /tmp/pbe_data.data.home.granepura.5-kinases.cof_tpl_mg.run_kin.3ZOS_MET01A0884_001
Skipping PBE solver for non-charge conformer LEU01A0885_001...
ForkPoolWorker-1: Calling delphi to calculate conformer ARG01A0886_001 in /tmp/pbe_data.data.home.granepura.5-kinases.cof_tpl_mg.run_kin.3ZOS_ARG01A0886_001
ForkPoolWorker-1: Calling delphi to calculate conformer ARG02A0886_002 in /tmp/pbe_data.data.home.granepura.5-kinases.cof_tpl_mg.run_kin.3ZOS_ARG02A0886_002
ForkPoolWorker-1: Calling delphi to calculate conformer ARG03A0886_003 in /tmp/pbe_data.data.home.granepura.5-kinases.cof_tpl_mg.run_kin.3ZOS_ARG03A0886_003
ForkPoolWorker-1: Calling delphi to calculate conformer ARG+1A0886_004 in /tmp/pbe_data.data.home.granepura.5-kinases.cof_tpl_mg.run_kin.3ZOS_ARG+1A0886_004
ForkPoolWorker-1: Calling delphi to calculate conformer CYS01A0887_001 in /tmp/pbe_data.data.home.granepura.5-kinases.cof_tpl_mg.run_kin.3ZOS_CYS01A0887_001
ForkPoolWorker-1: Calling delphi to calculate conformer CYS01A0887_002 in /tmp/pbe_data.data.home.granepura.5-kinases.cof_tpl_mg.run_kin.3ZOS_CYS01A0887_002
ForkPoolWorker-1: Calling delphi to calculate conformer CYS01A0887_003 in /tmp/pbe_data.data.home.granepura.5-kinases.cof_tpl_mg.run_kin.3ZOS_CYS01A0887_003
ForkPoolWorker-1: Calling delphi to calculate conformer CYS-1A0887_004 in /tmp/pbe_data.data.home.granepura.5-kinases.cof_tpl_mg.run_kin.3ZOS_CYS-1A0887_004
Skipping PBE solver for non-charge conformer TRP01A0888_001...
ForkPoolWorker-1: Calling delphi to calculate conformer SER01A0889_001 in /tmp/pbe_data.data.home.granepura.5-kinases.cof_tpl_mg.run_kin.3ZOS_SER01A0889_001
ForkPoolWorker-1: Calling delphi to calculate conformer SER01A0889_002 in /tmp/pbe_data.data.home.granepura.5-kinases.cof_tpl_mg.run_kin.3ZOS_SER01A0889_002
ForkPoolWorker-1: Calling delphi to calculate conformer ARG01A0890_001 in /tmp/pbe_data.data.home.granepura.5-kinases.cof_tpl_mg.run_kin.3ZOS_ARG01A0890_001
ForkPoolWorker-1: Calling delphi to calculate conformer ARG02A0890_002 in /tmp/pbe_data.data.home.granepura.5-kinases.cof_tpl_mg.run_kin.3ZOS_ARG02A0890_002
ForkPoolWorker-1: Calling delphi to calculate conformer ARG02A0890_003 in /tmp/pbe_data.data.home.granepura.5-kinases.cof_tpl_mg.run_kin.3ZOS_ARG02A0890_003
ForkPoolWorker-1: Calling delphi to calculate conformer ARG03A0890_004 in /tmp/pbe_data.data.home.granepura.5-kinases.cof_tpl_mg.run_kin.3ZOS_ARG03A0890_004
ForkPoolWorker-1: Calling delphi to calculate conformer ARG03A0890_005 in /tmp/pbe_data.data.home.granepura.5-kinases.cof_tpl_mg.run_kin.3ZOS_ARG03A0890_005
ForkPoolWorker-1: Calling delphi to calculate conformer ARG+1A0890_006 in /tmp/pbe_data.data.home.granepura.5-kinases.cof_tpl_mg.run_kin.3ZOS_ARG+1A0890_006
ForkPoolWorker-1: Calling delphi to calculate conformer GLU01A0891_001 in /tmp/pbe_data.data.home.granepura.5-kinases.cof_tpl_mg.run_kin.3ZOS_GLU01A0891_001
ForkPoolWorker-1: Calling delphi to calculate conformer GLU01A0891_002 in /tmp/pbe_data.data.home.granepura.5-kinases.cof_tpl_mg.run_kin.3ZOS_GLU01A0891_002
ForkPoolWorker-1: Calling delphi to calculate conformer GLU02A0891_003 in /tmp/pbe_data.data.home.granepura.5-kinases.cof_tpl_mg.run_kin.3ZOS_GLU02A0891_003
ForkPoolWorker-1: Calling delphi to calculate conformer GLU02A0891_004 in /tmp/pbe_data.data.home.granepura.5-kinases.cof_tpl_mg.run_kin.3ZOS_GLU02A0891_004
ForkPoolWorker-1: Calling delphi to calculate conformer GLU-1A0891_005 in /tmp/pbe_data.data.home.granepura.5-kinases.cof_tpl_mg.run_kin.3ZOS_GLU-1A0891_005
ForkPoolWorker-1: Calling delphi to calculate conformer SER01A0892_001 in /tmp/pbe_data.data.home.granepura.5-kinases.cof_tpl_mg.run_kin.3ZOS_SER01A0892_001
ForkPoolWorker-1: Calling delphi to calculate conformer GLU01A0893_001 in /tmp/pbe_data.data.home.granepura.5-kinases.cof_tpl_mg.run_kin.3ZOS_GLU01A0893_001
ForkPoolWorker-1: Calling delphi to calculate conformer GLU01A0893_002 in /tmp/pbe_data.data.home.granepura.5-kinases.cof_tpl_mg.run_kin.3ZOS_GLU01A0893_002
ForkPoolWorker-1: Calling delphi to calculate conformer GLU02A0893_003 in /tmp/pbe_data.data.home.granepura.5-kinases.cof_tpl_mg.run_kin.3ZOS_GLU02A0893_003
ForkPoolWorker-1: Calling delphi to calculate conformer GLU02A0893_004 in /tmp/pbe_data.data.home.granepura.5-kinases.cof_tpl_mg.run_kin.3ZOS_GLU02A0893_004
ForkPoolWorker-1: Calling delphi to calculate conformer GLU-1A0893_005 in /tmp/pbe_data.data.home.granepura.5-kinases.cof_tpl_mg.run_kin.3ZOS_GLU-1A0893_005
ForkPoolWorker-1: Calling delphi to calculate conformer GLN01A0894_001 in /tmp/pbe_data.data.home.granepura.5-kinases.cof_tpl_mg.run_kin.3ZOS_GLN01A0894_001
ForkPoolWorker-1: Calling delphi to calculate conformer GLN01A0894_002 in /tmp/pbe_data.data.home.granepura.5-kinases.cof_tpl_mg.run_kin.3ZOS_GLN01A0894_002
ForkPoolWorker-1: Calling delphi to calculate conformer ARG01A0895_001 in /tmp/pbe_data.data.home.granepura.5-kinases.cof_tpl_mg.run_kin.3ZOS_ARG01A0895_001
ForkPoolWorker-1: Calling delphi to calculate conformer ARG02A0895_002 in /tmp/pbe_data.data.home.granepura.5-kinases.cof_tpl_mg.run_kin.3ZOS_ARG02A0895_002
ForkPoolWorker-1: Calling delphi to calculate conformer ARG02A0895_003 in /tmp/pbe_data.data.home.granepura.5-kinases.cof_tpl_mg.run_kin.3ZOS_ARG02A0895_003
ForkPoolWorker-1: Calling delphi to calculate conformer ARG03A0895_004 in /tmp/pbe_data.data.home.granepura.5-kinases.cof_tpl_mg.run_kin.3ZOS_ARG03A0895_004
ForkPoolWorker-1: Calling delphi to calculate conformer ARG03A0895_005 in /tmp/pbe_data.data.home.granepura.5-kinases.cof_tpl_mg.run_kin.3ZOS_ARG03A0895_005
ForkPoolWorker-1: Calling delphi to calculate conformer ARG+1A0895_006 in /tmp/pbe_data.data.home.granepura.5-kinases.cof_tpl_mg.run_kin.3ZOS_ARG+1A0895_006
Skipping PBE solver for non-charge conformer PRO01A0896_001...
Skipping PBE solver for non-charge conformer PRO01A0897_001...
Skipping PBE solver for non-charge conformer PHE01A0898_001...
ForkPoolWorker-1: Calling delphi to calculate conformer SER01A0899_001 in /tmp/pbe_data.data.home.granepura.5-kinases.cof_tpl_mg.run_kin.3ZOS_SER01A0899_001
ForkPoolWorker-1: Calling delphi to calculate conformer GLN01A0900_001 in /tmp/pbe_data.data.home.granepura.5-kinases.cof_tpl_mg.run_kin.3ZOS_GLN01A0900_001
ForkPoolWorker-1: Calling delphi to calculate conformer GLN01A0900_002 in /tmp/pbe_data.data.home.granepura.5-kinases.cof_tpl_mg.run_kin.3ZOS_GLN01A0900_002
Skipping PBE solver for non-charge conformer LEU01A0901_001...
ForkPoolWorker-1: Calling delphi to calculate conformer HIS01A0902_001 in /tmp/pbe_data.data.home.granepura.5-kinases.cof_tpl_mg.run_kin.3ZOS_HIS01A0902_001
ForkPoolWorker-1: Calling delphi to calculate conformer HIS01A0902_002 in /tmp/pbe_data.data.home.granepura.5-kinases.cof_tpl_mg.run_kin.3ZOS_HIS01A0902_002
ForkPoolWorker-1: Calling delphi to calculate conformer HIS02A0902_003 in /tmp/pbe_data.data.home.granepura.5-kinases.cof_tpl_mg.run_kin.3ZOS_HIS02A0902_003
ForkPoolWorker-1: Calling delphi to calculate conformer HIS02A0902_004 in /tmp/pbe_data.data.home.granepura.5-kinases.cof_tpl_mg.run_kin.3ZOS_HIS02A0902_004
ForkPoolWorker-1: Calling delphi to calculate conformer HIS+1A0902_005 in /tmp/pbe_data.data.home.granepura.5-kinases.cof_tpl_mg.run_kin.3ZOS_HIS+1A0902_005
ForkPoolWorker-1: Calling delphi to calculate conformer HIS+1A0902_006 in /tmp/pbe_data.data.home.granepura.5-kinases.cof_tpl_mg.run_kin.3ZOS_HIS+1A0902_006
ForkPoolWorker-1: Calling delphi to calculate conformer ARG01A0903_001 in /tmp/pbe_data.data.home.granepura.5-kinases.cof_tpl_mg.run_kin.3ZOS_ARG01A0903_001
ForkPoolWorker-1: Calling delphi to calculate conformer ARG02A0903_002 in /tmp/pbe_data.data.home.granepura.5-kinases.cof_tpl_mg.run_kin.3ZOS_ARG02A0903_002
ForkPoolWorker-1: Calling delphi to calculate conformer ARG03A0903_003 in /tmp/pbe_data.data.home.granepura.5-kinases.cof_tpl_mg.run_kin.3ZOS_ARG03A0903_003
ForkPoolWorker-1: Calling delphi to calculate conformer ARG03A0903_004 in /tmp/pbe_data.data.home.granepura.5-kinases.cof_tpl_mg.run_kin.3ZOS_ARG03A0903_004
ForkPoolWorker-1: Calling delphi to calculate conformer ARG+1A0903_005 in /tmp/pbe_data.data.home.granepura.5-kinases.cof_tpl_mg.run_kin.3ZOS_ARG+1A0903_005
Skipping PBE solver for non-charge conformer PHE01A0904_001...
Skipping PBE solver for non-charge conformer LEU01A0905_001...
Skipping PBE solver for non-charge conformer ALA01A0906_001...
ForkPoolWorker-1: Calling delphi to calculate conformer GLU01A0907_001 in /tmp/pbe_data.data.home.granepura.5-kinases.cof_tpl_mg.run_kin.3ZOS_GLU01A0907_001
ForkPoolWorker-1: Calling delphi to calculate conformer GLU01A0907_002 in /tmp/pbe_data.data.home.granepura.5-kinases.cof_tpl_mg.run_kin.3ZOS_GLU01A0907_002
ForkPoolWorker-1: Calling delphi to calculate conformer GLU02A0907_003 in /tmp/pbe_data.data.home.granepura.5-kinases.cof_tpl_mg.run_kin.3ZOS_GLU02A0907_003
ForkPoolWorker-1: Calling delphi to calculate conformer GLU02A0907_004 in /tmp/pbe_data.data.home.granepura.5-kinases.cof_tpl_mg.run_kin.3ZOS_GLU02A0907_004
ForkPoolWorker-1: Calling delphi to calculate conformer GLU-1A0907_005 in /tmp/pbe_data.data.home.granepura.5-kinases.cof_tpl_mg.run_kin.3ZOS_GLU-1A0907_005
ForkPoolWorker-1: Calling delphi to calculate conformer ASP01A0908_001 in /tmp/pbe_data.data.home.granepura.5-kinases.cof_tpl_mg.run_kin.3ZOS_ASP01A0908_001
ForkPoolWorker-1: Calling delphi to calculate conformer ASP01A0908_002 in /tmp/pbe_data.data.home.granepura.5-kinases.cof_tpl_mg.run_kin.3ZOS_ASP01A0908_002
ForkPoolWorker-1: Calling delphi to calculate conformer ASP02A0908_003 in /tmp/pbe_data.data.home.granepura.5-kinases.cof_tpl_mg.run_kin.3ZOS_ASP02A0908_003
ForkPoolWorker-1: Calling delphi to calculate conformer ASP02A0908_004 in /tmp/pbe_data.data.home.granepura.5-kinases.cof_tpl_mg.run_kin.3ZOS_ASP02A0908_004
ForkPoolWorker-1: Calling delphi to calculate conformer ASP-1A0908_005 in /tmp/pbe_data.data.home.granepura.5-kinases.cof_tpl_mg.run_kin.3ZOS_ASP-1A0908_005
Skipping PBE solver for non-charge conformer ALA01A0909_001...
Skipping PBE solver for non-charge conformer LEU01A0910_001...
ForkPoolWorker-1: Calling delphi to calculate conformer ASN01A0911_001 in /tmp/pbe_data.data.home.granepura.5-kinases.cof_tpl_mg.run_kin.3ZOS_ASN01A0911_001
ForkPoolWorker-1: Calling delphi to calculate conformer ASN01A0911_002 in /tmp/pbe_data.data.home.granepura.5-kinases.cof_tpl_mg.run_kin.3ZOS_ASN01A0911_002
ForkPoolWorker-1: Calling delphi to calculate conformer THR01A0912_001 in /tmp/pbe_data.data.home.granepura.5-kinases.cof_tpl_mg.run_kin.3ZOS_THR01A0912_001
ForkPoolWorker-1: Calling delphi to calculate conformer THR01A0912_002 in /tmp/pbe_data.data.home.granepura.5-kinases.cof_tpl_mg.run_kin.3ZOS_THR01A0912_002
Skipping PBE solver for non-charge conformer VAL01A0913_001...
ForkPoolWorker-1: Calling delphi to calculate conformer 0LI01A1000_001 in /tmp/pbe_data.data.home.granepura.5-kinases.cof_tpl_mg.run_kin.3ZOS_0LI01A1000_001
ForkPoolWorker-1: Calling delphi to calculate conformer 0LI01A1000_002 in /tmp/pbe_data.data.home.granepura.5-kinases.cof_tpl_mg.run_kin.3ZOS_0LI01A1000_002
ForkPoolWorker-1: Calling delphi to calculate conformer 0LI+1A1000_003 in /tmp/pbe_data.data.home.granepura.5-kinases.cof_tpl_mg.run_kin.3ZOS_0LI+1A1000_003
ForkPoolWorker-1: Calling delphi to calculate conformer 0LI+1A1000_004 in /tmp/pbe_data.data.home.granepura.5-kinases.cof_tpl_mg.run_kin.3ZOS_0LI+1A1000_004
ForkPoolWorker-1: Calling delphi to calculate conformer 0LI+2A1000_005 in /tmp/pbe_data.data.home.granepura.5-kinases.cof_tpl_mg.run_kin.3ZOS_0LI+2A1000_005
ForkPoolWorker-1: Calling delphi to calculate conformer 0LI+2A1000_006 in /tmp/pbe_data.data.home.granepura.5-kinases.cof_tpl_mg.run_kin.3ZOS_0LI+2A1000_006
ForkPoolWorker-1: Calling delphi to calculate conformer 0LI01A1004_001 in /tmp/pbe_data.data.home.granepura.5-kinases.cof_tpl_mg.run_kin.3ZOS_0LI01A1004_001
ForkPoolWorker-1: Calling delphi to calculate conformer 0LI+1A1004_002 in /tmp/pbe_data.data.home.granepura.5-kinases.cof_tpl_mg.run_kin.3ZOS_0LI+1A1004_002
ForkPoolWorker-1: Calling delphi to calculate conformer 0LI+2A1004_003 in /tmp/pbe_data.data.home.granepura.5-kinases.cof_tpl_mg.run_kin.3ZOS_0LI+2A1004_003
ForkPoolWorker-1: Calling delphi to calculate conformer (1/673) ARG01A0602_001 in /tmp/pbe_data.data.home.schowdhury.Project_kinases.cof_tpl_mg.run_kin.3ZOS_ARG01A0602_001
ForkPoolWorker-1: Calling delphi to calculate conformer (2/673) ARG02A0602_002 in /tmp/pbe_data.data.home.schowdhury.Project_kinases.cof_tpl_mg.run_kin.3ZOS_ARG02A0602_002
ForkPoolWorker-1: Calling delphi to calculate conformer (3/673) ARG03A0602_003 in /tmp/pbe_data.data.home.schowdhury.Project_kinases.cof_tpl_mg.run_kin.3ZOS_ARG03A0602_003
ForkPoolWorker-1: Calling delphi to calculate conformer (4/673) ARG03A0602_004 in /tmp/pbe_data.data.home.schowdhury.Project_kinases.cof_tpl_mg.run_kin.3ZOS_ARG03A0602_004
ForkPoolWorker-1: Calling delphi to calculate conformer (5/673) ARG+1A0602_005 in /tmp/pbe_data.data.home.schowdhury.Project_kinases.cof_tpl_mg.run_kin.3ZOS_ARG+1A0602_005
Skipping PBE solver for non-charge conformer (6/673) VAL01A0603_001...
ForkPoolWorker-1: Calling delphi to calculate conformer (7/673) ASP01A0604_001 in /tmp/pbe_data.data.home.schowdhury.Project_kinases.cof_tpl_mg.run_kin.3ZOS_ASP01A0604_001
ForkPoolWorker-1: Calling delphi to calculate conformer (8/673) ASP01A0604_002 in /tmp/pbe_data.data.home.schowdhury.Project_kinases.cof_tpl_mg.run_kin.3ZOS_ASP01A0604_002
ForkPoolWorker-1: Calling delphi to calculate conformer (9/673) ASP02A0604_003 in /tmp/pbe_data.data.home.schowdhury.Project_kinases.cof_tpl_mg.run_kin.3ZOS_ASP02A0604_003
ForkPoolWorker-1: Calling delphi to calculate conformer (10/673) ASP02A0604_004 in /tmp/pbe_data.data.home.schowdhury.Project_kinases.cof_tpl_mg.run_kin.3ZOS_ASP02A0604_004
ForkPoolWorker-1: Calling delphi to calculate conformer (11/673) ASP-1A0604_005 in /tmp/pbe_data.data.home.schowdhury.Project_kinases.cof_tpl_mg.run_kin.3ZOS_ASP-1A0604_005
Skipping PBE solver for non-charge conformer (12/673) PHE01A0605_001...
Skipping PBE solver for non-charge conformer (13/673) PRO01A0606_001...
ForkPoolWorker-1: Calling delphi to calculate conformer (14/673) ARG01A0607_001 in /tmp/pbe_data.data.home.schowdhury.Project_kinases.cof_tpl_mg.run_kin.3ZOS_ARG01A0607_001
ForkPoolWorker-1: Calling delphi to calculate conformer (15/673) ARG02A0607_002 in /tmp/pbe_data.data.home.schowdhury.Project_kinases.cof_tpl_mg.run_kin.3ZOS_ARG02A0607_002
ForkPoolWorker-1: Calling delphi to calculate conformer (16/673) ARG02A0607_003 in /tmp/pbe_data.data.home.schowdhury.Project_kinases.cof_tpl_mg.run_kin.3ZOS_ARG02A0607_003
ForkPoolWorker-1: Calling delphi to calculate conformer (17/673) ARG03A0607_004 in /tmp/pbe_data.data.home.schowdhury.Project_kinases.cof_tpl_mg.run_kin.3ZOS_ARG03A0607_004
ForkPoolWorker-1: Calling delphi to calculate conformer (18/673) ARG03A0607_005 in /tmp/pbe_data.data.home.schowdhury.Project_kinases.cof_tpl_mg.run_kin.3ZOS_ARG03A0607_005
ForkPoolWorker-1: Calling delphi to calculate conformer (19/673) ARG+1A0607_006 in /tmp/pbe_data.data.home.schowdhury.Project_kinases.cof_tpl_mg.run_kin.3ZOS_ARG+1A0607_006
ForkPoolWorker-1: Calling delphi to calculate conformer (20/673) SER01A0608_001 in /tmp/pbe_data.data.home.schowdhury.Project_kinases.cof_tpl_mg.run_kin.3ZOS_SER01A0608_001
ForkPoolWorker-1: Calling delphi to calculate conformer (21/673) ARG01A0609_001 in /tmp/pbe_data.data.home.schowdhury.Project_kinases.cof_tpl_mg.run_kin.3ZOS_ARG01A0609_001
ForkPoolWorker-1: Calling delphi to calculate conformer (22/673) ARG02A0609_002 in /tmp/pbe_data.data.home.schowdhury.Project_kinases.cof_tpl_mg.run_kin.3ZOS_ARG02A0609_002
ForkPoolWorker-1: Calling delphi to calculate conformer (23/673) ARG02A0609_003 in /tmp/pbe_data.data.home.schowdhury.Project_kinases.cof_tpl_mg.run_kin.3ZOS_ARG02A0609_003
ForkPoolWorker-1: Calling delphi to calculate conformer (24/673) ARG03A0609_004 in /tmp/pbe_data.data.home.schowdhury.Project_kinases.cof_tpl_mg.run_kin.3ZOS_ARG03A0609_004
ForkPoolWorker-1: Calling delphi to calculate conformer (25/673) ARG03A0609_005 in /tmp/pbe_data.data.home.schowdhury.Project_kinases.cof_tpl_mg.run_kin.3ZOS_ARG03A0609_005
ForkPoolWorker-1: Calling delphi to calculate conformer (26/673) ARG+1A0609_006 in /tmp/pbe_data.data.home.schowdhury.Project_kinases.cof_tpl_mg.run_kin.3ZOS_ARG+1A0609_006
Skipping PBE solver for non-charge conformer (27/673) LEU01A0610_001...
ForkPoolWorker-1: Calling delphi to calculate conformer (28/673) ARG01A0611_001 in /tmp/pbe_data.data.home.schowdhury.Project_kinases.cof_tpl_mg.run_kin.3ZOS_ARG01A0611_001
ForkPoolWorker-1: Calling delphi to calculate conformer (29/673) ARG02A0611_002 in /tmp/pbe_data.data.home.schowdhury.Project_kinases.cof_tpl_mg.run_kin.3ZOS_ARG02A0611_002
ForkPoolWorker-1: Calling delphi to calculate conformer (30/673) ARG03A0611_003 in /tmp/pbe_data.data.home.schowdhury.Project_kinases.cof_tpl_mg.run_kin.3ZOS_ARG03A0611_003
ForkPoolWorker-1: Calling delphi to calculate conformer (31/673) ARG03A0611_004 in /tmp/pbe_data.data.home.schowdhury.Project_kinases.cof_tpl_mg.run_kin.3ZOS_ARG03A0611_004
ForkPoolWorker-1: Calling delphi to calculate conformer (32/673) ARG+1A0611_005 in /tmp/pbe_data.data.home.schowdhury.Project_kinases.cof_tpl_mg.run_kin.3ZOS_ARG+1A0611_005
Skipping PBE solver for non-charge conformer (33/673) PHE01A0612_001...
ForkPoolWorker-1: Calling delphi to calculate conformer (34/673) LYS01A0613_001 in /tmp/pbe_data.data.home.schowdhury.Project_kinases.cof_tpl_mg.run_kin.3ZOS_LYS01A0613_001
ForkPoolWorker-1: Calling delphi to calculate conformer (35/673) LYS+1A0613_002 in /tmp/pbe_data.data.home.schowdhury.Project_kinases.cof_tpl_mg.run_kin.3ZOS_LYS+1A0613_002
ForkPoolWorker-1: Calling delphi to calculate conformer (36/673) GLU01A0614_001 in /tmp/pbe_data.data.home.schowdhury.Project_kinases.cof_tpl_mg.run_kin.3ZOS_GLU01A0614_001
ForkPoolWorker-1: Calling delphi to calculate conformer (37/673) GLU01A0614_002 in /tmp/pbe_data.data.home.schowdhury.Project_kinases.cof_tpl_mg.run_kin.3ZOS_GLU01A0614_002
ForkPoolWorker-1: Calling delphi to calculate conformer (38/673) GLU02A0614_003 in /tmp/pbe_data.data.home.schowdhury.Project_kinases.cof_tpl_mg.run_kin.3ZOS_GLU02A0614_003
ForkPoolWorker-1: Calling delphi to calculate conformer (39/673) GLU02A0614_004 in /tmp/pbe_data.data.home.schowdhury.Project_kinases.cof_tpl_mg.run_kin.3ZOS_GLU02A0614_004
ForkPoolWorker-1: Calling delphi to calculate conformer (40/673) GLU-1A0614_005 in /tmp/pbe_data.data.home.schowdhury.Project_kinases.cof_tpl_mg.run_kin.3ZOS_GLU-1A0614_005
ForkPoolWorker-1: Calling delphi to calculate conformer (41/673) LYS01A0615_001 in /tmp/pbe_data.data.home.schowdhury.Project_kinases.cof_tpl_mg.run_kin.3ZOS_LYS01A0615_001
ForkPoolWorker-1: Calling delphi to calculate conformer (42/673) LYS+1A0615_002 in /tmp/pbe_data.data.home.schowdhury.Project_kinases.cof_tpl_mg.run_kin.3ZOS_LYS+1A0615_002
Skipping PBE solver for non-charge conformer (43/673) LEU01A0616_001...
ForkPoolWorker-1: Calling delphi to calculate conformer (44/673) GLU01A0618_001 in /tmp/pbe_data.data.home.schowdhury.Project_kinases.cof_tpl_mg.run_kin.3ZOS_GLU01A0618_001
ForkPoolWorker-1: Calling delphi to calculate conformer (45/673) GLU01A0618_002 in /tmp/pbe_data.data.home.schowdhury.Project_kinases.cof_tpl_mg.run_kin.3ZOS_GLU01A0618_002
ForkPoolWorker-1: Calling delphi to calculate conformer (46/673) GLU02A0618_003 in /tmp/pbe_data.data.home.schowdhury.Project_kinases.cof_tpl_mg.run_kin.3ZOS_GLU02A0618_003
ForkPoolWorker-1: Calling delphi to calculate conformer (47/673) GLU02A0618_004 in /tmp/pbe_data.data.home.schowdhury.Project_kinases.cof_tpl_mg.run_kin.3ZOS_GLU02A0618_004
ForkPoolWorker-1: Calling delphi to calculate conformer (48/673) GLU-1A0618_005 in /tmp/pbe_data.data.home.schowdhury.Project_kinases.cof_tpl_mg.run_kin.3ZOS_GLU-1A0618_005
ForkPoolWorker-1: Calling delphi to calculate conformer (49/673) GLN01A0620_001 in /tmp/pbe_data.data.home.schowdhury.Project_kinases.cof_tpl_mg.run_kin.3ZOS_GLN01A0620_001
ForkPoolWorker-1: Calling delphi to calculate conformer (50/673) GLN01A0620_002 in /tmp/pbe_data.data.home.schowdhury.Project_kinases.cof_tpl_mg.run_kin.3ZOS_GLN01A0620_002
Skipping PBE solver for non-charge conformer (51/673) PHE01A0621_001...
ForkPoolWorker-1: Calling delphi to calculate conformer (52/673) GLU01A0623_001 in /tmp/pbe_data.data.home.schowdhury.Project_kinases.cof_tpl_mg.run_kin.3ZOS_GLU01A0623_001
ForkPoolWorker-1: Calling delphi to calculate conformer (53/673) GLU01A0623_002 in /tmp/pbe_data.data.home.schowdhury.Project_kinases.cof_tpl_mg.run_kin.3ZOS_GLU01A0623_002
ForkPoolWorker-1: Calling delphi to calculate conformer (54/673) GLU02A0623_003 in /tmp/pbe_data.data.home.schowdhury.Project_kinases.cof_tpl_mg.run_kin.3ZOS_GLU02A0623_003
ForkPoolWorker-1: Calling delphi to calculate conformer (55/673) GLU02A0623_004 in /tmp/pbe_data.data.home.schowdhury.Project_kinases.cof_tpl_mg.run_kin.3ZOS_GLU02A0623_004
ForkPoolWorker-1: Calling delphi to calculate conformer (56/673) GLU-1A0623_005 in /tmp/pbe_data.data.home.schowdhury.Project_kinases.cof_tpl_mg.run_kin.3ZOS_GLU-1A0623_005
Skipping PBE solver for non-charge conformer (57/673) VAL01A0624_001...
ForkPoolWorker-1: Calling delphi to calculate conformer (58/673) HIS01A0625_001 in /tmp/pbe_data.data.home.schowdhury.Project_kinases.cof_tpl_mg.run_kin.3ZOS_HIS01A0625_001
ForkPoolWorker-1: Calling delphi to calculate conformer (59/673) HIS02A0625_002 in /tmp/pbe_data.data.home.schowdhury.Project_kinases.cof_tpl_mg.run_kin.3ZOS_HIS02A0625_002
ForkPoolWorker-1: Calling delphi to calculate conformer (60/673) HIS+1A0625_003 in /tmp/pbe_data.data.home.schowdhury.Project_kinases.cof_tpl_mg.run_kin.3ZOS_HIS+1A0625_003
Skipping PBE solver for non-charge conformer (61/673) LEU01A0626_001...
ForkPoolWorker-1: Calling delphi to calculate conformer (62/673) CYS01A0627_001 in /tmp/pbe_data.data.home.schowdhury.Project_kinases.cof_tpl_mg.run_kin.3ZOS_CYS01A0627_001
ForkPoolWorker-1: Calling delphi to calculate conformer (63/673) CYS01A0627_002 in /tmp/pbe_data.data.home.schowdhury.Project_kinases.cof_tpl_mg.run_kin.3ZOS_CYS01A0627_002
ForkPoolWorker-1: Calling delphi to calculate conformer (64/673) CYS01A0627_003 in /tmp/pbe_data.data.home.schowdhury.Project_kinases.cof_tpl_mg.run_kin.3ZOS_CYS01A0627_003
ForkPoolWorker-1: Calling delphi to calculate conformer (65/673) CYS-1A0627_004 in /tmp/pbe_data.data.home.schowdhury.Project_kinases.cof_tpl_mg.run_kin.3ZOS_CYS-1A0627_004
ForkPoolWorker-1: Calling delphi to calculate conformer (66/673) GLU01A0628_001 in /tmp/pbe_data.data.home.schowdhury.Project_kinases.cof_tpl_mg.run_kin.3ZOS_GLU01A0628_001
ForkPoolWorker-1: Calling delphi to calculate conformer (67/673) GLU01A0628_002 in /tmp/pbe_data.data.home.schowdhury.Project_kinases.cof_tpl_mg.run_kin.3ZOS_GLU01A0628_002
ForkPoolWorker-1: Calling delphi to calculate conformer (68/673) GLU02A0628_003 in /tmp/pbe_data.data.home.schowdhury.Project_kinases.cof_tpl_mg.run_kin.3ZOS_GLU02A0628_003
ForkPoolWorker-1: Calling delphi to calculate conformer (69/673) GLU02A0628_004 in /tmp/pbe_data.data.home.schowdhury.Project_kinases.cof_tpl_mg.run_kin.3ZOS_GLU02A0628_004
ForkPoolWorker-1: Calling delphi to calculate conformer (70/673) GLU-1A0628_005 in /tmp/pbe_data.data.home.schowdhury.Project_kinases.cof_tpl_mg.run_kin.3ZOS_GLU-1A0628_005
Skipping PBE solver for non-charge conformer (71/673) VAL01A0629_001...
ForkPoolWorker-1: Calling delphi to calculate conformer (72/673) ASP01A0630_001 in /tmp/pbe_data.data.home.schowdhury.Project_kinases.cof_tpl_mg.run_kin.3ZOS_ASP01A0630_001
ForkPoolWorker-1: Calling delphi to calculate conformer (73/673) ASP01A0630_002 in /tmp/pbe_data.data.home.schowdhury.Project_kinases.cof_tpl_mg.run_kin.3ZOS_ASP01A0630_002
ForkPoolWorker-1: Calling delphi to calculate conformer (74/673) ASP01A0630_003 in /tmp/pbe_data.data.home.schowdhury.Project_kinases.cof_tpl_mg.run_kin.3ZOS_ASP01A0630_003
ForkPoolWorker-1: Calling delphi to calculate conformer (75/673) ASP01A0630_004 in /tmp/pbe_data.data.home.schowdhury.Project_kinases.cof_tpl_mg.run_kin.3ZOS_ASP01A0630_004
ForkPoolWorker-1: Calling delphi to calculate conformer (76/673) ASP02A0630_005 in /tmp/pbe_data.data.home.schowdhury.Project_kinases.cof_tpl_mg.run_kin.3ZOS_ASP02A0630_005
ForkPoolWorker-1: Calling delphi to calculate conformer (77/673) ASP02A0630_006 in /tmp/pbe_data.data.home.schowdhury.Project_kinases.cof_tpl_mg.run_kin.3ZOS_ASP02A0630_006
ForkPoolWorker-1: Calling delphi to calculate conformer (78/673) ASP02A0630_007 in /tmp/pbe_data.data.home.schowdhury.Project_kinases.cof_tpl_mg.run_kin.3ZOS_ASP02A0630_007
ForkPoolWorker-1: Calling delphi to calculate conformer (79/673) ASP02A0630_008 in /tmp/pbe_data.data.home.schowdhury.Project_kinases.cof_tpl_mg.run_kin.3ZOS_ASP02A0630_008
ForkPoolWorker-1: Calling delphi to calculate conformer (80/673) ASP-1A0630_009 in /tmp/pbe_data.data.home.schowdhury.Project_kinases.cof_tpl_mg.run_kin.3ZOS_ASP-1A0630_009
ForkPoolWorker-1: Calling delphi to calculate conformer (81/673) ASP-1A0630_010 in /tmp/pbe_data.data.home.schowdhury.Project_kinases.cof_tpl_mg.run_kin.3ZOS_ASP-1A0630_010
ForkPoolWorker-1: Calling delphi to calculate conformer (82/673) SER01A0631_001 in /tmp/pbe_data.data.home.schowdhury.Project_kinases.cof_tpl_mg.run_kin.3ZOS_SER01A0631_001
ForkPoolWorker-1: Calling delphi to calculate conformer (83/673) SER01A0631_002 in /tmp/pbe_data.data.home.schowdhury.Project_kinases.cof_tpl_mg.run_kin.3ZOS_SER01A0631_002
Skipping PBE solver for non-charge conformer (84/673) PRO01A0632_001...
ForkPoolWorker-1: Calling delphi to calculate conformer (85/673) GLN01A0633_001 in /tmp/pbe_data.data.home.schowdhury.Project_kinases.cof_tpl_mg.run_kin.3ZOS_GLN01A0633_001
ForkPoolWorker-1: Calling delphi to calculate conformer (86/673) ASP01A0634_001 in /tmp/pbe_data.data.home.schowdhury.Project_kinases.cof_tpl_mg.run_kin.3ZOS_ASP01A0634_001
ForkPoolWorker-1: Calling delphi to calculate conformer (87/673) ASP01A0634_002 in /tmp/pbe_data.data.home.schowdhury.Project_kinases.cof_tpl_mg.run_kin.3ZOS_ASP01A0634_002
ForkPoolWorker-1: Calling delphi to calculate conformer (88/673) ASP02A0634_003 in /tmp/pbe_data.data.home.schowdhury.Project_kinases.cof_tpl_mg.run_kin.3ZOS_ASP02A0634_003
ForkPoolWorker-1: Calling delphi to calculate conformer (89/673) ASP02A0634_004 in /tmp/pbe_data.data.home.schowdhury.Project_kinases.cof_tpl_mg.run_kin.3ZOS_ASP02A0634_004
ForkPoolWorker-1: Calling delphi to calculate conformer (90/673) ASP-1A0634_005 in /tmp/pbe_data.data.home.schowdhury.Project_kinases.cof_tpl_mg.run_kin.3ZOS_ASP-1A0634_005
Skipping PBE solver for non-charge conformer (91/673) LEU01A0635_001...
Skipping PBE solver for non-charge conformer (92/673) VAL01A0636_001...
ForkPoolWorker-1: Calling delphi to calculate conformer (93/673) SER01A0637_001 in /tmp/pbe_data.data.home.schowdhury.Project_kinases.cof_tpl_mg.run_kin.3ZOS_SER01A0637_001
ForkPoolWorker-1: Calling delphi to calculate conformer (94/673) SER01A0637_002 in /tmp/pbe_data.data.home.schowdhury.Project_kinases.cof_tpl_mg.run_kin.3ZOS_SER01A0637_002
ForkPoolWorker-1: Calling delphi to calculate conformer (95/673) SER01A0637_003 in /tmp/pbe_data.data.home.schowdhury.Project_kinases.cof_tpl_mg.run_kin.3ZOS_SER01A0637_003
Skipping PBE solver for non-charge conformer (96/673) LEU01A0638_001...
ForkPoolWorker-1: Calling delphi to calculate conformer (97/673) ASP01A0639_001 in /tmp/pbe_data.data.home.schowdhury.Project_kinases.cof_tpl_mg.run_kin.3ZOS_ASP01A0639_001
ForkPoolWorker-1: Calling delphi to calculate conformer (98/673) ASP01A0639_002 in /tmp/pbe_data.data.home.schowdhury.Project_kinases.cof_tpl_mg.run_kin.3ZOS_ASP01A0639_002
ForkPoolWorker-1: Calling delphi to calculate conformer (99/673) ASP02A0639_003 in /tmp/pbe_data.data.home.schowdhury.Project_kinases.cof_tpl_mg.run_kin.3ZOS_ASP02A0639_003
ForkPoolWorker-1: Calling delphi to calculate conformer (100/673) ASP02A0639_004 in /tmp/pbe_data.data.home.schowdhury.Project_kinases.cof_tpl_mg.run_kin.3ZOS_ASP02A0639_004
ForkPoolWorker-1: Calling delphi to calculate conformer (101/673) ASP-1A0639_005 in /tmp/pbe_data.data.home.schowdhury.Project_kinases.cof_tpl_mg.run_kin.3ZOS_ASP-1A0639_005
Skipping PBE solver for non-charge conformer (102/673) PHE01A0640_001...
Skipping PBE solver for non-charge conformer (103/673) PRO01A0641_001...
Skipping PBE solver for non-charge conformer (104/673) LEU01A0642_001...
ForkPoolWorker-1: Calling delphi to calculate conformer (105/673) ASN01A0643_001 in /tmp/pbe_data.data.home.schowdhury.Project_kinases.cof_tpl_mg.run_kin.3ZOS_ASN01A0643_001
ForkPoolWorker-1: Calling delphi to calculate conformer (106/673) ASN01A0643_002 in /tmp/pbe_data.data.home.schowdhury.Project_kinases.cof_tpl_mg.run_kin.3ZOS_ASN01A0643_002
Skipping PBE solver for non-charge conformer (107/673) VAL01A0644_001...
ForkPoolWorker-1: Calling delphi to calculate conformer (108/673) ARG01A0645_001 in /tmp/pbe_data.data.home.schowdhury.Project_kinases.cof_tpl_mg.run_kin.3ZOS_ARG01A0645_001
ForkPoolWorker-1: Calling delphi to calculate conformer (109/673) ARG02A0645_002 in /tmp/pbe_data.data.home.schowdhury.Project_kinases.cof_tpl_mg.run_kin.3ZOS_ARG02A0645_002
ForkPoolWorker-1: Calling delphi to calculate conformer (110/673) ARG02A0645_003 in /tmp/pbe_data.data.home.schowdhury.Project_kinases.cof_tpl_mg.run_kin.3ZOS_ARG02A0645_003
ForkPoolWorker-1: Calling delphi to calculate conformer (111/673) ARG03A0645_004 in /tmp/pbe_data.data.home.schowdhury.Project_kinases.cof_tpl_mg.run_kin.3ZOS_ARG03A0645_004
ForkPoolWorker-1: Calling delphi to calculate conformer (112/673) ARG03A0645_005 in /tmp/pbe_data.data.home.schowdhury.Project_kinases.cof_tpl_mg.run_kin.3ZOS_ARG03A0645_005
ForkPoolWorker-1: Calling delphi to calculate conformer (113/673) ARG+1A0645_006 in /tmp/pbe_data.data.home.schowdhury.Project_kinases.cof_tpl_mg.run_kin.3ZOS_ARG+1A0645_006
ForkPoolWorker-1: Calling delphi to calculate conformer (114/673) LYS01A0646_001 in /tmp/pbe_data.data.home.schowdhury.Project_kinases.cof_tpl_mg.run_kin.3ZOS_LYS01A0646_001
ForkPoolWorker-1: Calling delphi to calculate conformer (115/673) LYS+1A0646_002 in /tmp/pbe_data.data.home.schowdhury.Project_kinases.cof_tpl_mg.run_kin.3ZOS_LYS+1A0646_002
ForkPoolWorker-1: Calling delphi to calculate conformer (116/673) HIS01A0648_001 in /tmp/pbe_data.data.home.schowdhury.Project_kinases.cof_tpl_mg.run_kin.3ZOS_HIS01A0648_001
ForkPoolWorker-1: Calling delphi to calculate conformer (117/673) HIS01A0648_002 in /tmp/pbe_data.data.home.schowdhury.Project_kinases.cof_tpl_mg.run_kin.3ZOS_HIS01A0648_002
ForkPoolWorker-1: Calling delphi to calculate conformer (118/673) HIS02A0648_003 in /tmp/pbe_data.data.home.schowdhury.Project_kinases.cof_tpl_mg.run_kin.3ZOS_HIS02A0648_003
ForkPoolWorker-1: Calling delphi to calculate conformer (119/673) HIS02A0648_004 in /tmp/pbe_data.data.home.schowdhury.Project_kinases.cof_tpl_mg.run_kin.3ZOS_HIS02A0648_004
ForkPoolWorker-1: Calling delphi to calculate conformer (120/673) HIS+1A0648_005 in /tmp/pbe_data.data.home.schowdhury.Project_kinases.cof_tpl_mg.run_kin.3ZOS_HIS+1A0648_005
ForkPoolWorker-1: Calling delphi to calculate conformer (121/673) HIS+1A0648_006 in /tmp/pbe_data.data.home.schowdhury.Project_kinases.cof_tpl_mg.run_kin.3ZOS_HIS+1A0648_006
Skipping PBE solver for non-charge conformer (122/673) PRO01A0649_001...
Skipping PBE solver for non-charge conformer (123/673) LEU01A0650_001...
Skipping PBE solver for non-charge conformer (124/673) LEU01A0651_001...
Skipping PBE solver for non-charge conformer (125/673) VAL01A0652_001...
Skipping PBE solver for non-charge conformer (126/673) ALA01A0653_001...
Skipping PBE solver for non-charge conformer (127/673) VAL01A0654_001...
ForkPoolWorker-1: Calling delphi to calculate conformer (128/673) LYS01A0655_001 in /tmp/pbe_data.data.home.schowdhury.Project_kinases.cof_tpl_mg.run_kin.3ZOS_LYS01A0655_001
ForkPoolWorker-1: Calling delphi to calculate conformer (129/673) LYS+1A0655_002 in /tmp/pbe_data.data.home.schowdhury.Project_kinases.cof_tpl_mg.run_kin.3ZOS_LYS+1A0655_002
Skipping PBE solver for non-charge conformer (130/673) ILE01A0656_001...
Skipping PBE solver for non-charge conformer (131/673) LEU01A0657_001...
ForkPoolWorker-1: Calling delphi to calculate conformer (132/673) ARG01A0658_001 in /tmp/pbe_data.data.home.schowdhury.Project_kinases.cof_tpl_mg.run_kin.3ZOS_ARG01A0658_001
ForkPoolWorker-1: Calling delphi to calculate conformer (133/673) ARG01A0658_002 in /tmp/pbe_data.data.home.schowdhury.Project_kinases.cof_tpl_mg.run_kin.3ZOS_ARG01A0658_002
ForkPoolWorker-1: Calling delphi to calculate conformer (134/673) ARG02A0658_003 in /tmp/pbe_data.data.home.schowdhury.Project_kinases.cof_tpl_mg.run_kin.3ZOS_ARG02A0658_003
ForkPoolWorker-1: Calling delphi to calculate conformer (135/673) ARG02A0658_004 in /tmp/pbe_data.data.home.schowdhury.Project_kinases.cof_tpl_mg.run_kin.3ZOS_ARG02A0658_004
ForkPoolWorker-1: Calling delphi to calculate conformer (136/673) ARG02A0658_005 in /tmp/pbe_data.data.home.schowdhury.Project_kinases.cof_tpl_mg.run_kin.3ZOS_ARG02A0658_005
ForkPoolWorker-1: Calling delphi to calculate conformer (137/673) ARG02A0658_006 in /tmp/pbe_data.data.home.schowdhury.Project_kinases.cof_tpl_mg.run_kin.3ZOS_ARG02A0658_006
ForkPoolWorker-1: Calling delphi to calculate conformer (138/673) ARG03A0658_007 in /tmp/pbe_data.data.home.schowdhury.Project_kinases.cof_tpl_mg.run_kin.3ZOS_ARG03A0658_007
ForkPoolWorker-1: Calling delphi to calculate conformer (139/673) ARG03A0658_008 in /tmp/pbe_data.data.home.schowdhury.Project_kinases.cof_tpl_mg.run_kin.3ZOS_ARG03A0658_008
ForkPoolWorker-1: Calling delphi to calculate conformer (140/673) ARG03A0658_009 in /tmp/pbe_data.data.home.schowdhury.Project_kinases.cof_tpl_mg.run_kin.3ZOS_ARG03A0658_009
ForkPoolWorker-1: Calling delphi to calculate conformer (141/673) ARG03A0658_010 in /tmp/pbe_data.data.home.schowdhury.Project_kinases.cof_tpl_mg.run_kin.3ZOS_ARG03A0658_010
ForkPoolWorker-1: Calling delphi to calculate conformer (142/673) ARG+1A0658_011 in /tmp/pbe_data.data.home.schowdhury.Project_kinases.cof_tpl_mg.run_kin.3ZOS_ARG+1A0658_011
ForkPoolWorker-1: Calling delphi to calculate conformer (143/673) ARG+1A0658_012 in /tmp/pbe_data.data.home.schowdhury.Project_kinases.cof_tpl_mg.run_kin.3ZOS_ARG+1A0658_012
Skipping PBE solver for non-charge conformer (144/673) PRO01A0659_001...
ForkPoolWorker-1: Calling delphi to calculate conformer (145/673) ASP01A0660_001 in /tmp/pbe_data.data.home.schowdhury.Project_kinases.cof_tpl_mg.run_kin.3ZOS_ASP01A0660_001
ForkPoolWorker-1: Calling delphi to calculate conformer (146/673) ASP01A0660_002 in /tmp/pbe_data.data.home.schowdhury.Project_kinases.cof_tpl_mg.run_kin.3ZOS_ASP01A0660_002
ForkPoolWorker-1: Calling delphi to calculate conformer (147/673) ASP01A0660_003 in /tmp/pbe_data.data.home.schowdhury.Project_kinases.cof_tpl_mg.run_kin.3ZOS_ASP01A0660_003
ForkPoolWorker-1: Calling delphi to calculate conformer (148/673) ASP01A0660_004 in /tmp/pbe_data.data.home.schowdhury.Project_kinases.cof_tpl_mg.run_kin.3ZOS_ASP01A0660_004
ForkPoolWorker-1: Calling delphi to calculate conformer (149/673) ASP02A0660_005 in /tmp/pbe_data.data.home.schowdhury.Project_kinases.cof_tpl_mg.run_kin.3ZOS_ASP02A0660_005
ForkPoolWorker-1: Calling delphi to calculate conformer (150/673) ASP02A0660_006 in /tmp/pbe_data.data.home.schowdhury.Project_kinases.cof_tpl_mg.run_kin.3ZOS_ASP02A0660_006
ForkPoolWorker-1: Calling delphi to calculate conformer (151/673) ASP02A0660_007 in /tmp/pbe_data.data.home.schowdhury.Project_kinases.cof_tpl_mg.run_kin.3ZOS_ASP02A0660_007
ForkPoolWorker-1: Calling delphi to calculate conformer (152/673) ASP02A0660_008 in /tmp/pbe_data.data.home.schowdhury.Project_kinases.cof_tpl_mg.run_kin.3ZOS_ASP02A0660_008
ForkPoolWorker-1: Calling delphi to calculate conformer (153/673) ASP-1A0660_009 in /tmp/pbe_data.data.home.schowdhury.Project_kinases.cof_tpl_mg.run_kin.3ZOS_ASP-1A0660_009
ForkPoolWorker-1: Calling delphi to calculate conformer (154/673) ASP-1A0660_010 in /tmp/pbe_data.data.home.schowdhury.Project_kinases.cof_tpl_mg.run_kin.3ZOS_ASP-1A0660_010
Skipping PBE solver for non-charge conformer (155/673) ALA01A0661_001...
ForkPoolWorker-1: Calling delphi to calculate conformer (156/673) THR01A0662_001 in /tmp/pbe_data.data.home.schowdhury.Project_kinases.cof_tpl_mg.run_kin.3ZOS_THR01A0662_001
ForkPoolWorker-1: Calling delphi to calculate conformer (157/673) THR01A0662_002 in /tmp/pbe_data.data.home.schowdhury.Project_kinases.cof_tpl_mg.run_kin.3ZOS_THR01A0662_002
ForkPoolWorker-1: Calling delphi to calculate conformer (158/673) LYS01A0663_001 in /tmp/pbe_data.data.home.schowdhury.Project_kinases.cof_tpl_mg.run_kin.3ZOS_LYS01A0663_001
ForkPoolWorker-1: Calling delphi to calculate conformer (159/673) LYS+1A0663_002 in /tmp/pbe_data.data.home.schowdhury.Project_kinases.cof_tpl_mg.run_kin.3ZOS_LYS+1A0663_002
ForkPoolWorker-1: Calling delphi to calculate conformer (160/673) ASN01A0664_001 in /tmp/pbe_data.data.home.schowdhury.Project_kinases.cof_tpl_mg.run_kin.3ZOS_ASN01A0664_001
Skipping PBE solver for non-charge conformer (161/673) ALA01A0665_001...
ForkPoolWorker-1: Calling delphi to calculate conformer (162/673) ARG01A0666_001 in /tmp/pbe_data.data.home.schowdhury.Project_kinases.cof_tpl_mg.run_kin.3ZOS_ARG01A0666_001
ForkPoolWorker-1: Calling delphi to calculate conformer (163/673) ARG02A0666_002 in /tmp/pbe_data.data.home.schowdhury.Project_kinases.cof_tpl_mg.run_kin.3ZOS_ARG02A0666_002
ForkPoolWorker-1: Calling delphi to calculate conformer (164/673) ARG02A0666_003 in /tmp/pbe_data.data.home.schowdhury.Project_kinases.cof_tpl_mg.run_kin.3ZOS_ARG02A0666_003
ForkPoolWorker-1: Calling delphi to calculate conformer (165/673) ARG03A0666_004 in /tmp/pbe_data.data.home.schowdhury.Project_kinases.cof_tpl_mg.run_kin.3ZOS_ARG03A0666_004
ForkPoolWorker-1: Calling delphi to calculate conformer (166/673) ARG03A0666_005 in /tmp/pbe_data.data.home.schowdhury.Project_kinases.cof_tpl_mg.run_kin.3ZOS_ARG03A0666_005
ForkPoolWorker-1: Calling delphi to calculate conformer (167/673) ARG+1A0666_006 in /tmp/pbe_data.data.home.schowdhury.Project_kinases.cof_tpl_mg.run_kin.3ZOS_ARG+1A0666_006
ForkPoolWorker-1: Calling delphi to calculate conformer (168/673) ASN01A0667_001 in /tmp/pbe_data.data.home.schowdhury.Project_kinases.cof_tpl_mg.run_kin.3ZOS_ASN01A0667_001
ForkPoolWorker-1: Calling delphi to calculate conformer (169/673) ASP01A0668_001 in /tmp/pbe_data.data.home.schowdhury.Project_kinases.cof_tpl_mg.run_kin.3ZOS_ASP01A0668_001
ForkPoolWorker-1: Calling delphi to calculate conformer (170/673) ASP01A0668_002 in /tmp/pbe_data.data.home.schowdhury.Project_kinases.cof_tpl_mg.run_kin.3ZOS_ASP01A0668_002
ForkPoolWorker-1: Calling delphi to calculate conformer (171/673) ASP02A0668_003 in /tmp/pbe_data.data.home.schowdhury.Project_kinases.cof_tpl_mg.run_kin.3ZOS_ASP02A0668_003
ForkPoolWorker-1: Calling delphi to calculate conformer (172/673) ASP02A0668_004 in /tmp/pbe_data.data.home.schowdhury.Project_kinases.cof_tpl_mg.run_kin.3ZOS_ASP02A0668_004
ForkPoolWorker-1: Calling delphi to calculate conformer (173/673) ASP-1A0668_005 in /tmp/pbe_data.data.home.schowdhury.Project_kinases.cof_tpl_mg.run_kin.3ZOS_ASP-1A0668_005
Skipping PBE solver for non-charge conformer (174/673) PHE01A0669_001...
Skipping PBE solver for non-charge conformer (175/673) LEU01A0670_001...
ForkPoolWorker-1: Calling delphi to calculate conformer (176/673) LYS01A0671_001 in /tmp/pbe_data.data.home.schowdhury.Project_kinases.cof_tpl_mg.run_kin.3ZOS_LYS01A0671_001
ForkPoolWorker-1: Calling delphi to calculate conformer (177/673) LYS+1A0671_002 in /tmp/pbe_data.data.home.schowdhury.Project_kinases.cof_tpl_mg.run_kin.3ZOS_LYS+1A0671_002
ForkPoolWorker-1: Calling delphi to calculate conformer (178/673) GLU01A0672_001 in /tmp/pbe_data.data.home.schowdhury.Project_kinases.cof_tpl_mg.run_kin.3ZOS_GLU01A0672_001
ForkPoolWorker-1: Calling delphi to calculate conformer (179/673) GLU01A0672_002 in /tmp/pbe_data.data.home.schowdhury.Project_kinases.cof_tpl_mg.run_kin.3ZOS_GLU01A0672_002
ForkPoolWorker-1: Calling delphi to calculate conformer (180/673) GLU02A0672_003 in /tmp/pbe_data.data.home.schowdhury.Project_kinases.cof_tpl_mg.run_kin.3ZOS_GLU02A0672_003
ForkPoolWorker-1: Calling delphi to calculate conformer (181/673) GLU02A0672_004 in /tmp/pbe_data.data.home.schowdhury.Project_kinases.cof_tpl_mg.run_kin.3ZOS_GLU02A0672_004
ForkPoolWorker-1: Calling delphi to calculate conformer (182/673) GLU-1A0672_005 in /tmp/pbe_data.data.home.schowdhury.Project_kinases.cof_tpl_mg.run_kin.3ZOS_GLU-1A0672_005
Skipping PBE solver for non-charge conformer (183/673) VAL01A0673_001...
ForkPoolWorker-1: Calling delphi to calculate conformer (184/673) LYS01A0674_001 in /tmp/pbe_data.data.home.schowdhury.Project_kinases.cof_tpl_mg.run_kin.3ZOS_LYS01A0674_001
ForkPoolWorker-1: Calling delphi to calculate conformer (185/673) LYS+1A0674_002 in /tmp/pbe_data.data.home.schowdhury.Project_kinases.cof_tpl_mg.run_kin.3ZOS_LYS+1A0674_002
Skipping PBE solver for non-charge conformer (186/673) ILE01A0675_001...
ForkPoolWorker-1: Calling delphi to calculate conformer (187/673) MET01A0676_001 in /tmp/pbe_data.data.home.schowdhury.Project_kinases.cof_tpl_mg.run_kin.3ZOS_MET01A0676_001
ForkPoolWorker-1: Calling delphi to calculate conformer (188/673) SER01A0677_001 in /tmp/pbe_data.data.home.schowdhury.Project_kinases.cof_tpl_mg.run_kin.3ZOS_SER01A0677_001
ForkPoolWorker-1: Calling delphi to calculate conformer (189/673) SER01A0677_002 in /tmp/pbe_data.data.home.schowdhury.Project_kinases.cof_tpl_mg.run_kin.3ZOS_SER01A0677_002
ForkPoolWorker-1: Calling delphi to calculate conformer (190/673) ARG01A0678_001 in /tmp/pbe_data.data.home.schowdhury.Project_kinases.cof_tpl_mg.run_kin.3ZOS_ARG01A0678_001
ForkPoolWorker-1: Calling delphi to calculate conformer (191/673) ARG02A0678_002 in /tmp/pbe_data.data.home.schowdhury.Project_kinases.cof_tpl_mg.run_kin.3ZOS_ARG02A0678_002
ForkPoolWorker-1: Calling delphi to calculate conformer (192/673) ARG03A0678_003 in /tmp/pbe_data.data.home.schowdhury.Project_kinases.cof_tpl_mg.run_kin.3ZOS_ARG03A0678_003
ForkPoolWorker-1: Calling delphi to calculate conformer (193/673) ARG+1A0678_004 in /tmp/pbe_data.data.home.schowdhury.Project_kinases.cof_tpl_mg.run_kin.3ZOS_ARG+1A0678_004
Skipping PBE solver for non-charge conformer (194/673) LEU01A0679_001...
ForkPoolWorker-1: Calling delphi to calculate conformer (195/673) LYS01A0680_001 in /tmp/pbe_data.data.home.schowdhury.Project_kinases.cof_tpl_mg.run_kin.3ZOS_LYS01A0680_001
ForkPoolWorker-1: Calling delphi to calculate conformer (196/673) LYS+1A0680_002 in /tmp/pbe_data.data.home.schowdhury.Project_kinases.cof_tpl_mg.run_kin.3ZOS_LYS+1A0680_002
ForkPoolWorker-1: Calling delphi to calculate conformer (197/673) ASP01A0681_001 in /tmp/pbe_data.data.home.schowdhury.Project_kinases.cof_tpl_mg.run_kin.3ZOS_ASP01A0681_001
ForkPoolWorker-1: Calling delphi to calculate conformer (198/673) ASP01A0681_002 in /tmp/pbe_data.data.home.schowdhury.Project_kinases.cof_tpl_mg.run_kin.3ZOS_ASP01A0681_002
ForkPoolWorker-1: Calling delphi to calculate conformer (199/673) ASP02A0681_003 in /tmp/pbe_data.data.home.schowdhury.Project_kinases.cof_tpl_mg.run_kin.3ZOS_ASP02A0681_003
ForkPoolWorker-1: Calling delphi to calculate conformer (200/673) ASP02A0681_004 in /tmp/pbe_data.data.home.schowdhury.Project_kinases.cof_tpl_mg.run_kin.3ZOS_ASP02A0681_004
ForkPoolWorker-1: Calling delphi to calculate conformer (201/673) ASP-1A0681_005 in /tmp/pbe_data.data.home.schowdhury.Project_kinases.cof_tpl_mg.run_kin.3ZOS_ASP-1A0681_005
Skipping PBE solver for non-charge conformer (202/673) PRO01A0682_001...
ForkPoolWorker-1: Calling delphi to calculate conformer (203/673) ASN01A0683_001 in /tmp/pbe_data.data.home.schowdhury.Project_kinases.cof_tpl_mg.run_kin.3ZOS_ASN01A0683_001
ForkPoolWorker-1: Calling delphi to calculate conformer (204/673) ASN01A0683_002 in /tmp/pbe_data.data.home.schowdhury.Project_kinases.cof_tpl_mg.run_kin.3ZOS_ASN01A0683_002
Skipping PBE solver for non-charge conformer (205/673) ILE01A0684_001...
Skipping PBE solver for non-charge conformer (206/673) ILE01A0685_001...
ForkPoolWorker-1: Calling delphi to calculate conformer (207/673) ARG01A0686_001 in /tmp/pbe_data.data.home.schowdhury.Project_kinases.cof_tpl_mg.run_kin.3ZOS_ARG01A0686_001
ForkPoolWorker-1: Calling delphi to calculate conformer (208/673) ARG02A0686_002 in /tmp/pbe_data.data.home.schowdhury.Project_kinases.cof_tpl_mg.run_kin.3ZOS_ARG02A0686_002
ForkPoolWorker-1: Calling delphi to calculate conformer (209/673) ARG03A0686_003 in /tmp/pbe_data.data.home.schowdhury.Project_kinases.cof_tpl_mg.run_kin.3ZOS_ARG03A0686_003
ForkPoolWorker-1: Calling delphi to calculate conformer (210/673) ARG+1A0686_004 in /tmp/pbe_data.data.home.schowdhury.Project_kinases.cof_tpl_mg.run_kin.3ZOS_ARG+1A0686_004
Skipping PBE solver for non-charge conformer (211/673) LEU01A0687_001...
Skipping PBE solver for non-charge conformer (212/673) LEU01A0688_001...
Skipping PBE solver for non-charge conformer (213/673) VAL01A0690_001...
ForkPoolWorker-1: Calling delphi to calculate conformer (214/673) CYS01A0691_001 in /tmp/pbe_data.data.home.schowdhury.Project_kinases.cof_tpl_mg.run_kin.3ZOS_CYS01A0691_001
ForkPoolWorker-1: Calling delphi to calculate conformer (215/673) CYS01A0691_002 in /tmp/pbe_data.data.home.schowdhury.Project_kinases.cof_tpl_mg.run_kin.3ZOS_CYS01A0691_002
ForkPoolWorker-1: Calling delphi to calculate conformer (216/673) CYS01A0691_003 in /tmp/pbe_data.data.home.schowdhury.Project_kinases.cof_tpl_mg.run_kin.3ZOS_CYS01A0691_003
ForkPoolWorker-1: Calling delphi to calculate conformer (217/673) CYS-1A0691_004 in /tmp/pbe_data.data.home.schowdhury.Project_kinases.cof_tpl_mg.run_kin.3ZOS_CYS-1A0691_004
Skipping PBE solver for non-charge conformer (218/673) VAL01A0692_001...
ForkPoolWorker-1: Calling delphi to calculate conformer (219/673) GLN01A0693_001 in /tmp/pbe_data.data.home.schowdhury.Project_kinases.cof_tpl_mg.run_kin.3ZOS_GLN01A0693_001
ForkPoolWorker-1: Calling delphi to calculate conformer (220/673) GLN01A0693_002 in /tmp/pbe_data.data.home.schowdhury.Project_kinases.cof_tpl_mg.run_kin.3ZOS_GLN01A0693_002
ForkPoolWorker-1: Calling delphi to calculate conformer (221/673) ASP01A0694_001 in /tmp/pbe_data.data.home.schowdhury.Project_kinases.cof_tpl_mg.run_kin.3ZOS_ASP01A0694_001
ForkPoolWorker-1: Calling delphi to calculate conformer (222/673) ASP01A0694_002 in /tmp/pbe_data.data.home.schowdhury.Project_kinases.cof_tpl_mg.run_kin.3ZOS_ASP01A0694_002
ForkPoolWorker-1: Calling delphi to calculate conformer (223/673) ASP01A0694_003 in /tmp/pbe_data.data.home.schowdhury.Project_kinases.cof_tpl_mg.run_kin.3ZOS_ASP01A0694_003
ForkPoolWorker-1: Calling delphi to calculate conformer (224/673) ASP02A0694_004 in /tmp/pbe_data.data.home.schowdhury.Project_kinases.cof_tpl_mg.run_kin.3ZOS_ASP02A0694_004
ForkPoolWorker-1: Calling delphi to calculate conformer (225/673) ASP02A0694_005 in /tmp/pbe_data.data.home.schowdhury.Project_kinases.cof_tpl_mg.run_kin.3ZOS_ASP02A0694_005
ForkPoolWorker-1: Calling delphi to calculate conformer (226/673) ASP02A0694_006 in /tmp/pbe_data.data.home.schowdhury.Project_kinases.cof_tpl_mg.run_kin.3ZOS_ASP02A0694_006
ForkPoolWorker-1: Calling delphi to calculate conformer (227/673) ASP02A0694_007 in /tmp/pbe_data.data.home.schowdhury.Project_kinases.cof_tpl_mg.run_kin.3ZOS_ASP02A0694_007
ForkPoolWorker-1: Calling delphi to calculate conformer (228/673) ASP-1A0694_008 in /tmp/pbe_data.data.home.schowdhury.Project_kinases.cof_tpl_mg.run_kin.3ZOS_ASP-1A0694_008
ForkPoolWorker-1: Calling delphi to calculate conformer (229/673) ASP01A0695_001 in /tmp/pbe_data.data.home.schowdhury.Project_kinases.cof_tpl_mg.run_kin.3ZOS_ASP01A0695_001
ForkPoolWorker-1: Calling delphi to calculate conformer (230/673) ASP01A0695_002 in /tmp/pbe_data.data.home.schowdhury.Project_kinases.cof_tpl_mg.run_kin.3ZOS_ASP01A0695_002
ForkPoolWorker-1: Calling delphi to calculate conformer (231/673) ASP02A0695_003 in /tmp/pbe_data.data.home.schowdhury.Project_kinases.cof_tpl_mg.run_kin.3ZOS_ASP02A0695_003
ForkPoolWorker-1: Calling delphi to calculate conformer (232/673) ASP02A0695_004 in /tmp/pbe_data.data.home.schowdhury.Project_kinases.cof_tpl_mg.run_kin.3ZOS_ASP02A0695_004
ForkPoolWorker-1: Calling delphi to calculate conformer (233/673) ASP-1A0695_005 in /tmp/pbe_data.data.home.schowdhury.Project_kinases.cof_tpl_mg.run_kin.3ZOS_ASP-1A0695_005
Skipping PBE solver for non-charge conformer (234/673) PRO01A0696_001...
Skipping PBE solver for non-charge conformer (235/673) LEU01A0697_001...
ForkPoolWorker-1: Calling delphi to calculate conformer (236/673) CYS01A0698_001 in /tmp/pbe_data.data.home.schowdhury.Project_kinases.cof_tpl_mg.run_kin.3ZOS_CYS01A0698_001
ForkPoolWorker-1: Calling delphi to calculate conformer (237/673) CYS01A0698_002 in /tmp/pbe_data.data.home.schowdhury.Project_kinases.cof_tpl_mg.run_kin.3ZOS_CYS01A0698_002
ForkPoolWorker-1: Calling delphi to calculate conformer (238/673) CYS01A0698_003 in /tmp/pbe_data.data.home.schowdhury.Project_kinases.cof_tpl_mg.run_kin.3ZOS_CYS01A0698_003
ForkPoolWorker-1: Calling delphi to calculate conformer (239/673) CYS-1A0698_004 in /tmp/pbe_data.data.home.schowdhury.Project_kinases.cof_tpl_mg.run_kin.3ZOS_CYS-1A0698_004
ForkPoolWorker-1: Calling delphi to calculate conformer (240/673) MET01A0699_001 in /tmp/pbe_data.data.home.schowdhury.Project_kinases.cof_tpl_mg.run_kin.3ZOS_MET01A0699_001
Skipping PBE solver for non-charge conformer (241/673) ILE01A0700_001...
ForkPoolWorker-1: Calling delphi to calculate conformer (242/673) THR01A0701_001 in /tmp/pbe_data.data.home.schowdhury.Project_kinases.cof_tpl_mg.run_kin.3ZOS_THR01A0701_001
ForkPoolWorker-1: Calling delphi to calculate conformer (243/673) THR01A0701_002 in /tmp/pbe_data.data.home.schowdhury.Project_kinases.cof_tpl_mg.run_kin.3ZOS_THR01A0701_002
ForkPoolWorker-1: Calling delphi to calculate conformer (244/673) THR01A0701_003 in /tmp/pbe_data.data.home.schowdhury.Project_kinases.cof_tpl_mg.run_kin.3ZOS_THR01A0701_003
ForkPoolWorker-1: Calling delphi to calculate conformer (245/673) ASP01A0702_001 in /tmp/pbe_data.data.home.schowdhury.Project_kinases.cof_tpl_mg.run_kin.3ZOS_ASP01A0702_001
ForkPoolWorker-1: Calling delphi to calculate conformer (246/673) ASP01A0702_002 in /tmp/pbe_data.data.home.schowdhury.Project_kinases.cof_tpl_mg.run_kin.3ZOS_ASP01A0702_002
ForkPoolWorker-1: Calling delphi to calculate conformer (247/673) ASP02A0702_003 in /tmp/pbe_data.data.home.schowdhury.Project_kinases.cof_tpl_mg.run_kin.3ZOS_ASP02A0702_003
ForkPoolWorker-1: Calling delphi to calculate conformer (248/673) ASP02A0702_004 in /tmp/pbe_data.data.home.schowdhury.Project_kinases.cof_tpl_mg.run_kin.3ZOS_ASP02A0702_004
ForkPoolWorker-1: Calling delphi to calculate conformer (249/673) ASP-1A0702_005 in /tmp/pbe_data.data.home.schowdhury.Project_kinases.cof_tpl_mg.run_kin.3ZOS_ASP-1A0702_005
ForkPoolWorker-1: Calling delphi to calculate conformer (250/673) TYR01A0703_001 in /tmp/pbe_data.data.home.schowdhury.Project_kinases.cof_tpl_mg.run_kin.3ZOS_TYR01A0703_001
ForkPoolWorker-1: Calling delphi to calculate conformer (251/673) TYR-1A0703_002 in /tmp/pbe_data.data.home.schowdhury.Project_kinases.cof_tpl_mg.run_kin.3ZOS_TYR-1A0703_002
ForkPoolWorker-1: Calling delphi to calculate conformer (252/673) MET01A0704_001 in /tmp/pbe_data.data.home.schowdhury.Project_kinases.cof_tpl_mg.run_kin.3ZOS_MET01A0704_001
ForkPoolWorker-1: Calling delphi to calculate conformer (253/673) GLU01A0705_001 in /tmp/pbe_data.data.home.schowdhury.Project_kinases.cof_tpl_mg.run_kin.3ZOS_GLU01A0705_001
ForkPoolWorker-1: Calling delphi to calculate conformer (254/673) GLU01A0705_002 in /tmp/pbe_data.data.home.schowdhury.Project_kinases.cof_tpl_mg.run_kin.3ZOS_GLU01A0705_002
ForkPoolWorker-1: Calling delphi to calculate conformer (255/673) GLU02A0705_003 in /tmp/pbe_data.data.home.schowdhury.Project_kinases.cof_tpl_mg.run_kin.3ZOS_GLU02A0705_003
ForkPoolWorker-1: Calling delphi to calculate conformer (256/673) GLU02A0705_004 in /tmp/pbe_data.data.home.schowdhury.Project_kinases.cof_tpl_mg.run_kin.3ZOS_GLU02A0705_004
ForkPoolWorker-1: Calling delphi to calculate conformer (257/673) GLU-1A0705_005 in /tmp/pbe_data.data.home.schowdhury.Project_kinases.cof_tpl_mg.run_kin.3ZOS_GLU-1A0705_005
ForkPoolWorker-1: Calling delphi to calculate conformer (258/673) ASN01A0706_001 in /tmp/pbe_data.data.home.schowdhury.Project_kinases.cof_tpl_mg.run_kin.3ZOS_ASN01A0706_001
ForkPoolWorker-1: Calling delphi to calculate conformer (259/673) ASN01A0706_002 in /tmp/pbe_data.data.home.schowdhury.Project_kinases.cof_tpl_mg.run_kin.3ZOS_ASN01A0706_002
ForkPoolWorker-1: Calling delphi to calculate conformer (260/673) ASP01A0708_001 in /tmp/pbe_data.data.home.schowdhury.Project_kinases.cof_tpl_mg.run_kin.3ZOS_ASP01A0708_001
ForkPoolWorker-1: Calling delphi to calculate conformer (261/673) ASP01A0708_002 in /tmp/pbe_data.data.home.schowdhury.Project_kinases.cof_tpl_mg.run_kin.3ZOS_ASP01A0708_002
ForkPoolWorker-1: Calling delphi to calculate conformer (262/673) ASP02A0708_003 in /tmp/pbe_data.data.home.schowdhury.Project_kinases.cof_tpl_mg.run_kin.3ZOS_ASP02A0708_003
ForkPoolWorker-1: Calling delphi to calculate conformer (263/673) ASP02A0708_004 in /tmp/pbe_data.data.home.schowdhury.Project_kinases.cof_tpl_mg.run_kin.3ZOS_ASP02A0708_004
ForkPoolWorker-1: Calling delphi to calculate conformer (264/673) ASP-1A0708_005 in /tmp/pbe_data.data.home.schowdhury.Project_kinases.cof_tpl_mg.run_kin.3ZOS_ASP-1A0708_005
Skipping PBE solver for non-charge conformer (265/673) LEU01A0709_001...
ForkPoolWorker-1: Calling delphi to calculate conformer (266/673) ASN01A0710_001 in /tmp/pbe_data.data.home.schowdhury.Project_kinases.cof_tpl_mg.run_kin.3ZOS_ASN01A0710_001
ForkPoolWorker-1: Calling delphi to calculate conformer (267/673) ASN01A0710_002 in /tmp/pbe_data.data.home.schowdhury.Project_kinases.cof_tpl_mg.run_kin.3ZOS_ASN01A0710_002
ForkPoolWorker-1: Calling delphi to calculate conformer (268/673) GLN01A0711_001 in /tmp/pbe_data.data.home.schowdhury.Project_kinases.cof_tpl_mg.run_kin.3ZOS_GLN01A0711_001
ForkPoolWorker-1: Calling delphi to calculate conformer (269/673) GLN01A0711_002 in /tmp/pbe_data.data.home.schowdhury.Project_kinases.cof_tpl_mg.run_kin.3ZOS_GLN01A0711_002
Skipping PBE solver for non-charge conformer (270/673) PHE01A0712_001...
Skipping PBE solver for non-charge conformer (271/673) LEU01A0713_001...
ForkPoolWorker-1: Calling delphi to calculate conformer (272/673) SER01A0714_001 in /tmp/pbe_data.data.home.schowdhury.Project_kinases.cof_tpl_mg.run_kin.3ZOS_SER01A0714_001
ForkPoolWorker-1: Calling delphi to calculate conformer (273/673) SER01A0714_002 in /tmp/pbe_data.data.home.schowdhury.Project_kinases.cof_tpl_mg.run_kin.3ZOS_SER01A0714_002
Skipping PBE solver for non-charge conformer (274/673) ALA01A0715_001...
ForkPoolWorker-1: Calling delphi to calculate conformer (275/673) HIS01A0716_001 in /tmp/pbe_data.data.home.schowdhury.Project_kinases.cof_tpl_mg.run_kin.3ZOS_HIS01A0716_001
ForkPoolWorker-1: Calling delphi to calculate conformer (276/673) HIS02A0716_002 in /tmp/pbe_data.data.home.schowdhury.Project_kinases.cof_tpl_mg.run_kin.3ZOS_HIS02A0716_002
ForkPoolWorker-1: Calling delphi to calculate conformer (277/673) HIS+1A0716_003 in /tmp/pbe_data.data.home.schowdhury.Project_kinases.cof_tpl_mg.run_kin.3ZOS_HIS+1A0716_003
ForkPoolWorker-1: Calling delphi to calculate conformer (278/673) GLN01A0717_001 in /tmp/pbe_data.data.home.schowdhury.Project_kinases.cof_tpl_mg.run_kin.3ZOS_GLN01A0717_001
ForkPoolWorker-1: Calling delphi to calculate conformer (279/673) GLN01A0717_002 in /tmp/pbe_data.data.home.schowdhury.Project_kinases.cof_tpl_mg.run_kin.3ZOS_GLN01A0717_002
Skipping PBE solver for non-charge conformer (280/673) LEU01A0718_001...
ForkPoolWorker-1: Calling delphi to calculate conformer (281/673) GLU01A0719_001 in /tmp/pbe_data.data.home.schowdhury.Project_kinases.cof_tpl_mg.run_kin.3ZOS_GLU01A0719_001
ForkPoolWorker-1: Calling delphi to calculate conformer (282/673) GLU01A0719_002 in /tmp/pbe_data.data.home.schowdhury.Project_kinases.cof_tpl_mg.run_kin.3ZOS_GLU01A0719_002
ForkPoolWorker-1: Calling delphi to calculate conformer (283/673) GLU02A0719_003 in /tmp/pbe_data.data.home.schowdhury.Project_kinases.cof_tpl_mg.run_kin.3ZOS_GLU02A0719_003
ForkPoolWorker-1: Calling delphi to calculate conformer (284/673) GLU02A0719_004 in /tmp/pbe_data.data.home.schowdhury.Project_kinases.cof_tpl_mg.run_kin.3ZOS_GLU02A0719_004
ForkPoolWorker-1: Calling delphi to calculate conformer (285/673) GLU-1A0719_005 in /tmp/pbe_data.data.home.schowdhury.Project_kinases.cof_tpl_mg.run_kin.3ZOS_GLU-1A0719_005
ForkPoolWorker-1: Calling delphi to calculate conformer (286/673) ASP01A0720_001 in /tmp/pbe_data.data.home.schowdhury.Project_kinases.cof_tpl_mg.run_kin.3ZOS_ASP01A0720_001
ForkPoolWorker-1: Calling delphi to calculate conformer (287/673) ASP01A0720_002 in /tmp/pbe_data.data.home.schowdhury.Project_kinases.cof_tpl_mg.run_kin.3ZOS_ASP01A0720_002
ForkPoolWorker-1: Calling delphi to calculate conformer (288/673) ASP02A0720_003 in /tmp/pbe_data.data.home.schowdhury.Project_kinases.cof_tpl_mg.run_kin.3ZOS_ASP02A0720_003
ForkPoolWorker-1: Calling delphi to calculate conformer (289/673) ASP02A0720_004 in /tmp/pbe_data.data.home.schowdhury.Project_kinases.cof_tpl_mg.run_kin.3ZOS_ASP02A0720_004
ForkPoolWorker-1: Calling delphi to calculate conformer (290/673) ASP-1A0720_005 in /tmp/pbe_data.data.home.schowdhury.Project_kinases.cof_tpl_mg.run_kin.3ZOS_ASP-1A0720_005
Skipping PBE solver for non-charge conformer (291/673) ALA01A0732_001...
Skipping PBE solver for non-charge conformer (292/673) ALA01A0733_001...
ForkPoolWorker-1: Calling delphi to calculate conformer (293/673) GLN01A0734_001 in /tmp/pbe_data.data.home.schowdhury.Project_kinases.cof_tpl_mg.run_kin.3ZOS_GLN01A0734_001
ForkPoolWorker-1: Calling delphi to calculate conformer (294/673) GLN01A0734_002 in /tmp/pbe_data.data.home.schowdhury.Project_kinases.cof_tpl_mg.run_kin.3ZOS_GLN01A0734_002
Skipping PBE solver for non-charge conformer (295/673) PRO01A0736_001...
ForkPoolWorker-1: Calling delphi to calculate conformer (296/673) THR01A0737_001 in /tmp/pbe_data.data.home.schowdhury.Project_kinases.cof_tpl_mg.run_kin.3ZOS_THR01A0737_001
ForkPoolWorker-1: Calling delphi to calculate conformer (297/673) THR01A0737_002 in /tmp/pbe_data.data.home.schowdhury.Project_kinases.cof_tpl_mg.run_kin.3ZOS_THR01A0737_002
Skipping PBE solver for non-charge conformer (298/673) ILE01A0738_001...
ForkPoolWorker-1: Calling delphi to calculate conformer (299/673) SER01A0739_001 in /tmp/pbe_data.data.home.schowdhury.Project_kinases.cof_tpl_mg.run_kin.3ZOS_SER01A0739_001
ForkPoolWorker-1: Calling delphi to calculate conformer (300/673) SER01A0739_002 in /tmp/pbe_data.data.home.schowdhury.Project_kinases.cof_tpl_mg.run_kin.3ZOS_SER01A0739_002
ForkPoolWorker-1: Calling delphi to calculate conformer (301/673) TYR01A0740_001 in /tmp/pbe_data.data.home.schowdhury.Project_kinases.cof_tpl_mg.run_kin.3ZOS_TYR01A0740_001
ForkPoolWorker-1: Calling delphi to calculate conformer (302/673) TYR-1A0740_002 in /tmp/pbe_data.data.home.schowdhury.Project_kinases.cof_tpl_mg.run_kin.3ZOS_TYR-1A0740_002
Skipping PBE solver for non-charge conformer (303/673) PRO01A0741_001...
ForkPoolWorker-1: Calling delphi to calculate conformer (304/673) MET01A0742_001 in /tmp/pbe_data.data.home.schowdhury.Project_kinases.cof_tpl_mg.run_kin.3ZOS_MET01A0742_001
Skipping PBE solver for non-charge conformer (305/673) LEU01A0743_001...
Skipping PBE solver for non-charge conformer (306/673) LEU01A0744_001...
ForkPoolWorker-1: Calling delphi to calculate conformer (307/673) HIS01A0745_001 in /tmp/pbe_data.data.home.schowdhury.Project_kinases.cof_tpl_mg.run_kin.3ZOS_HIS01A0745_001
ForkPoolWorker-1: Calling delphi to calculate conformer (308/673) HIS01A0745_002 in /tmp/pbe_data.data.home.schowdhury.Project_kinases.cof_tpl_mg.run_kin.3ZOS_HIS01A0745_002
ForkPoolWorker-1: Calling delphi to calculate conformer (309/673) HIS01A0745_003 in /tmp/pbe_data.data.home.schowdhury.Project_kinases.cof_tpl_mg.run_kin.3ZOS_HIS01A0745_003
ForkPoolWorker-1: Calling delphi to calculate conformer (310/673) HIS02A0745_004 in /tmp/pbe_data.data.home.schowdhury.Project_kinases.cof_tpl_mg.run_kin.3ZOS_HIS02A0745_004
ForkPoolWorker-1: Calling delphi to calculate conformer (311/673) HIS02A0745_005 in /tmp/pbe_data.data.home.schowdhury.Project_kinases.cof_tpl_mg.run_kin.3ZOS_HIS02A0745_005
ForkPoolWorker-1: Calling delphi to calculate conformer (312/673) HIS02A0745_006 in /tmp/pbe_data.data.home.schowdhury.Project_kinases.cof_tpl_mg.run_kin.3ZOS_HIS02A0745_006
ForkPoolWorker-1: Calling delphi to calculate conformer (313/673) HIS+1A0745_007 in /tmp/pbe_data.data.home.schowdhury.Project_kinases.cof_tpl_mg.run_kin.3ZOS_HIS+1A0745_007
ForkPoolWorker-1: Calling delphi to calculate conformer (314/673) HIS+1A0745_008 in /tmp/pbe_data.data.home.schowdhury.Project_kinases.cof_tpl_mg.run_kin.3ZOS_HIS+1A0745_008
ForkPoolWorker-1: Calling delphi to calculate conformer (315/673) HIS+1A0745_009 in /tmp/pbe_data.data.home.schowdhury.Project_kinases.cof_tpl_mg.run_kin.3ZOS_HIS+1A0745_009
Skipping PBE solver for non-charge conformer (316/673) VAL01A0746_001...
Skipping PBE solver for non-charge conformer (317/673) ALA01A0747_001...
Skipping PBE solver for non-charge conformer (318/673) ALA01A0748_001...
ForkPoolWorker-1: Calling delphi to calculate conformer (319/673) GLN01A0749_001 in /tmp/pbe_data.data.home.schowdhury.Project_kinases.cof_tpl_mg.run_kin.3ZOS_GLN01A0749_001
ForkPoolWorker-1: Calling delphi to calculate conformer (320/673) GLN01A0749_002 in /tmp/pbe_data.data.home.schowdhury.Project_kinases.cof_tpl_mg.run_kin.3ZOS_GLN01A0749_002
Skipping PBE solver for non-charge conformer (321/673) ILE01A0750_001...
Skipping PBE solver for non-charge conformer (322/673) ALA01A0751_001...
ForkPoolWorker-1: Calling delphi to calculate conformer (323/673) SER01A0752_001 in /tmp/pbe_data.data.home.schowdhury.Project_kinases.cof_tpl_mg.run_kin.3ZOS_SER01A0752_001
ForkPoolWorker-1: Calling delphi to calculate conformer (324/673) SER01A0752_002 in /tmp/pbe_data.data.home.schowdhury.Project_kinases.cof_tpl_mg.run_kin.3ZOS_SER01A0752_002
ForkPoolWorker-1: Calling delphi to calculate conformer (325/673) SER01A0752_003 in /tmp/pbe_data.data.home.schowdhury.Project_kinases.cof_tpl_mg.run_kin.3ZOS_SER01A0752_003
ForkPoolWorker-1: Calling delphi to calculate conformer (326/673) MET01A0754_001 in /tmp/pbe_data.data.home.schowdhury.Project_kinases.cof_tpl_mg.run_kin.3ZOS_MET01A0754_001
ForkPoolWorker-1: Calling delphi to calculate conformer (327/673) ARG01A0755_001 in /tmp/pbe_data.data.home.schowdhury.Project_kinases.cof_tpl_mg.run_kin.3ZOS_ARG01A0755_001
ForkPoolWorker-1: Calling delphi to calculate conformer (328/673) ARG02A0755_002 in /tmp/pbe_data.data.home.schowdhury.Project_kinases.cof_tpl_mg.run_kin.3ZOS_ARG02A0755_002
ForkPoolWorker-1: Calling delphi to calculate conformer (329/673) ARG03A0755_003 in /tmp/pbe_data.data.home.schowdhury.Project_kinases.cof_tpl_mg.run_kin.3ZOS_ARG03A0755_003
ForkPoolWorker-1: Calling delphi to calculate conformer (330/673) ARG+1A0755_004 in /tmp/pbe_data.data.home.schowdhury.Project_kinases.cof_tpl_mg.run_kin.3ZOS_ARG+1A0755_004
ForkPoolWorker-1: Calling delphi to calculate conformer (331/673) TYR01A0756_001 in /tmp/pbe_data.data.home.schowdhury.Project_kinases.cof_tpl_mg.run_kin.3ZOS_TYR01A0756_001
ForkPoolWorker-1: Calling delphi to calculate conformer (332/673) TYR01A0756_002 in /tmp/pbe_data.data.home.schowdhury.Project_kinases.cof_tpl_mg.run_kin.3ZOS_TYR01A0756_002
ForkPoolWorker-1: Calling delphi to calculate conformer (333/673) TYR-1A0756_003 in /tmp/pbe_data.data.home.schowdhury.Project_kinases.cof_tpl_mg.run_kin.3ZOS_TYR-1A0756_003
Skipping PBE solver for non-charge conformer (334/673) LEU01A0757_001...
Skipping PBE solver for non-charge conformer (335/673) ALA01A0758_001...
ForkPoolWorker-1: Calling delphi to calculate conformer (336/673) THR01A0759_001 in /tmp/pbe_data.data.home.schowdhury.Project_kinases.cof_tpl_mg.run_kin.3ZOS_THR01A0759_001
Skipping PBE solver for non-charge conformer (337/673) LEU01A0760_001...
ForkPoolWorker-1: Calling delphi to calculate conformer (338/673) ASN01A0761_001 in /tmp/pbe_data.data.home.schowdhury.Project_kinases.cof_tpl_mg.run_kin.3ZOS_ASN01A0761_001
ForkPoolWorker-1: Calling delphi to calculate conformer (339/673) ASN01A0761_002 in /tmp/pbe_data.data.home.schowdhury.Project_kinases.cof_tpl_mg.run_kin.3ZOS_ASN01A0761_002
Skipping PBE solver for non-charge conformer (340/673) PHE01A0762_001...
Skipping PBE solver for non-charge conformer (341/673) VAL01A0763_001...
ForkPoolWorker-1: Calling delphi to calculate conformer (342/673) HIS01A0764_001 in /tmp/pbe_data.data.home.schowdhury.Project_kinases.cof_tpl_mg.run_kin.3ZOS_HIS01A0764_001
ForkPoolWorker-1: Calling delphi to calculate conformer (343/673) HIS02A0764_002 in /tmp/pbe_data.data.home.schowdhury.Project_kinases.cof_tpl_mg.run_kin.3ZOS_HIS02A0764_002
ForkPoolWorker-1: Calling delphi to calculate conformer (344/673) HIS+1A0764_003 in /tmp/pbe_data.data.home.schowdhury.Project_kinases.cof_tpl_mg.run_kin.3ZOS_HIS+1A0764_003
ForkPoolWorker-1: Calling delphi to calculate conformer (345/673) ARG01A0765_001 in /tmp/pbe_data.data.home.schowdhury.Project_kinases.cof_tpl_mg.run_kin.3ZOS_ARG01A0765_001
ForkPoolWorker-1: Calling delphi to calculate conformer (346/673) ARG02A0765_002 in /tmp/pbe_data.data.home.schowdhury.Project_kinases.cof_tpl_mg.run_kin.3ZOS_ARG02A0765_002
ForkPoolWorker-1: Calling delphi to calculate conformer (347/673) ARG03A0765_003 in /tmp/pbe_data.data.home.schowdhury.Project_kinases.cof_tpl_mg.run_kin.3ZOS_ARG03A0765_003
ForkPoolWorker-1: Calling delphi to calculate conformer (348/673) ARG+1A0765_004 in /tmp/pbe_data.data.home.schowdhury.Project_kinases.cof_tpl_mg.run_kin.3ZOS_ARG+1A0765_004
ForkPoolWorker-1: Calling delphi to calculate conformer (349/673) ASP01A0766_001 in /tmp/pbe_data.data.home.schowdhury.Project_kinases.cof_tpl_mg.run_kin.3ZOS_ASP01A0766_001
ForkPoolWorker-1: Calling delphi to calculate conformer (350/673) ASP01A0766_002 in /tmp/pbe_data.data.home.schowdhury.Project_kinases.cof_tpl_mg.run_kin.3ZOS_ASP01A0766_002
ForkPoolWorker-1: Calling delphi to calculate conformer (351/673) ASP02A0766_003 in /tmp/pbe_data.data.home.schowdhury.Project_kinases.cof_tpl_mg.run_kin.3ZOS_ASP02A0766_003
ForkPoolWorker-1: Calling delphi to calculate conformer (352/673) ASP02A0766_004 in /tmp/pbe_data.data.home.schowdhury.Project_kinases.cof_tpl_mg.run_kin.3ZOS_ASP02A0766_004
ForkPoolWorker-1: Calling delphi to calculate conformer (353/673) ASP-1A0766_005 in /tmp/pbe_data.data.home.schowdhury.Project_kinases.cof_tpl_mg.run_kin.3ZOS_ASP-1A0766_005
Skipping PBE solver for non-charge conformer (354/673) LEU01A0767_001...
Skipping PBE solver for non-charge conformer (355/673) ALA01A0768_001...
ForkPoolWorker-1: Calling delphi to calculate conformer (356/673) THR01A0769_001 in /tmp/pbe_data.data.home.schowdhury.Project_kinases.cof_tpl_mg.run_kin.3ZOS_THR01A0769_001
ForkPoolWorker-1: Calling delphi to calculate conformer (357/673) THR01A0769_002 in /tmp/pbe_data.data.home.schowdhury.Project_kinases.cof_tpl_mg.run_kin.3ZOS_THR01A0769_002
ForkPoolWorker-1: Calling delphi to calculate conformer (358/673) THR01A0769_003 in /tmp/pbe_data.data.home.schowdhury.Project_kinases.cof_tpl_mg.run_kin.3ZOS_THR01A0769_003
ForkPoolWorker-1: Calling delphi to calculate conformer (359/673) ARG01A0770_001 in /tmp/pbe_data.data.home.schowdhury.Project_kinases.cof_tpl_mg.run_kin.3ZOS_ARG01A0770_001
ForkPoolWorker-1: Calling delphi to calculate conformer (360/673) ARG02A0770_002 in /tmp/pbe_data.data.home.schowdhury.Project_kinases.cof_tpl_mg.run_kin.3ZOS_ARG02A0770_002
ForkPoolWorker-1: Calling delphi to calculate conformer (361/673) ARG02A0770_003 in /tmp/pbe_data.data.home.schowdhury.Project_kinases.cof_tpl_mg.run_kin.3ZOS_ARG02A0770_003
ForkPoolWorker-1: Calling delphi to calculate conformer (362/673) ARG03A0770_004 in /tmp/pbe_data.data.home.schowdhury.Project_kinases.cof_tpl_mg.run_kin.3ZOS_ARG03A0770_004
ForkPoolWorker-1: Calling delphi to calculate conformer (363/673) ARG03A0770_005 in /tmp/pbe_data.data.home.schowdhury.Project_kinases.cof_tpl_mg.run_kin.3ZOS_ARG03A0770_005
ForkPoolWorker-1: Calling delphi to calculate conformer (364/673) ARG+1A0770_006 in /tmp/pbe_data.data.home.schowdhury.Project_kinases.cof_tpl_mg.run_kin.3ZOS_ARG+1A0770_006
ForkPoolWorker-1: Calling delphi to calculate conformer (365/673) ASN01A0771_001 in /tmp/pbe_data.data.home.schowdhury.Project_kinases.cof_tpl_mg.run_kin.3ZOS_ASN01A0771_001
ForkPoolWorker-1: Calling delphi to calculate conformer (366/673) ASN01A0771_002 in /tmp/pbe_data.data.home.schowdhury.Project_kinases.cof_tpl_mg.run_kin.3ZOS_ASN01A0771_002
ForkPoolWorker-1: Calling delphi to calculate conformer (367/673) CYS01A0772_001 in /tmp/pbe_data.data.home.schowdhury.Project_kinases.cof_tpl_mg.run_kin.3ZOS_CYS01A0772_001
ForkPoolWorker-1: Calling delphi to calculate conformer (368/673) CYS01A0772_002 in /tmp/pbe_data.data.home.schowdhury.Project_kinases.cof_tpl_mg.run_kin.3ZOS_CYS01A0772_002
ForkPoolWorker-1: Calling delphi to calculate conformer (369/673) CYS01A0772_003 in /tmp/pbe_data.data.home.schowdhury.Project_kinases.cof_tpl_mg.run_kin.3ZOS_CYS01A0772_003
ForkPoolWorker-1: Calling delphi to calculate conformer (370/673) CYS-1A0772_004 in /tmp/pbe_data.data.home.schowdhury.Project_kinases.cof_tpl_mg.run_kin.3ZOS_CYS-1A0772_004
Skipping PBE solver for non-charge conformer (371/673) LEU01A0773_001...
Skipping PBE solver for non-charge conformer (372/673) VAL01A0774_001...
ForkPoolWorker-1: Calling delphi to calculate conformer (373/673) GLU01A0776_001 in /tmp/pbe_data.data.home.schowdhury.Project_kinases.cof_tpl_mg.run_kin.3ZOS_GLU01A0776_001
ForkPoolWorker-1: Calling delphi to calculate conformer (374/673) GLU01A0776_002 in /tmp/pbe_data.data.home.schowdhury.Project_kinases.cof_tpl_mg.run_kin.3ZOS_GLU01A0776_002
ForkPoolWorker-1: Calling delphi to calculate conformer (375/673) GLU02A0776_003 in /tmp/pbe_data.data.home.schowdhury.Project_kinases.cof_tpl_mg.run_kin.3ZOS_GLU02A0776_003
ForkPoolWorker-1: Calling delphi to calculate conformer (376/673) GLU02A0776_004 in /tmp/pbe_data.data.home.schowdhury.Project_kinases.cof_tpl_mg.run_kin.3ZOS_GLU02A0776_004
ForkPoolWorker-1: Calling delphi to calculate conformer (377/673) GLU-1A0776_005 in /tmp/pbe_data.data.home.schowdhury.Project_kinases.cof_tpl_mg.run_kin.3ZOS_GLU-1A0776_005
ForkPoolWorker-1: Calling delphi to calculate conformer (378/673) ASN01A0777_001 in /tmp/pbe_data.data.home.schowdhury.Project_kinases.cof_tpl_mg.run_kin.3ZOS_ASN01A0777_001
ForkPoolWorker-1: Calling delphi to calculate conformer (379/673) ASN01A0777_002 in /tmp/pbe_data.data.home.schowdhury.Project_kinases.cof_tpl_mg.run_kin.3ZOS_ASN01A0777_002
Skipping PBE solver for non-charge conformer (380/673) PHE01A0778_001...
ForkPoolWorker-1: Calling delphi to calculate conformer (381/673) THR01A0779_001 in /tmp/pbe_data.data.home.schowdhury.Project_kinases.cof_tpl_mg.run_kin.3ZOS_THR01A0779_001
ForkPoolWorker-1: Calling delphi to calculate conformer (382/673) THR01A0779_002 in /tmp/pbe_data.data.home.schowdhury.Project_kinases.cof_tpl_mg.run_kin.3ZOS_THR01A0779_002
Skipping PBE solver for non-charge conformer (383/673) ILE01A0780_001...
ForkPoolWorker-1: Calling delphi to calculate conformer (384/673) LYS01A0781_001 in /tmp/pbe_data.data.home.schowdhury.Project_kinases.cof_tpl_mg.run_kin.3ZOS_LYS01A0781_001
ForkPoolWorker-1: Calling delphi to calculate conformer (385/673) LYS+1A0781_002 in /tmp/pbe_data.data.home.schowdhury.Project_kinases.cof_tpl_mg.run_kin.3ZOS_LYS+1A0781_002
Skipping PBE solver for non-charge conformer (386/673) ILE01A0782_001...
Skipping PBE solver for non-charge conformer (387/673) ALA01A0783_001...
ForkPoolWorker-1: Calling delphi to calculate conformer (388/673) ASP01A0784_001 in /tmp/pbe_data.data.home.schowdhury.Project_kinases.cof_tpl_mg.run_kin.3ZOS_ASP01A0784_001
ForkPoolWorker-1: Calling delphi to calculate conformer (389/673) ASP01A0784_002 in /tmp/pbe_data.data.home.schowdhury.Project_kinases.cof_tpl_mg.run_kin.3ZOS_ASP01A0784_002
ForkPoolWorker-1: Calling delphi to calculate conformer (390/673) ASP02A0784_003 in /tmp/pbe_data.data.home.schowdhury.Project_kinases.cof_tpl_mg.run_kin.3ZOS_ASP02A0784_003
ForkPoolWorker-1: Calling delphi to calculate conformer (391/673) ASP02A0784_004 in /tmp/pbe_data.data.home.schowdhury.Project_kinases.cof_tpl_mg.run_kin.3ZOS_ASP02A0784_004
ForkPoolWorker-1: Calling delphi to calculate conformer (392/673) ASP-1A0784_005 in /tmp/pbe_data.data.home.schowdhury.Project_kinases.cof_tpl_mg.run_kin.3ZOS_ASP-1A0784_005
Skipping PBE solver for non-charge conformer (393/673) PHE01A0785_001...
ForkPoolWorker-1: Calling delphi to calculate conformer (394/673) MET01A0787_001 in /tmp/pbe_data.data.home.schowdhury.Project_kinases.cof_tpl_mg.run_kin.3ZOS_MET01A0787_001
ForkPoolWorker-1: Calling delphi to calculate conformer (395/673) SER01A0788_001 in /tmp/pbe_data.data.home.schowdhury.Project_kinases.cof_tpl_mg.run_kin.3ZOS_SER01A0788_001
ForkPoolWorker-1: Calling delphi to calculate conformer (396/673) SER01A0788_002 in /tmp/pbe_data.data.home.schowdhury.Project_kinases.cof_tpl_mg.run_kin.3ZOS_SER01A0788_002
ForkPoolWorker-1: Calling delphi to calculate conformer (397/673) SER01A0788_003 in /tmp/pbe_data.data.home.schowdhury.Project_kinases.cof_tpl_mg.run_kin.3ZOS_SER01A0788_003
ForkPoolWorker-1: Calling delphi to calculate conformer (398/673) ARG01A0789_001 in /tmp/pbe_data.data.home.schowdhury.Project_kinases.cof_tpl_mg.run_kin.3ZOS_ARG01A0789_001
ForkPoolWorker-1: Calling delphi to calculate conformer (399/673) ARG02A0789_002 in /tmp/pbe_data.data.home.schowdhury.Project_kinases.cof_tpl_mg.run_kin.3ZOS_ARG02A0789_002
ForkPoolWorker-1: Calling delphi to calculate conformer (400/673) ARG02A0789_003 in /tmp/pbe_data.data.home.schowdhury.Project_kinases.cof_tpl_mg.run_kin.3ZOS_ARG02A0789_003
ForkPoolWorker-1: Calling delphi to calculate conformer (401/673) ARG03A0789_004 in /tmp/pbe_data.data.home.schowdhury.Project_kinases.cof_tpl_mg.run_kin.3ZOS_ARG03A0789_004
ForkPoolWorker-1: Calling delphi to calculate conformer (402/673) ARG03A0789_005 in /tmp/pbe_data.data.home.schowdhury.Project_kinases.cof_tpl_mg.run_kin.3ZOS_ARG03A0789_005
ForkPoolWorker-1: Calling delphi to calculate conformer (403/673) ARG+1A0789_006 in /tmp/pbe_data.data.home.schowdhury.Project_kinases.cof_tpl_mg.run_kin.3ZOS_ARG+1A0789_006
ForkPoolWorker-1: Calling delphi to calculate conformer (404/673) ASN01A0790_001 in /tmp/pbe_data.data.home.schowdhury.Project_kinases.cof_tpl_mg.run_kin.3ZOS_ASN01A0790_001
Skipping PBE solver for non-charge conformer (405/673) LEU01A0791_001...
ForkPoolWorker-1: Calling delphi to calculate conformer (406/673) TYR01A0792_001 in /tmp/pbe_data.data.home.schowdhury.Project_kinases.cof_tpl_mg.run_kin.3ZOS_TYR01A0792_001
ForkPoolWorker-1: Calling delphi to calculate conformer (407/673) TYR01A0792_002 in /tmp/pbe_data.data.home.schowdhury.Project_kinases.cof_tpl_mg.run_kin.3ZOS_TYR01A0792_002
ForkPoolWorker-1: Calling delphi to calculate conformer (408/673) TYR-1A0792_003 in /tmp/pbe_data.data.home.schowdhury.Project_kinases.cof_tpl_mg.run_kin.3ZOS_TYR-1A0792_003
Skipping PBE solver for non-charge conformer (409/673) ALA01A0793_001...
ForkPoolWorker-1: Calling delphi to calculate conformer (410/673) ASP01A0795_001 in /tmp/pbe_data.data.home.schowdhury.Project_kinases.cof_tpl_mg.run_kin.3ZOS_ASP01A0795_001
ForkPoolWorker-1: Calling delphi to calculate conformer (411/673) ASP01A0795_002 in /tmp/pbe_data.data.home.schowdhury.Project_kinases.cof_tpl_mg.run_kin.3ZOS_ASP01A0795_002
ForkPoolWorker-1: Calling delphi to calculate conformer (412/673) ASP02A0795_003 in /tmp/pbe_data.data.home.schowdhury.Project_kinases.cof_tpl_mg.run_kin.3ZOS_ASP02A0795_003
ForkPoolWorker-1: Calling delphi to calculate conformer (413/673) ASP02A0795_004 in /tmp/pbe_data.data.home.schowdhury.Project_kinases.cof_tpl_mg.run_kin.3ZOS_ASP02A0795_004
ForkPoolWorker-1: Calling delphi to calculate conformer (414/673) ASP-1A0795_005 in /tmp/pbe_data.data.home.schowdhury.Project_kinases.cof_tpl_mg.run_kin.3ZOS_ASP-1A0795_005
ForkPoolWorker-1: Calling delphi to calculate conformer (415/673) TYR01A0796_001 in /tmp/pbe_data.data.home.schowdhury.Project_kinases.cof_tpl_mg.run_kin.3ZOS_TYR01A0796_001
ForkPoolWorker-1: Calling delphi to calculate conformer (416/673) TYR01A0796_002 in /tmp/pbe_data.data.home.schowdhury.Project_kinases.cof_tpl_mg.run_kin.3ZOS_TYR01A0796_002
ForkPoolWorker-1: Calling delphi to calculate conformer (417/673) TYR-1A0796_003 in /tmp/pbe_data.data.home.schowdhury.Project_kinases.cof_tpl_mg.run_kin.3ZOS_TYR-1A0796_003
ForkPoolWorker-1: Calling delphi to calculate conformer (418/673) TYR01A0797_001 in /tmp/pbe_data.data.home.schowdhury.Project_kinases.cof_tpl_mg.run_kin.3ZOS_TYR01A0797_001
ForkPoolWorker-1: Calling delphi to calculate conformer (419/673) TYR01A0797_002 in /tmp/pbe_data.data.home.schowdhury.Project_kinases.cof_tpl_mg.run_kin.3ZOS_TYR01A0797_002
ForkPoolWorker-1: Calling delphi to calculate conformer (420/673) TYR-1A0797_003 in /tmp/pbe_data.data.home.schowdhury.Project_kinases.cof_tpl_mg.run_kin.3ZOS_TYR-1A0797_003
ForkPoolWorker-1: Calling delphi to calculate conformer (421/673) ARG01A0798_001 in /tmp/pbe_data.data.home.schowdhury.Project_kinases.cof_tpl_mg.run_kin.3ZOS_ARG01A0798_001
ForkPoolWorker-1: Calling delphi to calculate conformer (422/673) ARG02A0798_002 in /tmp/pbe_data.data.home.schowdhury.Project_kinases.cof_tpl_mg.run_kin.3ZOS_ARG02A0798_002
ForkPoolWorker-1: Calling delphi to calculate conformer (423/673) ARG02A0798_003 in /tmp/pbe_data.data.home.schowdhury.Project_kinases.cof_tpl_mg.run_kin.3ZOS_ARG02A0798_003
ForkPoolWorker-1: Calling delphi to calculate conformer (424/673) ARG03A0798_004 in /tmp/pbe_data.data.home.schowdhury.Project_kinases.cof_tpl_mg.run_kin.3ZOS_ARG03A0798_004
ForkPoolWorker-1: Calling delphi to calculate conformer (425/673) ARG+1A0798_005 in /tmp/pbe_data.data.home.schowdhury.Project_kinases.cof_tpl_mg.run_kin.3ZOS_ARG+1A0798_005
Skipping PBE solver for non-charge conformer (426/673) VAL01A0799_001...
ForkPoolWorker-1: Calling delphi to calculate conformer (427/673) GLN01A0800_001 in /tmp/pbe_data.data.home.schowdhury.Project_kinases.cof_tpl_mg.run_kin.3ZOS_GLN01A0800_001
ForkPoolWorker-1: Calling delphi to calculate conformer (428/673) GLN01A0800_002 in /tmp/pbe_data.data.home.schowdhury.Project_kinases.cof_tpl_mg.run_kin.3ZOS_GLN01A0800_002
ForkPoolWorker-1: Calling delphi to calculate conformer (429/673) ARG01A0802_001 in /tmp/pbe_data.data.home.schowdhury.Project_kinases.cof_tpl_mg.run_kin.3ZOS_ARG01A0802_001
ForkPoolWorker-1: Calling delphi to calculate conformer (430/673) ARG02A0802_002 in /tmp/pbe_data.data.home.schowdhury.Project_kinases.cof_tpl_mg.run_kin.3ZOS_ARG02A0802_002
ForkPoolWorker-1: Calling delphi to calculate conformer (431/673) ARG03A0802_003 in /tmp/pbe_data.data.home.schowdhury.Project_kinases.cof_tpl_mg.run_kin.3ZOS_ARG03A0802_003
ForkPoolWorker-1: Calling delphi to calculate conformer (432/673) ARG+1A0802_004 in /tmp/pbe_data.data.home.schowdhury.Project_kinases.cof_tpl_mg.run_kin.3ZOS_ARG+1A0802_004
Skipping PBE solver for non-charge conformer (433/673) ALA01A0803_001...
Skipping PBE solver for non-charge conformer (434/673) VAL01A0804_001...
Skipping PBE solver for non-charge conformer (435/673) LEU01A0805_001...
Skipping PBE solver for non-charge conformer (436/673) PRO01A0806_001...
Skipping PBE solver for non-charge conformer (437/673) ILE01A0807_001...
ForkPoolWorker-1: Calling delphi to calculate conformer (438/673) ARG01A0808_001 in /tmp/pbe_data.data.home.schowdhury.Project_kinases.cof_tpl_mg.run_kin.3ZOS_ARG01A0808_001
ForkPoolWorker-1: Calling delphi to calculate conformer (439/673) ARG02A0808_002 in /tmp/pbe_data.data.home.schowdhury.Project_kinases.cof_tpl_mg.run_kin.3ZOS_ARG02A0808_002
ForkPoolWorker-1: Calling delphi to calculate conformer (440/673) ARG03A0808_003 in /tmp/pbe_data.data.home.schowdhury.Project_kinases.cof_tpl_mg.run_kin.3ZOS_ARG03A0808_003
ForkPoolWorker-1: Calling delphi to calculate conformer (441/673) ARG03A0808_004 in /tmp/pbe_data.data.home.schowdhury.Project_kinases.cof_tpl_mg.run_kin.3ZOS_ARG03A0808_004
ForkPoolWorker-1: Calling delphi to calculate conformer (442/673) ARG+1A0808_005 in /tmp/pbe_data.data.home.schowdhury.Project_kinases.cof_tpl_mg.run_kin.3ZOS_ARG+1A0808_005
Skipping PBE solver for non-charge conformer (443/673) TRP01A0809_001...
ForkPoolWorker-1: Calling delphi to calculate conformer (444/673) MET01A0810_001 in /tmp/pbe_data.data.home.schowdhury.Project_kinases.cof_tpl_mg.run_kin.3ZOS_MET01A0810_001
Skipping PBE solver for non-charge conformer (445/673) ALA01A0811_001...
Skipping PBE solver for non-charge conformer (446/673) TRP01A0812_001...
ForkPoolWorker-1: Calling delphi to calculate conformer (447/673) GLU01A0813_001 in /tmp/pbe_data.data.home.schowdhury.Project_kinases.cof_tpl_mg.run_kin.3ZOS_GLU01A0813_001
ForkPoolWorker-1: Calling delphi to calculate conformer (448/673) GLU01A0813_002 in /tmp/pbe_data.data.home.schowdhury.Project_kinases.cof_tpl_mg.run_kin.3ZOS_GLU01A0813_002
ForkPoolWorker-1: Calling delphi to calculate conformer (449/673) GLU02A0813_003 in /tmp/pbe_data.data.home.schowdhury.Project_kinases.cof_tpl_mg.run_kin.3ZOS_GLU02A0813_003
ForkPoolWorker-1: Calling delphi to calculate conformer (450/673) GLU02A0813_004 in /tmp/pbe_data.data.home.schowdhury.Project_kinases.cof_tpl_mg.run_kin.3ZOS_GLU02A0813_004
ForkPoolWorker-1: Calling delphi to calculate conformer (451/673) GLU-1A0813_005 in /tmp/pbe_data.data.home.schowdhury.Project_kinases.cof_tpl_mg.run_kin.3ZOS_GLU-1A0813_005
ForkPoolWorker-1: Calling delphi to calculate conformer (452/673) CYS01A0814_001 in /tmp/pbe_data.data.home.schowdhury.Project_kinases.cof_tpl_mg.run_kin.3ZOS_CYS01A0814_001
ForkPoolWorker-1: Calling delphi to calculate conformer (453/673) CYS01A0814_002 in /tmp/pbe_data.data.home.schowdhury.Project_kinases.cof_tpl_mg.run_kin.3ZOS_CYS01A0814_002
ForkPoolWorker-1: Calling delphi to calculate conformer (454/673) CYS01A0814_003 in /tmp/pbe_data.data.home.schowdhury.Project_kinases.cof_tpl_mg.run_kin.3ZOS_CYS01A0814_003
ForkPoolWorker-1: Calling delphi to calculate conformer (455/673) CYS-1A0814_004 in /tmp/pbe_data.data.home.schowdhury.Project_kinases.cof_tpl_mg.run_kin.3ZOS_CYS-1A0814_004
Skipping PBE solver for non-charge conformer (456/673) ILE01A0815_001...
Skipping PBE solver for non-charge conformer (457/673) LEU01A0816_001...
ForkPoolWorker-1: Calling delphi to calculate conformer (458/673) MET01A0817_001 in /tmp/pbe_data.data.home.schowdhury.Project_kinases.cof_tpl_mg.run_kin.3ZOS_MET01A0817_001
ForkPoolWorker-1: Calling delphi to calculate conformer (459/673) LYS01A0819_001 in /tmp/pbe_data.data.home.schowdhury.Project_kinases.cof_tpl_mg.run_kin.3ZOS_LYS01A0819_001
ForkPoolWorker-1: Calling delphi to calculate conformer (460/673) LYS+1A0819_002 in /tmp/pbe_data.data.home.schowdhury.Project_kinases.cof_tpl_mg.run_kin.3ZOS_LYS+1A0819_002
Skipping PBE solver for non-charge conformer (461/673) PHE01A0820_001...
ForkPoolWorker-1: Calling delphi to calculate conformer (462/673) THR01A0821_001 in /tmp/pbe_data.data.home.schowdhury.Project_kinases.cof_tpl_mg.run_kin.3ZOS_THR01A0821_001
ForkPoolWorker-1: Calling delphi to calculate conformer (463/673) THR01A0822_001 in /tmp/pbe_data.data.home.schowdhury.Project_kinases.cof_tpl_mg.run_kin.3ZOS_THR01A0822_001
Skipping PBE solver for non-charge conformer (464/673) ALA01A0823_001...
ForkPoolWorker-1: Calling delphi to calculate conformer (465/673) SER01A0824_001 in /tmp/pbe_data.data.home.schowdhury.Project_kinases.cof_tpl_mg.run_kin.3ZOS_SER01A0824_001
ForkPoolWorker-1: Calling delphi to calculate conformer (466/673) SER01A0824_002 in /tmp/pbe_data.data.home.schowdhury.Project_kinases.cof_tpl_mg.run_kin.3ZOS_SER01A0824_002
ForkPoolWorker-1: Calling delphi to calculate conformer (467/673) SER01A0824_003 in /tmp/pbe_data.data.home.schowdhury.Project_kinases.cof_tpl_mg.run_kin.3ZOS_SER01A0824_003
ForkPoolWorker-1: Calling delphi to calculate conformer (468/673) ASP01A0825_001 in /tmp/pbe_data.data.home.schowdhury.Project_kinases.cof_tpl_mg.run_kin.3ZOS_ASP01A0825_001
ForkPoolWorker-1: Calling delphi to calculate conformer (469/673) ASP01A0825_002 in /tmp/pbe_data.data.home.schowdhury.Project_kinases.cof_tpl_mg.run_kin.3ZOS_ASP01A0825_002
ForkPoolWorker-1: Calling delphi to calculate conformer (470/673) ASP02A0825_003 in /tmp/pbe_data.data.home.schowdhury.Project_kinases.cof_tpl_mg.run_kin.3ZOS_ASP02A0825_003
ForkPoolWorker-1: Calling delphi to calculate conformer (471/673) ASP02A0825_004 in /tmp/pbe_data.data.home.schowdhury.Project_kinases.cof_tpl_mg.run_kin.3ZOS_ASP02A0825_004
ForkPoolWorker-1: Calling delphi to calculate conformer (472/673) ASP-1A0825_005 in /tmp/pbe_data.data.home.schowdhury.Project_kinases.cof_tpl_mg.run_kin.3ZOS_ASP-1A0825_005
Skipping PBE solver for non-charge conformer (473/673) VAL01A0826_001...
Skipping PBE solver for non-charge conformer (474/673) TRP01A0827_001...
Skipping PBE solver for non-charge conformer (475/673) ALA01A0828_001...
Skipping PBE solver for non-charge conformer (476/673) PHE01A0829_001...
Skipping PBE solver for non-charge conformer (477/673) VAL01A0831_001...
ForkPoolWorker-1: Calling delphi to calculate conformer (478/673) THR01A0832_001 in /tmp/pbe_data.data.home.schowdhury.Project_kinases.cof_tpl_mg.run_kin.3ZOS_THR01A0832_001
ForkPoolWorker-1: Calling delphi to calculate conformer (479/673) THR01A0832_002 in /tmp/pbe_data.data.home.schowdhury.Project_kinases.cof_tpl_mg.run_kin.3ZOS_THR01A0832_002
ForkPoolWorker-1: Calling delphi to calculate conformer (480/673) THR01A0832_003 in /tmp/pbe_data.data.home.schowdhury.Project_kinases.cof_tpl_mg.run_kin.3ZOS_THR01A0832_003
Skipping PBE solver for non-charge conformer (481/673) LEU01A0833_001...
Skipping PBE solver for non-charge conformer (482/673) TRP01A0834_001...
ForkPoolWorker-1: Calling delphi to calculate conformer (483/673) GLU01A0835_001 in /tmp/pbe_data.data.home.schowdhury.Project_kinases.cof_tpl_mg.run_kin.3ZOS_GLU01A0835_001
ForkPoolWorker-1: Calling delphi to calculate conformer (484/673) GLU01A0835_002 in /tmp/pbe_data.data.home.schowdhury.Project_kinases.cof_tpl_mg.run_kin.3ZOS_GLU01A0835_002
ForkPoolWorker-1: Calling delphi to calculate conformer (485/673) GLU02A0835_003 in /tmp/pbe_data.data.home.schowdhury.Project_kinases.cof_tpl_mg.run_kin.3ZOS_GLU02A0835_003
ForkPoolWorker-1: Calling delphi to calculate conformer (486/673) GLU02A0835_004 in /tmp/pbe_data.data.home.schowdhury.Project_kinases.cof_tpl_mg.run_kin.3ZOS_GLU02A0835_004
ForkPoolWorker-1: Calling delphi to calculate conformer (487/673) GLU-1A0835_005 in /tmp/pbe_data.data.home.schowdhury.Project_kinases.cof_tpl_mg.run_kin.3ZOS_GLU-1A0835_005
Skipping PBE solver for non-charge conformer (488/673) VAL01A0836_001...
Skipping PBE solver for non-charge conformer (489/673) LEU01A0837_001...
ForkPoolWorker-1: Calling delphi to calculate conformer (490/673) MET01A0838_001 in /tmp/pbe_data.data.home.schowdhury.Project_kinases.cof_tpl_mg.run_kin.3ZOS_MET01A0838_001
Skipping PBE solver for non-charge conformer (491/673) LEU01A0839_001...
ForkPoolWorker-1: Calling delphi to calculate conformer (492/673) CYS01A0840_001 in /tmp/pbe_data.data.home.schowdhury.Project_kinases.cof_tpl_mg.run_kin.3ZOS_CYS01A0840_001
ForkPoolWorker-1: Calling delphi to calculate conformer (493/673) CYS01A0840_002 in /tmp/pbe_data.data.home.schowdhury.Project_kinases.cof_tpl_mg.run_kin.3ZOS_CYS01A0840_002
ForkPoolWorker-1: Calling delphi to calculate conformer (494/673) CYS01A0840_003 in /tmp/pbe_data.data.home.schowdhury.Project_kinases.cof_tpl_mg.run_kin.3ZOS_CYS01A0840_003
ForkPoolWorker-1: Calling delphi to calculate conformer (495/673) CYS-1A0840_004 in /tmp/pbe_data.data.home.schowdhury.Project_kinases.cof_tpl_mg.run_kin.3ZOS_CYS-1A0840_004
ForkPoolWorker-1: Calling delphi to calculate conformer (496/673) ARG01A0841_001 in /tmp/pbe_data.data.home.schowdhury.Project_kinases.cof_tpl_mg.run_kin.3ZOS_ARG01A0841_001
ForkPoolWorker-1: Calling delphi to calculate conformer (497/673) ARG02A0841_002 in /tmp/pbe_data.data.home.schowdhury.Project_kinases.cof_tpl_mg.run_kin.3ZOS_ARG02A0841_002
ForkPoolWorker-1: Calling delphi to calculate conformer (498/673) ARG03A0841_003 in /tmp/pbe_data.data.home.schowdhury.Project_kinases.cof_tpl_mg.run_kin.3ZOS_ARG03A0841_003
ForkPoolWorker-1: Calling delphi to calculate conformer (499/673) ARG03A0841_004 in /tmp/pbe_data.data.home.schowdhury.Project_kinases.cof_tpl_mg.run_kin.3ZOS_ARG03A0841_004
ForkPoolWorker-1: Calling delphi to calculate conformer (500/673) ARG+1A0841_005 in /tmp/pbe_data.data.home.schowdhury.Project_kinases.cof_tpl_mg.run_kin.3ZOS_ARG+1A0841_005
Skipping PBE solver for non-charge conformer (501/673) ALA01A0842_001...
ForkPoolWorker-1: Calling delphi to calculate conformer (502/673) GLN01A0843_001 in /tmp/pbe_data.data.home.schowdhury.Project_kinases.cof_tpl_mg.run_kin.3ZOS_GLN01A0843_001
ForkPoolWorker-1: Calling delphi to calculate conformer (503/673) GLN01A0843_002 in /tmp/pbe_data.data.home.schowdhury.Project_kinases.cof_tpl_mg.run_kin.3ZOS_GLN01A0843_002
Skipping PBE solver for non-charge conformer (504/673) PRO01A0844_001...
Skipping PBE solver for non-charge conformer (505/673) PHE01A0845_001...
ForkPoolWorker-1: Calling delphi to calculate conformer (506/673) GLN01A0847_001 in /tmp/pbe_data.data.home.schowdhury.Project_kinases.cof_tpl_mg.run_kin.3ZOS_GLN01A0847_001
Skipping PBE solver for non-charge conformer (507/673) LEU01A0848_001...
ForkPoolWorker-1: Calling delphi to calculate conformer (508/673) THR01A0849_001 in /tmp/pbe_data.data.home.schowdhury.Project_kinases.cof_tpl_mg.run_kin.3ZOS_THR01A0849_001
ForkPoolWorker-1: Calling delphi to calculate conformer (509/673) THR01A0849_002 in /tmp/pbe_data.data.home.schowdhury.Project_kinases.cof_tpl_mg.run_kin.3ZOS_THR01A0849_002
ForkPoolWorker-1: Calling delphi to calculate conformer (510/673) THR01A0849_003 in /tmp/pbe_data.data.home.schowdhury.Project_kinases.cof_tpl_mg.run_kin.3ZOS_THR01A0849_003
ForkPoolWorker-1: Calling delphi to calculate conformer (511/673) ASP01A0850_001 in /tmp/pbe_data.data.home.schowdhury.Project_kinases.cof_tpl_mg.run_kin.3ZOS_ASP01A0850_001
ForkPoolWorker-1: Calling delphi to calculate conformer (512/673) ASP01A0850_002 in /tmp/pbe_data.data.home.schowdhury.Project_kinases.cof_tpl_mg.run_kin.3ZOS_ASP01A0850_002
ForkPoolWorker-1: Calling delphi to calculate conformer (513/673) ASP02A0850_003 in /tmp/pbe_data.data.home.schowdhury.Project_kinases.cof_tpl_mg.run_kin.3ZOS_ASP02A0850_003
ForkPoolWorker-1: Calling delphi to calculate conformer (514/673) ASP02A0850_004 in /tmp/pbe_data.data.home.schowdhury.Project_kinases.cof_tpl_mg.run_kin.3ZOS_ASP02A0850_004
ForkPoolWorker-1: Calling delphi to calculate conformer (515/673) ASP-1A0850_005 in /tmp/pbe_data.data.home.schowdhury.Project_kinases.cof_tpl_mg.run_kin.3ZOS_ASP-1A0850_005
ForkPoolWorker-1: Calling delphi to calculate conformer (516/673) GLU01A0851_001 in /tmp/pbe_data.data.home.schowdhury.Project_kinases.cof_tpl_mg.run_kin.3ZOS_GLU01A0851_001
ForkPoolWorker-1: Calling delphi to calculate conformer (517/673) GLU01A0851_002 in /tmp/pbe_data.data.home.schowdhury.Project_kinases.cof_tpl_mg.run_kin.3ZOS_GLU01A0851_002
ForkPoolWorker-1: Calling delphi to calculate conformer (518/673) GLU02A0851_003 in /tmp/pbe_data.data.home.schowdhury.Project_kinases.cof_tpl_mg.run_kin.3ZOS_GLU02A0851_003
ForkPoolWorker-1: Calling delphi to calculate conformer (519/673) GLU02A0851_004 in /tmp/pbe_data.data.home.schowdhury.Project_kinases.cof_tpl_mg.run_kin.3ZOS_GLU02A0851_004
ForkPoolWorker-1: Calling delphi to calculate conformer (520/673) GLU-1A0851_005 in /tmp/pbe_data.data.home.schowdhury.Project_kinases.cof_tpl_mg.run_kin.3ZOS_GLU-1A0851_005
ForkPoolWorker-1: Calling delphi to calculate conformer (521/673) GLN01A0852_001 in /tmp/pbe_data.data.home.schowdhury.Project_kinases.cof_tpl_mg.run_kin.3ZOS_GLN01A0852_001
ForkPoolWorker-1: Calling delphi to calculate conformer (522/673) GLN01A0852_002 in /tmp/pbe_data.data.home.schowdhury.Project_kinases.cof_tpl_mg.run_kin.3ZOS_GLN01A0852_002
Skipping PBE solver for non-charge conformer (523/673) VAL01A0853_001...
Skipping PBE solver for non-charge conformer (524/673) ILE01A0854_001...
ForkPoolWorker-1: Calling delphi to calculate conformer (525/673) GLU01A0855_001 in /tmp/pbe_data.data.home.schowdhury.Project_kinases.cof_tpl_mg.run_kin.3ZOS_GLU01A0855_001
ForkPoolWorker-1: Calling delphi to calculate conformer (526/673) GLU01A0855_002 in /tmp/pbe_data.data.home.schowdhury.Project_kinases.cof_tpl_mg.run_kin.3ZOS_GLU01A0855_002
ForkPoolWorker-1: Calling delphi to calculate conformer (527/673) GLU02A0855_003 in /tmp/pbe_data.data.home.schowdhury.Project_kinases.cof_tpl_mg.run_kin.3ZOS_GLU02A0855_003
ForkPoolWorker-1: Calling delphi to calculate conformer (528/673) GLU02A0855_004 in /tmp/pbe_data.data.home.schowdhury.Project_kinases.cof_tpl_mg.run_kin.3ZOS_GLU02A0855_004
ForkPoolWorker-1: Calling delphi to calculate conformer (529/673) GLU-1A0855_005 in /tmp/pbe_data.data.home.schowdhury.Project_kinases.cof_tpl_mg.run_kin.3ZOS_GLU-1A0855_005
ForkPoolWorker-1: Calling delphi to calculate conformer (530/673) ASN01A0856_001 in /tmp/pbe_data.data.home.schowdhury.Project_kinases.cof_tpl_mg.run_kin.3ZOS_ASN01A0856_001
Skipping PBE solver for non-charge conformer (531/673) ALA01A0857_001...
ForkPoolWorker-1: Calling delphi to calculate conformer (532/673) GLU01A0859_001 in /tmp/pbe_data.data.home.schowdhury.Project_kinases.cof_tpl_mg.run_kin.3ZOS_GLU01A0859_001
ForkPoolWorker-1: Calling delphi to calculate conformer (533/673) GLU01A0859_002 in /tmp/pbe_data.data.home.schowdhury.Project_kinases.cof_tpl_mg.run_kin.3ZOS_GLU01A0859_002
ForkPoolWorker-1: Calling delphi to calculate conformer (534/673) GLU02A0859_003 in /tmp/pbe_data.data.home.schowdhury.Project_kinases.cof_tpl_mg.run_kin.3ZOS_GLU02A0859_003
ForkPoolWorker-1: Calling delphi to calculate conformer (535/673) GLU02A0859_004 in /tmp/pbe_data.data.home.schowdhury.Project_kinases.cof_tpl_mg.run_kin.3ZOS_GLU02A0859_004
ForkPoolWorker-1: Calling delphi to calculate conformer (536/673) GLU-1A0859_005 in /tmp/pbe_data.data.home.schowdhury.Project_kinases.cof_tpl_mg.run_kin.3ZOS_GLU-1A0859_005
Skipping PBE solver for non-charge conformer (537/673) PHE01A0860_001...
Skipping PBE solver for non-charge conformer (538/673) PHE01A0861_001...
ForkPoolWorker-1: Calling delphi to calculate conformer (539/673) ARG01A0862_001 in /tmp/pbe_data.data.home.schowdhury.Project_kinases.cof_tpl_mg.run_kin.3ZOS_ARG01A0862_001
ForkPoolWorker-1: Calling delphi to calculate conformer (540/673) ARG02A0862_002 in /tmp/pbe_data.data.home.schowdhury.Project_kinases.cof_tpl_mg.run_kin.3ZOS_ARG02A0862_002
ForkPoolWorker-1: Calling delphi to calculate conformer (541/673) ARG02A0862_003 in /tmp/pbe_data.data.home.schowdhury.Project_kinases.cof_tpl_mg.run_kin.3ZOS_ARG02A0862_003
ForkPoolWorker-1: Calling delphi to calculate conformer (542/673) ARG03A0862_004 in /tmp/pbe_data.data.home.schowdhury.Project_kinases.cof_tpl_mg.run_kin.3ZOS_ARG03A0862_004
ForkPoolWorker-1: Calling delphi to calculate conformer (543/673) ARG03A0862_005 in /tmp/pbe_data.data.home.schowdhury.Project_kinases.cof_tpl_mg.run_kin.3ZOS_ARG03A0862_005
ForkPoolWorker-1: Calling delphi to calculate conformer (544/673) ARG+1A0862_006 in /tmp/pbe_data.data.home.schowdhury.Project_kinases.cof_tpl_mg.run_kin.3ZOS_ARG+1A0862_006
ForkPoolWorker-1: Calling delphi to calculate conformer (545/673) ASP01A0863_001 in /tmp/pbe_data.data.home.schowdhury.Project_kinases.cof_tpl_mg.run_kin.3ZOS_ASP01A0863_001
ForkPoolWorker-1: Calling delphi to calculate conformer (546/673) ASP01A0863_002 in /tmp/pbe_data.data.home.schowdhury.Project_kinases.cof_tpl_mg.run_kin.3ZOS_ASP01A0863_002
ForkPoolWorker-1: Calling delphi to calculate conformer (547/673) ASP02A0863_003 in /tmp/pbe_data.data.home.schowdhury.Project_kinases.cof_tpl_mg.run_kin.3ZOS_ASP02A0863_003
ForkPoolWorker-1: Calling delphi to calculate conformer (548/673) ASP02A0863_004 in /tmp/pbe_data.data.home.schowdhury.Project_kinases.cof_tpl_mg.run_kin.3ZOS_ASP02A0863_004
ForkPoolWorker-1: Calling delphi to calculate conformer (549/673) ASP-1A0863_005 in /tmp/pbe_data.data.home.schowdhury.Project_kinases.cof_tpl_mg.run_kin.3ZOS_ASP-1A0863_005
ForkPoolWorker-1: Calling delphi to calculate conformer (550/673) GLN01A0864_001 in /tmp/pbe_data.data.home.schowdhury.Project_kinases.cof_tpl_mg.run_kin.3ZOS_GLN01A0864_001
ForkPoolWorker-1: Calling delphi to calculate conformer (551/673) ARG01A0866_001 in /tmp/pbe_data.data.home.schowdhury.Project_kinases.cof_tpl_mg.run_kin.3ZOS_ARG01A0866_001
ForkPoolWorker-1: Calling delphi to calculate conformer (552/673) ARG02A0866_002 in /tmp/pbe_data.data.home.schowdhury.Project_kinases.cof_tpl_mg.run_kin.3ZOS_ARG02A0866_002
ForkPoolWorker-1: Calling delphi to calculate conformer (553/673) ARG02A0866_003 in /tmp/pbe_data.data.home.schowdhury.Project_kinases.cof_tpl_mg.run_kin.3ZOS_ARG02A0866_003
ForkPoolWorker-1: Calling delphi to calculate conformer (554/673) ARG03A0866_004 in /tmp/pbe_data.data.home.schowdhury.Project_kinases.cof_tpl_mg.run_kin.3ZOS_ARG03A0866_004
ForkPoolWorker-1: Calling delphi to calculate conformer (555/673) ARG03A0866_005 in /tmp/pbe_data.data.home.schowdhury.Project_kinases.cof_tpl_mg.run_kin.3ZOS_ARG03A0866_005
ForkPoolWorker-1: Calling delphi to calculate conformer (556/673) ARG+1A0866_006 in /tmp/pbe_data.data.home.schowdhury.Project_kinases.cof_tpl_mg.run_kin.3ZOS_ARG+1A0866_006
ForkPoolWorker-1: Calling delphi to calculate conformer (557/673) GLN01A0867_001 in /tmp/pbe_data.data.home.schowdhury.Project_kinases.cof_tpl_mg.run_kin.3ZOS_GLN01A0867_001
ForkPoolWorker-1: Calling delphi to calculate conformer (558/673) GLN01A0867_002 in /tmp/pbe_data.data.home.schowdhury.Project_kinases.cof_tpl_mg.run_kin.3ZOS_GLN01A0867_002
Skipping PBE solver for non-charge conformer (559/673) VAL01A0868_001...
ForkPoolWorker-1: Calling delphi to calculate conformer (560/673) TYR01A0869_001 in /tmp/pbe_data.data.home.schowdhury.Project_kinases.cof_tpl_mg.run_kin.3ZOS_TYR01A0869_001
ForkPoolWorker-1: Calling delphi to calculate conformer (561/673) TYR-1A0869_002 in /tmp/pbe_data.data.home.schowdhury.Project_kinases.cof_tpl_mg.run_kin.3ZOS_TYR-1A0869_002
Skipping PBE solver for non-charge conformer (562/673) LEU01A0870_001...
ForkPoolWorker-1: Calling delphi to calculate conformer (563/673) SER01A0871_001 in /tmp/pbe_data.data.home.schowdhury.Project_kinases.cof_tpl_mg.run_kin.3ZOS_SER01A0871_001
ForkPoolWorker-1: Calling delphi to calculate conformer (564/673) ARG01A0872_001 in /tmp/pbe_data.data.home.schowdhury.Project_kinases.cof_tpl_mg.run_kin.3ZOS_ARG01A0872_001
ForkPoolWorker-1: Calling delphi to calculate conformer (565/673) ARG02A0872_002 in /tmp/pbe_data.data.home.schowdhury.Project_kinases.cof_tpl_mg.run_kin.3ZOS_ARG02A0872_002
ForkPoolWorker-1: Calling delphi to calculate conformer (566/673) ARG02A0872_003 in /tmp/pbe_data.data.home.schowdhury.Project_kinases.cof_tpl_mg.run_kin.3ZOS_ARG02A0872_003
ForkPoolWorker-1: Calling delphi to calculate conformer (567/673) ARG03A0872_004 in /tmp/pbe_data.data.home.schowdhury.Project_kinases.cof_tpl_mg.run_kin.3ZOS_ARG03A0872_004
ForkPoolWorker-1: Calling delphi to calculate conformer (568/673) ARG+1A0872_005 in /tmp/pbe_data.data.home.schowdhury.Project_kinases.cof_tpl_mg.run_kin.3ZOS_ARG+1A0872_005
Skipping PBE solver for non-charge conformer (569/673) PRO01A0873_001...
Skipping PBE solver for non-charge conformer (570/673) PRO01A0874_001...
Skipping PBE solver for non-charge conformer (571/673) ALA01A0875_001...
ForkPoolWorker-1: Calling delphi to calculate conformer (572/673) CYS01A0876_001 in /tmp/pbe_data.data.home.schowdhury.Project_kinases.cof_tpl_mg.run_kin.3ZOS_CYS01A0876_001
ForkPoolWorker-1: Calling delphi to calculate conformer (573/673) CYS01A0876_002 in /tmp/pbe_data.data.home.schowdhury.Project_kinases.cof_tpl_mg.run_kin.3ZOS_CYS01A0876_002
ForkPoolWorker-1: Calling delphi to calculate conformer (574/673) CYS01A0876_003 in /tmp/pbe_data.data.home.schowdhury.Project_kinases.cof_tpl_mg.run_kin.3ZOS_CYS01A0876_003
ForkPoolWorker-1: Calling delphi to calculate conformer (575/673) CYS-1A0876_004 in /tmp/pbe_data.data.home.schowdhury.Project_kinases.cof_tpl_mg.run_kin.3ZOS_CYS-1A0876_004
Skipping PBE solver for non-charge conformer (576/673) PRO01A0877_001...
ForkPoolWorker-1: Calling delphi to calculate conformer (577/673) GLN01A0878_001 in /tmp/pbe_data.data.home.schowdhury.Project_kinases.cof_tpl_mg.run_kin.3ZOS_GLN01A0878_001
ForkPoolWorker-1: Calling delphi to calculate conformer (578/673) GLN01A0878_002 in /tmp/pbe_data.data.home.schowdhury.Project_kinases.cof_tpl_mg.run_kin.3ZOS_GLN01A0878_002
Skipping PBE solver for non-charge conformer (579/673) LEU01A0880_001...
ForkPoolWorker-1: Calling delphi to calculate conformer (580/673) TYR01A0881_001 in /tmp/pbe_data.data.home.schowdhury.Project_kinases.cof_tpl_mg.run_kin.3ZOS_TYR01A0881_001
ForkPoolWorker-1: Calling delphi to calculate conformer (581/673) TYR01A0881_002 in /tmp/pbe_data.data.home.schowdhury.Project_kinases.cof_tpl_mg.run_kin.3ZOS_TYR01A0881_002
ForkPoolWorker-1: Calling delphi to calculate conformer (582/673) TYR-1A0881_003 in /tmp/pbe_data.data.home.schowdhury.Project_kinases.cof_tpl_mg.run_kin.3ZOS_TYR-1A0881_003
ForkPoolWorker-1: Calling delphi to calculate conformer (583/673) GLU01A0882_001 in /tmp/pbe_data.data.home.schowdhury.Project_kinases.cof_tpl_mg.run_kin.3ZOS_GLU01A0882_001
ForkPoolWorker-1: Calling delphi to calculate conformer (584/673) GLU01A0882_002 in /tmp/pbe_data.data.home.schowdhury.Project_kinases.cof_tpl_mg.run_kin.3ZOS_GLU01A0882_002
ForkPoolWorker-1: Calling delphi to calculate conformer (585/673) GLU02A0882_003 in /tmp/pbe_data.data.home.schowdhury.Project_kinases.cof_tpl_mg.run_kin.3ZOS_GLU02A0882_003
ForkPoolWorker-1: Calling delphi to calculate conformer (586/673) GLU02A0882_004 in /tmp/pbe_data.data.home.schowdhury.Project_kinases.cof_tpl_mg.run_kin.3ZOS_GLU02A0882_004
ForkPoolWorker-1: Calling delphi to calculate conformer (587/673) GLU-1A0882_005 in /tmp/pbe_data.data.home.schowdhury.Project_kinases.cof_tpl_mg.run_kin.3ZOS_GLU-1A0882_005
Skipping PBE solver for non-charge conformer (588/673) LEU01A0883_001...
ForkPoolWorker-1: Calling delphi to calculate conformer (589/673) MET01A0884_001 in /tmp/pbe_data.data.home.schowdhury.Project_kinases.cof_tpl_mg.run_kin.3ZOS_MET01A0884_001
Skipping PBE solver for non-charge conformer (590/673) LEU01A0885_001...
ForkPoolWorker-1: Calling delphi to calculate conformer (591/673) ARG01A0886_001 in /tmp/pbe_data.data.home.schowdhury.Project_kinases.cof_tpl_mg.run_kin.3ZOS_ARG01A0886_001
ForkPoolWorker-1: Calling delphi to calculate conformer (592/673) ARG02A0886_002 in /tmp/pbe_data.data.home.schowdhury.Project_kinases.cof_tpl_mg.run_kin.3ZOS_ARG02A0886_002
ForkPoolWorker-1: Calling delphi to calculate conformer (593/673) ARG03A0886_003 in /tmp/pbe_data.data.home.schowdhury.Project_kinases.cof_tpl_mg.run_kin.3ZOS_ARG03A0886_003
ForkPoolWorker-1: Calling delphi to calculate conformer (594/673) ARG+1A0886_004 in /tmp/pbe_data.data.home.schowdhury.Project_kinases.cof_tpl_mg.run_kin.3ZOS_ARG+1A0886_004
ForkPoolWorker-1: Calling delphi to calculate conformer (595/673) CYS01A0887_001 in /tmp/pbe_data.data.home.schowdhury.Project_kinases.cof_tpl_mg.run_kin.3ZOS_CYS01A0887_001
ForkPoolWorker-1: Calling delphi to calculate conformer (596/673) CYS01A0887_002 in /tmp/pbe_data.data.home.schowdhury.Project_kinases.cof_tpl_mg.run_kin.3ZOS_CYS01A0887_002
ForkPoolWorker-1: Calling delphi to calculate conformer (597/673) CYS01A0887_003 in /tmp/pbe_data.data.home.schowdhury.Project_kinases.cof_tpl_mg.run_kin.3ZOS_CYS01A0887_003
ForkPoolWorker-1: Calling delphi to calculate conformer (598/673) CYS-1A0887_004 in /tmp/pbe_data.data.home.schowdhury.Project_kinases.cof_tpl_mg.run_kin.3ZOS_CYS-1A0887_004
Skipping PBE solver for non-charge conformer (599/673) TRP01A0888_001...
ForkPoolWorker-1: Calling delphi to calculate conformer (600/673) SER01A0889_001 in /tmp/pbe_data.data.home.schowdhury.Project_kinases.cof_tpl_mg.run_kin.3ZOS_SER01A0889_001
ForkPoolWorker-1: Calling delphi to calculate conformer (601/673) SER01A0889_002 in /tmp/pbe_data.data.home.schowdhury.Project_kinases.cof_tpl_mg.run_kin.3ZOS_SER01A0889_002
ForkPoolWorker-1: Calling delphi to calculate conformer (602/673) ARG01A0890_001 in /tmp/pbe_data.data.home.schowdhury.Project_kinases.cof_tpl_mg.run_kin.3ZOS_ARG01A0890_001
ForkPoolWorker-1: Calling delphi to calculate conformer (603/673) ARG02A0890_002 in /tmp/pbe_data.data.home.schowdhury.Project_kinases.cof_tpl_mg.run_kin.3ZOS_ARG02A0890_002
ForkPoolWorker-1: Calling delphi to calculate conformer (604/673) ARG02A0890_003 in /tmp/pbe_data.data.home.schowdhury.Project_kinases.cof_tpl_mg.run_kin.3ZOS_ARG02A0890_003
ForkPoolWorker-1: Calling delphi to calculate conformer (605/673) ARG03A0890_004 in /tmp/pbe_data.data.home.schowdhury.Project_kinases.cof_tpl_mg.run_kin.3ZOS_ARG03A0890_004
ForkPoolWorker-1: Calling delphi to calculate conformer (606/673) ARG03A0890_005 in /tmp/pbe_data.data.home.schowdhury.Project_kinases.cof_tpl_mg.run_kin.3ZOS_ARG03A0890_005
ForkPoolWorker-1: Calling delphi to calculate conformer (607/673) ARG+1A0890_006 in /tmp/pbe_data.data.home.schowdhury.Project_kinases.cof_tpl_mg.run_kin.3ZOS_ARG+1A0890_006
ForkPoolWorker-1: Calling delphi to calculate conformer (608/673) GLU01A0891_001 in /tmp/pbe_data.data.home.schowdhury.Project_kinases.cof_tpl_mg.run_kin.3ZOS_GLU01A0891_001
ForkPoolWorker-1: Calling delphi to calculate conformer (609/673) GLU01A0891_002 in /tmp/pbe_data.data.home.schowdhury.Project_kinases.cof_tpl_mg.run_kin.3ZOS_GLU01A0891_002
ForkPoolWorker-1: Calling delphi to calculate conformer (610/673) GLU02A0891_003 in /tmp/pbe_data.data.home.schowdhury.Project_kinases.cof_tpl_mg.run_kin.3ZOS_GLU02A0891_003
ForkPoolWorker-1: Calling delphi to calculate conformer (611/673) GLU02A0891_004 in /tmp/pbe_data.data.home.schowdhury.Project_kinases.cof_tpl_mg.run_kin.3ZOS_GLU02A0891_004
ForkPoolWorker-1: Calling delphi to calculate conformer (612/673) GLU-1A0891_005 in /tmp/pbe_data.data.home.schowdhury.Project_kinases.cof_tpl_mg.run_kin.3ZOS_GLU-1A0891_005
ForkPoolWorker-1: Calling delphi to calculate conformer (613/673) SER01A0892_001 in /tmp/pbe_data.data.home.schowdhury.Project_kinases.cof_tpl_mg.run_kin.3ZOS_SER01A0892_001
ForkPoolWorker-1: Calling delphi to calculate conformer (614/673) GLU01A0893_001 in /tmp/pbe_data.data.home.schowdhury.Project_kinases.cof_tpl_mg.run_kin.3ZOS_GLU01A0893_001
ForkPoolWorker-1: Calling delphi to calculate conformer (615/673) GLU01A0893_002 in /tmp/pbe_data.data.home.schowdhury.Project_kinases.cof_tpl_mg.run_kin.3ZOS_GLU01A0893_002
ForkPoolWorker-1: Calling delphi to calculate conformer (616/673) GLU02A0893_003 in /tmp/pbe_data.data.home.schowdhury.Project_kinases.cof_tpl_mg.run_kin.3ZOS_GLU02A0893_003
ForkPoolWorker-1: Calling delphi to calculate conformer (617/673) GLU02A0893_004 in /tmp/pbe_data.data.home.schowdhury.Project_kinases.cof_tpl_mg.run_kin.3ZOS_GLU02A0893_004
ForkPoolWorker-1: Calling delphi to calculate conformer (618/673) GLU-1A0893_005 in /tmp/pbe_data.data.home.schowdhury.Project_kinases.cof_tpl_mg.run_kin.3ZOS_GLU-1A0893_005
ForkPoolWorker-1: Calling delphi to calculate conformer (619/673) GLN01A0894_001 in /tmp/pbe_data.data.home.schowdhury.Project_kinases.cof_tpl_mg.run_kin.3ZOS_GLN01A0894_001
ForkPoolWorker-1: Calling delphi to calculate conformer (620/673) GLN01A0894_002 in /tmp/pbe_data.data.home.schowdhury.Project_kinases.cof_tpl_mg.run_kin.3ZOS_GLN01A0894_002
ForkPoolWorker-1: Calling delphi to calculate conformer (621/673) ARG01A0895_001 in /tmp/pbe_data.data.home.schowdhury.Project_kinases.cof_tpl_mg.run_kin.3ZOS_ARG01A0895_001
ForkPoolWorker-1: Calling delphi to calculate conformer (622/673) ARG02A0895_002 in /tmp/pbe_data.data.home.schowdhury.Project_kinases.cof_tpl_mg.run_kin.3ZOS_ARG02A0895_002
ForkPoolWorker-1: Calling delphi to calculate conformer (623/673) ARG02A0895_003 in /tmp/pbe_data.data.home.schowdhury.Project_kinases.cof_tpl_mg.run_kin.3ZOS_ARG02A0895_003
ForkPoolWorker-1: Calling delphi to calculate conformer (624/673) ARG03A0895_004 in /tmp/pbe_data.data.home.schowdhury.Project_kinases.cof_tpl_mg.run_kin.3ZOS_ARG03A0895_004
ForkPoolWorker-1: Calling delphi to calculate conformer (625/673) ARG03A0895_005 in /tmp/pbe_data.data.home.schowdhury.Project_kinases.cof_tpl_mg.run_kin.3ZOS_ARG03A0895_005
ForkPoolWorker-1: Calling delphi to calculate conformer (626/673) ARG+1A0895_006 in /tmp/pbe_data.data.home.schowdhury.Project_kinases.cof_tpl_mg.run_kin.3ZOS_ARG+1A0895_006
Skipping PBE solver for non-charge conformer (627/673) PRO01A0896_001...
Skipping PBE solver for non-charge conformer (628/673) PRO01A0897_001...
Skipping PBE solver for non-charge conformer (629/673) PHE01A0898_001...
ForkPoolWorker-1: Calling delphi to calculate conformer (630/673) SER01A0899_001 in /tmp/pbe_data.data.home.schowdhury.Project_kinases.cof_tpl_mg.run_kin.3ZOS_SER01A0899_001
ForkPoolWorker-1: Calling delphi to calculate conformer (631/673) GLN01A0900_001 in /tmp/pbe_data.data.home.schowdhury.Project_kinases.cof_tpl_mg.run_kin.3ZOS_GLN01A0900_001
ForkPoolWorker-1: Calling delphi to calculate conformer (632/673) GLN01A0900_002 in /tmp/pbe_data.data.home.schowdhury.Project_kinases.cof_tpl_mg.run_kin.3ZOS_GLN01A0900_002
Skipping PBE solver for non-charge conformer (633/673) LEU01A0901_001...
ForkPoolWorker-1: Calling delphi to calculate conformer (634/673) HIS01A0902_001 in /tmp/pbe_data.data.home.schowdhury.Project_kinases.cof_tpl_mg.run_kin.3ZOS_HIS01A0902_001
ForkPoolWorker-1: Calling delphi to calculate conformer (635/673) HIS01A0902_002 in /tmp/pbe_data.data.home.schowdhury.Project_kinases.cof_tpl_mg.run_kin.3ZOS_HIS01A0902_002
ForkPoolWorker-1: Calling delphi to calculate conformer (636/673) HIS02A0902_003 in /tmp/pbe_data.data.home.schowdhury.Project_kinases.cof_tpl_mg.run_kin.3ZOS_HIS02A0902_003
ForkPoolWorker-1: Calling delphi to calculate conformer (637/673) HIS02A0902_004 in /tmp/pbe_data.data.home.schowdhury.Project_kinases.cof_tpl_mg.run_kin.3ZOS_HIS02A0902_004
ForkPoolWorker-1: Calling delphi to calculate conformer (638/673) HIS+1A0902_005 in /tmp/pbe_data.data.home.schowdhury.Project_kinases.cof_tpl_mg.run_kin.3ZOS_HIS+1A0902_005
ForkPoolWorker-1: Calling delphi to calculate conformer (639/673) HIS+1A0902_006 in /tmp/pbe_data.data.home.schowdhury.Project_kinases.cof_tpl_mg.run_kin.3ZOS_HIS+1A0902_006
ForkPoolWorker-1: Calling delphi to calculate conformer (640/673) ARG01A0903_001 in /tmp/pbe_data.data.home.schowdhury.Project_kinases.cof_tpl_mg.run_kin.3ZOS_ARG01A0903_001
ForkPoolWorker-1: Calling delphi to calculate conformer (641/673) ARG02A0903_002 in /tmp/pbe_data.data.home.schowdhury.Project_kinases.cof_tpl_mg.run_kin.3ZOS_ARG02A0903_002
ForkPoolWorker-1: Calling delphi to calculate conformer (642/673) ARG03A0903_003 in /tmp/pbe_data.data.home.schowdhury.Project_kinases.cof_tpl_mg.run_kin.3ZOS_ARG03A0903_003
ForkPoolWorker-1: Calling delphi to calculate conformer (643/673) ARG03A0903_004 in /tmp/pbe_data.data.home.schowdhury.Project_kinases.cof_tpl_mg.run_kin.3ZOS_ARG03A0903_004
ForkPoolWorker-1: Calling delphi to calculate conformer (644/673) ARG+1A0903_005 in /tmp/pbe_data.data.home.schowdhury.Project_kinases.cof_tpl_mg.run_kin.3ZOS_ARG+1A0903_005
Skipping PBE solver for non-charge conformer (645/673) PHE01A0904_001...
Skipping PBE solver for non-charge conformer (646/673) LEU01A0905_001...
Skipping PBE solver for non-charge conformer (647/673) ALA01A0906_001...
ForkPoolWorker-1: Calling delphi to calculate conformer (648/673) GLU01A0907_001 in /tmp/pbe_data.data.home.schowdhury.Project_kinases.cof_tpl_mg.run_kin.3ZOS_GLU01A0907_001
ForkPoolWorker-1: Calling delphi to calculate conformer (649/673) GLU01A0907_002 in /tmp/pbe_data.data.home.schowdhury.Project_kinases.cof_tpl_mg.run_kin.3ZOS_GLU01A0907_002
ForkPoolWorker-1: Calling delphi to calculate conformer (650/673) GLU02A0907_003 in /tmp/pbe_data.data.home.schowdhury.Project_kinases.cof_tpl_mg.run_kin.3ZOS_GLU02A0907_003
ForkPoolWorker-1: Calling delphi to calculate conformer (651/673) GLU02A0907_004 in /tmp/pbe_data.data.home.schowdhury.Project_kinases.cof_tpl_mg.run_kin.3ZOS_GLU02A0907_004
ForkPoolWorker-1: Calling delphi to calculate conformer (652/673) GLU-1A0907_005 in /tmp/pbe_data.data.home.schowdhury.Project_kinases.cof_tpl_mg.run_kin.3ZOS_GLU-1A0907_005
ForkPoolWorker-1: Calling delphi to calculate conformer (653/673) ASP01A0908_001 in /tmp/pbe_data.data.home.schowdhury.Project_kinases.cof_tpl_mg.run_kin.3ZOS_ASP01A0908_001
ForkPoolWorker-1: Calling delphi to calculate conformer (654/673) ASP01A0908_002 in /tmp/pbe_data.data.home.schowdhury.Project_kinases.cof_tpl_mg.run_kin.3ZOS_ASP01A0908_002
ForkPoolWorker-1: Calling delphi to calculate conformer (655/673) ASP02A0908_003 in /tmp/pbe_data.data.home.schowdhury.Project_kinases.cof_tpl_mg.run_kin.3ZOS_ASP02A0908_003
ForkPoolWorker-1: Calling delphi to calculate conformer (656/673) ASP02A0908_004 in /tmp/pbe_data.data.home.schowdhury.Project_kinases.cof_tpl_mg.run_kin.3ZOS_ASP02A0908_004
ForkPoolWorker-1: Calling delphi to calculate conformer (657/673) ASP-1A0908_005 in /tmp/pbe_data.data.home.schowdhury.Project_kinases.cof_tpl_mg.run_kin.3ZOS_ASP-1A0908_005
Skipping PBE solver for non-charge conformer (658/673) ALA01A0909_001...
Skipping PBE solver for non-charge conformer (659/673) LEU01A0910_001...
ForkPoolWorker-1: Calling delphi to calculate conformer (660/673) ASN01A0911_001 in /tmp/pbe_data.data.home.schowdhury.Project_kinases.cof_tpl_mg.run_kin.3ZOS_ASN01A0911_001
ForkPoolWorker-1: Calling delphi to calculate conformer (661/673) ASN01A0911_002 in /tmp/pbe_data.data.home.schowdhury.Project_kinases.cof_tpl_mg.run_kin.3ZOS_ASN01A0911_002
ForkPoolWorker-1: Calling delphi to calculate conformer (662/673) THR01A0912_001 in /tmp/pbe_data.data.home.schowdhury.Project_kinases.cof_tpl_mg.run_kin.3ZOS_THR01A0912_001
ForkPoolWorker-1: Calling delphi to calculate conformer (663/673) THR01A0912_002 in /tmp/pbe_data.data.home.schowdhury.Project_kinases.cof_tpl_mg.run_kin.3ZOS_THR01A0912_002
Skipping PBE solver for non-charge conformer (664/673) VAL01A0913_001...
ForkPoolWorker-1: Calling delphi to calculate conformer (665/673) 0LI01A1000_001 in /tmp/pbe_data.data.home.schowdhury.Project_kinases.cof_tpl_mg.run_kin.3ZOS_0LI01A1000_001
ForkPoolWorker-1: Calling delphi to calculate conformer (666/673) 0LI01A1000_002 in /tmp/pbe_data.data.home.schowdhury.Project_kinases.cof_tpl_mg.run_kin.3ZOS_0LI01A1000_002
ForkPoolWorker-1: Calling delphi to calculate conformer (667/673) 0LI+1A1000_003 in /tmp/pbe_data.data.home.schowdhury.Project_kinases.cof_tpl_mg.run_kin.3ZOS_0LI+1A1000_003
ForkPoolWorker-1: Calling delphi to calculate conformer (668/673) 0LI+1A1000_004 in /tmp/pbe_data.data.home.schowdhury.Project_kinases.cof_tpl_mg.run_kin.3ZOS_0LI+1A1000_004
ForkPoolWorker-1: Calling delphi to calculate conformer (669/673) 0LI+2A1000_005 in /tmp/pbe_data.data.home.schowdhury.Project_kinases.cof_tpl_mg.run_kin.3ZOS_0LI+2A1000_005
ForkPoolWorker-1: Calling delphi to calculate conformer (670/673) 0LI+2A1000_006 in /tmp/pbe_data.data.home.schowdhury.Project_kinases.cof_tpl_mg.run_kin.3ZOS_0LI+2A1000_006
ForkPoolWorker-1: Calling delphi to calculate conformer (671/673) 0LI01A1004_001 in /tmp/pbe_data.data.home.schowdhury.Project_kinases.cof_tpl_mg.run_kin.3ZOS_0LI01A1004_001
ForkPoolWorker-1: Calling delphi to calculate conformer (672/673) 0LI+1A1004_002 in /tmp/pbe_data.data.home.schowdhury.Project_kinases.cof_tpl_mg.run_kin.3ZOS_0LI+1A1004_002
ForkPoolWorker-1: Calling delphi to calculate conformer (673/673) 0LI+2A1004_003 in /tmp/pbe_data.data.home.schowdhury.Project_kinases.cof_tpl_mg.run_kin.3ZOS_0LI+2A1004_003
