2026-09-22 07:33:13 - INFO: step3.py, <module>: Step 3. Energies calculation with PBE solver.
2026-09-22 07:33:13 - INFO: step3.py, <module>: Calling new VDW....No Scaling Applied
2026-09-22 07:33:13 - INFO: step3.py, <module>:    Process run time options & convert step2_out.pdb.
2026-09-22 07:33:13 - INFO: step3.py, <module>:    Prepare input for PB solver.
2026-09-22 07:33:13 - INFO: step3.py, <module>:    Time needed: 0 seconds.
2026-09-22 07:33:13 - INFO: step3.py, <module>:    Set up parallel envrionment and run PB solver.
2026-09-22 07:33:13 - INFO: step3.py, <module>:    Running PBE solver in 5 threads
2026-09-22 07:33:13 - INFO: step3.py, pbe: ForkPoolWorker-4: Calling delphi to calculate conformer (4/678) GLU01A0697_002 in /tmp/pbe_data.data.home.granepura.5-Kinases.Kinases_MCCE.Trial01.run_holo.4WKQ_GLU01A0697_002
2026-09-22 07:33:13 - INFO: step3.py, pbe: ForkPoolWorker-3: Calling delphi to calculate conformer (3/678) GLU01A0697_001 in /tmp/pbe_data.data.home.granepura.5-Kinases.Kinases_MCCE.Trial01.run_holo.4WKQ_GLU01A0697_001
2026-09-22 07:33:13 - INFO: step3.py, pbe: ForkPoolWorker-2: Calling delphi to calculate conformer (2/678) MET01A0695_001 in /tmp/pbe_data.data.home.granepura.5-Kinases.Kinases_MCCE.Trial01.run_holo.4WKQ_MET01A0695_001
2026-09-22 07:33:13 - INFO: step3.py, pbe: Skipping PBE solver for non-charge conformer (1/678) ALA01A0694_001...
2026-09-22 07:33:13 - INFO: step3.py, pbe: ForkPoolWorker-5: Calling delphi to calculate conformer (5/678) GLU02A0697_003 in /tmp/pbe_data.data.home.granepura.5-Kinases.Kinases_MCCE.Trial01.run_holo.4WKQ_GLU02A0697_003
2026-09-22 07:33:13 - INFO: step3.py, pbe: ForkPoolWorker-1: Calling delphi to calculate conformer (6/678) GLU02A0697_004 in /tmp/pbe_data.data.home.granepura.5-Kinases.Kinases_MCCE.Trial01.run_holo.4WKQ_GLU02A0697_004
2026-09-22 07:33:18 - INFO: step3.py, pbe: ForkPoolWorker-2: Calling delphi to calculate conformer (7/678) GLU-1A0697_005 in /tmp/pbe_data.data.home.granepura.5-Kinases.Kinases_MCCE.Trial01.run_holo.4WKQ_GLU-1A0697_005
2026-09-22 07:33:18 - INFO: step3.py, pbe: Skipping PBE solver for non-charge conformer (8/678) ALA01A0698_001...
2026-09-22 07:33:18 - INFO: step3.py, pbe: Skipping PBE solver for non-charge conformer (9/678) PRO01A0699_001...
2026-09-22 07:33:18 - INFO: step3.py, pbe: ForkPoolWorker-1: Calling delphi to calculate conformer (10/678) ASN01A0700_001 in /tmp/pbe_data.data.home.granepura.5-Kinases.Kinases_MCCE.Trial01.run_holo.4WKQ_ASN01A0700_001
2026-09-22 07:33:18 - INFO: step3.py, pbe: ForkPoolWorker-5: Calling delphi to calculate conformer (11/678) ASN01A0700_002 in /tmp/pbe_data.data.home.granepura.5-Kinases.Kinases_MCCE.Trial01.run_holo.4WKQ_ASN01A0700_002
2026-09-22 07:33:18 - INFO: step3.py, pbe: ForkPoolWorker-3: Calling delphi to calculate conformer (12/678) ASN01A0700_003 in /tmp/pbe_data.data.home.granepura.5-Kinases.Kinases_MCCE.Trial01.run_holo.4WKQ_ASN01A0700_003
2026-09-22 07:33:18 - INFO: step3.py, pbe: ForkPoolWorker-4: Calling delphi to calculate conformer (13/678) ASN01A0700_004 in /tmp/pbe_data.data.home.granepura.5-Kinases.Kinases_MCCE.Trial01.run_holo.4WKQ_ASN01A0700_004
2026-09-22 07:33:22 - INFO: step3.py, pbe: ForkPoolWorker-2: Calling delphi to calculate conformer (14/678) GLN01A0701_001 in /tmp/pbe_data.data.home.granepura.5-Kinases.Kinases_MCCE.Trial01.run_holo.4WKQ_GLN01A0701_001
2026-09-22 07:33:22 - INFO: step3.py, pbe: Skipping PBE solver for non-charge conformer (16/678) ALA01A0702_001...
2026-09-22 07:33:22 - INFO: step3.py, pbe: Skipping PBE solver for non-charge conformer (17/678) LEU01A0703_001...
2026-09-22 07:33:22 - INFO: step3.py, pbe: ForkPoolWorker-3: Calling delphi to calculate conformer (15/678) GLN01A0701_002 in /tmp/pbe_data.data.home.granepura.5-Kinases.Kinases_MCCE.Trial01.run_holo.4WKQ_GLN01A0701_002
2026-09-22 07:33:22 - INFO: step3.py, pbe: Skipping PBE solver for non-charge conformer (18/678) LEU01A0704_001...
2026-09-22 07:33:22 - INFO: step3.py, pbe: ForkPoolWorker-1: Calling delphi to calculate conformer (19/678) ARG01A0705_001 in /tmp/pbe_data.data.home.granepura.5-Kinases.Kinases_MCCE.Trial01.run_holo.4WKQ_ARG01A0705_001
2026-09-22 07:33:22 - INFO: step3.py, pbe: ForkPoolWorker-5: Calling delphi to calculate conformer (20/678) ARG02A0705_002 in /tmp/pbe_data.data.home.granepura.5-Kinases.Kinases_MCCE.Trial01.run_holo.4WKQ_ARG02A0705_002
2026-09-22 07:33:22 - INFO: step3.py, pbe: ForkPoolWorker-4: Calling delphi to calculate conformer (21/678) ARG02A0705_003 in /tmp/pbe_data.data.home.granepura.5-Kinases.Kinases_MCCE.Trial01.run_holo.4WKQ_ARG02A0705_003
2026-09-22 07:33:27 - INFO: step3.py, pbe: ForkPoolWorker-2: Calling delphi to calculate conformer (22/678) ARG03A0705_004 in /tmp/pbe_data.data.home.granepura.5-Kinases.Kinases_MCCE.Trial01.run_holo.4WKQ_ARG03A0705_004
2026-09-22 07:33:27 - INFO: step3.py, pbe: ForkPoolWorker-3: Calling delphi to calculate conformer (23/678) ARG03A0705_005 in /tmp/pbe_data.data.home.granepura.5-Kinases.Kinases_MCCE.Trial01.run_holo.4WKQ_ARG03A0705_005
2026-09-22 07:33:27 - INFO: step3.py, pbe: ForkPoolWorker-1: Calling delphi to calculate conformer (24/678) ARG+1A0705_006 in /tmp/pbe_data.data.home.granepura.5-Kinases.Kinases_MCCE.Trial01.run_holo.4WKQ_ARG+1A0705_006
2026-09-22 07:33:27 - INFO: step3.py, pbe: Skipping PBE solver for non-charge conformer (25/678) ILE01A0706_001...
2026-09-22 07:33:27 - INFO: step3.py, pbe: Skipping PBE solver for non-charge conformer (26/678) LEU01A0707_001...
2026-09-22 07:33:27 - INFO: step3.py, pbe: ForkPoolWorker-4: Calling delphi to calculate conformer (28/678) LYS+1A0708_002 in /tmp/pbe_data.data.home.granepura.5-Kinases.Kinases_MCCE.Trial01.run_holo.4WKQ_LYS+1A0708_002
2026-09-22 07:33:27 - INFO: step3.py, pbe: ForkPoolWorker-5: Calling delphi to calculate conformer (27/678) LYS01A0708_001 in /tmp/pbe_data.data.home.granepura.5-Kinases.Kinases_MCCE.Trial01.run_holo.4WKQ_LYS01A0708_001
2026-09-22 07:33:31 - INFO: step3.py, pbe: ForkPoolWorker-2: Calling delphi to calculate conformer (29/678) GLU01A0709_001 in /tmp/pbe_data.data.home.granepura.5-Kinases.Kinases_MCCE.Trial01.run_holo.4WKQ_GLU01A0709_001
2026-09-22 07:33:31 - INFO: step3.py, pbe: ForkPoolWorker-3: Calling delphi to calculate conformer (30/678) GLU01A0709_002 in /tmp/pbe_data.data.home.granepura.5-Kinases.Kinases_MCCE.Trial01.run_holo.4WKQ_GLU01A0709_002
2026-09-22 07:33:32 - INFO: step3.py, pbe: ForkPoolWorker-1: Calling delphi to calculate conformer (31/678) GLU02A0709_003 in /tmp/pbe_data.data.home.granepura.5-Kinases.Kinases_MCCE.Trial01.run_holo.4WKQ_GLU02A0709_003
2026-09-22 07:33:32 - INFO: step3.py, pbe: ForkPoolWorker-5: Calling delphi to calculate conformer (32/678) GLU02A0709_004 in /tmp/pbe_data.data.home.granepura.5-Kinases.Kinases_MCCE.Trial01.run_holo.4WKQ_GLU02A0709_004
2026-09-22 07:33:32 - INFO: step3.py, pbe: ForkPoolWorker-4: Calling delphi to calculate conformer (33/678) GLU-1A0709_005 in /tmp/pbe_data.data.home.granepura.5-Kinases.Kinases_MCCE.Trial01.run_holo.4WKQ_GLU-1A0709_005
2026-09-22 07:33:36 - INFO: step3.py, pbe: ForkPoolWorker-2: Calling delphi to calculate conformer (34/678) THR01A0710_001 in /tmp/pbe_data.data.home.granepura.5-Kinases.Kinases_MCCE.Trial01.run_holo.4WKQ_THR01A0710_001
2026-09-22 07:33:36 - INFO: step3.py, pbe: ForkPoolWorker-3: Calling delphi to calculate conformer (35/678) THR01A0710_002 in /tmp/pbe_data.data.home.granepura.5-Kinases.Kinases_MCCE.Trial01.run_holo.4WKQ_THR01A0710_002
2026-09-22 07:33:36 - INFO: step3.py, pbe: ForkPoolWorker-1: Calling delphi to calculate conformer (36/678) GLU01A0711_001 in /tmp/pbe_data.data.home.granepura.5-Kinases.Kinases_MCCE.Trial01.run_holo.4WKQ_GLU01A0711_001
2026-09-22 07:33:36 - INFO: step3.py, pbe: ForkPoolWorker-5: Calling delphi to calculate conformer (37/678) GLU01A0711_002 in /tmp/pbe_data.data.home.granepura.5-Kinases.Kinases_MCCE.Trial01.run_holo.4WKQ_GLU01A0711_002
2026-09-22 07:33:36 - INFO: step3.py, pbe: ForkPoolWorker-4: Calling delphi to calculate conformer (38/678) GLU02A0711_003 in /tmp/pbe_data.data.home.granepura.5-Kinases.Kinases_MCCE.Trial01.run_holo.4WKQ_GLU02A0711_003
2026-09-22 07:33:41 - INFO: step3.py, pbe: ForkPoolWorker-2: Calling delphi to calculate conformer (39/678) GLU02A0711_004 in /tmp/pbe_data.data.home.granepura.5-Kinases.Kinases_MCCE.Trial01.run_holo.4WKQ_GLU02A0711_004
2026-09-22 07:33:41 - INFO: step3.py, pbe: ForkPoolWorker-3: Calling delphi to calculate conformer (40/678) GLU-1A0711_005 in /tmp/pbe_data.data.home.granepura.5-Kinases.Kinases_MCCE.Trial01.run_holo.4WKQ_GLU-1A0711_005
2026-09-22 07:33:41 - INFO: step3.py, pbe: Skipping PBE solver for non-charge conformer (41/678) PHE01A0712_001...
2026-09-22 07:33:41 - INFO: step3.py, pbe: ForkPoolWorker-1: Calling delphi to calculate conformer (42/678) LYS01A0713_001 in /tmp/pbe_data.data.home.granepura.5-Kinases.Kinases_MCCE.Trial01.run_holo.4WKQ_LYS01A0713_001
2026-09-22 07:33:41 - INFO: step3.py, pbe: ForkPoolWorker-5: Calling delphi to calculate conformer (43/678) LYS+1A0713_002 in /tmp/pbe_data.data.home.granepura.5-Kinases.Kinases_MCCE.Trial01.run_holo.4WKQ_LYS+1A0713_002
2026-09-22 07:33:41 - INFO: step3.py, pbe: ForkPoolWorker-4: Calling delphi to calculate conformer (44/678) LYS01A0714_001 in /tmp/pbe_data.data.home.granepura.5-Kinases.Kinases_MCCE.Trial01.run_holo.4WKQ_LYS01A0714_001
2026-09-22 07:33:45 - INFO: step3.py, pbe: ForkPoolWorker-2: Calling delphi to calculate conformer (45/678) LYS+1A0714_002 in /tmp/pbe_data.data.home.granepura.5-Kinases.Kinases_MCCE.Trial01.run_holo.4WKQ_LYS+1A0714_002
2026-09-22 07:33:45 - INFO: step3.py, pbe: Skipping PBE solver for non-charge conformer (46/678) ILE01A0715_001...
2026-09-22 07:33:45 - INFO: step3.py, pbe: ForkPoolWorker-3: Calling delphi to calculate conformer (47/678) LYS01A0716_001 in /tmp/pbe_data.data.home.granepura.5-Kinases.Kinases_MCCE.Trial01.run_holo.4WKQ_LYS01A0716_001
2026-09-22 07:33:45 - INFO: step3.py, pbe: ForkPoolWorker-1: Calling delphi to calculate conformer (48/678) LYS+1A0716_002 in /tmp/pbe_data.data.home.granepura.5-Kinases.Kinases_MCCE.Trial01.run_holo.4WKQ_LYS+1A0716_002
2026-09-22 07:33:46 - INFO: step3.py, pbe: Skipping PBE solver for non-charge conformer (49/678) VAL01A0717_001...
2026-09-22 07:33:46 - INFO: step3.py, pbe: Skipping PBE solver for non-charge conformer (50/678) LEU01A0718_001...
2026-09-22 07:33:46 - INFO: step3.py, pbe: ForkPoolWorker-5: Calling delphi to calculate conformer (51/678) SER01A0720_001 in /tmp/pbe_data.data.home.granepura.5-Kinases.Kinases_MCCE.Trial01.run_holo.4WKQ_SER01A0720_001
2026-09-22 07:33:46 - INFO: step3.py, pbe: ForkPoolWorker-4: Calling delphi to calculate conformer (52/678) SER01A0720_002 in /tmp/pbe_data.data.home.granepura.5-Kinases.Kinases_MCCE.Trial01.run_holo.4WKQ_SER01A0720_002
2026-09-22 07:33:50 - INFO: step3.py, pbe: ForkPoolWorker-2: Calling delphi to calculate conformer (53/678) THR01A0725_001 in /tmp/pbe_data.data.home.granepura.5-Kinases.Kinases_MCCE.Trial01.run_holo.4WKQ_THR01A0725_001
2026-09-22 07:33:50 - INFO: step3.py, pbe: ForkPoolWorker-3: Calling delphi to calculate conformer (54/678) THR01A0725_002 in /tmp/pbe_data.data.home.granepura.5-Kinases.Kinases_MCCE.Trial01.run_holo.4WKQ_THR01A0725_002
2026-09-22 07:33:50 - INFO: step3.py, pbe: Skipping PBE solver for non-charge conformer (55/678) VAL01A0726_001...
2026-09-22 07:33:50 - INFO: step3.py, pbe: ForkPoolWorker-1: Calling delphi to calculate conformer (56/678) TYR01A0727_001 in /tmp/pbe_data.data.home.granepura.5-Kinases.Kinases_MCCE.Trial01.run_holo.4WKQ_TYR01A0727_001
2026-09-22 07:33:50 - INFO: step3.py, pbe: ForkPoolWorker-4: Calling delphi to calculate conformer (57/678) TYR01A0727_002 in /tmp/pbe_data.data.home.granepura.5-Kinases.Kinases_MCCE.Trial01.run_holo.4WKQ_TYR01A0727_002
2026-09-22 07:33:50 - INFO: step3.py, pbe: ForkPoolWorker-5: Calling delphi to calculate conformer (58/678) TYR-1A0727_003 in /tmp/pbe_data.data.home.granepura.5-Kinases.Kinases_MCCE.Trial01.run_holo.4WKQ_TYR-1A0727_003
2026-09-22 07:33:55 - INFO: step3.py, pbe: ForkPoolWorker-3: Calling delphi to calculate conformer (59/678) LYS01A0728_001 in /tmp/pbe_data.data.home.granepura.5-Kinases.Kinases_MCCE.Trial01.run_holo.4WKQ_LYS01A0728_001
2026-09-22 07:33:55 - INFO: step3.py, pbe: ForkPoolWorker-2: Calling delphi to calculate conformer (60/678) LYS+1A0728_002 in /tmp/pbe_data.data.home.granepura.5-Kinases.Kinases_MCCE.Trial01.run_holo.4WKQ_LYS+1A0728_002
2026-09-22 07:33:55 - INFO: step3.py, pbe: Skipping PBE solver for non-charge conformer (61/678) LEU01A0730_001...
2026-09-22 07:33:55 - INFO: step3.py, pbe: Skipping PBE solver for non-charge conformer (62/678) TRP01A0731_001...
2026-09-22 07:33:55 - INFO: step3.py, pbe: Skipping PBE solver for non-charge conformer (63/678) ILE01A0732_001...
2026-09-22 07:33:55 - INFO: step3.py, pbe: Skipping PBE solver for non-charge conformer (64/678) PRO01A0733_001...
2026-09-22 07:33:55 - INFO: step3.py, pbe: ForkPoolWorker-1: Calling delphi to calculate conformer (65/678) GLU01A0734_001 in /tmp/pbe_data.data.home.granepura.5-Kinases.Kinases_MCCE.Trial01.run_holo.4WKQ_GLU01A0734_001
2026-09-22 07:33:55 - INFO: step3.py, pbe: ForkPoolWorker-4: Calling delphi to calculate conformer (66/678) GLU01A0734_002 in /tmp/pbe_data.data.home.granepura.5-Kinases.Kinases_MCCE.Trial01.run_holo.4WKQ_GLU01A0734_002
2026-09-22 07:33:55 - INFO: step3.py, pbe: ForkPoolWorker-5: Calling delphi to calculate conformer (67/678) GLU02A0734_003 in /tmp/pbe_data.data.home.granepura.5-Kinases.Kinases_MCCE.Trial01.run_holo.4WKQ_GLU02A0734_003
2026-09-22 07:33:59 - INFO: step3.py, pbe: ForkPoolWorker-3: Calling delphi to calculate conformer (68/678) GLU02A0734_004 in /tmp/pbe_data.data.home.granepura.5-Kinases.Kinases_MCCE.Trial01.run_holo.4WKQ_GLU02A0734_004
2026-09-22 07:33:59 - INFO: step3.py, pbe: ForkPoolWorker-2: Calling delphi to calculate conformer (69/678) GLU-1A0734_005 in /tmp/pbe_data.data.home.granepura.5-Kinases.Kinases_MCCE.Trial01.run_holo.4WKQ_GLU-1A0734_005
2026-09-22 07:33:59 - INFO: step3.py, pbe: ForkPoolWorker-1: Calling delphi to calculate conformer (70/678) GLU01A0736_001 in /tmp/pbe_data.data.home.granepura.5-Kinases.Kinases_MCCE.Trial01.run_holo.4WKQ_GLU01A0736_001
2026-09-22 07:33:59 - INFO: step3.py, pbe: ForkPoolWorker-4: Calling delphi to calculate conformer (71/678) GLU01A0736_002 in /tmp/pbe_data.data.home.granepura.5-Kinases.Kinases_MCCE.Trial01.run_holo.4WKQ_GLU01A0736_002
2026-09-22 07:33:59 - INFO: step3.py, pbe: ForkPoolWorker-5: Calling delphi to calculate conformer (72/678) GLU02A0736_003 in /tmp/pbe_data.data.home.granepura.5-Kinases.Kinases_MCCE.Trial01.run_holo.4WKQ_GLU02A0736_003
2026-09-22 07:34:04 - INFO: step3.py, pbe: ForkPoolWorker-3: Calling delphi to calculate conformer (73/678) GLU02A0736_004 in /tmp/pbe_data.data.home.granepura.5-Kinases.Kinases_MCCE.Trial01.run_holo.4WKQ_GLU02A0736_004
2026-09-22 07:34:04 - INFO: step3.py, pbe: ForkPoolWorker-2: Calling delphi to calculate conformer (74/678) GLU-1A0736_005 in /tmp/pbe_data.data.home.granepura.5-Kinases.Kinases_MCCE.Trial01.run_holo.4WKQ_GLU-1A0736_005
2026-09-22 07:34:04 - INFO: step3.py, pbe: ForkPoolWorker-1: Calling delphi to calculate conformer (75/678) LYS01A0737_001 in /tmp/pbe_data.data.home.granepura.5-Kinases.Kinases_MCCE.Trial01.run_holo.4WKQ_LYS01A0737_001
2026-09-22 07:34:04 - INFO: step3.py, pbe: ForkPoolWorker-4: Calling delphi to calculate conformer (76/678) LYS+1A0737_002 in /tmp/pbe_data.data.home.granepura.5-Kinases.Kinases_MCCE.Trial01.run_holo.4WKQ_LYS+1A0737_002
2026-09-22 07:34:04 - INFO: step3.py, pbe: Skipping PBE solver for non-charge conformer (77/678) VAL01A0738_001...
2026-09-22 07:34:04 - INFO: step3.py, pbe: ForkPoolWorker-5: Calling delphi to calculate conformer (78/678) LYS01A0739_001 in /tmp/pbe_data.data.home.granepura.5-Kinases.Kinases_MCCE.Trial01.run_holo.4WKQ_LYS01A0739_001
2026-09-22 07:34:08 - INFO: step3.py, pbe: ForkPoolWorker-3: Calling delphi to calculate conformer (79/678) LYS+1A0739_002 in /tmp/pbe_data.data.home.granepura.5-Kinases.Kinases_MCCE.Trial01.run_holo.4WKQ_LYS+1A0739_002
2026-09-22 07:34:09 - INFO: step3.py, pbe: Skipping PBE solver for non-charge conformer (81/678) PRO01A0741_001...
2026-09-22 07:34:09 - INFO: step3.py, pbe: Skipping PBE solver for non-charge conformer (82/678) VAL01A0742_001...
2026-09-22 07:34:09 - INFO: step3.py, pbe: Skipping PBE solver for non-charge conformer (80/678) ILE01A0740_001...
2026-09-22 07:34:09 - INFO: step3.py, pbe: Skipping PBE solver for non-charge conformer (83/678) ALA01A0743_001...
2026-09-22 07:34:09 - INFO: step3.py, pbe: Skipping PBE solver for non-charge conformer (84/678) ILE01A0744_001...
2026-09-22 07:34:09 - INFO: step3.py, pbe: ForkPoolWorker-1: Calling delphi to calculate conformer (86/678) LYS+1A0745_002 in /tmp/pbe_data.data.home.granepura.5-Kinases.Kinases_MCCE.Trial01.run_holo.4WKQ_LYS+1A0745_002
2026-09-22 07:34:09 - INFO: step3.py, pbe: ForkPoolWorker-4: Calling delphi to calculate conformer (87/678) GLU01A0746_001 in /tmp/pbe_data.data.home.granepura.5-Kinases.Kinases_MCCE.Trial01.run_holo.4WKQ_GLU01A0746_001
2026-09-22 07:34:09 - INFO: step3.py, pbe: ForkPoolWorker-2: Calling delphi to calculate conformer (85/678) LYS01A0745_001 in /tmp/pbe_data.data.home.granepura.5-Kinases.Kinases_MCCE.Trial01.run_holo.4WKQ_LYS01A0745_001
2026-09-22 07:34:09 - INFO: step3.py, pbe: ForkPoolWorker-5: Calling delphi to calculate conformer (88/678) GLU01A0746_002 in /tmp/pbe_data.data.home.granepura.5-Kinases.Kinases_MCCE.Trial01.run_holo.4WKQ_GLU01A0746_002
2026-09-22 07:34:13 - INFO: step3.py, pbe: ForkPoolWorker-3: Calling delphi to calculate conformer (89/678) GLU01A0746_003 in /tmp/pbe_data.data.home.granepura.5-Kinases.Kinases_MCCE.Trial01.run_holo.4WKQ_GLU01A0746_003
2026-09-22 07:34:13 - INFO: step3.py, pbe: ForkPoolWorker-4: Calling delphi to calculate conformer (90/678) GLU01A0746_004 in /tmp/pbe_data.data.home.granepura.5-Kinases.Kinases_MCCE.Trial01.run_holo.4WKQ_GLU01A0746_004
2026-09-22 07:34:13 - INFO: step3.py, pbe: ForkPoolWorker-1: Calling delphi to calculate conformer (91/678) GLU02A0746_005 in /tmp/pbe_data.data.home.granepura.5-Kinases.Kinases_MCCE.Trial01.run_holo.4WKQ_GLU02A0746_005
2026-09-22 07:34:13 - INFO: step3.py, pbe: ForkPoolWorker-2: Calling delphi to calculate conformer (92/678) GLU02A0746_006 in /tmp/pbe_data.data.home.granepura.5-Kinases.Kinases_MCCE.Trial01.run_holo.4WKQ_GLU02A0746_006
2026-09-22 07:34:13 - INFO: step3.py, pbe: ForkPoolWorker-5: Calling delphi to calculate conformer (93/678) GLU02A0746_007 in /tmp/pbe_data.data.home.granepura.5-Kinases.Kinases_MCCE.Trial01.run_holo.4WKQ_GLU02A0746_007
2026-09-22 07:34:18 - INFO: step3.py, pbe: ForkPoolWorker-3: Calling delphi to calculate conformer (94/678) GLU02A0746_008 in /tmp/pbe_data.data.home.granepura.5-Kinases.Kinases_MCCE.Trial01.run_holo.4WKQ_GLU02A0746_008
2026-09-22 07:34:18 - INFO: step3.py, pbe: ForkPoolWorker-4: Calling delphi to calculate conformer (95/678) GLU-1A0746_009 in /tmp/pbe_data.data.home.granepura.5-Kinases.Kinases_MCCE.Trial01.run_holo.4WKQ_GLU-1A0746_009
2026-09-22 07:34:18 - INFO: step3.py, pbe: ForkPoolWorker-2: Calling delphi to calculate conformer (96/678) SER01A0752_001 in /tmp/pbe_data.data.home.granepura.5-Kinases.Kinases_MCCE.Trial01.run_holo.4WKQ_SER01A0752_001
2026-09-22 07:34:18 - INFO: step3.py, pbe: ForkPoolWorker-1: Calling delphi to calculate conformer (97/678) SER01A0752_002 in /tmp/pbe_data.data.home.granepura.5-Kinases.Kinases_MCCE.Trial01.run_holo.4WKQ_SER01A0752_002
2026-09-22 07:34:18 - INFO: step3.py, pbe: Skipping PBE solver for non-charge conformer (98/678) PRO01A0753_001...
2026-09-22 07:34:18 - INFO: step3.py, pbe: ForkPoolWorker-5: Calling delphi to calculate conformer (99/678) LYS01A0754_001 in /tmp/pbe_data.data.home.granepura.5-Kinases.Kinases_MCCE.Trial01.run_holo.4WKQ_LYS01A0754_001
2026-09-22 07:34:22 - INFO: step3.py, pbe: ForkPoolWorker-3: Calling delphi to calculate conformer (100/678) LYS+1A0754_002 in /tmp/pbe_data.data.home.granepura.5-Kinases.Kinases_MCCE.Trial01.run_holo.4WKQ_LYS+1A0754_002
2026-09-22 07:34:22 - INFO: step3.py, pbe: Skipping PBE solver for non-charge conformer (101/678) ALA01A0755_001...
2026-09-22 07:34:22 - INFO: step3.py, pbe: ForkPoolWorker-4: Calling delphi to calculate conformer (102/678) ASN01A0756_001 in /tmp/pbe_data.data.home.granepura.5-Kinases.Kinases_MCCE.Trial01.run_holo.4WKQ_ASN01A0756_001
2026-09-22 07:34:22 - INFO: step3.py, pbe: ForkPoolWorker-1: Calling delphi to calculate conformer (103/678) LYS01A0757_001 in /tmp/pbe_data.data.home.granepura.5-Kinases.Kinases_MCCE.Trial01.run_holo.4WKQ_LYS01A0757_001
2026-09-22 07:34:22 - INFO: step3.py, pbe: ForkPoolWorker-2: Calling delphi to calculate conformer (104/678) LYS+1A0757_002 in /tmp/pbe_data.data.home.granepura.5-Kinases.Kinases_MCCE.Trial01.run_holo.4WKQ_LYS+1A0757_002
2026-09-22 07:34:22 - INFO: step3.py, pbe: ForkPoolWorker-5: Calling delphi to calculate conformer (105/678) GLU01A0758_001 in /tmp/pbe_data.data.home.granepura.5-Kinases.Kinases_MCCE.Trial01.run_holo.4WKQ_GLU01A0758_001
2026-09-22 07:34:27 - INFO: step3.py, pbe: ForkPoolWorker-3: Calling delphi to calculate conformer (106/678) GLU01A0758_002 in /tmp/pbe_data.data.home.granepura.5-Kinases.Kinases_MCCE.Trial01.run_holo.4WKQ_GLU01A0758_002
2026-09-22 07:34:27 - INFO: step3.py, pbe: ForkPoolWorker-1: Calling delphi to calculate conformer (107/678) GLU02A0758_003 in /tmp/pbe_data.data.home.granepura.5-Kinases.Kinases_MCCE.Trial01.run_holo.4WKQ_GLU02A0758_003
2026-09-22 07:34:27 - INFO: step3.py, pbe: ForkPoolWorker-2: Calling delphi to calculate conformer (108/678) GLU02A0758_004 in /tmp/pbe_data.data.home.granepura.5-Kinases.Kinases_MCCE.Trial01.run_holo.4WKQ_GLU02A0758_004
2026-09-22 07:34:27 - INFO: step3.py, pbe: ForkPoolWorker-4: Calling delphi to calculate conformer (109/678) GLU-1A0758_005 in /tmp/pbe_data.data.home.granepura.5-Kinases.Kinases_MCCE.Trial01.run_holo.4WKQ_GLU-1A0758_005
2026-09-22 07:34:27 - INFO: step3.py, pbe: Skipping PBE solver for non-charge conformer (110/678) ILE01A0759_001...
2026-09-22 07:34:27 - INFO: step3.py, pbe: Skipping PBE solver for non-charge conformer (111/678) LEU01A0760_001...
2026-09-22 07:34:27 - INFO: step3.py, pbe: ForkPoolWorker-5: Calling delphi to calculate conformer (112/678) ASP01A0761_001 in /tmp/pbe_data.data.home.granepura.5-Kinases.Kinases_MCCE.Trial01.run_holo.4WKQ_ASP01A0761_001
2026-09-22 07:34:31 - INFO: step3.py, pbe: ForkPoolWorker-3: Calling delphi to calculate conformer (113/678) ASP01A0761_002 in /tmp/pbe_data.data.home.granepura.5-Kinases.Kinases_MCCE.Trial01.run_holo.4WKQ_ASP01A0761_002
2026-09-22 07:34:32 - INFO: step3.py, pbe: ForkPoolWorker-1: Calling delphi to calculate conformer (114/678) ASP02A0761_003 in /tmp/pbe_data.data.home.granepura.5-Kinases.Kinases_MCCE.Trial01.run_holo.4WKQ_ASP02A0761_003
2026-09-22 07:34:32 - INFO: step3.py, pbe: ForkPoolWorker-2: Calling delphi to calculate conformer (115/678) ASP02A0761_004 in /tmp/pbe_data.data.home.granepura.5-Kinases.Kinases_MCCE.Trial01.run_holo.4WKQ_ASP02A0761_004
2026-09-22 07:34:32 - INFO: step3.py, pbe: ForkPoolWorker-4: Calling delphi to calculate conformer (116/678) ASP-1A0761_005 in /tmp/pbe_data.data.home.granepura.5-Kinases.Kinases_MCCE.Trial01.run_holo.4WKQ_ASP-1A0761_005
2026-09-22 07:34:32 - INFO: step3.py, pbe: ForkPoolWorker-5: Calling delphi to calculate conformer (117/678) GLU01A0762_001 in /tmp/pbe_data.data.home.granepura.5-Kinases.Kinases_MCCE.Trial01.run_holo.4WKQ_GLU01A0762_001
2026-09-22 07:34:36 - INFO: step3.py, pbe: ForkPoolWorker-3: Calling delphi to calculate conformer (118/678) GLU01A0762_002 in /tmp/pbe_data.data.home.granepura.5-Kinases.Kinases_MCCE.Trial01.run_holo.4WKQ_GLU01A0762_002
2026-09-22 07:34:36 - INFO: step3.py, pbe: ForkPoolWorker-2: Calling delphi to calculate conformer (119/678) GLU01A0762_003 in /tmp/pbe_data.data.home.granepura.5-Kinases.Kinases_MCCE.Trial01.run_holo.4WKQ_GLU01A0762_003
2026-09-22 07:34:36 - INFO: step3.py, pbe: ForkPoolWorker-1: Calling delphi to calculate conformer (120/678) GLU01A0762_004 in /tmp/pbe_data.data.home.granepura.5-Kinases.Kinases_MCCE.Trial01.run_holo.4WKQ_GLU01A0762_004
2026-09-22 07:34:36 - INFO: step3.py, pbe: ForkPoolWorker-4: Calling delphi to calculate conformer (121/678) GLU02A0762_005 in /tmp/pbe_data.data.home.granepura.5-Kinases.Kinases_MCCE.Trial01.run_holo.4WKQ_GLU02A0762_005
2026-09-22 07:34:36 - INFO: step3.py, pbe: ForkPoolWorker-5: Calling delphi to calculate conformer (122/678) GLU02A0762_006 in /tmp/pbe_data.data.home.granepura.5-Kinases.Kinases_MCCE.Trial01.run_holo.4WKQ_GLU02A0762_006
2026-09-22 07:34:41 - INFO: step3.py, pbe: ForkPoolWorker-3: Calling delphi to calculate conformer (123/678) GLU02A0762_007 in /tmp/pbe_data.data.home.granepura.5-Kinases.Kinases_MCCE.Trial01.run_holo.4WKQ_GLU02A0762_007
2026-09-22 07:34:41 - INFO: step3.py, pbe: ForkPoolWorker-2: Calling delphi to calculate conformer (124/678) GLU02A0762_008 in /tmp/pbe_data.data.home.granepura.5-Kinases.Kinases_MCCE.Trial01.run_holo.4WKQ_GLU02A0762_008
2026-09-22 07:34:41 - INFO: step3.py, pbe: ForkPoolWorker-1: Calling delphi to calculate conformer (125/678) GLU-1A0762_009 in /tmp/pbe_data.data.home.granepura.5-Kinases.Kinases_MCCE.Trial01.run_holo.4WKQ_GLU-1A0762_009
2026-09-22 07:34:41 - INFO: step3.py, pbe: ForkPoolWorker-4: Calling delphi to calculate conformer (126/678) GLU-1A0762_010 in /tmp/pbe_data.data.home.granepura.5-Kinases.Kinases_MCCE.Trial01.run_holo.4WKQ_GLU-1A0762_010
2026-09-22 07:34:41 - INFO: step3.py, pbe: Skipping PBE solver for non-charge conformer (127/678) ALA01A0763_001...
2026-09-22 07:34:41 - INFO: step3.py, pbe: ForkPoolWorker-5: Calling delphi to calculate conformer (128/678) TYR01A0764_001 in /tmp/pbe_data.data.home.granepura.5-Kinases.Kinases_MCCE.Trial01.run_holo.4WKQ_TYR01A0764_001
2026-09-22 07:34:45 - INFO: step3.py, pbe: ForkPoolWorker-3: Calling delphi to calculate conformer (129/678) TYR01A0764_002 in /tmp/pbe_data.data.home.granepura.5-Kinases.Kinases_MCCE.Trial01.run_holo.4WKQ_TYR01A0764_002
2026-09-22 07:34:45 - INFO: step3.py, pbe: ForkPoolWorker-1: Calling delphi to calculate conformer (131/678) TYR-1A0764_004 in /tmp/pbe_data.data.home.granepura.5-Kinases.Kinases_MCCE.Trial01.run_holo.4WKQ_TYR-1A0764_004
2026-09-22 07:34:46 - INFO: step3.py, pbe: ForkPoolWorker-2: Calling delphi to calculate conformer (130/678) TYR01A0764_003 in /tmp/pbe_data.data.home.granepura.5-Kinases.Kinases_MCCE.Trial01.run_holo.4WKQ_TYR01A0764_003
2026-09-22 07:34:46 - INFO: step3.py, pbe: ForkPoolWorker-4: Calling delphi to calculate conformer (132/678) TYR-1A0764_005 in /tmp/pbe_data.data.home.granepura.5-Kinases.Kinases_MCCE.Trial01.run_holo.4WKQ_TYR-1A0764_005
2026-09-22 07:34:46 - INFO: step3.py, pbe: Skipping PBE solver for non-charge conformer (133/678) VAL01A0765_001...
2026-09-22 07:34:46 - INFO: step3.py, pbe: ForkPoolWorker-5: Calling delphi to calculate conformer (134/678) MET01A0766_001 in /tmp/pbe_data.data.home.granepura.5-Kinases.Kinases_MCCE.Trial01.run_holo.4WKQ_MET01A0766_001
2026-09-22 07:34:50 - INFO: step3.py, pbe: Skipping PBE solver for non-charge conformer (135/678) ALA01A0767_001...
2026-09-22 07:34:50 - INFO: step3.py, pbe: ForkPoolWorker-3: Calling delphi to calculate conformer (136/678) SER01A0768_001 in /tmp/pbe_data.data.home.granepura.5-Kinases.Kinases_MCCE.Trial01.run_holo.4WKQ_SER01A0768_001
2026-09-22 07:34:50 - INFO: step3.py, pbe: ForkPoolWorker-2: Calling delphi to calculate conformer (137/678) SER01A0768_002 in /tmp/pbe_data.data.home.granepura.5-Kinases.Kinases_MCCE.Trial01.run_holo.4WKQ_SER01A0768_002
2026-09-22 07:34:50 - INFO: step3.py, pbe: ForkPoolWorker-1: Calling delphi to calculate conformer (138/678) SER01A0768_003 in /tmp/pbe_data.data.home.granepura.5-Kinases.Kinases_MCCE.Trial01.run_holo.4WKQ_SER01A0768_003
2026-09-22 07:34:50 - INFO: step3.py, pbe: ForkPoolWorker-4: Calling delphi to calculate conformer (139/678) SER01A0768_004 in /tmp/pbe_data.data.home.granepura.5-Kinases.Kinases_MCCE.Trial01.run_holo.4WKQ_SER01A0768_004
2026-09-22 07:34:50 - INFO: step3.py, pbe: ForkPoolWorker-5: Calling delphi to calculate conformer (140/678) SER01A0768_005 in /tmp/pbe_data.data.home.granepura.5-Kinases.Kinases_MCCE.Trial01.run_holo.4WKQ_SER01A0768_005
2026-09-22 07:34:55 - INFO: step3.py, pbe: ForkPoolWorker-3: Calling delphi to calculate conformer (141/678) SER01A0768_006 in /tmp/pbe_data.data.home.granepura.5-Kinases.Kinases_MCCE.Trial01.run_holo.4WKQ_SER01A0768_006
2026-09-22 07:34:55 - INFO: step3.py, pbe: Skipping PBE solver for non-charge conformer (142/678) VAL01A0769_001...
2026-09-22 07:34:55 - INFO: step3.py, pbe: ForkPoolWorker-2: Calling delphi to calculate conformer (143/678) ASP01A0770_001 in /tmp/pbe_data.data.home.granepura.5-Kinases.Kinases_MCCE.Trial01.run_holo.4WKQ_ASP01A0770_001
2026-09-22 07:34:55 - INFO: step3.py, pbe: ForkPoolWorker-1: Calling delphi to calculate conformer (144/678) ASP01A0770_002 in /tmp/pbe_data.data.home.granepura.5-Kinases.Kinases_MCCE.Trial01.run_holo.4WKQ_ASP01A0770_002
2026-09-22 07:34:55 - INFO: step3.py, pbe: ForkPoolWorker-4: Calling delphi to calculate conformer (145/678) ASP02A0770_003 in /tmp/pbe_data.data.home.granepura.5-Kinases.Kinases_MCCE.Trial01.run_holo.4WKQ_ASP02A0770_003
2026-09-22 07:34:55 - INFO: step3.py, pbe: ForkPoolWorker-5: Calling delphi to calculate conformer (146/678) ASP02A0770_004 in /tmp/pbe_data.data.home.granepura.5-Kinases.Kinases_MCCE.Trial01.run_holo.4WKQ_ASP02A0770_004
2026-09-22 07:34:59 - INFO: step3.py, pbe: ForkPoolWorker-3: Calling delphi to calculate conformer (147/678) ASP-1A0770_005 in /tmp/pbe_data.data.home.granepura.5-Kinases.Kinases_MCCE.Trial01.run_holo.4WKQ_ASP-1A0770_005
2026-09-22 07:34:59 - INFO: step3.py, pbe: ForkPoolWorker-2: Calling delphi to calculate conformer (148/678) ASN01A0771_001 in /tmp/pbe_data.data.home.granepura.5-Kinases.Kinases_MCCE.Trial01.run_holo.4WKQ_ASN01A0771_001
2026-09-22 07:34:59 - INFO: step3.py, pbe: ForkPoolWorker-1: Calling delphi to calculate conformer (149/678) ASN01A0771_002 in /tmp/pbe_data.data.home.granepura.5-Kinases.Kinases_MCCE.Trial01.run_holo.4WKQ_ASN01A0771_002
2026-09-22 07:35:00 - INFO: step3.py, pbe: Skipping PBE solver for non-charge conformer (150/678) PRO01A0772_001...
2026-09-22 07:35:00 - INFO: step3.py, pbe: ForkPoolWorker-4: Calling delphi to calculate conformer (151/678) HIS01A0773_001 in /tmp/pbe_data.data.home.granepura.5-Kinases.Kinases_MCCE.Trial01.run_holo.4WKQ_HIS01A0773_001
2026-09-22 07:35:00 - INFO: step3.py, pbe: ForkPoolWorker-5: Calling delphi to calculate conformer (152/678) HIS01A0773_002 in /tmp/pbe_data.data.home.granepura.5-Kinases.Kinases_MCCE.Trial01.run_holo.4WKQ_HIS01A0773_002
2026-09-22 07:35:04 - INFO: step3.py, pbe: ForkPoolWorker-3: Calling delphi to calculate conformer (153/678) HIS02A0773_003 in /tmp/pbe_data.data.home.granepura.5-Kinases.Kinases_MCCE.Trial01.run_holo.4WKQ_HIS02A0773_003
2026-09-22 07:35:04 - INFO: step3.py, pbe: ForkPoolWorker-2: Calling delphi to calculate conformer (154/678) HIS02A0773_004 in /tmp/pbe_data.data.home.granepura.5-Kinases.Kinases_MCCE.Trial01.run_holo.4WKQ_HIS02A0773_004
2026-09-22 07:35:04 - INFO: step3.py, pbe: ForkPoolWorker-1: Calling delphi to calculate conformer (155/678) HIS+1A0773_005 in /tmp/pbe_data.data.home.granepura.5-Kinases.Kinases_MCCE.Trial01.run_holo.4WKQ_HIS+1A0773_005
2026-09-22 07:35:04 - INFO: step3.py, pbe: ForkPoolWorker-4: Calling delphi to calculate conformer (156/678) HIS+1A0773_006 in /tmp/pbe_data.data.home.granepura.5-Kinases.Kinases_MCCE.Trial01.run_holo.4WKQ_HIS+1A0773_006
2026-09-22 07:35:04 - INFO: step3.py, pbe: Skipping PBE solver for non-charge conformer (157/678) VAL01A0774_001...
2026-09-22 07:35:04 - INFO: step3.py, pbe: ForkPoolWorker-5: Calling delphi to calculate conformer (158/678) CYS01A0775_001 in /tmp/pbe_data.data.home.granepura.5-Kinases.Kinases_MCCE.Trial01.run_holo.4WKQ_CYS01A0775_001
2026-09-22 07:35:09 - INFO: step3.py, pbe: ForkPoolWorker-3: Calling delphi to calculate conformer (159/678) CYS01A0775_002 in /tmp/pbe_data.data.home.granepura.5-Kinases.Kinases_MCCE.Trial01.run_holo.4WKQ_CYS01A0775_002
2026-09-22 07:35:09 - INFO: step3.py, pbe: ForkPoolWorker-2: Calling delphi to calculate conformer (160/678) CYS01A0775_003 in /tmp/pbe_data.data.home.granepura.5-Kinases.Kinases_MCCE.Trial01.run_holo.4WKQ_CYS01A0775_003
2026-09-22 07:35:09 - INFO: step3.py, pbe: ForkPoolWorker-1: Calling delphi to calculate conformer (161/678) CYS-1A0775_004 in /tmp/pbe_data.data.home.granepura.5-Kinases.Kinases_MCCE.Trial01.run_holo.4WKQ_CYS-1A0775_004
2026-09-22 07:35:09 - INFO: step3.py, pbe: ForkPoolWorker-4: Calling delphi to calculate conformer (162/678) ARG01A0776_001 in /tmp/pbe_data.data.home.granepura.5-Kinases.Kinases_MCCE.Trial01.run_holo.4WKQ_ARG01A0776_001
2026-09-22 07:35:09 - INFO: step3.py, pbe: ForkPoolWorker-5: Calling delphi to calculate conformer (163/678) ARG01A0776_002 in /tmp/pbe_data.data.home.granepura.5-Kinases.Kinases_MCCE.Trial01.run_holo.4WKQ_ARG01A0776_002
2026-09-22 07:35:13 - INFO: step3.py, pbe: ForkPoolWorker-3: Calling delphi to calculate conformer (164/678) ARG02A0776_003 in /tmp/pbe_data.data.home.granepura.5-Kinases.Kinases_MCCE.Trial01.run_holo.4WKQ_ARG02A0776_003
2026-09-22 07:35:13 - INFO: step3.py, pbe: ForkPoolWorker-2: Calling delphi to calculate conformer (165/678) ARG02A0776_004 in /tmp/pbe_data.data.home.granepura.5-Kinases.Kinases_MCCE.Trial01.run_holo.4WKQ_ARG02A0776_004
2026-09-22 07:35:13 - INFO: step3.py, pbe: ForkPoolWorker-1: Calling delphi to calculate conformer (167/678) ARG03A0776_006 in /tmp/pbe_data.data.home.granepura.5-Kinases.Kinases_MCCE.Trial01.run_holo.4WKQ_ARG03A0776_006
2026-09-22 07:35:13 - INFO: step3.py, pbe: ForkPoolWorker-4: Calling delphi to calculate conformer (166/678) ARG03A0776_005 in /tmp/pbe_data.data.home.granepura.5-Kinases.Kinases_MCCE.Trial01.run_holo.4WKQ_ARG03A0776_005
2026-09-22 07:35:14 - INFO: step3.py, pbe: ForkPoolWorker-5: Calling delphi to calculate conformer (168/678) ARG+1A0776_007 in /tmp/pbe_data.data.home.granepura.5-Kinases.Kinases_MCCE.Trial01.run_holo.4WKQ_ARG+1A0776_007
2026-09-22 07:35:18 - INFO: step3.py, pbe: ForkPoolWorker-3: Calling delphi to calculate conformer (169/678) ARG+1A0776_008 in /tmp/pbe_data.data.home.granepura.5-Kinases.Kinases_MCCE.Trial01.run_holo.4WKQ_ARG+1A0776_008
2026-09-22 07:35:18 - INFO: step3.py, pbe: Skipping PBE solver for non-charge conformer (170/678) LEU01A0777_001...
2026-09-22 07:35:18 - INFO: step3.py, pbe: Skipping PBE solver for non-charge conformer (171/678) LEU01A0778_001...
2026-09-22 07:35:18 - INFO: step3.py, pbe: Skipping PBE solver for non-charge conformer (172/678) ILE01A0780_001...
2026-09-22 07:35:18 - INFO: step3.py, pbe: ForkPoolWorker-1: Calling delphi to calculate conformer (173/678) CYS01A0781_001 in /tmp/pbe_data.data.home.granepura.5-Kinases.Kinases_MCCE.Trial01.run_holo.4WKQ_CYS01A0781_001
2026-09-22 07:35:18 - INFO: step3.py, pbe: ForkPoolWorker-2: Calling delphi to calculate conformer (174/678) CYS01A0781_002 in /tmp/pbe_data.data.home.granepura.5-Kinases.Kinases_MCCE.Trial01.run_holo.4WKQ_CYS01A0781_002
2026-09-22 07:35:18 - INFO: step3.py, pbe: ForkPoolWorker-4: Calling delphi to calculate conformer (175/678) CYS01A0781_003 in /tmp/pbe_data.data.home.granepura.5-Kinases.Kinases_MCCE.Trial01.run_holo.4WKQ_CYS01A0781_003
2026-09-22 07:35:18 - INFO: step3.py, pbe: ForkPoolWorker-5: Calling delphi to calculate conformer (176/678) CYS-1A0781_004 in /tmp/pbe_data.data.home.granepura.5-Kinases.Kinases_MCCE.Trial01.run_holo.4WKQ_CYS-1A0781_004
2026-09-22 07:35:23 - INFO: step3.py, pbe: Skipping PBE solver for non-charge conformer (177/678) LEU01A0782_001...
2026-09-22 07:35:23 - INFO: step3.py, pbe: ForkPoolWorker-3: Calling delphi to calculate conformer (178/678) THR01A0783_001 in /tmp/pbe_data.data.home.granepura.5-Kinases.Kinases_MCCE.Trial01.run_holo.4WKQ_THR01A0783_001
2026-09-22 07:35:23 - INFO: step3.py, pbe: ForkPoolWorker-1: Calling delphi to calculate conformer (179/678) THR01A0783_002 in /tmp/pbe_data.data.home.granepura.5-Kinases.Kinases_MCCE.Trial01.run_holo.4WKQ_THR01A0783_002
2026-09-22 07:35:23 - INFO: step3.py, pbe: ForkPoolWorker-4: Calling delphi to calculate conformer (180/678) THR01A0783_003 in /tmp/pbe_data.data.home.granepura.5-Kinases.Kinases_MCCE.Trial01.run_holo.4WKQ_THR01A0783_003
2026-09-22 07:35:23 - INFO: step3.py, pbe: ForkPoolWorker-2: Calling delphi to calculate conformer (181/678) THR01A0783_004 in /tmp/pbe_data.data.home.granepura.5-Kinases.Kinases_MCCE.Trial01.run_holo.4WKQ_THR01A0783_004
2026-09-22 07:35:23 - INFO: step3.py, pbe: ForkPoolWorker-5: Calling delphi to calculate conformer (182/678) THR01A0783_005 in /tmp/pbe_data.data.home.granepura.5-Kinases.Kinases_MCCE.Trial01.run_holo.4WKQ_THR01A0783_005
2026-09-22 07:35:27 - INFO: step3.py, pbe: ForkPoolWorker-3: Calling delphi to calculate conformer (183/678) SER01A0784_001 in /tmp/pbe_data.data.home.granepura.5-Kinases.Kinases_MCCE.Trial01.run_holo.4WKQ_SER01A0784_001
2026-09-22 07:35:27 - INFO: step3.py, pbe: ForkPoolWorker-1: Calling delphi to calculate conformer (185/678) THR01A0785_002 in /tmp/pbe_data.data.home.granepura.5-Kinases.Kinases_MCCE.Trial01.run_holo.4WKQ_THR01A0785_002
2026-09-22 07:35:27 - INFO: step3.py, pbe: ForkPoolWorker-2: Calling delphi to calculate conformer (184/678) THR01A0785_001 in /tmp/pbe_data.data.home.granepura.5-Kinases.Kinases_MCCE.Trial01.run_holo.4WKQ_THR01A0785_001
2026-09-22 07:35:27 - INFO: step3.py, pbe: Skipping PBE solver for non-charge conformer (186/678) VAL01A0786_001...
2026-09-22 07:35:27 - INFO: step3.py, pbe: ForkPoolWorker-4: Calling delphi to calculate conformer (187/678) GLN01A0787_001 in /tmp/pbe_data.data.home.granepura.5-Kinases.Kinases_MCCE.Trial01.run_holo.4WKQ_GLN01A0787_001
2026-09-22 07:35:28 - INFO: step3.py, pbe: ForkPoolWorker-5: Calling delphi to calculate conformer (188/678) GLN01A0787_002 in /tmp/pbe_data.data.home.granepura.5-Kinases.Kinases_MCCE.Trial01.run_holo.4WKQ_GLN01A0787_002
2026-09-22 07:35:32 - INFO: step3.py, pbe: Skipping PBE solver for non-charge conformer (189/678) LEU01A0788_001...
2026-09-22 07:35:32 - INFO: step3.py, pbe: Skipping PBE solver for non-charge conformer (190/678) ILE01A0789_001...
2026-09-22 07:35:32 - INFO: step3.py, pbe: ForkPoolWorker-3: Calling delphi to calculate conformer (191/678) THR01A0790_001 in /tmp/pbe_data.data.home.granepura.5-Kinases.Kinases_MCCE.Trial01.run_holo.4WKQ_THR01A0790_001
2026-09-22 07:35:32 - INFO: step3.py, pbe: ForkPoolWorker-1: Calling delphi to calculate conformer (192/678) THR01A0790_002 in /tmp/pbe_data.data.home.granepura.5-Kinases.Kinases_MCCE.Trial01.run_holo.4WKQ_THR01A0790_002
2026-09-22 07:35:32 - INFO: step3.py, pbe: ForkPoolWorker-2: Calling delphi to calculate conformer (193/678) GLN01A0791_001 in /tmp/pbe_data.data.home.granepura.5-Kinases.Kinases_MCCE.Trial01.run_holo.4WKQ_GLN01A0791_001
2026-09-22 07:35:32 - INFO: step3.py, pbe: ForkPoolWorker-4: Calling delphi to calculate conformer (194/678) GLN01A0791_002 in /tmp/pbe_data.data.home.granepura.5-Kinases.Kinases_MCCE.Trial01.run_holo.4WKQ_GLN01A0791_002
2026-09-22 07:35:32 - INFO: step3.py, pbe: ForkPoolWorker-5: Calling delphi to calculate conformer (195/678) GLN01A0791_003 in /tmp/pbe_data.data.home.granepura.5-Kinases.Kinases_MCCE.Trial01.run_holo.4WKQ_GLN01A0791_003
2026-09-22 07:35:37 - INFO: step3.py, pbe: ForkPoolWorker-1: Calling delphi to calculate conformer (197/678) MET01A0793_001 in /tmp/pbe_data.data.home.granepura.5-Kinases.Kinases_MCCE.Trial01.run_holo.4WKQ_MET01A0793_001
2026-09-22 07:35:37 - INFO: step3.py, pbe: Skipping PBE solver for non-charge conformer (196/678) LEU01A0792_001...
2026-09-22 07:35:37 - INFO: step3.py, pbe: Skipping PBE solver for non-charge conformer (198/678) PRO01A0794_001...
2026-09-22 07:35:37 - INFO: step3.py, pbe: Skipping PBE solver for non-charge conformer (199/678) PHE01A0795_001...
2026-09-22 07:35:37 - INFO: step3.py, pbe: Skipping PBE solver for non-charge conformer (200/678) LEU01A0798_001...
2026-09-22 07:35:37 - INFO: step3.py, pbe: Skipping PBE solver for non-charge conformer (201/678) LEU01A0799_001...
2026-09-22 07:35:37 - INFO: step3.py, pbe: ForkPoolWorker-3: Calling delphi to calculate conformer (202/678) ASP01A0800_001 in /tmp/pbe_data.data.home.granepura.5-Kinases.Kinases_MCCE.Trial01.run_holo.4WKQ_ASP01A0800_001
2026-09-22 07:35:37 - INFO: step3.py, pbe: ForkPoolWorker-2: Calling delphi to calculate conformer (203/678) ASP01A0800_002 in /tmp/pbe_data.data.home.granepura.5-Kinases.Kinases_MCCE.Trial01.run_holo.4WKQ_ASP01A0800_002
2026-09-22 07:35:37 - INFO: step3.py, pbe: ForkPoolWorker-4: Calling delphi to calculate conformer (204/678) ASP02A0800_003 in /tmp/pbe_data.data.home.granepura.5-Kinases.Kinases_MCCE.Trial01.run_holo.4WKQ_ASP02A0800_003
2026-09-22 07:35:37 - INFO: step3.py, pbe: ForkPoolWorker-5: Calling delphi to calculate conformer (205/678) ASP02A0800_004 in /tmp/pbe_data.data.home.granepura.5-Kinases.Kinases_MCCE.Trial01.run_holo.4WKQ_ASP02A0800_004
2026-09-22 07:35:41 - INFO: step3.py, pbe: ForkPoolWorker-1: Calling delphi to calculate conformer (206/678) ASP-1A0800_005 in /tmp/pbe_data.data.home.granepura.5-Kinases.Kinases_MCCE.Trial01.run_holo.4WKQ_ASP-1A0800_005
2026-09-22 07:35:41 - INFO: step3.py, pbe: ForkPoolWorker-2: Calling delphi to calculate conformer (207/678) TYR01A0801_001 in /tmp/pbe_data.data.home.granepura.5-Kinases.Kinases_MCCE.Trial01.run_holo.4WKQ_TYR01A0801_001
2026-09-22 07:35:41 - INFO: step3.py, pbe: ForkPoolWorker-3: Calling delphi to calculate conformer (208/678) TYR-1A0801_002 in /tmp/pbe_data.data.home.granepura.5-Kinases.Kinases_MCCE.Trial01.run_holo.4WKQ_TYR-1A0801_002
2026-09-22 07:35:41 - INFO: step3.py, pbe: Skipping PBE solver for non-charge conformer (209/678) VAL01A0802_001...
2026-09-22 07:35:41 - INFO: step3.py, pbe: ForkPoolWorker-4: Calling delphi to calculate conformer (210/678) ARG01A0803_001 in /tmp/pbe_data.data.home.granepura.5-Kinases.Kinases_MCCE.Trial01.run_holo.4WKQ_ARG01A0803_001
2026-09-22 07:35:42 - INFO: step3.py, pbe: ForkPoolWorker-5: Calling delphi to calculate conformer (211/678) ARG02A0803_002 in /tmp/pbe_data.data.home.granepura.5-Kinases.Kinases_MCCE.Trial01.run_holo.4WKQ_ARG02A0803_002
2026-09-22 07:35:46 - INFO: step3.py, pbe: ForkPoolWorker-1: Calling delphi to calculate conformer (212/678) ARG03A0803_003 in /tmp/pbe_data.data.home.granepura.5-Kinases.Kinases_MCCE.Trial01.run_holo.4WKQ_ARG03A0803_003
2026-09-22 07:35:46 - INFO: step3.py, pbe: ForkPoolWorker-2: Calling delphi to calculate conformer (213/678) ARG+1A0803_004 in /tmp/pbe_data.data.home.granepura.5-Kinases.Kinases_MCCE.Trial01.run_holo.4WKQ_ARG+1A0803_004
2026-09-22 07:35:46 - INFO: step3.py, pbe: ForkPoolWorker-3: Calling delphi to calculate conformer (214/678) GLU01A0804_001 in /tmp/pbe_data.data.home.granepura.5-Kinases.Kinases_MCCE.Trial01.run_holo.4WKQ_GLU01A0804_001
2026-09-22 07:35:46 - INFO: step3.py, pbe: ForkPoolWorker-4: Calling delphi to calculate conformer (215/678) GLU01A0804_002 in /tmp/pbe_data.data.home.granepura.5-Kinases.Kinases_MCCE.Trial01.run_holo.4WKQ_GLU01A0804_002
2026-09-22 07:35:46 - INFO: step3.py, pbe: ForkPoolWorker-5: Calling delphi to calculate conformer (216/678) GLU02A0804_003 in /tmp/pbe_data.data.home.granepura.5-Kinases.Kinases_MCCE.Trial01.run_holo.4WKQ_GLU02A0804_003
2026-09-22 07:35:51 - INFO: step3.py, pbe: ForkPoolWorker-1: Calling delphi to calculate conformer (217/678) GLU02A0804_004 in /tmp/pbe_data.data.home.granepura.5-Kinases.Kinases_MCCE.Trial01.run_holo.4WKQ_GLU02A0804_004
2026-09-22 07:35:51 - INFO: step3.py, pbe: ForkPoolWorker-3: Calling delphi to calculate conformer (218/678) GLU-1A0804_005 in /tmp/pbe_data.data.home.granepura.5-Kinases.Kinases_MCCE.Trial01.run_holo.4WKQ_GLU-1A0804_005
2026-09-22 07:35:51 - INFO: step3.py, pbe: ForkPoolWorker-4: Calling delphi to calculate conformer (219/678) HIS01A0805_001 in /tmp/pbe_data.data.home.granepura.5-Kinases.Kinases_MCCE.Trial01.run_holo.4WKQ_HIS01A0805_001
2026-09-22 07:35:51 - INFO: step3.py, pbe: ForkPoolWorker-2: Calling delphi to calculate conformer (220/678) HIS01A0805_002 in /tmp/pbe_data.data.home.granepura.5-Kinases.Kinases_MCCE.Trial01.run_holo.4WKQ_HIS01A0805_002
2026-09-22 07:35:51 - INFO: step3.py, pbe: ForkPoolWorker-5: Calling delphi to calculate conformer (221/678) HIS02A0805_003 in /tmp/pbe_data.data.home.granepura.5-Kinases.Kinases_MCCE.Trial01.run_holo.4WKQ_HIS02A0805_003
2026-09-22 07:35:55 - INFO: step3.py, pbe: ForkPoolWorker-1: Calling delphi to calculate conformer (222/678) HIS02A0805_004 in /tmp/pbe_data.data.home.granepura.5-Kinases.Kinases_MCCE.Trial01.run_holo.4WKQ_HIS02A0805_004
2026-09-22 07:35:55 - INFO: step3.py, pbe: ForkPoolWorker-3: Calling delphi to calculate conformer (223/678) HIS+1A0805_005 in /tmp/pbe_data.data.home.granepura.5-Kinases.Kinases_MCCE.Trial01.run_holo.4WKQ_HIS+1A0805_005
2026-09-22 07:35:55 - INFO: step3.py, pbe: ForkPoolWorker-4: Calling delphi to calculate conformer (224/678) HIS+1A0805_006 in /tmp/pbe_data.data.home.granepura.5-Kinases.Kinases_MCCE.Trial01.run_holo.4WKQ_HIS+1A0805_006
2026-09-22 07:35:55 - INFO: step3.py, pbe: ForkPoolWorker-2: Calling delphi to calculate conformer (225/678) LYS01A0806_001 in /tmp/pbe_data.data.home.granepura.5-Kinases.Kinases_MCCE.Trial01.run_holo.4WKQ_LYS01A0806_001
2026-09-22 07:35:56 - INFO: step3.py, pbe: ForkPoolWorker-5: Calling delphi to calculate conformer (226/678) LYS+1A0806_002 in /tmp/pbe_data.data.home.granepura.5-Kinases.Kinases_MCCE.Trial01.run_holo.4WKQ_LYS+1A0806_002
2026-09-22 07:36:00 - INFO: step3.py, pbe: ForkPoolWorker-1: Calling delphi to calculate conformer (227/678) ASP01A0807_001 in /tmp/pbe_data.data.home.granepura.5-Kinases.Kinases_MCCE.Trial01.run_holo.4WKQ_ASP01A0807_001
2026-09-22 07:36:00 - INFO: step3.py, pbe: ForkPoolWorker-3: Calling delphi to calculate conformer (228/678) ASP01A0807_002 in /tmp/pbe_data.data.home.granepura.5-Kinases.Kinases_MCCE.Trial01.run_holo.4WKQ_ASP01A0807_002
2026-09-22 07:36:00 - INFO: step3.py, pbe: ForkPoolWorker-2: Calling delphi to calculate conformer (229/678) ASP02A0807_003 in /tmp/pbe_data.data.home.granepura.5-Kinases.Kinases_MCCE.Trial01.run_holo.4WKQ_ASP02A0807_003
2026-09-22 07:36:00 - INFO: step3.py, pbe: ForkPoolWorker-4: Calling delphi to calculate conformer (230/678) ASP02A0807_004 in /tmp/pbe_data.data.home.granepura.5-Kinases.Kinases_MCCE.Trial01.run_holo.4WKQ_ASP02A0807_004
2026-09-22 07:36:00 - INFO: step3.py, pbe: ForkPoolWorker-5: Calling delphi to calculate conformer (231/678) ASP-1A0807_005 in /tmp/pbe_data.data.home.granepura.5-Kinases.Kinases_MCCE.Trial01.run_holo.4WKQ_ASP-1A0807_005
2026-09-22 07:36:04 - INFO: step3.py, pbe: ForkPoolWorker-1: Calling delphi to calculate conformer (232/678) ASN01A0808_001 in /tmp/pbe_data.data.home.granepura.5-Kinases.Kinases_MCCE.Trial01.run_holo.4WKQ_ASN01A0808_001
2026-09-22 07:36:04 - INFO: step3.py, pbe: ForkPoolWorker-3: Calling delphi to calculate conformer (233/678) ASN01A0808_002 in /tmp/pbe_data.data.home.granepura.5-Kinases.Kinases_MCCE.Trial01.run_holo.4WKQ_ASN01A0808_002
2026-09-22 07:36:04 - INFO: step3.py, pbe: Skipping PBE solver for non-charge conformer (234/678) ILE01A0809_001...
2026-09-22 07:36:04 - INFO: step3.py, pbe: ForkPoolWorker-2: Calling delphi to calculate conformer (235/678) SER01A0811_001 in /tmp/pbe_data.data.home.granepura.5-Kinases.Kinases_MCCE.Trial01.run_holo.4WKQ_SER01A0811_001
2026-09-22 07:36:05 - INFO: step3.py, pbe: ForkPoolWorker-4: Calling delphi to calculate conformer (236/678) SER01A0811_002 in /tmp/pbe_data.data.home.granepura.5-Kinases.Kinases_MCCE.Trial01.run_holo.4WKQ_SER01A0811_002
2026-09-22 07:36:05 - INFO: step3.py, pbe: ForkPoolWorker-5: Calling delphi to calculate conformer (237/678) GLN01A0812_001 in /tmp/pbe_data.data.home.granepura.5-Kinases.Kinases_MCCE.Trial01.run_holo.4WKQ_GLN01A0812_001
2026-09-22 07:36:09 - INFO: step3.py, pbe: ForkPoolWorker-1: Calling delphi to calculate conformer (238/678) GLN01A0812_002 in /tmp/pbe_data.data.home.granepura.5-Kinases.Kinases_MCCE.Trial01.run_holo.4WKQ_GLN01A0812_002
2026-09-22 07:36:09 - INFO: step3.py, pbe: ForkPoolWorker-3: Calling delphi to calculate conformer (239/678) TYR01A0813_001 in /tmp/pbe_data.data.home.granepura.5-Kinases.Kinases_MCCE.Trial01.run_holo.4WKQ_TYR01A0813_001
2026-09-22 07:36:09 - INFO: step3.py, pbe: ForkPoolWorker-2: Calling delphi to calculate conformer (240/678) TYR01A0813_002 in /tmp/pbe_data.data.home.granepura.5-Kinases.Kinases_MCCE.Trial01.run_holo.4WKQ_TYR01A0813_002
2026-09-22 07:36:09 - INFO: step3.py, pbe: ForkPoolWorker-4: Calling delphi to calculate conformer (241/678) TYR01A0813_003 in /tmp/pbe_data.data.home.granepura.5-Kinases.Kinases_MCCE.Trial01.run_holo.4WKQ_TYR01A0813_003
2026-09-22 07:36:09 - INFO: step3.py, pbe: ForkPoolWorker-5: Calling delphi to calculate conformer (242/678) TYR01A0813_004 in /tmp/pbe_data.data.home.granepura.5-Kinases.Kinases_MCCE.Trial01.run_holo.4WKQ_TYR01A0813_004
2026-09-22 07:36:14 - INFO: step3.py, pbe: ForkPoolWorker-1: Calling delphi to calculate conformer (243/678) TYR-1A0813_005 in /tmp/pbe_data.data.home.granepura.5-Kinases.Kinases_MCCE.Trial01.run_holo.4WKQ_TYR-1A0813_005
2026-09-22 07:36:14 - INFO: step3.py, pbe: ForkPoolWorker-3: Calling delphi to calculate conformer (244/678) TYR-1A0813_006 in /tmp/pbe_data.data.home.granepura.5-Kinases.Kinases_MCCE.Trial01.run_holo.4WKQ_TYR-1A0813_006
2026-09-22 07:36:14 - INFO: step3.py, pbe: Skipping PBE solver for non-charge conformer (245/678) LEU01A0814_001...
2026-09-22 07:36:14 - INFO: step3.py, pbe: Skipping PBE solver for non-charge conformer (246/678) LEU01A0815_001...
2026-09-22 07:36:14 - INFO: step3.py, pbe: ForkPoolWorker-2: Calling delphi to calculate conformer (247/678) ASN01A0816_001 in /tmp/pbe_data.data.home.granepura.5-Kinases.Kinases_MCCE.Trial01.run_holo.4WKQ_ASN01A0816_001
2026-09-22 07:36:14 - INFO: step3.py, pbe: ForkPoolWorker-4: Calling delphi to calculate conformer (248/678) ASN01A0816_002 in /tmp/pbe_data.data.home.granepura.5-Kinases.Kinases_MCCE.Trial01.run_holo.4WKQ_ASN01A0816_002
2026-09-22 07:36:14 - INFO: step3.py, pbe: Skipping PBE solver for non-charge conformer (249/678) TRP01A0817_001...
2026-09-22 07:36:14 - INFO: step3.py, pbe: ForkPoolWorker-5: Calling delphi to calculate conformer (250/678) CYS01A0818_001 in /tmp/pbe_data.data.home.granepura.5-Kinases.Kinases_MCCE.Trial01.run_holo.4WKQ_CYS01A0818_001
2026-09-22 07:36:18 - INFO: step3.py, pbe: ForkPoolWorker-3: Calling delphi to calculate conformer (251/678) CYS01A0818_002 in /tmp/pbe_data.data.home.granepura.5-Kinases.Kinases_MCCE.Trial01.run_holo.4WKQ_CYS01A0818_002
2026-09-22 07:36:18 - INFO: step3.py, pbe: ForkPoolWorker-1: Calling delphi to calculate conformer (252/678) CYS01A0818_003 in /tmp/pbe_data.data.home.granepura.5-Kinases.Kinases_MCCE.Trial01.run_holo.4WKQ_CYS01A0818_003
2026-09-22 07:36:18 - INFO: step3.py, pbe: ForkPoolWorker-2: Calling delphi to calculate conformer (253/678) CYS-1A0818_004 in /tmp/pbe_data.data.home.granepura.5-Kinases.Kinases_MCCE.Trial01.run_holo.4WKQ_CYS-1A0818_004
2026-09-22 07:36:18 - INFO: step3.py, pbe: Skipping PBE solver for non-charge conformer (254/678) VAL01A0819_001...
2026-09-22 07:36:18 - INFO: step3.py, pbe: ForkPoolWorker-4: Calling delphi to calculate conformer (255/678) GLN01A0820_001 in /tmp/pbe_data.data.home.granepura.5-Kinases.Kinases_MCCE.Trial01.run_holo.4WKQ_GLN01A0820_001
2026-09-22 07:36:19 - INFO: step3.py, pbe: ForkPoolWorker-5: Calling delphi to calculate conformer (256/678) GLN01A0820_002 in /tmp/pbe_data.data.home.granepura.5-Kinases.Kinases_MCCE.Trial01.run_holo.4WKQ_GLN01A0820_002
2026-09-22 07:36:23 - INFO: step3.py, pbe: Skipping PBE solver for non-charge conformer (257/678) ILE01A0821_001...
2026-09-22 07:36:23 - INFO: step3.py, pbe: Skipping PBE solver for non-charge conformer (258/678) ALA01A0822_001...
2026-09-22 07:36:23 - INFO: step3.py, pbe: ForkPoolWorker-3: Calling delphi to calculate conformer (259/678) LYS01A0823_001 in /tmp/pbe_data.data.home.granepura.5-Kinases.Kinases_MCCE.Trial01.run_holo.4WKQ_LYS01A0823_001
2026-09-22 07:36:23 - INFO: step3.py, pbe: ForkPoolWorker-1: Calling delphi to calculate conformer (260/678) LYS+1A0823_002 in /tmp/pbe_data.data.home.granepura.5-Kinases.Kinases_MCCE.Trial01.run_holo.4WKQ_LYS+1A0823_002
2026-09-22 07:36:23 - INFO: step3.py, pbe: ForkPoolWorker-4: Calling delphi to calculate conformer (261/678) MET01A0825_001 in /tmp/pbe_data.data.home.granepura.5-Kinases.Kinases_MCCE.Trial01.run_holo.4WKQ_MET01A0825_001
2026-09-22 07:36:23 - INFO: step3.py, pbe: ForkPoolWorker-2: Calling delphi to calculate conformer (262/678) ASN01A0826_001 in /tmp/pbe_data.data.home.granepura.5-Kinases.Kinases_MCCE.Trial01.run_holo.4WKQ_ASN01A0826_001
2026-09-22 07:36:23 - INFO: step3.py, pbe: ForkPoolWorker-5: Calling delphi to calculate conformer (263/678) ASN01A0826_002 in /tmp/pbe_data.data.home.granepura.5-Kinases.Kinases_MCCE.Trial01.run_holo.4WKQ_ASN01A0826_002
2026-09-22 07:36:27 - INFO: step3.py, pbe: ForkPoolWorker-3: Calling delphi to calculate conformer (264/678) TYR01A0827_001 in /tmp/pbe_data.data.home.granepura.5-Kinases.Kinases_MCCE.Trial01.run_holo.4WKQ_TYR01A0827_001
2026-09-22 07:36:27 - INFO: step3.py, pbe: ForkPoolWorker-1: Calling delphi to calculate conformer (265/678) TYR01A0827_002 in /tmp/pbe_data.data.home.granepura.5-Kinases.Kinases_MCCE.Trial01.run_holo.4WKQ_TYR01A0827_002
2026-09-22 07:36:28 - INFO: step3.py, pbe: ForkPoolWorker-2: Calling delphi to calculate conformer (266/678) TYR-1A0827_003 in /tmp/pbe_data.data.home.granepura.5-Kinases.Kinases_MCCE.Trial01.run_holo.4WKQ_TYR-1A0827_003
2026-09-22 07:36:28 - INFO: step3.py, pbe: Skipping PBE solver for non-charge conformer (267/678) LEU01A0828_001...
2026-09-22 07:36:28 - INFO: step3.py, pbe: ForkPoolWorker-4: Calling delphi to calculate conformer (268/678) GLU01A0829_001 in /tmp/pbe_data.data.home.granepura.5-Kinases.Kinases_MCCE.Trial01.run_holo.4WKQ_GLU01A0829_001
2026-09-22 07:36:28 - INFO: step3.py, pbe: ForkPoolWorker-5: Calling delphi to calculate conformer (269/678) GLU01A0829_002 in /tmp/pbe_data.data.home.granepura.5-Kinases.Kinases_MCCE.Trial01.run_holo.4WKQ_GLU01A0829_002
2026-09-22 07:36:32 - INFO: step3.py, pbe: ForkPoolWorker-3: Calling delphi to calculate conformer (270/678) GLU02A0829_003 in /tmp/pbe_data.data.home.granepura.5-Kinases.Kinases_MCCE.Trial01.run_holo.4WKQ_GLU02A0829_003
2026-09-22 07:36:32 - INFO: step3.py, pbe: ForkPoolWorker-1: Calling delphi to calculate conformer (271/678) GLU02A0829_004 in /tmp/pbe_data.data.home.granepura.5-Kinases.Kinases_MCCE.Trial01.run_holo.4WKQ_GLU02A0829_004
2026-09-22 07:36:32 - INFO: step3.py, pbe: ForkPoolWorker-2: Calling delphi to calculate conformer (272/678) GLU-1A0829_005 in /tmp/pbe_data.data.home.granepura.5-Kinases.Kinases_MCCE.Trial01.run_holo.4WKQ_GLU-1A0829_005
2026-09-22 07:36:32 - INFO: step3.py, pbe: ForkPoolWorker-4: Calling delphi to calculate conformer (273/678) ASP01A0830_001 in /tmp/pbe_data.data.home.granepura.5-Kinases.Kinases_MCCE.Trial01.run_holo.4WKQ_ASP01A0830_001
2026-09-22 07:36:33 - INFO: step3.py, pbe: ForkPoolWorker-5: Calling delphi to calculate conformer (274/678) ASP01A0830_002 in /tmp/pbe_data.data.home.granepura.5-Kinases.Kinases_MCCE.Trial01.run_holo.4WKQ_ASP01A0830_002
2026-09-22 07:36:37 - INFO: step3.py, pbe: ForkPoolWorker-3: Calling delphi to calculate conformer (275/678) ASP02A0830_003 in /tmp/pbe_data.data.home.granepura.5-Kinases.Kinases_MCCE.Trial01.run_holo.4WKQ_ASP02A0830_003
2026-09-22 07:36:37 - INFO: step3.py, pbe: ForkPoolWorker-1: Calling delphi to calculate conformer (276/678) ASP02A0830_004 in /tmp/pbe_data.data.home.granepura.5-Kinases.Kinases_MCCE.Trial01.run_holo.4WKQ_ASP02A0830_004
2026-09-22 07:36:37 - INFO: step3.py, pbe: ForkPoolWorker-2: Calling delphi to calculate conformer (277/678) ASP-1A0830_005 in /tmp/pbe_data.data.home.granepura.5-Kinases.Kinases_MCCE.Trial01.run_holo.4WKQ_ASP-1A0830_005
2026-09-22 07:36:37 - INFO: step3.py, pbe: ForkPoolWorker-4: Calling delphi to calculate conformer (278/678) ARG01A0831_001 in /tmp/pbe_data.data.home.granepura.5-Kinases.Kinases_MCCE.Trial01.run_holo.4WKQ_ARG01A0831_001
2026-09-22 07:36:37 - INFO: step3.py, pbe: ForkPoolWorker-5: Calling delphi to calculate conformer (279/678) ARG02A0831_002 in /tmp/pbe_data.data.home.granepura.5-Kinases.Kinases_MCCE.Trial01.run_holo.4WKQ_ARG02A0831_002
2026-09-22 07:36:41 - INFO: step3.py, pbe: ForkPoolWorker-3: Calling delphi to calculate conformer (280/678) ARG03A0831_003 in /tmp/pbe_data.data.home.granepura.5-Kinases.Kinases_MCCE.Trial01.run_holo.4WKQ_ARG03A0831_003
2026-09-22 07:36:41 - INFO: step3.py, pbe: ForkPoolWorker-1: Calling delphi to calculate conformer (281/678) ARG+1A0831_004 in /tmp/pbe_data.data.home.granepura.5-Kinases.Kinases_MCCE.Trial01.run_holo.4WKQ_ARG+1A0831_004
2026-09-22 07:36:41 - INFO: step3.py, pbe: ForkPoolWorker-4: Calling delphi to calculate conformer (282/678) ARG01A0832_001 in /tmp/pbe_data.data.home.granepura.5-Kinases.Kinases_MCCE.Trial01.run_holo.4WKQ_ARG01A0832_001
2026-09-22 07:36:41 - INFO: step3.py, pbe: ForkPoolWorker-2: Calling delphi to calculate conformer (283/678) ARG02A0832_002 in /tmp/pbe_data.data.home.granepura.5-Kinases.Kinases_MCCE.Trial01.run_holo.4WKQ_ARG02A0832_002
2026-09-22 07:36:42 - INFO: step3.py, pbe: ForkPoolWorker-5: Calling delphi to calculate conformer (284/678) ARG03A0832_003 in /tmp/pbe_data.data.home.granepura.5-Kinases.Kinases_MCCE.Trial01.run_holo.4WKQ_ARG03A0832_003
2026-09-22 07:36:46 - INFO: step3.py, pbe: ForkPoolWorker-3: Calling delphi to calculate conformer (285/678) ARG+1A0832_004 in /tmp/pbe_data.data.home.granepura.5-Kinases.Kinases_MCCE.Trial01.run_holo.4WKQ_ARG+1A0832_004
2026-09-22 07:36:46 - INFO: step3.py, pbe: Skipping PBE solver for non-charge conformer (286/678) LEU01A0833_001...
2026-09-22 07:36:46 - INFO: step3.py, pbe: Skipping PBE solver for non-charge conformer (287/678) VAL01A0834_001...
2026-09-22 07:36:46 - INFO: step3.py, pbe: ForkPoolWorker-1: Calling delphi to calculate conformer (288/678) HIS01A0835_001 in /tmp/pbe_data.data.home.granepura.5-Kinases.Kinases_MCCE.Trial01.run_holo.4WKQ_HIS01A0835_001
2026-09-22 07:36:46 - INFO: step3.py, pbe: ForkPoolWorker-4: Calling delphi to calculate conformer (289/678) HIS02A0835_002 in /tmp/pbe_data.data.home.granepura.5-Kinases.Kinases_MCCE.Trial01.run_holo.4WKQ_HIS02A0835_002
2026-09-22 07:36:46 - INFO: step3.py, pbe: ForkPoolWorker-2: Calling delphi to calculate conformer (290/678) HIS+1A0835_003 in /tmp/pbe_data.data.home.granepura.5-Kinases.Kinases_MCCE.Trial01.run_holo.4WKQ_HIS+1A0835_003
2026-09-22 07:36:47 - INFO: step3.py, pbe: ForkPoolWorker-5: Calling delphi to calculate conformer (291/678) ARG01A0836_001 in /tmp/pbe_data.data.home.granepura.5-Kinases.Kinases_MCCE.Trial01.run_holo.4WKQ_ARG01A0836_001
2026-09-22 07:36:51 - INFO: step3.py, pbe: ForkPoolWorker-3: Calling delphi to calculate conformer (292/678) ARG02A0836_002 in /tmp/pbe_data.data.home.granepura.5-Kinases.Kinases_MCCE.Trial01.run_holo.4WKQ_ARG02A0836_002
2026-09-22 07:36:51 - INFO: step3.py, pbe: ForkPoolWorker-1: Calling delphi to calculate conformer (293/678) ARG02A0836_003 in /tmp/pbe_data.data.home.granepura.5-Kinases.Kinases_MCCE.Trial01.run_holo.4WKQ_ARG02A0836_003
2026-09-22 07:36:51 - INFO: step3.py, pbe: ForkPoolWorker-4: Calling delphi to calculate conformer (294/678) ARG03A0836_004 in /tmp/pbe_data.data.home.granepura.5-Kinases.Kinases_MCCE.Trial01.run_holo.4WKQ_ARG03A0836_004
2026-09-22 07:36:51 - INFO: step3.py, pbe: ForkPoolWorker-2: Calling delphi to calculate conformer (295/678) ARG03A0836_005 in /tmp/pbe_data.data.home.granepura.5-Kinases.Kinases_MCCE.Trial01.run_holo.4WKQ_ARG03A0836_005
2026-09-22 07:36:51 - INFO: step3.py, pbe: ForkPoolWorker-5: Calling delphi to calculate conformer (296/678) ARG+1A0836_006 in /tmp/pbe_data.data.home.granepura.5-Kinases.Kinases_MCCE.Trial01.run_holo.4WKQ_ARG+1A0836_006
2026-09-22 07:36:55 - INFO: step3.py, pbe: ForkPoolWorker-3: Calling delphi to calculate conformer (297/678) ASP01A0837_001 in /tmp/pbe_data.data.home.granepura.5-Kinases.Kinases_MCCE.Trial01.run_holo.4WKQ_ASP01A0837_001
2026-09-22 07:36:55 - INFO: step3.py, pbe: ForkPoolWorker-1: Calling delphi to calculate conformer (298/678) ASP01A0837_002 in /tmp/pbe_data.data.home.granepura.5-Kinases.Kinases_MCCE.Trial01.run_holo.4WKQ_ASP01A0837_002
2026-09-22 07:36:55 - INFO: step3.py, pbe: ForkPoolWorker-4: Calling delphi to calculate conformer (299/678) ASP02A0837_003 in /tmp/pbe_data.data.home.granepura.5-Kinases.Kinases_MCCE.Trial01.run_holo.4WKQ_ASP02A0837_003
2026-09-22 07:36:55 - INFO: step3.py, pbe: ForkPoolWorker-2: Calling delphi to calculate conformer (300/678) ASP02A0837_004 in /tmp/pbe_data.data.home.granepura.5-Kinases.Kinases_MCCE.Trial01.run_holo.4WKQ_ASP02A0837_004
2026-09-22 07:36:56 - INFO: step3.py, pbe: ForkPoolWorker-5: Calling delphi to calculate conformer (301/678) ASP-1A0837_005 in /tmp/pbe_data.data.home.granepura.5-Kinases.Kinases_MCCE.Trial01.run_holo.4WKQ_ASP-1A0837_005
2026-09-22 07:37:00 - INFO: step3.py, pbe: Skipping PBE solver for non-charge conformer (302/678) LEU01A0838_001...
2026-09-22 07:37:00 - INFO: step3.py, pbe: Skipping PBE solver for non-charge conformer (303/678) ALA01A0839_001...
2026-09-22 07:37:00 - INFO: step3.py, pbe: Skipping PBE solver for non-charge conformer (304/678) ALA01A0840_001...
2026-09-22 07:37:00 - INFO: step3.py, pbe: ForkPoolWorker-3: Calling delphi to calculate conformer (305/678) ARG01A0841_001 in /tmp/pbe_data.data.home.granepura.5-Kinases.Kinases_MCCE.Trial01.run_holo.4WKQ_ARG01A0841_001
2026-09-22 07:37:00 - INFO: step3.py, pbe: ForkPoolWorker-2: Calling delphi to calculate conformer (306/678) ARG02A0841_002 in /tmp/pbe_data.data.home.granepura.5-Kinases.Kinases_MCCE.Trial01.run_holo.4WKQ_ARG02A0841_002
2026-09-22 07:37:00 - INFO: step3.py, pbe: ForkPoolWorker-1: Calling delphi to calculate conformer (307/678) ARG02A0841_003 in /tmp/pbe_data.data.home.granepura.5-Kinases.Kinases_MCCE.Trial01.run_holo.4WKQ_ARG02A0841_003
2026-09-22 07:37:00 - INFO: step3.py, pbe: ForkPoolWorker-4: Calling delphi to calculate conformer (308/678) ARG03A0841_004 in /tmp/pbe_data.data.home.granepura.5-Kinases.Kinases_MCCE.Trial01.run_holo.4WKQ_ARG03A0841_004
2026-09-22 07:37:01 - INFO: step3.py, pbe: ForkPoolWorker-5: Calling delphi to calculate conformer (309/678) ARG+1A0841_005 in /tmp/pbe_data.data.home.granepura.5-Kinases.Kinases_MCCE.Trial01.run_holo.4WKQ_ARG+1A0841_005
2026-09-22 07:37:05 - INFO: step3.py, pbe: ForkPoolWorker-3: Calling delphi to calculate conformer (310/678) ASN01A0842_001 in /tmp/pbe_data.data.home.granepura.5-Kinases.Kinases_MCCE.Trial01.run_holo.4WKQ_ASN01A0842_001
2026-09-22 07:37:05 - INFO: step3.py, pbe: ForkPoolWorker-2: Calling delphi to calculate conformer (311/678) ASN01A0842_002 in /tmp/pbe_data.data.home.granepura.5-Kinases.Kinases_MCCE.Trial01.run_holo.4WKQ_ASN01A0842_002
2026-09-22 07:37:05 - INFO: step3.py, pbe: Skipping PBE solver for non-charge conformer (312/678) VAL01A0843_001...
2026-09-22 07:37:05 - INFO: step3.py, pbe: Skipping PBE solver for non-charge conformer (313/678) LEU01A0844_001...
2026-09-22 07:37:05 - INFO: step3.py, pbe: Skipping PBE solver for non-charge conformer (314/678) VAL01A0845_001...
2026-09-22 07:37:05 - INFO: step3.py, pbe: ForkPoolWorker-1: Calling delphi to calculate conformer (315/678) LYS01A0846_001 in /tmp/pbe_data.data.home.granepura.5-Kinases.Kinases_MCCE.Trial01.run_holo.4WKQ_LYS01A0846_001
2026-09-22 07:37:05 - INFO: step3.py, pbe: ForkPoolWorker-4: Calling delphi to calculate conformer (316/678) LYS01A0846_002 in /tmp/pbe_data.data.home.granepura.5-Kinases.Kinases_MCCE.Trial01.run_holo.4WKQ_LYS01A0846_002
2026-09-22 07:37:05 - INFO: step3.py, pbe: ForkPoolWorker-5: Calling delphi to calculate conformer (317/678) LYS+1A0846_003 in /tmp/pbe_data.data.home.granepura.5-Kinases.Kinases_MCCE.Trial01.run_holo.4WKQ_LYS+1A0846_003
2026-09-22 07:37:09 - INFO: step3.py, pbe: ForkPoolWorker-3: Calling delphi to calculate conformer (318/678) LYS+1A0846_004 in /tmp/pbe_data.data.home.granepura.5-Kinases.Kinases_MCCE.Trial01.run_holo.4WKQ_LYS+1A0846_004
2026-09-22 07:37:10 - INFO: step3.py, pbe: ForkPoolWorker-1: Calling delphi to calculate conformer (319/678) THR01A0847_001 in /tmp/pbe_data.data.home.granepura.5-Kinases.Kinases_MCCE.Trial01.run_holo.4WKQ_THR01A0847_001
2026-09-22 07:37:10 - INFO: step3.py, pbe: ForkPoolWorker-2: Calling delphi to calculate conformer (320/678) THR01A0847_002 in /tmp/pbe_data.data.home.granepura.5-Kinases.Kinases_MCCE.Trial01.run_holo.4WKQ_THR01A0847_002
2026-09-22 07:37:10 - INFO: step3.py, pbe: Skipping PBE solver for non-charge conformer (321/678) PRO01A0848_001...
2026-09-22 07:37:10 - INFO: step3.py, pbe: ForkPoolWorker-4: Calling delphi to calculate conformer (322/678) GLN01A0849_001 in /tmp/pbe_data.data.home.granepura.5-Kinases.Kinases_MCCE.Trial01.run_holo.4WKQ_GLN01A0849_001
2026-09-22 07:37:10 - INFO: step3.py, pbe: ForkPoolWorker-5: Calling delphi to calculate conformer (323/678) GLN01A0849_002 in /tmp/pbe_data.data.home.granepura.5-Kinases.Kinases_MCCE.Trial01.run_holo.4WKQ_GLN01A0849_002
2026-09-22 07:37:14 - INFO: step3.py, pbe: ForkPoolWorker-3: Calling delphi to calculate conformer (324/678) HIS01A0850_001 in /tmp/pbe_data.data.home.granepura.5-Kinases.Kinases_MCCE.Trial01.run_holo.4WKQ_HIS01A0850_001
2026-09-22 07:37:14 - INFO: step3.py, pbe: ForkPoolWorker-1: Calling delphi to calculate conformer (325/678) HIS02A0850_002 in /tmp/pbe_data.data.home.granepura.5-Kinases.Kinases_MCCE.Trial01.run_holo.4WKQ_HIS02A0850_002
2026-09-22 07:37:14 - INFO: step3.py, pbe: ForkPoolWorker-2: Calling delphi to calculate conformer (326/678) HIS+1A0850_003 in /tmp/pbe_data.data.home.granepura.5-Kinases.Kinases_MCCE.Trial01.run_holo.4WKQ_HIS+1A0850_003
2026-09-22 07:37:14 - INFO: step3.py, pbe: Skipping PBE solver for non-charge conformer (327/678) VAL01A0851_001...
2026-09-22 07:37:14 - INFO: step3.py, pbe: ForkPoolWorker-4: Calling delphi to calculate conformer (328/678) LYS01A0852_001 in /tmp/pbe_data.data.home.granepura.5-Kinases.Kinases_MCCE.Trial01.run_holo.4WKQ_LYS01A0852_001
2026-09-22 07:37:15 - INFO: step3.py, pbe: ForkPoolWorker-5: Calling delphi to calculate conformer (329/678) LYS+1A0852_002 in /tmp/pbe_data.data.home.granepura.5-Kinases.Kinases_MCCE.Trial01.run_holo.4WKQ_LYS+1A0852_002
2026-09-22 07:37:19 - INFO: step3.py, pbe: Skipping PBE solver for non-charge conformer (330/678) ILE01A0853_001...
2026-09-22 07:37:19 - INFO: step3.py, pbe: ForkPoolWorker-3: Calling delphi to calculate conformer (332/678) THR01A0854_002 in /tmp/pbe_data.data.home.granepura.5-Kinases.Kinases_MCCE.Trial01.run_holo.4WKQ_THR01A0854_002
2026-09-22 07:37:19 - INFO: step3.py, pbe: ForkPoolWorker-1: Calling delphi to calculate conformer (331/678) THR01A0854_001 in /tmp/pbe_data.data.home.granepura.5-Kinases.Kinases_MCCE.Trial01.run_holo.4WKQ_THR01A0854_001
2026-09-22 07:37:19 - INFO: step3.py, pbe: ForkPoolWorker-2: Calling delphi to calculate conformer (333/678) ASP01A0855_001 in /tmp/pbe_data.data.home.granepura.5-Kinases.Kinases_MCCE.Trial01.run_holo.4WKQ_ASP01A0855_001
2026-09-22 07:37:19 - INFO: step3.py, pbe: ForkPoolWorker-4: Calling delphi to calculate conformer (334/678) ASP01A0855_002 in /tmp/pbe_data.data.home.granepura.5-Kinases.Kinases_MCCE.Trial01.run_holo.4WKQ_ASP01A0855_002
2026-09-22 07:37:19 - INFO: step3.py, pbe: ForkPoolWorker-5: Calling delphi to calculate conformer (335/678) ASP02A0855_003 in /tmp/pbe_data.data.home.granepura.5-Kinases.Kinases_MCCE.Trial01.run_holo.4WKQ_ASP02A0855_003
2026-09-22 07:37:23 - INFO: step3.py, pbe: ForkPoolWorker-1: Calling delphi to calculate conformer (337/678) ASP-1A0855_005 in /tmp/pbe_data.data.home.granepura.5-Kinases.Kinases_MCCE.Trial01.run_holo.4WKQ_ASP-1A0855_005
2026-09-22 07:37:23 - INFO: step3.py, pbe: ForkPoolWorker-3: Calling delphi to calculate conformer (336/678) ASP02A0855_004 in /tmp/pbe_data.data.home.granepura.5-Kinases.Kinases_MCCE.Trial01.run_holo.4WKQ_ASP02A0855_004
2026-09-22 07:37:24 - INFO: step3.py, pbe: Skipping PBE solver for non-charge conformer (338/678) PHE01A0856_001...
2026-09-22 07:37:24 - INFO: step3.py, pbe: Skipping PBE solver for non-charge conformer (339/678) LEU01A0858_001...
2026-09-22 07:37:24 - INFO: step3.py, pbe: Skipping PBE solver for non-charge conformer (340/678) ALA01A0859_001...
2026-09-22 07:37:24 - INFO: step3.py, pbe: ForkPoolWorker-2: Calling delphi to calculate conformer (341/678) LYS01A0860_001 in /tmp/pbe_data.data.home.granepura.5-Kinases.Kinases_MCCE.Trial01.run_holo.4WKQ_LYS01A0860_001
2026-09-22 07:37:24 - INFO: step3.py, pbe: ForkPoolWorker-4: Calling delphi to calculate conformer (342/678) LYS+1A0860_002 in /tmp/pbe_data.data.home.granepura.5-Kinases.Kinases_MCCE.Trial01.run_holo.4WKQ_LYS+1A0860_002
2026-09-22 07:37:24 - INFO: step3.py, pbe: Skipping PBE solver for non-charge conformer (343/678) LEU01A0861_001...
2026-09-22 07:37:24 - INFO: step3.py, pbe: Skipping PBE solver for non-charge conformer (344/678) LEU01A0862_001...
2026-09-22 07:37:24 - INFO: step3.py, pbe: Skipping PBE solver for non-charge conformer (345/678) ALA01A0864_001...
2026-09-22 07:37:24 - INFO: step3.py, pbe: ForkPoolWorker-5: Calling delphi to calculate conformer (346/678) GLU01A0865_001 in /tmp/pbe_data.data.home.granepura.5-Kinases.Kinases_MCCE.Trial01.run_holo.4WKQ_GLU01A0865_001
2026-09-22 07:37:28 - INFO: step3.py, pbe: ForkPoolWorker-1: Calling delphi to calculate conformer (348/678) GLU02A0865_003 in /tmp/pbe_data.data.home.granepura.5-Kinases.Kinases_MCCE.Trial01.run_holo.4WKQ_GLU02A0865_003
2026-09-22 07:37:28 - INFO: step3.py, pbe: ForkPoolWorker-3: Calling delphi to calculate conformer (347/678) GLU01A0865_002 in /tmp/pbe_data.data.home.granepura.5-Kinases.Kinases_MCCE.Trial01.run_holo.4WKQ_GLU01A0865_002
2026-09-22 07:37:28 - INFO: step3.py, pbe: ForkPoolWorker-2: Calling delphi to calculate conformer (349/678) GLU02A0865_004 in /tmp/pbe_data.data.home.granepura.5-Kinases.Kinases_MCCE.Trial01.run_holo.4WKQ_GLU02A0865_004
2026-09-22 07:37:28 - INFO: step3.py, pbe: ForkPoolWorker-4: Calling delphi to calculate conformer (350/678) GLU-1A0865_005 in /tmp/pbe_data.data.home.granepura.5-Kinases.Kinases_MCCE.Trial01.run_holo.4WKQ_GLU-1A0865_005
2026-09-22 07:37:29 - INFO: step3.py, pbe: ForkPoolWorker-5: Calling delphi to calculate conformer (351/678) GLU01A0866_001 in /tmp/pbe_data.data.home.granepura.5-Kinases.Kinases_MCCE.Trial01.run_holo.4WKQ_GLU01A0866_001
2026-09-22 07:37:33 - INFO: step3.py, pbe: ForkPoolWorker-1: Calling delphi to calculate conformer (352/678) GLU01A0866_002 in /tmp/pbe_data.data.home.granepura.5-Kinases.Kinases_MCCE.Trial01.run_holo.4WKQ_GLU01A0866_002
2026-09-22 07:37:33 - INFO: step3.py, pbe: ForkPoolWorker-3: Calling delphi to calculate conformer (353/678) GLU02A0866_003 in /tmp/pbe_data.data.home.granepura.5-Kinases.Kinases_MCCE.Trial01.run_holo.4WKQ_GLU02A0866_003
2026-09-22 07:37:33 - INFO: step3.py, pbe: ForkPoolWorker-2: Calling delphi to calculate conformer (354/678) GLU02A0866_004 in /tmp/pbe_data.data.home.granepura.5-Kinases.Kinases_MCCE.Trial01.run_holo.4WKQ_GLU02A0866_004
2026-09-22 07:37:33 - INFO: step3.py, pbe: ForkPoolWorker-4: Calling delphi to calculate conformer (355/678) GLU-1A0866_005 in /tmp/pbe_data.data.home.granepura.5-Kinases.Kinases_MCCE.Trial01.run_holo.4WKQ_GLU-1A0866_005
2026-09-22 07:37:33 - INFO: step3.py, pbe: ForkPoolWorker-5: Calling delphi to calculate conformer (356/678) LYS01A0867_001 in /tmp/pbe_data.data.home.granepura.5-Kinases.Kinases_MCCE.Trial01.run_holo.4WKQ_LYS01A0867_001
2026-09-22 07:37:37 - INFO: step3.py, pbe: ForkPoolWorker-1: Calling delphi to calculate conformer (357/678) LYS+1A0867_002 in /tmp/pbe_data.data.home.granepura.5-Kinases.Kinases_MCCE.Trial01.run_holo.4WKQ_LYS+1A0867_002
2026-09-22 07:37:37 - INFO: step3.py, pbe: ForkPoolWorker-3: Calling delphi to calculate conformer (358/678) GLU01A0868_001 in /tmp/pbe_data.data.home.granepura.5-Kinases.Kinases_MCCE.Trial01.run_holo.4WKQ_GLU01A0868_001
2026-09-22 07:37:37 - INFO: step3.py, pbe: ForkPoolWorker-2: Calling delphi to calculate conformer (359/678) GLU01A0868_002 in /tmp/pbe_data.data.home.granepura.5-Kinases.Kinases_MCCE.Trial01.run_holo.4WKQ_GLU01A0868_002
2026-09-22 07:37:37 - INFO: step3.py, pbe: ForkPoolWorker-4: Calling delphi to calculate conformer (360/678) GLU02A0868_003 in /tmp/pbe_data.data.home.granepura.5-Kinases.Kinases_MCCE.Trial01.run_holo.4WKQ_GLU02A0868_003
2026-09-22 07:37:38 - INFO: step3.py, pbe: ForkPoolWorker-5: Calling delphi to calculate conformer (361/678) GLU02A0868_004 in /tmp/pbe_data.data.home.granepura.5-Kinases.Kinases_MCCE.Trial01.run_holo.4WKQ_GLU02A0868_004
2026-09-22 07:37:42 - INFO: step3.py, pbe: ForkPoolWorker-1: Calling delphi to calculate conformer (362/678) GLU-1A0868_005 in /tmp/pbe_data.data.home.granepura.5-Kinases.Kinases_MCCE.Trial01.run_holo.4WKQ_GLU-1A0868_005
2026-09-22 07:37:42 - INFO: step3.py, pbe: ForkPoolWorker-3: Calling delphi to calculate conformer (363/678) TYR01A0869_001 in /tmp/pbe_data.data.home.granepura.5-Kinases.Kinases_MCCE.Trial01.run_holo.4WKQ_TYR01A0869_001
2026-09-22 07:37:42 - INFO: step3.py, pbe: ForkPoolWorker-2: Calling delphi to calculate conformer (364/678) TYR01A0869_002 in /tmp/pbe_data.data.home.granepura.5-Kinases.Kinases_MCCE.Trial01.run_holo.4WKQ_TYR01A0869_002
2026-09-22 07:37:42 - INFO: step3.py, pbe: ForkPoolWorker-4: Calling delphi to calculate conformer (365/678) TYR-1A0869_003 in /tmp/pbe_data.data.home.granepura.5-Kinases.Kinases_MCCE.Trial01.run_holo.4WKQ_TYR-1A0869_003
2026-09-22 07:37:42 - INFO: step3.py, pbe: ForkPoolWorker-5: Calling delphi to calculate conformer (366/678) HIS01A0870_001 in /tmp/pbe_data.data.home.granepura.5-Kinases.Kinases_MCCE.Trial01.run_holo.4WKQ_HIS01A0870_001
2026-09-22 07:37:47 - INFO: step3.py, pbe: ForkPoolWorker-1: Calling delphi to calculate conformer (367/678) HIS01A0870_002 in /tmp/pbe_data.data.home.granepura.5-Kinases.Kinases_MCCE.Trial01.run_holo.4WKQ_HIS01A0870_002
2026-09-22 07:37:47 - INFO: step3.py, pbe: ForkPoolWorker-3: Calling delphi to calculate conformer (368/678) HIS02A0870_003 in /tmp/pbe_data.data.home.granepura.5-Kinases.Kinases_MCCE.Trial01.run_holo.4WKQ_HIS02A0870_003
2026-09-22 07:37:47 - INFO: step3.py, pbe: ForkPoolWorker-2: Calling delphi to calculate conformer (369/678) HIS02A0870_004 in /tmp/pbe_data.data.home.granepura.5-Kinases.Kinases_MCCE.Trial01.run_holo.4WKQ_HIS02A0870_004
2026-09-22 07:37:47 - INFO: step3.py, pbe: ForkPoolWorker-4: Calling delphi to calculate conformer (370/678) HIS+1A0870_005 in /tmp/pbe_data.data.home.granepura.5-Kinases.Kinases_MCCE.Trial01.run_holo.4WKQ_HIS+1A0870_005
2026-09-22 07:37:47 - INFO: step3.py, pbe: ForkPoolWorker-5: Calling delphi to calculate conformer (371/678) HIS+1A0870_006 in /tmp/pbe_data.data.home.granepura.5-Kinases.Kinases_MCCE.Trial01.run_holo.4WKQ_HIS+1A0870_006
2026-09-22 07:37:51 - INFO: step3.py, pbe: Skipping PBE solver for non-charge conformer (372/678) ALA01A0871_001...
2026-09-22 07:37:51 - INFO: step3.py, pbe: ForkPoolWorker-1: Calling delphi to calculate conformer (373/678) GLU01A0872_001 in /tmp/pbe_data.data.home.granepura.5-Kinases.Kinases_MCCE.Trial01.run_holo.4WKQ_GLU01A0872_001
2026-09-22 07:37:51 - INFO: step3.py, pbe: ForkPoolWorker-2: Calling delphi to calculate conformer (374/678) GLU01A0872_002 in /tmp/pbe_data.data.home.granepura.5-Kinases.Kinases_MCCE.Trial01.run_holo.4WKQ_GLU01A0872_002
2026-09-22 07:37:51 - INFO: step3.py, pbe: ForkPoolWorker-3: Calling delphi to calculate conformer (375/678) GLU02A0872_003 in /tmp/pbe_data.data.home.granepura.5-Kinases.Kinases_MCCE.Trial01.run_holo.4WKQ_GLU02A0872_003
2026-09-22 07:37:51 - INFO: step3.py, pbe: ForkPoolWorker-4: Calling delphi to calculate conformer (376/678) GLU02A0872_004 in /tmp/pbe_data.data.home.granepura.5-Kinases.Kinases_MCCE.Trial01.run_holo.4WKQ_GLU02A0872_004
2026-09-22 07:37:52 - INFO: step3.py, pbe: ForkPoolWorker-5: Calling delphi to calculate conformer (377/678) GLU-1A0872_005 in /tmp/pbe_data.data.home.granepura.5-Kinases.Kinases_MCCE.Trial01.run_holo.4WKQ_GLU-1A0872_005
2026-09-22 07:37:56 - INFO: step3.py, pbe: ForkPoolWorker-3: Calling delphi to calculate conformer (378/678) LYS01A0875_001 in /tmp/pbe_data.data.home.granepura.5-Kinases.Kinases_MCCE.Trial01.run_holo.4WKQ_LYS01A0875_001
2026-09-22 07:37:56 - INFO: step3.py, pbe: Skipping PBE solver for non-charge conformer (380/678) VAL01A0876_001...
2026-09-22 07:37:56 - INFO: step3.py, pbe: Skipping PBE solver for non-charge conformer (381/678) PRO01A0877_001...
2026-09-22 07:37:56 - INFO: step3.py, pbe: Skipping PBE solver for non-charge conformer (382/678) ILE01A0878_001...
2026-09-22 07:37:56 - INFO: step3.py, pbe: ForkPoolWorker-2: Calling delphi to calculate conformer (379/678) LYS+1A0875_002 in /tmp/pbe_data.data.home.granepura.5-Kinases.Kinases_MCCE.Trial01.run_holo.4WKQ_LYS+1A0875_002
2026-09-22 07:37:56 - INFO: step3.py, pbe: ForkPoolWorker-4: Calling delphi to calculate conformer (383/678) LYS01A0879_001 in /tmp/pbe_data.data.home.granepura.5-Kinases.Kinases_MCCE.Trial01.run_holo.4WKQ_LYS01A0879_001
2026-09-22 07:37:56 - INFO: step3.py, pbe: ForkPoolWorker-1: Calling delphi to calculate conformer (384/678) LYS+1A0879_002 in /tmp/pbe_data.data.home.granepura.5-Kinases.Kinases_MCCE.Trial01.run_holo.4WKQ_LYS+1A0879_002
2026-09-22 07:37:56 - INFO: step3.py, pbe: Skipping PBE solver for non-charge conformer (385/678) TRP01A0880_001...
2026-09-22 07:37:56 - INFO: step3.py, pbe: ForkPoolWorker-5: Calling delphi to calculate conformer (386/678) MET01A0881_001 in /tmp/pbe_data.data.home.granepura.5-Kinases.Kinases_MCCE.Trial01.run_holo.4WKQ_MET01A0881_001
2026-09-22 07:38:00 - INFO: step3.py, pbe: Skipping PBE solver for non-charge conformer (387/678) ALA01A0882_001...
2026-09-22 07:38:00 - INFO: step3.py, pbe: Skipping PBE solver for non-charge conformer (388/678) LEU01A0883_001...
2026-09-22 07:38:00 - INFO: step3.py, pbe: ForkPoolWorker-3: Calling delphi to calculate conformer (389/678) GLU01A0884_001 in /tmp/pbe_data.data.home.granepura.5-Kinases.Kinases_MCCE.Trial01.run_holo.4WKQ_GLU01A0884_001
2026-09-22 07:38:00 - INFO: step3.py, pbe: ForkPoolWorker-4: Calling delphi to calculate conformer (390/678) GLU01A0884_002 in /tmp/pbe_data.data.home.granepura.5-Kinases.Kinases_MCCE.Trial01.run_holo.4WKQ_GLU01A0884_002
2026-09-22 07:38:00 - INFO: step3.py, pbe: ForkPoolWorker-2: Calling delphi to calculate conformer (391/678) GLU02A0884_003 in /tmp/pbe_data.data.home.granepura.5-Kinases.Kinases_MCCE.Trial01.run_holo.4WKQ_GLU02A0884_003
2026-09-22 07:38:01 - INFO: step3.py, pbe: ForkPoolWorker-1: Calling delphi to calculate conformer (392/678) GLU02A0884_004 in /tmp/pbe_data.data.home.granepura.5-Kinases.Kinases_MCCE.Trial01.run_holo.4WKQ_GLU02A0884_004
2026-09-22 07:38:01 - INFO: step3.py, pbe: ForkPoolWorker-5: Calling delphi to calculate conformer (393/678) GLU-1A0884_005 in /tmp/pbe_data.data.home.granepura.5-Kinases.Kinases_MCCE.Trial01.run_holo.4WKQ_GLU-1A0884_005
2026-09-22 07:38:05 - INFO: step3.py, pbe: ForkPoolWorker-4: Calling delphi to calculate conformer (395/678) SER01A0885_002 in /tmp/pbe_data.data.home.granepura.5-Kinases.Kinases_MCCE.Trial01.run_holo.4WKQ_SER01A0885_002
2026-09-22 07:38:05 - INFO: step3.py, pbe: ForkPoolWorker-3: Calling delphi to calculate conformer (394/678) SER01A0885_001 in /tmp/pbe_data.data.home.granepura.5-Kinases.Kinases_MCCE.Trial01.run_holo.4WKQ_SER01A0885_001
2026-09-22 07:38:05 - INFO: step3.py, pbe: ForkPoolWorker-2: Calling delphi to calculate conformer (396/678) SER01A0885_003 in /tmp/pbe_data.data.home.granepura.5-Kinases.Kinases_MCCE.Trial01.run_holo.4WKQ_SER01A0885_003
2026-09-22 07:38:05 - INFO: step3.py, pbe: Skipping PBE solver for non-charge conformer (397/678) ILE01A0886_001...
2026-09-22 07:38:05 - INFO: step3.py, pbe: Skipping PBE solver for non-charge conformer (398/678) LEU01A0887_001...
2026-09-22 07:38:05 - INFO: step3.py, pbe: ForkPoolWorker-1: Calling delphi to calculate conformer (399/678) HIS01A0888_001 in /tmp/pbe_data.data.home.granepura.5-Kinases.Kinases_MCCE.Trial01.run_holo.4WKQ_HIS01A0888_001
2026-09-22 07:38:06 - INFO: step3.py, pbe: ForkPoolWorker-5: Calling delphi to calculate conformer (400/678) HIS01A0888_002 in /tmp/pbe_data.data.home.granepura.5-Kinases.Kinases_MCCE.Trial01.run_holo.4WKQ_HIS01A0888_002
2026-09-22 07:38:10 - INFO: step3.py, pbe: ForkPoolWorker-3: Calling delphi to calculate conformer (401/678) HIS02A0888_003 in /tmp/pbe_data.data.home.granepura.5-Kinases.Kinases_MCCE.Trial01.run_holo.4WKQ_HIS02A0888_003
2026-09-22 07:38:10 - INFO: step3.py, pbe: ForkPoolWorker-4: Calling delphi to calculate conformer (402/678) HIS02A0888_004 in /tmp/pbe_data.data.home.granepura.5-Kinases.Kinases_MCCE.Trial01.run_holo.4WKQ_HIS02A0888_004
2026-09-22 07:38:10 - INFO: step3.py, pbe: ForkPoolWorker-2: Calling delphi to calculate conformer (403/678) HIS+1A0888_005 in /tmp/pbe_data.data.home.granepura.5-Kinases.Kinases_MCCE.Trial01.run_holo.4WKQ_HIS+1A0888_005
2026-09-22 07:38:10 - INFO: step3.py, pbe: ForkPoolWorker-1: Calling delphi to calculate conformer (404/678) HIS+1A0888_006 in /tmp/pbe_data.data.home.granepura.5-Kinases.Kinases_MCCE.Trial01.run_holo.4WKQ_HIS+1A0888_006
2026-09-22 07:38:10 - INFO: step3.py, pbe: ForkPoolWorker-5: Calling delphi to calculate conformer (405/678) ARG01A0889_001 in /tmp/pbe_data.data.home.granepura.5-Kinases.Kinases_MCCE.Trial01.run_holo.4WKQ_ARG01A0889_001
2026-09-22 07:38:14 - INFO: step3.py, pbe: ForkPoolWorker-4: Calling delphi to calculate conformer (406/678) ARG02A0889_002 in /tmp/pbe_data.data.home.granepura.5-Kinases.Kinases_MCCE.Trial01.run_holo.4WKQ_ARG02A0889_002
2026-09-22 07:38:14 - INFO: step3.py, pbe: ForkPoolWorker-3: Calling delphi to calculate conformer (408/678) ARG03A0889_004 in /tmp/pbe_data.data.home.granepura.5-Kinases.Kinases_MCCE.Trial01.run_holo.4WKQ_ARG03A0889_004
2026-09-22 07:38:14 - INFO: step3.py, pbe: ForkPoolWorker-2: Calling delphi to calculate conformer (407/678) ARG03A0889_003 in /tmp/pbe_data.data.home.granepura.5-Kinases.Kinases_MCCE.Trial01.run_holo.4WKQ_ARG03A0889_003
2026-09-22 07:38:15 - INFO: step3.py, pbe: ForkPoolWorker-1: Calling delphi to calculate conformer (409/678) ARG+1A0889_005 in /tmp/pbe_data.data.home.granepura.5-Kinases.Kinases_MCCE.Trial01.run_holo.4WKQ_ARG+1A0889_005
2026-09-22 07:38:15 - INFO: step3.py, pbe: Skipping PBE solver for non-charge conformer (410/678) ILE01A0890_001...
2026-09-22 07:38:15 - INFO: step3.py, pbe: ForkPoolWorker-5: Calling delphi to calculate conformer (411/678) TYR01A0891_001 in /tmp/pbe_data.data.home.granepura.5-Kinases.Kinases_MCCE.Trial01.run_holo.4WKQ_TYR01A0891_001
2026-09-22 07:38:19 - INFO: step3.py, pbe: ForkPoolWorker-3: Calling delphi to calculate conformer (412/678) TYR-1A0891_002 in /tmp/pbe_data.data.home.granepura.5-Kinases.Kinases_MCCE.Trial01.run_holo.4WKQ_TYR-1A0891_002
2026-09-22 07:38:19 - INFO: step3.py, pbe: ForkPoolWorker-4: Calling delphi to calculate conformer (413/678) THR01A0892_001 in /tmp/pbe_data.data.home.granepura.5-Kinases.Kinases_MCCE.Trial01.run_holo.4WKQ_THR01A0892_001
2026-09-22 07:38:19 - INFO: step3.py, pbe: ForkPoolWorker-2: Calling delphi to calculate conformer (414/678) HIS01A0893_001 in /tmp/pbe_data.data.home.granepura.5-Kinases.Kinases_MCCE.Trial01.run_holo.4WKQ_HIS01A0893_001
2026-09-22 07:38:19 - INFO: step3.py, pbe: ForkPoolWorker-1: Calling delphi to calculate conformer (415/678) HIS01A0893_002 in /tmp/pbe_data.data.home.granepura.5-Kinases.Kinases_MCCE.Trial01.run_holo.4WKQ_HIS01A0893_002
2026-09-22 07:38:20 - INFO: step3.py, pbe: ForkPoolWorker-5: Calling delphi to calculate conformer (416/678) HIS02A0893_003 in /tmp/pbe_data.data.home.granepura.5-Kinases.Kinases_MCCE.Trial01.run_holo.4WKQ_HIS02A0893_003
2026-09-22 07:38:24 - INFO: step3.py, pbe: ForkPoolWorker-4: Calling delphi to calculate conformer (417/678) HIS02A0893_004 in /tmp/pbe_data.data.home.granepura.5-Kinases.Kinases_MCCE.Trial01.run_holo.4WKQ_HIS02A0893_004
2026-09-22 07:38:24 - INFO: step3.py, pbe: ForkPoolWorker-2: Calling delphi to calculate conformer (418/678) HIS+1A0893_005 in /tmp/pbe_data.data.home.granepura.5-Kinases.Kinases_MCCE.Trial01.run_holo.4WKQ_HIS+1A0893_005
2026-09-22 07:38:24 - INFO: step3.py, pbe: ForkPoolWorker-1: Calling delphi to calculate conformer (419/678) HIS+1A0893_006 in /tmp/pbe_data.data.home.granepura.5-Kinases.Kinases_MCCE.Trial01.run_holo.4WKQ_HIS+1A0893_006
2026-09-22 07:38:24 - INFO: step3.py, pbe: ForkPoolWorker-3: Calling delphi to calculate conformer (420/678) GLN01A0894_001 in /tmp/pbe_data.data.home.granepura.5-Kinases.Kinases_MCCE.Trial01.run_holo.4WKQ_GLN01A0894_001
2026-09-22 07:38:24 - INFO: step3.py, pbe: ForkPoolWorker-5: Calling delphi to calculate conformer (421/678) GLN01A0894_002 in /tmp/pbe_data.data.home.granepura.5-Kinases.Kinases_MCCE.Trial01.run_holo.4WKQ_GLN01A0894_002
2026-09-22 07:38:28 - INFO: step3.py, pbe: ForkPoolWorker-2: Calling delphi to calculate conformer (423/678) SER01A0895_002 in /tmp/pbe_data.data.home.granepura.5-Kinases.Kinases_MCCE.Trial01.run_holo.4WKQ_SER01A0895_002
2026-09-22 07:38:28 - INFO: step3.py, pbe: ForkPoolWorker-4: Calling delphi to calculate conformer (422/678) SER01A0895_001 in /tmp/pbe_data.data.home.granepura.5-Kinases.Kinases_MCCE.Trial01.run_holo.4WKQ_SER01A0895_001
2026-09-22 07:38:28 - INFO: step3.py, pbe: ForkPoolWorker-1: Calling delphi to calculate conformer (424/678) SER01A0895_003 in /tmp/pbe_data.data.home.granepura.5-Kinases.Kinases_MCCE.Trial01.run_holo.4WKQ_SER01A0895_003
2026-09-22 07:38:28 - INFO: step3.py, pbe: ForkPoolWorker-3: Calling delphi to calculate conformer (425/678) ASP01A0896_001 in /tmp/pbe_data.data.home.granepura.5-Kinases.Kinases_MCCE.Trial01.run_holo.4WKQ_ASP01A0896_001
2026-09-22 07:38:29 - INFO: step3.py, pbe: ForkPoolWorker-5: Calling delphi to calculate conformer (426/678) ASP01A0896_002 in /tmp/pbe_data.data.home.granepura.5-Kinases.Kinases_MCCE.Trial01.run_holo.4WKQ_ASP01A0896_002
2026-09-22 07:38:33 - INFO: step3.py, pbe: ForkPoolWorker-1: Calling delphi to calculate conformer (427/678) ASP02A0896_003 in /tmp/pbe_data.data.home.granepura.5-Kinases.Kinases_MCCE.Trial01.run_holo.4WKQ_ASP02A0896_003
2026-09-22 07:38:33 - INFO: step3.py, pbe: ForkPoolWorker-4: Calling delphi to calculate conformer (429/678) ASP-1A0896_005 in /tmp/pbe_data.data.home.granepura.5-Kinases.Kinases_MCCE.Trial01.run_holo.4WKQ_ASP-1A0896_005
2026-09-22 07:38:33 - INFO: step3.py, pbe: ForkPoolWorker-2: Calling delphi to calculate conformer (428/678) ASP02A0896_004 in /tmp/pbe_data.data.home.granepura.5-Kinases.Kinases_MCCE.Trial01.run_holo.4WKQ_ASP02A0896_004
2026-09-22 07:38:33 - INFO: step3.py, pbe: Skipping PBE solver for non-charge conformer (430/678) VAL01A0897_001...
2026-09-22 07:38:33 - INFO: step3.py, pbe: Skipping PBE solver for non-charge conformer (431/678) TRP01A0898_001...
2026-09-22 07:38:33 - INFO: step3.py, pbe: ForkPoolWorker-3: Calling delphi to calculate conformer (432/678) SER01A0899_001 in /tmp/pbe_data.data.home.granepura.5-Kinases.Kinases_MCCE.Trial01.run_holo.4WKQ_SER01A0899_001
2026-09-22 07:38:34 - INFO: step3.py, pbe: ForkPoolWorker-5: Calling delphi to calculate conformer (433/678) SER01A0899_002 in /tmp/pbe_data.data.home.granepura.5-Kinases.Kinases_MCCE.Trial01.run_holo.4WKQ_SER01A0899_002
2026-09-22 07:38:38 - INFO: step3.py, pbe: ForkPoolWorker-4: Calling delphi to calculate conformer (435/678) TYR01A0900_002 in /tmp/pbe_data.data.home.granepura.5-Kinases.Kinases_MCCE.Trial01.run_holo.4WKQ_TYR01A0900_002
2026-09-22 07:38:38 - INFO: step3.py, pbe: ForkPoolWorker-1: Calling delphi to calculate conformer (434/678) TYR01A0900_001 in /tmp/pbe_data.data.home.granepura.5-Kinases.Kinases_MCCE.Trial01.run_holo.4WKQ_TYR01A0900_001
2026-09-22 07:38:38 - INFO: step3.py, pbe: ForkPoolWorker-2: Calling delphi to calculate conformer (436/678) TYR-1A0900_003 in /tmp/pbe_data.data.home.granepura.5-Kinases.Kinases_MCCE.Trial01.run_holo.4WKQ_TYR-1A0900_003
2026-09-22 07:38:38 - INFO: step3.py, pbe: Skipping PBE solver for non-charge conformer (437/678) VAL01A0902_001...
2026-09-22 07:38:38 - INFO: step3.py, pbe: ForkPoolWorker-3: Calling delphi to calculate conformer (438/678) THR01A0903_001 in /tmp/pbe_data.data.home.granepura.5-Kinases.Kinases_MCCE.Trial01.run_holo.4WKQ_THR01A0903_001
2026-09-22 07:38:38 - INFO: step3.py, pbe: ForkPoolWorker-5: Calling delphi to calculate conformer (439/678) THR01A0903_002 in /tmp/pbe_data.data.home.granepura.5-Kinases.Kinases_MCCE.Trial01.run_holo.4WKQ_THR01A0903_002
2026-09-22 07:38:42 - INFO: step3.py, pbe: ForkPoolWorker-1: Calling delphi to calculate conformer (440/678) THR01A0903_003 in /tmp/pbe_data.data.home.granepura.5-Kinases.Kinases_MCCE.Trial01.run_holo.4WKQ_THR01A0903_003
2026-09-22 07:38:42 - INFO: step3.py, pbe: Skipping PBE solver for non-charge conformer (441/678) VAL01A0904_001...
2026-09-22 07:38:42 - INFO: step3.py, pbe: ForkPoolWorker-4: Calling delphi to calculate conformer (443/678) GLU01A0906_001 in /tmp/pbe_data.data.home.granepura.5-Kinases.Kinases_MCCE.Trial01.run_holo.4WKQ_GLU01A0906_001
2026-09-22 07:38:42 - INFO: step3.py, pbe: Skipping PBE solver for non-charge conformer (442/678) TRP01A0905_001...
2026-09-22 07:38:42 - INFO: step3.py, pbe: ForkPoolWorker-2: Calling delphi to calculate conformer (444/678) GLU01A0906_002 in /tmp/pbe_data.data.home.granepura.5-Kinases.Kinases_MCCE.Trial01.run_holo.4WKQ_GLU01A0906_002
2026-09-22 07:38:43 - INFO: step3.py, pbe: ForkPoolWorker-3: Calling delphi to calculate conformer (445/678) GLU02A0906_003 in /tmp/pbe_data.data.home.granepura.5-Kinases.Kinases_MCCE.Trial01.run_holo.4WKQ_GLU02A0906_003
2026-09-22 07:38:43 - INFO: step3.py, pbe: ForkPoolWorker-5: Calling delphi to calculate conformer (446/678) GLU02A0906_004 in /tmp/pbe_data.data.home.granepura.5-Kinases.Kinases_MCCE.Trial01.run_holo.4WKQ_GLU02A0906_004
2026-09-22 07:38:47 - INFO: step3.py, pbe: Skipping PBE solver for non-charge conformer (448/678) LEU01A0907_001...
2026-09-22 07:38:47 - INFO: step3.py, pbe: ForkPoolWorker-1: Calling delphi to calculate conformer (449/678) MET01A0908_001 in /tmp/pbe_data.data.home.granepura.5-Kinases.Kinases_MCCE.Trial01.run_holo.4WKQ_MET01A0908_001
2026-09-22 07:38:47 - INFO: step3.py, pbe: ForkPoolWorker-4: Calling delphi to calculate conformer (447/678) GLU-1A0906_005 in /tmp/pbe_data.data.home.granepura.5-Kinases.Kinases_MCCE.Trial01.run_holo.4WKQ_GLU-1A0906_005
2026-09-22 07:38:47 - INFO: step3.py, pbe: ForkPoolWorker-2: Calling delphi to calculate conformer (450/678) THR01A0909_001 in /tmp/pbe_data.data.home.granepura.5-Kinases.Kinases_MCCE.Trial01.run_holo.4WKQ_THR01A0909_001
2026-09-22 07:38:47 - INFO: step3.py, pbe: ForkPoolWorker-3: Calling delphi to calculate conformer (451/678) THR01A0909_002 in /tmp/pbe_data.data.home.granepura.5-Kinases.Kinases_MCCE.Trial01.run_holo.4WKQ_THR01A0909_002
2026-09-22 07:38:48 - INFO: step3.py, pbe: Skipping PBE solver for non-charge conformer (452/678) PHE01A0910_001...
2026-09-22 07:38:48 - INFO: step3.py, pbe: ForkPoolWorker-5: Calling delphi to calculate conformer (453/678) SER01A0912_001 in /tmp/pbe_data.data.home.granepura.5-Kinases.Kinases_MCCE.Trial01.run_holo.4WKQ_SER01A0912_001
2026-09-22 07:38:52 - INFO: step3.py, pbe: ForkPoolWorker-1: Calling delphi to calculate conformer (454/678) SER01A0912_002 in /tmp/pbe_data.data.home.granepura.5-Kinases.Kinases_MCCE.Trial01.run_holo.4WKQ_SER01A0912_002
2026-09-22 07:38:52 - INFO: step3.py, pbe: ForkPoolWorker-4: Calling delphi to calculate conformer (455/678) LYS01A0913_001 in /tmp/pbe_data.data.home.granepura.5-Kinases.Kinases_MCCE.Trial01.run_holo.4WKQ_LYS01A0913_001
2026-09-22 07:38:52 - INFO: step3.py, pbe: ForkPoolWorker-2: Calling delphi to calculate conformer (456/678) LYS+1A0913_002 in /tmp/pbe_data.data.home.granepura.5-Kinases.Kinases_MCCE.Trial01.run_holo.4WKQ_LYS+1A0913_002
2026-09-22 07:38:52 - INFO: step3.py, pbe: Skipping PBE solver for non-charge conformer (457/678) PRO01A0914_001...
2026-09-22 07:38:52 - INFO: step3.py, pbe: ForkPoolWorker-3: Calling delphi to calculate conformer (458/678) TYR01A0915_001 in /tmp/pbe_data.data.home.granepura.5-Kinases.Kinases_MCCE.Trial01.run_holo.4WKQ_TYR01A0915_001
2026-09-22 07:38:52 - INFO: step3.py, pbe: ForkPoolWorker-5: Calling delphi to calculate conformer (459/678) TYR01A0915_002 in /tmp/pbe_data.data.home.granepura.5-Kinases.Kinases_MCCE.Trial01.run_holo.4WKQ_TYR01A0915_002
2026-09-22 07:38:56 - INFO: step3.py, pbe: ForkPoolWorker-1: Calling delphi to calculate conformer (460/678) TYR-1A0915_003 in /tmp/pbe_data.data.home.granepura.5-Kinases.Kinases_MCCE.Trial01.run_holo.4WKQ_TYR-1A0915_003
2026-09-22 07:38:56 - INFO: step3.py, pbe: ForkPoolWorker-4: Calling delphi to calculate conformer (461/678) ASP01A0916_001 in /tmp/pbe_data.data.home.granepura.5-Kinases.Kinases_MCCE.Trial01.run_holo.4WKQ_ASP01A0916_001
2026-09-22 07:38:56 - INFO: step3.py, pbe: ForkPoolWorker-2: Calling delphi to calculate conformer (462/678) ASP01A0916_002 in /tmp/pbe_data.data.home.granepura.5-Kinases.Kinases_MCCE.Trial01.run_holo.4WKQ_ASP01A0916_002
2026-09-22 07:38:57 - INFO: step3.py, pbe: ForkPoolWorker-3: Calling delphi to calculate conformer (463/678) ASP02A0916_003 in /tmp/pbe_data.data.home.granepura.5-Kinases.Kinases_MCCE.Trial01.run_holo.4WKQ_ASP02A0916_003
2026-09-22 07:38:57 - INFO: step3.py, pbe: ForkPoolWorker-5: Calling delphi to calculate conformer (464/678) ASP02A0916_004 in /tmp/pbe_data.data.home.granepura.5-Kinases.Kinases_MCCE.Trial01.run_holo.4WKQ_ASP02A0916_004
2026-09-22 07:39:01 - INFO: step3.py, pbe: ForkPoolWorker-1: Calling delphi to calculate conformer (465/678) ASP-1A0916_005 in /tmp/pbe_data.data.home.granepura.5-Kinases.Kinases_MCCE.Trial01.run_holo.4WKQ_ASP-1A0916_005
2026-09-22 07:39:01 - INFO: step3.py, pbe: Skipping PBE solver for non-charge conformer (466/678) ILE01A0918_001...
2026-09-22 07:39:01 - INFO: step3.py, pbe: Skipping PBE solver for non-charge conformer (467/678) PRO01A0919_001...
2026-09-22 07:39:01 - INFO: step3.py, pbe: Skipping PBE solver for non-charge conformer (468/678) ALA01A0920_001...
2026-09-22 07:39:01 - INFO: step3.py, pbe: ForkPoolWorker-4: Calling delphi to calculate conformer (469/678) SER01A0921_001 in /tmp/pbe_data.data.home.granepura.5-Kinases.Kinases_MCCE.Trial01.run_holo.4WKQ_SER01A0921_001
2026-09-22 07:39:01 - INFO: step3.py, pbe: ForkPoolWorker-2: Calling delphi to calculate conformer (470/678) SER01A0921_002 in /tmp/pbe_data.data.home.granepura.5-Kinases.Kinases_MCCE.Trial01.run_holo.4WKQ_SER01A0921_002
2026-09-22 07:39:01 - INFO: step3.py, pbe: ForkPoolWorker-3: Calling delphi to calculate conformer (471/678) GLU01A0922_001 in /tmp/pbe_data.data.home.granepura.5-Kinases.Kinases_MCCE.Trial01.run_holo.4WKQ_GLU01A0922_001
2026-09-22 07:39:02 - INFO: step3.py, pbe: ForkPoolWorker-5: Calling delphi to calculate conformer (472/678) GLU01A0922_002 in /tmp/pbe_data.data.home.granepura.5-Kinases.Kinases_MCCE.Trial01.run_holo.4WKQ_GLU01A0922_002
2026-09-22 07:39:05 - INFO: step3.py, pbe: ForkPoolWorker-1: Calling delphi to calculate conformer (473/678) GLU02A0922_003 in /tmp/pbe_data.data.home.granepura.5-Kinases.Kinases_MCCE.Trial01.run_holo.4WKQ_GLU02A0922_003
2026-09-22 07:39:06 - INFO: step3.py, pbe: ForkPoolWorker-2: Calling delphi to calculate conformer (474/678) GLU02A0922_004 in /tmp/pbe_data.data.home.granepura.5-Kinases.Kinases_MCCE.Trial01.run_holo.4WKQ_GLU02A0922_004
2026-09-22 07:39:06 - INFO: step3.py, pbe: ForkPoolWorker-4: Calling delphi to calculate conformer (475/678) GLU-1A0922_005 in /tmp/pbe_data.data.home.granepura.5-Kinases.Kinases_MCCE.Trial01.run_holo.4WKQ_GLU-1A0922_005
2026-09-22 07:39:06 - INFO: step3.py, pbe: Skipping PBE solver for non-charge conformer (476/678) ILE01A0923_001...
2026-09-22 07:39:06 - INFO: step3.py, pbe: ForkPoolWorker-3: Calling delphi to calculate conformer (477/678) SER01A0924_001 in /tmp/pbe_data.data.home.granepura.5-Kinases.Kinases_MCCE.Trial01.run_holo.4WKQ_SER01A0924_001
2026-09-22 07:39:06 - INFO: step3.py, pbe: ForkPoolWorker-5: Calling delphi to calculate conformer (478/678) SER01A0924_002 in /tmp/pbe_data.data.home.granepura.5-Kinases.Kinases_MCCE.Trial01.run_holo.4WKQ_SER01A0924_002
2026-09-22 07:39:10 - INFO: step3.py, pbe: ForkPoolWorker-2: Calling delphi to calculate conformer (479/678) SER01A0924_003 in /tmp/pbe_data.data.home.granepura.5-Kinases.Kinases_MCCE.Trial01.run_holo.4WKQ_SER01A0924_003
2026-09-22 07:39:10 - INFO: step3.py, pbe: ForkPoolWorker-4: Calling delphi to calculate conformer (481/678) SER01A0925_001 in /tmp/pbe_data.data.home.granepura.5-Kinases.Kinases_MCCE.Trial01.run_holo.4WKQ_SER01A0925_001
2026-09-22 07:39:10 - INFO: step3.py, pbe: ForkPoolWorker-1: Calling delphi to calculate conformer (480/678) SER01A0924_004 in /tmp/pbe_data.data.home.granepura.5-Kinases.Kinases_MCCE.Trial01.run_holo.4WKQ_SER01A0924_004
2026-09-22 07:39:10 - INFO: step3.py, pbe: ForkPoolWorker-3: Calling delphi to calculate conformer (482/678) SER01A0925_002 in /tmp/pbe_data.data.home.granepura.5-Kinases.Kinases_MCCE.Trial01.run_holo.4WKQ_SER01A0925_002
2026-09-22 07:39:11 - INFO: step3.py, pbe: Skipping PBE solver for non-charge conformer (483/678) ILE01A0926_001...
2026-09-22 07:39:11 - INFO: step3.py, pbe: Skipping PBE solver for non-charge conformer (484/678) LEU01A0927_001...
2026-09-22 07:39:11 - INFO: step3.py, pbe: ForkPoolWorker-5: Calling delphi to calculate conformer (485/678) GLU01A0928_001 in /tmp/pbe_data.data.home.granepura.5-Kinases.Kinases_MCCE.Trial01.run_holo.4WKQ_GLU01A0928_001
2026-09-22 07:39:15 - INFO: step3.py, pbe: ForkPoolWorker-1: Calling delphi to calculate conformer (487/678) GLU02A0928_003 in /tmp/pbe_data.data.home.granepura.5-Kinases.Kinases_MCCE.Trial01.run_holo.4WKQ_GLU02A0928_003
2026-09-22 07:39:15 - INFO: step3.py, pbe: ForkPoolWorker-2: Calling delphi to calculate conformer (486/678) GLU01A0928_002 in /tmp/pbe_data.data.home.granepura.5-Kinases.Kinases_MCCE.Trial01.run_holo.4WKQ_GLU01A0928_002
2026-09-22 07:39:15 - INFO: step3.py, pbe: ForkPoolWorker-4: Calling delphi to calculate conformer (488/678) GLU02A0928_004 in /tmp/pbe_data.data.home.granepura.5-Kinases.Kinases_MCCE.Trial01.run_holo.4WKQ_GLU02A0928_004
2026-09-22 07:39:15 - INFO: step3.py, pbe: ForkPoolWorker-3: Calling delphi to calculate conformer (489/678) GLU-1A0928_005 in /tmp/pbe_data.data.home.granepura.5-Kinases.Kinases_MCCE.Trial01.run_holo.4WKQ_GLU-1A0928_005
2026-09-22 07:39:15 - INFO: step3.py, pbe: ForkPoolWorker-5: Calling delphi to calculate conformer (490/678) LYS01A0929_001 in /tmp/pbe_data.data.home.granepura.5-Kinases.Kinases_MCCE.Trial01.run_holo.4WKQ_LYS01A0929_001
2026-09-22 07:39:19 - INFO: step3.py, pbe: ForkPoolWorker-2: Calling delphi to calculate conformer (491/678) LYS+1A0929_002 in /tmp/pbe_data.data.home.granepura.5-Kinases.Kinases_MCCE.Trial01.run_holo.4WKQ_LYS+1A0929_002
2026-09-22 07:39:19 - INFO: step3.py, pbe: ForkPoolWorker-1: Calling delphi to calculate conformer (492/678) GLU01A0931_001 in /tmp/pbe_data.data.home.granepura.5-Kinases.Kinases_MCCE.Trial01.run_holo.4WKQ_GLU01A0931_001
2026-09-22 07:39:19 - INFO: step3.py, pbe: ForkPoolWorker-4: Calling delphi to calculate conformer (493/678) GLU01A0931_002 in /tmp/pbe_data.data.home.granepura.5-Kinases.Kinases_MCCE.Trial01.run_holo.4WKQ_GLU01A0931_002
2026-09-22 07:39:20 - INFO: step3.py, pbe: ForkPoolWorker-3: Calling delphi to calculate conformer (494/678) GLU02A0931_003 in /tmp/pbe_data.data.home.granepura.5-Kinases.Kinases_MCCE.Trial01.run_holo.4WKQ_GLU02A0931_003
2026-09-22 07:39:20 - INFO: step3.py, pbe: ForkPoolWorker-5: Calling delphi to calculate conformer (495/678) GLU02A0931_004 in /tmp/pbe_data.data.home.granepura.5-Kinases.Kinases_MCCE.Trial01.run_holo.4WKQ_GLU02A0931_004
2026-09-22 07:39:24 - INFO: step3.py, pbe: ForkPoolWorker-1: Calling delphi to calculate conformer (496/678) GLU-1A0931_005 in /tmp/pbe_data.data.home.granepura.5-Kinases.Kinases_MCCE.Trial01.run_holo.4WKQ_GLU-1A0931_005
2026-09-22 07:39:24 - INFO: step3.py, pbe: ForkPoolWorker-2: Calling delphi to calculate conformer (497/678) ARG01A0932_001 in /tmp/pbe_data.data.home.granepura.5-Kinases.Kinases_MCCE.Trial01.run_holo.4WKQ_ARG01A0932_001
2026-09-22 07:39:24 - INFO: step3.py, pbe: ForkPoolWorker-4: Calling delphi to calculate conformer (498/678) ARG02A0932_002 in /tmp/pbe_data.data.home.granepura.5-Kinases.Kinases_MCCE.Trial01.run_holo.4WKQ_ARG02A0932_002
2026-09-22 07:39:24 - INFO: step3.py, pbe: ForkPoolWorker-3: Calling delphi to calculate conformer (499/678) ARG03A0932_003 in /tmp/pbe_data.data.home.granepura.5-Kinases.Kinases_MCCE.Trial01.run_holo.4WKQ_ARG03A0932_003
2026-09-22 07:39:25 - INFO: step3.py, pbe: ForkPoolWorker-5: Calling delphi to calculate conformer (500/678) ARG03A0932_004 in /tmp/pbe_data.data.home.granepura.5-Kinases.Kinases_MCCE.Trial01.run_holo.4WKQ_ARG03A0932_004
2026-09-22 07:39:29 - INFO: step3.py, pbe: ForkPoolWorker-1: Calling delphi to calculate conformer (501/678) ARG+1A0932_005 in /tmp/pbe_data.data.home.granepura.5-Kinases.Kinases_MCCE.Trial01.run_holo.4WKQ_ARG+1A0932_005
2026-09-22 07:39:29 - INFO: step3.py, pbe: Skipping PBE solver for non-charge conformer (502/678) LEU01A0933_001...
2026-09-22 07:39:29 - INFO: step3.py, pbe: Skipping PBE solver for non-charge conformer (503/678) PRO01A0934_001...
2026-09-22 07:39:29 - INFO: step3.py, pbe: ForkPoolWorker-2: Calling delphi to calculate conformer (504/678) GLN01A0935_001 in /tmp/pbe_data.data.home.granepura.5-Kinases.Kinases_MCCE.Trial01.run_holo.4WKQ_GLN01A0935_001
2026-09-22 07:39:29 - INFO: step3.py, pbe: ForkPoolWorker-4: Calling delphi to calculate conformer (505/678) GLN01A0935_002 in /tmp/pbe_data.data.home.granepura.5-Kinases.Kinases_MCCE.Trial01.run_holo.4WKQ_GLN01A0935_002
2026-09-22 07:39:29 - INFO: step3.py, pbe: Skipping PBE solver for non-charge conformer (506/678) PRO01A0936_001...
2026-09-22 07:39:29 - INFO: step3.py, pbe: Skipping PBE solver for non-charge conformer (507/678) PRO01A0937_001...
2026-09-22 07:39:29 - INFO: step3.py, pbe: Skipping PBE solver for non-charge conformer (508/678) ILE01A0938_001...
2026-09-22 07:39:29 - INFO: step3.py, pbe: ForkPoolWorker-3: Calling delphi to calculate conformer (509/678) CYS01A0939_001 in /tmp/pbe_data.data.home.granepura.5-Kinases.Kinases_MCCE.Trial01.run_holo.4WKQ_CYS01A0939_001
2026-09-22 07:39:29 - INFO: step3.py, pbe: ForkPoolWorker-5: Calling delphi to calculate conformer (510/678) CYS01A0939_002 in /tmp/pbe_data.data.home.granepura.5-Kinases.Kinases_MCCE.Trial01.run_holo.4WKQ_CYS01A0939_002
2026-09-22 07:39:33 - INFO: step3.py, pbe: ForkPoolWorker-1: Calling delphi to calculate conformer (511/678) CYS01A0939_003 in /tmp/pbe_data.data.home.granepura.5-Kinases.Kinases_MCCE.Trial01.run_holo.4WKQ_CYS01A0939_003
2026-09-22 07:39:33 - INFO: step3.py, pbe: ForkPoolWorker-4: Calling delphi to calculate conformer (512/678) CYS-1A0939_004 in /tmp/pbe_data.data.home.granepura.5-Kinases.Kinases_MCCE.Trial01.run_holo.4WKQ_CYS-1A0939_004
2026-09-22 07:39:33 - INFO: step3.py, pbe: ForkPoolWorker-2: Calling delphi to calculate conformer (513/678) THR01A0940_001 in /tmp/pbe_data.data.home.granepura.5-Kinases.Kinases_MCCE.Trial01.run_holo.4WKQ_THR01A0940_001
2026-09-22 07:39:34 - INFO: step3.py, pbe: ForkPoolWorker-3: Calling delphi to calculate conformer (514/678) THR01A0940_002 in /tmp/pbe_data.data.home.granepura.5-Kinases.Kinases_MCCE.Trial01.run_holo.4WKQ_THR01A0940_002
2026-09-22 07:39:34 - INFO: step3.py, pbe: Skipping PBE solver for non-charge conformer (515/678) ILE01A0941_001...
2026-09-22 07:39:34 - INFO: step3.py, pbe: ForkPoolWorker-5: Calling delphi to calculate conformer (516/678) ASP01A0942_001 in /tmp/pbe_data.data.home.granepura.5-Kinases.Kinases_MCCE.Trial01.run_holo.4WKQ_ASP01A0942_001
2026-09-22 07:39:38 - INFO: step3.py, pbe: ForkPoolWorker-1: Calling delphi to calculate conformer (517/678) ASP01A0942_002 in /tmp/pbe_data.data.home.granepura.5-Kinases.Kinases_MCCE.Trial01.run_holo.4WKQ_ASP01A0942_002
2026-09-22 07:39:38 - INFO: step3.py, pbe: ForkPoolWorker-2: Calling delphi to calculate conformer (518/678) ASP02A0942_003 in /tmp/pbe_data.data.home.granepura.5-Kinases.Kinases_MCCE.Trial01.run_holo.4WKQ_ASP02A0942_003
2026-09-22 07:39:38 - INFO: step3.py, pbe: ForkPoolWorker-4: Calling delphi to calculate conformer (519/678) ASP02A0942_004 in /tmp/pbe_data.data.home.granepura.5-Kinases.Kinases_MCCE.Trial01.run_holo.4WKQ_ASP02A0942_004
2026-09-22 07:39:38 - INFO: step3.py, pbe: ForkPoolWorker-3: Calling delphi to calculate conformer (520/678) ASP-1A0942_005 in /tmp/pbe_data.data.home.granepura.5-Kinases.Kinases_MCCE.Trial01.run_holo.4WKQ_ASP-1A0942_005
2026-09-22 07:39:39 - INFO: step3.py, pbe: Skipping PBE solver for non-charge conformer (521/678) VAL01A0943_001...
2026-09-22 07:39:39 - INFO: step3.py, pbe: ForkPoolWorker-5: Calling delphi to calculate conformer (522/678) TYR01A0944_001 in /tmp/pbe_data.data.home.granepura.5-Kinases.Kinases_MCCE.Trial01.run_holo.4WKQ_TYR01A0944_001
2026-09-22 07:39:43 - INFO: step3.py, pbe: ForkPoolWorker-4: Calling delphi to calculate conformer (523/678) TYR01A0944_002 in /tmp/pbe_data.data.home.granepura.5-Kinases.Kinases_MCCE.Trial01.run_holo.4WKQ_TYR01A0944_002
2026-09-22 07:39:43 - INFO: step3.py, pbe: ForkPoolWorker-2: Calling delphi to calculate conformer (524/678) TYR-1A0944_003 in /tmp/pbe_data.data.home.granepura.5-Kinases.Kinases_MCCE.Trial01.run_holo.4WKQ_TYR-1A0944_003
2026-09-22 07:39:43 - INFO: step3.py, pbe: ForkPoolWorker-1: Calling delphi to calculate conformer (525/678) MET01A0945_001 in /tmp/pbe_data.data.home.granepura.5-Kinases.Kinases_MCCE.Trial01.run_holo.4WKQ_MET01A0945_001
2026-09-22 07:39:43 - INFO: step3.py, pbe: Skipping PBE solver for non-charge conformer (526/678) ILE01A0946_001...
2026-09-22 07:39:43 - INFO: step3.py, pbe: ForkPoolWorker-3: Calling delphi to calculate conformer (527/678) MET01A0947_001 in /tmp/pbe_data.data.home.granepura.5-Kinases.Kinases_MCCE.Trial01.run_holo.4WKQ_MET01A0947_001
2026-09-22 07:39:43 - INFO: step3.py, pbe: Skipping PBE solver for non-charge conformer (528/678) VAL01A0948_001...
2026-09-22 07:39:43 - INFO: step3.py, pbe: ForkPoolWorker-5: Calling delphi to calculate conformer (529/678) LYS01A0949_001 in /tmp/pbe_data.data.home.granepura.5-Kinases.Kinases_MCCE.Trial01.run_holo.4WKQ_LYS01A0949_001
2026-09-22 07:39:47 - INFO: step3.py, pbe: ForkPoolWorker-2: Calling delphi to calculate conformer (530/678) LYS+1A0949_002 in /tmp/pbe_data.data.home.granepura.5-Kinases.Kinases_MCCE.Trial01.run_holo.4WKQ_LYS+1A0949_002
2026-09-22 07:39:47 - INFO: step3.py, pbe: ForkPoolWorker-1: Calling delphi to calculate conformer (531/678) CYS01A0950_001 in /tmp/pbe_data.data.home.granepura.5-Kinases.Kinases_MCCE.Trial01.run_holo.4WKQ_CYS01A0950_001
2026-09-22 07:39:47 - INFO: step3.py, pbe: ForkPoolWorker-4: Calling delphi to calculate conformer (532/678) CYS01A0950_002 in /tmp/pbe_data.data.home.granepura.5-Kinases.Kinases_MCCE.Trial01.run_holo.4WKQ_CYS01A0950_002
2026-09-22 07:39:48 - INFO: step3.py, pbe: ForkPoolWorker-3: Calling delphi to calculate conformer (533/678) CYS01A0950_003 in /tmp/pbe_data.data.home.granepura.5-Kinases.Kinases_MCCE.Trial01.run_holo.4WKQ_CYS01A0950_003
2026-09-22 07:39:48 - INFO: step3.py, pbe: ForkPoolWorker-5: Calling delphi to calculate conformer (534/678) CYS-1A0950_004 in /tmp/pbe_data.data.home.granepura.5-Kinases.Kinases_MCCE.Trial01.run_holo.4WKQ_CYS-1A0950_004
2026-09-22 07:39:52 - INFO: step3.py, pbe: Skipping PBE solver for non-charge conformer (535/678) TRP01A0951_001...
2026-09-22 07:39:52 - INFO: step3.py, pbe: ForkPoolWorker-2: Calling delphi to calculate conformer (536/678) MET01A0952_001 in /tmp/pbe_data.data.home.granepura.5-Kinases.Kinases_MCCE.Trial01.run_holo.4WKQ_MET01A0952_001
2026-09-22 07:39:52 - INFO: step3.py, pbe: Skipping PBE solver for non-charge conformer (537/678) ILE01A0953_001...
2026-09-22 07:39:52 - INFO: step3.py, pbe: ForkPoolWorker-4: Calling delphi to calculate conformer (538/678) ASP01A0954_001 in /tmp/pbe_data.data.home.granepura.5-Kinases.Kinases_MCCE.Trial01.run_holo.4WKQ_ASP01A0954_001
2026-09-22 07:39:52 - INFO: step3.py, pbe: ForkPoolWorker-1: Calling delphi to calculate conformer (539/678) ASP01A0954_002 in /tmp/pbe_data.data.home.granepura.5-Kinases.Kinases_MCCE.Trial01.run_holo.4WKQ_ASP01A0954_002
2026-09-22 07:39:52 - INFO: step3.py, pbe: ForkPoolWorker-3: Calling delphi to calculate conformer (540/678) ASP02A0954_003 in /tmp/pbe_data.data.home.granepura.5-Kinases.Kinases_MCCE.Trial01.run_holo.4WKQ_ASP02A0954_003
2026-09-22 07:39:53 - INFO: step3.py, pbe: ForkPoolWorker-5: Calling delphi to calculate conformer (541/678) ASP02A0954_004 in /tmp/pbe_data.data.home.granepura.5-Kinases.Kinases_MCCE.Trial01.run_holo.4WKQ_ASP02A0954_004
2026-09-22 07:39:57 - INFO: step3.py, pbe: ForkPoolWorker-2: Calling delphi to calculate conformer (542/678) ASP-1A0954_005 in /tmp/pbe_data.data.home.granepura.5-Kinases.Kinases_MCCE.Trial01.run_holo.4WKQ_ASP-1A0954_005
2026-09-22 07:39:57 - INFO: step3.py, pbe: Skipping PBE solver for non-charge conformer (543/678) ALA01A0955_001...
2026-09-22 07:39:57 - INFO: step3.py, pbe: ForkPoolWorker-4: Calling delphi to calculate conformer (544/678) ASP01A0956_001 in /tmp/pbe_data.data.home.granepura.5-Kinases.Kinases_MCCE.Trial01.run_holo.4WKQ_ASP01A0956_001
2026-09-22 07:39:57 - INFO: step3.py, pbe: ForkPoolWorker-1: Calling delphi to calculate conformer (545/678) ASP01A0956_002 in /tmp/pbe_data.data.home.granepura.5-Kinases.Kinases_MCCE.Trial01.run_holo.4WKQ_ASP01A0956_002
2026-09-22 07:39:57 - INFO: step3.py, pbe: ForkPoolWorker-3: Calling delphi to calculate conformer (546/678) ASP02A0956_003 in /tmp/pbe_data.data.home.granepura.5-Kinases.Kinases_MCCE.Trial01.run_holo.4WKQ_ASP02A0956_003
2026-09-22 07:39:57 - INFO: step3.py, pbe: ForkPoolWorker-5: Calling delphi to calculate conformer (547/678) ASP02A0956_004 in /tmp/pbe_data.data.home.granepura.5-Kinases.Kinases_MCCE.Trial01.run_holo.4WKQ_ASP02A0956_004
2026-09-22 07:40:01 - INFO: step3.py, pbe: ForkPoolWorker-2: Calling delphi to calculate conformer (548/678) ASP-1A0956_005 in /tmp/pbe_data.data.home.granepura.5-Kinases.Kinases_MCCE.Trial01.run_holo.4WKQ_ASP-1A0956_005
2026-09-22 07:40:01 - INFO: step3.py, pbe: ForkPoolWorker-1: Calling delphi to calculate conformer (550/678) SER01A0957_002 in /tmp/pbe_data.data.home.granepura.5-Kinases.Kinases_MCCE.Trial01.run_holo.4WKQ_SER01A0957_002
2026-09-22 07:40:01 - INFO: step3.py, pbe: ForkPoolWorker-4: Calling delphi to calculate conformer (549/678) SER01A0957_001 in /tmp/pbe_data.data.home.granepura.5-Kinases.Kinases_MCCE.Trial01.run_holo.4WKQ_SER01A0957_001
2026-09-22 07:40:02 - INFO: step3.py, pbe: ForkPoolWorker-3: Calling delphi to calculate conformer (551/678) ARG01A0958_001 in /tmp/pbe_data.data.home.granepura.5-Kinases.Kinases_MCCE.Trial01.run_holo.4WKQ_ARG01A0958_001
2026-09-22 07:40:02 - INFO: step3.py, pbe: ForkPoolWorker-5: Calling delphi to calculate conformer (552/678) ARG02A0958_002 in /tmp/pbe_data.data.home.granepura.5-Kinases.Kinases_MCCE.Trial01.run_holo.4WKQ_ARG02A0958_002
2026-09-22 07:40:06 - INFO: step3.py, pbe: ForkPoolWorker-2: Calling delphi to calculate conformer (553/678) ARG02A0958_003 in /tmp/pbe_data.data.home.granepura.5-Kinases.Kinases_MCCE.Trial01.run_holo.4WKQ_ARG02A0958_003
2026-09-22 07:40:06 - INFO: step3.py, pbe: ForkPoolWorker-1: Calling delphi to calculate conformer (554/678) ARG03A0958_004 in /tmp/pbe_data.data.home.granepura.5-Kinases.Kinases_MCCE.Trial01.run_holo.4WKQ_ARG03A0958_004
2026-09-22 07:40:06 - INFO: step3.py, pbe: ForkPoolWorker-4: Calling delphi to calculate conformer (555/678) ARG03A0958_005 in /tmp/pbe_data.data.home.granepura.5-Kinases.Kinases_MCCE.Trial01.run_holo.4WKQ_ARG03A0958_005
2026-09-22 07:40:06 - INFO: step3.py, pbe: ForkPoolWorker-3: Calling delphi to calculate conformer (556/678) ARG+1A0958_006 in /tmp/pbe_data.data.home.granepura.5-Kinases.Kinases_MCCE.Trial01.run_holo.4WKQ_ARG+1A0958_006
2026-09-22 07:40:07 - INFO: step3.py, pbe: Skipping PBE solver for non-charge conformer (557/678) PRO01A0959_001...
2026-09-22 07:40:07 - INFO: step3.py, pbe: ForkPoolWorker-5: Calling delphi to calculate conformer (558/678) LYS01A0960_001 in /tmp/pbe_data.data.home.granepura.5-Kinases.Kinases_MCCE.Trial01.run_holo.4WKQ_LYS01A0960_001
2026-09-22 07:40:10 - INFO: step3.py, pbe: ForkPoolWorker-2: Calling delphi to calculate conformer (559/678) LYS01A0960_002 in /tmp/pbe_data.data.home.granepura.5-Kinases.Kinases_MCCE.Trial01.run_holo.4WKQ_LYS01A0960_002
2026-09-22 07:40:11 - INFO: step3.py, pbe: ForkPoolWorker-1: Calling delphi to calculate conformer (560/678) LYS+1A0960_003 in /tmp/pbe_data.data.home.granepura.5-Kinases.Kinases_MCCE.Trial01.run_holo.4WKQ_LYS+1A0960_003
2026-09-22 07:40:11 - INFO: step3.py, pbe: ForkPoolWorker-4: Calling delphi to calculate conformer (561/678) LYS+1A0960_004 in /tmp/pbe_data.data.home.granepura.5-Kinases.Kinases_MCCE.Trial01.run_holo.4WKQ_LYS+1A0960_004
2026-09-22 07:40:11 - INFO: step3.py, pbe: Skipping PBE solver for non-charge conformer (562/678) PHE01A0961_001...
2026-09-22 07:40:11 - INFO: step3.py, pbe: ForkPoolWorker-3: Calling delphi to calculate conformer (563/678) ARG01A0962_001 in /tmp/pbe_data.data.home.granepura.5-Kinases.Kinases_MCCE.Trial01.run_holo.4WKQ_ARG01A0962_001
2026-09-22 07:40:11 - INFO: step3.py, pbe: ForkPoolWorker-5: Calling delphi to calculate conformer (564/678) ARG02A0962_002 in /tmp/pbe_data.data.home.granepura.5-Kinases.Kinases_MCCE.Trial01.run_holo.4WKQ_ARG02A0962_002
2026-09-22 07:40:15 - INFO: step3.py, pbe: ForkPoolWorker-1: Calling delphi to calculate conformer (565/678) ARG03A0962_003 in /tmp/pbe_data.data.home.granepura.5-Kinases.Kinases_MCCE.Trial01.run_holo.4WKQ_ARG03A0962_003
2026-09-22 07:40:15 - INFO: step3.py, pbe: ForkPoolWorker-2: Calling delphi to calculate conformer (566/678) ARG+1A0962_004 in /tmp/pbe_data.data.home.granepura.5-Kinases.Kinases_MCCE.Trial01.run_holo.4WKQ_ARG+1A0962_004
2026-09-22 07:40:15 - INFO: step3.py, pbe: ForkPoolWorker-4: Calling delphi to calculate conformer (567/678) GLU01A0963_001 in /tmp/pbe_data.data.home.granepura.5-Kinases.Kinases_MCCE.Trial01.run_holo.4WKQ_GLU01A0963_001
2026-09-22 07:40:16 - INFO: step3.py, pbe: ForkPoolWorker-3: Calling delphi to calculate conformer (568/678) GLU01A0963_002 in /tmp/pbe_data.data.home.granepura.5-Kinases.Kinases_MCCE.Trial01.run_holo.4WKQ_GLU01A0963_002
2026-09-22 07:40:16 - INFO: step3.py, pbe: ForkPoolWorker-5: Calling delphi to calculate conformer (569/678) GLU02A0963_003 in /tmp/pbe_data.data.home.granepura.5-Kinases.Kinases_MCCE.Trial01.run_holo.4WKQ_GLU02A0963_003
2026-09-22 07:40:20 - INFO: step3.py, pbe: ForkPoolWorker-1: Calling delphi to calculate conformer (570/678) GLU02A0963_004 in /tmp/pbe_data.data.home.granepura.5-Kinases.Kinases_MCCE.Trial01.run_holo.4WKQ_GLU02A0963_004
2026-09-22 07:40:20 - INFO: step3.py, pbe: ForkPoolWorker-2: Calling delphi to calculate conformer (571/678) GLU-1A0963_005 in /tmp/pbe_data.data.home.granepura.5-Kinases.Kinases_MCCE.Trial01.run_holo.4WKQ_GLU-1A0963_005
2026-09-22 07:40:20 - INFO: step3.py, pbe: Skipping PBE solver for non-charge conformer (572/678) LEU01A0964_001...
2026-09-22 07:40:20 - INFO: step3.py, pbe: Skipping PBE solver for non-charge conformer (573/678) ILE01A0965_001...
2026-09-22 07:40:20 - INFO: step3.py, pbe: Skipping PBE solver for non-charge conformer (574/678) ILE01A0966_001...
2026-09-22 07:40:20 - INFO: step3.py, pbe: ForkPoolWorker-4: Calling delphi to calculate conformer (575/678) GLU01A0967_001 in /tmp/pbe_data.data.home.granepura.5-Kinases.Kinases_MCCE.Trial01.run_holo.4WKQ_GLU01A0967_001
2026-09-22 07:40:20 - INFO: step3.py, pbe: ForkPoolWorker-3: Calling delphi to calculate conformer (576/678) GLU01A0967_002 in /tmp/pbe_data.data.home.granepura.5-Kinases.Kinases_MCCE.Trial01.run_holo.4WKQ_GLU01A0967_002
2026-09-22 07:40:20 - INFO: step3.py, pbe: ForkPoolWorker-5: Calling delphi to calculate conformer (577/678) GLU02A0967_003 in /tmp/pbe_data.data.home.granepura.5-Kinases.Kinases_MCCE.Trial01.run_holo.4WKQ_GLU02A0967_003
2026-09-22 07:40:24 - INFO: step3.py, pbe: ForkPoolWorker-1: Calling delphi to calculate conformer (578/678) GLU02A0967_004 in /tmp/pbe_data.data.home.granepura.5-Kinases.Kinases_MCCE.Trial01.run_holo.4WKQ_GLU02A0967_004
2026-09-22 07:40:24 - INFO: step3.py, pbe: ForkPoolWorker-2: Calling delphi to calculate conformer (579/678) GLU-1A0967_005 in /tmp/pbe_data.data.home.granepura.5-Kinases.Kinases_MCCE.Trial01.run_holo.4WKQ_GLU-1A0967_005
2026-09-22 07:40:24 - INFO: step3.py, pbe: Skipping PBE solver for non-charge conformer (580/678) PHE01A0968_001...
2026-09-22 07:40:24 - INFO: step3.py, pbe: ForkPoolWorker-4: Calling delphi to calculate conformer (581/678) SER01A0969_001 in /tmp/pbe_data.data.home.granepura.5-Kinases.Kinases_MCCE.Trial01.run_holo.4WKQ_SER01A0969_001
2026-09-22 07:40:25 - INFO: step3.py, pbe: ForkPoolWorker-3: Calling delphi to calculate conformer (582/678) SER01A0969_002 in /tmp/pbe_data.data.home.granepura.5-Kinases.Kinases_MCCE.Trial01.run_holo.4WKQ_SER01A0969_002
2026-09-22 07:40:25 - INFO: step3.py, pbe: ForkPoolWorker-5: Calling delphi to calculate conformer (583/678) LYS01A0970_001 in /tmp/pbe_data.data.home.granepura.5-Kinases.Kinases_MCCE.Trial01.run_holo.4WKQ_LYS01A0970_001
2026-09-22 07:40:29 - INFO: step3.py, pbe: ForkPoolWorker-1: Calling delphi to calculate conformer (584/678) LYS+1A0970_002 in /tmp/pbe_data.data.home.granepura.5-Kinases.Kinases_MCCE.Trial01.run_holo.4WKQ_LYS+1A0970_002
2026-09-22 07:40:29 - INFO: step3.py, pbe: ForkPoolWorker-2: Calling delphi to calculate conformer (585/678) MET01A0971_001 in /tmp/pbe_data.data.home.granepura.5-Kinases.Kinases_MCCE.Trial01.run_holo.4WKQ_MET01A0971_001
2026-09-22 07:40:29 - INFO: step3.py, pbe: Skipping PBE solver for non-charge conformer (586/678) ALA01A0972_001...
2026-09-22 07:40:29 - INFO: step3.py, pbe: ForkPoolWorker-4: Calling delphi to calculate conformer (587/678) ARG01A0973_001 in /tmp/pbe_data.data.home.granepura.5-Kinases.Kinases_MCCE.Trial01.run_holo.4WKQ_ARG01A0973_001
2026-09-22 07:40:29 - INFO: step3.py, pbe: ForkPoolWorker-3: Calling delphi to calculate conformer (588/678) ARG02A0973_002 in /tmp/pbe_data.data.home.granepura.5-Kinases.Kinases_MCCE.Trial01.run_holo.4WKQ_ARG02A0973_002
2026-09-22 07:40:29 - INFO: step3.py, pbe: ForkPoolWorker-5: Calling delphi to calculate conformer (589/678) ARG03A0973_003 in /tmp/pbe_data.data.home.granepura.5-Kinases.Kinases_MCCE.Trial01.run_holo.4WKQ_ARG03A0973_003
2026-09-22 07:40:33 - INFO: step3.py, pbe: ForkPoolWorker-1: Calling delphi to calculate conformer (590/678) ARG+1A0973_004 in /tmp/pbe_data.data.home.granepura.5-Kinases.Kinases_MCCE.Trial01.run_holo.4WKQ_ARG+1A0973_004
2026-09-22 07:40:34 - INFO: step3.py, pbe: ForkPoolWorker-2: Calling delphi to calculate conformer (591/678) ASP01A0974_001 in /tmp/pbe_data.data.home.granepura.5-Kinases.Kinases_MCCE.Trial01.run_holo.4WKQ_ASP01A0974_001
2026-09-22 07:40:34 - INFO: step3.py, pbe: ForkPoolWorker-4: Calling delphi to calculate conformer (592/678) ASP01A0974_002 in /tmp/pbe_data.data.home.granepura.5-Kinases.Kinases_MCCE.Trial01.run_holo.4WKQ_ASP01A0974_002
2026-09-22 07:40:34 - INFO: step3.py, pbe: ForkPoolWorker-3: Calling delphi to calculate conformer (593/678) ASP02A0974_003 in /tmp/pbe_data.data.home.granepura.5-Kinases.Kinases_MCCE.Trial01.run_holo.4WKQ_ASP02A0974_003
2026-09-22 07:40:34 - INFO: step3.py, pbe: ForkPoolWorker-5: Calling delphi to calculate conformer (594/678) ASP02A0974_004 in /tmp/pbe_data.data.home.granepura.5-Kinases.Kinases_MCCE.Trial01.run_holo.4WKQ_ASP02A0974_004
2026-09-22 07:40:38 - INFO: step3.py, pbe: ForkPoolWorker-1: Calling delphi to calculate conformer (595/678) ASP-1A0974_005 in /tmp/pbe_data.data.home.granepura.5-Kinases.Kinases_MCCE.Trial01.run_holo.4WKQ_ASP-1A0974_005
2026-09-22 07:40:38 - INFO: step3.py, pbe: Skipping PBE solver for non-charge conformer (596/678) PRO01A0975_001...
2026-09-22 07:40:38 - INFO: step3.py, pbe: ForkPoolWorker-2: Calling delphi to calculate conformer (597/678) GLN01A0976_001 in /tmp/pbe_data.data.home.granepura.5-Kinases.Kinases_MCCE.Trial01.run_holo.4WKQ_GLN01A0976_001
2026-09-22 07:40:38 - INFO: step3.py, pbe: ForkPoolWorker-4: Calling delphi to calculate conformer (598/678) GLN01A0976_002 in /tmp/pbe_data.data.home.granepura.5-Kinases.Kinases_MCCE.Trial01.run_holo.4WKQ_GLN01A0976_002
2026-09-22 07:40:38 - INFO: step3.py, pbe: ForkPoolWorker-3: Calling delphi to calculate conformer (599/678) ARG01A0977_001 in /tmp/pbe_data.data.home.granepura.5-Kinases.Kinases_MCCE.Trial01.run_holo.4WKQ_ARG01A0977_001
2026-09-22 07:40:39 - INFO: step3.py, pbe: ForkPoolWorker-5: Calling delphi to calculate conformer (600/678) ARG02A0977_002 in /tmp/pbe_data.data.home.granepura.5-Kinases.Kinases_MCCE.Trial01.run_holo.4WKQ_ARG02A0977_002
2026-09-22 07:40:43 - INFO: step3.py, pbe: ForkPoolWorker-1: Calling delphi to calculate conformer (601/678) ARG03A0977_003 in /tmp/pbe_data.data.home.granepura.5-Kinases.Kinases_MCCE.Trial01.run_holo.4WKQ_ARG03A0977_003
2026-09-22 07:40:43 - INFO: step3.py, pbe: ForkPoolWorker-4: Calling delphi to calculate conformer (602/678) ARG+1A0977_004 in /tmp/pbe_data.data.home.granepura.5-Kinases.Kinases_MCCE.Trial01.run_holo.4WKQ_ARG+1A0977_004
2026-09-22 07:40:43 - INFO: step3.py, pbe: ForkPoolWorker-2: Calling delphi to calculate conformer (603/678) TYR01A0978_001 in /tmp/pbe_data.data.home.granepura.5-Kinases.Kinases_MCCE.Trial01.run_holo.4WKQ_TYR01A0978_001
2026-09-22 07:40:43 - INFO: step3.py, pbe: ForkPoolWorker-3: Calling delphi to calculate conformer (604/678) TYR01A0978_002 in /tmp/pbe_data.data.home.granepura.5-Kinases.Kinases_MCCE.Trial01.run_holo.4WKQ_TYR01A0978_002
2026-09-22 07:40:43 - INFO: step3.py, pbe: ForkPoolWorker-5: Calling delphi to calculate conformer (605/678) TYR-1A0978_003 in /tmp/pbe_data.data.home.granepura.5-Kinases.Kinases_MCCE.Trial01.run_holo.4WKQ_TYR-1A0978_003
2026-09-22 07:40:47 - INFO: step3.py, pbe: Skipping PBE solver for non-charge conformer (606/678) LEU01A0979_001...
2026-09-22 07:40:47 - INFO: step3.py, pbe: Skipping PBE solver for non-charge conformer (607/678) VAL01A0980_001...
2026-09-22 07:40:47 - INFO: step3.py, pbe: ForkPoolWorker-1: Calling delphi to calculate conformer (609/678) GLN01A0982_001 in /tmp/pbe_data.data.home.granepura.5-Kinases.Kinases_MCCE.Trial01.run_holo.4WKQ_GLN01A0982_001
2026-09-22 07:40:47 - INFO: step3.py, pbe: Skipping PBE solver for non-charge conformer (608/678) ILE01A0981_001...
2026-09-22 07:40:47 - INFO: step3.py, pbe: ForkPoolWorker-4: Calling delphi to calculate conformer (610/678) GLN01A0982_002 in /tmp/pbe_data.data.home.granepura.5-Kinases.Kinases_MCCE.Trial01.run_holo.4WKQ_GLN01A0982_002
2026-09-22 07:40:47 - INFO: step3.py, pbe: ForkPoolWorker-2: Calling delphi to calculate conformer (611/678) ASP01A0984_001 in /tmp/pbe_data.data.home.granepura.5-Kinases.Kinases_MCCE.Trial01.run_holo.4WKQ_ASP01A0984_001
2026-09-22 07:40:48 - INFO: step3.py, pbe: ForkPoolWorker-3: Calling delphi to calculate conformer (612/678) ASP01A0984_002 in /tmp/pbe_data.data.home.granepura.5-Kinases.Kinases_MCCE.Trial01.run_holo.4WKQ_ASP01A0984_002
2026-09-22 07:40:48 - INFO: step3.py, pbe: ForkPoolWorker-5: Calling delphi to calculate conformer (613/678) ASP01A0984_003 in /tmp/pbe_data.data.home.granepura.5-Kinases.Kinases_MCCE.Trial01.run_holo.4WKQ_ASP01A0984_003
2026-09-22 07:40:52 - INFO: step3.py, pbe: ForkPoolWorker-1: Calling delphi to calculate conformer (614/678) ASP01A0984_004 in /tmp/pbe_data.data.home.granepura.5-Kinases.Kinases_MCCE.Trial01.run_holo.4WKQ_ASP01A0984_004
2026-09-22 07:40:52 - INFO: step3.py, pbe: ForkPoolWorker-2: Calling delphi to calculate conformer (615/678) ASP02A0984_005 in /tmp/pbe_data.data.home.granepura.5-Kinases.Kinases_MCCE.Trial01.run_holo.4WKQ_ASP02A0984_005
2026-09-22 07:40:52 - INFO: step3.py, pbe: ForkPoolWorker-4: Calling delphi to calculate conformer (616/678) ASP02A0984_006 in /tmp/pbe_data.data.home.granepura.5-Kinases.Kinases_MCCE.Trial01.run_holo.4WKQ_ASP02A0984_006
2026-09-22 07:40:52 - INFO: step3.py, pbe: ForkPoolWorker-3: Calling delphi to calculate conformer (617/678) ASP02A0984_007 in /tmp/pbe_data.data.home.granepura.5-Kinases.Kinases_MCCE.Trial01.run_holo.4WKQ_ASP02A0984_007
2026-09-22 07:40:52 - INFO: step3.py, pbe: ForkPoolWorker-5: Calling delphi to calculate conformer (618/678) ASP02A0984_008 in /tmp/pbe_data.data.home.granepura.5-Kinases.Kinases_MCCE.Trial01.run_holo.4WKQ_ASP02A0984_008
2026-09-22 07:40:56 - INFO: step3.py, pbe: ForkPoolWorker-1: Calling delphi to calculate conformer (619/678) ASP-1A0984_009 in /tmp/pbe_data.data.home.granepura.5-Kinases.Kinases_MCCE.Trial01.run_holo.4WKQ_ASP-1A0984_009
2026-09-22 07:40:56 - INFO: step3.py, pbe: ForkPoolWorker-4: Calling delphi to calculate conformer (620/678) ASP-1A0984_010 in /tmp/pbe_data.data.home.granepura.5-Kinases.Kinases_MCCE.Trial01.run_holo.4WKQ_ASP-1A0984_010
2026-09-22 07:40:56 - INFO: step3.py, pbe: ForkPoolWorker-2: Calling delphi to calculate conformer (621/678) MET01A1007_001 in /tmp/pbe_data.data.home.granepura.5-Kinases.Kinases_MCCE.Trial01.run_holo.4WKQ_MET01A1007_001
2026-09-22 07:40:57 - INFO: step3.py, pbe: ForkPoolWorker-3: Calling delphi to calculate conformer (622/678) ASP01A1008_001 in /tmp/pbe_data.data.home.granepura.5-Kinases.Kinases_MCCE.Trial01.run_holo.4WKQ_ASP01A1008_001
2026-09-22 07:40:57 - INFO: step3.py, pbe: ForkPoolWorker-5: Calling delphi to calculate conformer (623/678) ASP01A1008_002 in /tmp/pbe_data.data.home.granepura.5-Kinases.Kinases_MCCE.Trial01.run_holo.4WKQ_ASP01A1008_002
2026-09-22 07:41:01 - INFO: step3.py, pbe: ForkPoolWorker-1: Calling delphi to calculate conformer (624/678) ASP02A1008_003 in /tmp/pbe_data.data.home.granepura.5-Kinases.Kinases_MCCE.Trial01.run_holo.4WKQ_ASP02A1008_003
2026-09-22 07:41:01 - INFO: step3.py, pbe: ForkPoolWorker-4: Calling delphi to calculate conformer (625/678) ASP02A1008_004 in /tmp/pbe_data.data.home.granepura.5-Kinases.Kinases_MCCE.Trial01.run_holo.4WKQ_ASP02A1008_004
2026-09-22 07:41:01 - INFO: step3.py, pbe: ForkPoolWorker-2: Calling delphi to calculate conformer (626/678) ASP-1A1008_005 in /tmp/pbe_data.data.home.granepura.5-Kinases.Kinases_MCCE.Trial01.run_holo.4WKQ_ASP-1A1008_005
2026-09-22 07:41:01 - INFO: step3.py, pbe: ForkPoolWorker-3: Calling delphi to calculate conformer (627/678) ASP01A1009_001 in /tmp/pbe_data.data.home.granepura.5-Kinases.Kinases_MCCE.Trial01.run_holo.4WKQ_ASP01A1009_001
2026-09-22 07:41:01 - INFO: step3.py, pbe: ForkPoolWorker-5: Calling delphi to calculate conformer (628/678) ASP01A1009_002 in /tmp/pbe_data.data.home.granepura.5-Kinases.Kinases_MCCE.Trial01.run_holo.4WKQ_ASP01A1009_002
2026-09-22 07:41:05 - INFO: step3.py, pbe: ForkPoolWorker-1: Calling delphi to calculate conformer (629/678) ASP02A1009_003 in /tmp/pbe_data.data.home.granepura.5-Kinases.Kinases_MCCE.Trial01.run_holo.4WKQ_ASP02A1009_003
2026-09-22 07:41:05 - INFO: step3.py, pbe: ForkPoolWorker-4: Calling delphi to calculate conformer (630/678) ASP02A1009_004 in /tmp/pbe_data.data.home.granepura.5-Kinases.Kinases_MCCE.Trial01.run_holo.4WKQ_ASP02A1009_004
2026-09-22 07:41:05 - INFO: step3.py, pbe: ForkPoolWorker-2: Calling delphi to calculate conformer (631/678) ASP-1A1009_005 in /tmp/pbe_data.data.home.granepura.5-Kinases.Kinases_MCCE.Trial01.run_holo.4WKQ_ASP-1A1009_005
2026-09-22 07:41:06 - INFO: step3.py, pbe: Skipping PBE solver for non-charge conformer (632/678) VAL01A1010_001...
2026-09-22 07:41:06 - INFO: step3.py, pbe: Skipping PBE solver for non-charge conformer (633/678) VAL01A1011_001...
2026-09-22 07:41:06 - INFO: step3.py, pbe: ForkPoolWorker-3: Calling delphi to calculate conformer (634/678) ASP01A1012_001 in /tmp/pbe_data.data.home.granepura.5-Kinases.Kinases_MCCE.Trial01.run_holo.4WKQ_ASP01A1012_001
2026-09-22 07:41:06 - INFO: step3.py, pbe: ForkPoolWorker-5: Calling delphi to calculate conformer (635/678) ASP01A1012_002 in /tmp/pbe_data.data.home.granepura.5-Kinases.Kinases_MCCE.Trial01.run_holo.4WKQ_ASP01A1012_002
2026-09-22 07:41:10 - INFO: step3.py, pbe: ForkPoolWorker-1: Calling delphi to calculate conformer (636/678) ASP01A1012_003 in /tmp/pbe_data.data.home.granepura.5-Kinases.Kinases_MCCE.Trial01.run_holo.4WKQ_ASP01A1012_003
2026-09-22 07:41:10 - INFO: step3.py, pbe: ForkPoolWorker-4: Calling delphi to calculate conformer (637/678) ASP01A1012_004 in /tmp/pbe_data.data.home.granepura.5-Kinases.Kinases_MCCE.Trial01.run_holo.4WKQ_ASP01A1012_004
2026-09-22 07:41:10 - INFO: step3.py, pbe: ForkPoolWorker-2: Calling delphi to calculate conformer (638/678) ASP02A1012_005 in /tmp/pbe_data.data.home.granepura.5-Kinases.Kinases_MCCE.Trial01.run_holo.4WKQ_ASP02A1012_005
2026-09-22 07:41:11 - INFO: step3.py, pbe: ForkPoolWorker-3: Calling delphi to calculate conformer (639/678) ASP02A1012_006 in /tmp/pbe_data.data.home.granepura.5-Kinases.Kinases_MCCE.Trial01.run_holo.4WKQ_ASP02A1012_006
2026-09-22 07:41:11 - INFO: step3.py, pbe: ForkPoolWorker-5: Calling delphi to calculate conformer (640/678) ASP02A1012_007 in /tmp/pbe_data.data.home.granepura.5-Kinases.Kinases_MCCE.Trial01.run_holo.4WKQ_ASP02A1012_007
2026-09-22 07:41:14 - INFO: step3.py, pbe: ForkPoolWorker-1: Calling delphi to calculate conformer (641/678) ASP02A1012_008 in /tmp/pbe_data.data.home.granepura.5-Kinases.Kinases_MCCE.Trial01.run_holo.4WKQ_ASP02A1012_008
2026-09-22 07:41:15 - INFO: step3.py, pbe: ForkPoolWorker-4: Calling delphi to calculate conformer (642/678) ASP-1A1012_009 in /tmp/pbe_data.data.home.granepura.5-Kinases.Kinases_MCCE.Trial01.run_holo.4WKQ_ASP-1A1012_009
2026-09-22 07:41:15 - INFO: step3.py, pbe: ForkPoolWorker-2: Calling delphi to calculate conformer (643/678) ASP-1A1012_010 in /tmp/pbe_data.data.home.granepura.5-Kinases.Kinases_MCCE.Trial01.run_holo.4WKQ_ASP-1A1012_010
2026-09-22 07:41:15 - INFO: step3.py, pbe: Skipping PBE solver for non-charge conformer (644/678) ALA01A1013_001...
2026-09-22 07:41:15 - INFO: step3.py, pbe: ForkPoolWorker-3: Calling delphi to calculate conformer (645/678) ASP01A1014_001 in /tmp/pbe_data.data.home.granepura.5-Kinases.Kinases_MCCE.Trial01.run_holo.4WKQ_ASP01A1014_001
2026-09-22 07:41:15 - INFO: step3.py, pbe: ForkPoolWorker-5: Calling delphi to calculate conformer (646/678) ASP01A1014_002 in /tmp/pbe_data.data.home.granepura.5-Kinases.Kinases_MCCE.Trial01.run_holo.4WKQ_ASP01A1014_002
2026-09-22 07:41:19 - INFO: step3.py, pbe: ForkPoolWorker-1: Calling delphi to calculate conformer (647/678) ASP01A1014_003 in /tmp/pbe_data.data.home.granepura.5-Kinases.Kinases_MCCE.Trial01.run_holo.4WKQ_ASP01A1014_003
2026-09-22 07:41:19 - INFO: step3.py, pbe: ForkPoolWorker-2: Calling delphi to calculate conformer (649/678) ASP01A1014_005 in /tmp/pbe_data.data.home.granepura.5-Kinases.Kinases_MCCE.Trial01.run_holo.4WKQ_ASP01A1014_005
2026-09-22 07:41:19 - INFO: step3.py, pbe: ForkPoolWorker-4: Calling delphi to calculate conformer (648/678) ASP01A1014_004 in /tmp/pbe_data.data.home.granepura.5-Kinases.Kinases_MCCE.Trial01.run_holo.4WKQ_ASP01A1014_004
2026-09-22 07:41:20 - INFO: step3.py, pbe: ForkPoolWorker-3: Calling delphi to calculate conformer (650/678) ASP01A1014_006 in /tmp/pbe_data.data.home.granepura.5-Kinases.Kinases_MCCE.Trial01.run_holo.4WKQ_ASP01A1014_006
2026-09-22 07:41:20 - INFO: step3.py, pbe: ForkPoolWorker-5: Calling delphi to calculate conformer (651/678) ASP02A1014_007 in /tmp/pbe_data.data.home.granepura.5-Kinases.Kinases_MCCE.Trial01.run_holo.4WKQ_ASP02A1014_007
2026-09-22 07:41:24 - INFO: step3.py, pbe: ForkPoolWorker-1: Calling delphi to calculate conformer (652/678) ASP02A1014_008 in /tmp/pbe_data.data.home.granepura.5-Kinases.Kinases_MCCE.Trial01.run_holo.4WKQ_ASP02A1014_008
2026-09-22 07:41:24 - INFO: step3.py, pbe: ForkPoolWorker-4: Calling delphi to calculate conformer (653/678) ASP02A1014_009 in /tmp/pbe_data.data.home.granepura.5-Kinases.Kinases_MCCE.Trial01.run_holo.4WKQ_ASP02A1014_009
2026-09-22 07:41:24 - INFO: step3.py, pbe: ForkPoolWorker-2: Calling delphi to calculate conformer (654/678) ASP02A1014_010 in /tmp/pbe_data.data.home.granepura.5-Kinases.Kinases_MCCE.Trial01.run_holo.4WKQ_ASP02A1014_010
2026-09-22 07:41:24 - INFO: step3.py, pbe: ForkPoolWorker-3: Calling delphi to calculate conformer (655/678) ASP02A1014_011 in /tmp/pbe_data.data.home.granepura.5-Kinases.Kinases_MCCE.Trial01.run_holo.4WKQ_ASP02A1014_011
2026-09-22 07:41:24 - INFO: step3.py, pbe: ForkPoolWorker-5: Calling delphi to calculate conformer (656/678) ASP02A1014_012 in /tmp/pbe_data.data.home.granepura.5-Kinases.Kinases_MCCE.Trial01.run_holo.4WKQ_ASP02A1014_012
2026-09-22 07:41:28 - INFO: step3.py, pbe: ForkPoolWorker-1: Calling delphi to calculate conformer (657/678) ASP-1A1014_013 in /tmp/pbe_data.data.home.granepura.5-Kinases.Kinases_MCCE.Trial01.run_holo.4WKQ_ASP-1A1014_013
2026-09-22 07:41:28 - INFO: step3.py, pbe: ForkPoolWorker-2: Calling delphi to calculate conformer (658/678) ASP-1A1014_014 in /tmp/pbe_data.data.home.granepura.5-Kinases.Kinases_MCCE.Trial01.run_holo.4WKQ_ASP-1A1014_014
2026-09-22 07:41:29 - INFO: step3.py, pbe: ForkPoolWorker-4: Calling delphi to calculate conformer (659/678) ASP-1A1014_015 in /tmp/pbe_data.data.home.granepura.5-Kinases.Kinases_MCCE.Trial01.run_holo.4WKQ_ASP-1A1014_015
2026-09-22 07:41:29 - INFO: step3.py, pbe: ForkPoolWorker-3: Calling delphi to calculate conformer (660/678) GLU01A1015_001 in /tmp/pbe_data.data.home.granepura.5-Kinases.Kinases_MCCE.Trial01.run_holo.4WKQ_GLU01A1015_001
2026-09-22 07:41:29 - INFO: step3.py, pbe: ForkPoolWorker-5: Calling delphi to calculate conformer (661/678) GLU01A1015_002 in /tmp/pbe_data.data.home.granepura.5-Kinases.Kinases_MCCE.Trial01.run_holo.4WKQ_GLU01A1015_002
2026-09-22 07:41:33 - INFO: step3.py, pbe: ForkPoolWorker-1: Calling delphi to calculate conformer (662/678) GLU02A1015_003 in /tmp/pbe_data.data.home.granepura.5-Kinases.Kinases_MCCE.Trial01.run_holo.4WKQ_GLU02A1015_003
2026-09-22 07:41:33 - INFO: step3.py, pbe: ForkPoolWorker-2: Calling delphi to calculate conformer (663/678) GLU02A1015_004 in /tmp/pbe_data.data.home.granepura.5-Kinases.Kinases_MCCE.Trial01.run_holo.4WKQ_GLU02A1015_004
2026-09-22 07:41:33 - INFO: step3.py, pbe: ForkPoolWorker-4: Calling delphi to calculate conformer (664/678) GLU-1A1015_005 in /tmp/pbe_data.data.home.granepura.5-Kinases.Kinases_MCCE.Trial01.run_holo.4WKQ_GLU-1A1015_005
2026-09-22 07:41:34 - INFO: step3.py, pbe: ForkPoolWorker-3: Calling delphi to calculate conformer (665/678) TYR01A1016_001 in /tmp/pbe_data.data.home.granepura.5-Kinases.Kinases_MCCE.Trial01.run_holo.4WKQ_TYR01A1016_001
2026-09-22 07:41:34 - INFO: step3.py, pbe: ForkPoolWorker-5: Calling delphi to calculate conformer (666/678) TYR01A1016_002 in /tmp/pbe_data.data.home.granepura.5-Kinases.Kinases_MCCE.Trial01.run_holo.4WKQ_TYR01A1016_002
2026-09-22 07:41:38 - INFO: step3.py, pbe: ForkPoolWorker-1: Calling delphi to calculate conformer (667/678) TYR-1A1016_003 in /tmp/pbe_data.data.home.granepura.5-Kinases.Kinases_MCCE.Trial01.run_holo.4WKQ_TYR-1A1016_003
2026-09-22 07:41:38 - INFO: step3.py, pbe: Skipping PBE solver for non-charge conformer (668/678) LEU01A1017_001...
2026-09-22 07:41:38 - INFO: step3.py, pbe: Skipping PBE solver for non-charge conformer (669/678) ILE01A1018_001...
2026-09-22 07:41:38 - INFO: step3.py, pbe: Skipping PBE solver for non-charge conformer (670/678) PRO01A1019_001...
2026-09-22 07:41:38 - INFO: step3.py, pbe: ForkPoolWorker-2: Calling delphi to calculate conformer (671/678) GLN01A1020_001 in /tmp/pbe_data.data.home.granepura.5-Kinases.Kinases_MCCE.Trial01.run_holo.4WKQ_GLN01A1020_001
2026-09-22 07:41:38 - INFO: step3.py, pbe: ForkPoolWorker-4: Calling delphi to calculate conformer (672/678) GLN01A1020_002 in /tmp/pbe_data.data.home.granepura.5-Kinases.Kinases_MCCE.Trial01.run_holo.4WKQ_GLN01A1020_002
2026-09-22 07:41:38 - INFO: step3.py, pbe: ForkPoolWorker-3: Calling delphi to calculate conformer (673/678) IRE+aA1101_001 in /tmp/pbe_data.data.home.granepura.5-Kinases.Kinases_MCCE.Trial01.run_holo.4WKQ_IRE+aA1101_001
2026-09-22 07:41:38 - INFO: step3.py, pbe: ForkPoolWorker-5: Calling delphi to calculate conformer (674/678) IRE01A1101_002 in /tmp/pbe_data.data.home.granepura.5-Kinases.Kinases_MCCE.Trial01.run_holo.4WKQ_IRE01A1101_002
2026-09-22 07:41:42 - INFO: step3.py, pbe: ForkPoolWorker-1: Calling delphi to calculate conformer (675/678) IRE+1A1101_003 in /tmp/pbe_data.data.home.granepura.5-Kinases.Kinases_MCCE.Trial01.run_holo.4WKQ_IRE+1A1101_003
2026-09-22 07:41:42 - INFO: step3.py, pbe: ForkPoolWorker-2: Calling delphi to calculate conformer (676/678) IRE+2A1101_004 in /tmp/pbe_data.data.home.granepura.5-Kinases.Kinases_MCCE.Trial01.run_holo.4WKQ_IRE+2A1101_004
2026-09-22 07:41:42 - INFO: step3.py, pbe: ForkPoolWorker-4: Calling delphi to calculate conformer (677/678) IRE+3A1101_005 in /tmp/pbe_data.data.home.granepura.5-Kinases.Kinases_MCCE.Trial01.run_holo.4WKQ_IRE+3A1101_005
2026-09-22 07:41:43 - INFO: step3.py, pbe: ForkPoolWorker-3: Calling delphi to calculate conformer (678/678) _NA+1A1102_001 in /tmp/pbe_data.data.home.granepura.5-Kinases.Kinases_MCCE.Trial01.run_holo.4WKQ__NA+1A1102_001
2026-09-22 07:41:47 - INFO: step3.py, <module>:    Time needed: 514 seconds.
2026-09-22 07:41:47 - INFO: step3.py, <module>:    Post-processing of electrostatic potential.
2026-09-22 07:41:47 - INFO: step3.py, <module>:    Processing ele pairwise interaction...
2026-09-22 07:41:49 - INFO: step3.py, <module>:    Time needed: 1 seconds.
2026-09-22 07:41:49 - INFO: step3.py, <module>:    Making atom connectivity ...
2026-09-22 07:41:50 - INFO: step3.py, <module>:    Time needed: 0 seconds.
2026-09-22 07:41:50 - INFO: step3.py, <module>:    Calculating vdw ...
2026-09-22 07:41:55 - INFO: step3.py, <module>:    Time needed: 5 seconds.
2026-09-22 07:41:55 - INFO: step3.py, <module>:    Calculating torsion energy ...
2026-09-22 07:41:56 - INFO: step3.py, <module>:    Time needed: 0 seconds.
2026-09-22 07:41:56 - INFO: step3.py, <module>:    Composing head3.lst ...
2026-09-22 07:41:56 - INFO: step3.py, <module>:    Time needed: 0 seconds.
2026-09-22 07:41:56 - INFO: step3.py, <module>:    Composing opp files ...
2026-09-22 07:41:56 - INFO: step3.py, <module>:    Time needed: 0 seconds.
2026-09-22 07:41:56 - INFO: step3.py, <module>:    Total time for step3 is 523 seconds.
2026-09-22 09:05:43 - INFO: step3.py, <module>: Step 3. Energies calculation with PBE solver.
2026-09-22 09:05:43 - INFO: step3.py, <module>: Calling new VDW....No Scaling Applied
2026-09-22 09:05:43 - INFO: step3.py, <module>:    Process run time options & convert step2_out.pdb.
2026-09-22 09:05:43 - INFO: step3.py, <module>:    Prepare input for PB solver.
2026-09-22 09:05:43 - INFO: step3.py, <module>:    Time needed: 0 seconds.
2026-09-22 09:05:43 - INFO: step3.py, <module>:    Set up parallel envrionment and run PB solver.
2026-09-22 09:05:43 - INFO: step3.py, <module>:    Running PBE solver in 5 threads
2026-09-22 09:05:43 - INFO: step3.py, pbe: Skipping PBE solver for non-charge conformer (1/673) ALA01A0694_001...
2026-09-22 09:05:43 - INFO: step3.py, pbe: ForkPoolWorker-3: Calling delphi to calculate conformer (2/673) MET01A0695_001 in /tmp/pbe_data.data.home.granepura.5-Kinases.Kinases_MCCE.Trial01.run_apo.4WKQ_MET01A0695_001
2026-09-22 09:05:43 - INFO: step3.py, pbe: ForkPoolWorker-1: Calling delphi to calculate conformer (6/673) GLU02A0697_004 in /tmp/pbe_data.data.home.granepura.5-Kinases.Kinases_MCCE.Trial01.run_apo.4WKQ_GLU02A0697_004
2026-09-22 09:05:43 - INFO: step3.py, pbe: ForkPoolWorker-4: Calling delphi to calculate conformer (4/673) GLU01A0697_002 in /tmp/pbe_data.data.home.granepura.5-Kinases.Kinases_MCCE.Trial01.run_apo.4WKQ_GLU01A0697_002
2026-09-22 09:05:43 - INFO: step3.py, pbe: ForkPoolWorker-2: Calling delphi to calculate conformer (3/673) GLU01A0697_001 in /tmp/pbe_data.data.home.granepura.5-Kinases.Kinases_MCCE.Trial01.run_apo.4WKQ_GLU01A0697_001
2026-09-22 09:05:43 - INFO: step3.py, pbe: ForkPoolWorker-5: Calling delphi to calculate conformer (5/673) GLU02A0697_003 in /tmp/pbe_data.data.home.granepura.5-Kinases.Kinases_MCCE.Trial01.run_apo.4WKQ_GLU02A0697_003
2026-09-22 09:05:48 - INFO: step3.py, pbe: ForkPoolWorker-2: Calling delphi to calculate conformer (7/673) GLU-1A0697_005 in /tmp/pbe_data.data.home.granepura.5-Kinases.Kinases_MCCE.Trial01.run_apo.4WKQ_GLU-1A0697_005
2026-09-22 09:05:48 - INFO: step3.py, pbe: Skipping PBE solver for non-charge conformer (8/673) ALA01A0698_001...
2026-09-22 09:05:48 - INFO: step3.py, pbe: Skipping PBE solver for non-charge conformer (9/673) PRO01A0699_001...
2026-09-22 09:05:48 - INFO: step3.py, pbe: ForkPoolWorker-4: Calling delphi to calculate conformer (10/673) ASN01A0700_001 in /tmp/pbe_data.data.home.granepura.5-Kinases.Kinases_MCCE.Trial01.run_apo.4WKQ_ASN01A0700_001
2026-09-22 09:05:48 - INFO: step3.py, pbe: ForkPoolWorker-3: Calling delphi to calculate conformer (11/673) ASN01A0700_002 in /tmp/pbe_data.data.home.granepura.5-Kinases.Kinases_MCCE.Trial01.run_apo.4WKQ_ASN01A0700_002
2026-09-22 09:05:48 - INFO: step3.py, pbe: ForkPoolWorker-5: Calling delphi to calculate conformer (12/673) ASN01A0700_003 in /tmp/pbe_data.data.home.granepura.5-Kinases.Kinases_MCCE.Trial01.run_apo.4WKQ_ASN01A0700_003
2026-09-22 09:05:48 - INFO: step3.py, pbe: ForkPoolWorker-1: Calling delphi to calculate conformer (13/673) ASN01A0700_004 in /tmp/pbe_data.data.home.granepura.5-Kinases.Kinases_MCCE.Trial01.run_apo.4WKQ_ASN01A0700_004
2026-09-22 09:05:53 - INFO: step3.py, pbe: ForkPoolWorker-2: Calling delphi to calculate conformer (14/673) GLN01A0701_001 in /tmp/pbe_data.data.home.granepura.5-Kinases.Kinases_MCCE.Trial01.run_apo.4WKQ_GLN01A0701_001
2026-09-22 09:05:53 - INFO: step3.py, pbe: ForkPoolWorker-5: Calling delphi to calculate conformer (15/673) GLN01A0701_002 in /tmp/pbe_data.data.home.granepura.5-Kinases.Kinases_MCCE.Trial01.run_apo.4WKQ_GLN01A0701_002
2026-09-22 09:05:53 - INFO: step3.py, pbe: Skipping PBE solver for non-charge conformer (16/673) ALA01A0702_001...
2026-09-22 09:05:53 - INFO: step3.py, pbe: Skipping PBE solver for non-charge conformer (17/673) LEU01A0703_001...
2026-09-22 09:05:53 - INFO: step3.py, pbe: Skipping PBE solver for non-charge conformer (18/673) LEU01A0704_001...
2026-09-22 09:05:53 - INFO: step3.py, pbe: ForkPoolWorker-3: Calling delphi to calculate conformer (20/673) ARG02A0705_002 in /tmp/pbe_data.data.home.granepura.5-Kinases.Kinases_MCCE.Trial01.run_apo.4WKQ_ARG02A0705_002
2026-09-22 09:05:53 - INFO: step3.py, pbe: ForkPoolWorker-4: Calling delphi to calculate conformer (19/673) ARG01A0705_001 in /tmp/pbe_data.data.home.granepura.5-Kinases.Kinases_MCCE.Trial01.run_apo.4WKQ_ARG01A0705_001
2026-09-22 09:05:53 - INFO: step3.py, pbe: ForkPoolWorker-1: Calling delphi to calculate conformer (21/673) ARG02A0705_003 in /tmp/pbe_data.data.home.granepura.5-Kinases.Kinases_MCCE.Trial01.run_apo.4WKQ_ARG02A0705_003
2026-09-22 09:05:57 - INFO: step3.py, pbe: ForkPoolWorker-2: Calling delphi to calculate conformer (22/673) ARG03A0705_004 in /tmp/pbe_data.data.home.granepura.5-Kinases.Kinases_MCCE.Trial01.run_apo.4WKQ_ARG03A0705_004
2026-09-22 09:05:57 - INFO: step3.py, pbe: ForkPoolWorker-5: Calling delphi to calculate conformer (23/673) ARG03A0705_005 in /tmp/pbe_data.data.home.granepura.5-Kinases.Kinases_MCCE.Trial01.run_apo.4WKQ_ARG03A0705_005
2026-09-22 09:05:58 - INFO: step3.py, pbe: ForkPoolWorker-4: Calling delphi to calculate conformer (24/673) ARG+1A0705_006 in /tmp/pbe_data.data.home.granepura.5-Kinases.Kinases_MCCE.Trial01.run_apo.4WKQ_ARG+1A0705_006
2026-09-22 09:05:58 - INFO: step3.py, pbe: Skipping PBE solver for non-charge conformer (25/673) ILE01A0706_001...
2026-09-22 09:05:58 - INFO: step3.py, pbe: Skipping PBE solver for non-charge conformer (26/673) LEU01A0707_001...
2026-09-22 09:05:58 - INFO: step3.py, pbe: ForkPoolWorker-3: Calling delphi to calculate conformer (27/673) LYS01A0708_001 in /tmp/pbe_data.data.home.granepura.5-Kinases.Kinases_MCCE.Trial01.run_apo.4WKQ_LYS01A0708_001
2026-09-22 09:05:58 - INFO: step3.py, pbe: ForkPoolWorker-1: Calling delphi to calculate conformer (28/673) LYS+1A0708_002 in /tmp/pbe_data.data.home.granepura.5-Kinases.Kinases_MCCE.Trial01.run_apo.4WKQ_LYS+1A0708_002
2026-09-22 09:06:02 - INFO: step3.py, pbe: ForkPoolWorker-2: Calling delphi to calculate conformer (29/673) GLU01A0709_001 in /tmp/pbe_data.data.home.granepura.5-Kinases.Kinases_MCCE.Trial01.run_apo.4WKQ_GLU01A0709_001
2026-09-22 09:06:02 - INFO: step3.py, pbe: ForkPoolWorker-5: Calling delphi to calculate conformer (30/673) GLU01A0709_002 in /tmp/pbe_data.data.home.granepura.5-Kinases.Kinases_MCCE.Trial01.run_apo.4WKQ_GLU01A0709_002
2026-09-22 09:06:02 - INFO: step3.py, pbe: ForkPoolWorker-4: Calling delphi to calculate conformer (31/673) GLU02A0709_003 in /tmp/pbe_data.data.home.granepura.5-Kinases.Kinases_MCCE.Trial01.run_apo.4WKQ_GLU02A0709_003
2026-09-22 09:06:02 - INFO: step3.py, pbe: ForkPoolWorker-3: Calling delphi to calculate conformer (32/673) GLU02A0709_004 in /tmp/pbe_data.data.home.granepura.5-Kinases.Kinases_MCCE.Trial01.run_apo.4WKQ_GLU02A0709_004
2026-09-22 09:06:03 - INFO: step3.py, pbe: ForkPoolWorker-1: Calling delphi to calculate conformer (33/673) GLU-1A0709_005 in /tmp/pbe_data.data.home.granepura.5-Kinases.Kinases_MCCE.Trial01.run_apo.4WKQ_GLU-1A0709_005
2026-09-22 09:06:07 - INFO: step3.py, pbe: ForkPoolWorker-2: Calling delphi to calculate conformer (34/673) THR01A0710_001 in /tmp/pbe_data.data.home.granepura.5-Kinases.Kinases_MCCE.Trial01.run_apo.4WKQ_THR01A0710_001
2026-09-22 09:06:07 - INFO: step3.py, pbe: ForkPoolWorker-5: Calling delphi to calculate conformer (35/673) THR01A0710_002 in /tmp/pbe_data.data.home.granepura.5-Kinases.Kinases_MCCE.Trial01.run_apo.4WKQ_THR01A0710_002
2026-09-22 09:06:07 - INFO: step3.py, pbe: ForkPoolWorker-4: Calling delphi to calculate conformer (36/673) GLU01A0711_001 in /tmp/pbe_data.data.home.granepura.5-Kinases.Kinases_MCCE.Trial01.run_apo.4WKQ_GLU01A0711_001
2026-09-22 09:06:07 - INFO: step3.py, pbe: ForkPoolWorker-3: Calling delphi to calculate conformer (37/673) GLU01A0711_002 in /tmp/pbe_data.data.home.granepura.5-Kinases.Kinases_MCCE.Trial01.run_apo.4WKQ_GLU01A0711_002
2026-09-22 09:06:07 - INFO: step3.py, pbe: ForkPoolWorker-1: Calling delphi to calculate conformer (38/673) GLU02A0711_003 in /tmp/pbe_data.data.home.granepura.5-Kinases.Kinases_MCCE.Trial01.run_apo.4WKQ_GLU02A0711_003
2026-09-22 09:06:12 - INFO: step3.py, pbe: ForkPoolWorker-2: Calling delphi to calculate conformer (39/673) GLU02A0711_004 in /tmp/pbe_data.data.home.granepura.5-Kinases.Kinases_MCCE.Trial01.run_apo.4WKQ_GLU02A0711_004
2026-09-22 09:06:12 - INFO: step3.py, pbe: ForkPoolWorker-5: Calling delphi to calculate conformer (40/673) GLU-1A0711_005 in /tmp/pbe_data.data.home.granepura.5-Kinases.Kinases_MCCE.Trial01.run_apo.4WKQ_GLU-1A0711_005
2026-09-22 09:06:12 - INFO: step3.py, pbe: Skipping PBE solver for non-charge conformer (41/673) PHE01A0712_001...
2026-09-22 09:06:12 - INFO: step3.py, pbe: ForkPoolWorker-4: Calling delphi to calculate conformer (42/673) LYS01A0713_001 in /tmp/pbe_data.data.home.granepura.5-Kinases.Kinases_MCCE.Trial01.run_apo.4WKQ_LYS01A0713_001
2026-09-22 09:06:12 - INFO: step3.py, pbe: ForkPoolWorker-3: Calling delphi to calculate conformer (43/673) LYS+1A0713_002 in /tmp/pbe_data.data.home.granepura.5-Kinases.Kinases_MCCE.Trial01.run_apo.4WKQ_LYS+1A0713_002
2026-09-22 09:06:12 - INFO: step3.py, pbe: ForkPoolWorker-1: Calling delphi to calculate conformer (44/673) LYS01A0714_001 in /tmp/pbe_data.data.home.granepura.5-Kinases.Kinases_MCCE.Trial01.run_apo.4WKQ_LYS01A0714_001
2026-09-22 09:06:16 - INFO: step3.py, pbe: ForkPoolWorker-2: Calling delphi to calculate conformer (45/673) LYS+1A0714_002 in /tmp/pbe_data.data.home.granepura.5-Kinases.Kinases_MCCE.Trial01.run_apo.4WKQ_LYS+1A0714_002
2026-09-22 09:06:16 - INFO: step3.py, pbe: Skipping PBE solver for non-charge conformer (46/673) ILE01A0715_001...
2026-09-22 09:06:17 - INFO: step3.py, pbe: ForkPoolWorker-5: Calling delphi to calculate conformer (47/673) LYS01A0716_001 in /tmp/pbe_data.data.home.granepura.5-Kinases.Kinases_MCCE.Trial01.run_apo.4WKQ_LYS01A0716_001
2026-09-22 09:06:17 - INFO: step3.py, pbe: ForkPoolWorker-4: Calling delphi to calculate conformer (48/673) LYS+1A0716_002 in /tmp/pbe_data.data.home.granepura.5-Kinases.Kinases_MCCE.Trial01.run_apo.4WKQ_LYS+1A0716_002
2026-09-22 09:06:17 - INFO: step3.py, pbe: Skipping PBE solver for non-charge conformer (49/673) VAL01A0717_001...
2026-09-22 09:06:17 - INFO: step3.py, pbe: Skipping PBE solver for non-charge conformer (50/673) LEU01A0718_001...
2026-09-22 09:06:17 - INFO: step3.py, pbe: ForkPoolWorker-3: Calling delphi to calculate conformer (51/673) SER01A0720_001 in /tmp/pbe_data.data.home.granepura.5-Kinases.Kinases_MCCE.Trial01.run_apo.4WKQ_SER01A0720_001
2026-09-22 09:06:17 - INFO: step3.py, pbe: ForkPoolWorker-1: Calling delphi to calculate conformer (52/673) SER01A0720_002 in /tmp/pbe_data.data.home.granepura.5-Kinases.Kinases_MCCE.Trial01.run_apo.4WKQ_SER01A0720_002
2026-09-22 09:06:21 - INFO: step3.py, pbe: ForkPoolWorker-2: Calling delphi to calculate conformer (53/673) THR01A0725_001 in /tmp/pbe_data.data.home.granepura.5-Kinases.Kinases_MCCE.Trial01.run_apo.4WKQ_THR01A0725_001
2026-09-22 09:06:21 - INFO: step3.py, pbe: ForkPoolWorker-5: Calling delphi to calculate conformer (54/673) THR01A0725_002 in /tmp/pbe_data.data.home.granepura.5-Kinases.Kinases_MCCE.Trial01.run_apo.4WKQ_THR01A0725_002
2026-09-22 09:06:21 - INFO: step3.py, pbe: Skipping PBE solver for non-charge conformer (55/673) VAL01A0726_001...
2026-09-22 09:06:21 - INFO: step3.py, pbe: ForkPoolWorker-4: Calling delphi to calculate conformer (56/673) TYR01A0727_001 in /tmp/pbe_data.data.home.granepura.5-Kinases.Kinases_MCCE.Trial01.run_apo.4WKQ_TYR01A0727_001
2026-09-22 09:06:21 - INFO: step3.py, pbe: ForkPoolWorker-3: Calling delphi to calculate conformer (58/673) TYR-1A0727_003 in /tmp/pbe_data.data.home.granepura.5-Kinases.Kinases_MCCE.Trial01.run_apo.4WKQ_TYR-1A0727_003
2026-09-22 09:06:21 - INFO: step3.py, pbe: ForkPoolWorker-1: Calling delphi to calculate conformer (57/673) TYR01A0727_002 in /tmp/pbe_data.data.home.granepura.5-Kinases.Kinases_MCCE.Trial01.run_apo.4WKQ_TYR01A0727_002
2026-09-22 09:06:26 - INFO: step3.py, pbe: ForkPoolWorker-2: Calling delphi to calculate conformer (59/673) LYS01A0728_001 in /tmp/pbe_data.data.home.granepura.5-Kinases.Kinases_MCCE.Trial01.run_apo.4WKQ_LYS01A0728_001
2026-09-22 09:06:26 - INFO: step3.py, pbe: ForkPoolWorker-5: Calling delphi to calculate conformer (60/673) LYS+1A0728_002 in /tmp/pbe_data.data.home.granepura.5-Kinases.Kinases_MCCE.Trial01.run_apo.4WKQ_LYS+1A0728_002
2026-09-22 09:06:26 - INFO: step3.py, pbe: Skipping PBE solver for non-charge conformer (61/673) LEU01A0730_001...
2026-09-22 09:06:26 - INFO: step3.py, pbe: Skipping PBE solver for non-charge conformer (62/673) TRP01A0731_001...
2026-09-22 09:06:26 - INFO: step3.py, pbe: Skipping PBE solver for non-charge conformer (63/673) ILE01A0732_001...
2026-09-22 09:06:26 - INFO: step3.py, pbe: Skipping PBE solver for non-charge conformer (64/673) PRO01A0733_001...
2026-09-22 09:06:26 - INFO: step3.py, pbe: ForkPoolWorker-4: Calling delphi to calculate conformer (65/673) GLU01A0734_001 in /tmp/pbe_data.data.home.granepura.5-Kinases.Kinases_MCCE.Trial01.run_apo.4WKQ_GLU01A0734_001
2026-09-22 09:06:26 - INFO: step3.py, pbe: ForkPoolWorker-3: Calling delphi to calculate conformer (66/673) GLU01A0734_002 in /tmp/pbe_data.data.home.granepura.5-Kinases.Kinases_MCCE.Trial01.run_apo.4WKQ_GLU01A0734_002
2026-09-22 09:06:26 - INFO: step3.py, pbe: ForkPoolWorker-1: Calling delphi to calculate conformer (67/673) GLU02A0734_003 in /tmp/pbe_data.data.home.granepura.5-Kinases.Kinases_MCCE.Trial01.run_apo.4WKQ_GLU02A0734_003
2026-09-22 09:06:31 - INFO: step3.py, pbe: ForkPoolWorker-2: Calling delphi to calculate conformer (68/673) GLU02A0734_004 in /tmp/pbe_data.data.home.granepura.5-Kinases.Kinases_MCCE.Trial01.run_apo.4WKQ_GLU02A0734_004
2026-09-22 09:06:31 - INFO: step3.py, pbe: ForkPoolWorker-5: Calling delphi to calculate conformer (69/673) GLU-1A0734_005 in /tmp/pbe_data.data.home.granepura.5-Kinases.Kinases_MCCE.Trial01.run_apo.4WKQ_GLU-1A0734_005
2026-09-22 09:06:31 - INFO: step3.py, pbe: ForkPoolWorker-4: Calling delphi to calculate conformer (70/673) GLU01A0736_001 in /tmp/pbe_data.data.home.granepura.5-Kinases.Kinases_MCCE.Trial01.run_apo.4WKQ_GLU01A0736_001
2026-09-22 09:06:31 - INFO: step3.py, pbe: ForkPoolWorker-3: Calling delphi to calculate conformer (71/673) GLU01A0736_002 in /tmp/pbe_data.data.home.granepura.5-Kinases.Kinases_MCCE.Trial01.run_apo.4WKQ_GLU01A0736_002
2026-09-22 09:06:31 - INFO: step3.py, pbe: ForkPoolWorker-1: Calling delphi to calculate conformer (72/673) GLU02A0736_003 in /tmp/pbe_data.data.home.granepura.5-Kinases.Kinases_MCCE.Trial01.run_apo.4WKQ_GLU02A0736_003
2026-09-22 09:06:35 - INFO: step3.py, pbe: ForkPoolWorker-2: Calling delphi to calculate conformer (73/673) GLU02A0736_004 in /tmp/pbe_data.data.home.granepura.5-Kinases.Kinases_MCCE.Trial01.run_apo.4WKQ_GLU02A0736_004
2026-09-22 09:06:35 - INFO: step3.py, pbe: ForkPoolWorker-5: Calling delphi to calculate conformer (74/673) GLU-1A0736_005 in /tmp/pbe_data.data.home.granepura.5-Kinases.Kinases_MCCE.Trial01.run_apo.4WKQ_GLU-1A0736_005
2026-09-22 09:06:36 - INFO: step3.py, pbe: ForkPoolWorker-4: Calling delphi to calculate conformer (75/673) LYS01A0737_001 in /tmp/pbe_data.data.home.granepura.5-Kinases.Kinases_MCCE.Trial01.run_apo.4WKQ_LYS01A0737_001
2026-09-22 09:06:36 - INFO: step3.py, pbe: ForkPoolWorker-3: Calling delphi to calculate conformer (76/673) LYS+1A0737_002 in /tmp/pbe_data.data.home.granepura.5-Kinases.Kinases_MCCE.Trial01.run_apo.4WKQ_LYS+1A0737_002
2026-09-22 09:06:36 - INFO: step3.py, pbe: Skipping PBE solver for non-charge conformer (77/673) VAL01A0738_001...
2026-09-22 09:06:36 - INFO: step3.py, pbe: ForkPoolWorker-1: Calling delphi to calculate conformer (78/673) LYS01A0739_001 in /tmp/pbe_data.data.home.granepura.5-Kinases.Kinases_MCCE.Trial01.run_apo.4WKQ_LYS01A0739_001
2026-09-22 09:06:40 - INFO: step3.py, pbe: ForkPoolWorker-2: Calling delphi to calculate conformer (79/673) LYS+1A0739_002 in /tmp/pbe_data.data.home.granepura.5-Kinases.Kinases_MCCE.Trial01.run_apo.4WKQ_LYS+1A0739_002
2026-09-22 09:06:40 - INFO: step3.py, pbe: Skipping PBE solver for non-charge conformer (80/673) ILE01A0740_001...
2026-09-22 09:06:40 - INFO: step3.py, pbe: Skipping PBE solver for non-charge conformer (81/673) PRO01A0741_001...
2026-09-22 09:06:40 - INFO: step3.py, pbe: Skipping PBE solver for non-charge conformer (82/673) VAL01A0742_001...
2026-09-22 09:06:40 - INFO: step3.py, pbe: Skipping PBE solver for non-charge conformer (83/673) ALA01A0743_001...
2026-09-22 09:06:40 - INFO: step3.py, pbe: Skipping PBE solver for non-charge conformer (84/673) ILE01A0744_001...
2026-09-22 09:06:40 - INFO: step3.py, pbe: ForkPoolWorker-5: Calling delphi to calculate conformer (85/673) LYS01A0745_001 in /tmp/pbe_data.data.home.granepura.5-Kinases.Kinases_MCCE.Trial01.run_apo.4WKQ_LYS01A0745_001
2026-09-22 09:06:40 - INFO: step3.py, pbe: ForkPoolWorker-4: Calling delphi to calculate conformer (86/673) LYS+1A0745_002 in /tmp/pbe_data.data.home.granepura.5-Kinases.Kinases_MCCE.Trial01.run_apo.4WKQ_LYS+1A0745_002
2026-09-22 09:06:41 - INFO: step3.py, pbe: ForkPoolWorker-3: Calling delphi to calculate conformer (87/673) GLU01A0746_001 in /tmp/pbe_data.data.home.granepura.5-Kinases.Kinases_MCCE.Trial01.run_apo.4WKQ_GLU01A0746_001
2026-09-22 09:06:41 - INFO: step3.py, pbe: ForkPoolWorker-1: Calling delphi to calculate conformer (88/673) GLU01A0746_002 in /tmp/pbe_data.data.home.granepura.5-Kinases.Kinases_MCCE.Trial01.run_apo.4WKQ_GLU01A0746_002
2026-09-22 09:06:45 - INFO: step3.py, pbe: ForkPoolWorker-2: Calling delphi to calculate conformer (89/673) GLU01A0746_003 in /tmp/pbe_data.data.home.granepura.5-Kinases.Kinases_MCCE.Trial01.run_apo.4WKQ_GLU01A0746_003
2026-09-22 09:06:45 - INFO: step3.py, pbe: ForkPoolWorker-5: Calling delphi to calculate conformer (90/673) GLU01A0746_004 in /tmp/pbe_data.data.home.granepura.5-Kinases.Kinases_MCCE.Trial01.run_apo.4WKQ_GLU01A0746_004
2026-09-22 09:06:45 - INFO: step3.py, pbe: ForkPoolWorker-3: Calling delphi to calculate conformer (91/673) GLU02A0746_005 in /tmp/pbe_data.data.home.granepura.5-Kinases.Kinases_MCCE.Trial01.run_apo.4WKQ_GLU02A0746_005
2026-09-22 09:06:45 - INFO: step3.py, pbe: ForkPoolWorker-4: Calling delphi to calculate conformer (92/673) GLU02A0746_006 in /tmp/pbe_data.data.home.granepura.5-Kinases.Kinases_MCCE.Trial01.run_apo.4WKQ_GLU02A0746_006
2026-09-22 09:06:45 - INFO: step3.py, pbe: ForkPoolWorker-1: Calling delphi to calculate conformer (93/673) GLU02A0746_007 in /tmp/pbe_data.data.home.granepura.5-Kinases.Kinases_MCCE.Trial01.run_apo.4WKQ_GLU02A0746_007
2026-09-22 09:06:50 - INFO: step3.py, pbe: ForkPoolWorker-2: Calling delphi to calculate conformer (94/673) GLU02A0746_008 in /tmp/pbe_data.data.home.granepura.5-Kinases.Kinases_MCCE.Trial01.run_apo.4WKQ_GLU02A0746_008
2026-09-22 09:06:50 - INFO: step3.py, pbe: ForkPoolWorker-5: Calling delphi to calculate conformer (95/673) GLU-1A0746_009 in /tmp/pbe_data.data.home.granepura.5-Kinases.Kinases_MCCE.Trial01.run_apo.4WKQ_GLU-1A0746_009
2026-09-22 09:06:50 - INFO: step3.py, pbe: ForkPoolWorker-4: Calling delphi to calculate conformer (96/673) SER01A0752_001 in /tmp/pbe_data.data.home.granepura.5-Kinases.Kinases_MCCE.Trial01.run_apo.4WKQ_SER01A0752_001
2026-09-22 09:06:50 - INFO: step3.py, pbe: ForkPoolWorker-1: Calling delphi to calculate conformer (97/673) SER01A0752_002 in /tmp/pbe_data.data.home.granepura.5-Kinases.Kinases_MCCE.Trial01.run_apo.4WKQ_SER01A0752_002
2026-09-22 09:06:50 - INFO: step3.py, pbe: Skipping PBE solver for non-charge conformer (98/673) PRO01A0753_001...
2026-09-22 09:06:50 - INFO: step3.py, pbe: ForkPoolWorker-3: Calling delphi to calculate conformer (99/673) LYS01A0754_001 in /tmp/pbe_data.data.home.granepura.5-Kinases.Kinases_MCCE.Trial01.run_apo.4WKQ_LYS01A0754_001
2026-09-22 09:06:54 - INFO: step3.py, pbe: ForkPoolWorker-2: Calling delphi to calculate conformer (100/673) LYS+1A0754_002 in /tmp/pbe_data.data.home.granepura.5-Kinases.Kinases_MCCE.Trial01.run_apo.4WKQ_LYS+1A0754_002
2026-09-22 09:06:55 - INFO: step3.py, pbe: Skipping PBE solver for non-charge conformer (101/673) ALA01A0755_001...
2026-09-22 09:06:55 - INFO: step3.py, pbe: ForkPoolWorker-5: Calling delphi to calculate conformer (102/673) ASN01A0756_001 in /tmp/pbe_data.data.home.granepura.5-Kinases.Kinases_MCCE.Trial01.run_apo.4WKQ_ASN01A0756_001
2026-09-22 09:06:55 - INFO: step3.py, pbe: ForkPoolWorker-1: Calling delphi to calculate conformer (103/673) LYS01A0757_001 in /tmp/pbe_data.data.home.granepura.5-Kinases.Kinases_MCCE.Trial01.run_apo.4WKQ_LYS01A0757_001
2026-09-22 09:06:55 - INFO: step3.py, pbe: ForkPoolWorker-4: Calling delphi to calculate conformer (104/673) LYS+1A0757_002 in /tmp/pbe_data.data.home.granepura.5-Kinases.Kinases_MCCE.Trial01.run_apo.4WKQ_LYS+1A0757_002
2026-09-22 09:06:55 - INFO: step3.py, pbe: ForkPoolWorker-3: Calling delphi to calculate conformer (105/673) GLU01A0758_001 in /tmp/pbe_data.data.home.granepura.5-Kinases.Kinases_MCCE.Trial01.run_apo.4WKQ_GLU01A0758_001
2026-09-22 09:06:59 - INFO: step3.py, pbe: ForkPoolWorker-2: Calling delphi to calculate conformer (106/673) GLU01A0758_002 in /tmp/pbe_data.data.home.granepura.5-Kinases.Kinases_MCCE.Trial01.run_apo.4WKQ_GLU01A0758_002
2026-09-22 09:06:59 - INFO: step3.py, pbe: ForkPoolWorker-5: Calling delphi to calculate conformer (107/673) GLU02A0758_003 in /tmp/pbe_data.data.home.granepura.5-Kinases.Kinases_MCCE.Trial01.run_apo.4WKQ_GLU02A0758_003
2026-09-22 09:06:59 - INFO: step3.py, pbe: ForkPoolWorker-1: Calling delphi to calculate conformer (108/673) GLU02A0758_004 in /tmp/pbe_data.data.home.granepura.5-Kinases.Kinases_MCCE.Trial01.run_apo.4WKQ_GLU02A0758_004
2026-09-22 09:06:59 - INFO: step3.py, pbe: ForkPoolWorker-4: Calling delphi to calculate conformer (109/673) GLU-1A0758_005 in /tmp/pbe_data.data.home.granepura.5-Kinases.Kinases_MCCE.Trial01.run_apo.4WKQ_GLU-1A0758_005
2026-09-22 09:07:00 - INFO: step3.py, pbe: Skipping PBE solver for non-charge conformer (110/673) ILE01A0759_001...
2026-09-22 09:07:00 - INFO: step3.py, pbe: Skipping PBE solver for non-charge conformer (111/673) LEU01A0760_001...
2026-09-22 09:07:00 - INFO: step3.py, pbe: ForkPoolWorker-3: Calling delphi to calculate conformer (112/673) ASP01A0761_001 in /tmp/pbe_data.data.home.granepura.5-Kinases.Kinases_MCCE.Trial01.run_apo.4WKQ_ASP01A0761_001
2026-09-22 09:07:04 - INFO: step3.py, pbe: ForkPoolWorker-2: Calling delphi to calculate conformer (113/673) ASP01A0761_002 in /tmp/pbe_data.data.home.granepura.5-Kinases.Kinases_MCCE.Trial01.run_apo.4WKQ_ASP01A0761_002
2026-09-22 09:07:04 - INFO: step3.py, pbe: ForkPoolWorker-1: Calling delphi to calculate conformer (114/673) ASP02A0761_003 in /tmp/pbe_data.data.home.granepura.5-Kinases.Kinases_MCCE.Trial01.run_apo.4WKQ_ASP02A0761_003
2026-09-22 09:07:04 - INFO: step3.py, pbe: ForkPoolWorker-5: Calling delphi to calculate conformer (115/673) ASP02A0761_004 in /tmp/pbe_data.data.home.granepura.5-Kinases.Kinases_MCCE.Trial01.run_apo.4WKQ_ASP02A0761_004
2026-09-22 09:07:04 - INFO: step3.py, pbe: ForkPoolWorker-4: Calling delphi to calculate conformer (116/673) ASP-1A0761_005 in /tmp/pbe_data.data.home.granepura.5-Kinases.Kinases_MCCE.Trial01.run_apo.4WKQ_ASP-1A0761_005
2026-09-22 09:07:04 - INFO: step3.py, pbe: ForkPoolWorker-3: Calling delphi to calculate conformer (117/673) GLU01A0762_001 in /tmp/pbe_data.data.home.granepura.5-Kinases.Kinases_MCCE.Trial01.run_apo.4WKQ_GLU01A0762_001
2026-09-22 09:07:08 - INFO: step3.py, pbe: ForkPoolWorker-2: Calling delphi to calculate conformer (118/673) GLU01A0762_002 in /tmp/pbe_data.data.home.granepura.5-Kinases.Kinases_MCCE.Trial01.run_apo.4WKQ_GLU01A0762_002
2026-09-22 09:07:09 - INFO: step3.py, pbe: ForkPoolWorker-1: Calling delphi to calculate conformer (119/673) GLU01A0762_003 in /tmp/pbe_data.data.home.granepura.5-Kinases.Kinases_MCCE.Trial01.run_apo.4WKQ_GLU01A0762_003
2026-09-22 09:07:09 - INFO: step3.py, pbe: ForkPoolWorker-5: Calling delphi to calculate conformer (120/673) GLU01A0762_004 in /tmp/pbe_data.data.home.granepura.5-Kinases.Kinases_MCCE.Trial01.run_apo.4WKQ_GLU01A0762_004
2026-09-22 09:07:09 - INFO: step3.py, pbe: ForkPoolWorker-4: Calling delphi to calculate conformer (121/673) GLU02A0762_005 in /tmp/pbe_data.data.home.granepura.5-Kinases.Kinases_MCCE.Trial01.run_apo.4WKQ_GLU02A0762_005
2026-09-22 09:07:09 - INFO: step3.py, pbe: ForkPoolWorker-3: Calling delphi to calculate conformer (122/673) GLU02A0762_006 in /tmp/pbe_data.data.home.granepura.5-Kinases.Kinases_MCCE.Trial01.run_apo.4WKQ_GLU02A0762_006
2026-09-22 09:07:13 - INFO: step3.py, pbe: ForkPoolWorker-2: Calling delphi to calculate conformer (123/673) GLU02A0762_007 in /tmp/pbe_data.data.home.granepura.5-Kinases.Kinases_MCCE.Trial01.run_apo.4WKQ_GLU02A0762_007
2026-09-22 09:07:13 - INFO: step3.py, pbe: ForkPoolWorker-1: Calling delphi to calculate conformer (124/673) GLU02A0762_008 in /tmp/pbe_data.data.home.granepura.5-Kinases.Kinases_MCCE.Trial01.run_apo.4WKQ_GLU02A0762_008
2026-09-22 09:07:13 - INFO: step3.py, pbe: ForkPoolWorker-5: Calling delphi to calculate conformer (125/673) GLU-1A0762_009 in /tmp/pbe_data.data.home.granepura.5-Kinases.Kinases_MCCE.Trial01.run_apo.4WKQ_GLU-1A0762_009
2026-09-22 09:07:13 - INFO: step3.py, pbe: ForkPoolWorker-4: Calling delphi to calculate conformer (126/673) GLU-1A0762_010 in /tmp/pbe_data.data.home.granepura.5-Kinases.Kinases_MCCE.Trial01.run_apo.4WKQ_GLU-1A0762_010
2026-09-22 09:07:14 - INFO: step3.py, pbe: Skipping PBE solver for non-charge conformer (127/673) ALA01A0763_001...
2026-09-22 09:07:14 - INFO: step3.py, pbe: ForkPoolWorker-3: Calling delphi to calculate conformer (128/673) TYR01A0764_001 in /tmp/pbe_data.data.home.granepura.5-Kinases.Kinases_MCCE.Trial01.run_apo.4WKQ_TYR01A0764_001
2026-09-22 09:07:18 - INFO: step3.py, pbe: ForkPoolWorker-2: Calling delphi to calculate conformer (129/673) TYR01A0764_002 in /tmp/pbe_data.data.home.granepura.5-Kinases.Kinases_MCCE.Trial01.run_apo.4WKQ_TYR01A0764_002
2026-09-22 09:07:18 - INFO: step3.py, pbe: ForkPoolWorker-1: Calling delphi to calculate conformer (130/673) TYR01A0764_003 in /tmp/pbe_data.data.home.granepura.5-Kinases.Kinases_MCCE.Trial01.run_apo.4WKQ_TYR01A0764_003
2026-09-22 09:07:18 - INFO: step3.py, pbe: ForkPoolWorker-5: Calling delphi to calculate conformer (131/673) TYR-1A0764_004 in /tmp/pbe_data.data.home.granepura.5-Kinases.Kinases_MCCE.Trial01.run_apo.4WKQ_TYR-1A0764_004
2026-09-22 09:07:18 - INFO: step3.py, pbe: ForkPoolWorker-4: Calling delphi to calculate conformer (132/673) TYR-1A0764_005 in /tmp/pbe_data.data.home.granepura.5-Kinases.Kinases_MCCE.Trial01.run_apo.4WKQ_TYR-1A0764_005
2026-09-22 09:07:19 - INFO: step3.py, pbe: Skipping PBE solver for non-charge conformer (133/673) VAL01A0765_001...
2026-09-22 09:07:19 - INFO: step3.py, pbe: ForkPoolWorker-3: Calling delphi to calculate conformer (134/673) MET01A0766_001 in /tmp/pbe_data.data.home.granepura.5-Kinases.Kinases_MCCE.Trial01.run_apo.4WKQ_MET01A0766_001
2026-09-22 09:07:22 - INFO: step3.py, pbe: Skipping PBE solver for non-charge conformer (135/673) ALA01A0767_001...
2026-09-22 09:07:22 - INFO: step3.py, pbe: ForkPoolWorker-2: Calling delphi to calculate conformer (136/673) SER01A0768_001 in /tmp/pbe_data.data.home.granepura.5-Kinases.Kinases_MCCE.Trial01.run_apo.4WKQ_SER01A0768_001
2026-09-22 09:07:23 - INFO: step3.py, pbe: ForkPoolWorker-1: Calling delphi to calculate conformer (137/673) SER01A0768_002 in /tmp/pbe_data.data.home.granepura.5-Kinases.Kinases_MCCE.Trial01.run_apo.4WKQ_SER01A0768_002
2026-09-22 09:07:23 - INFO: step3.py, pbe: ForkPoolWorker-5: Calling delphi to calculate conformer (138/673) SER01A0768_003 in /tmp/pbe_data.data.home.granepura.5-Kinases.Kinases_MCCE.Trial01.run_apo.4WKQ_SER01A0768_003
2026-09-22 09:07:23 - INFO: step3.py, pbe: ForkPoolWorker-4: Calling delphi to calculate conformer (139/673) SER01A0768_004 in /tmp/pbe_data.data.home.granepura.5-Kinases.Kinases_MCCE.Trial01.run_apo.4WKQ_SER01A0768_004
2026-09-22 09:07:23 - INFO: step3.py, pbe: ForkPoolWorker-3: Calling delphi to calculate conformer (140/673) SER01A0768_005 in /tmp/pbe_data.data.home.granepura.5-Kinases.Kinases_MCCE.Trial01.run_apo.4WKQ_SER01A0768_005
2026-09-22 09:07:27 - INFO: step3.py, pbe: ForkPoolWorker-2: Calling delphi to calculate conformer (141/673) SER01A0768_006 in /tmp/pbe_data.data.home.granepura.5-Kinases.Kinases_MCCE.Trial01.run_apo.4WKQ_SER01A0768_006
2026-09-22 09:07:27 - INFO: step3.py, pbe: Skipping PBE solver for non-charge conformer (142/673) VAL01A0769_001...
2026-09-22 09:07:27 - INFO: step3.py, pbe: ForkPoolWorker-5: Calling delphi to calculate conformer (144/673) ASP01A0770_002 in /tmp/pbe_data.data.home.granepura.5-Kinases.Kinases_MCCE.Trial01.run_apo.4WKQ_ASP01A0770_002
2026-09-22 09:07:27 - INFO: step3.py, pbe: ForkPoolWorker-1: Calling delphi to calculate conformer (143/673) ASP01A0770_001 in /tmp/pbe_data.data.home.granepura.5-Kinases.Kinases_MCCE.Trial01.run_apo.4WKQ_ASP01A0770_001
2026-09-22 09:07:27 - INFO: step3.py, pbe: ForkPoolWorker-4: Calling delphi to calculate conformer (145/673) ASP02A0770_003 in /tmp/pbe_data.data.home.granepura.5-Kinases.Kinases_MCCE.Trial01.run_apo.4WKQ_ASP02A0770_003
2026-09-22 09:07:28 - INFO: step3.py, pbe: ForkPoolWorker-3: Calling delphi to calculate conformer (146/673) ASP02A0770_004 in /tmp/pbe_data.data.home.granepura.5-Kinases.Kinases_MCCE.Trial01.run_apo.4WKQ_ASP02A0770_004
2026-09-22 09:07:32 - INFO: step3.py, pbe: ForkPoolWorker-2: Calling delphi to calculate conformer (147/673) ASP-1A0770_005 in /tmp/pbe_data.data.home.granepura.5-Kinases.Kinases_MCCE.Trial01.run_apo.4WKQ_ASP-1A0770_005
2026-09-22 09:07:32 - INFO: step3.py, pbe: ForkPoolWorker-1: Calling delphi to calculate conformer (149/673) ASN01A0771_002 in /tmp/pbe_data.data.home.granepura.5-Kinases.Kinases_MCCE.Trial01.run_apo.4WKQ_ASN01A0771_002
2026-09-22 09:07:32 - INFO: step3.py, pbe: ForkPoolWorker-5: Calling delphi to calculate conformer (148/673) ASN01A0771_001 in /tmp/pbe_data.data.home.granepura.5-Kinases.Kinases_MCCE.Trial01.run_apo.4WKQ_ASN01A0771_001
2026-09-22 09:07:32 - INFO: step3.py, pbe: Skipping PBE solver for non-charge conformer (150/673) PRO01A0772_001...
2026-09-22 09:07:32 - INFO: step3.py, pbe: ForkPoolWorker-4: Calling delphi to calculate conformer (151/673) HIS01A0773_001 in /tmp/pbe_data.data.home.granepura.5-Kinases.Kinases_MCCE.Trial01.run_apo.4WKQ_HIS01A0773_001
2026-09-22 09:07:33 - INFO: step3.py, pbe: ForkPoolWorker-3: Calling delphi to calculate conformer (152/673) HIS01A0773_002 in /tmp/pbe_data.data.home.granepura.5-Kinases.Kinases_MCCE.Trial01.run_apo.4WKQ_HIS01A0773_002
2026-09-22 09:07:36 - INFO: step3.py, pbe: ForkPoolWorker-2: Calling delphi to calculate conformer (153/673) HIS02A0773_003 in /tmp/pbe_data.data.home.granepura.5-Kinases.Kinases_MCCE.Trial01.run_apo.4WKQ_HIS02A0773_003
2026-09-22 09:07:37 - INFO: step3.py, pbe: ForkPoolWorker-1: Calling delphi to calculate conformer (154/673) HIS02A0773_004 in /tmp/pbe_data.data.home.granepura.5-Kinases.Kinases_MCCE.Trial01.run_apo.4WKQ_HIS02A0773_004
2026-09-22 09:07:37 - INFO: step3.py, pbe: ForkPoolWorker-5: Calling delphi to calculate conformer (155/673) HIS+1A0773_005 in /tmp/pbe_data.data.home.granepura.5-Kinases.Kinases_MCCE.Trial01.run_apo.4WKQ_HIS+1A0773_005
2026-09-22 09:07:37 - INFO: step3.py, pbe: ForkPoolWorker-4: Calling delphi to calculate conformer (156/673) HIS+1A0773_006 in /tmp/pbe_data.data.home.granepura.5-Kinases.Kinases_MCCE.Trial01.run_apo.4WKQ_HIS+1A0773_006
2026-09-22 09:07:37 - INFO: step3.py, pbe: Skipping PBE solver for non-charge conformer (157/673) VAL01A0774_001...
2026-09-22 09:07:37 - INFO: step3.py, pbe: ForkPoolWorker-3: Calling delphi to calculate conformer (158/673) CYS01A0775_001 in /tmp/pbe_data.data.home.granepura.5-Kinases.Kinases_MCCE.Trial01.run_apo.4WKQ_CYS01A0775_001
2026-09-22 09:07:41 - INFO: step3.py, pbe: ForkPoolWorker-2: Calling delphi to calculate conformer (159/673) CYS01A0775_002 in /tmp/pbe_data.data.home.granepura.5-Kinases.Kinases_MCCE.Trial01.run_apo.4WKQ_CYS01A0775_002
2026-09-22 09:07:41 - INFO: step3.py, pbe: ForkPoolWorker-1: Calling delphi to calculate conformer (160/673) CYS01A0775_003 in /tmp/pbe_data.data.home.granepura.5-Kinases.Kinases_MCCE.Trial01.run_apo.4WKQ_CYS01A0775_003
2026-09-22 09:07:41 - INFO: step3.py, pbe: ForkPoolWorker-5: Calling delphi to calculate conformer (161/673) CYS-1A0775_004 in /tmp/pbe_data.data.home.granepura.5-Kinases.Kinases_MCCE.Trial01.run_apo.4WKQ_CYS-1A0775_004
2026-09-22 09:07:41 - INFO: step3.py, pbe: ForkPoolWorker-4: Calling delphi to calculate conformer (162/673) ARG01A0776_001 in /tmp/pbe_data.data.home.granepura.5-Kinases.Kinases_MCCE.Trial01.run_apo.4WKQ_ARG01A0776_001
2026-09-22 09:07:42 - INFO: step3.py, pbe: ForkPoolWorker-3: Calling delphi to calculate conformer (163/673) ARG01A0776_002 in /tmp/pbe_data.data.home.granepura.5-Kinases.Kinases_MCCE.Trial01.run_apo.4WKQ_ARG01A0776_002
2026-09-22 09:07:46 - INFO: step3.py, pbe: ForkPoolWorker-2: Calling delphi to calculate conformer (164/673) ARG02A0776_003 in /tmp/pbe_data.data.home.granepura.5-Kinases.Kinases_MCCE.Trial01.run_apo.4WKQ_ARG02A0776_003
2026-09-22 09:07:46 - INFO: step3.py, pbe: ForkPoolWorker-1: Calling delphi to calculate conformer (165/673) ARG02A0776_004 in /tmp/pbe_data.data.home.granepura.5-Kinases.Kinases_MCCE.Trial01.run_apo.4WKQ_ARG02A0776_004
2026-09-22 09:07:46 - INFO: step3.py, pbe: ForkPoolWorker-5: Calling delphi to calculate conformer (166/673) ARG03A0776_005 in /tmp/pbe_data.data.home.granepura.5-Kinases.Kinases_MCCE.Trial01.run_apo.4WKQ_ARG03A0776_005
2026-09-22 09:07:46 - INFO: step3.py, pbe: ForkPoolWorker-4: Calling delphi to calculate conformer (167/673) ARG03A0776_006 in /tmp/pbe_data.data.home.granepura.5-Kinases.Kinases_MCCE.Trial01.run_apo.4WKQ_ARG03A0776_006
2026-09-22 09:07:47 - INFO: step3.py, pbe: ForkPoolWorker-3: Calling delphi to calculate conformer (168/673) ARG+1A0776_007 in /tmp/pbe_data.data.home.granepura.5-Kinases.Kinases_MCCE.Trial01.run_apo.4WKQ_ARG+1A0776_007
2026-09-22 09:07:51 - INFO: step3.py, pbe: ForkPoolWorker-2: Calling delphi to calculate conformer (169/673) ARG+1A0776_008 in /tmp/pbe_data.data.home.granepura.5-Kinases.Kinases_MCCE.Trial01.run_apo.4WKQ_ARG+1A0776_008
2026-09-22 09:07:51 - INFO: step3.py, pbe: Skipping PBE solver for non-charge conformer (171/673) LEU01A0778_001...
2026-09-22 09:07:51 - INFO: step3.py, pbe: Skipping PBE solver for non-charge conformer (170/673) LEU01A0777_001...
2026-09-22 09:07:51 - INFO: step3.py, pbe: Skipping PBE solver for non-charge conformer (172/673) ILE01A0780_001...
2026-09-22 09:07:51 - INFO: step3.py, pbe: ForkPoolWorker-1: Calling delphi to calculate conformer (173/673) CYS01A0781_001 in /tmp/pbe_data.data.home.granepura.5-Kinases.Kinases_MCCE.Trial01.run_apo.4WKQ_CYS01A0781_001
2026-09-22 09:07:51 - INFO: step3.py, pbe: ForkPoolWorker-5: Calling delphi to calculate conformer (174/673) CYS01A0781_002 in /tmp/pbe_data.data.home.granepura.5-Kinases.Kinases_MCCE.Trial01.run_apo.4WKQ_CYS01A0781_002
2026-09-22 09:07:51 - INFO: step3.py, pbe: ForkPoolWorker-4: Calling delphi to calculate conformer (175/673) CYS01A0781_003 in /tmp/pbe_data.data.home.granepura.5-Kinases.Kinases_MCCE.Trial01.run_apo.4WKQ_CYS01A0781_003
2026-09-22 09:07:51 - INFO: step3.py, pbe: ForkPoolWorker-3: Calling delphi to calculate conformer (176/673) CYS-1A0781_004 in /tmp/pbe_data.data.home.granepura.5-Kinases.Kinases_MCCE.Trial01.run_apo.4WKQ_CYS-1A0781_004
2026-09-22 09:07:55 - INFO: step3.py, pbe: Skipping PBE solver for non-charge conformer (177/673) LEU01A0782_001...
2026-09-22 09:07:55 - INFO: step3.py, pbe: ForkPoolWorker-2: Calling delphi to calculate conformer (178/673) THR01A0783_001 in /tmp/pbe_data.data.home.granepura.5-Kinases.Kinases_MCCE.Trial01.run_apo.4WKQ_THR01A0783_001
2026-09-22 09:07:56 - INFO: step3.py, pbe: ForkPoolWorker-5: Calling delphi to calculate conformer (179/673) THR01A0783_002 in /tmp/pbe_data.data.home.granepura.5-Kinases.Kinases_MCCE.Trial01.run_apo.4WKQ_THR01A0783_002
2026-09-22 09:07:56 - INFO: step3.py, pbe: ForkPoolWorker-4: Calling delphi to calculate conformer (180/673) THR01A0783_003 in /tmp/pbe_data.data.home.granepura.5-Kinases.Kinases_MCCE.Trial01.run_apo.4WKQ_THR01A0783_003
2026-09-22 09:07:56 - INFO: step3.py, pbe: ForkPoolWorker-1: Calling delphi to calculate conformer (181/673) THR01A0783_004 in /tmp/pbe_data.data.home.granepura.5-Kinases.Kinases_MCCE.Trial01.run_apo.4WKQ_THR01A0783_004
2026-09-22 09:07:56 - INFO: step3.py, pbe: ForkPoolWorker-3: Calling delphi to calculate conformer (182/673) THR01A0783_005 in /tmp/pbe_data.data.home.granepura.5-Kinases.Kinases_MCCE.Trial01.run_apo.4WKQ_THR01A0783_005
2026-09-22 09:08:00 - INFO: step3.py, pbe: ForkPoolWorker-2: Calling delphi to calculate conformer (183/673) SER01A0784_001 in /tmp/pbe_data.data.home.granepura.5-Kinases.Kinases_MCCE.Trial01.run_apo.4WKQ_SER01A0784_001
2026-09-22 09:08:00 - INFO: step3.py, pbe: ForkPoolWorker-5: Calling delphi to calculate conformer (184/673) THR01A0785_001 in /tmp/pbe_data.data.home.granepura.5-Kinases.Kinases_MCCE.Trial01.run_apo.4WKQ_THR01A0785_001
2026-09-22 09:08:00 - INFO: step3.py, pbe: ForkPoolWorker-4: Calling delphi to calculate conformer (185/673) THR01A0785_002 in /tmp/pbe_data.data.home.granepura.5-Kinases.Kinases_MCCE.Trial01.run_apo.4WKQ_THR01A0785_002
2026-09-22 09:08:00 - INFO: step3.py, pbe: Skipping PBE solver for non-charge conformer (186/673) VAL01A0786_001...
2026-09-22 09:08:00 - INFO: step3.py, pbe: ForkPoolWorker-1: Calling delphi to calculate conformer (187/673) GLN01A0787_001 in /tmp/pbe_data.data.home.granepura.5-Kinases.Kinases_MCCE.Trial01.run_apo.4WKQ_GLN01A0787_001
2026-09-22 09:08:01 - INFO: step3.py, pbe: ForkPoolWorker-3: Calling delphi to calculate conformer (188/673) GLN01A0787_002 in /tmp/pbe_data.data.home.granepura.5-Kinases.Kinases_MCCE.Trial01.run_apo.4WKQ_GLN01A0787_002
2026-09-22 09:08:05 - INFO: step3.py, pbe: Skipping PBE solver for non-charge conformer (189/673) LEU01A0788_001...
2026-09-22 09:08:05 - INFO: step3.py, pbe: Skipping PBE solver for non-charge conformer (190/673) ILE01A0789_001...
2026-09-22 09:08:05 - INFO: step3.py, pbe: ForkPoolWorker-2: Calling delphi to calculate conformer (191/673) THR01A0790_001 in /tmp/pbe_data.data.home.granepura.5-Kinases.Kinases_MCCE.Trial01.run_apo.4WKQ_THR01A0790_001
2026-09-22 09:08:05 - INFO: step3.py, pbe: ForkPoolWorker-1: Calling delphi to calculate conformer (192/673) THR01A0790_002 in /tmp/pbe_data.data.home.granepura.5-Kinases.Kinases_MCCE.Trial01.run_apo.4WKQ_THR01A0790_002
2026-09-22 09:08:05 - INFO: step3.py, pbe: ForkPoolWorker-4: Calling delphi to calculate conformer (194/673) GLN01A0791_002 in /tmp/pbe_data.data.home.granepura.5-Kinases.Kinases_MCCE.Trial01.run_apo.4WKQ_GLN01A0791_002
2026-09-22 09:08:05 - INFO: step3.py, pbe: ForkPoolWorker-5: Calling delphi to calculate conformer (193/673) GLN01A0791_001 in /tmp/pbe_data.data.home.granepura.5-Kinases.Kinases_MCCE.Trial01.run_apo.4WKQ_GLN01A0791_001
2026-09-22 09:08:05 - INFO: step3.py, pbe: ForkPoolWorker-3: Calling delphi to calculate conformer (195/673) GLN01A0791_003 in /tmp/pbe_data.data.home.granepura.5-Kinases.Kinases_MCCE.Trial01.run_apo.4WKQ_GLN01A0791_003
2026-09-22 09:08:10 - INFO: step3.py, pbe: Skipping PBE solver for non-charge conformer (196/673) LEU01A0792_001...
2026-09-22 09:08:10 - INFO: step3.py, pbe: ForkPoolWorker-2: Calling delphi to calculate conformer (197/673) MET01A0793_001 in /tmp/pbe_data.data.home.granepura.5-Kinases.Kinases_MCCE.Trial01.run_apo.4WKQ_MET01A0793_001
2026-09-22 09:08:10 - INFO: step3.py, pbe: Skipping PBE solver for non-charge conformer (198/673) PRO01A0794_001...
2026-09-22 09:08:10 - INFO: step3.py, pbe: Skipping PBE solver for non-charge conformer (199/673) PHE01A0795_001...
2026-09-22 09:08:10 - INFO: step3.py, pbe: Skipping PBE solver for non-charge conformer (200/673) LEU01A0798_001...
2026-09-22 09:08:10 - INFO: step3.py, pbe: Skipping PBE solver for non-charge conformer (201/673) LEU01A0799_001...
2026-09-22 09:08:10 - INFO: step3.py, pbe: ForkPoolWorker-4: Calling delphi to calculate conformer (203/673) ASP01A0800_002 in /tmp/pbe_data.data.home.granepura.5-Kinases.Kinases_MCCE.Trial01.run_apo.4WKQ_ASP01A0800_002
2026-09-22 09:08:10 - INFO: step3.py, pbe: ForkPoolWorker-5: Calling delphi to calculate conformer (204/673) ASP02A0800_003 in /tmp/pbe_data.data.home.granepura.5-Kinases.Kinases_MCCE.Trial01.run_apo.4WKQ_ASP02A0800_003
2026-09-22 09:08:10 - INFO: step3.py, pbe: ForkPoolWorker-1: Calling delphi to calculate conformer (202/673) ASP01A0800_001 in /tmp/pbe_data.data.home.granepura.5-Kinases.Kinases_MCCE.Trial01.run_apo.4WKQ_ASP01A0800_001
2026-09-22 09:08:10 - INFO: step3.py, pbe: ForkPoolWorker-3: Calling delphi to calculate conformer (205/673) ASP02A0800_004 in /tmp/pbe_data.data.home.granepura.5-Kinases.Kinases_MCCE.Trial01.run_apo.4WKQ_ASP02A0800_004
2026-09-22 09:08:15 - INFO: step3.py, pbe: ForkPoolWorker-2: Calling delphi to calculate conformer (206/673) ASP-1A0800_005 in /tmp/pbe_data.data.home.granepura.5-Kinases.Kinases_MCCE.Trial01.run_apo.4WKQ_ASP-1A0800_005
2026-09-22 09:08:15 - INFO: step3.py, pbe: ForkPoolWorker-4: Calling delphi to calculate conformer (207/673) TYR01A0801_001 in /tmp/pbe_data.data.home.granepura.5-Kinases.Kinases_MCCE.Trial01.run_apo.4WKQ_TYR01A0801_001
2026-09-22 09:08:15 - INFO: step3.py, pbe: ForkPoolWorker-5: Calling delphi to calculate conformer (208/673) TYR-1A0801_002 in /tmp/pbe_data.data.home.granepura.5-Kinases.Kinases_MCCE.Trial01.run_apo.4WKQ_TYR-1A0801_002
2026-09-22 09:08:15 - INFO: step3.py, pbe: Skipping PBE solver for non-charge conformer (209/673) VAL01A0802_001...
2026-09-22 09:08:15 - INFO: step3.py, pbe: ForkPoolWorker-1: Calling delphi to calculate conformer (210/673) ARG01A0803_001 in /tmp/pbe_data.data.home.granepura.5-Kinases.Kinases_MCCE.Trial01.run_apo.4WKQ_ARG01A0803_001
2026-09-22 09:08:15 - INFO: step3.py, pbe: ForkPoolWorker-3: Calling delphi to calculate conformer (211/673) ARG02A0803_002 in /tmp/pbe_data.data.home.granepura.5-Kinases.Kinases_MCCE.Trial01.run_apo.4WKQ_ARG02A0803_002
2026-09-22 09:08:19 - INFO: step3.py, pbe: ForkPoolWorker-2: Calling delphi to calculate conformer (212/673) ARG03A0803_003 in /tmp/pbe_data.data.home.granepura.5-Kinases.Kinases_MCCE.Trial01.run_apo.4WKQ_ARG03A0803_003
2026-09-22 09:08:19 - INFO: step3.py, pbe: ForkPoolWorker-4: Calling delphi to calculate conformer (213/673) ARG+1A0803_004 in /tmp/pbe_data.data.home.granepura.5-Kinases.Kinases_MCCE.Trial01.run_apo.4WKQ_ARG+1A0803_004
2026-09-22 09:08:19 - INFO: step3.py, pbe: ForkPoolWorker-5: Calling delphi to calculate conformer (214/673) GLU01A0804_001 in /tmp/pbe_data.data.home.granepura.5-Kinases.Kinases_MCCE.Trial01.run_apo.4WKQ_GLU01A0804_001
2026-09-22 09:08:19 - INFO: step3.py, pbe: ForkPoolWorker-1: Calling delphi to calculate conformer (215/673) GLU01A0804_002 in /tmp/pbe_data.data.home.granepura.5-Kinases.Kinases_MCCE.Trial01.run_apo.4WKQ_GLU01A0804_002
2026-09-22 09:08:20 - INFO: step3.py, pbe: ForkPoolWorker-3: Calling delphi to calculate conformer (216/673) GLU02A0804_003 in /tmp/pbe_data.data.home.granepura.5-Kinases.Kinases_MCCE.Trial01.run_apo.4WKQ_GLU02A0804_003
2026-09-22 09:08:24 - INFO: step3.py, pbe: ForkPoolWorker-5: Calling delphi to calculate conformer (217/673) GLU02A0804_004 in /tmp/pbe_data.data.home.granepura.5-Kinases.Kinases_MCCE.Trial01.run_apo.4WKQ_GLU02A0804_004
2026-09-22 09:08:24 - INFO: step3.py, pbe: ForkPoolWorker-2: Calling delphi to calculate conformer (218/673) GLU-1A0804_005 in /tmp/pbe_data.data.home.granepura.5-Kinases.Kinases_MCCE.Trial01.run_apo.4WKQ_GLU-1A0804_005
2026-09-22 09:08:24 - INFO: step3.py, pbe: ForkPoolWorker-4: Calling delphi to calculate conformer (219/673) HIS01A0805_001 in /tmp/pbe_data.data.home.granepura.5-Kinases.Kinases_MCCE.Trial01.run_apo.4WKQ_HIS01A0805_001
2026-09-22 09:08:24 - INFO: step3.py, pbe: ForkPoolWorker-1: Calling delphi to calculate conformer (220/673) HIS01A0805_002 in /tmp/pbe_data.data.home.granepura.5-Kinases.Kinases_MCCE.Trial01.run_apo.4WKQ_HIS01A0805_002
2026-09-22 09:08:24 - INFO: step3.py, pbe: ForkPoolWorker-3: Calling delphi to calculate conformer (221/673) HIS02A0805_003 in /tmp/pbe_data.data.home.granepura.5-Kinases.Kinases_MCCE.Trial01.run_apo.4WKQ_HIS02A0805_003
2026-09-22 09:08:29 - INFO: step3.py, pbe: ForkPoolWorker-2: Calling delphi to calculate conformer (222/673) HIS02A0805_004 in /tmp/pbe_data.data.home.granepura.5-Kinases.Kinases_MCCE.Trial01.run_apo.4WKQ_HIS02A0805_004
2026-09-22 09:08:29 - INFO: step3.py, pbe: ForkPoolWorker-5: Calling delphi to calculate conformer (223/673) HIS+1A0805_005 in /tmp/pbe_data.data.home.granepura.5-Kinases.Kinases_MCCE.Trial01.run_apo.4WKQ_HIS+1A0805_005
2026-09-22 09:08:29 - INFO: step3.py, pbe: ForkPoolWorker-1: Calling delphi to calculate conformer (224/673) HIS+1A0805_006 in /tmp/pbe_data.data.home.granepura.5-Kinases.Kinases_MCCE.Trial01.run_apo.4WKQ_HIS+1A0805_006
2026-09-22 09:08:29 - INFO: step3.py, pbe: ForkPoolWorker-4: Calling delphi to calculate conformer (225/673) LYS01A0806_001 in /tmp/pbe_data.data.home.granepura.5-Kinases.Kinases_MCCE.Trial01.run_apo.4WKQ_LYS01A0806_001
2026-09-22 09:08:29 - INFO: step3.py, pbe: ForkPoolWorker-3: Calling delphi to calculate conformer (226/673) LYS+1A0806_002 in /tmp/pbe_data.data.home.granepura.5-Kinases.Kinases_MCCE.Trial01.run_apo.4WKQ_LYS+1A0806_002
2026-09-22 09:08:33 - INFO: step3.py, pbe: ForkPoolWorker-2: Calling delphi to calculate conformer (227/673) ASP01A0807_001 in /tmp/pbe_data.data.home.granepura.5-Kinases.Kinases_MCCE.Trial01.run_apo.4WKQ_ASP01A0807_001
2026-09-22 09:08:33 - INFO: step3.py, pbe: ForkPoolWorker-5: Calling delphi to calculate conformer (228/673) ASP01A0807_002 in /tmp/pbe_data.data.home.granepura.5-Kinases.Kinases_MCCE.Trial01.run_apo.4WKQ_ASP01A0807_002
2026-09-22 09:08:34 - INFO: step3.py, pbe: ForkPoolWorker-1: Calling delphi to calculate conformer (229/673) ASP02A0807_003 in /tmp/pbe_data.data.home.granepura.5-Kinases.Kinases_MCCE.Trial01.run_apo.4WKQ_ASP02A0807_003
2026-09-22 09:08:34 - INFO: step3.py, pbe: ForkPoolWorker-4: Calling delphi to calculate conformer (230/673) ASP02A0807_004 in /tmp/pbe_data.data.home.granepura.5-Kinases.Kinases_MCCE.Trial01.run_apo.4WKQ_ASP02A0807_004
2026-09-22 09:08:34 - INFO: step3.py, pbe: ForkPoolWorker-3: Calling delphi to calculate conformer (231/673) ASP-1A0807_005 in /tmp/pbe_data.data.home.granepura.5-Kinases.Kinases_MCCE.Trial01.run_apo.4WKQ_ASP-1A0807_005
2026-09-22 09:08:38 - INFO: step3.py, pbe: ForkPoolWorker-5: Calling delphi to calculate conformer (232/673) ASN01A0808_001 in /tmp/pbe_data.data.home.granepura.5-Kinases.Kinases_MCCE.Trial01.run_apo.4WKQ_ASN01A0808_001
2026-09-22 09:08:38 - INFO: step3.py, pbe: Skipping PBE solver for non-charge conformer (234/673) ILE01A0809_001...
2026-09-22 09:08:38 - INFO: step3.py, pbe: ForkPoolWorker-2: Calling delphi to calculate conformer (233/673) ASN01A0808_002 in /tmp/pbe_data.data.home.granepura.5-Kinases.Kinases_MCCE.Trial01.run_apo.4WKQ_ASN01A0808_002
2026-09-22 09:08:38 - INFO: step3.py, pbe: ForkPoolWorker-1: Calling delphi to calculate conformer (235/673) SER01A0811_001 in /tmp/pbe_data.data.home.granepura.5-Kinases.Kinases_MCCE.Trial01.run_apo.4WKQ_SER01A0811_001
2026-09-22 09:08:38 - INFO: step3.py, pbe: ForkPoolWorker-4: Calling delphi to calculate conformer (236/673) SER01A0811_002 in /tmp/pbe_data.data.home.granepura.5-Kinases.Kinases_MCCE.Trial01.run_apo.4WKQ_SER01A0811_002
2026-09-22 09:08:38 - INFO: step3.py, pbe: ForkPoolWorker-3: Calling delphi to calculate conformer (237/673) GLN01A0812_001 in /tmp/pbe_data.data.home.granepura.5-Kinases.Kinases_MCCE.Trial01.run_apo.4WKQ_GLN01A0812_001
2026-09-22 09:08:43 - INFO: step3.py, pbe: ForkPoolWorker-2: Calling delphi to calculate conformer (238/673) GLN01A0812_002 in /tmp/pbe_data.data.home.granepura.5-Kinases.Kinases_MCCE.Trial01.run_apo.4WKQ_GLN01A0812_002
2026-09-22 09:08:43 - INFO: step3.py, pbe: ForkPoolWorker-5: Calling delphi to calculate conformer (239/673) TYR01A0813_001 in /tmp/pbe_data.data.home.granepura.5-Kinases.Kinases_MCCE.Trial01.run_apo.4WKQ_TYR01A0813_001
2026-09-22 09:08:43 - INFO: step3.py, pbe: ForkPoolWorker-1: Calling delphi to calculate conformer (240/673) TYR01A0813_002 in /tmp/pbe_data.data.home.granepura.5-Kinases.Kinases_MCCE.Trial01.run_apo.4WKQ_TYR01A0813_002
2026-09-22 09:08:43 - INFO: step3.py, pbe: ForkPoolWorker-4: Calling delphi to calculate conformer (241/673) TYR01A0813_003 in /tmp/pbe_data.data.home.granepura.5-Kinases.Kinases_MCCE.Trial01.run_apo.4WKQ_TYR01A0813_003
2026-09-22 09:08:43 - INFO: step3.py, pbe: ForkPoolWorker-3: Calling delphi to calculate conformer (242/673) TYR01A0813_004 in /tmp/pbe_data.data.home.granepura.5-Kinases.Kinases_MCCE.Trial01.run_apo.4WKQ_TYR01A0813_004
2026-09-22 09:08:48 - INFO: step3.py, pbe: ForkPoolWorker-2: Calling delphi to calculate conformer (243/673) TYR-1A0813_005 in /tmp/pbe_data.data.home.granepura.5-Kinases.Kinases_MCCE.Trial01.run_apo.4WKQ_TYR-1A0813_005
2026-09-22 09:08:48 - INFO: step3.py, pbe: ForkPoolWorker-5: Calling delphi to calculate conformer (244/673) TYR-1A0813_006 in /tmp/pbe_data.data.home.granepura.5-Kinases.Kinases_MCCE.Trial01.run_apo.4WKQ_TYR-1A0813_006
2026-09-22 09:08:48 - INFO: step3.py, pbe: Skipping PBE solver for non-charge conformer (245/673) LEU01A0814_001...
2026-09-22 09:08:48 - INFO: step3.py, pbe: Skipping PBE solver for non-charge conformer (246/673) LEU01A0815_001...
2026-09-22 09:08:48 - INFO: step3.py, pbe: ForkPoolWorker-4: Calling delphi to calculate conformer (247/673) ASN01A0816_001 in /tmp/pbe_data.data.home.granepura.5-Kinases.Kinases_MCCE.Trial01.run_apo.4WKQ_ASN01A0816_001
2026-09-22 09:08:48 - INFO: step3.py, pbe: ForkPoolWorker-1: Calling delphi to calculate conformer (248/673) ASN01A0816_002 in /tmp/pbe_data.data.home.granepura.5-Kinases.Kinases_MCCE.Trial01.run_apo.4WKQ_ASN01A0816_002
2026-09-22 09:08:48 - INFO: step3.py, pbe: Skipping PBE solver for non-charge conformer (249/673) TRP01A0817_001...
2026-09-22 09:08:48 - INFO: step3.py, pbe: ForkPoolWorker-3: Calling delphi to calculate conformer (250/673) CYS01A0818_001 in /tmp/pbe_data.data.home.granepura.5-Kinases.Kinases_MCCE.Trial01.run_apo.4WKQ_CYS01A0818_001
2026-09-22 09:08:52 - INFO: step3.py, pbe: ForkPoolWorker-2: Calling delphi to calculate conformer (251/673) CYS01A0818_002 in /tmp/pbe_data.data.home.granepura.5-Kinases.Kinases_MCCE.Trial01.run_apo.4WKQ_CYS01A0818_002
2026-09-22 09:08:52 - INFO: step3.py, pbe: ForkPoolWorker-5: Calling delphi to calculate conformer (252/673) CYS01A0818_003 in /tmp/pbe_data.data.home.granepura.5-Kinases.Kinases_MCCE.Trial01.run_apo.4WKQ_CYS01A0818_003
2026-09-22 09:08:52 - INFO: step3.py, pbe: ForkPoolWorker-1: Calling delphi to calculate conformer (253/673) CYS-1A0818_004 in /tmp/pbe_data.data.home.granepura.5-Kinases.Kinases_MCCE.Trial01.run_apo.4WKQ_CYS-1A0818_004
2026-09-22 09:08:52 - INFO: step3.py, pbe: Skipping PBE solver for non-charge conformer (254/673) VAL01A0819_001...
2026-09-22 09:08:52 - INFO: step3.py, pbe: ForkPoolWorker-4: Calling delphi to calculate conformer (255/673) GLN01A0820_001 in /tmp/pbe_data.data.home.granepura.5-Kinases.Kinases_MCCE.Trial01.run_apo.4WKQ_GLN01A0820_001
2026-09-22 09:08:52 - INFO: step3.py, pbe: ForkPoolWorker-3: Calling delphi to calculate conformer (256/673) GLN01A0820_002 in /tmp/pbe_data.data.home.granepura.5-Kinases.Kinases_MCCE.Trial01.run_apo.4WKQ_GLN01A0820_002
2026-09-22 09:08:57 - INFO: step3.py, pbe: Skipping PBE solver for non-charge conformer (257/673) ILE01A0821_001...
2026-09-22 09:08:57 - INFO: step3.py, pbe: Skipping PBE solver for non-charge conformer (258/673) ALA01A0822_001...
2026-09-22 09:08:57 - INFO: step3.py, pbe: ForkPoolWorker-2: Calling delphi to calculate conformer (259/673) LYS01A0823_001 in /tmp/pbe_data.data.home.granepura.5-Kinases.Kinases_MCCE.Trial01.run_apo.4WKQ_LYS01A0823_001
2026-09-22 09:08:57 - INFO: step3.py, pbe: ForkPoolWorker-5: Calling delphi to calculate conformer (260/673) LYS+1A0823_002 in /tmp/pbe_data.data.home.granepura.5-Kinases.Kinases_MCCE.Trial01.run_apo.4WKQ_LYS+1A0823_002
2026-09-22 09:08:57 - INFO: step3.py, pbe: ForkPoolWorker-4: Calling delphi to calculate conformer (261/673) MET01A0825_001 in /tmp/pbe_data.data.home.granepura.5-Kinases.Kinases_MCCE.Trial01.run_apo.4WKQ_MET01A0825_001
2026-09-22 09:08:57 - INFO: step3.py, pbe: ForkPoolWorker-1: Calling delphi to calculate conformer (262/673) ASN01A0826_001 in /tmp/pbe_data.data.home.granepura.5-Kinases.Kinases_MCCE.Trial01.run_apo.4WKQ_ASN01A0826_001
2026-09-22 09:08:57 - INFO: step3.py, pbe: ForkPoolWorker-3: Calling delphi to calculate conformer (263/673) ASN01A0826_002 in /tmp/pbe_data.data.home.granepura.5-Kinases.Kinases_MCCE.Trial01.run_apo.4WKQ_ASN01A0826_002
2026-09-22 09:09:02 - INFO: step3.py, pbe: ForkPoolWorker-2: Calling delphi to calculate conformer (264/673) TYR01A0827_001 in /tmp/pbe_data.data.home.granepura.5-Kinases.Kinases_MCCE.Trial01.run_apo.4WKQ_TYR01A0827_001
2026-09-22 09:09:02 - INFO: step3.py, pbe: ForkPoolWorker-5: Calling delphi to calculate conformer (265/673) TYR01A0827_002 in /tmp/pbe_data.data.home.granepura.5-Kinases.Kinases_MCCE.Trial01.run_apo.4WKQ_TYR01A0827_002
2026-09-22 09:09:02 - INFO: step3.py, pbe: ForkPoolWorker-4: Calling delphi to calculate conformer (266/673) TYR-1A0827_003 in /tmp/pbe_data.data.home.granepura.5-Kinases.Kinases_MCCE.Trial01.run_apo.4WKQ_TYR-1A0827_003
2026-09-22 09:09:02 - INFO: step3.py, pbe: Skipping PBE solver for non-charge conformer (267/673) LEU01A0828_001...
2026-09-22 09:09:02 - INFO: step3.py, pbe: ForkPoolWorker-1: Calling delphi to calculate conformer (268/673) GLU01A0829_001 in /tmp/pbe_data.data.home.granepura.5-Kinases.Kinases_MCCE.Trial01.run_apo.4WKQ_GLU01A0829_001
2026-09-22 09:09:02 - INFO: step3.py, pbe: ForkPoolWorker-3: Calling delphi to calculate conformer (269/673) GLU01A0829_002 in /tmp/pbe_data.data.home.granepura.5-Kinases.Kinases_MCCE.Trial01.run_apo.4WKQ_GLU01A0829_002
2026-09-22 09:09:07 - INFO: step3.py, pbe: ForkPoolWorker-1: Calling delphi to calculate conformer (270/673) GLU02A0829_003 in /tmp/pbe_data.data.home.granepura.5-Kinases.Kinases_MCCE.Trial01.run_apo.4WKQ_GLU02A0829_003
2026-09-22 09:09:07 - INFO: step3.py, pbe: ForkPoolWorker-2: Calling delphi to calculate conformer (271/673) GLU02A0829_004 in /tmp/pbe_data.data.home.granepura.5-Kinases.Kinases_MCCE.Trial01.run_apo.4WKQ_GLU02A0829_004
2026-09-22 09:09:07 - INFO: step3.py, pbe: ForkPoolWorker-5: Calling delphi to calculate conformer (272/673) GLU-1A0829_005 in /tmp/pbe_data.data.home.granepura.5-Kinases.Kinases_MCCE.Trial01.run_apo.4WKQ_GLU-1A0829_005
2026-09-22 09:09:07 - INFO: step3.py, pbe: ForkPoolWorker-3: Calling delphi to calculate conformer (273/673) ASP01A0830_001 in /tmp/pbe_data.data.home.granepura.5-Kinases.Kinases_MCCE.Trial01.run_apo.4WKQ_ASP01A0830_001
2026-09-22 09:09:07 - INFO: step3.py, pbe: ForkPoolWorker-4: Calling delphi to calculate conformer (274/673) ASP01A0830_002 in /tmp/pbe_data.data.home.granepura.5-Kinases.Kinases_MCCE.Trial01.run_apo.4WKQ_ASP01A0830_002
2026-09-22 09:09:11 - INFO: step3.py, pbe: ForkPoolWorker-1: Calling delphi to calculate conformer (275/673) ASP02A0830_003 in /tmp/pbe_data.data.home.granepura.5-Kinases.Kinases_MCCE.Trial01.run_apo.4WKQ_ASP02A0830_003
2026-09-22 09:09:12 - INFO: step3.py, pbe: ForkPoolWorker-3: Calling delphi to calculate conformer (276/673) ASP02A0830_004 in /tmp/pbe_data.data.home.granepura.5-Kinases.Kinases_MCCE.Trial01.run_apo.4WKQ_ASP02A0830_004
2026-09-22 09:09:12 - INFO: step3.py, pbe: ForkPoolWorker-5: Calling delphi to calculate conformer (277/673) ASP-1A0830_005 in /tmp/pbe_data.data.home.granepura.5-Kinases.Kinases_MCCE.Trial01.run_apo.4WKQ_ASP-1A0830_005
2026-09-22 09:09:12 - INFO: step3.py, pbe: ForkPoolWorker-2: Calling delphi to calculate conformer (278/673) ARG01A0831_001 in /tmp/pbe_data.data.home.granepura.5-Kinases.Kinases_MCCE.Trial01.run_apo.4WKQ_ARG01A0831_001
2026-09-22 09:09:12 - INFO: step3.py, pbe: ForkPoolWorker-4: Calling delphi to calculate conformer (279/673) ARG02A0831_002 in /tmp/pbe_data.data.home.granepura.5-Kinases.Kinases_MCCE.Trial01.run_apo.4WKQ_ARG02A0831_002
2026-09-22 09:09:16 - INFO: step3.py, pbe: ForkPoolWorker-1: Calling delphi to calculate conformer (280/673) ARG03A0831_003 in /tmp/pbe_data.data.home.granepura.5-Kinases.Kinases_MCCE.Trial01.run_apo.4WKQ_ARG03A0831_003
2026-09-22 09:09:16 - INFO: step3.py, pbe: ForkPoolWorker-5: Calling delphi to calculate conformer (282/673) ARG01A0832_001 in /tmp/pbe_data.data.home.granepura.5-Kinases.Kinases_MCCE.Trial01.run_apo.4WKQ_ARG01A0832_001
2026-09-22 09:09:16 - INFO: step3.py, pbe: ForkPoolWorker-3: Calling delphi to calculate conformer (281/673) ARG+1A0831_004 in /tmp/pbe_data.data.home.granepura.5-Kinases.Kinases_MCCE.Trial01.run_apo.4WKQ_ARG+1A0831_004
2026-09-22 09:09:16 - INFO: step3.py, pbe: ForkPoolWorker-2: Calling delphi to calculate conformer (283/673) ARG02A0832_002 in /tmp/pbe_data.data.home.granepura.5-Kinases.Kinases_MCCE.Trial01.run_apo.4WKQ_ARG02A0832_002
2026-09-22 09:09:16 - INFO: step3.py, pbe: ForkPoolWorker-4: Calling delphi to calculate conformer (284/673) ARG03A0832_003 in /tmp/pbe_data.data.home.granepura.5-Kinases.Kinases_MCCE.Trial01.run_apo.4WKQ_ARG03A0832_003
2026-09-22 09:09:21 - INFO: step3.py, pbe: ForkPoolWorker-1: Calling delphi to calculate conformer (285/673) ARG+1A0832_004 in /tmp/pbe_data.data.home.granepura.5-Kinases.Kinases_MCCE.Trial01.run_apo.4WKQ_ARG+1A0832_004
2026-09-22 09:09:21 - INFO: step3.py, pbe: Skipping PBE solver for non-charge conformer (286/673) LEU01A0833_001...
2026-09-22 09:09:21 - INFO: step3.py, pbe: Skipping PBE solver for non-charge conformer (287/673) VAL01A0834_001...
2026-09-22 09:09:21 - INFO: step3.py, pbe: ForkPoolWorker-3: Calling delphi to calculate conformer (290/673) HIS+1A0835_003 in /tmp/pbe_data.data.home.granepura.5-Kinases.Kinases_MCCE.Trial01.run_apo.4WKQ_HIS+1A0835_003
2026-09-22 09:09:21 - INFO: step3.py, pbe: ForkPoolWorker-2: Calling delphi to calculate conformer (288/673) HIS01A0835_001 in /tmp/pbe_data.data.home.granepura.5-Kinases.Kinases_MCCE.Trial01.run_apo.4WKQ_HIS01A0835_001
2026-09-22 09:09:21 - INFO: step3.py, pbe: ForkPoolWorker-5: Calling delphi to calculate conformer (289/673) HIS02A0835_002 in /tmp/pbe_data.data.home.granepura.5-Kinases.Kinases_MCCE.Trial01.run_apo.4WKQ_HIS02A0835_002
2026-09-22 09:09:21 - INFO: step3.py, pbe: ForkPoolWorker-4: Calling delphi to calculate conformer (291/673) ARG01A0836_001 in /tmp/pbe_data.data.home.granepura.5-Kinases.Kinases_MCCE.Trial01.run_apo.4WKQ_ARG01A0836_001
2026-09-22 09:09:25 - INFO: step3.py, pbe: ForkPoolWorker-1: Calling delphi to calculate conformer (292/673) ARG02A0836_002 in /tmp/pbe_data.data.home.granepura.5-Kinases.Kinases_MCCE.Trial01.run_apo.4WKQ_ARG02A0836_002
2026-09-22 09:09:26 - INFO: step3.py, pbe: ForkPoolWorker-3: Calling delphi to calculate conformer (293/673) ARG02A0836_003 in /tmp/pbe_data.data.home.granepura.5-Kinases.Kinases_MCCE.Trial01.run_apo.4WKQ_ARG02A0836_003
2026-09-22 09:09:26 - INFO: step3.py, pbe: ForkPoolWorker-2: Calling delphi to calculate conformer (294/673) ARG03A0836_004 in /tmp/pbe_data.data.home.granepura.5-Kinases.Kinases_MCCE.Trial01.run_apo.4WKQ_ARG03A0836_004
2026-09-22 09:09:26 - INFO: step3.py, pbe: ForkPoolWorker-5: Calling delphi to calculate conformer (295/673) ARG03A0836_005 in /tmp/pbe_data.data.home.granepura.5-Kinases.Kinases_MCCE.Trial01.run_apo.4WKQ_ARG03A0836_005
2026-09-22 09:09:26 - INFO: step3.py, pbe: ForkPoolWorker-4: Calling delphi to calculate conformer (296/673) ARG+1A0836_006 in /tmp/pbe_data.data.home.granepura.5-Kinases.Kinases_MCCE.Trial01.run_apo.4WKQ_ARG+1A0836_006
2026-09-22 09:09:30 - INFO: step3.py, pbe: ForkPoolWorker-1: Calling delphi to calculate conformer (297/673) ASP01A0837_001 in /tmp/pbe_data.data.home.granepura.5-Kinases.Kinases_MCCE.Trial01.run_apo.4WKQ_ASP01A0837_001
2026-09-22 09:09:30 - INFO: step3.py, pbe: ForkPoolWorker-3: Calling delphi to calculate conformer (298/673) ASP01A0837_002 in /tmp/pbe_data.data.home.granepura.5-Kinases.Kinases_MCCE.Trial01.run_apo.4WKQ_ASP01A0837_002
2026-09-22 09:09:30 - INFO: step3.py, pbe: ForkPoolWorker-2: Calling delphi to calculate conformer (299/673) ASP02A0837_003 in /tmp/pbe_data.data.home.granepura.5-Kinases.Kinases_MCCE.Trial01.run_apo.4WKQ_ASP02A0837_003
2026-09-22 09:09:30 - INFO: step3.py, pbe: ForkPoolWorker-4: Calling delphi to calculate conformer (300/673) ASP02A0837_004 in /tmp/pbe_data.data.home.granepura.5-Kinases.Kinases_MCCE.Trial01.run_apo.4WKQ_ASP02A0837_004
2026-09-22 09:09:30 - INFO: step3.py, pbe: ForkPoolWorker-5: Calling delphi to calculate conformer (301/673) ASP-1A0837_005 in /tmp/pbe_data.data.home.granepura.5-Kinases.Kinases_MCCE.Trial01.run_apo.4WKQ_ASP-1A0837_005
2026-09-22 09:09:35 - INFO: step3.py, pbe: Skipping PBE solver for non-charge conformer (302/673) LEU01A0838_001...
2026-09-22 09:09:35 - INFO: step3.py, pbe: Skipping PBE solver for non-charge conformer (303/673) ALA01A0839_001...
2026-09-22 09:09:35 - INFO: step3.py, pbe: Skipping PBE solver for non-charge conformer (304/673) ALA01A0840_001...
2026-09-22 09:09:35 - INFO: step3.py, pbe: ForkPoolWorker-1: Calling delphi to calculate conformer (305/673) ARG01A0841_001 in /tmp/pbe_data.data.home.granepura.5-Kinases.Kinases_MCCE.Trial01.run_apo.4WKQ_ARG01A0841_001
2026-09-22 09:09:35 - INFO: step3.py, pbe: ForkPoolWorker-3: Calling delphi to calculate conformer (306/673) ARG02A0841_002 in /tmp/pbe_data.data.home.granepura.5-Kinases.Kinases_MCCE.Trial01.run_apo.4WKQ_ARG02A0841_002
2026-09-22 09:09:35 - INFO: step3.py, pbe: ForkPoolWorker-2: Calling delphi to calculate conformer (307/673) ARG02A0841_003 in /tmp/pbe_data.data.home.granepura.5-Kinases.Kinases_MCCE.Trial01.run_apo.4WKQ_ARG02A0841_003
2026-09-22 09:09:35 - INFO: step3.py, pbe: ForkPoolWorker-4: Calling delphi to calculate conformer (308/673) ARG03A0841_004 in /tmp/pbe_data.data.home.granepura.5-Kinases.Kinases_MCCE.Trial01.run_apo.4WKQ_ARG03A0841_004
2026-09-22 09:09:35 - INFO: step3.py, pbe: ForkPoolWorker-5: Calling delphi to calculate conformer (309/673) ARG+1A0841_005 in /tmp/pbe_data.data.home.granepura.5-Kinases.Kinases_MCCE.Trial01.run_apo.4WKQ_ARG+1A0841_005
2026-09-22 09:09:40 - INFO: step3.py, pbe: ForkPoolWorker-1: Calling delphi to calculate conformer (310/673) ASN01A0842_001 in /tmp/pbe_data.data.home.granepura.5-Kinases.Kinases_MCCE.Trial01.run_apo.4WKQ_ASN01A0842_001
2026-09-22 09:09:40 - INFO: step3.py, pbe: Skipping PBE solver for non-charge conformer (312/673) VAL01A0843_001...
2026-09-22 09:09:40 - INFO: step3.py, pbe: Skipping PBE solver for non-charge conformer (313/673) LEU01A0844_001...
2026-09-22 09:09:40 - INFO: step3.py, pbe: ForkPoolWorker-2: Calling delphi to calculate conformer (311/673) ASN01A0842_002 in /tmp/pbe_data.data.home.granepura.5-Kinases.Kinases_MCCE.Trial01.run_apo.4WKQ_ASN01A0842_002
2026-09-22 09:09:40 - INFO: step3.py, pbe: Skipping PBE solver for non-charge conformer (314/673) VAL01A0845_001...
2026-09-22 09:09:40 - INFO: step3.py, pbe: ForkPoolWorker-3: Calling delphi to calculate conformer (315/673) LYS01A0846_001 in /tmp/pbe_data.data.home.granepura.5-Kinases.Kinases_MCCE.Trial01.run_apo.4WKQ_LYS01A0846_001
2026-09-22 09:09:40 - INFO: step3.py, pbe: ForkPoolWorker-4: Calling delphi to calculate conformer (316/673) LYS01A0846_002 in /tmp/pbe_data.data.home.granepura.5-Kinases.Kinases_MCCE.Trial01.run_apo.4WKQ_LYS01A0846_002
2026-09-22 09:09:40 - INFO: step3.py, pbe: ForkPoolWorker-5: Calling delphi to calculate conformer (317/673) LYS+1A0846_003 in /tmp/pbe_data.data.home.granepura.5-Kinases.Kinases_MCCE.Trial01.run_apo.4WKQ_LYS+1A0846_003
2026-09-22 09:09:44 - INFO: step3.py, pbe: ForkPoolWorker-3: Calling delphi to calculate conformer (319/673) THR01A0847_001 in /tmp/pbe_data.data.home.granepura.5-Kinases.Kinases_MCCE.Trial01.run_apo.4WKQ_THR01A0847_001
2026-09-22 09:09:44 - INFO: step3.py, pbe: ForkPoolWorker-1: Calling delphi to calculate conformer (318/673) LYS+1A0846_004 in /tmp/pbe_data.data.home.granepura.5-Kinases.Kinases_MCCE.Trial01.run_apo.4WKQ_LYS+1A0846_004
2026-09-22 09:09:44 - INFO: step3.py, pbe: ForkPoolWorker-2: Calling delphi to calculate conformer (320/673) THR01A0847_002 in /tmp/pbe_data.data.home.granepura.5-Kinases.Kinases_MCCE.Trial01.run_apo.4WKQ_THR01A0847_002
2026-09-22 09:09:44 - INFO: step3.py, pbe: Skipping PBE solver for non-charge conformer (321/673) PRO01A0848_001...
2026-09-22 09:09:44 - INFO: step3.py, pbe: ForkPoolWorker-4: Calling delphi to calculate conformer (322/673) GLN01A0849_001 in /tmp/pbe_data.data.home.granepura.5-Kinases.Kinases_MCCE.Trial01.run_apo.4WKQ_GLN01A0849_001
2026-09-22 09:09:44 - INFO: step3.py, pbe: ForkPoolWorker-5: Calling delphi to calculate conformer (323/673) GLN01A0849_002 in /tmp/pbe_data.data.home.granepura.5-Kinases.Kinases_MCCE.Trial01.run_apo.4WKQ_GLN01A0849_002
2026-09-22 09:09:49 - INFO: step3.py, pbe: ForkPoolWorker-3: Calling delphi to calculate conformer (324/673) HIS01A0850_001 in /tmp/pbe_data.data.home.granepura.5-Kinases.Kinases_MCCE.Trial01.run_apo.4WKQ_HIS01A0850_001
2026-09-22 09:09:49 - INFO: step3.py, pbe: ForkPoolWorker-1: Calling delphi to calculate conformer (325/673) HIS02A0850_002 in /tmp/pbe_data.data.home.granepura.5-Kinases.Kinases_MCCE.Trial01.run_apo.4WKQ_HIS02A0850_002
2026-09-22 09:09:49 - INFO: step3.py, pbe: ForkPoolWorker-2: Calling delphi to calculate conformer (326/673) HIS+1A0850_003 in /tmp/pbe_data.data.home.granepura.5-Kinases.Kinases_MCCE.Trial01.run_apo.4WKQ_HIS+1A0850_003
2026-09-22 09:09:49 - INFO: step3.py, pbe: Skipping PBE solver for non-charge conformer (327/673) VAL01A0851_001...
2026-09-22 09:09:49 - INFO: step3.py, pbe: ForkPoolWorker-4: Calling delphi to calculate conformer (328/673) LYS01A0852_001 in /tmp/pbe_data.data.home.granepura.5-Kinases.Kinases_MCCE.Trial01.run_apo.4WKQ_LYS01A0852_001
2026-09-22 09:09:49 - INFO: step3.py, pbe: ForkPoolWorker-5: Calling delphi to calculate conformer (329/673) LYS+1A0852_002 in /tmp/pbe_data.data.home.granepura.5-Kinases.Kinases_MCCE.Trial01.run_apo.4WKQ_LYS+1A0852_002
2026-09-22 09:09:54 - INFO: step3.py, pbe: ForkPoolWorker-2: Calling delphi to calculate conformer (331/673) THR01A0854_001 in /tmp/pbe_data.data.home.granepura.5-Kinases.Kinases_MCCE.Trial01.run_apo.4WKQ_THR01A0854_001
2026-09-22 09:09:54 - INFO: step3.py, pbe: Skipping PBE solver for non-charge conformer (330/673) ILE01A0853_001...
2026-09-22 09:09:54 - INFO: step3.py, pbe: ForkPoolWorker-3: Calling delphi to calculate conformer (332/673) THR01A0854_002 in /tmp/pbe_data.data.home.granepura.5-Kinases.Kinases_MCCE.Trial01.run_apo.4WKQ_THR01A0854_002
2026-09-22 09:09:54 - INFO: step3.py, pbe: ForkPoolWorker-1: Calling delphi to calculate conformer (333/673) ASP01A0855_001 in /tmp/pbe_data.data.home.granepura.5-Kinases.Kinases_MCCE.Trial01.run_apo.4WKQ_ASP01A0855_001
2026-09-22 09:09:54 - INFO: step3.py, pbe: ForkPoolWorker-4: Calling delphi to calculate conformer (334/673) ASP01A0855_002 in /tmp/pbe_data.data.home.granepura.5-Kinases.Kinases_MCCE.Trial01.run_apo.4WKQ_ASP01A0855_002
2026-09-22 09:09:54 - INFO: step3.py, pbe: ForkPoolWorker-5: Calling delphi to calculate conformer (335/673) ASP02A0855_003 in /tmp/pbe_data.data.home.granepura.5-Kinases.Kinases_MCCE.Trial01.run_apo.4WKQ_ASP02A0855_003
2026-09-22 09:09:58 - INFO: step3.py, pbe: ForkPoolWorker-2: Calling delphi to calculate conformer (336/673) ASP02A0855_004 in /tmp/pbe_data.data.home.granepura.5-Kinases.Kinases_MCCE.Trial01.run_apo.4WKQ_ASP02A0855_004
2026-09-22 09:09:58 - INFO: step3.py, pbe: ForkPoolWorker-3: Calling delphi to calculate conformer (337/673) ASP-1A0855_005 in /tmp/pbe_data.data.home.granepura.5-Kinases.Kinases_MCCE.Trial01.run_apo.4WKQ_ASP-1A0855_005
2026-09-22 09:09:58 - INFO: step3.py, pbe: Skipping PBE solver for non-charge conformer (338/673) PHE01A0856_001...
2026-09-22 09:09:58 - INFO: step3.py, pbe: Skipping PBE solver for non-charge conformer (339/673) LEU01A0858_001...
2026-09-22 09:09:58 - INFO: step3.py, pbe: Skipping PBE solver for non-charge conformer (340/673) ALA01A0859_001...
2026-09-22 09:09:58 - INFO: step3.py, pbe: ForkPoolWorker-1: Calling delphi to calculate conformer (342/673) LYS+1A0860_002 in /tmp/pbe_data.data.home.granepura.5-Kinases.Kinases_MCCE.Trial01.run_apo.4WKQ_LYS+1A0860_002
2026-09-22 09:09:58 - INFO: step3.py, pbe: ForkPoolWorker-4: Calling delphi to calculate conformer (341/673) LYS01A0860_001 in /tmp/pbe_data.data.home.granepura.5-Kinases.Kinases_MCCE.Trial01.run_apo.4WKQ_LYS01A0860_001
2026-09-22 09:09:58 - INFO: step3.py, pbe: Skipping PBE solver for non-charge conformer (343/673) LEU01A0861_001...
2026-09-22 09:09:58 - INFO: step3.py, pbe: Skipping PBE solver for non-charge conformer (344/673) LEU01A0862_001...
2026-09-22 09:09:58 - INFO: step3.py, pbe: Skipping PBE solver for non-charge conformer (345/673) ALA01A0864_001...
2026-09-22 09:09:59 - INFO: step3.py, pbe: ForkPoolWorker-5: Calling delphi to calculate conformer (346/673) GLU01A0865_001 in /tmp/pbe_data.data.home.granepura.5-Kinases.Kinases_MCCE.Trial01.run_apo.4WKQ_GLU01A0865_001
2026-09-22 09:10:03 - INFO: step3.py, pbe: ForkPoolWorker-5: Calling delphi to calculate conformer (347/673) GLU01A0865_002 in /tmp/pbe_data.data.home.granepura.5-Kinases.Kinases_MCCE.Trial01.run_apo.4WKQ_GLU01A0865_002
2026-09-22 09:10:03 - INFO: step3.py, pbe: ForkPoolWorker-4: Calling delphi to calculate conformer (348/673) GLU02A0865_003 in /tmp/pbe_data.data.home.granepura.5-Kinases.Kinases_MCCE.Trial01.run_apo.4WKQ_GLU02A0865_003
2026-09-22 09:10:03 - INFO: step3.py, pbe: ForkPoolWorker-1: Calling delphi to calculate conformer (350/673) GLU-1A0865_005 in /tmp/pbe_data.data.home.granepura.5-Kinases.Kinases_MCCE.Trial01.run_apo.4WKQ_GLU-1A0865_005
2026-09-22 09:10:03 - INFO: step3.py, pbe: ForkPoolWorker-2: Calling delphi to calculate conformer (349/673) GLU02A0865_004 in /tmp/pbe_data.data.home.granepura.5-Kinases.Kinases_MCCE.Trial01.run_apo.4WKQ_GLU02A0865_004
2026-09-22 09:10:03 - INFO: step3.py, pbe: ForkPoolWorker-3: Calling delphi to calculate conformer (351/673) GLU01A0866_001 in /tmp/pbe_data.data.home.granepura.5-Kinases.Kinases_MCCE.Trial01.run_apo.4WKQ_GLU01A0866_001
2026-09-22 09:10:08 - INFO: step3.py, pbe: ForkPoolWorker-5: Calling delphi to calculate conformer (352/673) GLU01A0866_002 in /tmp/pbe_data.data.home.granepura.5-Kinases.Kinases_MCCE.Trial01.run_apo.4WKQ_GLU01A0866_002
2026-09-22 09:10:08 - INFO: step3.py, pbe: ForkPoolWorker-4: Calling delphi to calculate conformer (353/673) GLU02A0866_003 in /tmp/pbe_data.data.home.granepura.5-Kinases.Kinases_MCCE.Trial01.run_apo.4WKQ_GLU02A0866_003
2026-09-22 09:10:08 - INFO: step3.py, pbe: ForkPoolWorker-1: Calling delphi to calculate conformer (354/673) GLU02A0866_004 in /tmp/pbe_data.data.home.granepura.5-Kinases.Kinases_MCCE.Trial01.run_apo.4WKQ_GLU02A0866_004
2026-09-22 09:10:08 - INFO: step3.py, pbe: ForkPoolWorker-2: Calling delphi to calculate conformer (355/673) GLU-1A0866_005 in /tmp/pbe_data.data.home.granepura.5-Kinases.Kinases_MCCE.Trial01.run_apo.4WKQ_GLU-1A0866_005
2026-09-22 09:10:08 - INFO: step3.py, pbe: ForkPoolWorker-3: Calling delphi to calculate conformer (356/673) LYS01A0867_001 in /tmp/pbe_data.data.home.granepura.5-Kinases.Kinases_MCCE.Trial01.run_apo.4WKQ_LYS01A0867_001
2026-09-22 09:10:12 - INFO: step3.py, pbe: ForkPoolWorker-4: Calling delphi to calculate conformer (358/673) GLU01A0868_001 in /tmp/pbe_data.data.home.granepura.5-Kinases.Kinases_MCCE.Trial01.run_apo.4WKQ_GLU01A0868_001
2026-09-22 09:10:12 - INFO: step3.py, pbe: ForkPoolWorker-5: Calling delphi to calculate conformer (357/673) LYS+1A0867_002 in /tmp/pbe_data.data.home.granepura.5-Kinases.Kinases_MCCE.Trial01.run_apo.4WKQ_LYS+1A0867_002
2026-09-22 09:10:12 - INFO: step3.py, pbe: ForkPoolWorker-1: Calling delphi to calculate conformer (359/673) GLU01A0868_002 in /tmp/pbe_data.data.home.granepura.5-Kinases.Kinases_MCCE.Trial01.run_apo.4WKQ_GLU01A0868_002
2026-09-22 09:10:12 - INFO: step3.py, pbe: ForkPoolWorker-2: Calling delphi to calculate conformer (360/673) GLU02A0868_003 in /tmp/pbe_data.data.home.granepura.5-Kinases.Kinases_MCCE.Trial01.run_apo.4WKQ_GLU02A0868_003
2026-09-22 09:10:13 - INFO: step3.py, pbe: ForkPoolWorker-3: Calling delphi to calculate conformer (361/673) GLU02A0868_004 in /tmp/pbe_data.data.home.granepura.5-Kinases.Kinases_MCCE.Trial01.run_apo.4WKQ_GLU02A0868_004
2026-09-22 09:10:17 - INFO: step3.py, pbe: ForkPoolWorker-4: Calling delphi to calculate conformer (362/673) GLU-1A0868_005 in /tmp/pbe_data.data.home.granepura.5-Kinases.Kinases_MCCE.Trial01.run_apo.4WKQ_GLU-1A0868_005
2026-09-22 09:10:17 - INFO: step3.py, pbe: ForkPoolWorker-5: Calling delphi to calculate conformer (363/673) TYR01A0869_001 in /tmp/pbe_data.data.home.granepura.5-Kinases.Kinases_MCCE.Trial01.run_apo.4WKQ_TYR01A0869_001
2026-09-22 09:10:17 - INFO: step3.py, pbe: ForkPoolWorker-1: Calling delphi to calculate conformer (364/673) TYR01A0869_002 in /tmp/pbe_data.data.home.granepura.5-Kinases.Kinases_MCCE.Trial01.run_apo.4WKQ_TYR01A0869_002
2026-09-22 09:10:17 - INFO: step3.py, pbe: ForkPoolWorker-2: Calling delphi to calculate conformer (365/673) TYR-1A0869_003 in /tmp/pbe_data.data.home.granepura.5-Kinases.Kinases_MCCE.Trial01.run_apo.4WKQ_TYR-1A0869_003
2026-09-22 09:10:17 - INFO: step3.py, pbe: ForkPoolWorker-3: Calling delphi to calculate conformer (366/673) HIS01A0870_001 in /tmp/pbe_data.data.home.granepura.5-Kinases.Kinases_MCCE.Trial01.run_apo.4WKQ_HIS01A0870_001
2026-09-22 09:10:22 - INFO: step3.py, pbe: ForkPoolWorker-5: Calling delphi to calculate conformer (367/673) HIS01A0870_002 in /tmp/pbe_data.data.home.granepura.5-Kinases.Kinases_MCCE.Trial01.run_apo.4WKQ_HIS01A0870_002
2026-09-22 09:10:22 - INFO: step3.py, pbe: ForkPoolWorker-4: Calling delphi to calculate conformer (368/673) HIS02A0870_003 in /tmp/pbe_data.data.home.granepura.5-Kinases.Kinases_MCCE.Trial01.run_apo.4WKQ_HIS02A0870_003
2026-09-22 09:10:22 - INFO: step3.py, pbe: ForkPoolWorker-1: Calling delphi to calculate conformer (369/673) HIS02A0870_004 in /tmp/pbe_data.data.home.granepura.5-Kinases.Kinases_MCCE.Trial01.run_apo.4WKQ_HIS02A0870_004
2026-09-22 09:10:22 - INFO: step3.py, pbe: ForkPoolWorker-2: Calling delphi to calculate conformer (370/673) HIS+1A0870_005 in /tmp/pbe_data.data.home.granepura.5-Kinases.Kinases_MCCE.Trial01.run_apo.4WKQ_HIS+1A0870_005
2026-09-22 09:10:22 - INFO: step3.py, pbe: ForkPoolWorker-3: Calling delphi to calculate conformer (371/673) HIS+1A0870_006 in /tmp/pbe_data.data.home.granepura.5-Kinases.Kinases_MCCE.Trial01.run_apo.4WKQ_HIS+1A0870_006
2026-09-22 09:10:26 - INFO: step3.py, pbe: ForkPoolWorker-4: Calling delphi to calculate conformer (373/673) GLU01A0872_001 in /tmp/pbe_data.data.home.granepura.5-Kinases.Kinases_MCCE.Trial01.run_apo.4WKQ_GLU01A0872_001
2026-09-22 09:10:26 - INFO: step3.py, pbe: Skipping PBE solver for non-charge conformer (372/673) ALA01A0871_001...
2026-09-22 09:10:26 - INFO: step3.py, pbe: ForkPoolWorker-1: Calling delphi to calculate conformer (374/673) GLU01A0872_002 in /tmp/pbe_data.data.home.granepura.5-Kinases.Kinases_MCCE.Trial01.run_apo.4WKQ_GLU01A0872_002
2026-09-22 09:10:26 - INFO: step3.py, pbe: ForkPoolWorker-5: Calling delphi to calculate conformer (375/673) GLU02A0872_003 in /tmp/pbe_data.data.home.granepura.5-Kinases.Kinases_MCCE.Trial01.run_apo.4WKQ_GLU02A0872_003
2026-09-22 09:10:26 - INFO: step3.py, pbe: ForkPoolWorker-2: Calling delphi to calculate conformer (376/673) GLU02A0872_004 in /tmp/pbe_data.data.home.granepura.5-Kinases.Kinases_MCCE.Trial01.run_apo.4WKQ_GLU02A0872_004
2026-09-22 09:10:26 - INFO: step3.py, pbe: ForkPoolWorker-3: Calling delphi to calculate conformer (377/673) GLU-1A0872_005 in /tmp/pbe_data.data.home.granepura.5-Kinases.Kinases_MCCE.Trial01.run_apo.4WKQ_GLU-1A0872_005
2026-09-22 09:10:31 - INFO: step3.py, pbe: ForkPoolWorker-1: Calling delphi to calculate conformer (378/673) LYS01A0875_001 in /tmp/pbe_data.data.home.granepura.5-Kinases.Kinases_MCCE.Trial01.run_apo.4WKQ_LYS01A0875_001
2026-09-22 09:10:31 - INFO: step3.py, pbe: ForkPoolWorker-5: Calling delphi to calculate conformer (379/673) LYS+1A0875_002 in /tmp/pbe_data.data.home.granepura.5-Kinases.Kinases_MCCE.Trial01.run_apo.4WKQ_LYS+1A0875_002
2026-09-22 09:10:31 - INFO: step3.py, pbe: Skipping PBE solver for non-charge conformer (380/673) VAL01A0876_001...
2026-09-22 09:10:31 - INFO: step3.py, pbe: Skipping PBE solver for non-charge conformer (381/673) PRO01A0877_001...
2026-09-22 09:10:31 - INFO: step3.py, pbe: Skipping PBE solver for non-charge conformer (382/673) ILE01A0878_001...
2026-09-22 09:10:31 - INFO: step3.py, pbe: ForkPoolWorker-4: Calling delphi to calculate conformer (383/673) LYS01A0879_001 in /tmp/pbe_data.data.home.granepura.5-Kinases.Kinases_MCCE.Trial01.run_apo.4WKQ_LYS01A0879_001
2026-09-22 09:10:31 - INFO: step3.py, pbe: ForkPoolWorker-2: Calling delphi to calculate conformer (384/673) LYS+1A0879_002 in /tmp/pbe_data.data.home.granepura.5-Kinases.Kinases_MCCE.Trial01.run_apo.4WKQ_LYS+1A0879_002
2026-09-22 09:10:31 - INFO: step3.py, pbe: Skipping PBE solver for non-charge conformer (385/673) TRP01A0880_001...
2026-09-22 09:10:31 - INFO: step3.py, pbe: ForkPoolWorker-3: Calling delphi to calculate conformer (386/673) MET01A0881_001 in /tmp/pbe_data.data.home.granepura.5-Kinases.Kinases_MCCE.Trial01.run_apo.4WKQ_MET01A0881_001
2026-09-22 09:10:35 - INFO: step3.py, pbe: Skipping PBE solver for non-charge conformer (387/673) ALA01A0882_001...
2026-09-22 09:10:35 - INFO: step3.py, pbe: Skipping PBE solver for non-charge conformer (388/673) LEU01A0883_001...
2026-09-22 09:10:35 - INFO: step3.py, pbe: ForkPoolWorker-1: Calling delphi to calculate conformer (389/673) GLU01A0884_001 in /tmp/pbe_data.data.home.granepura.5-Kinases.Kinases_MCCE.Trial01.run_apo.4WKQ_GLU01A0884_001
2026-09-22 09:10:35 - INFO: step3.py, pbe: ForkPoolWorker-4: Calling delphi to calculate conformer (391/673) GLU02A0884_003 in /tmp/pbe_data.data.home.granepura.5-Kinases.Kinases_MCCE.Trial01.run_apo.4WKQ_GLU02A0884_003
2026-09-22 09:10:35 - INFO: step3.py, pbe: ForkPoolWorker-5: Calling delphi to calculate conformer (390/673) GLU01A0884_002 in /tmp/pbe_data.data.home.granepura.5-Kinases.Kinases_MCCE.Trial01.run_apo.4WKQ_GLU01A0884_002
2026-09-22 09:10:36 - INFO: step3.py, pbe: ForkPoolWorker-2: Calling delphi to calculate conformer (392/673) GLU02A0884_004 in /tmp/pbe_data.data.home.granepura.5-Kinases.Kinases_MCCE.Trial01.run_apo.4WKQ_GLU02A0884_004
2026-09-22 09:10:36 - INFO: step3.py, pbe: ForkPoolWorker-3: Calling delphi to calculate conformer (393/673) GLU-1A0884_005 in /tmp/pbe_data.data.home.granepura.5-Kinases.Kinases_MCCE.Trial01.run_apo.4WKQ_GLU-1A0884_005
2026-09-22 09:10:40 - INFO: step3.py, pbe: ForkPoolWorker-1: Calling delphi to calculate conformer (394/673) SER01A0885_001 in /tmp/pbe_data.data.home.granepura.5-Kinases.Kinases_MCCE.Trial01.run_apo.4WKQ_SER01A0885_001
2026-09-22 09:10:40 - INFO: step3.py, pbe: ForkPoolWorker-4: Calling delphi to calculate conformer (395/673) SER01A0885_002 in /tmp/pbe_data.data.home.granepura.5-Kinases.Kinases_MCCE.Trial01.run_apo.4WKQ_SER01A0885_002
2026-09-22 09:10:40 - INFO: step3.py, pbe: ForkPoolWorker-5: Calling delphi to calculate conformer (396/673) SER01A0885_003 in /tmp/pbe_data.data.home.granepura.5-Kinases.Kinases_MCCE.Trial01.run_apo.4WKQ_SER01A0885_003
2026-09-22 09:10:40 - INFO: step3.py, pbe: Skipping PBE solver for non-charge conformer (397/673) ILE01A0886_001...
2026-09-22 09:10:40 - INFO: step3.py, pbe: Skipping PBE solver for non-charge conformer (398/673) LEU01A0887_001...
2026-09-22 09:10:40 - INFO: step3.py, pbe: ForkPoolWorker-2: Calling delphi to calculate conformer (399/673) HIS01A0888_001 in /tmp/pbe_data.data.home.granepura.5-Kinases.Kinases_MCCE.Trial01.run_apo.4WKQ_HIS01A0888_001
2026-09-22 09:10:40 - INFO: step3.py, pbe: ForkPoolWorker-3: Calling delphi to calculate conformer (400/673) HIS01A0888_002 in /tmp/pbe_data.data.home.granepura.5-Kinases.Kinases_MCCE.Trial01.run_apo.4WKQ_HIS01A0888_002
2026-09-22 09:10:45 - INFO: step3.py, pbe: ForkPoolWorker-1: Calling delphi to calculate conformer (401/673) HIS02A0888_003 in /tmp/pbe_data.data.home.granepura.5-Kinases.Kinases_MCCE.Trial01.run_apo.4WKQ_HIS02A0888_003
2026-09-22 09:10:45 - INFO: step3.py, pbe: ForkPoolWorker-5: Calling delphi to calculate conformer (402/673) HIS02A0888_004 in /tmp/pbe_data.data.home.granepura.5-Kinases.Kinases_MCCE.Trial01.run_apo.4WKQ_HIS02A0888_004
2026-09-22 09:10:45 - INFO: step3.py, pbe: ForkPoolWorker-4: Calling delphi to calculate conformer (403/673) HIS+1A0888_005 in /tmp/pbe_data.data.home.granepura.5-Kinases.Kinases_MCCE.Trial01.run_apo.4WKQ_HIS+1A0888_005
2026-09-22 09:10:45 - INFO: step3.py, pbe: ForkPoolWorker-2: Calling delphi to calculate conformer (404/673) HIS+1A0888_006 in /tmp/pbe_data.data.home.granepura.5-Kinases.Kinases_MCCE.Trial01.run_apo.4WKQ_HIS+1A0888_006
2026-09-22 09:10:45 - INFO: step3.py, pbe: ForkPoolWorker-3: Calling delphi to calculate conformer (405/673) ARG01A0889_001 in /tmp/pbe_data.data.home.granepura.5-Kinases.Kinases_MCCE.Trial01.run_apo.4WKQ_ARG01A0889_001
2026-09-22 09:10:49 - INFO: step3.py, pbe: ForkPoolWorker-1: Calling delphi to calculate conformer (406/673) ARG02A0889_002 in /tmp/pbe_data.data.home.granepura.5-Kinases.Kinases_MCCE.Trial01.run_apo.4WKQ_ARG02A0889_002
2026-09-22 09:10:49 - INFO: step3.py, pbe: ForkPoolWorker-5: Calling delphi to calculate conformer (407/673) ARG03A0889_003 in /tmp/pbe_data.data.home.granepura.5-Kinases.Kinases_MCCE.Trial01.run_apo.4WKQ_ARG03A0889_003
2026-09-22 09:10:50 - INFO: step3.py, pbe: ForkPoolWorker-4: Calling delphi to calculate conformer (408/673) ARG03A0889_004 in /tmp/pbe_data.data.home.granepura.5-Kinases.Kinases_MCCE.Trial01.run_apo.4WKQ_ARG03A0889_004
2026-09-22 09:10:50 - INFO: step3.py, pbe: ForkPoolWorker-3: Calling delphi to calculate conformer (409/673) ARG+1A0889_005 in /tmp/pbe_data.data.home.granepura.5-Kinases.Kinases_MCCE.Trial01.run_apo.4WKQ_ARG+1A0889_005
2026-09-22 09:10:50 - INFO: step3.py, pbe: Skipping PBE solver for non-charge conformer (410/673) ILE01A0890_001...
2026-09-22 09:10:50 - INFO: step3.py, pbe: ForkPoolWorker-2: Calling delphi to calculate conformer (411/673) TYR01A0891_001 in /tmp/pbe_data.data.home.granepura.5-Kinases.Kinases_MCCE.Trial01.run_apo.4WKQ_TYR01A0891_001
2026-09-22 09:10:54 - INFO: step3.py, pbe: ForkPoolWorker-1: Calling delphi to calculate conformer (412/673) TYR-1A0891_002 in /tmp/pbe_data.data.home.granepura.5-Kinases.Kinases_MCCE.Trial01.run_apo.4WKQ_TYR-1A0891_002
2026-09-22 09:10:54 - INFO: step3.py, pbe: ForkPoolWorker-4: Calling delphi to calculate conformer (413/673) THR01A0892_001 in /tmp/pbe_data.data.home.granepura.5-Kinases.Kinases_MCCE.Trial01.run_apo.4WKQ_THR01A0892_001
2026-09-22 09:10:54 - INFO: step3.py, pbe: ForkPoolWorker-3: Calling delphi to calculate conformer (414/673) HIS01A0893_001 in /tmp/pbe_data.data.home.granepura.5-Kinases.Kinases_MCCE.Trial01.run_apo.4WKQ_HIS01A0893_001
2026-09-22 09:10:54 - INFO: step3.py, pbe: ForkPoolWorker-5: Calling delphi to calculate conformer (415/673) HIS01A0893_002 in /tmp/pbe_data.data.home.granepura.5-Kinases.Kinases_MCCE.Trial01.run_apo.4WKQ_HIS01A0893_002
2026-09-22 09:10:54 - INFO: step3.py, pbe: ForkPoolWorker-2: Calling delphi to calculate conformer (416/673) HIS02A0893_003 in /tmp/pbe_data.data.home.granepura.5-Kinases.Kinases_MCCE.Trial01.run_apo.4WKQ_HIS02A0893_003
2026-09-22 09:10:59 - INFO: step3.py, pbe: ForkPoolWorker-1: Calling delphi to calculate conformer (417/673) HIS02A0893_004 in /tmp/pbe_data.data.home.granepura.5-Kinases.Kinases_MCCE.Trial01.run_apo.4WKQ_HIS02A0893_004
2026-09-22 09:10:59 - INFO: step3.py, pbe: ForkPoolWorker-3: Calling delphi to calculate conformer (418/673) HIS+1A0893_005 in /tmp/pbe_data.data.home.granepura.5-Kinases.Kinases_MCCE.Trial01.run_apo.4WKQ_HIS+1A0893_005
2026-09-22 09:10:59 - INFO: step3.py, pbe: ForkPoolWorker-4: Calling delphi to calculate conformer (419/673) HIS+1A0893_006 in /tmp/pbe_data.data.home.granepura.5-Kinases.Kinases_MCCE.Trial01.run_apo.4WKQ_HIS+1A0893_006
2026-09-22 09:10:59 - INFO: step3.py, pbe: ForkPoolWorker-5: Calling delphi to calculate conformer (420/673) GLN01A0894_001 in /tmp/pbe_data.data.home.granepura.5-Kinases.Kinases_MCCE.Trial01.run_apo.4WKQ_GLN01A0894_001
2026-09-22 09:10:59 - INFO: step3.py, pbe: ForkPoolWorker-2: Calling delphi to calculate conformer (421/673) GLN01A0894_002 in /tmp/pbe_data.data.home.granepura.5-Kinases.Kinases_MCCE.Trial01.run_apo.4WKQ_GLN01A0894_002
2026-09-22 09:11:03 - INFO: step3.py, pbe: ForkPoolWorker-1: Calling delphi to calculate conformer (422/673) SER01A0895_001 in /tmp/pbe_data.data.home.granepura.5-Kinases.Kinases_MCCE.Trial01.run_apo.4WKQ_SER01A0895_001
2026-09-22 09:11:03 - INFO: step3.py, pbe: ForkPoolWorker-4: Calling delphi to calculate conformer (423/673) SER01A0895_002 in /tmp/pbe_data.data.home.granepura.5-Kinases.Kinases_MCCE.Trial01.run_apo.4WKQ_SER01A0895_002
2026-09-22 09:11:04 - INFO: step3.py, pbe: ForkPoolWorker-5: Calling delphi to calculate conformer (424/673) SER01A0895_003 in /tmp/pbe_data.data.home.granepura.5-Kinases.Kinases_MCCE.Trial01.run_apo.4WKQ_SER01A0895_003
2026-09-22 09:11:04 - INFO: step3.py, pbe: ForkPoolWorker-3: Calling delphi to calculate conformer (425/673) ASP01A0896_001 in /tmp/pbe_data.data.home.granepura.5-Kinases.Kinases_MCCE.Trial01.run_apo.4WKQ_ASP01A0896_001
2026-09-22 09:11:04 - INFO: step3.py, pbe: ForkPoolWorker-2: Calling delphi to calculate conformer (426/673) ASP01A0896_002 in /tmp/pbe_data.data.home.granepura.5-Kinases.Kinases_MCCE.Trial01.run_apo.4WKQ_ASP01A0896_002
2026-09-22 09:11:08 - INFO: step3.py, pbe: ForkPoolWorker-5: Calling delphi to calculate conformer (427/673) ASP02A0896_003 in /tmp/pbe_data.data.home.granepura.5-Kinases.Kinases_MCCE.Trial01.run_apo.4WKQ_ASP02A0896_003
2026-09-22 09:11:08 - INFO: step3.py, pbe: ForkPoolWorker-3: Calling delphi to calculate conformer (428/673) ASP02A0896_004 in /tmp/pbe_data.data.home.granepura.5-Kinases.Kinases_MCCE.Trial01.run_apo.4WKQ_ASP02A0896_004
2026-09-22 09:11:08 - INFO: step3.py, pbe: ForkPoolWorker-4: Calling delphi to calculate conformer (429/673) ASP-1A0896_005 in /tmp/pbe_data.data.home.granepura.5-Kinases.Kinases_MCCE.Trial01.run_apo.4WKQ_ASP-1A0896_005
2026-09-22 09:11:08 - INFO: step3.py, pbe: Skipping PBE solver for non-charge conformer (430/673) VAL01A0897_001...
2026-09-22 09:11:08 - INFO: step3.py, pbe: Skipping PBE solver for non-charge conformer (431/673) TRP01A0898_001...
2026-09-22 09:11:08 - INFO: step3.py, pbe: ForkPoolWorker-1: Calling delphi to calculate conformer (432/673) SER01A0899_001 in /tmp/pbe_data.data.home.granepura.5-Kinases.Kinases_MCCE.Trial01.run_apo.4WKQ_SER01A0899_001
2026-09-22 09:11:08 - INFO: step3.py, pbe: ForkPoolWorker-2: Calling delphi to calculate conformer (433/673) SER01A0899_002 in /tmp/pbe_data.data.home.granepura.5-Kinases.Kinases_MCCE.Trial01.run_apo.4WKQ_SER01A0899_002
2026-09-22 09:11:13 - INFO: step3.py, pbe: ForkPoolWorker-4: Calling delphi to calculate conformer (434/673) TYR01A0900_001 in /tmp/pbe_data.data.home.granepura.5-Kinases.Kinases_MCCE.Trial01.run_apo.4WKQ_TYR01A0900_001
2026-09-22 09:11:13 - INFO: step3.py, pbe: ForkPoolWorker-5: Calling delphi to calculate conformer (435/673) TYR01A0900_002 in /tmp/pbe_data.data.home.granepura.5-Kinases.Kinases_MCCE.Trial01.run_apo.4WKQ_TYR01A0900_002
2026-09-22 09:11:13 - INFO: step3.py, pbe: ForkPoolWorker-3: Calling delphi to calculate conformer (436/673) TYR-1A0900_003 in /tmp/pbe_data.data.home.granepura.5-Kinases.Kinases_MCCE.Trial01.run_apo.4WKQ_TYR-1A0900_003
2026-09-22 09:11:13 - INFO: step3.py, pbe: Skipping PBE solver for non-charge conformer (437/673) VAL01A0902_001...
2026-09-22 09:11:13 - INFO: step3.py, pbe: ForkPoolWorker-2: Calling delphi to calculate conformer (438/673) THR01A0903_001 in /tmp/pbe_data.data.home.granepura.5-Kinases.Kinases_MCCE.Trial01.run_apo.4WKQ_THR01A0903_001
2026-09-22 09:11:13 - INFO: step3.py, pbe: ForkPoolWorker-1: Calling delphi to calculate conformer (439/673) THR01A0903_002 in /tmp/pbe_data.data.home.granepura.5-Kinases.Kinases_MCCE.Trial01.run_apo.4WKQ_THR01A0903_002
2026-09-22 09:11:18 - INFO: step3.py, pbe: ForkPoolWorker-4: Calling delphi to calculate conformer (440/673) THR01A0903_003 in /tmp/pbe_data.data.home.granepura.5-Kinases.Kinases_MCCE.Trial01.run_apo.4WKQ_THR01A0903_003
2026-09-22 09:11:18 - INFO: step3.py, pbe: Skipping PBE solver for non-charge conformer (441/673) VAL01A0904_001...
2026-09-22 09:11:18 - INFO: step3.py, pbe: Skipping PBE solver for non-charge conformer (442/673) TRP01A0905_001...
2026-09-22 09:11:18 - INFO: step3.py, pbe: ForkPoolWorker-5: Calling delphi to calculate conformer (443/673) GLU01A0906_001 in /tmp/pbe_data.data.home.granepura.5-Kinases.Kinases_MCCE.Trial01.run_apo.4WKQ_GLU01A0906_001
2026-09-22 09:11:18 - INFO: step3.py, pbe: ForkPoolWorker-3: Calling delphi to calculate conformer (444/673) GLU01A0906_002 in /tmp/pbe_data.data.home.granepura.5-Kinases.Kinases_MCCE.Trial01.run_apo.4WKQ_GLU01A0906_002
2026-09-22 09:11:18 - INFO: step3.py, pbe: ForkPoolWorker-2: Calling delphi to calculate conformer (445/673) GLU02A0906_003 in /tmp/pbe_data.data.home.granepura.5-Kinases.Kinases_MCCE.Trial01.run_apo.4WKQ_GLU02A0906_003
2026-09-22 09:11:18 - INFO: step3.py, pbe: ForkPoolWorker-1: Calling delphi to calculate conformer (446/673) GLU02A0906_004 in /tmp/pbe_data.data.home.granepura.5-Kinases.Kinases_MCCE.Trial01.run_apo.4WKQ_GLU02A0906_004
2026-09-22 09:11:23 - INFO: step3.py, pbe: ForkPoolWorker-5: Calling delphi to calculate conformer (447/673) GLU-1A0906_005 in /tmp/pbe_data.data.home.granepura.5-Kinases.Kinases_MCCE.Trial01.run_apo.4WKQ_GLU-1A0906_005
2026-09-22 09:11:23 - INFO: step3.py, pbe: Skipping PBE solver for non-charge conformer (448/673) LEU01A0907_001...
2026-09-22 09:11:23 - INFO: step3.py, pbe: ForkPoolWorker-4: Calling delphi to calculate conformer (450/673) THR01A0909_001 in /tmp/pbe_data.data.home.granepura.5-Kinases.Kinases_MCCE.Trial01.run_apo.4WKQ_THR01A0909_001
2026-09-22 09:11:23 - INFO: step3.py, pbe: ForkPoolWorker-2: Calling delphi to calculate conformer (449/673) MET01A0908_001 in /tmp/pbe_data.data.home.granepura.5-Kinases.Kinases_MCCE.Trial01.run_apo.4WKQ_MET01A0908_001
2026-09-22 09:11:23 - INFO: step3.py, pbe: ForkPoolWorker-3: Calling delphi to calculate conformer (451/673) THR01A0909_002 in /tmp/pbe_data.data.home.granepura.5-Kinases.Kinases_MCCE.Trial01.run_apo.4WKQ_THR01A0909_002
2026-09-22 09:11:23 - INFO: step3.py, pbe: Skipping PBE solver for non-charge conformer (452/673) PHE01A0910_001...
2026-09-22 09:11:23 - INFO: step3.py, pbe: ForkPoolWorker-1: Calling delphi to calculate conformer (453/673) SER01A0912_001 in /tmp/pbe_data.data.home.granepura.5-Kinases.Kinases_MCCE.Trial01.run_apo.4WKQ_SER01A0912_001
2026-09-22 09:11:28 - INFO: step3.py, pbe: ForkPoolWorker-5: Calling delphi to calculate conformer (454/673) SER01A0912_002 in /tmp/pbe_data.data.home.granepura.5-Kinases.Kinases_MCCE.Trial01.run_apo.4WKQ_SER01A0912_002
2026-09-22 09:11:28 - INFO: step3.py, pbe: ForkPoolWorker-2: Calling delphi to calculate conformer (455/673) LYS01A0913_001 in /tmp/pbe_data.data.home.granepura.5-Kinases.Kinases_MCCE.Trial01.run_apo.4WKQ_LYS01A0913_001
2026-09-22 09:11:28 - INFO: step3.py, pbe: ForkPoolWorker-4: Calling delphi to calculate conformer (456/673) LYS+1A0913_002 in /tmp/pbe_data.data.home.granepura.5-Kinases.Kinases_MCCE.Trial01.run_apo.4WKQ_LYS+1A0913_002
2026-09-22 09:11:28 - INFO: step3.py, pbe: Skipping PBE solver for non-charge conformer (457/673) PRO01A0914_001...
2026-09-22 09:11:28 - INFO: step3.py, pbe: ForkPoolWorker-3: Calling delphi to calculate conformer (458/673) TYR01A0915_001 in /tmp/pbe_data.data.home.granepura.5-Kinases.Kinases_MCCE.Trial01.run_apo.4WKQ_TYR01A0915_001
2026-09-22 09:11:28 - INFO: step3.py, pbe: ForkPoolWorker-1: Calling delphi to calculate conformer (459/673) TYR01A0915_002 in /tmp/pbe_data.data.home.granepura.5-Kinases.Kinases_MCCE.Trial01.run_apo.4WKQ_TYR01A0915_002
2026-09-22 09:11:32 - INFO: step3.py, pbe: ForkPoolWorker-5: Calling delphi to calculate conformer (460/673) TYR-1A0915_003 in /tmp/pbe_data.data.home.granepura.5-Kinases.Kinases_MCCE.Trial01.run_apo.4WKQ_TYR-1A0915_003
2026-09-22 09:11:32 - INFO: step3.py, pbe: ForkPoolWorker-2: Calling delphi to calculate conformer (461/673) ASP01A0916_001 in /tmp/pbe_data.data.home.granepura.5-Kinases.Kinases_MCCE.Trial01.run_apo.4WKQ_ASP01A0916_001
2026-09-22 09:11:32 - INFO: step3.py, pbe: ForkPoolWorker-4: Calling delphi to calculate conformer (462/673) ASP01A0916_002 in /tmp/pbe_data.data.home.granepura.5-Kinases.Kinases_MCCE.Trial01.run_apo.4WKQ_ASP01A0916_002
2026-09-22 09:11:32 - INFO: step3.py, pbe: ForkPoolWorker-3: Calling delphi to calculate conformer (463/673) ASP02A0916_003 in /tmp/pbe_data.data.home.granepura.5-Kinases.Kinases_MCCE.Trial01.run_apo.4WKQ_ASP02A0916_003
2026-09-22 09:11:33 - INFO: step3.py, pbe: ForkPoolWorker-1: Calling delphi to calculate conformer (464/673) ASP02A0916_004 in /tmp/pbe_data.data.home.granepura.5-Kinases.Kinases_MCCE.Trial01.run_apo.4WKQ_ASP02A0916_004
2026-09-22 09:11:37 - INFO: step3.py, pbe: Skipping PBE solver for non-charge conformer (466/673) ILE01A0918_001...
2026-09-22 09:11:37 - INFO: step3.py, pbe: ForkPoolWorker-2: Calling delphi to calculate conformer (465/673) ASP-1A0916_005 in /tmp/pbe_data.data.home.granepura.5-Kinases.Kinases_MCCE.Trial01.run_apo.4WKQ_ASP-1A0916_005
2026-09-22 09:11:37 - INFO: step3.py, pbe: Skipping PBE solver for non-charge conformer (467/673) PRO01A0919_001...
2026-09-22 09:11:37 - INFO: step3.py, pbe: Skipping PBE solver for non-charge conformer (468/673) ALA01A0920_001...
2026-09-22 09:11:37 - INFO: step3.py, pbe: ForkPoolWorker-5: Calling delphi to calculate conformer (469/673) SER01A0921_001 in /tmp/pbe_data.data.home.granepura.5-Kinases.Kinases_MCCE.Trial01.run_apo.4WKQ_SER01A0921_001
2026-09-22 09:11:37 - INFO: step3.py, pbe: ForkPoolWorker-4: Calling delphi to calculate conformer (470/673) SER01A0921_002 in /tmp/pbe_data.data.home.granepura.5-Kinases.Kinases_MCCE.Trial01.run_apo.4WKQ_SER01A0921_002
2026-09-22 09:11:37 - INFO: step3.py, pbe: ForkPoolWorker-3: Calling delphi to calculate conformer (471/673) GLU01A0922_001 in /tmp/pbe_data.data.home.granepura.5-Kinases.Kinases_MCCE.Trial01.run_apo.4WKQ_GLU01A0922_001
2026-09-22 09:11:37 - INFO: step3.py, pbe: ForkPoolWorker-1: Calling delphi to calculate conformer (472/673) GLU01A0922_002 in /tmp/pbe_data.data.home.granepura.5-Kinases.Kinases_MCCE.Trial01.run_apo.4WKQ_GLU01A0922_002
2026-09-22 09:11:42 - INFO: step3.py, pbe: ForkPoolWorker-2: Calling delphi to calculate conformer (473/673) GLU02A0922_003 in /tmp/pbe_data.data.home.granepura.5-Kinases.Kinases_MCCE.Trial01.run_apo.4WKQ_GLU02A0922_003
2026-09-22 09:11:42 - INFO: step3.py, pbe: ForkPoolWorker-4: Calling delphi to calculate conformer (474/673) GLU02A0922_004 in /tmp/pbe_data.data.home.granepura.5-Kinases.Kinases_MCCE.Trial01.run_apo.4WKQ_GLU02A0922_004
2026-09-22 09:11:42 - INFO: step3.py, pbe: ForkPoolWorker-5: Calling delphi to calculate conformer (475/673) GLU-1A0922_005 in /tmp/pbe_data.data.home.granepura.5-Kinases.Kinases_MCCE.Trial01.run_apo.4WKQ_GLU-1A0922_005
2026-09-22 09:11:42 - INFO: step3.py, pbe: Skipping PBE solver for non-charge conformer (476/673) ILE01A0923_001...
2026-09-22 09:11:42 - INFO: step3.py, pbe: ForkPoolWorker-3: Calling delphi to calculate conformer (477/673) SER01A0924_001 in /tmp/pbe_data.data.home.granepura.5-Kinases.Kinases_MCCE.Trial01.run_apo.4WKQ_SER01A0924_001
2026-09-22 09:11:42 - INFO: step3.py, pbe: ForkPoolWorker-1: Calling delphi to calculate conformer (478/673) SER01A0924_002 in /tmp/pbe_data.data.home.granepura.5-Kinases.Kinases_MCCE.Trial01.run_apo.4WKQ_SER01A0924_002
2026-09-22 09:11:46 - INFO: step3.py, pbe: ForkPoolWorker-5: Calling delphi to calculate conformer (479/673) SER01A0924_003 in /tmp/pbe_data.data.home.granepura.5-Kinases.Kinases_MCCE.Trial01.run_apo.4WKQ_SER01A0924_003
2026-09-22 09:11:46 - INFO: step3.py, pbe: ForkPoolWorker-4: Calling delphi to calculate conformer (480/673) SER01A0924_004 in /tmp/pbe_data.data.home.granepura.5-Kinases.Kinases_MCCE.Trial01.run_apo.4WKQ_SER01A0924_004
2026-09-22 09:11:46 - INFO: step3.py, pbe: ForkPoolWorker-2: Calling delphi to calculate conformer (481/673) SER01A0925_001 in /tmp/pbe_data.data.home.granepura.5-Kinases.Kinases_MCCE.Trial01.run_apo.4WKQ_SER01A0925_001
2026-09-22 09:11:46 - INFO: step3.py, pbe: ForkPoolWorker-3: Calling delphi to calculate conformer (482/673) SER01A0925_002 in /tmp/pbe_data.data.home.granepura.5-Kinases.Kinases_MCCE.Trial01.run_apo.4WKQ_SER01A0925_002
2026-09-22 09:11:47 - INFO: step3.py, pbe: Skipping PBE solver for non-charge conformer (483/673) ILE01A0926_001...
2026-09-22 09:11:47 - INFO: step3.py, pbe: Skipping PBE solver for non-charge conformer (484/673) LEU01A0927_001...
2026-09-22 09:11:47 - INFO: step3.py, pbe: ForkPoolWorker-1: Calling delphi to calculate conformer (485/673) GLU01A0928_001 in /tmp/pbe_data.data.home.granepura.5-Kinases.Kinases_MCCE.Trial01.run_apo.4WKQ_GLU01A0928_001
2026-09-22 09:11:51 - INFO: step3.py, pbe: ForkPoolWorker-5: Calling delphi to calculate conformer (486/673) GLU01A0928_002 in /tmp/pbe_data.data.home.granepura.5-Kinases.Kinases_MCCE.Trial01.run_apo.4WKQ_GLU01A0928_002
2026-09-22 09:11:51 - INFO: step3.py, pbe: ForkPoolWorker-4: Calling delphi to calculate conformer (487/673) GLU02A0928_003 in /tmp/pbe_data.data.home.granepura.5-Kinases.Kinases_MCCE.Trial01.run_apo.4WKQ_GLU02A0928_003
2026-09-22 09:11:51 - INFO: step3.py, pbe: ForkPoolWorker-2: Calling delphi to calculate conformer (488/673) GLU02A0928_004 in /tmp/pbe_data.data.home.granepura.5-Kinases.Kinases_MCCE.Trial01.run_apo.4WKQ_GLU02A0928_004
2026-09-22 09:11:51 - INFO: step3.py, pbe: ForkPoolWorker-3: Calling delphi to calculate conformer (489/673) GLU-1A0928_005 in /tmp/pbe_data.data.home.granepura.5-Kinases.Kinases_MCCE.Trial01.run_apo.4WKQ_GLU-1A0928_005
2026-09-22 09:11:51 - INFO: step3.py, pbe: ForkPoolWorker-1: Calling delphi to calculate conformer (490/673) LYS01A0929_001 in /tmp/pbe_data.data.home.granepura.5-Kinases.Kinases_MCCE.Trial01.run_apo.4WKQ_LYS01A0929_001
2026-09-22 09:11:56 - INFO: step3.py, pbe: ForkPoolWorker-4: Calling delphi to calculate conformer (491/673) LYS+1A0929_002 in /tmp/pbe_data.data.home.granepura.5-Kinases.Kinases_MCCE.Trial01.run_apo.4WKQ_LYS+1A0929_002
2026-09-22 09:11:56 - INFO: step3.py, pbe: ForkPoolWorker-5: Calling delphi to calculate conformer (492/673) GLU01A0931_001 in /tmp/pbe_data.data.home.granepura.5-Kinases.Kinases_MCCE.Trial01.run_apo.4WKQ_GLU01A0931_001
2026-09-22 09:11:56 - INFO: step3.py, pbe: ForkPoolWorker-2: Calling delphi to calculate conformer (493/673) GLU01A0931_002 in /tmp/pbe_data.data.home.granepura.5-Kinases.Kinases_MCCE.Trial01.run_apo.4WKQ_GLU01A0931_002
2026-09-22 09:11:56 - INFO: step3.py, pbe: ForkPoolWorker-1: Calling delphi to calculate conformer (494/673) GLU02A0931_003 in /tmp/pbe_data.data.home.granepura.5-Kinases.Kinases_MCCE.Trial01.run_apo.4WKQ_GLU02A0931_003
2026-09-22 09:11:56 - INFO: step3.py, pbe: ForkPoolWorker-3: Calling delphi to calculate conformer (495/673) GLU02A0931_004 in /tmp/pbe_data.data.home.granepura.5-Kinases.Kinases_MCCE.Trial01.run_apo.4WKQ_GLU02A0931_004
2026-09-22 09:12:00 - INFO: step3.py, pbe: ForkPoolWorker-4: Calling delphi to calculate conformer (496/673) GLU-1A0931_005 in /tmp/pbe_data.data.home.granepura.5-Kinases.Kinases_MCCE.Trial01.run_apo.4WKQ_GLU-1A0931_005
2026-09-22 09:12:00 - INFO: step3.py, pbe: ForkPoolWorker-5: Calling delphi to calculate conformer (497/673) ARG01A0932_001 in /tmp/pbe_data.data.home.granepura.5-Kinases.Kinases_MCCE.Trial01.run_apo.4WKQ_ARG01A0932_001
2026-09-22 09:12:00 - INFO: step3.py, pbe: ForkPoolWorker-2: Calling delphi to calculate conformer (498/673) ARG02A0932_002 in /tmp/pbe_data.data.home.granepura.5-Kinases.Kinases_MCCE.Trial01.run_apo.4WKQ_ARG02A0932_002
2026-09-22 09:12:01 - INFO: step3.py, pbe: ForkPoolWorker-1: Calling delphi to calculate conformer (499/673) ARG03A0932_003 in /tmp/pbe_data.data.home.granepura.5-Kinases.Kinases_MCCE.Trial01.run_apo.4WKQ_ARG03A0932_003
2026-09-22 09:12:01 - INFO: step3.py, pbe: ForkPoolWorker-3: Calling delphi to calculate conformer (500/673) ARG03A0932_004 in /tmp/pbe_data.data.home.granepura.5-Kinases.Kinases_MCCE.Trial01.run_apo.4WKQ_ARG03A0932_004
2026-09-22 09:12:05 - INFO: step3.py, pbe: ForkPoolWorker-4: Calling delphi to calculate conformer (501/673) ARG+1A0932_005 in /tmp/pbe_data.data.home.granepura.5-Kinases.Kinases_MCCE.Trial01.run_apo.4WKQ_ARG+1A0932_005
2026-09-22 09:12:05 - INFO: step3.py, pbe: Skipping PBE solver for non-charge conformer (502/673) LEU01A0933_001...
2026-09-22 09:12:05 - INFO: step3.py, pbe: Skipping PBE solver for non-charge conformer (503/673) PRO01A0934_001...
2026-09-22 09:12:05 - INFO: step3.py, pbe: ForkPoolWorker-5: Calling delphi to calculate conformer (505/673) GLN01A0935_002 in /tmp/pbe_data.data.home.granepura.5-Kinases.Kinases_MCCE.Trial01.run_apo.4WKQ_GLN01A0935_002
2026-09-22 09:12:05 - INFO: step3.py, pbe: ForkPoolWorker-2: Calling delphi to calculate conformer (504/673) GLN01A0935_001 in /tmp/pbe_data.data.home.granepura.5-Kinases.Kinases_MCCE.Trial01.run_apo.4WKQ_GLN01A0935_001
2026-09-22 09:12:05 - INFO: step3.py, pbe: Skipping PBE solver for non-charge conformer (506/673) PRO01A0936_001...
2026-09-22 09:12:05 - INFO: step3.py, pbe: Skipping PBE solver for non-charge conformer (507/673) PRO01A0937_001...
2026-09-22 09:12:05 - INFO: step3.py, pbe: Skipping PBE solver for non-charge conformer (508/673) ILE01A0938_001...
2026-09-22 09:12:05 - INFO: step3.py, pbe: ForkPoolWorker-3: Calling delphi to calculate conformer (509/673) CYS01A0939_001 in /tmp/pbe_data.data.home.granepura.5-Kinases.Kinases_MCCE.Trial01.run_apo.4WKQ_CYS01A0939_001
2026-09-22 09:12:05 - INFO: step3.py, pbe: ForkPoolWorker-1: Calling delphi to calculate conformer (510/673) CYS01A0939_002 in /tmp/pbe_data.data.home.granepura.5-Kinases.Kinases_MCCE.Trial01.run_apo.4WKQ_CYS01A0939_002
2026-09-22 09:12:10 - INFO: step3.py, pbe: ForkPoolWorker-4: Calling delphi to calculate conformer (511/673) CYS01A0939_003 in /tmp/pbe_data.data.home.granepura.5-Kinases.Kinases_MCCE.Trial01.run_apo.4WKQ_CYS01A0939_003
2026-09-22 09:12:10 - INFO: step3.py, pbe: ForkPoolWorker-5: Calling delphi to calculate conformer (512/673) CYS-1A0939_004 in /tmp/pbe_data.data.home.granepura.5-Kinases.Kinases_MCCE.Trial01.run_apo.4WKQ_CYS-1A0939_004
2026-09-22 09:12:10 - INFO: step3.py, pbe: ForkPoolWorker-2: Calling delphi to calculate conformer (513/673) THR01A0940_001 in /tmp/pbe_data.data.home.granepura.5-Kinases.Kinases_MCCE.Trial01.run_apo.4WKQ_THR01A0940_001
2026-09-22 09:12:10 - INFO: step3.py, pbe: ForkPoolWorker-3: Calling delphi to calculate conformer (514/673) THR01A0940_002 in /tmp/pbe_data.data.home.granepura.5-Kinases.Kinases_MCCE.Trial01.run_apo.4WKQ_THR01A0940_002
2026-09-22 09:12:10 - INFO: step3.py, pbe: Skipping PBE solver for non-charge conformer (515/673) ILE01A0941_001...
2026-09-22 09:12:10 - INFO: step3.py, pbe: ForkPoolWorker-1: Calling delphi to calculate conformer (516/673) ASP01A0942_001 in /tmp/pbe_data.data.home.granepura.5-Kinases.Kinases_MCCE.Trial01.run_apo.4WKQ_ASP01A0942_001
2026-09-22 09:12:14 - INFO: step3.py, pbe: ForkPoolWorker-4: Calling delphi to calculate conformer (517/673) ASP01A0942_002 in /tmp/pbe_data.data.home.granepura.5-Kinases.Kinases_MCCE.Trial01.run_apo.4WKQ_ASP01A0942_002
2026-09-22 09:12:14 - INFO: step3.py, pbe: ForkPoolWorker-5: Calling delphi to calculate conformer (518/673) ASP02A0942_003 in /tmp/pbe_data.data.home.granepura.5-Kinases.Kinases_MCCE.Trial01.run_apo.4WKQ_ASP02A0942_003
2026-09-22 09:12:14 - INFO: step3.py, pbe: ForkPoolWorker-2: Calling delphi to calculate conformer (519/673) ASP02A0942_004 in /tmp/pbe_data.data.home.granepura.5-Kinases.Kinases_MCCE.Trial01.run_apo.4WKQ_ASP02A0942_004
2026-09-22 09:12:15 - INFO: step3.py, pbe: ForkPoolWorker-1: Calling delphi to calculate conformer (520/673) ASP-1A0942_005 in /tmp/pbe_data.data.home.granepura.5-Kinases.Kinases_MCCE.Trial01.run_apo.4WKQ_ASP-1A0942_005
2026-09-22 09:12:15 - INFO: step3.py, pbe: Skipping PBE solver for non-charge conformer (521/673) VAL01A0943_001...
2026-09-22 09:12:15 - INFO: step3.py, pbe: ForkPoolWorker-3: Calling delphi to calculate conformer (522/673) TYR01A0944_001 in /tmp/pbe_data.data.home.granepura.5-Kinases.Kinases_MCCE.Trial01.run_apo.4WKQ_TYR01A0944_001
2026-09-22 09:12:19 - INFO: step3.py, pbe: ForkPoolWorker-4: Calling delphi to calculate conformer (523/673) TYR01A0944_002 in /tmp/pbe_data.data.home.granepura.5-Kinases.Kinases_MCCE.Trial01.run_apo.4WKQ_TYR01A0944_002
2026-09-22 09:12:19 - INFO: step3.py, pbe: ForkPoolWorker-2: Calling delphi to calculate conformer (524/673) TYR-1A0944_003 in /tmp/pbe_data.data.home.granepura.5-Kinases.Kinases_MCCE.Trial01.run_apo.4WKQ_TYR-1A0944_003
2026-09-22 09:12:19 - INFO: step3.py, pbe: ForkPoolWorker-5: Calling delphi to calculate conformer (525/673) MET01A0945_001 in /tmp/pbe_data.data.home.granepura.5-Kinases.Kinases_MCCE.Trial01.run_apo.4WKQ_MET01A0945_001
2026-09-22 09:12:19 - INFO: step3.py, pbe: Skipping PBE solver for non-charge conformer (526/673) ILE01A0946_001...
2026-09-22 09:12:19 - INFO: step3.py, pbe: ForkPoolWorker-1: Calling delphi to calculate conformer (527/673) MET01A0947_001 in /tmp/pbe_data.data.home.granepura.5-Kinases.Kinases_MCCE.Trial01.run_apo.4WKQ_MET01A0947_001
2026-09-22 09:12:19 - INFO: step3.py, pbe: Skipping PBE solver for non-charge conformer (528/673) VAL01A0948_001...
2026-09-22 09:12:19 - INFO: step3.py, pbe: ForkPoolWorker-3: Calling delphi to calculate conformer (529/673) LYS01A0949_001 in /tmp/pbe_data.data.home.granepura.5-Kinases.Kinases_MCCE.Trial01.run_apo.4WKQ_LYS01A0949_001
2026-09-22 09:12:24 - INFO: step3.py, pbe: ForkPoolWorker-4: Calling delphi to calculate conformer (530/673) LYS+1A0949_002 in /tmp/pbe_data.data.home.granepura.5-Kinases.Kinases_MCCE.Trial01.run_apo.4WKQ_LYS+1A0949_002
2026-09-22 09:12:24 - INFO: step3.py, pbe: ForkPoolWorker-5: Calling delphi to calculate conformer (531/673) CYS01A0950_001 in /tmp/pbe_data.data.home.granepura.5-Kinases.Kinases_MCCE.Trial01.run_apo.4WKQ_CYS01A0950_001
2026-09-22 09:12:24 - INFO: step3.py, pbe: ForkPoolWorker-2: Calling delphi to calculate conformer (532/673) CYS01A0950_002 in /tmp/pbe_data.data.home.granepura.5-Kinases.Kinases_MCCE.Trial01.run_apo.4WKQ_CYS01A0950_002
2026-09-22 09:12:24 - INFO: step3.py, pbe: ForkPoolWorker-1: Calling delphi to calculate conformer (533/673) CYS01A0950_003 in /tmp/pbe_data.data.home.granepura.5-Kinases.Kinases_MCCE.Trial01.run_apo.4WKQ_CYS01A0950_003
2026-09-22 09:12:24 - INFO: step3.py, pbe: ForkPoolWorker-3: Calling delphi to calculate conformer (534/673) CYS-1A0950_004 in /tmp/pbe_data.data.home.granepura.5-Kinases.Kinases_MCCE.Trial01.run_apo.4WKQ_CYS-1A0950_004
2026-09-22 09:12:28 - INFO: step3.py, pbe: Skipping PBE solver for non-charge conformer (535/673) TRP01A0951_001...
2026-09-22 09:12:29 - INFO: step3.py, pbe: ForkPoolWorker-4: Calling delphi to calculate conformer (536/673) MET01A0952_001 in /tmp/pbe_data.data.home.granepura.5-Kinases.Kinases_MCCE.Trial01.run_apo.4WKQ_MET01A0952_001
2026-09-22 09:12:29 - INFO: step3.py, pbe: Skipping PBE solver for non-charge conformer (537/673) ILE01A0953_001...
2026-09-22 09:12:29 - INFO: step3.py, pbe: ForkPoolWorker-5: Calling delphi to calculate conformer (538/673) ASP01A0954_001 in /tmp/pbe_data.data.home.granepura.5-Kinases.Kinases_MCCE.Trial01.run_apo.4WKQ_ASP01A0954_001
2026-09-22 09:12:29 - INFO: step3.py, pbe: ForkPoolWorker-2: Calling delphi to calculate conformer (539/673) ASP01A0954_002 in /tmp/pbe_data.data.home.granepura.5-Kinases.Kinases_MCCE.Trial01.run_apo.4WKQ_ASP01A0954_002
2026-09-22 09:12:29 - INFO: step3.py, pbe: ForkPoolWorker-1: Calling delphi to calculate conformer (540/673) ASP02A0954_003 in /tmp/pbe_data.data.home.granepura.5-Kinases.Kinases_MCCE.Trial01.run_apo.4WKQ_ASP02A0954_003
2026-09-22 09:12:29 - INFO: step3.py, pbe: ForkPoolWorker-3: Calling delphi to calculate conformer (541/673) ASP02A0954_004 in /tmp/pbe_data.data.home.granepura.5-Kinases.Kinases_MCCE.Trial01.run_apo.4WKQ_ASP02A0954_004
2026-09-22 09:12:33 - INFO: step3.py, pbe: ForkPoolWorker-4: Calling delphi to calculate conformer (542/673) ASP-1A0954_005 in /tmp/pbe_data.data.home.granepura.5-Kinases.Kinases_MCCE.Trial01.run_apo.4WKQ_ASP-1A0954_005
2026-09-22 09:12:33 - INFO: step3.py, pbe: ForkPoolWorker-5: Calling delphi to calculate conformer (544/673) ASP01A0956_001 in /tmp/pbe_data.data.home.granepura.5-Kinases.Kinases_MCCE.Trial01.run_apo.4WKQ_ASP01A0956_001
2026-09-22 09:12:33 - INFO: step3.py, pbe: Skipping PBE solver for non-charge conformer (543/673) ALA01A0955_001...
2026-09-22 09:12:33 - INFO: step3.py, pbe: ForkPoolWorker-2: Calling delphi to calculate conformer (545/673) ASP01A0956_002 in /tmp/pbe_data.data.home.granepura.5-Kinases.Kinases_MCCE.Trial01.run_apo.4WKQ_ASP01A0956_002
2026-09-22 09:12:34 - INFO: step3.py, pbe: ForkPoolWorker-3: Calling delphi to calculate conformer (546/673) ASP02A0956_003 in /tmp/pbe_data.data.home.granepura.5-Kinases.Kinases_MCCE.Trial01.run_apo.4WKQ_ASP02A0956_003
2026-09-22 09:12:34 - INFO: step3.py, pbe: ForkPoolWorker-1: Calling delphi to calculate conformer (547/673) ASP02A0956_004 in /tmp/pbe_data.data.home.granepura.5-Kinases.Kinases_MCCE.Trial01.run_apo.4WKQ_ASP02A0956_004
2026-09-22 09:12:38 - INFO: step3.py, pbe: ForkPoolWorker-4: Calling delphi to calculate conformer (548/673) ASP-1A0956_005 in /tmp/pbe_data.data.home.granepura.5-Kinases.Kinases_MCCE.Trial01.run_apo.4WKQ_ASP-1A0956_005
2026-09-22 09:12:38 - INFO: step3.py, pbe: ForkPoolWorker-5: Calling delphi to calculate conformer (549/673) SER01A0957_001 in /tmp/pbe_data.data.home.granepura.5-Kinases.Kinases_MCCE.Trial01.run_apo.4WKQ_SER01A0957_001
2026-09-22 09:12:38 - INFO: step3.py, pbe: ForkPoolWorker-2: Calling delphi to calculate conformer (550/673) SER01A0957_002 in /tmp/pbe_data.data.home.granepura.5-Kinases.Kinases_MCCE.Trial01.run_apo.4WKQ_SER01A0957_002
2026-09-22 09:12:38 - INFO: step3.py, pbe: ForkPoolWorker-1: Calling delphi to calculate conformer (551/673) ARG01A0958_001 in /tmp/pbe_data.data.home.granepura.5-Kinases.Kinases_MCCE.Trial01.run_apo.4WKQ_ARG01A0958_001
2026-09-22 09:12:38 - INFO: step3.py, pbe: ForkPoolWorker-3: Calling delphi to calculate conformer (552/673) ARG02A0958_002 in /tmp/pbe_data.data.home.granepura.5-Kinases.Kinases_MCCE.Trial01.run_apo.4WKQ_ARG02A0958_002
2026-09-22 09:12:43 - INFO: step3.py, pbe: ForkPoolWorker-4: Calling delphi to calculate conformer (553/673) ARG02A0958_003 in /tmp/pbe_data.data.home.granepura.5-Kinases.Kinases_MCCE.Trial01.run_apo.4WKQ_ARG02A0958_003
2026-09-22 09:12:43 - INFO: step3.py, pbe: ForkPoolWorker-5: Calling delphi to calculate conformer (554/673) ARG03A0958_004 in /tmp/pbe_data.data.home.granepura.5-Kinases.Kinases_MCCE.Trial01.run_apo.4WKQ_ARG03A0958_004
2026-09-22 09:12:43 - INFO: step3.py, pbe: ForkPoolWorker-2: Calling delphi to calculate conformer (555/673) ARG03A0958_005 in /tmp/pbe_data.data.home.granepura.5-Kinases.Kinases_MCCE.Trial01.run_apo.4WKQ_ARG03A0958_005
2026-09-22 09:12:43 - INFO: step3.py, pbe: ForkPoolWorker-1: Calling delphi to calculate conformer (556/673) ARG+1A0958_006 in /tmp/pbe_data.data.home.granepura.5-Kinases.Kinases_MCCE.Trial01.run_apo.4WKQ_ARG+1A0958_006
2026-09-22 09:12:43 - INFO: step3.py, pbe: Skipping PBE solver for non-charge conformer (557/673) PRO01A0959_001...
2026-09-22 09:12:43 - INFO: step3.py, pbe: ForkPoolWorker-3: Calling delphi to calculate conformer (558/673) LYS01A0960_001 in /tmp/pbe_data.data.home.granepura.5-Kinases.Kinases_MCCE.Trial01.run_apo.4WKQ_LYS01A0960_001
2026-09-22 09:12:47 - INFO: step3.py, pbe: ForkPoolWorker-4: Calling delphi to calculate conformer (559/673) LYS01A0960_002 in /tmp/pbe_data.data.home.granepura.5-Kinases.Kinases_MCCE.Trial01.run_apo.4WKQ_LYS01A0960_002
2026-09-22 09:12:48 - INFO: step3.py, pbe: ForkPoolWorker-5: Calling delphi to calculate conformer (561/673) LYS+1A0960_004 in /tmp/pbe_data.data.home.granepura.5-Kinases.Kinases_MCCE.Trial01.run_apo.4WKQ_LYS+1A0960_004
2026-09-22 09:12:48 - INFO: step3.py, pbe: ForkPoolWorker-2: Calling delphi to calculate conformer (560/673) LYS+1A0960_003 in /tmp/pbe_data.data.home.granepura.5-Kinases.Kinases_MCCE.Trial01.run_apo.4WKQ_LYS+1A0960_003
2026-09-22 09:12:48 - INFO: step3.py, pbe: Skipping PBE solver for non-charge conformer (562/673) PHE01A0961_001...
2026-09-22 09:12:48 - INFO: step3.py, pbe: ForkPoolWorker-1: Calling delphi to calculate conformer (563/673) ARG01A0962_001 in /tmp/pbe_data.data.home.granepura.5-Kinases.Kinases_MCCE.Trial01.run_apo.4WKQ_ARG01A0962_001
2026-09-22 09:12:48 - INFO: step3.py, pbe: ForkPoolWorker-3: Calling delphi to calculate conformer (564/673) ARG02A0962_002 in /tmp/pbe_data.data.home.granepura.5-Kinases.Kinases_MCCE.Trial01.run_apo.4WKQ_ARG02A0962_002
2026-09-22 09:12:52 - INFO: step3.py, pbe: ForkPoolWorker-4: Calling delphi to calculate conformer (565/673) ARG03A0962_003 in /tmp/pbe_data.data.home.granepura.5-Kinases.Kinases_MCCE.Trial01.run_apo.4WKQ_ARG03A0962_003
2026-09-22 09:12:52 - INFO: step3.py, pbe: ForkPoolWorker-5: Calling delphi to calculate conformer (566/673) ARG+1A0962_004 in /tmp/pbe_data.data.home.granepura.5-Kinases.Kinases_MCCE.Trial01.run_apo.4WKQ_ARG+1A0962_004
2026-09-22 09:12:52 - INFO: step3.py, pbe: ForkPoolWorker-2: Calling delphi to calculate conformer (567/673) GLU01A0963_001 in /tmp/pbe_data.data.home.granepura.5-Kinases.Kinases_MCCE.Trial01.run_apo.4WKQ_GLU01A0963_001
2026-09-22 09:12:53 - INFO: step3.py, pbe: ForkPoolWorker-3: Calling delphi to calculate conformer (568/673) GLU01A0963_002 in /tmp/pbe_data.data.home.granepura.5-Kinases.Kinases_MCCE.Trial01.run_apo.4WKQ_GLU01A0963_002
2026-09-22 09:12:53 - INFO: step3.py, pbe: ForkPoolWorker-1: Calling delphi to calculate conformer (569/673) GLU02A0963_003 in /tmp/pbe_data.data.home.granepura.5-Kinases.Kinases_MCCE.Trial01.run_apo.4WKQ_GLU02A0963_003
2026-09-22 09:12:57 - INFO: step3.py, pbe: ForkPoolWorker-4: Calling delphi to calculate conformer (570/673) GLU02A0963_004 in /tmp/pbe_data.data.home.granepura.5-Kinases.Kinases_MCCE.Trial01.run_apo.4WKQ_GLU02A0963_004
2026-09-22 09:12:57 - INFO: step3.py, pbe: ForkPoolWorker-5: Calling delphi to calculate conformer (571/673) GLU-1A0963_005 in /tmp/pbe_data.data.home.granepura.5-Kinases.Kinases_MCCE.Trial01.run_apo.4WKQ_GLU-1A0963_005
2026-09-22 09:12:57 - INFO: step3.py, pbe: Skipping PBE solver for non-charge conformer (572/673) LEU01A0964_001...
2026-09-22 09:12:57 - INFO: step3.py, pbe: Skipping PBE solver for non-charge conformer (573/673) ILE01A0965_001...
2026-09-22 09:12:57 - INFO: step3.py, pbe: Skipping PBE solver for non-charge conformer (574/673) ILE01A0966_001...
2026-09-22 09:12:57 - INFO: step3.py, pbe: ForkPoolWorker-2: Calling delphi to calculate conformer (575/673) GLU01A0967_001 in /tmp/pbe_data.data.home.granepura.5-Kinases.Kinases_MCCE.Trial01.run_apo.4WKQ_GLU01A0967_001
2026-09-22 09:12:57 - INFO: step3.py, pbe: ForkPoolWorker-3: Calling delphi to calculate conformer (576/673) GLU01A0967_002 in /tmp/pbe_data.data.home.granepura.5-Kinases.Kinases_MCCE.Trial01.run_apo.4WKQ_GLU01A0967_002
2026-09-22 09:12:57 - INFO: step3.py, pbe: ForkPoolWorker-1: Calling delphi to calculate conformer (577/673) GLU02A0967_003 in /tmp/pbe_data.data.home.granepura.5-Kinases.Kinases_MCCE.Trial01.run_apo.4WKQ_GLU02A0967_003
2026-09-22 09:13:01 - INFO: step3.py, pbe: ForkPoolWorker-4: Calling delphi to calculate conformer (578/673) GLU02A0967_004 in /tmp/pbe_data.data.home.granepura.5-Kinases.Kinases_MCCE.Trial01.run_apo.4WKQ_GLU02A0967_004
2026-09-22 09:13:02 - INFO: step3.py, pbe: ForkPoolWorker-5: Calling delphi to calculate conformer (579/673) GLU-1A0967_005 in /tmp/pbe_data.data.home.granepura.5-Kinases.Kinases_MCCE.Trial01.run_apo.4WKQ_GLU-1A0967_005
2026-09-22 09:13:02 - INFO: step3.py, pbe: Skipping PBE solver for non-charge conformer (580/673) PHE01A0968_001...
2026-09-22 09:13:02 - INFO: step3.py, pbe: ForkPoolWorker-2: Calling delphi to calculate conformer (581/673) SER01A0969_001 in /tmp/pbe_data.data.home.granepura.5-Kinases.Kinases_MCCE.Trial01.run_apo.4WKQ_SER01A0969_001
2026-09-22 09:13:02 - INFO: step3.py, pbe: ForkPoolWorker-3: Calling delphi to calculate conformer (582/673) SER01A0969_002 in /tmp/pbe_data.data.home.granepura.5-Kinases.Kinases_MCCE.Trial01.run_apo.4WKQ_SER01A0969_002
2026-09-22 09:13:02 - INFO: step3.py, pbe: ForkPoolWorker-1: Calling delphi to calculate conformer (583/673) LYS01A0970_001 in /tmp/pbe_data.data.home.granepura.5-Kinases.Kinases_MCCE.Trial01.run_apo.4WKQ_LYS01A0970_001
2026-09-22 09:13:06 - INFO: step3.py, pbe: ForkPoolWorker-4: Calling delphi to calculate conformer (584/673) LYS+1A0970_002 in /tmp/pbe_data.data.home.granepura.5-Kinases.Kinases_MCCE.Trial01.run_apo.4WKQ_LYS+1A0970_002
2026-09-22 09:13:06 - INFO: step3.py, pbe: ForkPoolWorker-5: Calling delphi to calculate conformer (585/673) MET01A0971_001 in /tmp/pbe_data.data.home.granepura.5-Kinases.Kinases_MCCE.Trial01.run_apo.4WKQ_MET01A0971_001
2026-09-22 09:13:06 - INFO: step3.py, pbe: Skipping PBE solver for non-charge conformer (586/673) ALA01A0972_001...
2026-09-22 09:13:06 - INFO: step3.py, pbe: ForkPoolWorker-2: Calling delphi to calculate conformer (587/673) ARG01A0973_001 in /tmp/pbe_data.data.home.granepura.5-Kinases.Kinases_MCCE.Trial01.run_apo.4WKQ_ARG01A0973_001
2026-09-22 09:13:06 - INFO: step3.py, pbe: ForkPoolWorker-3: Calling delphi to calculate conformer (589/673) ARG03A0973_003 in /tmp/pbe_data.data.home.granepura.5-Kinases.Kinases_MCCE.Trial01.run_apo.4WKQ_ARG03A0973_003
2026-09-22 09:13:06 - INFO: step3.py, pbe: ForkPoolWorker-1: Calling delphi to calculate conformer (588/673) ARG02A0973_002 in /tmp/pbe_data.data.home.granepura.5-Kinases.Kinases_MCCE.Trial01.run_apo.4WKQ_ARG02A0973_002
2026-09-22 09:13:11 - INFO: step3.py, pbe: ForkPoolWorker-4: Calling delphi to calculate conformer (590/673) ARG+1A0973_004 in /tmp/pbe_data.data.home.granepura.5-Kinases.Kinases_MCCE.Trial01.run_apo.4WKQ_ARG+1A0973_004
2026-09-22 09:13:11 - INFO: step3.py, pbe: ForkPoolWorker-5: Calling delphi to calculate conformer (591/673) ASP01A0974_001 in /tmp/pbe_data.data.home.granepura.5-Kinases.Kinases_MCCE.Trial01.run_apo.4WKQ_ASP01A0974_001
2026-09-22 09:13:11 - INFO: step3.py, pbe: ForkPoolWorker-2: Calling delphi to calculate conformer (592/673) ASP01A0974_002 in /tmp/pbe_data.data.home.granepura.5-Kinases.Kinases_MCCE.Trial01.run_apo.4WKQ_ASP01A0974_002
2026-09-22 09:13:11 - INFO: step3.py, pbe: ForkPoolWorker-1: Calling delphi to calculate conformer (593/673) ASP02A0974_003 in /tmp/pbe_data.data.home.granepura.5-Kinases.Kinases_MCCE.Trial01.run_apo.4WKQ_ASP02A0974_003
2026-09-22 09:13:11 - INFO: step3.py, pbe: ForkPoolWorker-3: Calling delphi to calculate conformer (594/673) ASP02A0974_004 in /tmp/pbe_data.data.home.granepura.5-Kinases.Kinases_MCCE.Trial01.run_apo.4WKQ_ASP02A0974_004
2026-09-22 09:13:15 - INFO: step3.py, pbe: ForkPoolWorker-4: Calling delphi to calculate conformer (595/673) ASP-1A0974_005 in /tmp/pbe_data.data.home.granepura.5-Kinases.Kinases_MCCE.Trial01.run_apo.4WKQ_ASP-1A0974_005
2026-09-22 09:13:16 - INFO: step3.py, pbe: Skipping PBE solver for non-charge conformer (596/673) PRO01A0975_001...
2026-09-22 09:13:16 - INFO: step3.py, pbe: ForkPoolWorker-5: Calling delphi to calculate conformer (597/673) GLN01A0976_001 in /tmp/pbe_data.data.home.granepura.5-Kinases.Kinases_MCCE.Trial01.run_apo.4WKQ_GLN01A0976_001
2026-09-22 09:13:16 - INFO: step3.py, pbe: ForkPoolWorker-1: Calling delphi to calculate conformer (599/673) ARG01A0977_001 in /tmp/pbe_data.data.home.granepura.5-Kinases.Kinases_MCCE.Trial01.run_apo.4WKQ_ARG01A0977_001
2026-09-22 09:13:16 - INFO: step3.py, pbe: ForkPoolWorker-2: Calling delphi to calculate conformer (600/673) ARG02A0977_002 in /tmp/pbe_data.data.home.granepura.5-Kinases.Kinases_MCCE.Trial01.run_apo.4WKQ_ARG02A0977_002
2026-09-22 09:13:16 - INFO: step3.py, pbe: ForkPoolWorker-3: Calling delphi to calculate conformer (598/673) GLN01A0976_002 in /tmp/pbe_data.data.home.granepura.5-Kinases.Kinases_MCCE.Trial01.run_apo.4WKQ_GLN01A0976_002
2026-09-22 09:13:20 - INFO: step3.py, pbe: ForkPoolWorker-4: Calling delphi to calculate conformer (601/673) ARG03A0977_003 in /tmp/pbe_data.data.home.granepura.5-Kinases.Kinases_MCCE.Trial01.run_apo.4WKQ_ARG03A0977_003
2026-09-22 09:13:21 - INFO: step3.py, pbe: ForkPoolWorker-3: Calling delphi to calculate conformer (602/673) ARG+1A0977_004 in /tmp/pbe_data.data.home.granepura.5-Kinases.Kinases_MCCE.Trial01.run_apo.4WKQ_ARG+1A0977_004
2026-09-22 09:13:21 - INFO: step3.py, pbe: ForkPoolWorker-2: Calling delphi to calculate conformer (603/673) TYR01A0978_001 in /tmp/pbe_data.data.home.granepura.5-Kinases.Kinases_MCCE.Trial01.run_apo.4WKQ_TYR01A0978_001
2026-09-22 09:13:21 - INFO: step3.py, pbe: ForkPoolWorker-1: Calling delphi to calculate conformer (604/673) TYR01A0978_002 in /tmp/pbe_data.data.home.granepura.5-Kinases.Kinases_MCCE.Trial01.run_apo.4WKQ_TYR01A0978_002
2026-09-22 09:13:21 - INFO: step3.py, pbe: ForkPoolWorker-5: Calling delphi to calculate conformer (605/673) TYR-1A0978_003 in /tmp/pbe_data.data.home.granepura.5-Kinases.Kinases_MCCE.Trial01.run_apo.4WKQ_TYR-1A0978_003
2026-09-22 09:13:25 - INFO: step3.py, pbe: Skipping PBE solver for non-charge conformer (606/673) LEU01A0979_001...
2026-09-22 09:13:25 - INFO: step3.py, pbe: Skipping PBE solver for non-charge conformer (607/673) VAL01A0980_001...
2026-09-22 09:13:25 - INFO: step3.py, pbe: Skipping PBE solver for non-charge conformer (608/673) ILE01A0981_001...
2026-09-22 09:13:25 - INFO: step3.py, pbe: ForkPoolWorker-4: Calling delphi to calculate conformer (609/673) GLN01A0982_001 in /tmp/pbe_data.data.home.granepura.5-Kinases.Kinases_MCCE.Trial01.run_apo.4WKQ_GLN01A0982_001
2026-09-22 09:13:25 - INFO: step3.py, pbe: ForkPoolWorker-3: Calling delphi to calculate conformer (610/673) GLN01A0982_002 in /tmp/pbe_data.data.home.granepura.5-Kinases.Kinases_MCCE.Trial01.run_apo.4WKQ_GLN01A0982_002
2026-09-22 09:13:25 - INFO: step3.py, pbe: ForkPoolWorker-1: Calling delphi to calculate conformer (611/673) ASP01A0984_001 in /tmp/pbe_data.data.home.granepura.5-Kinases.Kinases_MCCE.Trial01.run_apo.4WKQ_ASP01A0984_001
2026-09-22 09:13:25 - INFO: step3.py, pbe: ForkPoolWorker-5: Calling delphi to calculate conformer (613/673) ASP01A0984_003 in /tmp/pbe_data.data.home.granepura.5-Kinases.Kinases_MCCE.Trial01.run_apo.4WKQ_ASP01A0984_003
2026-09-22 09:13:25 - INFO: step3.py, pbe: ForkPoolWorker-2: Calling delphi to calculate conformer (612/673) ASP01A0984_002 in /tmp/pbe_data.data.home.granepura.5-Kinases.Kinases_MCCE.Trial01.run_apo.4WKQ_ASP01A0984_002
2026-09-22 09:13:30 - INFO: step3.py, pbe: ForkPoolWorker-4: Calling delphi to calculate conformer (614/673) ASP01A0984_004 in /tmp/pbe_data.data.home.granepura.5-Kinases.Kinases_MCCE.Trial01.run_apo.4WKQ_ASP01A0984_004
2026-09-22 09:13:30 - INFO: step3.py, pbe: ForkPoolWorker-3: Calling delphi to calculate conformer (615/673) ASP02A0984_005 in /tmp/pbe_data.data.home.granepura.5-Kinases.Kinases_MCCE.Trial01.run_apo.4WKQ_ASP02A0984_005
2026-09-22 09:13:30 - INFO: step3.py, pbe: ForkPoolWorker-1: Calling delphi to calculate conformer (616/673) ASP02A0984_006 in /tmp/pbe_data.data.home.granepura.5-Kinases.Kinases_MCCE.Trial01.run_apo.4WKQ_ASP02A0984_006
2026-09-22 09:13:30 - INFO: step3.py, pbe: ForkPoolWorker-2: Calling delphi to calculate conformer (617/673) ASP02A0984_007 in /tmp/pbe_data.data.home.granepura.5-Kinases.Kinases_MCCE.Trial01.run_apo.4WKQ_ASP02A0984_007
2026-09-22 09:13:30 - INFO: step3.py, pbe: ForkPoolWorker-5: Calling delphi to calculate conformer (618/673) ASP02A0984_008 in /tmp/pbe_data.data.home.granepura.5-Kinases.Kinases_MCCE.Trial01.run_apo.4WKQ_ASP02A0984_008
2026-09-22 09:13:35 - INFO: step3.py, pbe: ForkPoolWorker-4: Calling delphi to calculate conformer (619/673) ASP-1A0984_009 in /tmp/pbe_data.data.home.granepura.5-Kinases.Kinases_MCCE.Trial01.run_apo.4WKQ_ASP-1A0984_009
2026-09-22 09:13:35 - INFO: step3.py, pbe: ForkPoolWorker-3: Calling delphi to calculate conformer (620/673) ASP-1A0984_010 in /tmp/pbe_data.data.home.granepura.5-Kinases.Kinases_MCCE.Trial01.run_apo.4WKQ_ASP-1A0984_010
2026-09-22 09:13:35 - INFO: step3.py, pbe: ForkPoolWorker-1: Calling delphi to calculate conformer (621/673) MET01A1007_001 in /tmp/pbe_data.data.home.granepura.5-Kinases.Kinases_MCCE.Trial01.run_apo.4WKQ_MET01A1007_001
2026-09-22 09:13:35 - INFO: step3.py, pbe: ForkPoolWorker-2: Calling delphi to calculate conformer (622/673) ASP01A1008_001 in /tmp/pbe_data.data.home.granepura.5-Kinases.Kinases_MCCE.Trial01.run_apo.4WKQ_ASP01A1008_001
2026-09-22 09:13:35 - INFO: step3.py, pbe: ForkPoolWorker-5: Calling delphi to calculate conformer (623/673) ASP01A1008_002 in /tmp/pbe_data.data.home.granepura.5-Kinases.Kinases_MCCE.Trial01.run_apo.4WKQ_ASP01A1008_002
2026-09-22 09:13:39 - INFO: step3.py, pbe: ForkPoolWorker-4: Calling delphi to calculate conformer (624/673) ASP02A1008_003 in /tmp/pbe_data.data.home.granepura.5-Kinases.Kinases_MCCE.Trial01.run_apo.4WKQ_ASP02A1008_003
2026-09-22 09:13:40 - INFO: step3.py, pbe: ForkPoolWorker-3: Calling delphi to calculate conformer (625/673) ASP02A1008_004 in /tmp/pbe_data.data.home.granepura.5-Kinases.Kinases_MCCE.Trial01.run_apo.4WKQ_ASP02A1008_004
2026-09-22 09:13:40 - INFO: step3.py, pbe: ForkPoolWorker-1: Calling delphi to calculate conformer (626/673) ASP-1A1008_005 in /tmp/pbe_data.data.home.granepura.5-Kinases.Kinases_MCCE.Trial01.run_apo.4WKQ_ASP-1A1008_005
2026-09-22 09:13:40 - INFO: step3.py, pbe: ForkPoolWorker-2: Calling delphi to calculate conformer (627/673) ASP01A1009_001 in /tmp/pbe_data.data.home.granepura.5-Kinases.Kinases_MCCE.Trial01.run_apo.4WKQ_ASP01A1009_001
2026-09-22 09:13:40 - INFO: step3.py, pbe: ForkPoolWorker-5: Calling delphi to calculate conformer (628/673) ASP01A1009_002 in /tmp/pbe_data.data.home.granepura.5-Kinases.Kinases_MCCE.Trial01.run_apo.4WKQ_ASP01A1009_002
2026-09-22 09:13:44 - INFO: step3.py, pbe: ForkPoolWorker-4: Calling delphi to calculate conformer (629/673) ASP02A1009_003 in /tmp/pbe_data.data.home.granepura.5-Kinases.Kinases_MCCE.Trial01.run_apo.4WKQ_ASP02A1009_003
2026-09-22 09:13:44 - INFO: step3.py, pbe: ForkPoolWorker-1: Calling delphi to calculate conformer (630/673) ASP02A1009_004 in /tmp/pbe_data.data.home.granepura.5-Kinases.Kinases_MCCE.Trial01.run_apo.4WKQ_ASP02A1009_004
2026-09-22 09:13:44 - INFO: step3.py, pbe: ForkPoolWorker-3: Calling delphi to calculate conformer (631/673) ASP-1A1009_005 in /tmp/pbe_data.data.home.granepura.5-Kinases.Kinases_MCCE.Trial01.run_apo.4WKQ_ASP-1A1009_005
2026-09-22 09:13:44 - INFO: step3.py, pbe: Skipping PBE solver for non-charge conformer (632/673) VAL01A1010_001...
2026-09-22 09:13:44 - INFO: step3.py, pbe: Skipping PBE solver for non-charge conformer (633/673) VAL01A1011_001...
2026-09-22 09:13:44 - INFO: step3.py, pbe: ForkPoolWorker-2: Calling delphi to calculate conformer (634/673) ASP01A1012_001 in /tmp/pbe_data.data.home.granepura.5-Kinases.Kinases_MCCE.Trial01.run_apo.4WKQ_ASP01A1012_001
2026-09-22 09:13:45 - INFO: step3.py, pbe: ForkPoolWorker-5: Calling delphi to calculate conformer (635/673) ASP01A1012_002 in /tmp/pbe_data.data.home.granepura.5-Kinases.Kinases_MCCE.Trial01.run_apo.4WKQ_ASP01A1012_002
2026-09-22 09:13:49 - INFO: step3.py, pbe: ForkPoolWorker-4: Calling delphi to calculate conformer (636/673) ASP01A1012_003 in /tmp/pbe_data.data.home.granepura.5-Kinases.Kinases_MCCE.Trial01.run_apo.4WKQ_ASP01A1012_003
2026-09-22 09:13:49 - INFO: step3.py, pbe: ForkPoolWorker-1: Calling delphi to calculate conformer (637/673) ASP01A1012_004 in /tmp/pbe_data.data.home.granepura.5-Kinases.Kinases_MCCE.Trial01.run_apo.4WKQ_ASP01A1012_004
2026-09-22 09:13:49 - INFO: step3.py, pbe: ForkPoolWorker-3: Calling delphi to calculate conformer (638/673) ASP02A1012_005 in /tmp/pbe_data.data.home.granepura.5-Kinases.Kinases_MCCE.Trial01.run_apo.4WKQ_ASP02A1012_005
2026-09-22 09:13:49 - INFO: step3.py, pbe: ForkPoolWorker-2: Calling delphi to calculate conformer (639/673) ASP02A1012_006 in /tmp/pbe_data.data.home.granepura.5-Kinases.Kinases_MCCE.Trial01.run_apo.4WKQ_ASP02A1012_006
2026-09-22 09:13:49 - INFO: step3.py, pbe: ForkPoolWorker-5: Calling delphi to calculate conformer (640/673) ASP02A1012_007 in /tmp/pbe_data.data.home.granepura.5-Kinases.Kinases_MCCE.Trial01.run_apo.4WKQ_ASP02A1012_007
2026-09-22 09:13:54 - INFO: step3.py, pbe: ForkPoolWorker-1: Calling delphi to calculate conformer (641/673) ASP02A1012_008 in /tmp/pbe_data.data.home.granepura.5-Kinases.Kinases_MCCE.Trial01.run_apo.4WKQ_ASP02A1012_008
2026-09-22 09:13:54 - INFO: step3.py, pbe: ForkPoolWorker-4: Calling delphi to calculate conformer (642/673) ASP-1A1012_009 in /tmp/pbe_data.data.home.granepura.5-Kinases.Kinases_MCCE.Trial01.run_apo.4WKQ_ASP-1A1012_009
2026-09-22 09:13:54 - INFO: step3.py, pbe: ForkPoolWorker-3: Calling delphi to calculate conformer (643/673) ASP-1A1012_010 in /tmp/pbe_data.data.home.granepura.5-Kinases.Kinases_MCCE.Trial01.run_apo.4WKQ_ASP-1A1012_010
2026-09-22 09:13:54 - INFO: step3.py, pbe: Skipping PBE solver for non-charge conformer (644/673) ALA01A1013_001...
2026-09-22 09:13:54 - INFO: step3.py, pbe: ForkPoolWorker-2: Calling delphi to calculate conformer (645/673) ASP01A1014_001 in /tmp/pbe_data.data.home.granepura.5-Kinases.Kinases_MCCE.Trial01.run_apo.4WKQ_ASP01A1014_001
2026-09-22 09:13:54 - INFO: step3.py, pbe: ForkPoolWorker-5: Calling delphi to calculate conformer (646/673) ASP01A1014_002 in /tmp/pbe_data.data.home.granepura.5-Kinases.Kinases_MCCE.Trial01.run_apo.4WKQ_ASP01A1014_002
2026-09-22 09:13:59 - INFO: step3.py, pbe: ForkPoolWorker-1: Calling delphi to calculate conformer (647/673) ASP01A1014_003 in /tmp/pbe_data.data.home.granepura.5-Kinases.Kinases_MCCE.Trial01.run_apo.4WKQ_ASP01A1014_003
2026-09-22 09:13:59 - INFO: step3.py, pbe: ForkPoolWorker-4: Calling delphi to calculate conformer (648/673) ASP01A1014_004 in /tmp/pbe_data.data.home.granepura.5-Kinases.Kinases_MCCE.Trial01.run_apo.4WKQ_ASP01A1014_004
2026-09-22 09:13:59 - INFO: step3.py, pbe: ForkPoolWorker-3: Calling delphi to calculate conformer (649/673) ASP01A1014_005 in /tmp/pbe_data.data.home.granepura.5-Kinases.Kinases_MCCE.Trial01.run_apo.4WKQ_ASP01A1014_005
2026-09-22 09:13:59 - INFO: step3.py, pbe: ForkPoolWorker-5: Calling delphi to calculate conformer (650/673) ASP01A1014_006 in /tmp/pbe_data.data.home.granepura.5-Kinases.Kinases_MCCE.Trial01.run_apo.4WKQ_ASP01A1014_006
2026-09-22 09:13:59 - INFO: step3.py, pbe: ForkPoolWorker-2: Calling delphi to calculate conformer (651/673) ASP02A1014_007 in /tmp/pbe_data.data.home.granepura.5-Kinases.Kinases_MCCE.Trial01.run_apo.4WKQ_ASP02A1014_007
2026-09-22 09:14:03 - INFO: step3.py, pbe: ForkPoolWorker-1: Calling delphi to calculate conformer (652/673) ASP02A1014_008 in /tmp/pbe_data.data.home.granepura.5-Kinases.Kinases_MCCE.Trial01.run_apo.4WKQ_ASP02A1014_008
2026-09-22 09:14:03 - INFO: step3.py, pbe: ForkPoolWorker-4: Calling delphi to calculate conformer (653/673) ASP02A1014_009 in /tmp/pbe_data.data.home.granepura.5-Kinases.Kinases_MCCE.Trial01.run_apo.4WKQ_ASP02A1014_009
2026-09-22 09:14:04 - INFO: step3.py, pbe: ForkPoolWorker-3: Calling delphi to calculate conformer (654/673) ASP02A1014_010 in /tmp/pbe_data.data.home.granepura.5-Kinases.Kinases_MCCE.Trial01.run_apo.4WKQ_ASP02A1014_010
2026-09-22 09:14:04 - INFO: step3.py, pbe: ForkPoolWorker-5: Calling delphi to calculate conformer (655/673) ASP02A1014_011 in /tmp/pbe_data.data.home.granepura.5-Kinases.Kinases_MCCE.Trial01.run_apo.4WKQ_ASP02A1014_011
2026-09-22 09:14:04 - INFO: step3.py, pbe: ForkPoolWorker-2: Calling delphi to calculate conformer (656/673) ASP02A1014_012 in /tmp/pbe_data.data.home.granepura.5-Kinases.Kinases_MCCE.Trial01.run_apo.4WKQ_ASP02A1014_012
2026-09-22 09:14:08 - INFO: step3.py, pbe: ForkPoolWorker-1: Calling delphi to calculate conformer (657/673) ASP-1A1014_013 in /tmp/pbe_data.data.home.granepura.5-Kinases.Kinases_MCCE.Trial01.run_apo.4WKQ_ASP-1A1014_013
2026-09-22 09:14:08 - INFO: step3.py, pbe: ForkPoolWorker-4: Calling delphi to calculate conformer (658/673) ASP-1A1014_014 in /tmp/pbe_data.data.home.granepura.5-Kinases.Kinases_MCCE.Trial01.run_apo.4WKQ_ASP-1A1014_014
2026-09-22 09:14:08 - INFO: step3.py, pbe: ForkPoolWorker-5: Calling delphi to calculate conformer (659/673) ASP-1A1014_015 in /tmp/pbe_data.data.home.granepura.5-Kinases.Kinases_MCCE.Trial01.run_apo.4WKQ_ASP-1A1014_015
2026-09-22 09:14:08 - INFO: step3.py, pbe: ForkPoolWorker-3: Calling delphi to calculate conformer (660/673) GLU01A1015_001 in /tmp/pbe_data.data.home.granepura.5-Kinases.Kinases_MCCE.Trial01.run_apo.4WKQ_GLU01A1015_001
2026-09-22 09:14:09 - INFO: step3.py, pbe: ForkPoolWorker-2: Calling delphi to calculate conformer (661/673) GLU01A1015_002 in /tmp/pbe_data.data.home.granepura.5-Kinases.Kinases_MCCE.Trial01.run_apo.4WKQ_GLU01A1015_002
2026-09-22 09:14:13 - INFO: step3.py, pbe: ForkPoolWorker-4: Calling delphi to calculate conformer (662/673) GLU02A1015_003 in /tmp/pbe_data.data.home.granepura.5-Kinases.Kinases_MCCE.Trial01.run_apo.4WKQ_GLU02A1015_003
2026-09-22 09:14:13 - INFO: step3.py, pbe: ForkPoolWorker-1: Calling delphi to calculate conformer (663/673) GLU02A1015_004 in /tmp/pbe_data.data.home.granepura.5-Kinases.Kinases_MCCE.Trial01.run_apo.4WKQ_GLU02A1015_004
2026-09-22 09:14:13 - INFO: step3.py, pbe: ForkPoolWorker-3: Calling delphi to calculate conformer (664/673) GLU-1A1015_005 in /tmp/pbe_data.data.home.granepura.5-Kinases.Kinases_MCCE.Trial01.run_apo.4WKQ_GLU-1A1015_005
2026-09-22 09:14:13 - INFO: step3.py, pbe: ForkPoolWorker-5: Calling delphi to calculate conformer (665/673) TYR01A1016_001 in /tmp/pbe_data.data.home.granepura.5-Kinases.Kinases_MCCE.Trial01.run_apo.4WKQ_TYR01A1016_001
2026-09-22 09:14:13 - INFO: step3.py, pbe: ForkPoolWorker-2: Calling delphi to calculate conformer (666/673) TYR01A1016_002 in /tmp/pbe_data.data.home.granepura.5-Kinases.Kinases_MCCE.Trial01.run_apo.4WKQ_TYR01A1016_002
2026-09-22 09:14:18 - INFO: step3.py, pbe: ForkPoolWorker-4: Calling delphi to calculate conformer (667/673) TYR-1A1016_003 in /tmp/pbe_data.data.home.granepura.5-Kinases.Kinases_MCCE.Trial01.run_apo.4WKQ_TYR-1A1016_003
2026-09-22 09:14:18 - INFO: step3.py, pbe: Skipping PBE solver for non-charge conformer (668/673) LEU01A1017_001...
2026-09-22 09:14:18 - INFO: step3.py, pbe: Skipping PBE solver for non-charge conformer (669/673) ILE01A1018_001...
2026-09-22 09:14:18 - INFO: step3.py, pbe: Skipping PBE solver for non-charge conformer (670/673) PRO01A1019_001...
2026-09-22 09:14:18 - INFO: step3.py, pbe: ForkPoolWorker-1: Calling delphi to calculate conformer (671/673) GLN01A1020_001 in /tmp/pbe_data.data.home.granepura.5-Kinases.Kinases_MCCE.Trial01.run_apo.4WKQ_GLN01A1020_001
2026-09-22 09:14:18 - INFO: step3.py, pbe: ForkPoolWorker-3: Calling delphi to calculate conformer (672/673) GLN01A1020_002 in /tmp/pbe_data.data.home.granepura.5-Kinases.Kinases_MCCE.Trial01.run_apo.4WKQ_GLN01A1020_002
2026-09-22 09:14:18 - INFO: step3.py, pbe: ForkPoolWorker-5: Calling delphi to calculate conformer (673/673) _NA+1A1102_001 in /tmp/pbe_data.data.home.granepura.5-Kinases.Kinases_MCCE.Trial01.run_apo.4WKQ__NA+1A1102_001
2026-09-22 09:14:23 - INFO: step3.py, <module>:    Time needed: 520 seconds.
2026-09-22 09:14:23 - INFO: step3.py, <module>:    Post-processing of electrostatic potential.
2026-09-22 09:14:23 - INFO: step3.py, <module>:    Processing ele pairwise interaction...
2026-09-22 09:14:25 - INFO: step3.py, <module>:    Time needed: 1 seconds.
2026-09-22 09:14:25 - INFO: step3.py, <module>:    Making atom connectivity ...
2026-09-22 09:14:25 - INFO: step3.py, <module>:    Time needed: 0 seconds.
2026-09-22 09:14:25 - INFO: step3.py, <module>:    Calculating vdw ...
2026-09-22 09:14:30 - INFO: step3.py, <module>:    Time needed: 5 seconds.
2026-09-22 09:14:30 - INFO: step3.py, <module>:    Calculating torsion energy ...
2026-09-22 09:14:30 - INFO: step3.py, <module>:    Time needed: 0 seconds.
2026-09-22 09:14:31 - INFO: step3.py, <module>:    Composing head3.lst ...
2026-09-22 09:14:31 - INFO: step3.py, <module>:    Time needed: 0 seconds.
2026-09-22 09:14:31 - INFO: step3.py, <module>:    Composing opp files ...
2026-09-22 09:14:31 - INFO: step3.py, <module>:    Time needed: 0 seconds.
2026-09-22 09:14:31 - INFO: step3.py, <module>:    Total time for step3 is 528 seconds.
