   Repacking:
   Repacking 0: 13 1 0
   Repacking 1: 8 0
   Repacking 2: 13 0
   Repacking 3: 15 0
   Repacking 4: 12 1 0
   Repacking 5: 14 0
   Repacking 6: 17 1 0
   Repacking 7: 12 0
   Repacking 8: 18 0
   Repacking 9: 23 0
   Repacking 10: 18 1 0
   Repacking 11: 16 0
   Repacking 12: 15 0
   Repacking 13: 20 1 0
   Repacking 14: 23 0
   Repacking 15: 18 0
   Repacking 16: 13 1 0
   Repacking 17: 18 0
   Repacking 18: 11 0
   Repacking 19: 19 0
   Repacking 20: 18 0
   Repacking 21: 11 0
   Repacking 22: 20 1 0
   Repacking 23: 12 0
   Repacking 24: 19 1 0
   Repacking 25: 11 0
   Repacking 26: 16 0
   Repacking 27: 12 0
   Repacking 28: 15 0
   Repacking 29: 16 0
   Repacking 30: 18 0
   Repacking 31: 18 1 0
   Repacking 32: 11 0
   Repacking 33: 15 1 0
   Repacking 34: 15 0
   Repacking 35: 15 0
   Repacking 36: 18 1 0
   Repacking 37: 15 0
   Repacking 38: 16 0
   Repacking 39: 14 1 0
   Repacking 40: 17 0
   Repacking 41: 15 0
   Repacking 42: 16 1 0
   Repacking 43: 16 1 0
   Repacking 44: 18 0
   Repacking 45: 19 0
   Repacking 46: 18 0
   Repacking 47: 12 1 0
   Repacking 48: 18 1 0
   Repacking 49: 10 0
   Repacking 50: 11 0
   Repacking 51: 18 0
   Repacking 52: 14 0
   Repacking 53: 15 1 0
   Repacking 54: 20 1 0
   Repacking 55: 12 0
   Repacking 56: 13 0
   Repacking 57: 18 0
   Repacking 58: 17 0
   Repacking 59: 15 0
   Repacking 60: 15 1 0
   Repacking 61: 19 1 0
   Repacking 62: 16 0
   Repacking 63: 12 0
   Repacking 64: 18 0
   Repacking 65: 15 0
   Repacking 66: 15 0
   Repacking 67: 15 1 0
   Repacking 68: 18 0
   Repacking 69: 14 0
   Repacking 70: 20 1 0
   Repacking 71: 20 1 0
   Repacking 72: 13 0
   Repacking 73: 17 0
   Repacking 74: 14 0
   Repacking 75: 14 0
   Repacking 76: 18 0
   Repacking 77: 15 1 0
   Repacking 78: 17 1 0
   Repacking 79: 15 0
   Repacking 80: 16 0
   Repacking 81: 13 0
   Repacking 82: 17 0
   Repacking 83: 17 0
   Repacking 84: 17 0
   Repacking 85: 14 0
   Repacking 86: 13 0
   Repacking 87: 13 0
   Repacking 88: 14 0
   Repacking 89: 14 0
   Repacking 90: 15 0
   Repacking 91: 13 0
   Repacking 92: 14 1 0
   Repacking 93: 17 0
   Repacking 94: 13 0
   Repacking 95: 15 0
   Repacking 96: 13 0
   Repacking 97: 18 0
   Repacking 98: 15 0
   Repacking 99: 13 0
   Repacking 100: 10 0
   Repacking 101: 16 1 0
   Repacking 102: 16 1 0
   Repacking 103: 18 0
   Repacking 104: 12 0
   Repacking 105: 17 0
   Repacking 106: 14 0
   Repacking 107: 11 0
   Repacking 108: 11 0
   Repacking 109: 22 0
   Repacking 110: 13 1 0
   Repacking 111: 13 0
   Repacking 112: 10 0
   Repacking 113: 16 0
   Repacking 114: 11 0
   Repacking 115: 19 1 0
   Repacking 116: 18 1 0
   Repacking 117: 20 0
   Repacking 118: 14 0
   Repacking 119: 11 1 0
   Repacking 120: 17 1 0
   Repacking 121: 11 0
   Repacking 122: 20 0
   Repacking 123: 16 1 0
   Repacking 124: 13 0
   Repacking 125: 14 0
   Repacking 126: 16 0
   Repacking 127: 10 1 0
   Repacking 128: 14 0
   Repacking 129: 17 0
   Repacking 130: 18 1 0
   Repacking 131: 13 0
   Repacking 132: 14 0
   Repacking 133: 13 1 0
   Repacking 134: 12 0
   Repacking 135: 15 1 0
   Repacking 136: 12 0
   Repacking 137: 14 1 0
   Repacking 138: 15 0
   Repacking 139: 12 0
   Repacking 140: 14 0
   Repacking 141: 16 0
   Repacking 142: 14 0
   Repacking 143: 14 0
   Repacking 144: 12 1 0
   Repacking 145: 12 0
   Repacking 146: 15 0
   Repacking 147: 13 0
   Repacking 148: 19 0
   Repacking 149: 14 0
   Repacking 150: 18 0
   Repacking 151: 18 0
   Repacking 152: 20 0
   Repacking 153: 10 0
   Repacking 154: 15 0
   Repacking 155: 12 0
   Repacking 156: 16 0
   Repacking 157: 12 0
   Repacking 158: 11 0
   Repacking 159: 18 0
   Repacking 160: 15 0
   Repacking 161: 14 0
   Repacking 162: 18 0
   Repacking 163: 13 0
   Repacking 164: 16 0
   Repacking 165: 14 1 0
   Repacking 166: 9 0
   Repacking 167: 15 0
   Repacking 168: 13 0
   Repacking 169: 17 0
   Repacking 170: 25 1 0
   Repacking 171: 12 0
   Repacking 172: 9 0
   Repacking 173: 12 0
   Repacking 174: 15 1 0
   Repacking 175: 14 0
   Repacking 176: 13 1 0
   Repacking 177: 13 1 0
   Repacking 178: 14 0
   Repacking 179: 15 0
   Repacking 180: 12 0
   Repacking 181: 14 0
   Repacking 182: 19 0
   Repacking 183: 7 0
   Repacking 184: 15 0
   Repacking 185: 9 0
   Repacking 186: 20 0
   Repacking 187: 13 0
   Repacking 188: 20 1 0
   Repacking 189: 11 0
   Repacking 190: 15 0
   Repacking 191: 18 0
   Repacking 192: 13 0
   Repacking 193: 14 0
   Repacking 194: 14 0
   Repacking 195: 13 0
   Repacking 196: 19 1 0
   Repacking 197: 18 0
   Repacking 198: 16 0
   Repacking 199: 16 0
   Repacking 200: 13 0
   Repacking 201: 9 0
   Repacking 202: 18 0
   Repacking 203: 14 1 0
   Repacking 204: 16 0
   Repacking 205: 14 0
   Repacking 206: 12 0
   Repacking 207: 13 0
   Repacking 208: 12 1 0
   Repacking 209: 13 0
   Repacking 210: 18 0
   Repacking 211: 12 0
   Repacking 212: 16 0
   Repacking 213: 13 0
   Repacking 214: 12 0
   Repacking 215: 18 1 0
   Repacking 216: 14 0
   Repacking 217: 13 0
   Repacking 218: 12 0
   Repacking 219: 18 1 0
   Repacking 220: 11 1 0
   Repacking 221: 14 1 0
   Repacking 222: 18 0
   Repacking 223: 13 0
   Repacking 224: 11 1 0
   Repacking 225: 15 0
   Repacking 226: 10 0
   Repacking 227: 13 0
   Repacking 228: 13 1 0
   Repacking 229: 15 0
   Repacking 230: 11 1 0
   Repacking 231: 6 0
   Repacking 232: 14 0
   Repacking 233: 13 0
   Repacking 234: 11 0
   Repacking 235: 20 0
   Repacking 236: 6 0
   Repacking 237: 17 0
   Repacking 238: 12 0
   Repacking 239: 14 0
   Repacking 240: 12 0
   Repacking 241: 9 0
   Repacking 242: 15 0
   Repacking 243: 11 0
   Repacking 244: 10 0
   Repacking 245: 16 0
   Repacking 246: 13 1 0
   Repacking 247: 15 0
   Repacking 248: 10 0
   Repacking 249: 15 1 0
   Repacking 250: 10 0
   Repacking 251: 15 0
   Repacking 252: 14 0
   Repacking 253: 20 0
   Repacking 254: 19 1 0
   Repacking 255: 15 1 0
   Repacking 256: 15 0
   Repacking 257: 15 0
   Repacking 258: 17 1 0
   Repacking 259: 15 0
   Repacking 260: 13 0
   Repacking 261: 15 1 0
   Repacking 262: 14 0
   Repacking 263: 19 1 0
   Repacking 264: 13 0
   Repacking 265: 15 0
   Repacking 266: 15 0
   Repacking 267: 16 1 0
   Repacking 268: 20 0
   Repacking 269: 16 1 0
   Repacking 270: 19 1 0
   Repacking 271: 15 0
   Repacking 272: 17 1 0
   Repacking 273: 15 0
   Repacking 274: 13 1 0
   Repacking 275: 17 0
   Repacking 276: 15 1 0
   Repacking 277: 13 0
   Repacking 278: 14 0
   Repacking 279: 10 0
   Repacking 280: 13 0
   Repacking 281: 11 1 0
   Repacking 282: 13 1 0
   Repacking 283: 15 1 0
   Repacking 284: 15 0
   Repacking 285: 16 0
   Repacking 286: 17 1 0
   Repacking 287: 10 0
   Repacking 288: 16 0
   Repacking 289: 15 0
   Repacking 290: 13 0
   Repacking 291: 14 0
   Repacking 292: 13 1 0
   Repacking 293: 10 0
   Repacking 294: 16 0
   Repacking 295: 16 1 0
   Repacking 296: 15 0
   Repacking 297: 13 0
   Repacking 298: 16 0
   Repacking 299: 19 0
   Repacking 300: 13 0
   Repacking 301: 10 0
   Repacking 302: 19 0
   Repacking 303: 16 0
   Repacking 304: 17 1 0
   Repacking 305: 19 1 0
   Repacking 306: 11 0
   Repacking 307: 11 0
   Repacking 308: 11 1 0
   Repacking 309: 12 1 0
   Repacking 310: 16 0
   Repacking 311: 11 0
   Repacking 312: 15 1 0
   Repacking 313: 15 0
   Repacking 314: 18 1 0
   Repacking 315: 15 0
   Repacking 316: 19 0
   Repacking 317: 20 0
   Repacking 318: 14 0
   Repacking 319: 11 0
   Repacking 320: 13 0
   Repacking 321: 13 1 0
   Repacking 322: 21 0
   Repacking 323: 16 0
   Repacking 324: 15 1 0
   Repacking 325: 14 0
   Repacking 326: 12 1 0
   Repacking 327: 11 0
   Repacking 328: 21 0
   Repacking 329: 13 0
   Repacking 330: 15 0
   Repacking 331: 14 0
   Repacking 332: 11 1 0
   Repacking 333: 13 0
   Repacking 334: 17 0
   Repacking 335: 11 1 0
   Repacking 336: 17 1 0
   Repacking 337: 22 0
   Repacking 338: 18 0
   Repacking 339: 10 1 0
   Repacking 340: 17 0
   Repacking 341: 14 0
   Repacking 342: 12 0
   Repacking 343: 13 0
   Repacking 344: 17 0
   Repacking 345: 10 0
   Repacking 346: 17 0
   Repacking 347: 14 1 0
   Repacking 348: 18 1 0
   Repacking 349: 12 0
   Repacking 350: 17 0
   Repacking 351: 13 0
   Repacking 352: 17 0
   Repacking 353: 17 1 0
   Repacking 354: 15 1 0
   Repacking 355: 16 0
   Repacking 356: 14 1 0
   Repacking 357: 12 0
   Repacking 358: 11 1 0
   Repacking 359: 11 1 0
   Repacking 360: 18 0
   Repacking 361: 13 0
   Repacking 362: 18 0
   Repacking 363: 16 0
   Repacking 364: 18 0
   Repacking 365: 19 1 0
   Repacking 366: 16 0
   Repacking 367: 16 0
   Repacking 368: 12 0
   Repacking 369: 14 1 0
   Repacking 370: 8 0
   Repacking 371: 18 1 0
   Repacking 372: 10 0
   Repacking 373: 16 0
   Repacking 374: 9 0
   Repacking 375: 15 0
   Repacking 376: 13 0
   Repacking 377: 13 0
   Repacking 378: 12 0
   Repacking 379: 13 0
   Repacking 380: 21 1 0
   Repacking 381: 10 0
   Repacking 382: 12 0
   Repacking 383: 11 0
   Repacking 384: 11 0
   Repacking 385: 17 0
   Repacking 386: 16 1 0
   Repacking 387: 12 1 0
   Repacking 388: 17 0
   Repacking 389: 14 0
   Repacking 390: 13 0
   Repacking 391: 16 0
   Repacking 392: 14 0
   Repacking 393: 14 1 0
   Repacking 394: 19 0
   Repacking 395: 17 0
   Repacking 396: 12 1 0
   Repacking 397: 14 0
   Repacking 398: 15 0
   Repacking 399: 11 0
   Repacking 400: 20 0
   Repacking 401: 16 0
   Repacking 402: 15 0
   Repacking 403: 16 0
   Repacking 404: 12 0
   Repacking 405: 15 1 0
   Repacking 406: 17 1 0
   Repacking 407: 19 0
   Repacking 408: 14 1 0
   Repacking 409: 17 0
   Repacking 410: 17 1 0
   Repacking 411: 21 0
   Repacking 412: 12 1 0
   Repacking 413: 17 0
   Repacking 414: 15 0
   Repacking 415: 11 1 0
   Repacking 416: 19 0
   Repacking 417: 11 1 0
   Repacking 418: 14 0
   Repacking 419: 17 1 0
   Repacking 420: 17 0
   Repacking 421: 10 0
   Repacking 422: 17 0
   Repacking 423: 13 0
   Repacking 424: 18 1 0
   Repacking 425: 13 1 0
   Repacking 426: 9 0
   Repacking 427: 16 1 0
   Repacking 428: 14 0
   Repacking 429: 19 0
   Repacking 430: 14 1 0
   Repacking 431: 11 0
   Repacking 432: 12 0
   Repacking 433: 18 0
   Repacking 434: 11 0
   Repacking 435: 12 0
   Repacking 436: 15 1 0
   Repacking 437: 13 0
   Repacking 438: 17 1 0
   Repacking 439: 15 0
   Repacking 440: 20 1 0
   Repacking 441: 18 1 0
   Repacking 442: 14 0
   Repacking 443: 16 1 0
   Repacking 444: 12 0
   Repacking 445: 14 0
   Repacking 446: 17 0
   Repacking 447: 9 1 0
   Repacking 448: 14 1 0
   Repacking 449: 11 0
   Repacking 450: 13 0
   Repacking 451: 14 0
   Repacking 452: 12 1 0
   Repacking 453: 16 0
   Repacking 454: 22 0
   Repacking 455: 16 0
   Repacking 456: 9 0
   Repacking 457: 16 0
   Repacking 458: 15 0
   Repacking 459: 18 0
   Repacking 460: 17 1 0
   Repacking 461: 13 1 0
   Repacking 462: 11 0
   Repacking 463: 10 0
   Repacking 464: 17 0
   Repacking 465: 17 0
   Repacking 466: 11 0
   Repacking 467: 19 0
   Repacking 468: 12 0
   Repacking 469: 16 0
   Repacking 470: 19 0
   Repacking 471: 14 1 0
   Repacking 472: 15 0
   Repacking 473: 14 1 0
   Repacking 474: 10 0
   Repacking 475: 16 0
   Repacking 476: 17 1 0
   Repacking 477: 16 0
   Repacking 478: 12 1 0
   Repacking 479: 11 0
   Repacking 480: 15 0
   Repacking 481: 15 0
   Repacking 482: 17 1 0
   Repacking 483: 19 0
   Repacking 484: 17 0
   Repacking 485: 13 0
   Repacking 486: 17 0
   Repacking 487: 14 1 0
   Repacking 488: 12 0
   Repacking 489: 15 0
   Repacking 490: 10 0
   Repacking 491: 14 1 0
   Repacking 492: 17 0
   Repacking 493: 13 0
   Repacking 494: 13 1 0
   Repacking 495: 22 0
   Repacking 496: 15 0
   Repacking 497: 19 0
   Repacking 498: 12 0
   Repacking 499: 13 0
   Repacking 500: 10 0
   Repacking 501: 10 0
   Repacking 502: 17 1 0
   Repacking 503: 17 1 0
   Repacking 504: 13 0
   Repacking 505: 10 0
   Repacking 506: 15 0
   Repacking 507: 12 1 0
   Repacking 508: 12 0
   Repacking 509: 18 0
   Repacking 510: 15 0
   Repacking 511: 19 1 0
   Repacking 512: 16 0
   Repacking 513: 10 0
   Repacking 514: 16 1 0
   Repacking 515: 15 0
   Repacking 516: 10 0
   Repacking 517: 12 0
   Repacking 518: 21 0
   Repacking 519: 13 0
   Repacking 520: 17 0
   Repacking 521: 12 0
   Repacking 522: 12 0
   Repacking 523: 12 0
   Repacking 524: 14 0
   Repacking 525: 18 0
   Repacking 526: 11 0
   Repacking 527: 17 0
   Repacking 528: 15 0
   Repacking 529: 15 0
   Repacking 530: 18 0
   Repacking 531: 14 1 0
   Repacking 532: 20 0
   Repacking 533: 15 0
   Repacking 534: 15 0
   Repacking 535: 17 0
   Repacking 536: 17 0
   Repacking 537: 12 1 0
   Repacking 538: 14 1 0
   Repacking 539: 14 0
   Repacking 540: 15 0
   Repacking 541: 14 0
   Repacking 542: 16 0
   Repacking 543: 12 1 0
   Repacking 544: 16 0
   Repacking 545: 14 1 0
   Repacking 546: 12 0
   Repacking 547: 13 0
   Repacking 548: 16 0
   Repacking 549: 15 0
   Repacking 550: 11 0
   Repacking 551: 13 0
   Repacking 552: 11 0
   Repacking 553: 18 0
   Repacking 554: 17 0
   Repacking 555: 12 1 0
   Repacking 556: 18 0
   Repacking 557: 14 0
   Repacking 558: 11 1 0
   Repacking 559: 13 0
   Repacking 560: 13 0
   Repacking 561: 14 0
   Repacking 562: 17 1 0
   Repacking 563: 14 0
   Repacking 564: 12 0
   Repacking 565: 16 1 0
   Repacking 566: 13 0
   Repacking 567: 15 1 0
   Repacking 568: 15 0
   Repacking 569: 19 1 0
   Repacking 570: 18 1 0
   Repacking 571: 10 0
   Repacking 572: 12 1 0
   Repacking 573: 14 0
   Repacking 574: 12 0
   Repacking 575: 14 0
   Repacking 576: 16 0
   Repacking 577: 11 0
   Repacking 578: 10 1 0
   Repacking 579: 11 0
   Repacking 580: 17 0
   Repacking 581: 19 1 0
   Repacking 582: 14 0
   Repacking 583: 17 0
   Repacking 584: 13 0
   Repacking 585: 18 0
   Repacking 586: 14 0
   Repacking 587: 11 0
   Repacking 588: 13 0
   Repacking 589: 19 0
   Repacking 590: 17 0
   Repacking 591: 18 1 0
   Repacking 592: 10 0
   Repacking 593: 16 0
   Repacking 594: 21 0
   Repacking 595: 18 0
   Repacking 596: 12 0
   Repacking 597: 16 0
   Repacking 598: 8 0
   Repacking 599: 15 0
   Repacking 600: 17 1 0
   Repacking 601: 17 0
   Repacking 602: 18 0
   Repacking 603: 14 1 0
   Repacking 604: 11 0
   Repacking 605: 13 1 0
   Repacking 606: 13 0
   Repacking 607: 15 0
   Repacking 608: 20 0
   Repacking 609: 16 1 0
   Repacking 610: 13 0
   Repacking 611: 15 1 0
   Repacking 612: 12 1 0
   Repacking 613: 17 0
   Repacking 614: 12 0
   Repacking 615: 15 1 0
   Repacking 616: 17 0
   Repacking 617: 14 1 0
   Repacking 618: 19 0
   Repacking 619: 18 1 0
   Repacking 620: 15 0
   Repacking 621: 14 0
   Repacking 622: 11 0
   Repacking 623: 13 1 0
   Repacking 624: 14 1 0
   Repacking 625: 11 0
   Repacking 626: 19 0
   Repacking 627: 7 1 0
   Repacking 628: 18 0
   Repacking 629: 18 0
   Repacking 630: 12 0
   Repacking 631: 12 0
   Repacking 632: 15 0
   Repacking 633: 14 0
   Repacking 634: 14 0
   Repacking 635: 16 0
   Repacking 636: 13 0
   Repacking 637: 17 0
   Repacking 638: 17 1 0
   Repacking 639: 13 1 0
   Repacking 640: 22 0
   Repacking 641: 14 0
   Repacking 642: 13 0
   Repacking 643: 12 1 0
   Repacking 644: 17 0
   Repacking 645: 17 0
   Repacking 646: 13 0
   Repacking 647: 11 0
   Repacking 648: 14 1 0
   Repacking 649: 15 0
   Repacking 650: 15 0
   Repacking 651: 18 0
   Repacking 652: 15 0
   Repacking 653: 16 0
   Repacking 654: 11 1 0
   Repacking 655: 16 0
   Repacking 656: 9 0
   Repacking 657: 13 0
   Repacking 658: 15 0
   Repacking 659: 14 0
   Repacking 660: 11 0
   Repacking 661: 15 0
   Repacking 662: 16 0
   Repacking 663: 17 0
   Repacking 664: 15 0
   Repacking 665: 15 0
   Repacking 666: 11 0
   Repacking 667: 13 0
   Repacking 668: 14 0
   Repacking 669: 14 0
   Repacking 670: 17 1 0
   Repacking 671: 18 1 0
   Repacking 672: 17 0
   Repacking 673: 16 0
   Repacking 674: 10 0
   Repacking 675: 16 1 0
   Repacking 676: 10 0
   Repacking 677: 13 0
   Repacking 678: 17 1 0
   Repacking 679: 15 0
   Repacking 680: 13 0
   Repacking 681: 11 0
   Repacking 682: 11 0
   Repacking 683: 19 0
   Repacking 684: 16 0
   Repacking 685: 14 0
   Repacking 686: 21 1 0
   Repacking 687: 12 1 0
   Repacking 688: 19 1 0
   Repacking 689: 15 1 0
   Repacking 690: 18 0
   Repacking 691: 17 0
   Repacking 692: 16 1 0
   Repacking 693: 18 0
   Repacking 694: 16 0
   Repacking 695: 13 1 0
   Repacking 696: 19 0
   Repacking 697: 18 0
   Repacking 698: 13 0
   Repacking 699: 14 0
   Repacking 700: 11 0
   Repacking 701: 15 0
   Repacking 702: 12 1 0
   Repacking 703: 17 1 0
   Repacking 704: 15 1 0
   Repacking 705: 13 1 0
   Repacking 706: 14 0
   Repacking 707: 12 0
   Repacking 708: 20 1 0
   Repacking 709: 18 1 0
   Repacking 710: 19 0
   Repacking 711: 20 0
   Repacking 712: 16 1 0
   Repacking 713: 12 0
   Repacking 714: 11 1 0
   Repacking 715: 14 0
   Repacking 716: 19 1 0
   Repacking 717: 22 1 0
   Repacking 718: 18 0
   Repacking 719: 18 0
   Repacking 720: 16 0
   Repacking 721: 17 0
   Repacking 722: 20 0
   Repacking 723: 13 0
   Repacking 724: 18 1 0
   Repacking 725: 18 1 0
   Repacking 726: 17 0
   Repacking 727: 20 0
   Repacking 728: 15 0
   Repacking 729: 16 1 0
   Repacking 730: 19 1 0
   Repacking 731: 13 0
   Repacking 732: 13 0
   Repacking 733: 23 0
   Repacking 734: 12 0
   Repacking 735: 13 0
   Repacking 736: 18 1 0
   Repacking 737: 16 0
   Repacking 738: 15 0
   Repacking 739: 15 0
   Repacking 740: 13 1 0
   Repacking 741: 18 0
   Repacking 742: 14 0
   Repacking 743: 12 0
   Repacking 744: 17 0
   Repacking 745: 14 0
   Repacking 746: 16 1 0
   Repacking 747: 15 0
   Repacking 748: 21 0
   Repacking 749: 17 0
   Repacking 750: 10 1 0
   Repacking 751: 11 1 0
   Repacking 752: 10 1 0
   Repacking 753: 15 0
   Repacking 754: 16 0
   Repacking 755: 15 0
   Repacking 756: 20 0
   Repacking 757: 12 1 0
   Repacking 758: 14 1 0
   Repacking 759: 17 1 0
   Repacking 760: 13 0
   Repacking 761: 12 0
   Repacking 762: 13 0
   Repacking 763: 15 1 0
   Repacking 764: 15 1 0
   Repacking 765: 21 0
   Repacking 766: 16 0
   Repacking 767: 17 1 0
   Repacking 768: 14 1 0
   Repacking 769: 18 0
   Repacking 770: 12 0
   Repacking 771: 17 0
   Repacking 772: 18 0
   Repacking 773: 14 0
   Repacking 774: 17 0
   Repacking 775: 10 0
   Repacking 776: 14 0
   Repacking 777: 14 0
   Repacking 778: 19 1 0
   Repacking 779: 13 0
   Repacking 780: 15 0
   Repacking 781: 14 0
   Repacking 782: 12 1 0
   Repacking 783: 19 1 0
   Repacking 784: 19 0
   Repacking 785: 12 0
   Repacking 786: 11 0
   Repacking 787: 10 0
   Repacking 788: 10 0
   Repacking 789: 18 0
   Repacking 790: 14 0
   Repacking 791: 12 0
   Repacking 792: 14 0
   Repacking 793: 14 0
   Repacking 794: 17 0
   Repacking 795: 13 1 0
   Repacking 796: 15 0
   Repacking 797: 16 0
   Repacking 798: 14 0
   Repacking 799: 15 0
   Repacking 800: 15 0
   Repacking 801: 17 1 0
   Repacking 802: 9 0
   Repacking 803: 11 0
   Repacking 804: 20 1 0
   Repacking 805: 13 0
   Repacking 806: 16 0
   Repacking 807: 13 1 0
   Repacking 808: 14 0
   Repacking 809: 20 1 0
   Repacking 810: 15 0
   Repacking 811: 15 0
   Repacking 812: 19 0
   Repacking 813: 13 0
   Repacking 814: 15 1 0
   Repacking 815: 16 0
   Repacking 816: 11 0
   Repacking 817: 15 1 0
   Repacking 818: 17 1 0
   Repacking 819: 13 1 0
   Repacking 820: 15 0
   Repacking 821: 12 0
   Repacking 822: 9 0
   Repacking 823: 16 0
   Repacking 824: 17 0
   Repacking 825: 17 1 0
   Repacking 826: 17 0
   Repacking 827: 11 0
   Repacking 828: 17 1 0
   Repacking 829: 15 0
   Repacking 830: 14 1 0
   Repacking 831: 15 0
   Repacking 832: 17 0
   Repacking 833: 20 1 0
   Repacking 834: 16 0
   Repacking 835: 13 1 0
   Repacking 836: 16 0
   Repacking 837: 18 1 0
   Repacking 838: 18 0
   Repacking 839: 13 1 0
   Repacking 840: 13 0
   Repacking 841: 13 0
   Repacking 842: 15 1 0
   Repacking 843: 16 0
   Repacking 844: 14 0
   Repacking 845: 13 1 0
   Repacking 846: 19 1 0
   Repacking 847: 13 0
   Repacking 848: 16 0
   Repacking 849: 14 0
   Repacking 850: 14 0
   Repacking 851: 18 1 0
   Repacking 852: 15 0
   Repacking 853: 12 0
   Repacking 854: 18 0
   Repacking 855: 14 0
   Repacking 856: 17 1 0
   Repacking 857: 16 0
   Repacking 858: 12 1 0
   Repacking 859: 13 0
   Repacking 860: 13 0
   Repacking 861: 18 1 0
   Repacking 862: 14 1 0
   Repacking 863: 15 1 0
   Repacking 864: 19 0
   Repacking 865: 18 1 0
   Repacking 866: 20 0
   Repacking 867: 13 0
   Repacking 868: 14 1 0
   Repacking 869: 13 0
   Repacking 870: 16 0
   Repacking 871: 10 0
   Repacking 872: 17 0
   Repacking 873: 12 0
   Repacking 874: 13 0
   Repacking 875: 8 0
   Repacking 876: 15 0
   Repacking 877: 16 0
   Repacking 878: 13 0
   Repacking 879: 13 0
   Repacking 880: 14 0
   Repacking 881: 16 0
   Repacking 882: 11 1 0
   Repacking 883: 16 0
   Repacking 884: 12 1 0
   Repacking 885: 16 1 0
   Repacking 886: 13 0
   Repacking 887: 15 0
   Repacking 888: 13 0
   Repacking 889: 19 0
   Repacking 890: 18 0
   Repacking 891: 17 0
   Repacking 892: 13 1 0
   Repacking 893: 17 1 0
   Repacking 894: 12 0
   Repacking 895: 14 0
   Repacking 896: 16 0
   Repacking 897: 14 0
   Repacking 898: 10 0
   Repacking 899: 12 0
   Repacking 900: 10 0
   Repacking 901: 18 0
   Repacking 902: 16 0
   Repacking 903: 12 0
   Repacking 904: 19 0
   Repacking 905: 17 0
   Repacking 906: 10 0
   Repacking 907: 11 0
   Repacking 908: 14 0
   Repacking 909: 12 0
   Repacking 910: 18 0
   Repacking 911: 16 1 0
   Repacking 912: 15 0
   Repacking 913: 14 1 0
   Repacking 914: 16 0
   Repacking 915: 17 0
   Repacking 916: 14 1 0
   Repacking 917: 11 1 0
   Repacking 918: 19 1 0
   Repacking 919: 15 0
   Repacking 920: 15 0
   Repacking 921: 12 0
   Repacking 922: 12 0
   Repacking 923: 13 0
   Repacking 924: 10 0
   Repacking 925: 14 0
   Repacking 926: 20 0
   Repacking 927: 13 0
   Repacking 928: 24 0
   Repacking 929: 16 0
   Repacking 930: 13 1 0
   Repacking 931: 11 0
   Repacking 932: 13 1 0
   Repacking 933: 16 0
   Repacking 934: 14 1 0
   Repacking 935: 17 0
   Repacking 936: 15 1 0
   Repacking 937: 15 0
   Repacking 938: 16 1 0
   Repacking 939: 12 0
   Repacking 940: 15 1 0
   Repacking 941: 13 0
   Repacking 942: 16 1 0
   Repacking 943: 10 0
   Repacking 944: 20 0
   Repacking 945: 20 0
   Repacking 946: 16 0
   Repacking 947: 15 0
   Repacking 948: 14 0
   Repacking 949: 17 0
   Repacking 950: 16 0
   Repacking 951: 16 0
   Repacking 952: 11 0
   Repacking 953: 11 0
   Repacking 954: 18 1 0
   Repacking 955: 15 0
   Repacking 956: 15 0
   Repacking 957: 17 1 0
   Repacking 958: 12 0
   Repacking 959: 15 0
   Repacking 960: 19 0
   Repacking 961: 15 1 0
   Repacking 962: 15 0
   Repacking 963: 19 0
   Repacking 964: 17 0
   Repacking 965: 14 0
   Repacking 966: 19 1 0
   Repacking 967: 17 0
   Repacking 968: 19 0
   Repacking 969: 16 0
   Repacking 970: 13 1 0
   Repacking 971: 15 0
   Repacking 972: 11 0
   Repacking 973: 17 0
   Repacking 974: 20 0
   Repacking 975: 17 1 0
   Repacking 976: 13 0
   Repacking 977: 15 0
   Repacking 978: 13 0
   Repacking 979: 8 0
   Repacking 980: 16 1 0
   Repacking 981: 19 0
   Repacking 982: 16 0
   Repacking 983: 14 0
   Repacking 984: 12 0
   Repacking 985: 15 0
   Repacking 986: 16 0
   Repacking 987: 13 0
   Repacking 988: 18 0
   Repacking 989: 14 1 0
   Repacking 990: 13 0
   Repacking 991: 15 0
   Repacking 992: 15 1 0
   Repacking 993: 11 0
   Repacking 994: 12 0
   Repacking 995: 15 0
   Repacking 996: 18 0
   Repacking 997: 15 0
   Repacking 998: 21 0
   Repacking 999: 12 1 0
   Repacking 1000: 12 0
   Repacking 1001: 19 0
   Repacking 1002: 16 0
   Repacking 1003: 18 1 0
   Repacking 1004: 15 0
   Repacking 1005: 14 0
   Repacking 1006: 16 0
   Repacking 1007: 15 0
   Repacking 1008: 19 0
   Repacking 1009: 18 0
   Repacking 1010: 21 0
   Repacking 1011: 15 0
   Repacking 1012: 17 0
   Repacking 1013: 16 0
   Repacking 1014: 16 1 0
   Repacking 1015: 14 0
   Repacking 1016: 17 0
   Repacking 1017: 10 0
   Repacking 1018: 20 1 0
   Repacking 1019: 16 1 0
   Repacking 1020: 19 1 0
   Repacking 1021: 15 0
   Repacking 1022: 14 0
   Repacking 1023: 14 0
   Repacking 1024: 18 1 0
   Repacking 1025: 13 0
   Repacking 1026: 11 0
   Repacking 1027: 19 0
   Repacking 1028: 15 0
   Repacking 1029: 10 0
   Repacking 1030: 14 0
   Repacking 1031: 14 1 0
   Repacking 1032: 16 0
   Repacking 1033: 18 0
   Repacking 1034: 18 0
   Repacking 1035: 14 0
   Repacking 1036: 10 0
   Repacking 1037: 15 0
   Repacking 1038: 13 0
   Repacking 1039: 15 1 0
   Repacking 1040: 16 0
   Repacking 1041: 15 0
   Repacking 1042: 18 0
   Repacking 1043: 18 0
   Repacking 1044: 15 0
   Repacking 1045: 16 0
   Repacking 1046: 17 0
   Repacking 1047: 11 0
   Repacking 1048: 17 0
   Repacking 1049: 20 0
   Repacking 1050: 16 0
   Repacking 1051: 16 1 0
   Repacking 1052: 17 0
   Repacking 1053: 19 0
   Repacking 1054: 14 1 0
   Repacking 1055: 13 1 0
   Repacking 1056: 13 0
   Repacking 1057: 15 0
   Repacking 1058: 13 0
   Repacking 1059: 20 1 0
   Repacking 1060: 13 0
   Repacking 1061: 17 0
   Repacking 1062: 9 1 0
   Repacking 1063: 15 0
   Repacking 1064: 15 0
   Repacking 1065: 16 0
   Repacking 1066: 15 1 0
   Repacking 1067: 14 0
   Repacking 1068: 12 0
   Repacking 1069: 14 0
   Repacking 1070: 13 1 0
   Repacking 1071: 15 0
   Repacking 1072: 15 0
   Repacking 1073: 15 0
   Repacking 1074: 13 0
   Repacking 1075: 16 0
   Repacking 1076: 11 0
   Repacking 1077: 18 0
   Repacking 1078: 15 0
   Repacking 1079: 12 1 0
   Repacking 1080: 12 0
   Repacking 1081: 17 0
   Repacking 1082: 9 0
   Repacking 1083: 15 0
   Repacking 1084: 12 1 0
   Repacking 1085: 14 0
   Repacking 1086: 10 0
   Repacking 1087: 15 0
   Repacking 1088: 13 0
   Repacking 1089: 11 0
   Repacking 1090: 13 0
   Repacking 1091: 21 1 0
   Repacking 1092: 7 0
   Repacking 1093: 14 0
   Repacking 1094: 17 0
   Repacking 1095: 16 1 0
   Repacking 1096: 11 1 0
   Repacking 1097: 20 0
   Repacking 1098: 16 0
   Repacking 1099: 16 1 0
   Repacking 1100: 11 0
   Repacking 1101: 18 1 0
   Repacking 1102: 10 0
   Repacking 1103: 13 0
   Repacking 1104: 17 1 0
   Repacking 1105: 18 0
   Repacking 1106: 12 0
   Repacking 1107: 16 0
   Repacking 1108: 18 1 0
   Repacking 1109: 16 0
   Repacking 1110: 13 0
   Repacking 1111: 13 0
   Repacking 1112: 11 0
   Repacking 1113: 17 0
   Repacking 1114: 11 0
   Repacking 1115: 14 0
   Repacking 1116: 10 0
   Repacking 1117: 17 0
   Repacking 1118: 16 1 0
   Repacking 1119: 17 0
   Repacking 1120: 16 0
   Repacking 1121: 18 0
   Repacking 1122: 21 0
   Repacking 1123: 18 0
   Repacking 1124: 15 0
   Repacking 1125: 16 0
   Repacking 1126: 11 0
   Repacking 1127: 13 1 0
   Repacking 1128: 16 1 0
   Repacking 1129: 14 1 0
   Repacking 1130: 11 0
   Repacking 1131: 15 0
   Repacking 1132: 13 0
   Repacking 1133: 17 1 0
   Repacking 1134: 17 0
   Repacking 1135: 17 0
   Repacking 1136: 14 0
   Repacking 1137: 12 0
   Repacking 1138: 15 0
   Repacking 1139: 14 0
   Repacking 1140: 12 0
   Repacking 1141: 15 0
   Repacking 1142: 17 1 0
   Repacking 1143: 20 0
   Repacking 1144: 13 0
   Repacking 1145: 9 0
   Repacking 1146: 19 0
   Repacking 1147: 14 1 0
   Repacking 1148: 16 0
   Repacking 1149: 17 1 0
   Repacking 1150: 10 0
   Repacking 1151: 15 0
   Repacking 1152: 15 0
   Repacking 1153: 19 0
   Repacking 1154: 18 0
   Repacking 1155: 15 0
   Repacking 1156: 12 0
   Repacking 1157: 14 0
   Repacking 1158: 12 0
   Repacking 1159: 18 0
   Repacking 1160: 19 0
   Repacking 1161: 10 0
   Repacking 1162: 16 0
   Repacking 1163: 15 0
   Repacking 1164: 10 1 0
   Repacking 1165: 11 0
   Repacking 1166: 16 0
   Repacking 1167: 12 0
   Repacking 1168: 12 1 0
   Repacking 1169: 11 1 0
   Repacking 1170: 18 1 0
   Repacking 1171: 13 0
   Repacking 1172: 14 0
   Repacking 1173: 19 0
   Repacking 1174: 15 0
   Repacking 1175: 13 0
   Repacking 1176: 15 0
   Repacking 1177: 14 0
   Repacking 1178: 12 1 0
   Repacking 1179: 9 0
   Repacking 1180: 14 1 0
   Repacking 1181: 13 1 0
   Repacking 1182: 16 0
   Repacking 1183: 12 0
   Repacking 1184: 14 1 0
   Repacking 1185: 14 0
   Repacking 1186: 17 0
   Repacking 1187: 15 1 0
   Repacking 1188: 15 0
   Repacking 1189: 13 0
   Repacking 1190: 17 0
   Repacking 1191: 17 0
   Repacking 1192: 13 1 0
   Repacking 1193: 14 1 0
   Repacking 1194: 15 0
   Repacking 1195: 14 0
   Repacking 1196: 16 0
   Repacking 1197: 16 1 0
   Repacking 1198: 15 1 0
   Repacking 1199: 15 1 0
   Repacking 1200: 15 1 0
   Repacking 1201: 11 0
   Repacking 1202: 15 0
   Repacking 1203: 17 0
   Repacking 1204: 18 0
   Repacking 1205: 13 0
   Repacking 1206: 15 1 0
   Repacking 1207: 14 0
   Repacking 1208: 15 1 0
   Repacking 1209: 11 0
   Repacking 1210: 13 0
   Repacking 1211: 16 0
   Repacking 1212: 21 0
   Repacking 1213: 7 0
   Repacking 1214: 14 0
   Repacking 1215: 15 0
   Repacking 1216: 13 1 0
   Repacking 1217: 13 1 0
   Repacking 1218: 12 1 0
   Repacking 1219: 15 0
   Repacking 1220: 13 0
   Repacking 1221: 12 1 0
   Repacking 1222: 17 0
   Repacking 1223: 16 0
   Repacking 1224: 17 0
   Repacking 1225: 18 0
   Repacking 1226: 14 0
   Repacking 1227: 17 0
   Repacking 1228: 16 0
   Repacking 1229: 13 0
   Repacking 1230: 10 1 0
   Repacking 1231: 18 1 0
   Repacking 1232: 15 0
   Repacking 1233: 11 0
   Repacking 1234: 14 0
   Repacking 1235: 15 1 0
   Repacking 1236: 17 1 0
   Repacking 1237: 12 1 0
   Repacking 1238: 9 1 0
   Repacking 1239: 13 0
   Repacking 1240: 10 0
   Repacking 1241: 19 0
   Repacking 1242: 14 0
   Repacking 1243: 16 1 0
   Repacking 1244: 11 1 0
   Repacking 1245: 11 0
   Repacking 1246: 19 0
   Repacking 1247: 18 0
   Repacking 1248: 13 1 0
   Repacking 1249: 15 1 0
   Repacking 1250: 13 0
   Repacking 1251: 18 0
   Repacking 1252: 14 0
   Repacking 1253: 13 0
   Repacking 1254: 16 0
   Repacking 1255: 15 0
   Repacking 1256: 13 0
   Repacking 1257: 13 0
   Repacking 1258: 14 0
   Repacking 1259: 17 0
   Repacking 1260: 13 0
   Repacking 1261: 16 1 0
   Repacking 1262: 14 0
   Repacking 1263: 12 0
   Repacking 1264: 15 0
   Repacking 1265: 11 0
   Repacking 1266: 10 0
   Repacking 1267: 17 0
   Repacking 1268: 14 1 0
   Repacking 1269: 13 0
   Repacking 1270: 16 0
   Repacking 1271: 13 0
   Repacking 1272: 14 0
   Repacking 1273: 9 0
   Repacking 1274: 13 0
   Repacking 1275: 17 0
   Repacking 1276: 16 0
   Repacking 1277: 11 0
   Repacking 1278: 13 0
   Repacking 1279: 13 0
   Repacking 1280: 13 0
   Repacking 1281: 15 0
   Repacking 1282: 15 0
   Repacking 1283: 9 0
   Repacking 1284: 19 0
   Repacking 1285: 15 1 0
   Repacking 1286: 15 0
   Repacking 1287: 12 0
   Repacking 1288: 18 0
   Repacking 1289: 13 0
   Repacking 1290: 13 0
   Repacking 1291: 16 0
   Repacking 1292: 14 1 0
   Repacking 1293: 15 1 0
   Repacking 1294: 14 0
   Repacking 1295: 14 1 0
   Repacking 1296: 12 0
   Repacking 1297: 15 0
   Repacking 1298: 16 0
   Repacking 1299: 14 0
   Repacking 1300: 12 0
   Repacking 1301: 18 0
   Repacking 1302: 17 0
   Repacking 1303: 12 0
   Repacking 1304: 14 0
   Repacking 1305: 21 0
   Repacking 1306: 17 0
   Repacking 1307: 15 0
   Repacking 1308: 16 0
   Repacking 1309: 15 0
   Repacking 1310: 13 0
   Repacking 1311: 11 0
   Repacking 1312: 19 0
   Repacking 1313: 13 0
   Repacking 1314: 12 0
   Repacking 1315: 24 1 0
   Repacking 1316: 18 1 0
   Repacking 1317: 17 0
   Repacking 1318: 13 0
   Repacking 1319: 15 1 0
   Repacking 1320: 13 0
   Repacking 1321: 14 0
   Repacking 1322: 13 0
   Repacking 1323: 11 0
   Repacking 1324: 12 0
   Repacking 1325: 18 1 0
   Repacking 1326: 16 1 0
   Repacking 1327: 16 0
   Repacking 1328: 14 1 0
   Repacking 1329: 15 0
   Repacking 1330: 16 0
   Repacking 1331: 20 0
   Repacking 1332: 15 0
   Repacking 1333: 11 1 0
   Repacking 1334: 16 0
   Repacking 1335: 18 0
   Repacking 1336: 17 0
   Repacking 1337: 13 0
   Repacking 1338: 17 1 0
   Repacking 1339: 18 0
   Repacking 1340: 15 0
   Repacking 1341: 12 1 0
   Repacking 1342: 13 1 0
   Repacking 1343: 18 0
   Repacking 1344: 11 0
   Repacking 1345: 12 1 0
   Repacking 1346: 13 0
   Repacking 1347: 19 0
   Repacking 1348: 23 0
   Repacking 1349: 11 0
   Repacking 1350: 13 0
   Repacking 1351: 13 1 0
   Repacking 1352: 17 0
   Repacking 1353: 13 0
   Repacking 1354: 12 0
   Repacking 1355: 14 0
   Repacking 1356: 18 0
   Repacking 1357: 12 0
   Repacking 1358: 18 1 0
   Repacking 1359: 17 0
   Repacking 1360: 12 0
   Repacking 1361: 14 0
   Repacking 1362: 15 0
   Repacking 1363: 11 0
   Repacking 1364: 14 0
   Repacking 1365: 14 0
   Repacking 1366: 8 0
   Repacking 1367: 12 0
   Repacking 1368: 16 0
   Repacking 1369: 9 1 0
   Repacking 1370: 17 0
   Repacking 1371: 13 1 0
   Repacking 1372: 13 1 0
   Repacking 1373: 19 1 0
   Repacking 1374: 9 0
   Repacking 1375: 20 0
   Repacking 1376: 17 1 0
   Repacking 1377: 12 1 0
   Repacking 1378: 16 0
   Repacking 1379: 13 0
   Repacking 1380: 12 0
   Repacking 1381: 14 0
   Repacking 1382: 20 0
   Repacking 1383: 15 0
   Repacking 1384: 14 0
   Repacking 1385: 15 0
   Repacking 1386: 17 0
   Repacking 1387: 14 1 0
   Repacking 1388: 11 0
   Repacking 1389: 16 1 0
   Repacking 1390: 10 0
   Repacking 1391: 15 0
   Repacking 1392: 17 0
   Repacking 1393: 14 0
   Repacking 1394: 7 0
   Repacking 1395: 17 0
   Repacking 1396: 15 1 0
   Repacking 1397: 11 0
   Repacking 1398: 14 1 0
   Repacking 1399: 12 1 0
   Repacking 1400: 14 0
   Repacking 1401: 14 1 0
   Repacking 1402: 12 0
   Repacking 1403: 17 0
   Repacking 1404: 20 1 0
   Repacking 1405: 14 1 0
   Repacking 1406: 14 0
   Repacking 1407: 15 0
   Repacking 1408: 20 0
   Repacking 1409: 13 0
   Repacking 1410: 13 0
   Repacking 1411: 18 1 0
   Repacking 1412: 18 1 0
   Repacking 1413: 15 0
   Repacking 1414: 12 0
   Repacking 1415: 9 0
   Repacking 1416: 16 0
   Repacking 1417: 17 0
   Repacking 1418: 12 1 0
   Repacking 1419: 9 0
   Repacking 1420: 12 0
   Repacking 1421: 16 0
   Repacking 1422: 14 0
   Repacking 1423: 12 1 0
   Repacking 1424: 13 0
   Repacking 1425: 14 0
   Repacking 1426: 12 0
   Repacking 1427: 15 0
   Repacking 1428: 15 0
   Repacking 1429: 16 0
   Repacking 1430: 16 1 0
   Repacking 1431: 13 0
   Repacking 1432: 13 0
   Repacking 1433: 14 0
   Repacking 1434: 16 0
   Repacking 1435: 18 0
   Repacking 1436: 19 1 0
   Repacking 1437: 16 1 0
   Repacking 1438: 17 0
   Repacking 1439: 16 0
   Repacking 1440: 15 0
   Repacking 1441: 15 0
   Repacking 1442: 9 1 0
   Repacking 1443: 15 0
   Repacking 1444: 16 0
   Repacking 1445: 14 0
   Repacking 1446: 17 0
   Repacking 1447: 14 0
   Repacking 1448: 13 0
   Repacking 1449: 11 0
   Repacking 1450: 17 1 0
   Repacking 1451: 15 1 0
   Repacking 1452: 10 0
   Repacking 1453: 7 0
   Repacking 1454: 8 0
   Repacking 1455: 17 0
   Repacking 1456: 21 0
   Repacking 1457: 19 1 0
   Repacking 1458: 19 0
   Repacking 1459: 17 0
   Repacking 1460: 14 1 0
   Repacking 1461: 14 0
   Repacking 1462: 14 0
   Repacking 1463: 14 0
   Repacking 1464: 18 0
   Repacking 1465: 15 1 0
   Repacking 1466: 19 0
   Repacking 1467: 15 1 0
   Repacking 1468: 14 0
   Repacking 1469: 10 1 0
   Repacking 1470: 14 0
   Repacking 1471: 11 0
   Repacking 1472: 14 1 0
   Repacking 1473: 14 0
   Repacking 1474: 11 0
   Repacking 1475: 16 0
   Repacking 1476: 17 1 0
   Repacking 1477: 14 1 0
   Repacking 1478: 17 0
   Repacking 1479: 15 1 0
   Repacking 1480: 13 0
   Repacking 1481: 13 0
   Repacking 1482: 23 1 0
   Repacking 1483: 18 0
   Repacking 1484: 14 0
   Repacking 1485: 14 0
   Repacking 1486: 15 0
   Repacking 1487: 17 0
   Repacking 1488: 15 0
   Repacking 1489: 20 1 0
   Repacking 1490: 18 0
   Repacking 1491: 16 0
   Repacking 1492: 17 1 0
   Repacking 1493: 19 0
   Repacking 1494: 20 0
   Repacking 1495: 16 1 0
   Repacking 1496: 17 0
   Repacking 1497: 9 0
   Repacking 1498: 12 0
   Repacking 1499: 13 1 0
   Repacking 1500: 17 0
   Repacking 1501: 14 0
   Repacking 1502: 17 0
   Repacking 1503: 21 0
   Repacking 1504: 15 1 0
   Repacking 1505: 12 0
   Repacking 1506: 13 1 0
   Repacking 1507: 16 1 0
   Repacking 1508: 14 0
   Repacking 1509: 11 0
   Repacking 1510: 13 1 0
   Repacking 1511: 11 0
   Repacking 1512: 12 0
   Repacking 1513: 19 1 0
   Repacking 1514: 20 0
   Repacking 1515: 19 0
   Repacking 1516: 16 0
   Repacking 1517: 19 1 0
   Repacking 1518: 11 0
   Repacking 1519: 13 0
   Repacking 1520: 17 0
   Repacking 1521: 13 0
   Repacking 1522: 17 0
   Repacking 1523: 19 1 0
   Repacking 1524: 16 0
   Repacking 1525: 13 0
   Repacking 1526: 10 0
   Repacking 1527: 20 1 0
   Repacking 1528: 17 0
   Repacking 1529: 16 1 0
   Repacking 1530: 13 0
   Repacking 1531: 16 0
   Repacking 1532: 14 0
   Repacking 1533: 14 1 0
   Repacking 1534: 14 0
   Repacking 1535: 10 0
   Repacking 1536: 11 1 0
   Repacking 1537: 16 0
   Repacking 1538: 12 0
   Repacking 1539: 16 0
   Repacking 1540: 14 0
   Repacking 1541: 10 0
   Repacking 1542: 9 0
   Repacking 1543: 12 1 0
   Repacking 1544: 12 1 0
   Repacking 1545: 14 0
   Repacking 1546: 12 1 0
   Repacking 1547: 18 0
   Repacking 1548: 14 1 0
   Repacking 1549: 13 0
   Repacking 1550: 17 0
   Repacking 1551: 12 0
   Repacking 1552: 14 1 0
   Repacking 1553: 13 1 0
   Repacking 1554: 16 0
   Repacking 1555: 16 0
   Repacking 1556: 11 0
   Repacking 1557: 18 1 0
   Repacking 1558: 19 0
   Repacking 1559: 17 0
   Repacking 1560: 19 1 0
   Repacking 1561: 14 1 0
   Repacking 1562: 14 0
   Repacking 1563: 14 0
   Repacking 1564: 13 0
   Repacking 1565: 15 0
   Repacking 1566: 16 0
   Repacking 1567: 11 0
   Repacking 1568: 17 0
   Repacking 1569: 15 0
   Repacking 1570: 11 0
   Repacking 1571: 13 0
   Repacking 1572: 18 0
   Repacking 1573: 14 0
   Repacking 1574: 16 0
   Repacking 1575: 14 1 0
   Repacking 1576: 9 0
   Repacking 1577: 13 0
   Repacking 1578: 18 0
   Repacking 1579: 14 0
   Repacking 1580: 16 1 0
   Repacking 1581: 16 0
   Repacking 1582: 15 1 0
   Repacking 1583: 14 0
   Repacking 1584: 16 1 0
   Repacking 1585: 20 1 0
   Repacking 1586: 13 1 0
   Repacking 1587: 17 0
   Repacking 1588: 11 1 0
   Repacking 1589: 13 0
   Repacking 1590: 16 0
   Repacking 1591: 14 1 0
   Repacking 1592: 12 0
   Repacking 1593: 10 0
   Repacking 1594: 11 0
   Repacking 1595: 16 0
   Repacking 1596: 16 0
   Repacking 1597: 16 0
   Repacking 1598: 16 0
   Repacking 1599: 16 1 0
   Repacking 1600: 14 0
   Repacking 1601: 17 0
   Repacking 1602: 14 0
   Repacking 1603: 13 0
   Repacking 1604: 17 0
   Repacking 1605: 18 0
   Repacking 1606: 13 0
   Repacking 1607: 17 0
   Repacking 1608: 12 0
   Repacking 1609: 19 0
   Repacking 1610: 14 1 0
   Repacking 1611: 9 1 0
   Repacking 1612: 10 0
   Repacking 1613: 16 0
   Repacking 1614: 12 0
   Repacking 1615: 14 1 0
   Repacking 1616: 16 0
   Repacking 1617: 16 0
   Repacking 1618: 15 0
   Repacking 1619: 20 0
   Repacking 1620: 11 0
   Repacking 1621: 16 0
   Repacking 1622: 9 0
   Repacking 1623: 16 0
   Repacking 1624: 20 0
   Repacking 1625: 7 0
   Repacking 1626: 21 1 0
   Repacking 1627: 14 0
   Repacking 1628: 13 1 0
   Repacking 1629: 15 1 0
   Repacking 1630: 17 0
   Repacking 1631: 13 1 0
   Repacking 1632: 16 1 0
   Repacking 1633: 16 0
   Repacking 1634: 21 0
   Repacking 1635: 15 0
   Repacking 1636: 10 0
   Repacking 1637: 15 0
   Repacking 1638: 18 0
   Repacking 1639: 11 1 0
   Repacking 1640: 15 0
   Repacking 1641: 18 0
   Repacking 1642: 18 0
   Repacking 1643: 16 1 0
   Repacking 1644: 14 1 0
   Repacking 1645: 11 1 0
   Repacking 1646: 13 0
   Repacking 1647: 11 0
   Repacking 1648: 13 0
   Repacking 1649: 14 0
   Repacking 1650: 14 1 0
   Repacking 1651: 15 0
   Repacking 1652: 12 0
   Repacking 1653: 17 0
   Repacking 1654: 14 0
   Repacking 1655: 16 1 0
   Repacking 1656: 16 0
   Repacking 1657: 14 1 0
   Repacking 1658: 13 0
   Repacking 1659: 14 0
   Repacking 1660: 18 1 0
   Repacking 1661: 15 0
   Repacking 1662: 13 0
   Repacking 1663: 14 1 0
   Repacking 1664: 13 0
   Repacking 1665: 16 0
   Repacking 1666: 14 0
   Repacking 1667: 14 1 0
   Repacking 1668: 17 0
   Repacking 1669: 17 0
   Repacking 1670: 16 0
   Repacking 1671: 14 0
   Repacking 1672: 12 0
   Repacking 1673: 21 0
   Repacking 1674: 16 0
   Repacking 1675: 17 0
   Repacking 1676: 15 0
   Repacking 1677: 22 1 0
   Repacking 1678: 11 1 0
   Repacking 1679: 15 0
   Repacking 1680: 13 1 0
   Repacking 1681: 15 0
   Repacking 1682: 18 0
   Repacking 1683: 18 0
   Repacking 1684: 15 0
   Repacking 1685: 14 0
   Repacking 1686: 13 0
   Repacking 1687: 8 0
   Repacking 1688: 18 0
   Repacking 1689: 21 0
   Repacking 1690: 14 0
   Repacking 1691: 15 0
   Repacking 1692: 18 0
   Repacking 1693: 15 1 0
   Repacking 1694: 14 1 0
   Repacking 1695: 16 1 0
   Repacking 1696: 14 0
   Repacking 1697: 16 0
   Repacking 1698: 18 0
   Repacking 1699: 15 1 0
   Repacking 1700: 11 1 0
   Repacking 1701: 20 0
   Repacking 1702: 15 0
   Repacking 1703: 12 1 0
   Repacking 1704: 19 0
   Repacking 1705: 10 0
   Repacking 1706: 11 0
   Repacking 1707: 21 0
   Repacking 1708: 15 0
   Repacking 1709: 16 1 0
   Repacking 1710: 19 0
   Repacking 1711: 12 0
   Repacking 1712: 16 0
   Repacking 1713: 11 0
   Repacking 1714: 14 1 0
   Repacking 1715: 20 0
   Repacking 1716: 13 1 0
   Repacking 1717: 15 0
   Repacking 1718: 17 0
   Repacking 1719: 13 0
   Repacking 1720: 12 0
   Repacking 1721: 11 0
   Repacking 1722: 13 0
   Repacking 1723: 11 0
   Repacking 1724: 15 0
   Repacking 1725: 13 0
   Repacking 1726: 15 1 0
   Repacking 1727: 16 0
   Repacking 1728: 13 0
   Repacking 1729: 20 0
   Repacking 1730: 9 0
   Repacking 1731: 16 1 0
   Repacking 1732: 11 0
   Repacking 1733: 14 0
   Repacking 1734: 16 1 0
   Repacking 1735: 19 0
   Repacking 1736: 13 0
   Repacking 1737: 13 1 0
   Repacking 1738: 15 1 0
   Repacking 1739: 19 0
   Repacking 1740: 13 1 0
   Repacking 1741: 14 0
   Repacking 1742: 14 0
   Repacking 1743: 16 0
   Repacking 1744: 12 0
   Repacking 1745: 19 1 0
   Repacking 1746: 13 1 0
   Repacking 1747: 14 0
   Repacking 1748: 13 0
   Repacking 1749: 10 0
   Repacking 1750: 17 1 0
   Repacking 1751: 20 0
   Repacking 1752: 16 0
   Repacking 1753: 13 0
   Repacking 1754: 12 0
   Repacking 1755: 20 0
   Repacking 1756: 14 0
   Repacking 1757: 21 0
   Repacking 1758: 13 0
   Repacking 1759: 14 0
   Repacking 1760: 16 1 0
   Repacking 1761: 12 1 0
   Repacking 1762: 14 0
   Repacking 1763: 19 1 0
   Repacking 1764: 21 0
   Repacking 1765: 15 0
   Repacking 1766: 13 0
   Repacking 1767: 9 0
   Repacking 1768: 14 1 0
   Repacking 1769: 13 0
   Repacking 1770: 12 1 0
   Repacking 1771: 13 0
   Repacking 1772: 11 0
   Repacking 1773: 17 1 0
   Repacking 1774: 17 0
   Repacking 1775: 14 0
   Repacking 1776: 19 0
   Repacking 1777: 16 1 0
   Repacking 1778: 17 1 0
   Repacking 1779: 9 1 0
   Repacking 1780: 11 0
   Repacking 1781: 16 0
   Repacking 1782: 16 1 0
   Repacking 1783: 16 1 0
   Repacking 1784: 12 1 0
   Repacking 1785: 19 0
   Repacking 1786: 16 1 0
   Repacking 1787: 15 0
   Repacking 1788: 16 0
   Repacking 1789: 20 0
   Repacking 1790: 9 0
   Repacking 1791: 13 0
   Repacking 1792: 14 1 0
   Repacking 1793: 15 1 0
   Repacking 1794: 12 0
   Repacking 1795: 11 0
   Repacking 1796: 14 0
   Repacking 1797: 19 0
   Repacking 1798: 15 0
   Repacking 1799: 12 0
   Repacking 1800: 18 1 0
   Repacking 1801: 10 0
   Repacking 1802: 8 0
   Repacking 1803: 18 0
   Repacking 1804: 13 1 0
   Repacking 1805: 15 0
   Repacking 1806: 16 0
   Repacking 1807: 11 0
   Repacking 1808: 10 1 0
   Repacking 1809: 17 0
   Repacking 1810: 20 0
   Repacking 1811: 15 0
   Repacking 1812: 17 1 0
   Repacking 1813: 10 1 0
   Repacking 1814: 15 0
   Repacking 1815: 16 0
   Repacking 1816: 17 1 0
   Repacking 1817: 16 0
   Repacking 1818: 14 0
   Repacking 1819: 18 0
   Repacking 1820: 19 0
   Repacking 1821: 15 1 0
   Repacking 1822: 17 0
   Repacking 1823: 14 0
   Repacking 1824: 13 0
   Repacking 1825: 17 1 0
   Repacking 1826: 16 0
   Repacking 1827: 8 0
   Repacking 1828: 11 0
   Repacking 1829: 15 1 0
   Repacking 1830: 11 1 0
   Repacking 1831: 18 0
   Repacking 1832: 14 1 0
   Repacking 1833: 16 0
   Repacking 1834: 17 0
   Repacking 1835: 15 0
   Repacking 1836: 12 1 0
   Repacking 1837: 14 0
   Repacking 1838: 17 0
   Repacking 1839: 16 0
   Repacking 1840: 15 1 0
   Repacking 1841: 14 0
   Repacking 1842: 15 0
   Repacking 1843: 12 0
   Repacking 1844: 14 0
   Repacking 1845: 17 0
   Repacking 1846: 19 0
   Repacking 1847: 15 1 0
   Repacking 1848: 17 0
   Repacking 1849: 19 0
   Repacking 1850: 15 1 0
   Repacking 1851: 14 1 0
   Repacking 1852: 16 0
   Repacking 1853: 15 0
   Repacking 1854: 15 0
   Repacking 1855: 13 0
   Repacking 1856: 18 0
   Repacking 1857: 11 1 0
   Repacking 1858: 16 0
   Repacking 1859: 19 0
   Repacking 1860: 13 0
   Repacking 1861: 16 0
   Repacking 1862: 16 1 0
   Repacking 1863: 14 0
   Repacking 1864: 16 0
   Repacking 1865: 17 0
   Repacking 1866: 12 1 0
   Repacking 1867: 10 0
   Repacking 1868: 12 1 0
   Repacking 1869: 20 0
   Repacking 1870: 16 0
   Repacking 1871: 12 0
   Repacking 1872: 17 0
   Repacking 1873: 14 0
   Repacking 1874: 18 0
   Repacking 1875: 10 0
   Repacking 1876: 7 0
   Repacking 1877: 12 0
   Repacking 1878: 16 0
   Repacking 1879: 15 0
   Repacking 1880: 10 0
   Repacking 1881: 7 1 0
   Repacking 1882: 9 0
   Repacking 1883: 12 0
   Repacking 1884: 17 0
   Repacking 1885: 11 0
   Repacking 1886: 10 1 0
   Repacking 1887: 12 0
   Repacking 1888: 17 0
   Repacking 1889: 14 0
   Repacking 1890: 14 1 0
   Repacking 1891: 14 0
   Repacking 1892: 16 1 0
   Repacking 1893: 13 0
   Repacking 1894: 15 0
   Repacking 1895: 13 0
   Repacking 1896: 12 0
   Repacking 1897: 21 1 0
   Repacking 1898: 15 0
   Repacking 1899: 11 0
   Repacking 1900: 14 1 0
   Repacking 1901: 14 0
   Repacking 1902: 14 0
   Repacking 1903: 16 0
   Repacking 1904: 14 0
   Repacking 1905: 20 0
   Repacking 1906: 15 0
   Repacking 1907: 12 0
   Repacking 1908: 16 0
   Repacking 1909: 16 0
   Repacking 1910: 20 0
   Repacking 1911: 18 0
   Repacking 1912: 14 0
   Repacking 1913: 15 0
   Repacking 1914: 18 0
   Repacking 1915: 15 0
   Repacking 1916: 16 0
   Repacking 1917: 15 0
   Repacking 1918: 10 1 0
   Repacking 1919: 14 0
   Repacking 1920: 13 0
   Repacking 1921: 18 1 0
   Repacking 1922: 15 1 0
   Repacking 1923: 16 1 0
   Repacking 1924: 11 0
   Repacking 1925: 15 0
   Repacking 1926: 13 0
   Repacking 1927: 14 0
   Repacking 1928: 16 0
   Repacking 1929: 15 0
   Repacking 1930: 18 1 0
   Repacking 1931: 20 1 0
   Repacking 1932: 15 0
   Repacking 1933: 13 0
   Repacking 1934: 12 0
   Repacking 1935: 20 0
   Repacking 1936: 12 0
   Repacking 1937: 17 0
   Repacking 1938: 14 0
   Repacking 1939: 15 1 0
   Repacking 1940: 13 0
   Repacking 1941: 13 1 0
   Repacking 1942: 13 1 0
   Repacking 1943: 12 0
   Repacking 1944: 13 0
   Repacking 1945: 18 0
   Repacking 1946: 12 0
   Repacking 1947: 13 0
   Repacking 1948: 19 0
   Repacking 1949: 15 0
   Repacking 1950: 16 0
   Repacking 1951: 12 0
   Repacking 1952: 20 1 0
   Repacking 1953: 15 0
   Repacking 1954: 16 1 0
   Repacking 1955: 13 0
   Repacking 1956: 14 0
   Repacking 1957: 13 0
   Repacking 1958: 14 1 0
   Repacking 1959: 16 1 0
   Repacking 1960: 9 0
   Repacking 1961: 18 0
   Repacking 1962: 17 0
   Repacking 1963: 15 1 0
   Repacking 1964: 19 0
   Repacking 1965: 14 0
   Repacking 1966: 15 0
   Repacking 1967: 13 0
   Repacking 1968: 15 0
   Repacking 1969: 13 0
   Repacking 1970: 14 1 0
   Repacking 1971: 16 0
   Repacking 1972: 14 0
   Repacking 1973: 18 0
   Repacking 1974: 13 0
   Repacking 1975: 12 0
   Repacking 1976: 15 0
   Repacking 1977: 19 0
   Repacking 1978: 9 0
   Repacking 1979: 13 0
   Repacking 1980: 17 1 0
   Repacking 1981: 16 0
   Repacking 1982: 14 0
   Repacking 1983: 9 0
   Repacking 1984: 9 0
   Repacking 1985: 17 0
   Repacking 1986: 13 0
   Repacking 1987: 20 0
   Repacking 1988: 11 0
   Repacking 1989: 18 0
   Repacking 1990: 13 0
   Repacking 1991: 16 0
   Repacking 1992: 16 0
   Repacking 1993: 16 1 0
   Repacking 1994: 17 1 0
   Repacking 1995: 15 0
   Repacking 1996: 14 1 0
   Repacking 1997: 15 0
   Repacking 1998: 19 0
   Repacking 1999: 12 0
   Repacking 2000: 16 0
   Repacking 2001: 12 0
   Repacking 2002: 17 0
   Repacking 2003: 10 0
   Repacking 2004: 21 0
   Repacking 2005: 11 0
   Repacking 2006: 19 1 0
   Repacking 2007: 15 0
   Repacking 2008: 13 0
   Repacking 2009: 20 0
   Repacking 2010: 10 0
   Repacking 2011: 9 0
   Repacking 2012: 14 0
   Repacking 2013: 13 0
   Repacking 2014: 11 0
   Repacking 2015: 13 0
   Repacking 2016: 12 1 0
   Repacking 2017: 10 0
   Repacking 2018: 9 0
   Repacking 2019: 15 0
   Repacking 2020: 16 1 0
   Repacking 2021: 17 0
   Repacking 2022: 18 0
   Repacking 2023: 15 0
   Repacking 2024: 13 1 0
   Repacking 2025: 10 0
   Repacking 2026: 10 1 0
   Repacking 2027: 11 0
   Repacking 2028: 16 0
   Repacking 2029: 13 0
   Repacking 2030: 15 0
   Repacking 2031: 17 0
   Repacking 2032: 16 0
   Repacking 2033: 14 1 0
   Repacking 2034: 15 0
   Repacking 2035: 15 0
   Repacking 2036: 13 1 0
   Repacking 2037: 13 0
   Repacking 2038: 16 0
   Repacking 2039: 20 0
   Repacking 2040: 15 1 0
   Repacking 2041: 15 0
   Repacking 2042: 15 1 0
   Repacking 2043: 15 0
   Repacking 2044: 15 0
   Repacking 2045: 11 0
   Repacking 2046: 11 1 0
   Repacking 2047: 18 0
   Repacking 2048: 14 0
   Repacking 2049: 16 0
   Repacking 2050: 15 0
   Repacking 2051: 12 1 0
   Repacking 2052: 17 0
   Repacking 2053: 14 0
   Repacking 2054: 15 0
   Repacking 2055: 14 1 0
   Repacking 2056: 14 1 0
   Repacking 2057: 15 0
   Repacking 2058: 16 0
   Repacking 2059: 15 0
   Repacking 2060: 18 0
   Repacking 2061: 14 0
   Repacking 2062: 12 0
   Repacking 2063: 17 1 0
   Repacking 2064: 16 0
   Repacking 2065: 18 1 0
   Repacking 2066: 13 0
   Repacking 2067: 15 1 0
   Repacking 2068: 16 0
   Repacking 2069: 13 0
   Repacking 2070: 15 0
   Repacking 2071: 13 1 0
   Repacking 2072: 15 0
   Repacking 2073: 20 0
   Repacking 2074: 13 0
   Repacking 2075: 12 0
   Repacking 2076: 13 0
   Repacking 2077: 19 0
   Repacking 2078: 20 0
   Repacking 2079: 19 0
   Repacking 2080: 15 0
   Repacking 2081: 14 0
   Repacking 2082: 12 0
   Repacking 2083: 8 0
   Repacking 2084: 13 0
   Repacking 2085: 15 0
   Repacking 2086: 11 0
   Repacking 2087: 18 0
   Repacking 2088: 14 0
   Repacking 2089: 20 1 0
   Repacking 2090: 11 0
   Repacking 2091: 17 1 0
   Repacking 2092: 22 0
   Repacking 2093: 15 0
   Repacking 2094: 10 0
   Repacking 2095: 19 0
   Repacking 2096: 15 0
   Repacking 2097: 13 0
   Repacking 2098: 14 0
   Repacking 2099: 13 0
   Repacking 2100: 18 1 0
   Repacking 2101: 13 0
   Repacking 2102: 13 1 0
   Repacking 2103: 17 1 0
   Repacking 2104: 16 0
   Repacking 2105: 18 0
   Repacking 2106: 20 0
   Repacking 2107: 17 1 0
   Repacking 2108: 17 0
   Repacking 2109: 14 0
   Repacking 2110: 12 1 0
   Repacking 2111: 18 0
   Repacking 2112: 9 0
   Repacking 2113: 15 0
   Repacking 2114: 14 0
   Repacking 2115: 13 0
   Repacking 2116: 13 0
   Repacking 2117: 11 0
   Repacking 2118: 17 0
   Repacking 2119: 16 0
   Repacking 2120: 15 1 0
   Repacking 2121: 18 1 0
   Repacking 2122: 13 0
   Repacking 2123: 20 0
   Repacking 2124: 17 1 0
   Repacking 2125: 12 0
   Repacking 2126: 18 1 0
   Repacking 2127: 19 0
   Repacking 2128: 15 0
   Repacking 2129: 15 1 0
   Repacking 2130: 18 1 0
   Repacking 2131: 16 0
   Repacking 2132: 12 0
   Repacking 2133: 19 0
   Repacking 2134: 18 0
   Repacking 2135: 22 1 0
   Repacking 2136: 15 0
   Repacking 2137: 16 0
   Repacking 2138: 15 0
   Repacking 2139: 13 0
   Repacking 2140: 17 1 0
   Repacking 2141: 14 1 0
   Repacking 2142: 11 0
   Repacking 2143: 15 0
   Repacking 2144: 17 0
   Repacking 2145: 19 1 0
   Repacking 2146: 10 1 0
   Repacking 2147: 11 0
   Repacking 2148: 17 0
   Repacking 2149: 11 0
   Repacking 2150: 12 0
   Repacking 2151: 15 0
   Repacking 2152: 10 0
   Repacking 2153: 14 0
   Repacking 2154: 16 0
   Repacking 2155: 17 0
   Repacking 2156: 12 0
   Repacking 2157: 16 0
   Repacking 2158: 17 0
   Repacking 2159: 11 0
   Repacking 2160: 14 0
   Repacking 2161: 15 0
   Repacking 2162: 17 1 0
   Repacking 2163: 10 0
   Repacking 2164: 10 0
   Repacking 2165: 17 0
   Repacking 2166: 15 0
   Repacking 2167: 15 1 0
   Repacking 2168: 15 0
   Repacking 2169: 11 0
   Repacking 2170: 14 0
   Repacking 2171: 18 1 0
   Repacking 2172: 15 1 0
   Repacking 2173: 16 0
   Repacking 2174: 15 0
   Repacking 2175: 16 0
   Repacking 2176: 16 0
   Repacking 2177: 19 0
   Repacking 2178: 12 0
   Repacking 2179: 16 1 0
   Repacking 2180: 13 0
   Repacking 2181: 19 0
   Repacking 2182: 14 1 0
   Repacking 2183: 11 0
   Repacking 2184: 17 0
   Repacking 2185: 15 0
   Repacking 2186: 6 0
   Repacking 2187: 12 0
   Repacking 2188: 18 0
   Repacking 2189: 14 0
   Repacking 2190: 17 0
   Repacking 2191: 14 0
   Repacking 2192: 18 0
   Repacking 2193: 13 0
   Repacking 2194: 11 0
   Repacking 2195: 13 0
   Repacking 2196: 17 1 0
   Repacking 2197: 15 1 0
   Repacking 2198: 14 0
   Repacking 2199: 18 1 0
   Repacking 2200: 18 0
   Repacking 2201: 14 0
   Repacking 2202: 14 0
   Repacking 2203: 12 0
   Repacking 2204: 19 1 0
   Repacking 2205: 13 0
   Repacking 2206: 16 0
   Repacking 2207: 13 0
   Repacking 2208: 16 0
   Repacking 2209: 12 0
   Repacking 2210: 14 0
   Repacking 2211: 11 0
   Repacking 2212: 12 0
   Repacking 2213: 12 0
   Repacking 2214: 13 0
   Repacking 2215: 19 0
   Repacking 2216: 18 0
   Repacking 2217: 18 0
   Repacking 2218: 8 0
   Repacking 2219: 15 0
   Repacking 2220: 15 0
   Repacking 2221: 10 0
   Repacking 2222: 13 0
   Repacking 2223: 10 0
   Repacking 2224: 17 1 0
   Repacking 2225: 17 1 0
   Repacking 2226: 19 1 0
   Repacking 2227: 13 0
   Repacking 2228: 14 1 0
   Repacking 2229: 19 1 0
   Repacking 2230: 10 0
   Repacking 2231: 17 1 0
   Repacking 2232: 15 0
   Repacking 2233: 13 1 0
   Repacking 2234: 12 0
   Repacking 2235: 10 0
   Repacking 2236: 10 0
   Repacking 2237: 13 0
   Repacking 2238: 11 0
   Repacking 2239: 17 1 0
   Repacking 2240: 14 0
   Repacking 2241: 14 0
   Repacking 2242: 15 0
   Repacking 2243: 22 1 0
   Repacking 2244: 14 1 0
   Repacking 2245: 15 0
   Repacking 2246: 15 0
   Repacking 2247: 12 0
   Repacking 2248: 17 1 0
   Repacking 2249: 13 0
   Repacking 2250: 13 0
   Repacking 2251: 11 0
   Repacking 2252: 18 0
   Repacking 2253: 11 0
   Repacking 2254: 16 0
   Repacking 2255: 16 0
   Repacking 2256: 16 1 0
   Repacking 2257: 10 0
   Repacking 2258: 15 0
   Repacking 2259: 10 0
   Repacking 2260: 10 0
   Repacking 2261: 15 0
   Repacking 2262: 13 0
   Repacking 2263: 11 0
   Repacking 2264: 14 0
   Repacking 2265: 14 0
   Repacking 2266: 19 0
   Repacking 2267: 16 0
   Repacking 2268: 16 0
   Repacking 2269: 15 1 0
   Repacking 2270: 15 0
   Repacking 2271: 21 0
   Repacking 2272: 13 0
   Repacking 2273: 12 1 0
   Repacking 2274: 11 0
   Repacking 2275: 19 0
   Repacking 2276: 16 1 0
   Repacking 2277: 20 0
   Repacking 2278: 16 0
   Repacking 2279: 19 0
   Repacking 2280: 15 1 0
   Repacking 2281: 14 0
   Repacking 2282: 17 1 0
   Repacking 2283: 11 1 0
   Repacking 2284: 15 1 0
   Repacking 2285: 15 1 0
   Repacking 2286: 15 1 0
   Repacking 2287: 13 0
   Repacking 2288: 14 0
   Repacking 2289: 14 0
   Repacking 2290: 14 0
   Repacking 2291: 11 0
   Repacking 2292: 14 0
   Repacking 2293: 14 0
   Repacking 2294: 10 0
   Repacking 2295: 17 1 0
   Repacking 2296: 16 0
   Repacking 2297: 17 0
   Repacking 2298: 13 0
   Repacking 2299: 17 0
   Repacking 2300: 11 0
   Repacking 2301: 13 1 0
   Repacking 2302: 15 0
   Repacking 2303: 13 0
   Repacking 2304: 18 0
   Repacking 2305: 19 0
   Repacking 2306: 13 1 0
   Repacking 2307: 16 0
   Repacking 2308: 15 1 0
   Repacking 2309: 13 0
   Repacking 2310: 17 0
   Repacking 2311: 13 0
   Repacking 2312: 14 0
   Repacking 2313: 15 0
   Repacking 2314: 18 0
   Repacking 2315: 14 0
   Repacking 2316: 14 0
   Repacking 2317: 17 0
   Repacking 2318: 14 0
   Repacking 2319: 12 0
   Repacking 2320: 13 0
   Repacking 2321: 16 0
   Repacking 2322: 16 0
   Repacking 2323: 13 1 0
   Repacking 2324: 12 0
   Repacking 2325: 17 0
   Repacking 2326: 14 0
   Repacking 2327: 12 1 0
   Repacking 2328: 16 0
   Repacking 2329: 22 0
   Repacking 2330: 12 0
   Repacking 2331: 14 0
   Repacking 2332: 17 0
   Repacking 2333: 12 0
   Repacking 2334: 17 0
   Repacking 2335: 12 0
   Repacking 2336: 14 0
   Repacking 2337: 17 1 0
   Repacking 2338: 13 0
   Repacking 2339: 16 0
   Repacking 2340: 12 1 0
   Repacking 2341: 14 0
   Repacking 2342: 16 0
   Repacking 2343: 19 0
   Repacking 2344: 14 0
   Repacking 2345: 16 1 0
   Repacking 2346: 12 1 0
   Repacking 2347: 21 0
   Repacking 2348: 15 0
   Repacking 2349: 11 1 0
   Repacking 2350: 14 0
   Repacking 2351: 15 1 0
   Repacking 2352: 17 0
   Repacking 2353: 14 1 0
   Repacking 2354: 17 0
   Repacking 2355: 12 0
   Repacking 2356: 18 0
   Repacking 2357: 19 0
   Repacking 2358: 15 0
   Repacking 2359: 18 0
   Repacking 2360: 12 0
   Repacking 2361: 16 1 0
   Repacking 2362: 17 1 0
   Repacking 2363: 18 0
   Repacking 2364: 12 0
   Repacking 2365: 16 0
   Repacking 2366: 13 0
   Repacking 2367: 12 1 0
   Repacking 2368: 14 0
   Repacking 2369: 19 0
   Repacking 2370: 19 1 0
   Repacking 2371: 18 0
   Repacking 2372: 19 0
   Repacking 2373: 12 0
   Repacking 2374: 14 0
   Repacking 2375: 13 0
   Repacking 2376: 14 0
   Repacking 2377: 13 0
   Repacking 2378: 14 0
   Repacking 2379: 15 0
   Repacking 2380: 16 0
   Repacking 2381: 17 0
   Repacking 2382: 15 0
   Repacking 2383: 14 0
   Repacking 2384: 16 0
   Repacking 2385: 11 1 0
   Repacking 2386: 15 0
   Repacking 2387: 12 1 0
   Repacking 2388: 12 1 0
   Repacking 2389: 12 0
   Repacking 2390: 14 0
   Repacking 2391: 13 0
   Repacking 2392: 11 0
   Repacking 2393: 16 1 0
   Repacking 2394: 15 0
   Repacking 2395: 12 0
   Repacking 2396: 16 0
   Repacking 2397: 13 1 0
   Repacking 2398: 14 1 0
   Repacking 2399: 11 0
   Repacking 2400: 13 0
   Repacking 2401: 18 0
   Repacking 2402: 17 0
   Repacking 2403: 12 0
   Repacking 2404: 12 0
   Repacking 2405: 14 0
   Repacking 2406: 20 0
   Repacking 2407: 15 0
   Repacking 2408: 11 0
   Repacking 2409: 16 1 0
   Repacking 2410: 8 0
   Repacking 2411: 12 0
   Repacking 2412: 10 0
   Repacking 2413: 19 0
   Repacking 2414: 16 0
   Repacking 2415: 16 1 0
   Repacking 2416: 15 0
   Repacking 2417: 14 0
   Repacking 2418: 14 0
   Repacking 2419: 12 0
   Repacking 2420: 13 0
   Repacking 2421: 18 0
   Repacking 2422: 15 0
   Repacking 2423: 12 0
   Repacking 2424: 15 0
   Repacking 2425: 14 1 0
   Repacking 2426: 16 0
   Repacking 2427: 17 0
   Repacking 2428: 12 0
   Repacking 2429: 17 1 0
   Repacking 2430: 14 0
   Repacking 2431: 14 1 0
   Repacking 2432: 19 1 0
   Repacking 2433: 17 0
   Repacking 2434: 17 0
   Repacking 2435: 16 0
   Repacking 2436: 19 0
   Repacking 2437: 10 0
   Repacking 2438: 14 1 0
   Repacking 2439: 11 0
   Repacking 2440: 13 0
   Repacking 2441: 14 0
   Repacking 2442: 16 0
   Repacking 2443: 10 0
   Repacking 2444: 12 1 0
   Repacking 2445: 14 0
   Repacking 2446: 15 0
   Repacking 2447: 9 0
   Repacking 2448: 15 1 0
   Repacking 2449: 16 0
   Repacking 2450: 8 1 0
   Repacking 2451: 10 0
   Repacking 2452: 15 0
   Repacking 2453: 16 0
   Repacking 2454: 16 1 0
   Repacking 2455: 10 0
   Repacking 2456: 18 0
   Repacking 2457: 17 0
   Repacking 2458: 17 0
   Repacking 2459: 13 1 0
   Repacking 2460: 14 0
   Repacking 2461: 14 0
   Repacking 2462: 16 0
   Repacking 2463: 15 0
   Repacking 2464: 14 0
   Repacking 2465: 15 0
   Repacking 2466: 15 1 0
   Repacking 2467: 13 1 0
   Repacking 2468: 8 0
   Repacking 2469: 18 0
   Repacking 2470: 13 0
   Repacking 2471: 13 0
   Repacking 2472: 12 0
   Repacking 2473: 15 0
   Repacking 2474: 19 0
   Repacking 2475: 16 0
   Repacking 2476: 17 0
   Repacking 2477: 17 0
   Repacking 2478: 14 0
   Repacking 2479: 14 0
   Repacking 2480: 15 0
   Repacking 2481: 11 0
   Repacking 2482: 20 0
   Repacking 2483: 15 0
   Repacking 2484: 14 1 0
   Repacking 2485: 24 1 0
   Repacking 2486: 18 0
   Repacking 2487: 15 0
   Repacking 2488: 17 1 0
   Repacking 2489: 13 0
   Repacking 2490: 12 0
   Repacking 2491: 9 0
   Repacking 2492: 14 1 0
   Repacking 2493: 12 0
   Repacking 2494: 16 1 0
   Repacking 2495: 17 1 0
   Repacking 2496: 11 0
   Repacking 2497: 17 0
   Repacking 2498: 14 1 0
   Repacking 2499: 21 0
   Repacking 2500: 14 0
   Repacking 2501: 22 1 0
   Repacking 2502: 15 0
   Repacking 2503: 10 0
   Repacking 2504: 18 0
   Repacking 2505: 14 0
   Repacking 2506: 13 0
   Repacking 2507: 9 0
   Repacking 2508: 20 1 0
   Repacking 2509: 12 0
   Repacking 2510: 16 1 0
   Repacking 2511: 8 0
   Repacking 2512: 14 0
   Repacking 2513: 15 0
   Repacking 2514: 16 1 0
   Repacking 2515: 17 0
   Repacking 2516: 14 0
   Repacking 2517: 12 0
   Repacking 2518: 13 0
   Repacking 2519: 16 0
   Repacking 2520: 16 0
   Repacking 2521: 16 0
   Repacking 2522: 19 0
   Repacking 2523: 15 0
   Repacking 2524: 12 0
   Repacking 2525: 16 1 0
   Repacking 2526: 13 0
   Repacking 2527: 15 0
   Repacking 2528: 16 0
   Repacking 2529: 20 1 0
   Repacking 2530: 16 0
   Repacking 2531: 10 0
   Repacking 2532: 15 1 0
   Repacking 2533: 18 1 0
   Repacking 2534: 18 0
   Repacking 2535: 11 0
   Repacking 2536: 16 0
   Repacking 2537: 19 0
   Repacking 2538: 14 0
   Repacking 2539: 23 0
   Repacking 2540: 9 0
   Repacking 2541: 19 1 0
   Repacking 2542: 14 1 0
   Repacking 2543: 15 1 0
   Repacking 2544: 20 0
   Repacking 2545: 14 1 0
   Repacking 2546: 16 0
   Repacking 2547: 15 0
   Repacking 2548: 13 1 0
   Repacking 2549: 13 0
   Repacking 2550: 18 0
   Repacking 2551: 11 0
   Repacking 2552: 17 0
   Repacking 2553: 13 0
   Repacking 2554: 14 0
   Repacking 2555: 20 1 0
   Repacking 2556: 17 0
   Repacking 2557: 11 0
   Repacking 2558: 13 0
   Repacking 2559: 19 0
   Repacking 2560: 10 0
   Repacking 2561: 21 1 0
   Repacking 2562: 17 0
   Repacking 2563: 15 1 0
   Repacking 2564: 15 0
   Repacking 2565: 15 0
   Repacking 2566: 10 0
   Repacking 2567: 13 0
   Repacking 2568: 19 0
   Repacking 2569: 21 1 0
   Repacking 2570: 13 0
   Repacking 2571: 12 1 0
   Repacking 2572: 17 1 0
   Repacking 2573: 16 1 0
   Repacking 2574: 17 0
   Repacking 2575: 12 1 0
   Repacking 2576: 13 0
   Repacking 2577: 8 0
   Repacking 2578: 12 0
   Repacking 2579: 14 0
   Repacking 2580: 17 0
   Repacking 2581: 20 0
   Repacking 2582: 16 1 0
   Repacking 2583: 13 0
   Repacking 2584: 15 0
   Repacking 2585: 12 1 0
   Repacking 2586: 12 1 0
   Repacking 2587: 19 0
   Repacking 2588: 18 1 0
   Repacking 2589: 15 0
   Repacking 2590: 13 0
   Repacking 2591: 14 0
   Repacking 2592: 16 1 0
   Repacking 2593: 17 0
   Repacking 2594: 18 0
   Repacking 2595: 13 0
   Repacking 2596: 14 0
   Repacking 2597: 16 0
   Repacking 2598: 18 0
   Repacking 2599: 17 0
   Repacking 2600: 12 0
   Repacking 2601: 13 0
   Repacking 2602: 16 1 0
   Repacking 2603: 17 0
   Repacking 2604: 19 0
   Repacking 2605: 19 0
   Repacking 2606: 14 0
   Repacking 2607: 18 0
   Repacking 2608: 14 0
   Repacking 2609: 15 1 0
   Repacking 2610: 13 0
   Repacking 2611: 11 0
   Repacking 2612: 11 0
   Repacking 2613: 19 0
   Repacking 2614: 19 0
   Repacking 2615: 16 0
   Repacking 2616: 13 0
   Repacking 2617: 15 0
   Repacking 2618: 14 1 0
   Repacking 2619: 17 0
   Repacking 2620: 14 0
   Repacking 2621: 17 1 0
   Repacking 2622: 20 1 0
   Repacking 2623: 16 0
   Repacking 2624: 21 0
   Repacking 2625: 18 0
   Repacking 2626: 10 0
   Repacking 2627: 14 0
   Repacking 2628: 16 0
   Repacking 2629: 19 1 0
   Repacking 2630: 17 0
   Repacking 2631: 12 0
   Repacking 2632: 15 1 0
   Repacking 2633: 17 0
   Repacking 2634: 13 1 0
   Repacking 2635: 12 0
   Repacking 2636: 19 1 0
   Repacking 2637: 17 1 0
   Repacking 2638: 14 0
   Repacking 2639: 16 1 0
   Repacking 2640: 17 1 0
   Repacking 2641: 15 0
   Repacking 2642: 13 0
   Repacking 2643: 18 0
   Repacking 2644: 18 0
   Repacking 2645: 7 0
   Repacking 2646: 11 0
   Repacking 2647: 14 0
   Repacking 2648: 15 0
   Repacking 2649: 12 0
   Repacking 2650: 11 0
   Repacking 2651: 14 0
   Repacking 2652: 9 0
   Repacking 2653: 14 0
   Repacking 2654: 19 1 0
   Repacking 2655: 15 0
   Repacking 2656: 11 0
   Repacking 2657: 16 1 0
   Repacking 2658: 15 1 0
   Repacking 2659: 12 0
   Repacking 2660: 12 0
   Repacking 2661: 19 0
   Repacking 2662: 14 0
   Repacking 2663: 17 0
   Repacking 2664: 17 0
   Repacking 2665: 14 0
   Repacking 2666: 15 0
   Repacking 2667: 14 1 0
   Repacking 2668: 21 1 0
   Repacking 2669: 15 0
   Repacking 2670: 16 0
   Repacking 2671: 17 1 0
   Repacking 2672: 17 0
   Repacking 2673: 12 0
   Repacking 2674: 16 0
   Repacking 2675: 14 0
   Repacking 2676: 18 0
   Repacking 2677: 19 1 0
   Repacking 2678: 19 1 0
   Repacking 2679: 16 0
   Repacking 2680: 22 0
   Repacking 2681: 16 0
   Repacking 2682: 14 0
   Repacking 2683: 16 1 0
   Repacking 2684: 19 0
   Repacking 2685: 9 1 0
   Repacking 2686: 16 1 0
   Repacking 2687: 12 1 0
   Repacking 2688: 14 0
   Repacking 2689: 15 1 0
   Repacking 2690: 15 1 0
   Repacking 2691: 16 0
   Repacking 2692: 15 1 0
   Repacking 2693: 15 0
   Repacking 2694: 16 1 0
   Repacking 2695: 18 0
   Repacking 2696: 12 0
   Repacking 2697: 16 0
   Repacking 2698: 14 0
   Repacking 2699: 17 0
   Repacking 2700: 13 0
   Repacking 2701: 16 0
   Repacking 2702: 16 1 0
   Repacking 2703: 18 1 0
   Repacking 2704: 16 1 0
   Repacking 2705: 14 0
   Repacking 2706: 12 0
   Repacking 2707: 16 1 0
   Repacking 2708: 10 1 0
   Repacking 2709: 17 0
   Repacking 2710: 15 0
   Repacking 2711: 15 0
   Repacking 2712: 17 0
   Repacking 2713: 22 1 0
   Repacking 2714: 15 0
   Repacking 2715: 17 0
   Repacking 2716: 18 0
   Repacking 2717: 15 1 0
   Repacking 2718: 18 0
   Repacking 2719: 18 1 0
   Repacking 2720: 18 0
   Repacking 2721: 17 1 0
   Repacking 2722: 15 1 0
   Repacking 2723: 16 0
   Repacking 2724: 7 0
   Repacking 2725: 19 1 0
   Repacking 2726: 12 0
   Repacking 2727: 14 0
   Repacking 2728: 20 1 0
   Repacking 2729: 13 0
   Repacking 2730: 16 0
   Repacking 2731: 16 0
   Repacking 2732: 13 0
   Repacking 2733: 14 1 0
   Repacking 2734: 16 1 0
   Repacking 2735: 17 0
   Repacking 2736: 15 1 0
   Repacking 2737: 12 1 0
   Repacking 2738: 8 0
   Repacking 2739: 9 0
   Repacking 2740: 12 0
   Repacking 2741: 16 0
   Repacking 2742: 17 0
   Repacking 2743: 18 0
   Repacking 2744: 13 0
   Repacking 2745: 16 0
   Repacking 2746: 14 0
   Repacking 2747: 13 0
   Repacking 2748: 14 0
   Repacking 2749: 20 0
   Repacking 2750: 14 0
   Repacking 2751: 15 0
   Repacking 2752: 14 1 0
   Repacking 2753: 12 0
   Repacking 2754: 15 0
   Repacking 2755: 16 1 0
   Repacking 2756: 15 0
   Repacking 2757: 14 0
   Repacking 2758: 18 0
   Repacking 2759: 13 0
   Repacking 2760: 13 0
   Repacking 2761: 10 1 0
   Repacking 2762: 11 0
   Repacking 2763: 16 0
   Repacking 2764: 12 1 0
   Repacking 2765: 9 0
   Repacking 2766: 22 1 0
   Repacking 2767: 19 0
   Repacking 2768: 13 0
   Repacking 2769: 15 0
   Repacking 2770: 12 0
   Repacking 2771: 14 0
   Repacking 2772: 17 0
   Repacking 2773: 21 0
   Repacking 2774: 12 1 0
   Repacking 2775: 15 0
   Repacking 2776: 15 0
   Repacking 2777: 17 0
   Repacking 2778: 17 1 0
   Repacking 2779: 15 0
   Repacking 2780: 11 0
   Repacking 2781: 12 0
   Repacking 2782: 15 0
   Repacking 2783: 13 0
   Repacking 2784: 11 0
   Repacking 2785: 16 0
   Repacking 2786: 13 0
   Repacking 2787: 14 0
   Repacking 2788: 15 0
   Repacking 2789: 12 1 0
   Repacking 2790: 17 0
   Repacking 2791: 17 0
   Repacking 2792: 15 0
   Repacking 2793: 13 1 0
   Repacking 2794: 9 0
   Repacking 2795: 14 0
   Repacking 2796: 12 0
   Repacking 2797: 16 0
   Repacking 2798: 17 0
   Repacking 2799: 18 0
   Repacking 2800: 14 1 0
   Repacking 2801: 10 0
   Repacking 2802: 16 0
   Repacking 2803: 12 1 0
   Repacking 2804: 13 0
   Repacking 2805: 12 1 0
   Repacking 2806: 12 0
   Repacking 2807: 16 0
   Repacking 2808: 16 0
   Repacking 2809: 11 0
   Repacking 2810: 12 0
   Repacking 2811: 10 1 0
   Repacking 2812: 14 0
   Repacking 2813: 18 0
   Repacking 2814: 17 1 0
   Repacking 2815: 14 0
   Repacking 2816: 6 0
   Repacking 2817: 13 1 0
   Repacking 2818: 15 0
   Repacking 2819: 18 1 0
   Repacking 2820: 17 0
   Repacking 2821: 6 0
   Repacking 2822: 15 0
   Repacking 2823: 17 1 0
   Repacking 2824: 15 0
   Repacking 2825: 9 0
   Repacking 2826: 12 0
   Repacking 2827: 12 0
   Repacking 2828: 15 0
   Repacking 2829: 8 1 0
   Repacking 2830: 14 1 0
   Repacking 2831: 19 0
   Repacking 2832: 12 0
   Repacking 2833: 16 0
   Repacking 2834: 16 0
   Repacking 2835: 14 1 0
   Repacking 2836: 14 0
   Repacking 2837: 16 1 0
   Repacking 2838: 17 0
   Repacking 2839: 18 0
   Repacking 2840: 13 1 0
   Repacking 2841: 16 0
   Repacking 2842: 18 0
   Repacking 2843: 15 0
   Repacking 2844: 16 0
   Repacking 2845: 16 1 0
   Repacking 2846: 12 0
   Repacking 2847: 14 1 0
   Repacking 2848: 15 0
   Repacking 2849: 13 0
   Repacking 2850: 8 0
   Repacking 2851: 9 0
   Repacking 2852: 13 0
   Repacking 2853: 16 0
   Repacking 2854: 12 0
   Repacking 2855: 14 0
   Repacking 2856: 11 0
   Repacking 2857: 18 1 0
   Repacking 2858: 10 0
   Repacking 2859: 19 0
   Repacking 2860: 17 1 0
   Repacking 2861: 16 1 0
   Repacking 2862: 18 1 0
   Repacking 2863: 16 1 0
   Repacking 2864: 9 0
   Repacking 2865: 13 1 0
   Repacking 2866: 21 0
   Repacking 2867: 17 0
   Repacking 2868: 11 0
   Repacking 2869: 16 0
   Repacking 2870: 19 0
   Repacking 2871: 13 0
   Repacking 2872: 11 0
   Repacking 2873: 8 0
   Repacking 2874: 15 0
   Repacking 2875: 15 0
   Repacking 2876: 14 0
   Repacking 2877: 19 1 0
   Repacking 2878: 11 1 0
   Repacking 2879: 19 1 0
   Repacking 2880: 17 1 0
   Repacking 2881: 17 0
   Repacking 2882: 15 0
   Repacking 2883: 15 0
   Repacking 2884: 14 0
   Repacking 2885: 18 0
   Repacking 2886: 15 1 0
   Repacking 2887: 21 0
   Repacking 2888: 18 0
   Repacking 2889: 16 0
   Repacking 2890: 19 0
   Repacking 2891: 15 0
   Repacking 2892: 15 0
   Repacking 2893: 15 1 0
   Repacking 2894: 14 0
   Repacking 2895: 11 0
   Repacking 2896: 12 0
   Repacking 2897: 12 0
   Repacking 2898: 16 0
   Repacking 2899: 15 0
   Repacking 2900: 12 0
   Repacking 2901: 16 0
   Repacking 2902: 12 1 0
   Repacking 2903: 12 0
   Repacking 2904: 8 0
   Repacking 2905: 12 0
   Repacking 2906: 19 0
   Repacking 2907: 13 1 0
   Repacking 2908: 15 0
   Repacking 2909: 14 0
   Repacking 2910: 15 0
   Repacking 2911: 16 1 0
   Repacking 2912: 17 0
   Repacking 2913: 9 0
   Repacking 2914: 13 0
   Repacking 2915: 15 0
   Repacking 2916: 15 0
   Repacking 2917: 14 0
   Repacking 2918: 21 0
   Repacking 2919: 13 0
   Repacking 2920: 15 0
   Repacking 2921: 18 1 0
   Repacking 2922: 12 0
   Repacking 2923: 15 0
   Repacking 2924: 11 0
   Repacking 2925: 11 1 0
   Repacking 2926: 16 0
   Repacking 2927: 14 0
   Repacking 2928: 20 1 0
   Repacking 2929: 16 0
   Repacking 2930: 17 1 0
   Repacking 2931: 14 1 0
   Repacking 2932: 14 1 0
   Repacking 2933: 13 0
   Repacking 2934: 15 0
   Repacking 2935: 15 0
   Repacking 2936: 11 1 0
   Repacking 2937: 16 0
   Repacking 2938: 13 0
   Repacking 2939: 18 0
   Repacking 2940: 16 1 0
   Repacking 2941: 13 1 0
   Repacking 2942: 10 0
   Repacking 2943: 7 0
   Repacking 2944: 15 1 0
   Repacking 2945: 19 1 0
   Repacking 2946: 15 0
   Repacking 2947: 13 0
   Repacking 2948: 15 1 0
   Repacking 2949: 9 0
   Repacking 2950: 16 1 0
   Repacking 2951: 15 0
   Repacking 2952: 13 1 0
   Repacking 2953: 24 0
   Repacking 2954: 15 0
   Repacking 2955: 18 1 0
   Repacking 2956: 12 0
   Repacking 2957: 18 1 0
   Repacking 2958: 20 0
   Repacking 2959: 15 0
   Repacking 2960: 14 0
   Repacking 2961: 13 0
   Repacking 2962: 6 0
   Repacking 2963: 14 1 0
   Repacking 2964: 18 0
   Repacking 2965: 12 0
   Repacking 2966: 17 0
   Repacking 2967: 8 0
   Repacking 2968: 17 0
   Repacking 2969: 14 0
   Repacking 2970: 19 0
   Repacking 2971: 17 1 0
   Repacking 2972: 11 0
   Repacking 2973: 15 0
   Repacking 2974: 18 0
   Repacking 2975: 11 0
   Repacking 2976: 17 0
   Repacking 2977: 12 0
   Repacking 2978: 18 0
   Repacking 2979: 17 0
   Repacking 2980: 20 1 0
   Repacking 2981: 19 0
   Repacking 2982: 13 0
   Repacking 2983: 13 0
   Repacking 2984: 18 0
   Repacking 2985: 19 1 0
   Repacking 2986: 14 0
   Repacking 2987: 10 0
   Repacking 2988: 17 1 0
   Repacking 2989: 14 0
   Repacking 2990: 18 0
   Repacking 2991: 14 0
   Repacking 2992: 15 0
   Repacking 2993: 14 0
   Repacking 2994: 16 1 0
   Repacking 2995: 10 0
   Repacking 2996: 17 0
   Repacking 2997: 13 0
   Repacking 2998: 13 0
   Repacking 2999: 17 1 0
   Repacking 3000: 11 0
   Repacking 3001: 13 1 0
   Repacking 3002: 16 0
   Repacking 3003: 11 0
   Repacking 3004: 12 0
   Repacking 3005: 11 0
   Repacking 3006: 22 0
   Repacking 3007: 17 0
   Repacking 3008: 11 0
   Repacking 3009: 14 0
   Repacking 3010: 12 0
   Repacking 3011: 13 1 0
   Repacking 3012: 15 0
   Repacking 3013: 17 0
   Repacking 3014: 19 0
   Repacking 3015: 15 0
   Repacking 3016: 18 0
   Repacking 3017: 17 0
   Repacking 3018: 9 0
   Repacking 3019: 12 0
   Repacking 3020: 8 0
   Repacking 3021: 17 1 0
   Repacking 3022: 13 0
   Repacking 3023: 16 0
   Repacking 3024: 17 0
   Repacking 3025: 19 1 0
   Repacking 3026: 13 0
   Repacking 3027: 14 0
   Repacking 3028: 15 0
   Repacking 3029: 18 1 0
   Repacking 3030: 18 0
   Repacking 3031: 13 1 0
   Repacking 3032: 11 0
   Repacking 3033: 16 0
   Repacking 3034: 12 0
   Repacking 3035: 18 0
   Repacking 3036: 13 0
   Repacking 3037: 22 0
   Repacking 3038: 11 0
   Repacking 3039: 16 0
   Repacking 3040: 17 0
   Repacking 3041: 13 0
   Repacking 3042: 15 1 0
   Repacking 3043: 17 1 0
   Repacking 3044: 15 0
   Repacking 3045: 16 1 0
   Repacking 3046: 8 1 0
   Repacking 3047: 15 0
   Repacking 3048: 17 1 0
   Repacking 3049: 16 0
   Repacking 3050: 15 0
   Repacking 3051: 12 0
   Repacking 3052: 13 1 0
   Repacking 3053: 10 0
   Repacking 3054: 21 1 0
   Repacking 3055: 14 1 0
   Repacking 3056: 19 0
   Repacking 3057: 18 1 0
   Repacking 3058: 13 0
   Repacking 3059: 14 0
   Repacking 3060: 16 0
   Repacking 3061: 11 0
   Repacking 3062: 11 0
   Repacking 3063: 14 1 0
   Repacking 3064: 14 0
   Repacking 3065: 17 0
   Repacking 3066: 16 0
   Repacking 3067: 17 1 0
   Repacking 3068: 12 0
   Repacking 3069: 15 0
   Repacking 3070: 13 0
   Repacking 3071: 8 0
   Repacking 3072: 12 0
   Repacking 3073: 14 0
   Repacking 3074: 12 0
   Repacking 3075: 14 0
   Repacking 3076: 15 0
   Repacking 3077: 13 0
   Repacking 3078: 9 1 0
   Repacking 3079: 15 0
   Repacking 3080: 15 0
   Repacking 3081: 12 0
   Repacking 3082: 15 0
   Repacking 3083: 13 0
   Repacking 3084: 15 0
   Repacking 3085: 10 0
   Repacking 3086: 15 0
   Repacking 3087: 17 0
   Repacking 3088: 13 0
   Repacking 3089: 20 0
   Repacking 3090: 20 0
   Repacking 3091: 19 0
   Repacking 3092: 11 1 0
   Repacking 3093: 12 1 0
   Repacking 3094: 18 0
   Repacking 3095: 13 0
   Repacking 3096: 17 0
   Repacking 3097: 15 1 0
   Repacking 3098: 17 0
   Repacking 3099: 14 0
   Repacking 3100: 15 0
   Repacking 3101: 17 0
   Repacking 3102: 17 1 0
   Repacking 3103: 13 0
   Repacking 3104: 13 1 0
   Repacking 3105: 12 0
   Repacking 3106: 16 0
   Repacking 3107: 11 0
   Repacking 3108: 17 0
   Repacking 3109: 6 0
   Repacking 3110: 14 0
   Repacking 3111: 15 0
   Repacking 3112: 15 0
   Repacking 3113: 12 0
   Repacking 3114: 16 0
   Repacking 3115: 16 0
   Repacking 3116: 18 1 0
   Repacking 3117: 14 1 0
   Repacking 3118: 19 0
   Repacking 3119: 15 0
   Repacking 3120: 9 0
   Repacking 3121: 14 0
   Repacking 3122: 15 1 0
   Repacking 3123: 13 0
   Repacking 3124: 15 0
   Repacking 3125: 9 0
   Repacking 3126: 16 1 0
   Repacking 3127: 14 0
   Repacking 3128: 13 0
   Repacking 3129: 14 0
   Repacking 3130: 13 1 0
   Repacking 3131: 14 0
   Repacking 3132: 10 0
   Repacking 3133: 13 1 0
   Repacking 3134: 15 0
   Repacking 3135: 16 0
   Repacking 3136: 16 0
   Repacking 3137: 17 0
   Repacking 3138: 11 0
   Repacking 3139: 16 0
   Repacking 3140: 23 0
   Repacking 3141: 15 0
   Repacking 3142: 12 1 0
   Repacking 3143: 12 0
   Repacking 3144: 19 0
   Repacking 3145: 18 1 0
   Repacking 3146: 15 0
   Repacking 3147: 19 0
   Repacking 3148: 13 1 0
   Repacking 3149: 15 1 0
   Repacking 3150: 19 0
   Repacking 3151: 12 1 0
   Repacking 3152: 12 0
   Repacking 3153: 16 0
   Repacking 3154: 13 0
   Repacking 3155: 15 1 0
   Repacking 3156: 20 0
   Repacking 3157: 20 0
   Repacking 3158: 13 0
   Repacking 3159: 15 0
   Repacking 3160: 15 1 0
   Repacking 3161: 13 0
   Repacking 3162: 13 0
   Repacking 3163: 12 0
   Repacking 3164: 18 1 0
   Repacking 3165: 18 0
   Repacking 3166: 14 0
   Repacking 3167: 13 0
   Repacking 3168: 10 0
   Repacking 3169: 13 0
   Repacking 3170: 13 0
   Repacking 3171: 15 0
   Repacking 3172: 13 0
   Repacking 3173: 16 1 0
   Repacking 3174: 14 0
   Repacking 3175: 11 0
   Repacking 3176: 16 0
   Repacking 3177: 16 0
   Repacking 3178: 12 0
   Repacking 3179: 17 1 0
   Repacking 3180: 15 0
   Repacking 3181: 16 1 0
   Repacking 3182: 16 0
   Repacking 3183: 15 0
   Repacking 3184: 10 0
   Repacking 3185: 13 0
   Repacking 3186: 14 0
   Repacking 3187: 16 0
   Repacking 3188: 15 0
   Repacking 3189: 20 0
   Repacking 3190: 9 0
   Repacking 3191: 10 0
   Repacking 3192: 11 0
   Repacking 3193: 18 1 0
   Repacking 3194: 14 0
   Repacking 3195: 11 0
   Repacking 3196: 12 0
   Repacking 3197: 17 0
   Repacking 3198: 12 0
   Repacking 3199: 10 0
   Repacking 3200: 15 0
   Repacking 3201: 18 0
   Repacking 3202: 17 0
   Repacking 3203: 11 0
   Repacking 3204: 18 0
   Repacking 3205: 13 1 0
   Repacking 3206: 10 0
   Repacking 3207: 13 0
   Repacking 3208: 13 1 0
   Repacking 3209: 14 1 0
   Repacking 3210: 16 0
   Repacking 3211: 14 0
   Repacking 3212: 16 0
   Repacking 3213: 9 0
   Repacking 3214: 13 1 0
   Repacking 3215: 15 0
   Repacking 3216: 15 0
   Repacking 3217: 13 0
   Repacking 3218: 12 0
   Repacking 3219: 19 0
   Repacking 3220: 13 0
   Repacking 3221: 12 0
   Repacking 3222: 13 0
   Repacking 3223: 12 0
   Repacking 3224: 14 1 0
   Repacking 3225: 15 0
   Repacking 3226: 17 0
   Repacking 3227: 17 0
   Repacking 3228: 16 0
   Repacking 3229: 16 1 0
   Repacking 3230: 15 0
   Repacking 3231: 14 0
   Repacking 3232: 16 0
   Repacking 3233: 16 1 0
   Repacking 3234: 14 1 0
   Repacking 3235: 16 1 0
   Repacking 3236: 11 0
   Repacking 3237: 15 0
   Repacking 3238: 14 1 0
   Repacking 3239: 10 0
   Repacking 3240: 12 1 0
   Repacking 3241: 12 0
   Repacking 3242: 13 0
   Repacking 3243: 12 0
   Repacking 3244: 17 1 0
   Repacking 3245: 13 0
   Repacking 3246: 15 0
   Repacking 3247: 18 0
   Repacking 3248: 16 1 0
   Repacking 3249: 13 1 0
   Repacking 3250: 13 0
   Repacking 3251: 13 0
   Repacking 3252: 22 0
   Repacking 3253: 15 0
   Repacking 3254: 11 1 0
   Repacking 3255: 18 0
   Repacking 3256: 10 0
   Repacking 3257: 15 0
   Repacking 3258: 14 0
   Repacking 3259: 18 1 0
   Repacking 3260: 18 0
   Repacking 3261: 13 0
   Repacking 3262: 12 0
   Repacking 3263: 20 0
   Repacking 3264: 12 0
   Repacking 3265: 17 0
   Repacking 3266: 10 0
   Repacking 3267: 17 0
   Repacking 3268: 13 0
   Repacking 3269: 20 0
   Repacking 3270: 15 0
   Repacking 3271: 14 1 0
   Repacking 3272: 16 0
   Repacking 3273: 17 1 0
   Repacking 3274: 14 1 0
   Repacking 3275: 13 0
   Repacking 3276: 18 0
   Repacking 3277: 17 1 0
   Repacking 3278: 17 0
   Repacking 3279: 17 1 0
   Repacking 3280: 10 0
   Repacking 3281: 14 0
   Repacking 3282: 15 0
   Repacking 3283: 15 0
   Repacking 3284: 13 1 0
   Repacking 3285: 15 0
   Repacking 3286: 17 0
   Repacking 3287: 14 1 0
   Repacking 3288: 16 0
   Repacking 3289: 22 1 0
   Repacking 3290: 13 0
   Repacking 3291: 12 0
   Repacking 3292: 15 0
   Repacking 3293: 11 0
   Repacking 3294: 17 1 0
   Repacking 3295: 17 0
   Repacking 3296: 12 1 0
   Repacking 3297: 13 0
   Repacking 3298: 15 0
   Repacking 3299: 10 0
   Repacking 3300: 15 0
   Repacking 3301: 14 1 0
   Repacking 3302: 8 0
   Repacking 3303: 13 0
   Repacking 3304: 17 0
   Repacking 3305: 16 1 0
   Repacking 3306: 10 0
   Repacking 3307: 12 1 0
   Repacking 3308: 14 0
   Repacking 3309: 14 0
   Repacking 3310: 17 0
   Repacking 3311: 16 0
   Repacking 3312: 14 0
   Repacking 3313: 15 0
   Repacking 3314: 16 0
   Repacking 3315: 10 0
   Repacking 3316: 19 0
   Repacking 3317: 17 0
   Repacking 3318: 17 0
   Repacking 3319: 14 0
   Repacking 3320: 16 0
   Repacking 3321: 16 1 0
   Repacking 3322: 18 1 0
   Repacking 3323: 17 0
   Repacking 3324: 19 0
   Repacking 3325: 12 0
   Repacking 3326: 13 1 0
   Repacking 3327: 13 0
   Repacking 3328: 11 0
   Repacking 3329: 14 0
   Repacking 3330: 17 0
   Repacking 3331: 15 0
   Repacking 3332: 9 1 0
   Repacking 3333: 15 0
   Repacking 3334: 13 0
   Repacking 3335: 17 1 0
   Repacking 3336: 18 1 0
   Repacking 3337: 14 0
   Repacking 3338: 15 0
   Repacking 3339: 15 0
   Repacking 3340: 12 0
   Repacking 3341: 17 0
   Repacking 3342: 16 0
   Repacking 3343: 16 0
   Repacking 3344: 14 0
   Repacking 3345: 14 0
   Repacking 3346: 21 0
   Repacking 3347: 12 0
   Repacking 3348: 13 1 0
   Repacking 3349: 13 0
   Repacking 3350: 15 0
   Repacking 3351: 12 0
   Repacking 3352: 21 0
   Repacking 3353: 12 0
   Repacking 3354: 17 0
   Repacking 3355: 17 1 0
   Repacking 3356: 18 1 0
   Repacking 3357: 20 0
   Repacking 3358: 15 0
   Repacking 3359: 14 1 0
   Repacking 3360: 9 0
   Repacking 3361: 9 1 0
   Repacking 3362: 21 0
   Repacking 3363: 12 0
   Repacking 3364: 16 0
   Repacking 3365: 15 0
   Repacking 3366: 12 0
   Repacking 3367: 15 0
   Repacking 3368: 18 0
   Repacking 3369: 14 0
   Repacking 3370: 14 0
   Repacking 3371: 17 1 0
   Repacking 3372: 19 0
   Repacking 3373: 11 1 0
   Repacking 3374: 14 0
   Repacking 3375: 13 0
   Repacking 3376: 16 0
   Repacking 3377: 12 0
   Repacking 3378: 17 0
   Repacking 3379: 6 0
   Repacking 3380: 16 1 0
   Repacking 3381: 14 0
   Repacking 3382: 10 0
   Repacking 3383: 14 0
   Repacking 3384: 16 1 0
   Repacking 3385: 14 0
   Repacking 3386: 14 0
   Repacking 3387: 14 0
   Repacking 3388: 10 1 0
   Repacking 3389: 12 0
   Repacking 3390: 18 1 0
   Repacking 3391: 20 0
   Repacking 3392: 12 0
   Repacking 3393: 13 0
   Repacking 3394: 19 0
   Repacking 3395: 14 0
   Repacking 3396: 16 0
   Repacking 3397: 15 0
   Repacking 3398: 12 0
   Repacking 3399: 18 0
   Repacking 3400: 20 0
   Repacking 3401: 13 0
   Repacking 3402: 19 1 0
   Repacking 3403: 13 0
   Repacking 3404: 18 0
   Repacking 3405: 14 0
   Repacking 3406: 19 1 0
   Repacking 3407: 17 0
   Repacking 3408: 11 0
   Repacking 3409: 16 1 0
   Repacking 3410: 16 0
   Repacking 3411: 15 0
   Repacking 3412: 12 0
   Repacking 3413: 17 0
   Repacking 3414: 15 1 0
   Repacking 3415: 12 1 0
   Repacking 3416: 13 0
   Repacking 3417: 12 0
   Repacking 3418: 21 0
   Repacking 3419: 17 0
   Repacking 3420: 16 0
   Repacking 3421: 14 0
   Repacking 3422: 10 0
   Repacking 3423: 13 0
   Repacking 3424: 14 1 0
   Repacking 3425: 15 1 0
   Repacking 3426: 12 0
   Repacking 3427: 18 0
   Repacking 3428: 19 0
   Repacking 3429: 15 0
   Repacking 3430: 14 0
   Repacking 3431: 19 0
   Repacking 3432: 15 1 0
   Repacking 3433: 10 1 0
   Repacking 3434: 15 0
   Repacking 3435: 18 1 0
   Repacking 3436: 17 0
   Repacking 3437: 19 0
   Repacking 3438: 13 0
   Repacking 3439: 16 1 0
   Repacking 3440: 16 1 0
   Repacking 3441: 12 0
   Repacking 3442: 16 0
   Repacking 3443: 14 1 0
   Repacking 3444: 17 0
   Repacking 3445: 14 1 0
   Repacking 3446: 12 0
   Repacking 3447: 18 0
   Repacking 3448: 16 0
   Repacking 3449: 11 0
   Repacking 3450: 13 0
   Repacking 3451: 10 0
   Repacking 3452: 16 0
   Repacking 3453: 18 0
   Repacking 3454: 18 1 0
   Repacking 3455: 11 0
   Repacking 3456: 12 0
   Repacking 3457: 13 0
   Repacking 3458: 15 0
   Repacking 3459: 21 0
   Repacking 3460: 14 0
   Repacking 3461: 15 1 0
   Repacking 3462: 17 0
   Repacking 3463: 18 0
   Repacking 3464: 15 0
   Repacking 3465: 12 0
   Repacking 3466: 12 1 0
   Repacking 3467: 19 1 0
   Repacking 3468: 17 0
   Repacking 3469: 11 0
   Repacking 3470: 15 0
   Repacking 3471: 19 0
   Repacking 3472: 13 0
   Repacking 3473: 16 0
   Repacking 3474: 19 0
   Repacking 3475: 16 1 0
   Repacking 3476: 10 0
   Repacking 3477: 13 1 0
   Repacking 3478: 15 0
   Repacking 3479: 12 0
   Repacking 3480: 15 1 0
   Repacking 3481: 14 0
   Repacking 3482: 13 0
   Repacking 3483: 19 0
   Repacking 3484: 16 0
   Repacking 3485: 17 0
   Repacking 3486: 12 0
   Repacking 3487: 14 1 0
   Repacking 3488: 17 0
   Repacking 3489: 20 0
   Repacking 3490: 16 0
   Repacking 3491: 15 0
   Repacking 3492: 12 1 0
   Repacking 3493: 13 1 0
   Repacking 3494: 18 0
   Repacking 3495: 12 1 0
   Repacking 3496: 13 0
   Repacking 3497: 13 0
   Repacking 3498: 17 0
   Repacking 3499: 11 0
   Repacking 3500: 13 1 0
   Repacking 3501: 13 0
   Repacking 3502: 14 0
   Repacking 3503: 11 0
   Repacking 3504: 22 0
   Repacking 3505: 18 0
   Repacking 3506: 15 1 0
   Repacking 3507: 12 0
   Repacking 3508: 14 0
   Repacking 3509: 7 1 0
   Repacking 3510: 16 0
   Repacking 3511: 20 0
   Repacking 3512: 17 0
   Repacking 3513: 19 0
   Repacking 3514: 13 0
   Repacking 3515: 13 0
   Repacking 3516: 16 0
   Repacking 3517: 13 0
   Repacking 3518: 13 0
   Repacking 3519: 14 0
   Repacking 3520: 17 0
   Repacking 3521: 18 0
   Repacking 3522: 16 0
   Repacking 3523: 12 0
   Repacking 3524: 18 0
   Repacking 3525: 15 0
   Repacking 3526: 17 0
   Repacking 3527: 17 1 0
   Repacking 3528: 13 0
   Repacking 3529: 12 0
   Repacking 3530: 12 0
   Repacking 3531: 17 1 0
   Repacking 3532: 16 0
   Repacking 3533: 19 0
   Repacking 3534: 13 0
   Repacking 3535: 15 0
   Repacking 3536: 14 0
   Repacking 3537: 13 0
   Repacking 3538: 23 1 0
   Repacking 3539: 12 1 0
   Repacking 3540: 15 0
   Repacking 3541: 10 0
   Repacking 3542: 12 0
   Repacking 3543: 13 0
   Repacking 3544: 13 1 0
   Repacking 3545: 16 0
   Repacking 3546: 8 0
   Repacking 3547: 16 1 0
   Repacking 3548: 17 0
   Repacking 3549: 13 0
   Repacking 3550: 18 0
   Repacking 3551: 17 0
   Repacking 3552: 17 1 0
   Repacking 3553: 15 0
   Repacking 3554: 18 1 0
   Repacking 3555: 10 0
   Repacking 3556: 20 0
   Repacking 3557: 15 1 0
   Repacking 3558: 16 0
   Repacking 3559: 14 0
   Repacking 3560: 16 1 0
   Repacking 3561: 17 0
   Repacking 3562: 11 0
   Repacking 3563: 17 0
   Repacking 3564: 19 1 0
   Repacking 3565: 13 1 0
   Repacking 3566: 14 0
   Repacking 3567: 14 0
   Repacking 3568: 11 0
   Repacking 3569: 18 0
   Repacking 3570: 18 1 0
   Repacking 3571: 10 0
   Repacking 3572: 19 1 0
   Repacking 3573: 16 0
   Repacking 3574: 18 0
   Repacking 3575: 15 1 0
   Repacking 3576: 12 0
   Repacking 3577: 16 0
   Repacking 3578: 13 0
   Repacking 3579: 16 0
   Repacking 3580: 10 0
   Repacking 3581: 14 1 0
   Repacking 3582: 20 0
   Repacking 3583: 16 0
   Repacking 3584: 18 0
   Repacking 3585: 11 0
   Repacking 3586: 12 0
   Repacking 3587: 11 1 0
   Repacking 3588: 15 0
   Repacking 3589: 16 1 0
   Repacking 3590: 15 0
   Repacking 3591: 15 0
   Repacking 3592: 9 0
   Repacking 3593: 17 0
   Repacking 3594: 13 0
   Repacking 3595: 18 1 0
   Repacking 3596: 18 0
   Repacking 3597: 19 0
   Repacking 3598: 16 0
   Repacking 3599: 8 0
   Repacking 3600: 19 1 0
   Repacking 3601: 15 1 0
   Repacking 3602: 14 1 0
   Repacking 3603: 15 0
   Repacking 3604: 13 0
   Repacking 3605: 7 0
   Repacking 3606: 13 1 0
   Repacking 3607: 17 0
   Repacking 3608: 17 0
   Repacking 3609: 18 1 0
   Repacking 3610: 14 0
   Repacking 3611: 16 0
   Repacking 3612: 11 0
   Repacking 3613: 13 0
   Repacking 3614: 15 0
   Repacking 3615: 12 0
   Repacking 3616: 17 0
   Repacking 3617: 16 0
   Repacking 3618: 20 0
   Repacking 3619: 10 0
   Repacking 3620: 14 1 0
   Repacking 3621: 15 1 0
   Repacking 3622: 12 0
   Repacking 3623: 11 1 0
   Repacking 3624: 13 0
   Repacking 3625: 14 0
   Repacking 3626: 16 1 0
   Repacking 3627: 15 1 0
   Repacking 3628: 14 0
   Repacking 3629: 14 0
   Repacking 3630: 16 0
   Repacking 3631: 15 0
   Repacking 3632: 15 0
   Repacking 3633: 11 0
   Repacking 3634: 14 0
   Repacking 3635: 12 0
   Repacking 3636: 17 1 0
   Repacking 3637: 14 0
   Repacking 3638: 13 0
   Repacking 3639: 16 0
   Repacking 3640: 12 0
   Repacking 3641: 17 1 0
   Repacking 3642: 14 1 0
   Repacking 3643: 20 0
   Repacking 3644: 13 0
   Repacking 3645: 16 0
   Repacking 3646: 18 0
   Repacking 3647: 17 0
   Repacking 3648: 14 1 0
   Repacking 3649: 17 0
   Repacking 3650: 15 0
   Repacking 3651: 18 0
   Repacking 3652: 18 0
   Repacking 3653: 19 0
   Repacking 3654: 17 1 0
   Repacking 3655: 20 0
   Repacking 3656: 11 0
   Repacking 3657: 17 1 0
   Repacking 3658: 16 0
   Repacking 3659: 10 0
   Repacking 3660: 17 0
   Repacking 3661: 13 1 0
   Repacking 3662: 11 1 0
   Repacking 3663: 20 1 0
   Repacking 3664: 12 0
   Repacking 3665: 16 0
   Repacking 3666: 9 0
   Repacking 3667: 13 0
   Repacking 3668: 16 1 0
   Repacking 3669: 13 0
   Repacking 3670: 16 0
   Repacking 3671: 16 0
   Repacking 3672: 16 0
   Repacking 3673: 13 0
   Repacking 3674: 22 1 0
   Repacking 3675: 12 0
   Repacking 3676: 13 0
   Repacking 3677: 12 1 0
   Repacking 3678: 12 1 0
   Repacking 3679: 17 1 0
   Repacking 3680: 17 0
   Repacking 3681: 12 1 0
   Repacking 3682: 17 1 0
   Repacking 3683: 13 0
   Repacking 3684: 15 0
   Repacking 3685: 16 1 0
   Repacking 3686: 15 0
   Repacking 3687: 14 0
   Repacking 3688: 12 1 0
   Repacking 3689: 13 0
   Repacking 3690: 12 1 0
   Repacking 3691: 15 0
   Repacking 3692: 14 0
   Repacking 3693: 13 0
   Repacking 3694: 17 0
   Repacking 3695: 12 1 0
   Repacking 3696: 10 0
   Repacking 3697: 19 0
   Repacking 3698: 10 0
   Repacking 3699: 23 1 0
   Repacking 3700: 14 0
   Repacking 3701: 18 0
   Repacking 3702: 16 0
   Repacking 3703: 13 0
   Repacking 3704: 14 1 0
   Repacking 3705: 19 0
   Repacking 3706: 16 0
   Repacking 3707: 11 1 0
   Repacking 3708: 18 0
   Repacking 3709: 16 0
   Repacking 3710: 15 0
   Repacking 3711: 13 0
   Repacking 3712: 14 1 0
   Repacking 3713: 15 0
   Repacking 3714: 16 0
   Repacking 3715: 14 0
   Repacking 3716: 17 0
   Repacking 3717: 15 0
   Repacking 3718: 16 1 0
   Repacking 3719: 15 1 0
   Repacking 3720: 14 0
   Repacking 3721: 15 0
   Repacking 3722: 12 1 0
   Repacking 3723: 13 0
   Repacking 3724: 18 0
   Repacking 3725: 16 0
   Repacking 3726: 12 0
   Repacking 3727: 15 0
   Repacking 3728: 16 1 0
   Repacking 3729: 14 1 0
   Repacking 3730: 15 0
   Repacking 3731: 20 0
   Repacking 3732: 10 0
   Repacking 3733: 14 0
   Repacking 3734: 16 0
   Repacking 3735: 12 0
   Repacking 3736: 15 0
   Repacking 3737: 9 0
   Repacking 3738: 19 1 0
   Repacking 3739: 17 1 0
   Repacking 3740: 15 0
   Repacking 3741: 19 0
   Repacking 3742: 11 1 0
   Repacking 3743: 9 0
   Repacking 3744: 10 1 0
   Repacking 3745: 17 1 0
   Repacking 3746: 13 0
   Repacking 3747: 15 0
   Repacking 3748: 12 1 0
   Repacking 3749: 14 1 0
   Repacking 3750: 13 1 0
   Repacking 3751: 17 0
   Repacking 3752: 10 0
   Repacking 3753: 16 1 0
   Repacking 3754: 13 0
   Repacking 3755: 11 1 0
   Repacking 3756: 10 1 0
   Repacking 3757: 15 0
   Repacking 3758: 12 0
   Repacking 3759: 12 0
   Repacking 3760: 10 0
   Repacking 3761: 12 0
   Repacking 3762: 11 0
   Repacking 3763: 11 1 0
   Repacking 3764: 11 0
   Repacking 3765: 13 0
   Repacking 3766: 18 0
   Repacking 3767: 14 0
   Repacking 3768: 14 1 0
   Repacking 3769: 12 0
   Repacking 3770: 13 0
   Repacking 3771: 16 0
   Repacking 3772: 17 1 0
   Repacking 3773: 14 0
   Repacking 3774: 11 0
   Repacking 3775: 15 1 0
   Repacking 3776: 16 0
   Repacking 3777: 12 0
   Repacking 3778: 19 1 0
   Repacking 3779: 13 0
   Repacking 3780: 14 0
   Repacking 3781: 17 0
   Repacking 3782: 11 0
   Repacking 3783: 11 0
   Repacking 3784: 20 0
   Repacking 3785: 18 0
   Repacking 3786: 16 0
   Repacking 3787: 17 0
   Repacking 3788: 13 0
   Repacking 3789: 16 0
   Repacking 3790: 16 0
   Repacking 3791: 13 1 0
   Repacking 3792: 13 0
   Repacking 3793: 15 0
   Repacking 3794: 15 0
   Repacking 3795: 19 0
   Repacking 3796: 17 0
   Repacking 3797: 17 0
   Repacking 3798: 14 0
   Repacking 3799: 10 0
   Repacking 3800: 14 0
   Repacking 3801: 14 0
   Repacking 3802: 13 0
   Repacking 3803: 12 0
   Repacking 3804: 11 0
   Repacking 3805: 12 0
   Repacking 3806: 18 1 0
   Repacking 3807: 17 0
   Repacking 3808: 20 1 0
   Repacking 3809: 17 0
   Repacking 3810: 14 0
   Repacking 3811: 15 1 0
   Repacking 3812: 17 1 0
   Repacking 3813: 16 1 0
   Repacking 3814: 15 0
   Repacking 3815: 17 0
   Repacking 3816: 20 0
   Repacking 3817: 14 1 0
   Repacking 3818: 17 0
   Repacking 3819: 20 1 0
   Repacking 3820: 15 1 0
   Repacking 3821: 20 0
   Repacking 3822: 15 0
   Repacking 3823: 12 0
   Repacking 3824: 14 0
   Repacking 3825: 18 0
   Repacking 3826: 12 0
   Repacking 3827: 16 0
   Repacking 3828: 17 0
   Repacking 3829: 12 0
   Repacking 3830: 17 0
   Repacking 3831: 14 0
   Repacking 3832: 12 0
   Repacking 3833: 19 0
   Repacking 3834: 15 1 0
   Repacking 3835: 11 0
   Repacking 3836: 12 0
   Repacking 3837: 15 1 0
   Repacking 3838: 14 0
   Repacking 3839: 13 1 0
   Repacking 3840: 14 0
   Repacking 3841: 14 0
   Repacking 3842: 13 0
   Repacking 3843: 9 0
   Repacking 3844: 13 0
   Repacking 3845: 17 0
   Repacking 3846: 21 0
   Repacking 3847: 20 0
   Repacking 3848: 14 0
   Repacking 3849: 13 0
   Repacking 3850: 13 0
   Repacking 3851: 17 0
   Repacking 3852: 12 1 0
   Repacking 3853: 11 0
   Repacking 3854: 16 0
   Repacking 3855: 11 0
   Repacking 3856: 17 1 0
   Repacking 3857: 14 0
   Repacking 3858: 22 0
   Repacking 3859: 17 1 0
   Repacking 3860: 14 1 0
   Repacking 3861: 12 0
   Repacking 3862: 16 0
   Repacking 3863: 22 0
   Repacking 3864: 19 1 0
   Repacking 3865: 17 0
   Repacking 3866: 12 0
   Repacking 3867: 13 0
   Repacking 3868: 17 0
   Repacking 3869: 17 1 0
   Repacking 3870: 14 0
   Repacking 3871: 14 1 0
   Repacking 3872: 18 0
   Repacking 3873: 14 1 0
   Repacking 3874: 15 0
   Repacking 3875: 14 1 0
   Repacking 3876: 14 0
   Repacking 3877: 17 0
   Repacking 3878: 14 0
   Repacking 3879: 14 1 0
   Repacking 3880: 13 0
   Repacking 3881: 20 0
   Repacking 3882: 18 0
   Repacking 3883: 12 0
   Repacking 3884: 13 0
   Repacking 3885: 18 0
   Repacking 3886: 14 0
   Repacking 3887: 11 0
   Repacking 3888: 16 0
   Repacking 3889: 16 0
   Repacking 3890: 12 1 0
   Repacking 3891: 11 0
   Repacking 3892: 16 1 0
   Repacking 3893: 14 0
   Repacking 3894: 13 0
   Repacking 3895: 12 1 0
   Repacking 3896: 19 0
   Repacking 3897: 13 0
   Repacking 3898: 11 0
   Repacking 3899: 18 1 0
   Repacking 3900: 15 0
   Repacking 3901: 15 0
   Repacking 3902: 11 0
   Repacking 3903: 11 0
   Repacking 3904: 18 0
   Repacking 3905: 15 0
   Repacking 3906: 19 0
   Repacking 3907: 12 0
   Repacking 3908: 13 0
   Repacking 3909: 18 0
   Repacking 3910: 10 0
   Repacking 3911: 19 0
   Repacking 3912: 9 0
   Repacking 3913: 15 0
   Repacking 3914: 16 0
   Repacking 3915: 17 0
   Repacking 3916: 16 0
   Repacking 3917: 11 0
   Repacking 3918: 17 0
   Repacking 3919: 15 0
   Repacking 3920: 17 1 0
   Repacking 3921: 13 1 0
   Repacking 3922: 16 1 0
   Repacking 3923: 17 0
   Repacking 3924: 11 0
   Repacking 3925: 17 0
   Repacking 3926: 16 1 0
   Repacking 3927: 17 0
   Repacking 3928: 17 0
   Repacking 3929: 14 0
   Repacking 3930: 15 0
   Repacking 3931: 17 1 0
   Repacking 3932: 10 0
   Repacking 3933: 13 0
   Repacking 3934: 13 0
   Repacking 3935: 16 0
   Repacking 3936: 17 1 0
   Repacking 3937: 15 0
   Repacking 3938: 11 0
   Repacking 3939: 15 1 0
   Repacking 3940: 14 0
   Repacking 3941: 11 0
   Repacking 3942: 15 0
   Repacking 3943: 15 0
   Repacking 3944: 12 0
   Repacking 3945: 16 0
   Repacking 3946: 13 0
   Repacking 3947: 14 0
   Repacking 3948: 15 1 0
   Repacking 3949: 12 0
   Repacking 3950: 20 0
   Repacking 3951: 12 0
   Repacking 3952: 15 1 0
   Repacking 3953: 14 1 0
   Repacking 3954: 20 0
   Repacking 3955: 20 1 0
   Repacking 3956: 9 0
   Repacking 3957: 13 0
   Repacking 3958: 18 0
   Repacking 3959: 17 0
   Repacking 3960: 13 0
   Repacking 3961: 15 0
   Repacking 3962: 16 1 0
   Repacking 3963: 10 0
   Repacking 3964: 15 0
   Repacking 3965: 11 0
   Repacking 3966: 10 0
   Repacking 3967: 14 0
   Repacking 3968: 13 0
   Repacking 3969: 15 0
   Repacking 3970: 9 1 0
   Repacking 3971: 14 0
   Repacking 3972: 17 1 0
   Repacking 3973: 12 0
   Repacking 3974: 15 0
   Repacking 3975: 16 1 0
   Repacking 3976: 12 0
   Repacking 3977: 12 0
   Repacking 3978: 18 0
   Repacking 3979: 15 0
   Repacking 3980: 15 1 0
   Repacking 3981: 11 0
   Repacking 3982: 20 1 0
   Repacking 3983: 13 0
   Repacking 3984: 17 0
   Repacking 3985: 14 0
   Repacking 3986: 12 1 0
   Repacking 3987: 16 0
   Repacking 3988: 18 1 0
   Repacking 3989: 20 1 0
   Repacking 3990: 15 0
   Repacking 3991: 16 0
   Repacking 3992: 9 1 0
   Repacking 3993: 16 0
   Repacking 3994: 14 0
   Repacking 3995: 10 0
   Repacking 3996: 18 0
   Repacking 3997: 12 1 0
   Repacking 3998: 14 0
   Repacking 3999: 11 0
   Repacking 4000: 15 0
   Repacking 4001: 12 0
   Repacking 4002: 21 1 0
   Repacking 4003: 18 0
   Repacking 4004: 13 0
   Repacking 4005: 15 0
   Repacking 4006: 13 0
   Repacking 4007: 15 0
   Repacking 4008: 16 0
   Repacking 4009: 16 1 0
   Repacking 4010: 13 0
   Repacking 4011: 15 0
   Repacking 4012: 16 0
   Repacking 4013: 15 0
   Repacking 4014: 13 0
   Repacking 4015: 14 0
   Repacking 4016: 15 0
   Repacking 4017: 15 0
   Repacking 4018: 19 0
   Repacking 4019: 14 0
   Repacking 4020: 17 0
   Repacking 4021: 17 1 0
   Repacking 4022: 18 1 0
   Repacking 4023: 19 1 0
   Repacking 4024: 18 0
   Repacking 4025: 11 0
   Repacking 4026: 18 0
   Repacking 4027: 11 0
   Repacking 4028: 14 0
   Repacking 4029: 16 1 0
   Repacking 4030: 12 0
   Repacking 4031: 11 0
   Repacking 4032: 13 0
   Repacking 4033: 14 0
   Repacking 4034: 9 0
   Repacking 4035: 11 1 0
   Repacking 4036: 15 0
   Repacking 4037: 17 0
   Repacking 4038: 15 0
   Repacking 4039: 19 0
   Repacking 4040: 15 1 0
   Repacking 4041: 14 0
   Repacking 4042: 15 0
   Repacking 4043: 20 0
   Repacking 4044: 13 0
   Repacking 4045: 15 0
   Repacking 4046: 11 0
   Repacking 4047: 10 0
   Repacking 4048: 15 1 0
   Repacking 4049: 16 0
   Repacking 4050: 17 0
   Repacking 4051: 18 1 0
   Repacking 4052: 11 0
   Repacking 4053: 9 0
   Repacking 4054: 12 1 0
   Repacking 4055: 15 1 0
   Repacking 4056: 12 0
   Repacking 4057: 18 1 0
   Repacking 4058: 15 1 0
   Repacking 4059: 15 0
   Repacking 4060: 11 1 0
   Repacking 4061: 19 1 0
   Repacking 4062: 11 0
   Repacking 4063: 16 0
   Repacking 4064: 15 0
   Repacking 4065: 13 0
   Repacking 4066: 16 0
   Repacking 4067: 14 0
   Repacking 4068: 16 0
   Repacking 4069: 15 1 0
   Repacking 4070: 15 0
   Repacking 4071: 13 0
   Repacking 4072: 14 0
   Repacking 4073: 16 1 0
   Repacking 4074: 12 0
   Repacking 4075: 13 0
   Repacking 4076: 18 0
   Repacking 4077: 10 0
   Repacking 4078: 15 0
   Repacking 4079: 15 0
   Repacking 4080: 11 0
   Repacking 4081: 17 0
   Repacking 4082: 16 1 0
   Repacking 4083: 7 0
   Repacking 4084: 15 0
   Repacking 4085: 18 1 0
   Repacking 4086: 16 0
   Repacking 4087: 15 0
   Repacking 4088: 13 0
   Repacking 4089: 11 0
   Repacking 4090: 10 0
   Repacking 4091: 18 0
   Repacking 4092: 12 0
   Repacking 4093: 10 0
   Repacking 4094: 15 0
   Repacking 4095: 15 1 0
   Repacking 4096: 13 0
   Repacking 4097: 12 0
   Repacking 4098: 16 1 0
   Repacking 4099: 15 0
   Repacking 4100: 14 0
   Repacking 4101: 17 0
   Repacking 4102: 11 0
   Repacking 4103: 11 0
   Repacking 4104: 19 0
   Repacking 4105: 14 0
   Repacking 4106: 20 1 0
   Repacking 4107: 16 0
   Repacking 4108: 18 0
   Repacking 4109: 19 0
   Repacking 4110: 11 0
   Repacking 4111: 14 0
   Repacking 4112: 16 0
   Repacking 4113: 15 0
   Repacking 4114: 15 0
   Repacking 4115: 17 1 0
   Repacking 4116: 17 0
   Repacking 4117: 7 0
   Repacking 4118: 12 0
   Repacking 4119: 13 0
   Repacking 4120: 18 0
   Repacking 4121: 13 0
   Repacking 4122: 14 0
   Repacking 4123: 19 0
   Repacking 4124: 13 1 0
   Repacking 4125: 15 0
   Repacking 4126: 16 0
   Repacking 4127: 14 0
   Repacking 4128: 13 1 0
   Repacking 4129: 14 0
   Repacking 4130: 15 1 0
   Repacking 4131: 14 0
   Repacking 4132: 16 1 0
   Repacking 4133: 16 0
   Repacking 4134: 15 0
   Repacking 4135: 12 1 0
   Repacking 4136: 18 0
   Repacking 4137: 14 0
   Repacking 4138: 13 0
   Repacking 4139: 13 0
   Repacking 4140: 9 1 0
   Repacking 4141: 14 0
   Repacking 4142: 15 0
   Repacking 4143: 15 0
   Repacking 4144: 15 1 0
   Repacking 4145: 12 0
   Repacking 4146: 14 1 0
   Repacking 4147: 14 0
   Repacking 4148: 11 1 0
   Repacking 4149: 13 0
   Repacking 4150: 16 0
   Repacking 4151: 13 0
   Repacking 4152: 16 0
   Repacking 4153: 10 0
   Repacking 4154: 17 0
   Repacking 4155: 16 0
   Repacking 4156: 15 0
   Repacking 4157: 14 1 0
   Repacking 4158: 15 0
   Repacking 4159: 15 0
   Repacking 4160: 15 1 0
   Repacking 4161: 17 0
   Repacking 4162: 16 0
   Repacking 4163: 16 0
   Repacking 4164: 15 0
   Repacking 4165: 14 0
   Repacking 4166: 18 0
   Repacking 4167: 15 0
   Repacking 4168: 14 0
   Repacking 4169: 20 0
   Repacking 4170: 15 0
   Repacking 4171: 16 0
   Repacking 4172: 9 0
   Repacking 4173: 13 1 0
   Repacking 4174: 13 0
   Repacking 4175: 11 0
   Repacking 4176: 20 0
   Repacking 4177: 15 0
   Repacking 4178: 19 0
   Repacking 4179: 18 0
   Repacking 4180: 15 1 0
   Repacking 4181: 19 0
   Repacking 4182: 15 0
   Repacking 4183: 15 1 0
   Repacking 4184: 15 1 0
   Repacking 4185: 14 0
   Repacking 4186: 13 0
   Repacking 4187: 12 0
   Repacking 4188: 18 1 0
   Repacking 4189: 20 0
   Repacking 4190: 15 0
   Repacking 4191: 19 0
   Repacking 4192: 10 0
   Repacking 4193: 14 0
   Repacking 4194: 19 1 0
   Repacking 4195: 10 0
   Repacking 4196: 13 0
   Repacking 4197: 17 1 0
   Repacking 4198: 16 1 0
   Repacking 4199: 11 1 0
   Repacking 4200: 19 0
   Repacking 4201: 13 0
   Repacking 4202: 20 1 0
   Repacking 4203: 15 0
   Repacking 4204: 12 0
   Repacking 4205: 16 0
   Repacking 4206: 16 0
   Repacking 4207: 17 0
   Repacking 4208: 14 0
   Repacking 4209: 16 0
   Repacking 4210: 16 0
   Repacking 4211: 16 0
   Repacking 4212: 13 0
   Repacking 4213: 19 0
   Repacking 4214: 18 0
   Repacking 4215: 9 0
   Repacking 4216: 17 0
   Repacking 4217: 18 1 0
   Repacking 4218: 15 0
   Repacking 4219: 18 0
   Repacking 4220: 18 0
   Repacking 4221: 15 0
   Repacking 4222: 20 1 0
   Repacking 4223: 15 0
   Repacking 4224: 12 0
   Repacking 4225: 13 0
   Repacking 4226: 17 0
   Repacking 4227: 16 0
   Repacking 4228: 11 1 0
   Repacking 4229: 13 0
   Repacking 4230: 17 0
   Repacking 4231: 17 0
   Repacking 4232: 15 1 0
   Repacking 4233: 17 1 0
   Repacking 4234: 12 1 0
   Repacking 4235: 18 0
   Repacking 4236: 15 0
   Repacking 4237: 10 0
   Repacking 4238: 13 0
   Repacking 4239: 13 1 0
   Repacking 4240: 19 0
   Repacking 4241: 11 0
   Repacking 4242: 16 1 0
   Repacking 4243: 16 0
   Repacking 4244: 17 1 0
   Repacking 4245: 13 1 0
   Repacking 4246: 13 0
   Repacking 4247: 12 0
   Repacking 4248: 18 0
   Repacking 4249: 8 0
   Repacking 4250: 14 0
   Repacking 4251: 6 0
   Repacking 4252: 11 0
   Repacking 4253: 8 0
   Repacking 4254: 14 0
   Repacking 4255: 15 0
   Repacking 4256: 16 0
   Repacking 4257: 15 1 0
   Repacking 4258: 13 0
   Repacking 4259: 11 0
   Repacking 4260: 11 1 0
   Repacking 4261: 16 1 0
   Repacking 4262: 16 1 0
   Repacking 4263: 11 0
   Repacking 4264: 14 0
   Repacking 4265: 11 0
   Repacking 4266: 17 0
   Repacking 4267: 19 0
   Repacking 4268: 17 0
   Repacking 4269: 14 0
   Repacking 4270: 19 0
   Repacking 4271: 15 0
   Repacking 4272: 17 0
   Repacking 4273: 15 0
   Repacking 4274: 11 0
   Repacking 4275: 15 0
   Repacking 4276: 15 0
   Repacking 4277: 19 0
   Repacking 4278: 7 0
   Repacking 4279: 13 0
   Repacking 4280: 13 1 0
   Repacking 4281: 13 1 0
   Repacking 4282: 13 0
   Repacking 4283: 14 1 0
   Repacking 4284: 18 0
   Repacking 4285: 11 0
   Repacking 4286: 19 0
   Repacking 4287: 12 0
   Repacking 4288: 18 0
   Repacking 4289: 17 1 0
   Repacking 4290: 19 0
   Repacking 4291: 10 0
   Repacking 4292: 18 0
   Repacking 4293: 15 1 0
   Repacking 4294: 16 0
   Repacking 4295: 17 1 0
   Repacking 4296: 14 0
   Repacking 4297: 10 0
   Repacking 4298: 12 0
   Repacking 4299: 13 0
   Repacking 4300: 16 0
   Repacking 4301: 19 1 0
   Repacking 4302: 18 1 0
   Repacking 4303: 18 0
   Repacking 4304: 18 1 0
   Repacking 4305: 17 0
   Repacking 4306: 13 0
   Repacking 4307: 20 1 0
   Repacking 4308: 18 0
   Repacking 4309: 11 0
   Repacking 4310: 14 0
   Repacking 4311: 14 0
   Repacking 4312: 15 0
   Repacking 4313: 10 0
   Repacking 4314: 18 0
   Repacking 4315: 19 0
   Repacking 4316: 15 0
   Repacking 4317: 12 0
   Repacking 4318: 12 0
   Repacking 4319: 6 0
   Repacking 4320: 8 0
   Repacking 4321: 14 1 0
   Repacking 4322: 13 0
   Repacking 4323: 13 0
   Repacking 4324: 16 0
   Repacking 4325: 16 0
   Repacking 4326: 15 0
   Repacking 4327: 14 0
   Repacking 4328: 16 0
   Repacking 4329: 18 1 0
   Repacking 4330: 16 0
   Repacking 4331: 13 0
   Repacking 4332: 21 0
   Repacking 4333: 14 0
   Repacking 4334: 16 0
   Repacking 4335: 15 0
   Repacking 4336: 15 1 0
   Repacking 4337: 17 1 0
   Repacking 4338: 13 0
   Repacking 4339: 8 0
   Repacking 4340: 17 1 0
   Repacking 4341: 15 0
   Repacking 4342: 16 0
   Repacking 4343: 16 1 0
   Repacking 4344: 11 0
   Repacking 4345: 14 0
   Repacking 4346: 15 0
   Repacking 4347: 13 0
   Repacking 4348: 20 0
   Repacking 4349: 15 0
   Repacking 4350: 17 0
   Repacking 4351: 14 1 0
   Repacking 4352: 12 1 0
   Repacking 4353: 19 1 0
   Repacking 4354: 12 1 0
   Repacking 4355: 17 0
   Repacking 4356: 14 0
   Repacking 4357: 17 0
   Repacking 4358: 13 0
   Repacking 4359: 15 0
   Repacking 4360: 14 1 0
   Repacking 4361: 20 0
   Repacking 4362: 14 1 0
   Repacking 4363: 13 0
   Repacking 4364: 10 0
   Repacking 4365: 16 0
   Repacking 4366: 20 0
   Repacking 4367: 19 0
   Repacking 4368: 16 0
   Repacking 4369: 17 1 0
   Repacking 4370: 18 0
   Repacking 4371: 18 0
   Repacking 4372: 14 0
   Repacking 4373: 10 0
   Repacking 4374: 10 0
   Repacking 4375: 17 0
   Repacking 4376: 11 0
   Repacking 4377: 12 0
   Repacking 4378: 12 0
   Repacking 4379: 17 1 0
   Repacking 4380: 13 0
   Repacking 4381: 18 0
   Repacking 4382: 14 1 0
   Repacking 4383: 17 1 0
   Repacking 4384: 12 0
   Repacking 4385: 13 0
   Repacking 4386: 16 0
   Repacking 4387: 13 0
   Repacking 4388: 14 0
   Repacking 4389: 16 1 0
   Repacking 4390: 18 1 0
   Repacking 4391: 17 0
   Repacking 4392: 16 0
   Repacking 4393: 14 1 0
   Repacking 4394: 12 0
   Repacking 4395: 16 1 0
   Repacking 4396: 15 1 0
   Repacking 4397: 12 0
   Repacking 4398: 14 0
   Repacking 4399: 14 0
   Repacking 4400: 18 1 0
   Repacking 4401: 14 0
   Repacking 4402: 18 0
   Repacking 4403: 16 0
   Repacking 4404: 14 1 0
   Repacking 4405: 12 0
   Repacking 4406: 21 0
   Repacking 4407: 15 1 0
   Repacking 4408: 16 0
   Repacking 4409: 15 0
   Repacking 4410: 16 0
   Repacking 4411: 13 0
   Repacking 4412: 13 0
   Repacking 4413: 16 0
   Repacking 4414: 10 0
   Repacking 4415: 12 0
   Repacking 4416: 18 1 0
   Repacking 4417: 16 1 0
   Repacking 4418: 17 1 0
   Repacking 4419: 21 0
   Repacking 4420: 14 0
   Repacking 4421: 10 0
   Repacking 4422: 15 0
   Repacking 4423: 10 0
   Repacking 4424: 15 1 0
   Repacking 4425: 14 0
   Repacking 4426: 19 0
   Repacking 4427: 14 1 0
   Repacking 4428: 14 0
   Repacking 4429: 14 0
   Repacking 4430: 14 0
   Repacking 4431: 16 1 0
   Repacking 4432: 13 0
   Repacking 4433: 15 1 0
   Repacking 4434: 20 0
   Repacking 4435: 13 0
   Repacking 4436: 13 1 0
   Repacking 4437: 13 0
   Repacking 4438: 14 1 0
   Repacking 4439: 15 0
   Repacking 4440: 15 0
   Repacking 4441: 16 0
   Repacking 4442: 14 0
   Repacking 4443: 10 0
   Repacking 4444: 20 0
   Repacking 4445: 14 0
   Repacking 4446: 14 0
   Repacking 4447: 14 0
   Repacking 4448: 15 0
   Repacking 4449: 15 0
   Repacking 4450: 16 0
   Repacking 4451: 11 1 0
   Repacking 4452: 11 1 0
   Repacking 4453: 13 1 0
   Repacking 4454: 17 0
   Repacking 4455: 14 0
   Repacking 4456: 17 0
   Repacking 4457: 15 1 0
   Repacking 4458: 17 0
   Repacking 4459: 18 1 0
   Repacking 4460: 17 0
   Repacking 4461: 16 0
   Repacking 4462: 12 0
   Repacking 4463: 15 0
   Repacking 4464: 16 1 0
   Repacking 4465: 12 0
   Repacking 4466: 15 0
   Repacking 4467: 17 0
   Repacking 4468: 15 0
   Repacking 4469: 11 0
   Repacking 4470: 13 0
   Repacking 4471: 17 0
   Repacking 4472: 16 0
   Repacking 4473: 15 1 0
   Repacking 4474: 17 1 0
   Repacking 4475: 18 0
   Repacking 4476: 12 1 0
   Repacking 4477: 9 0
   Repacking 4478: 16 0
   Repacking 4479: 13 0
   Repacking 4480: 9 0
   Repacking 4481: 16 0
   Repacking 4482: 19 0
   Repacking 4483: 12 1 0
   Repacking 4484: 16 1 0
   Repacking 4485: 20 0
   Repacking 4486: 19 0
   Repacking 4487: 13 0
   Repacking 4488: 16 0
   Repacking 4489: 14 0
   Repacking 4490: 18 0
   Repacking 4491: 18 1 0
   Repacking 4492: 13 0
   Repacking 4493: 19 0
   Repacking 4494: 13 1 0
   Repacking 4495: 13 0
   Repacking 4496: 16 1 0
   Repacking 4497: 11 0
   Repacking 4498: 17 0
   Repacking 4499: 18 1 0
   Repacking 4500: 17 0
   Repacking 4501: 15 0
   Repacking 4502: 22 1 0
   Repacking 4503: 18 1 0
   Repacking 4504: 17 1 0
   Repacking 4505: 13 0
   Repacking 4506: 21 0
   Repacking 4507: 14 1 0
   Repacking 4508: 19 0
   Repacking 4509: 18 0
   Repacking 4510: 14 1 0
   Repacking 4511: 14 0
   Repacking 4512: 15 0
   Repacking 4513: 16 1 0
   Repacking 4514: 11 0
   Repacking 4515: 14 0
   Repacking 4516: 14 0
   Repacking 4517: 12 1 0
   Repacking 4518: 17 1 0
   Repacking 4519: 16 1 0
   Repacking 4520: 20 0
   Repacking 4521: 11 0
   Repacking 4522: 21 1 0
   Repacking 4523: 12 0
   Repacking 4524: 13 1 0
   Repacking 4525: 17 1 0
   Repacking 4526: 16 0
   Repacking 4527: 14 1 0
   Repacking 4528: 13 0
   Repacking 4529: 17 1 0
   Repacking 4530: 14 0
   Repacking 4531: 15 0
   Repacking 4532: 13 0
   Repacking 4533: 17 0
   Repacking 4534: 17 1 0
   Repacking 4535: 16 0
   Repacking 4536: 15 1 0
   Repacking 4537: 14 0
   Repacking 4538: 13 0
   Repacking 4539: 20 1 0
   Repacking 4540: 15 0
   Repacking 4541: 10 0
   Repacking 4542: 15 0
   Repacking 4543: 15 0
   Repacking 4544: 12 0
   Repacking 4545: 11 0
   Repacking 4546: 14 1 0
   Repacking 4547: 15 0
   Repacking 4548: 13 0
   Repacking 4549: 13 0
   Repacking 4550: 21 1 0
   Repacking 4551: 15 1 0
   Repacking 4552: 12 0
   Repacking 4553: 16 1 0
   Repacking 4554: 15 0
   Repacking 4555: 19 1 0
   Repacking 4556: 18 0
   Repacking 4557: 19 0
   Repacking 4558: 15 0
   Repacking 4559: 16 1 0
   Repacking 4560: 14 0
   Repacking 4561: 15 0
   Repacking 4562: 16 0
   Repacking 4563: 19 1 0
   Repacking 4564: 11 0
   Repacking 4565: 13 0
   Repacking 4566: 15 0
   Repacking 4567: 11 0
   Repacking 4568: 15 0
   Repacking 4569: 11 0
   Repacking 4570: 11 0
   Repacking 4571: 13 0
   Repacking 4572: 16 1 0
   Repacking 4573: 16 0
   Repacking 4574: 17 0
   Repacking 4575: 14 0
   Repacking 4576: 17 0
   Repacking 4577: 13 0
   Repacking 4578: 16 0
   Repacking 4579: 10 0
   Repacking 4580: 18 1 0
   Repacking 4581: 13 0
   Repacking 4582: 22 1 0
   Repacking 4583: 11 0
   Repacking 4584: 16 0
   Repacking 4585: 15 0
   Repacking 4586: 15 0
   Repacking 4587: 13 0
   Repacking 4588: 12 0
   Repacking 4589: 14 0
   Repacking 4590: 13 1 0
   Repacking 4591: 21 0
   Repacking 4592: 21 0
   Repacking 4593: 12 0
   Repacking 4594: 15 0
   Repacking 4595: 13 0
   Repacking 4596: 15 1 0
   Repacking 4597: 12 0
   Repacking 4598: 11 0
   Repacking 4599: 10 0
   Repacking 4600: 11 0
   Repacking 4601: 17 1 0
   Repacking 4602: 15 0
   Repacking 4603: 19 0
   Repacking 4604: 13 1 0
   Repacking 4605: 15 0
   Repacking 4606: 13 0
   Repacking 4607: 13 0
   Repacking 4608: 13 0
   Repacking 4609: 20 0
   Repacking 4610: 17 0
   Repacking 4611: 16 0
   Repacking 4612: 15 0
   Repacking 4613: 14 0
   Repacking 4614: 14 0
   Repacking 4615: 15 1 0
   Repacking 4616: 14 1 0
   Repacking 4617: 14 0
   Repacking 4618: 17 0
   Repacking 4619: 19 1 0
   Repacking 4620: 20 0
   Repacking 4621: 17 1 0
   Repacking 4622: 13 0
   Repacking 4623: 11 0
   Repacking 4624: 13 0
   Repacking 4625: 9 0
   Repacking 4626: 17 0
   Repacking 4627: 15 0
   Repacking 4628: 19 0
   Repacking 4629: 14 1 0
   Repacking 4630: 18 0
   Repacking 4631: 18 0
   Repacking 4632: 12 0
   Repacking 4633: 15 0
   Repacking 4634: 11 0
   Repacking 4635: 14 1 0
   Repacking 4636: 17 0
   Repacking 4637: 15 1 0
   Repacking 4638: 13 0
   Repacking 4639: 14 0
   Repacking 4640: 17 1 0
   Repacking 4641: 18 1 0
   Repacking 4642: 18 0
   Repacking 4643: 14 0
   Repacking 4644: 15 1 0
   Repacking 4645: 20 0
   Repacking 4646: 13 0
   Repacking 4647: 11 1 0
   Repacking 4648: 21 1 0
   Repacking 4649: 13 0
   Repacking 4650: 25 1 0
   Repacking 4651: 18 0
   Repacking 4652: 17 0
   Repacking 4653: 16 1 0
   Repacking 4654: 15 0
   Repacking 4655: 16 0
   Repacking 4656: 13 1 0
   Repacking 4657: 14 0
   Repacking 4658: 14 0
   Repacking 4659: 18 0
   Repacking 4660: 16 0
   Repacking 4661: 18 1 0
   Repacking 4662: 15 1 0
   Repacking 4663: 13 0
   Repacking 4664: 13 0
   Repacking 4665: 16 0
   Repacking 4666: 15 0
   Repacking 4667: 15 0
   Repacking 4668: 13 0
   Repacking 4669: 18 0
   Repacking 4670: 19 0
   Repacking 4671: 13 1 0
   Repacking 4672: 11 0
   Repacking 4673: 10 0
   Repacking 4674: 13 1 0
   Repacking 4675: 16 0
   Repacking 4676: 11 1 0
   Repacking 4677: 13 0
   Repacking 4678: 17 0
   Repacking 4679: 17 0
   Repacking 4680: 14 0
   Repacking 4681: 16 0
   Repacking 4682: 11 0
   Repacking 4683: 11 0
   Repacking 4684: 13 0
   Repacking 4685: 14 0
   Repacking 4686: 15 1 0
   Repacking 4687: 18 0
   Repacking 4688: 12 0
   Repacking 4689: 20 1 0
   Repacking 4690: 11 0
   Repacking 4691: 16 0
   Repacking 4692: 18 0
   Repacking 4693: 17 0
   Repacking 4694: 15 0
   Repacking 4695: 17 1 0
   Repacking 4696: 16 0
   Repacking 4697: 12 0
   Repacking 4698: 13 0
   Repacking 4699: 14 1 0
   Repacking 4700: 16 0
   Repacking 4701: 18 0
   Repacking 4702: 7 0
   Repacking 4703: 17 1 0
   Repacking 4704: 15 0
   Repacking 4705: 17 0
   Repacking 4706: 11 0
   Repacking 4707: 21 0
   Repacking 4708: 11 0
   Repacking 4709: 16 0
   Repacking 4710: 20 0
   Repacking 4711: 17 0
   Repacking 4712: 17 0
   Repacking 4713: 13 0
   Repacking 4714: 17 0
   Repacking 4715: 19 0
   Repacking 4716: 17 0
   Repacking 4717: 16 1 0
   Repacking 4718: 15 0
   Repacking 4719: 16 0
   Repacking 4720: 19 0
   Repacking 4721: 19 0
   Repacking 4722: 18 0
   Repacking 4723: 15 1 0
   Repacking 4724: 12 0
   Repacking 4725: 10 0
   Repacking 4726: 13 1 0
   Repacking 4727: 14 0
   Repacking 4728: 21 0
   Repacking 4729: 17 0
   Repacking 4730: 17 1 0
   Repacking 4731: 18 0
   Repacking 4732: 14 0
   Repacking 4733: 12 0
   Repacking 4734: 17 0
   Repacking 4735: 20 0
   Repacking 4736: 17 1 0
   Repacking 4737: 13 0
   Repacking 4738: 13 1 0
   Repacking 4739: 16 1 0
   Repacking 4740: 16 0
   Repacking 4741: 14 1 0
   Repacking 4742: 13 1 0
   Repacking 4743: 12 0
   Repacking 4744: 11 0
   Repacking 4745: 14 0
   Repacking 4746: 10 1 0
   Repacking 4747: 11 0
   Repacking 4748: 13 0
   Repacking 4749: 17 0
   Repacking 4750: 17 0
   Repacking 4751: 13 1 0
   Repacking 4752: 13 0
   Repacking 4753: 15 0
   Repacking 4754: 17 0
   Repacking 4755: 11 0
   Repacking 4756: 14 1 0
   Repacking 4757: 12 0
   Repacking 4758: 10 0
   Repacking 4759: 12 0
   Repacking 4760: 15 0
   Repacking 4761: 20 0
   Repacking 4762: 15 1 0
   Repacking 4763: 13 0
   Repacking 4764: 12 0
   Repacking 4765: 12 0
   Repacking 4766: 15 0
   Repacking 4767: 19 0
   Repacking 4768: 16 1 0
   Repacking 4769: 22 0
   Repacking 4770: 12 0
   Repacking 4771: 16 1 0
   Repacking 4772: 8 0
   Repacking 4773: 14 0
   Repacking 4774: 15 0
   Repacking 4775: 16 0
   Repacking 4776: 15 1 0
   Repacking 4777: 12 1 0
   Repacking 4778: 13 0
   Repacking 4779: 22 0
   Repacking 4780: 14 0
   Repacking 4781: 13 0
   Repacking 4782: 15 0
   Repacking 4783: 14 0
   Repacking 4784: 14 0
   Repacking 4785: 17 1 0
   Repacking 4786: 14 0
   Repacking 4787: 16 0
   Repacking 4788: 13 0
   Repacking 4789: 16 0
   Repacking 4790: 14 0
   Repacking 4791: 16 0
   Repacking 4792: 17 0
   Repacking 4793: 13 0
   Repacking 4794: 14 0
   Repacking 4795: 15 0
   Repacking 4796: 19 0
   Repacking 4797: 13 1 0
   Repacking 4798: 17 0
   Repacking 4799: 12 0
   Repacking 4800: 14 0
   Repacking 4801: 15 0
   Repacking 4802: 18 1 0
   Repacking 4803: 17 0
   Repacking 4804: 16 1 0
   Repacking 4805: 14 1 0
   Repacking 4806: 17 0
   Repacking 4807: 17 1 0
   Repacking 4808: 14 1 0
   Repacking 4809: 16 0
   Repacking 4810: 14 0
   Repacking 4811: 13 1 0
   Repacking 4812: 9 0
   Repacking 4813: 17 1 0
   Repacking 4814: 11 0
   Repacking 4815: 10 0
   Repacking 4816: 17 0
   Repacking 4817: 12 0
   Repacking 4818: 13 0
   Repacking 4819: 13 0
   Repacking 4820: 14 0
   Repacking 4821: 15 0
   Repacking 4822: 13 0
   Repacking 4823: 12 0
   Repacking 4824: 9 1 0
   Repacking 4825: 10 0
   Repacking 4826: 11 0
   Repacking 4827: 13 0
   Repacking 4828: 13 0
   Repacking 4829: 9 0
   Repacking 4830: 17 0
   Repacking 4831: 13 1 0
   Repacking 4832: 16 0
   Repacking 4833: 16 0
   Repacking 4834: 17 0
   Repacking 4835: 11 0
   Repacking 4836: 16 0
   Repacking 4837: 19 0
   Repacking 4838: 16 0
   Repacking 4839: 14 0
   Repacking 4840: 16 0
   Repacking 4841: 12 0
   Repacking 4842: 11 0
   Repacking 4843: 17 0
   Repacking 4844: 18 0
   Repacking 4845: 12 0
   Repacking 4846: 17 0
   Repacking 4847: 16 0
   Repacking 4848: 13 0
   Repacking 4849: 19 0
   Repacking 4850: 14 1 0
   Repacking 4851: 15 0
   Repacking 4852: 11 0
   Repacking 4853: 12 0
   Repacking 4854: 12 0
   Repacking 4855: 15 0
   Repacking 4856: 13 0
   Repacking 4857: 14 0
   Repacking 4858: 11 0
   Repacking 4859: 16 1 0
   Repacking 4860: 14 1 0
   Repacking 4861: 15 0
   Repacking 4862: 13 0
   Repacking 4863: 14 0
   Repacking 4864: 15 0
   Repacking 4865: 15 0
   Repacking 4866: 13 1 0
   Repacking 4867: 19 0
   Repacking 4868: 16 0
   Repacking 4869: 16 0
   Repacking 4870: 11 0
   Repacking 4871: 18 0
   Repacking 4872: 15 0
   Repacking 4873: 18 1 0
   Repacking 4874: 11 0
   Repacking 4875: 17 0
   Repacking 4876: 15 0
   Repacking 4877: 12 0
   Repacking 4878: 15 0
   Repacking 4879: 16 0
   Repacking 4880: 19 0
   Repacking 4881: 17 0
   Repacking 4882: 14 0
   Repacking 4883: 15 0
   Repacking 4884: 11 0
   Repacking 4885: 15 0
   Repacking 4886: 15 0
   Repacking 4887: 11 0
   Repacking 4888: 18 0
   Repacking 4889: 19 0
   Repacking 4890: 11 0
   Repacking 4891: 16 0
   Repacking 4892: 15 0
   Repacking 4893: 13 0
   Repacking 4894: 17 0
   Repacking 4895: 13 0
   Repacking 4896: 14 0
   Repacking 4897: 17 0
   Repacking 4898: 14 0
   Repacking 4899: 19 0
   Repacking 4900: 12 0
   Repacking 4901: 14 0
   Repacking 4902: 14 0
   Repacking 4903: 11 0
   Repacking 4904: 14 0
   Repacking 4905: 12 0
   Repacking 4906: 15 0
   Repacking 4907: 14 0
   Repacking 4908: 14 0
   Repacking 4909: 12 1 0
   Repacking 4910: 13 0
   Repacking 4911: 16 0
   Repacking 4912: 12 0
   Repacking 4913: 15 0
   Repacking 4914: 19 0
   Repacking 4915: 10 1 0
   Repacking 4916: 9 0
   Repacking 4917: 10 0
   Repacking 4918: 12 1 0
   Repacking 4919: 18 0
   Repacking 4920: 14 0
   Repacking 4921: 15 0
   Repacking 4922: 16 1 0
   Repacking 4923: 14 0
   Repacking 4924: 16 0
   Repacking 4925: 18 1 0
   Repacking 4926: 13 0
   Repacking 4927: 20 1 0
   Repacking 4928: 10 0
   Repacking 4929: 20 1 0
   Repacking 4930: 17 0
   Repacking 4931: 11 0
   Repacking 4932: 13 0
   Repacking 4933: 14 1 0
   Repacking 4934: 20 1 0
   Repacking 4935: 12 0
   Repacking 4936: 15 1 0
   Repacking 4937: 21 0
   Repacking 4938: 14 0
   Repacking 4939: 14 1 0
   Repacking 4940: 18 1 0
   Repacking 4941: 15 0
   Repacking 4942: 12 0
   Repacking 4943: 20 0
   Repacking 4944: 16 0
   Repacking 4945: 14 0
   Repacking 4946: 16 0
   Repacking 4947: 13 0
   Repacking 4948: 16 0
   Repacking 4949: 15 0
   Repacking 4950: 20 1 0
   Repacking 4951: 21 0
   Repacking 4952: 14 0
   Repacking 4953: 13 0
   Repacking 4954: 16 0
   Repacking 4955: 15 0
   Repacking 4956: 16 1 0
   Repacking 4957: 12 0
   Repacking 4958: 13 0
   Repacking 4959: 10 0
   Repacking 4960: 16 1 0
   Repacking 4961: 16 0
   Repacking 4962: 13 0
   Repacking 4963: 17 1 0
   Repacking 4964: 15 0
   Repacking 4965: 8 0
   Repacking 4966: 16 0
   Repacking 4967: 16 0
   Repacking 4968: 15 0
   Repacking 4969: 16 0
   Repacking 4970: 14 0
   Repacking 4971: 21 1 0
   Repacking 4972: 18 1 0
   Repacking 4973: 13 1 0
   Repacking 4974: 12 0
   Repacking 4975: 11 0
   Repacking 4976: 10 0
   Repacking 4977: 15 0
   Repacking 4978: 12 1 0
   Repacking 4979: 12 1 0
   Repacking 4980: 14 0
   Repacking 4981: 17 0
   Repacking 4982: 12 0
   Repacking 4983: 11 0
   Repacking 4984: 13 0
   Repacking 4985: 14 0
   Repacking 4986: 13 0
   Repacking 4987: 22 0
   Repacking 4988: 14 0
   Repacking 4989: 15 0
   Repacking 4990: 14 1 0
   Repacking 4991: 12 0
   Repacking 4992: 9 0
   Repacking 4993: 17 0
   Repacking 4994: 15 1 0
   Repacking 4995: 14 0
   Repacking 4996: 15 0
   Repacking 4997: 17 0
   Repacking 4998: 15 0
   Repacking 4999: 16 1 0
   Configure atoms for hydrogen relaxation...
   ASP A0233 (n_subres= 3,n_conf=  6) has   7 neighbors and             144 states... Randomly pick   100 states...
   GLU A0236 (n_subres= 3,n_conf=  6) has   8 neighbors and             144 states... Randomly pick   100 states...
   GLU A0238 (n_subres= 3,n_conf=  6) has   5 neighbors and              36 states... Loop over    36 states...
   THR A0240 (n_subres= 1,n_conf=  4) has   5 neighbors and              72 states... Loop over    72 states...
   ASP A0241 (n_subres= 3,n_conf=  6) has   9 neighbors and              72 states... Loop over    72 states...
   THR A0243 (n_subres= 1,n_conf=  3) has   6 neighbors and               4 states... Loop over     4 states...
   TYR A0253 (n_subres= 2,n_conf=  3) has   8 neighbors and              72 states... Loop over    72 states...
   GLU A0255 (n_subres= 3,n_conf=  6) has   7 neighbors and              24 states... Loop over    24 states...
   TYR A0257 (n_subres= 2,n_conf=  4) has  10 neighbors and             216 states... Randomly pick   100 states...
   GLU A0258 (n_subres= 3,n_conf=  6) has   9 neighbors and             288 states... Randomly pick   100 states...
   TYR A0264 (n_subres= 2,n_conf=  4) has   5 neighbors and              12 states... Loop over    12 states...
   SER A0265 (n_subres= 1,n_conf=  3) has   2 neighbors and               1 states... Loop over     1 states...
   THR A0267 (n_subres= 1,n_conf=  2) has   6 neighbors and               6 states... Loop over     6 states...
   THR A0272 (n_subres= 1,n_conf=  3) has  10 neighbors and              48 states... Loop over    48 states...
   GLU A0275 (n_subres= 3,n_conf=  6) has   5 neighbors and              18 states... Loop over    18 states...
   ASP A0276 (n_subres= 3,n_conf=  6) has   7 neighbors and               9 states... Loop over     9 states...
   THR A0277 (n_subres= 1,n_conf=  3) has   7 neighbors and              27 states... Loop over    27 states...
   GLU A0279 (n_subres= 3,n_conf=  6) has   7 neighbors and               9 states... Loop over     9 states...
   GLU A0281 (n_subres= 3,n_conf=  6) has   5 neighbors and              18 states... Loop over    18 states...
   GLU A0282 (n_subres= 3,n_conf=  6) has   8 neighbors and             324 states... Randomly pick   100 states...
   GLU A0286 (n_subres= 3,n_conf=  6) has  12 neighbors and            1152 states... Randomly pick   100 states...
   GLU A0292 (n_subres= 3,n_conf=  6) has   7 neighbors and              24 states... Loop over    24 states...
   CYS A0305 (n_subres= 2,n_conf=  5) has   7 neighbors and              48 states... Loop over    48 states...
   THR A0306 (n_subres= 1,n_conf=  3) has  11 neighbors and              48 states... Loop over    48 states...
   GLU A0308 (n_subres= 6,n_conf= 11) has   5 neighbors and              96 states... Loop over    96 states...
   TYR A0312 (n_subres= 2,n_conf=  4) has  12 neighbors and              16 states... Loop over    16 states...
   THR A0315 (n_subres= 1,n_conf=  4) has   9 neighbors and              12 states... Loop over    12 states...
   GLU A0316 (n_subres= 3,n_conf=  6) has   9 neighbors and              48 states... Loop over    48 states...
   THR A0319 (n_subres= 1,n_conf=  3) has   7 neighbors and              24 states... Loop over    24 states...
   TYR A0320 (n_subres= 2,n_conf=  4) has   6 neighbors and              48 states... Loop over    48 states...
   ASP A0325 (n_subres= 3,n_conf=  6) has   6 neighbors and             216 states... Randomly pick   100 states...
   TYR A0326 (n_subres= 2,n_conf=  4) has  12 neighbors and             432 states... Randomly pick   100 states...
   GLU A0329 (n_subres= 3,n_conf=  6) has   5 neighbors and             288 states... Randomly pick   100 states...
   CYS A0330 (n_subres= 2,n_conf=  5) has   9 neighbors and             288 states... Randomly pick   100 states...
   GLU A0334 (n_subres= 3,n_conf=  6) has   8 neighbors and             144 states... Randomly pick   100 states...
   TYR A0342 (n_subres= 2,n_conf=  4) has  11 neighbors and              48 states... Loop over    48 states...
   THR A0345 (n_subres= 1,n_conf=  4) has  12 neighbors and             288 states... Randomly pick   100 states...
   SER A0348 (n_subres= 1,n_conf=  3) has  12 neighbors and              36 states... Loop over    36 states...
   SER A0349 (n_subres= 2,n_conf=  5) has  12 neighbors and            5184 states... Randomly pick   100 states...
   GLU A0352 (n_subres= 3,n_conf=  6) has  10 neighbors and             432 states... Randomly pick   100 states...
   TYR A0353 (n_subres= 2,n_conf=  4) has  11 neighbors and             576 states... Randomly pick   100 states...
   GLU A0355 (n_subres= 3,n_conf=  6) has  11 neighbors and              36 states... Loop over    36 states...
   ASP A0363 (n_subres= 3,n_conf=  6) has   9 neighbors and             288 states... Randomly pick   100 states...
   CYS A0369 (n_subres= 2,n_conf=  5) has  10 neighbors and               4 states... Loop over     4 states...
   GLU A0373 (n_subres= 3,n_conf=  6) has   5 neighbors and              12 states... Loop over    12 states...
   ASP A0381 (n_subres= 3,n_conf=  6) has  12 neighbors and               9 states... Loop over     9 states...
   SER A0385 (n_subres= 2,n_conf=  5) has   6 neighbors and              64 states... Loop over    64 states...
   THR A0389 (n_subres= 1,n_conf=  2) has   2 neighbors and               1 states... Loop over     1 states...
   ASP A0391 (n_subres= 3,n_conf=  6) has   4 neighbors and               3 states... Loop over     3 states...
   THR A0392 (n_subres= 1,n_conf=  3) has   5 neighbors and               6 states... Loop over     6 states...
   TYR A0393 (n_subres= 2,n_conf=  3) has   8 neighbors and              32 states... Loop over    32 states...
   THR A0394 (n_subres= 1,n_conf=  3) has   5 neighbors and               4 states... Loop over     4 states...
   THR A0406 (n_subres= 1,n_conf=  2) has  10 neighbors and               1 states... Loop over     1 states...
   GLU A0409 (n_subres= 3,n_conf=  6) has  12 neighbors and              96 states... Loop over    96 states...
   SER A0410 (n_subres= 1,n_conf=  4) has   9 neighbors and               6 states... Loop over     6 states...
   TYR A0413 (n_subres= 2,n_conf=  3) has   6 neighbors and              48 states... Loop over    48 states...
   SER A0417 (n_subres= 1,n_conf=  3) has  12 neighbors and             144 states... Randomly pick   100 states...
   SER A0420 (n_subres= 1,n_conf=  4) has  12 neighbors and              72 states... Loop over    72 states...
   ASP A0421 (n_subres= 3,n_conf=  6) has  12 neighbors and               9 states... Loop over     9 states...
   GLU A0431 (n_subres= 3,n_conf=  6) has  13 neighbors and              12 states... Loop over    12 states...
   THR A0434 (n_subres= 1,n_conf=  3) has   7 neighbors and               6 states... Loop over     6 states...
   TYR A0435 (n_subres= 2,n_conf=  4) has   9 neighbors and              64 states... Loop over    64 states...
   SER A0438 (n_subres= 1,n_conf=  3) has   8 neighbors and               8 states... Loop over     8 states...
   TYR A0440 (n_subres= 2,n_conf=  4) has  14 neighbors and              32 states... Loop over    32 states...
   ASP A0444 (n_subres= 5,n_conf=  9) has   5 neighbors and              20 states... Loop over    20 states...
   SER A0446 (n_subres= 2,n_conf=  6) has   4 neighbors and              20 states... Loop over    20 states...
   TYR A0449 (n_subres= 2,n_conf=  4) has  11 neighbors and              36 states... Loop over    36 states...
   GLU A0450 (n_subres= 3,n_conf=  6) has   6 neighbors and              72 states... Loop over    72 states...
   GLU A0453 (n_subres= 3,n_conf=  6) has   6 neighbors and              36 states... Loop over    36 states...
   ASP A0455 (n_subres= 3,n_conf=  6) has   5 neighbors and              96 states... Loop over    96 states...
   TYR A0456 (n_subres= 2,n_conf=  3) has   9 neighbors and              96 states... Loop over    96 states...
   GLU A0459 (n_subres= 3,n_conf=  6) has   7 neighbors and             192 states... Randomly pick   100 states...
   GLU A0462 (n_subres= 3,n_conf=  6) has   1 neighbors and               3 states... Loop over     3 states...
   CYS A0464 (n_subres= 2,n_conf=  5) has   8 neighbors and              16 states... Loop over    16 states...
   GLU A0466 (n_subres= 3,n_conf=  6) has   5 neighbors and             144 states... Randomly pick   100 states...
   TYR A0469 (n_subres= 2,n_conf=  4) has  14 neighbors and            6912 states... Randomly pick   100 states...
   GLU A0470 (n_subres= 3,n_conf=  6) has   7 neighbors and             144 states... Randomly pick   100 states...
   CYS A0475 (n_subres= 2,n_conf=  5) has  12 neighbors and               8 states... Loop over     8 states...
   SER A0481 (n_subres= 1,n_conf=  3) has   5 neighbors and              12 states... Loop over    12 states...
   ASP A0482 (n_subres= 3,n_conf=  6) has   6 neighbors and              48 states... Loop over    48 states...
   SER A0485 (n_subres= 1,n_conf=  4) has   7 neighbors and              18 states... Loop over    18 states...
   GLU A0488 (n_subres= 3,n_conf=  6) has   8 neighbors and              12 states... Loop over    12 states...
   GLU A0494 (n_subres= 3,n_conf=  6) has   9 neighbors and             144 states... Randomly pick   100 states...
   THR A0495 (n_subres= 1,n_conf=  4) has   7 neighbors and              36 states... Loop over    36 states...
   GLU A0499 (n_subres= 3,n_conf=  6) has   7 neighbors and              12 states... Loop over    12 states...
   SER A0500 (n_subres= 1,n_conf=  2) has   7 neighbors and               3 states... Loop over     3 states...
   SER A0501 (n_subres= 1,n_conf=  3) has   6 neighbors and               2 states... Loop over     2 states...
