INFO - step3.py: Step 3. Energies calculation with PBE solver.
INFO - step3.py: Calling new VDW....No Scaling Applied
INFO - step3.py:    Process run time options & convert step2_out.pdb.
INFO - step3.py:    Prepare input for PB solver.
INFO - step3.py:    Time needed: 0 seconds.
INFO - step3.py:    Set up parallel envrionment and run PB solver.
INFO - step3.py:    Running PBE solver in 1 threads
Warning: VDW_RAD HOH-1 " O  " not defined in RADIUS parameter
Warning: VDW_RAD HOH-1 " H1 " not defined in RADIUS parameter
Warning: VDW_RAD HOH+1 " O  " not defined in RADIUS parameter
Warning: VDW_RAD HOH+1 " H1 " not defined in RADIUS parameter
Warning: VDW_RAD HOH+1 " H2 " not defined in RADIUS parameter
Warning: VDW_RAD HOH+1 " H3 " not defined in RADIUS parameter
Warning: VDW_RAD SO401 " HO1" not defined in RADIUS parameter
Warning: VDW_RAD SO401 " HO2" not defined in RADIUS parameter
Warning: VDW_RAD SO4-1 " HO1" not defined in RADIUS parameter
INFO - step3.py: ForkPoolWorker-1: Calling delphi to calculate conformer (1/694) GLU01A0697_001 in /tmp/pbe_data.data.home.schowdhury.Project_kinases.cof_tpl_mg.run_kin.4G5J_GLU01A0697_001
INFO - step3.py: ForkPoolWorker-1: Calling delphi to calculate conformer (2/694) GLU01A0697_002 in /tmp/pbe_data.data.home.schowdhury.Project_kinases.cof_tpl_mg.run_kin.4G5J_GLU01A0697_002
INFO - step3.py: ForkPoolWorker-1: Calling delphi to calculate conformer (3/694) GLU02A0697_003 in /tmp/pbe_data.data.home.schowdhury.Project_kinases.cof_tpl_mg.run_kin.4G5J_GLU02A0697_003
INFO - step3.py: ForkPoolWorker-1: Calling delphi to calculate conformer (4/694) GLU02A0697_004 in /tmp/pbe_data.data.home.schowdhury.Project_kinases.cof_tpl_mg.run_kin.4G5J_GLU02A0697_004
INFO - step3.py: ForkPoolWorker-1: Calling delphi to calculate conformer (5/694) GLU-1A0697_005 in /tmp/pbe_data.data.home.schowdhury.Project_kinases.cof_tpl_mg.run_kin.4G5J_GLU-1A0697_005
INFO - step3.py: Skipping PBE solver for non-charge conformer (6/694) ALA01A0698_001...
INFO - step3.py: Skipping PBE solver for non-charge conformer (7/694) PRO01A0699_001...
INFO - step3.py: ForkPoolWorker-1: Calling delphi to calculate conformer (8/694) ASN01A0700_001 in /tmp/pbe_data.data.home.schowdhury.Project_kinases.cof_tpl_mg.run_kin.4G5J_ASN01A0700_001
INFO - step3.py: ForkPoolWorker-1: Calling delphi to calculate conformer (9/694) ASN01A0700_002 in /tmp/pbe_data.data.home.schowdhury.Project_kinases.cof_tpl_mg.run_kin.4G5J_ASN01A0700_002
INFO - step3.py: ForkPoolWorker-1: Calling delphi to calculate conformer (10/694) ASN01A0700_003 in /tmp/pbe_data.data.home.schowdhury.Project_kinases.cof_tpl_mg.run_kin.4G5J_ASN01A0700_003
INFO - step3.py: ForkPoolWorker-1: Calling delphi to calculate conformer (11/694) ASN01A0700_004 in /tmp/pbe_data.data.home.schowdhury.Project_kinases.cof_tpl_mg.run_kin.4G5J_ASN01A0700_004
INFO - step3.py: ForkPoolWorker-1: Calling delphi to calculate conformer (12/694) ASN01A0700_005 in /tmp/pbe_data.data.home.schowdhury.Project_kinases.cof_tpl_mg.run_kin.4G5J_ASN01A0700_005
INFO - step3.py: ForkPoolWorker-1: Calling delphi to calculate conformer (13/694) GLN01A0701_001 in /tmp/pbe_data.data.home.schowdhury.Project_kinases.cof_tpl_mg.run_kin.4G5J_GLN01A0701_001
INFO - step3.py: ForkPoolWorker-1: Calling delphi to calculate conformer (14/694) GLN01A0701_002 in /tmp/pbe_data.data.home.schowdhury.Project_kinases.cof_tpl_mg.run_kin.4G5J_GLN01A0701_002
INFO - step3.py: Skipping PBE solver for non-charge conformer (15/694) ALA01A0702_001...
INFO - step3.py: Skipping PBE solver for non-charge conformer (16/694) LEU01A0703_001...
INFO - step3.py: Skipping PBE solver for non-charge conformer (17/694) LEU01A0704_001...
INFO - step3.py: ForkPoolWorker-1: Calling delphi to calculate conformer (18/694) ARG01A0705_001 in /tmp/pbe_data.data.home.schowdhury.Project_kinases.cof_tpl_mg.run_kin.4G5J_ARG01A0705_001
INFO - step3.py: ForkPoolWorker-1: Calling delphi to calculate conformer (19/694) ARG02A0705_002 in /tmp/pbe_data.data.home.schowdhury.Project_kinases.cof_tpl_mg.run_kin.4G5J_ARG02A0705_002
INFO - step3.py: ForkPoolWorker-1: Calling delphi to calculate conformer (20/694) ARG03A0705_003 in /tmp/pbe_data.data.home.schowdhury.Project_kinases.cof_tpl_mg.run_kin.4G5J_ARG03A0705_003
INFO - step3.py: ForkPoolWorker-1: Calling delphi to calculate conformer (21/694) ARG+1A0705_004 in /tmp/pbe_data.data.home.schowdhury.Project_kinases.cof_tpl_mg.run_kin.4G5J_ARG+1A0705_004
INFO - step3.py: Skipping PBE solver for non-charge conformer (22/694) ILE01A0706_001...
INFO - step3.py: Skipping PBE solver for non-charge conformer (23/694) LEU01A0707_001...
INFO - step3.py: ForkPoolWorker-1: Calling delphi to calculate conformer (24/694) LYS01A0708_001 in /tmp/pbe_data.data.home.schowdhury.Project_kinases.cof_tpl_mg.run_kin.4G5J_LYS01A0708_001
INFO - step3.py: ForkPoolWorker-1: Calling delphi to calculate conformer (25/694) LYS+1A0708_002 in /tmp/pbe_data.data.home.schowdhury.Project_kinases.cof_tpl_mg.run_kin.4G5J_LYS+1A0708_002
INFO - step3.py: ForkPoolWorker-1: Calling delphi to calculate conformer (26/694) GLU01A0709_001 in /tmp/pbe_data.data.home.schowdhury.Project_kinases.cof_tpl_mg.run_kin.4G5J_GLU01A0709_001
INFO - step3.py: ForkPoolWorker-1: Calling delphi to calculate conformer (27/694) GLU01A0709_002 in /tmp/pbe_data.data.home.schowdhury.Project_kinases.cof_tpl_mg.run_kin.4G5J_GLU01A0709_002
INFO - step3.py: ForkPoolWorker-1: Calling delphi to calculate conformer (28/694) GLU02A0709_003 in /tmp/pbe_data.data.home.schowdhury.Project_kinases.cof_tpl_mg.run_kin.4G5J_GLU02A0709_003
INFO - step3.py: ForkPoolWorker-1: Calling delphi to calculate conformer (29/694) GLU02A0709_004 in /tmp/pbe_data.data.home.schowdhury.Project_kinases.cof_tpl_mg.run_kin.4G5J_GLU02A0709_004
INFO - step3.py: ForkPoolWorker-1: Calling delphi to calculate conformer (30/694) GLU-1A0709_005 in /tmp/pbe_data.data.home.schowdhury.Project_kinases.cof_tpl_mg.run_kin.4G5J_GLU-1A0709_005
INFO - step3.py: ForkPoolWorker-1: Calling delphi to calculate conformer (31/694) THR01A0710_001 in /tmp/pbe_data.data.home.schowdhury.Project_kinases.cof_tpl_mg.run_kin.4G5J_THR01A0710_001
INFO - step3.py: ForkPoolWorker-1: Calling delphi to calculate conformer (32/694) GLU01A0711_001 in /tmp/pbe_data.data.home.schowdhury.Project_kinases.cof_tpl_mg.run_kin.4G5J_GLU01A0711_001
INFO - step3.py: ForkPoolWorker-1: Calling delphi to calculate conformer (33/694) GLU01A0711_002 in /tmp/pbe_data.data.home.schowdhury.Project_kinases.cof_tpl_mg.run_kin.4G5J_GLU01A0711_002
INFO - step3.py: ForkPoolWorker-1: Calling delphi to calculate conformer (34/694) GLU02A0711_003 in /tmp/pbe_data.data.home.schowdhury.Project_kinases.cof_tpl_mg.run_kin.4G5J_GLU02A0711_003
INFO - step3.py: ForkPoolWorker-1: Calling delphi to calculate conformer (35/694) GLU02A0711_004 in /tmp/pbe_data.data.home.schowdhury.Project_kinases.cof_tpl_mg.run_kin.4G5J_GLU02A0711_004
INFO - step3.py: ForkPoolWorker-1: Calling delphi to calculate conformer (36/694) GLU-1A0711_005 in /tmp/pbe_data.data.home.schowdhury.Project_kinases.cof_tpl_mg.run_kin.4G5J_GLU-1A0711_005
INFO - step3.py: Skipping PBE solver for non-charge conformer (37/694) PHE01A0712_001...
INFO - step3.py: ForkPoolWorker-1: Calling delphi to calculate conformer (38/694) LYS01A0713_001 in /tmp/pbe_data.data.home.schowdhury.Project_kinases.cof_tpl_mg.run_kin.4G5J_LYS01A0713_001
INFO - step3.py: ForkPoolWorker-1: Calling delphi to calculate conformer (39/694) LYS+1A0713_002 in /tmp/pbe_data.data.home.schowdhury.Project_kinases.cof_tpl_mg.run_kin.4G5J_LYS+1A0713_002
INFO - step3.py: ForkPoolWorker-1: Calling delphi to calculate conformer (40/694) LYS01A0714_001 in /tmp/pbe_data.data.home.schowdhury.Project_kinases.cof_tpl_mg.run_kin.4G5J_LYS01A0714_001
INFO - step3.py: ForkPoolWorker-1: Calling delphi to calculate conformer (41/694) LYS+1A0714_002 in /tmp/pbe_data.data.home.schowdhury.Project_kinases.cof_tpl_mg.run_kin.4G5J_LYS+1A0714_002
INFO - step3.py: Skipping PBE solver for non-charge conformer (42/694) ILE01A0715_001...
INFO - step3.py: ForkPoolWorker-1: Calling delphi to calculate conformer (43/694) LYS01A0716_001 in /tmp/pbe_data.data.home.schowdhury.Project_kinases.cof_tpl_mg.run_kin.4G5J_LYS01A0716_001
INFO - step3.py: ForkPoolWorker-1: Calling delphi to calculate conformer (44/694) LYS+1A0716_002 in /tmp/pbe_data.data.home.schowdhury.Project_kinases.cof_tpl_mg.run_kin.4G5J_LYS+1A0716_002
INFO - step3.py: Skipping PBE solver for non-charge conformer (45/694) VAL01A0717_001...
INFO - step3.py: Skipping PBE solver for non-charge conformer (46/694) LEU01A0718_001...
INFO - step3.py: ForkPoolWorker-1: Calling delphi to calculate conformer (47/694) SER01A0720_001 in /tmp/pbe_data.data.home.schowdhury.Project_kinases.cof_tpl_mg.run_kin.4G5J_SER01A0720_001
INFO - step3.py: ForkPoolWorker-1: Calling delphi to calculate conformer (48/694) SER01A0720_002 in /tmp/pbe_data.data.home.schowdhury.Project_kinases.cof_tpl_mg.run_kin.4G5J_SER01A0720_002
INFO - step3.py: ForkPoolWorker-1: Calling delphi to calculate conformer (49/694) THR01A0725_001 in /tmp/pbe_data.data.home.schowdhury.Project_kinases.cof_tpl_mg.run_kin.4G5J_THR01A0725_001
INFO - step3.py: ForkPoolWorker-1: Calling delphi to calculate conformer (50/694) THR01A0725_002 in /tmp/pbe_data.data.home.schowdhury.Project_kinases.cof_tpl_mg.run_kin.4G5J_THR01A0725_002
INFO - step3.py: Skipping PBE solver for non-charge conformer (51/694) VAL01A0726_001...
INFO - step3.py: ForkPoolWorker-1: Calling delphi to calculate conformer (52/694) TYR01A0727_001 in /tmp/pbe_data.data.home.schowdhury.Project_kinases.cof_tpl_mg.run_kin.4G5J_TYR01A0727_001
INFO - step3.py: ForkPoolWorker-1: Calling delphi to calculate conformer (53/694) TYR01A0727_002 in /tmp/pbe_data.data.home.schowdhury.Project_kinases.cof_tpl_mg.run_kin.4G5J_TYR01A0727_002
INFO - step3.py: ForkPoolWorker-1: Calling delphi to calculate conformer (54/694) TYR-1A0727_003 in /tmp/pbe_data.data.home.schowdhury.Project_kinases.cof_tpl_mg.run_kin.4G5J_TYR-1A0727_003
INFO - step3.py: ForkPoolWorker-1: Calling delphi to calculate conformer (55/694) LYS01A0728_001 in /tmp/pbe_data.data.home.schowdhury.Project_kinases.cof_tpl_mg.run_kin.4G5J_LYS01A0728_001
INFO - step3.py: ForkPoolWorker-1: Calling delphi to calculate conformer (56/694) LYS+1A0728_002 in /tmp/pbe_data.data.home.schowdhury.Project_kinases.cof_tpl_mg.run_kin.4G5J_LYS+1A0728_002
INFO - step3.py: Skipping PBE solver for non-charge conformer (57/694) LEU01A0730_001...
INFO - step3.py: Skipping PBE solver for non-charge conformer (58/694) TRP01A0731_001...
INFO - step3.py: Skipping PBE solver for non-charge conformer (59/694) ILE01A0732_001...
INFO - step3.py: Skipping PBE solver for non-charge conformer (60/694) PRO01A0733_001...
INFO - step3.py: ForkPoolWorker-1: Calling delphi to calculate conformer (61/694) GLU01A0734_001 in /tmp/pbe_data.data.home.schowdhury.Project_kinases.cof_tpl_mg.run_kin.4G5J_GLU01A0734_001
INFO - step3.py: ForkPoolWorker-1: Calling delphi to calculate conformer (62/694) GLU01A0734_002 in /tmp/pbe_data.data.home.schowdhury.Project_kinases.cof_tpl_mg.run_kin.4G5J_GLU01A0734_002
INFO - step3.py: ForkPoolWorker-1: Calling delphi to calculate conformer (63/694) GLU02A0734_003 in /tmp/pbe_data.data.home.schowdhury.Project_kinases.cof_tpl_mg.run_kin.4G5J_GLU02A0734_003
INFO - step3.py: ForkPoolWorker-1: Calling delphi to calculate conformer (64/694) GLU02A0734_004 in /tmp/pbe_data.data.home.schowdhury.Project_kinases.cof_tpl_mg.run_kin.4G5J_GLU02A0734_004
INFO - step3.py: ForkPoolWorker-1: Calling delphi to calculate conformer (65/694) GLU-1A0734_005 in /tmp/pbe_data.data.home.schowdhury.Project_kinases.cof_tpl_mg.run_kin.4G5J_GLU-1A0734_005
INFO - step3.py: ForkPoolWorker-1: Calling delphi to calculate conformer (66/694) GLU01A0736_001 in /tmp/pbe_data.data.home.schowdhury.Project_kinases.cof_tpl_mg.run_kin.4G5J_GLU01A0736_001
INFO - step3.py: ForkPoolWorker-1: Calling delphi to calculate conformer (67/694) GLU01A0736_002 in /tmp/pbe_data.data.home.schowdhury.Project_kinases.cof_tpl_mg.run_kin.4G5J_GLU01A0736_002
INFO - step3.py: ForkPoolWorker-1: Calling delphi to calculate conformer (68/694) GLU02A0736_003 in /tmp/pbe_data.data.home.schowdhury.Project_kinases.cof_tpl_mg.run_kin.4G5J_GLU02A0736_003
INFO - step3.py: ForkPoolWorker-1: Calling delphi to calculate conformer (69/694) GLU02A0736_004 in /tmp/pbe_data.data.home.schowdhury.Project_kinases.cof_tpl_mg.run_kin.4G5J_GLU02A0736_004
INFO - step3.py: ForkPoolWorker-1: Calling delphi to calculate conformer (70/694) GLU-1A0736_005 in /tmp/pbe_data.data.home.schowdhury.Project_kinases.cof_tpl_mg.run_kin.4G5J_GLU-1A0736_005
INFO - step3.py: ForkPoolWorker-1: Calling delphi to calculate conformer (71/694) LYS01A0737_001 in /tmp/pbe_data.data.home.schowdhury.Project_kinases.cof_tpl_mg.run_kin.4G5J_LYS01A0737_001
INFO - step3.py: ForkPoolWorker-1: Calling delphi to calculate conformer (72/694) LYS+1A0737_002 in /tmp/pbe_data.data.home.schowdhury.Project_kinases.cof_tpl_mg.run_kin.4G5J_LYS+1A0737_002
INFO - step3.py: Skipping PBE solver for non-charge conformer (73/694) VAL01A0738_001...
INFO - step3.py: ForkPoolWorker-1: Calling delphi to calculate conformer (74/694) LYS01A0739_001 in /tmp/pbe_data.data.home.schowdhury.Project_kinases.cof_tpl_mg.run_kin.4G5J_LYS01A0739_001
INFO - step3.py: ForkPoolWorker-1: Calling delphi to calculate conformer (75/694) LYS+1A0739_002 in /tmp/pbe_data.data.home.schowdhury.Project_kinases.cof_tpl_mg.run_kin.4G5J_LYS+1A0739_002
INFO - step3.py: Skipping PBE solver for non-charge conformer (76/694) ILE01A0740_001...
INFO - step3.py: Skipping PBE solver for non-charge conformer (77/694) PRO01A0741_001...
INFO - step3.py: Skipping PBE solver for non-charge conformer (78/694) VAL01A0742_001...
INFO - step3.py: Skipping PBE solver for non-charge conformer (79/694) ALA01A0743_001...
INFO - step3.py: Skipping PBE solver for non-charge conformer (80/694) ILE01A0744_001...
INFO - step3.py: ForkPoolWorker-1: Calling delphi to calculate conformer (81/694) LYS01A0745_001 in /tmp/pbe_data.data.home.schowdhury.Project_kinases.cof_tpl_mg.run_kin.4G5J_LYS01A0745_001
INFO - step3.py: ForkPoolWorker-1: Calling delphi to calculate conformer (82/694) LYS+1A0745_002 in /tmp/pbe_data.data.home.schowdhury.Project_kinases.cof_tpl_mg.run_kin.4G5J_LYS+1A0745_002
INFO - step3.py: ForkPoolWorker-1: Calling delphi to calculate conformer (83/694) GLU01A0746_001 in /tmp/pbe_data.data.home.schowdhury.Project_kinases.cof_tpl_mg.run_kin.4G5J_GLU01A0746_001
INFO - step3.py: ForkPoolWorker-1: Calling delphi to calculate conformer (84/694) GLU01A0746_002 in /tmp/pbe_data.data.home.schowdhury.Project_kinases.cof_tpl_mg.run_kin.4G5J_GLU01A0746_002
INFO - step3.py: ForkPoolWorker-1: Calling delphi to calculate conformer (85/694) GLU02A0746_003 in /tmp/pbe_data.data.home.schowdhury.Project_kinases.cof_tpl_mg.run_kin.4G5J_GLU02A0746_003
INFO - step3.py: ForkPoolWorker-1: Calling delphi to calculate conformer (86/694) GLU02A0746_004 in /tmp/pbe_data.data.home.schowdhury.Project_kinases.cof_tpl_mg.run_kin.4G5J_GLU02A0746_004
INFO - step3.py: ForkPoolWorker-1: Calling delphi to calculate conformer (87/694) GLU-1A0746_005 in /tmp/pbe_data.data.home.schowdhury.Project_kinases.cof_tpl_mg.run_kin.4G5J_GLU-1A0746_005
INFO - step3.py: ForkPoolWorker-1: Calling delphi to calculate conformer (88/694) LYS01A0757_001 in /tmp/pbe_data.data.home.schowdhury.Project_kinases.cof_tpl_mg.run_kin.4G5J_LYS01A0757_001
INFO - step3.py: ForkPoolWorker-1: Calling delphi to calculate conformer (89/694) LYS+1A0757_002 in /tmp/pbe_data.data.home.schowdhury.Project_kinases.cof_tpl_mg.run_kin.4G5J_LYS+1A0757_002
INFO - step3.py: ForkPoolWorker-1: Calling delphi to calculate conformer (90/694) GLU01A0758_001 in /tmp/pbe_data.data.home.schowdhury.Project_kinases.cof_tpl_mg.run_kin.4G5J_GLU01A0758_001
INFO - step3.py: ForkPoolWorker-1: Calling delphi to calculate conformer (91/694) GLU01A0758_002 in /tmp/pbe_data.data.home.schowdhury.Project_kinases.cof_tpl_mg.run_kin.4G5J_GLU01A0758_002
INFO - step3.py: ForkPoolWorker-1: Calling delphi to calculate conformer (92/694) GLU02A0758_003 in /tmp/pbe_data.data.home.schowdhury.Project_kinases.cof_tpl_mg.run_kin.4G5J_GLU02A0758_003
INFO - step3.py: ForkPoolWorker-1: Calling delphi to calculate conformer (93/694) GLU02A0758_004 in /tmp/pbe_data.data.home.schowdhury.Project_kinases.cof_tpl_mg.run_kin.4G5J_GLU02A0758_004
INFO - step3.py: ForkPoolWorker-1: Calling delphi to calculate conformer (94/694) GLU-1A0758_005 in /tmp/pbe_data.data.home.schowdhury.Project_kinases.cof_tpl_mg.run_kin.4G5J_GLU-1A0758_005
INFO - step3.py: Skipping PBE solver for non-charge conformer (95/694) ILE01A0759_001...
INFO - step3.py: Skipping PBE solver for non-charge conformer (96/694) LEU01A0760_001...
INFO - step3.py: ForkPoolWorker-1: Calling delphi to calculate conformer (97/694) ASP01A0761_001 in /tmp/pbe_data.data.home.schowdhury.Project_kinases.cof_tpl_mg.run_kin.4G5J_ASP01A0761_001
INFO - step3.py: ForkPoolWorker-1: Calling delphi to calculate conformer (98/694) ASP01A0761_002 in /tmp/pbe_data.data.home.schowdhury.Project_kinases.cof_tpl_mg.run_kin.4G5J_ASP01A0761_002
INFO - step3.py: ForkPoolWorker-1: Calling delphi to calculate conformer (99/694) ASP02A0761_003 in /tmp/pbe_data.data.home.schowdhury.Project_kinases.cof_tpl_mg.run_kin.4G5J_ASP02A0761_003
INFO - step3.py: ForkPoolWorker-1: Calling delphi to calculate conformer (100/694) ASP02A0761_004 in /tmp/pbe_data.data.home.schowdhury.Project_kinases.cof_tpl_mg.run_kin.4G5J_ASP02A0761_004
INFO - step3.py: ForkPoolWorker-1: Calling delphi to calculate conformer (101/694) ASP-1A0761_005 in /tmp/pbe_data.data.home.schowdhury.Project_kinases.cof_tpl_mg.run_kin.4G5J_ASP-1A0761_005
INFO - step3.py: ForkPoolWorker-1: Calling delphi to calculate conformer (102/694) GLU01A0762_001 in /tmp/pbe_data.data.home.schowdhury.Project_kinases.cof_tpl_mg.run_kin.4G5J_GLU01A0762_001
INFO - step3.py: ForkPoolWorker-1: Calling delphi to calculate conformer (103/694) GLU01A0762_002 in /tmp/pbe_data.data.home.schowdhury.Project_kinases.cof_tpl_mg.run_kin.4G5J_GLU01A0762_002
INFO - step3.py: ForkPoolWorker-1: Calling delphi to calculate conformer (104/694) GLU02A0762_003 in /tmp/pbe_data.data.home.schowdhury.Project_kinases.cof_tpl_mg.run_kin.4G5J_GLU02A0762_003
INFO - step3.py: ForkPoolWorker-1: Calling delphi to calculate conformer (105/694) GLU02A0762_004 in /tmp/pbe_data.data.home.schowdhury.Project_kinases.cof_tpl_mg.run_kin.4G5J_GLU02A0762_004
INFO - step3.py: ForkPoolWorker-1: Calling delphi to calculate conformer (106/694) GLU-1A0762_005 in /tmp/pbe_data.data.home.schowdhury.Project_kinases.cof_tpl_mg.run_kin.4G5J_GLU-1A0762_005
INFO - step3.py: Skipping PBE solver for non-charge conformer (107/694) ALA01A0763_001...
INFO - step3.py: ForkPoolWorker-1: Calling delphi to calculate conformer (108/694) TYR01A0764_001 in /tmp/pbe_data.data.home.schowdhury.Project_kinases.cof_tpl_mg.run_kin.4G5J_TYR01A0764_001
INFO - step3.py: ForkPoolWorker-1: Calling delphi to calculate conformer (109/694) TYR-1A0764_002 in /tmp/pbe_data.data.home.schowdhury.Project_kinases.cof_tpl_mg.run_kin.4G5J_TYR-1A0764_002
INFO - step3.py: Skipping PBE solver for non-charge conformer (110/694) VAL01A0765_001...
INFO - step3.py: ForkPoolWorker-1: Calling delphi to calculate conformer (111/694) MET01A0766_001 in /tmp/pbe_data.data.home.schowdhury.Project_kinases.cof_tpl_mg.run_kin.4G5J_MET01A0766_001
INFO - step3.py: Skipping PBE solver for non-charge conformer (112/694) ALA01A0767_001...
INFO - step3.py: ForkPoolWorker-1: Calling delphi to calculate conformer (113/694) SER01A0768_001 in /tmp/pbe_data.data.home.schowdhury.Project_kinases.cof_tpl_mg.run_kin.4G5J_SER01A0768_001
INFO - step3.py: ForkPoolWorker-1: Calling delphi to calculate conformer (114/694) SER01A0768_002 in /tmp/pbe_data.data.home.schowdhury.Project_kinases.cof_tpl_mg.run_kin.4G5J_SER01A0768_002
INFO - step3.py: ForkPoolWorker-1: Calling delphi to calculate conformer (115/694) SER01A0768_003 in /tmp/pbe_data.data.home.schowdhury.Project_kinases.cof_tpl_mg.run_kin.4G5J_SER01A0768_003
INFO - step3.py: Skipping PBE solver for non-charge conformer (116/694) VAL01A0769_001...
INFO - step3.py: ForkPoolWorker-1: Calling delphi to calculate conformer (117/694) ASP01A0770_001 in /tmp/pbe_data.data.home.schowdhury.Project_kinases.cof_tpl_mg.run_kin.4G5J_ASP01A0770_001
INFO - step3.py: ForkPoolWorker-1: Calling delphi to calculate conformer (118/694) ASP01A0770_002 in /tmp/pbe_data.data.home.schowdhury.Project_kinases.cof_tpl_mg.run_kin.4G5J_ASP01A0770_002
INFO - step3.py: ForkPoolWorker-1: Calling delphi to calculate conformer (119/694) ASP02A0770_003 in /tmp/pbe_data.data.home.schowdhury.Project_kinases.cof_tpl_mg.run_kin.4G5J_ASP02A0770_003
INFO - step3.py: ForkPoolWorker-1: Calling delphi to calculate conformer (120/694) ASP02A0770_004 in /tmp/pbe_data.data.home.schowdhury.Project_kinases.cof_tpl_mg.run_kin.4G5J_ASP02A0770_004
INFO - step3.py: ForkPoolWorker-1: Calling delphi to calculate conformer (121/694) ASP-1A0770_005 in /tmp/pbe_data.data.home.schowdhury.Project_kinases.cof_tpl_mg.run_kin.4G5J_ASP-1A0770_005
INFO - step3.py: ForkPoolWorker-1: Calling delphi to calculate conformer (122/694) ASN01A0771_001 in /tmp/pbe_data.data.home.schowdhury.Project_kinases.cof_tpl_mg.run_kin.4G5J_ASN01A0771_001
INFO - step3.py: ForkPoolWorker-1: Calling delphi to calculate conformer (123/694) ASN01A0771_002 in /tmp/pbe_data.data.home.schowdhury.Project_kinases.cof_tpl_mg.run_kin.4G5J_ASN01A0771_002
INFO - step3.py: Skipping PBE solver for non-charge conformer (124/694) PRO01A0772_001...
INFO - step3.py: ForkPoolWorker-1: Calling delphi to calculate conformer (125/694) HIS01A0773_001 in /tmp/pbe_data.data.home.schowdhury.Project_kinases.cof_tpl_mg.run_kin.4G5J_HIS01A0773_001
INFO - step3.py: ForkPoolWorker-1: Calling delphi to calculate conformer (126/694) HIS01A0773_002 in /tmp/pbe_data.data.home.schowdhury.Project_kinases.cof_tpl_mg.run_kin.4G5J_HIS01A0773_002
INFO - step3.py: ForkPoolWorker-1: Calling delphi to calculate conformer (127/694) HIS02A0773_003 in /tmp/pbe_data.data.home.schowdhury.Project_kinases.cof_tpl_mg.run_kin.4G5J_HIS02A0773_003
INFO - step3.py: ForkPoolWorker-1: Calling delphi to calculate conformer (128/694) HIS02A0773_004 in /tmp/pbe_data.data.home.schowdhury.Project_kinases.cof_tpl_mg.run_kin.4G5J_HIS02A0773_004
INFO - step3.py: ForkPoolWorker-1: Calling delphi to calculate conformer (129/694) HIS+1A0773_005 in /tmp/pbe_data.data.home.schowdhury.Project_kinases.cof_tpl_mg.run_kin.4G5J_HIS+1A0773_005
INFO - step3.py: ForkPoolWorker-1: Calling delphi to calculate conformer (130/694) HIS+1A0773_006 in /tmp/pbe_data.data.home.schowdhury.Project_kinases.cof_tpl_mg.run_kin.4G5J_HIS+1A0773_006
INFO - step3.py: Skipping PBE solver for non-charge conformer (131/694) VAL01A0774_001...
INFO - step3.py: ForkPoolWorker-1: Calling delphi to calculate conformer (132/694) CYS01A0775_001 in /tmp/pbe_data.data.home.schowdhury.Project_kinases.cof_tpl_mg.run_kin.4G5J_CYS01A0775_001
INFO - step3.py: ForkPoolWorker-1: Calling delphi to calculate conformer (133/694) CYS01A0775_002 in /tmp/pbe_data.data.home.schowdhury.Project_kinases.cof_tpl_mg.run_kin.4G5J_CYS01A0775_002
INFO - step3.py: ForkPoolWorker-1: Calling delphi to calculate conformer (134/694) CYS01A0775_003 in /tmp/pbe_data.data.home.schowdhury.Project_kinases.cof_tpl_mg.run_kin.4G5J_CYS01A0775_003
INFO - step3.py: ForkPoolWorker-1: Calling delphi to calculate conformer (135/694) CYS-1A0775_004 in /tmp/pbe_data.data.home.schowdhury.Project_kinases.cof_tpl_mg.run_kin.4G5J_CYS-1A0775_004
INFO - step3.py: ForkPoolWorker-1: Calling delphi to calculate conformer (136/694) ARG01A0776_001 in /tmp/pbe_data.data.home.schowdhury.Project_kinases.cof_tpl_mg.run_kin.4G5J_ARG01A0776_001
INFO - step3.py: ForkPoolWorker-1: Calling delphi to calculate conformer (137/694) ARG02A0776_002 in /tmp/pbe_data.data.home.schowdhury.Project_kinases.cof_tpl_mg.run_kin.4G5J_ARG02A0776_002
INFO - step3.py: ForkPoolWorker-1: Calling delphi to calculate conformer (138/694) ARG03A0776_003 in /tmp/pbe_data.data.home.schowdhury.Project_kinases.cof_tpl_mg.run_kin.4G5J_ARG03A0776_003
INFO - step3.py: ForkPoolWorker-1: Calling delphi to calculate conformer (139/694) ARG+1A0776_004 in /tmp/pbe_data.data.home.schowdhury.Project_kinases.cof_tpl_mg.run_kin.4G5J_ARG+1A0776_004
INFO - step3.py: Skipping PBE solver for non-charge conformer (140/694) LEU01A0777_001...
INFO - step3.py: Skipping PBE solver for non-charge conformer (141/694) LEU01A0778_001...
INFO - step3.py: Skipping PBE solver for non-charge conformer (142/694) ILE01A0780_001...
INFO - step3.py: ForkPoolWorker-1: Calling delphi to calculate conformer (143/694) CYS01A0781_001 in /tmp/pbe_data.data.home.schowdhury.Project_kinases.cof_tpl_mg.run_kin.4G5J_CYS01A0781_001
INFO - step3.py: ForkPoolWorker-1: Calling delphi to calculate conformer (144/694) CYS01A0781_002 in /tmp/pbe_data.data.home.schowdhury.Project_kinases.cof_tpl_mg.run_kin.4G5J_CYS01A0781_002
INFO - step3.py: ForkPoolWorker-1: Calling delphi to calculate conformer (145/694) CYS01A0781_003 in /tmp/pbe_data.data.home.schowdhury.Project_kinases.cof_tpl_mg.run_kin.4G5J_CYS01A0781_003
INFO - step3.py: ForkPoolWorker-1: Calling delphi to calculate conformer (146/694) CYS-1A0781_004 in /tmp/pbe_data.data.home.schowdhury.Project_kinases.cof_tpl_mg.run_kin.4G5J_CYS-1A0781_004
INFO - step3.py: Skipping PBE solver for non-charge conformer (147/694) LEU01A0782_001...
INFO - step3.py: ForkPoolWorker-1: Calling delphi to calculate conformer (148/694) THR01A0783_001 in /tmp/pbe_data.data.home.schowdhury.Project_kinases.cof_tpl_mg.run_kin.4G5J_THR01A0783_001
INFO - step3.py: ForkPoolWorker-1: Calling delphi to calculate conformer (149/694) THR01A0783_002 in /tmp/pbe_data.data.home.schowdhury.Project_kinases.cof_tpl_mg.run_kin.4G5J_THR01A0783_002
INFO - step3.py: ForkPoolWorker-1: Calling delphi to calculate conformer (150/694) SER01A0784_001 in /tmp/pbe_data.data.home.schowdhury.Project_kinases.cof_tpl_mg.run_kin.4G5J_SER01A0784_001
INFO - step3.py: ForkPoolWorker-1: Calling delphi to calculate conformer (151/694) SER01A0784_002 in /tmp/pbe_data.data.home.schowdhury.Project_kinases.cof_tpl_mg.run_kin.4G5J_SER01A0784_002
INFO - step3.py: ForkPoolWorker-1: Calling delphi to calculate conformer (152/694) THR01A0785_001 in /tmp/pbe_data.data.home.schowdhury.Project_kinases.cof_tpl_mg.run_kin.4G5J_THR01A0785_001
INFO - step3.py: ForkPoolWorker-1: Calling delphi to calculate conformer (153/694) THR01A0785_002 in /tmp/pbe_data.data.home.schowdhury.Project_kinases.cof_tpl_mg.run_kin.4G5J_THR01A0785_002
INFO - step3.py: Skipping PBE solver for non-charge conformer (154/694) VAL01A0786_001...
INFO - step3.py: ForkPoolWorker-1: Calling delphi to calculate conformer (155/694) GLN01A0787_001 in /tmp/pbe_data.data.home.schowdhury.Project_kinases.cof_tpl_mg.run_kin.4G5J_GLN01A0787_001
INFO - step3.py: ForkPoolWorker-1: Calling delphi to calculate conformer (156/694) GLN01A0787_002 in /tmp/pbe_data.data.home.schowdhury.Project_kinases.cof_tpl_mg.run_kin.4G5J_GLN01A0787_002
INFO - step3.py: Skipping PBE solver for non-charge conformer (157/694) LEU01A0788_001...
INFO - step3.py: Skipping PBE solver for non-charge conformer (158/694) ILE01A0789_001...
INFO - step3.py: ForkPoolWorker-1: Calling delphi to calculate conformer (159/694) THR01A0790_001 in /tmp/pbe_data.data.home.schowdhury.Project_kinases.cof_tpl_mg.run_kin.4G5J_THR01A0790_001
INFO - step3.py: ForkPoolWorker-1: Calling delphi to calculate conformer (160/694) THR01A0790_002 in /tmp/pbe_data.data.home.schowdhury.Project_kinases.cof_tpl_mg.run_kin.4G5J_THR01A0790_002
INFO - step3.py: ForkPoolWorker-1: Calling delphi to calculate conformer (161/694) THR01A0790_003 in /tmp/pbe_data.data.home.schowdhury.Project_kinases.cof_tpl_mg.run_kin.4G5J_THR01A0790_003
INFO - step3.py: ForkPoolWorker-1: Calling delphi to calculate conformer (162/694) GLN01A0791_001 in /tmp/pbe_data.data.home.schowdhury.Project_kinases.cof_tpl_mg.run_kin.4G5J_GLN01A0791_001
INFO - step3.py: ForkPoolWorker-1: Calling delphi to calculate conformer (163/694) GLN01A0791_002 in /tmp/pbe_data.data.home.schowdhury.Project_kinases.cof_tpl_mg.run_kin.4G5J_GLN01A0791_002
INFO - step3.py: Skipping PBE solver for non-charge conformer (164/694) LEU01A0792_001...
INFO - step3.py: ForkPoolWorker-1: Calling delphi to calculate conformer (165/694) MET01A0793_001 in /tmp/pbe_data.data.home.schowdhury.Project_kinases.cof_tpl_mg.run_kin.4G5J_MET01A0793_001
INFO - step3.py: Skipping PBE solver for non-charge conformer (166/694) PRO01A0794_001...
INFO - step3.py: Skipping PBE solver for non-charge conformer (167/694) PHE01A0795_001...
INFO - step3.py: ForkPoolWorker-1: Calling delphi to calculate conformer (168/694) CYS01A0797_001 in /tmp/pbe_data.data.home.schowdhury.Project_kinases.cof_tpl_mg.run_kin.4G5J_CYS01A0797_001
INFO - step3.py: ForkPoolWorker-1: Calling delphi to calculate conformer (169/694) CYS01A0797_002 in /tmp/pbe_data.data.home.schowdhury.Project_kinases.cof_tpl_mg.run_kin.4G5J_CYS01A0797_002
INFO - step3.py: ForkPoolWorker-1: Calling delphi to calculate conformer (170/694) CYS01A0797_003 in /tmp/pbe_data.data.home.schowdhury.Project_kinases.cof_tpl_mg.run_kin.4G5J_CYS01A0797_003
INFO - step3.py: ForkPoolWorker-1: Calling delphi to calculate conformer (171/694) CYS-1A0797_004 in /tmp/pbe_data.data.home.schowdhury.Project_kinases.cof_tpl_mg.run_kin.4G5J_CYS-1A0797_004
INFO - step3.py: Skipping PBE solver for non-charge conformer (172/694) LEU01A0798_001...
INFO - step3.py: Skipping PBE solver for non-charge conformer (173/694) LEU01A0799_001...
INFO - step3.py: ForkPoolWorker-1: Calling delphi to calculate conformer (174/694) ASP01A0800_001 in /tmp/pbe_data.data.home.schowdhury.Project_kinases.cof_tpl_mg.run_kin.4G5J_ASP01A0800_001
INFO - step3.py: ForkPoolWorker-1: Calling delphi to calculate conformer (175/694) ASP01A0800_002 in /tmp/pbe_data.data.home.schowdhury.Project_kinases.cof_tpl_mg.run_kin.4G5J_ASP01A0800_002
INFO - step3.py: ForkPoolWorker-1: Calling delphi to calculate conformer (176/694) ASP02A0800_003 in /tmp/pbe_data.data.home.schowdhury.Project_kinases.cof_tpl_mg.run_kin.4G5J_ASP02A0800_003
INFO - step3.py: ForkPoolWorker-1: Calling delphi to calculate conformer (177/694) ASP02A0800_004 in /tmp/pbe_data.data.home.schowdhury.Project_kinases.cof_tpl_mg.run_kin.4G5J_ASP02A0800_004
INFO - step3.py: ForkPoolWorker-1: Calling delphi to calculate conformer (178/694) ASP-1A0800_005 in /tmp/pbe_data.data.home.schowdhury.Project_kinases.cof_tpl_mg.run_kin.4G5J_ASP-1A0800_005
INFO - step3.py: ForkPoolWorker-1: Calling delphi to calculate conformer (179/694) TYR01A0801_001 in /tmp/pbe_data.data.home.schowdhury.Project_kinases.cof_tpl_mg.run_kin.4G5J_TYR01A0801_001
INFO - step3.py: ForkPoolWorker-1: Calling delphi to calculate conformer (180/694) TYR-1A0801_002 in /tmp/pbe_data.data.home.schowdhury.Project_kinases.cof_tpl_mg.run_kin.4G5J_TYR-1A0801_002
INFO - step3.py: Skipping PBE solver for non-charge conformer (181/694) VAL01A0802_001...
INFO - step3.py: ForkPoolWorker-1: Calling delphi to calculate conformer (182/694) ARG01A0803_001 in /tmp/pbe_data.data.home.schowdhury.Project_kinases.cof_tpl_mg.run_kin.4G5J_ARG01A0803_001
INFO - step3.py: ForkPoolWorker-1: Calling delphi to calculate conformer (183/694) ARG02A0803_002 in /tmp/pbe_data.data.home.schowdhury.Project_kinases.cof_tpl_mg.run_kin.4G5J_ARG02A0803_002
INFO - step3.py: ForkPoolWorker-1: Calling delphi to calculate conformer (184/694) ARG03A0803_003 in /tmp/pbe_data.data.home.schowdhury.Project_kinases.cof_tpl_mg.run_kin.4G5J_ARG03A0803_003
INFO - step3.py: ForkPoolWorker-1: Calling delphi to calculate conformer (185/694) ARG+1A0803_004 in /tmp/pbe_data.data.home.schowdhury.Project_kinases.cof_tpl_mg.run_kin.4G5J_ARG+1A0803_004
INFO - step3.py: ForkPoolWorker-1: Calling delphi to calculate conformer (186/694) GLU01A0804_001 in /tmp/pbe_data.data.home.schowdhury.Project_kinases.cof_tpl_mg.run_kin.4G5J_GLU01A0804_001
INFO - step3.py: ForkPoolWorker-1: Calling delphi to calculate conformer (187/694) GLU01A0804_002 in /tmp/pbe_data.data.home.schowdhury.Project_kinases.cof_tpl_mg.run_kin.4G5J_GLU01A0804_002
INFO - step3.py: ForkPoolWorker-1: Calling delphi to calculate conformer (188/694) GLU02A0804_003 in /tmp/pbe_data.data.home.schowdhury.Project_kinases.cof_tpl_mg.run_kin.4G5J_GLU02A0804_003
INFO - step3.py: ForkPoolWorker-1: Calling delphi to calculate conformer (189/694) GLU02A0804_004 in /tmp/pbe_data.data.home.schowdhury.Project_kinases.cof_tpl_mg.run_kin.4G5J_GLU02A0804_004
INFO - step3.py: ForkPoolWorker-1: Calling delphi to calculate conformer (190/694) GLU-1A0804_005 in /tmp/pbe_data.data.home.schowdhury.Project_kinases.cof_tpl_mg.run_kin.4G5J_GLU-1A0804_005
INFO - step3.py: ForkPoolWorker-1: Calling delphi to calculate conformer (191/694) HIS01A0805_001 in /tmp/pbe_data.data.home.schowdhury.Project_kinases.cof_tpl_mg.run_kin.4G5J_HIS01A0805_001
INFO - step3.py: ForkPoolWorker-1: Calling delphi to calculate conformer (192/694) HIS01A0805_002 in /tmp/pbe_data.data.home.schowdhury.Project_kinases.cof_tpl_mg.run_kin.4G5J_HIS01A0805_002
INFO - step3.py: ForkPoolWorker-1: Calling delphi to calculate conformer (193/694) HIS02A0805_003 in /tmp/pbe_data.data.home.schowdhury.Project_kinases.cof_tpl_mg.run_kin.4G5J_HIS02A0805_003
INFO - step3.py: ForkPoolWorker-1: Calling delphi to calculate conformer (194/694) HIS02A0805_004 in /tmp/pbe_data.data.home.schowdhury.Project_kinases.cof_tpl_mg.run_kin.4G5J_HIS02A0805_004
INFO - step3.py: ForkPoolWorker-1: Calling delphi to calculate conformer (195/694) HIS+1A0805_005 in /tmp/pbe_data.data.home.schowdhury.Project_kinases.cof_tpl_mg.run_kin.4G5J_HIS+1A0805_005
INFO - step3.py: ForkPoolWorker-1: Calling delphi to calculate conformer (196/694) HIS+1A0805_006 in /tmp/pbe_data.data.home.schowdhury.Project_kinases.cof_tpl_mg.run_kin.4G5J_HIS+1A0805_006
INFO - step3.py: ForkPoolWorker-1: Calling delphi to calculate conformer (197/694) LYS01A0806_001 in /tmp/pbe_data.data.home.schowdhury.Project_kinases.cof_tpl_mg.run_kin.4G5J_LYS01A0806_001
INFO - step3.py: ForkPoolWorker-1: Calling delphi to calculate conformer (198/694) LYS+1A0806_002 in /tmp/pbe_data.data.home.schowdhury.Project_kinases.cof_tpl_mg.run_kin.4G5J_LYS+1A0806_002
INFO - step3.py: ForkPoolWorker-1: Calling delphi to calculate conformer (199/694) ASP01A0807_001 in /tmp/pbe_data.data.home.schowdhury.Project_kinases.cof_tpl_mg.run_kin.4G5J_ASP01A0807_001
INFO - step3.py: ForkPoolWorker-1: Calling delphi to calculate conformer (200/694) ASP01A0807_002 in /tmp/pbe_data.data.home.schowdhury.Project_kinases.cof_tpl_mg.run_kin.4G5J_ASP01A0807_002
INFO - step3.py: ForkPoolWorker-1: Calling delphi to calculate conformer (201/694) ASP02A0807_003 in /tmp/pbe_data.data.home.schowdhury.Project_kinases.cof_tpl_mg.run_kin.4G5J_ASP02A0807_003
INFO - step3.py: ForkPoolWorker-1: Calling delphi to calculate conformer (202/694) ASP02A0807_004 in /tmp/pbe_data.data.home.schowdhury.Project_kinases.cof_tpl_mg.run_kin.4G5J_ASP02A0807_004
INFO - step3.py: ForkPoolWorker-1: Calling delphi to calculate conformer (203/694) ASP-1A0807_005 in /tmp/pbe_data.data.home.schowdhury.Project_kinases.cof_tpl_mg.run_kin.4G5J_ASP-1A0807_005
INFO - step3.py: ForkPoolWorker-1: Calling delphi to calculate conformer (204/694) ASN01A0808_001 in /tmp/pbe_data.data.home.schowdhury.Project_kinases.cof_tpl_mg.run_kin.4G5J_ASN01A0808_001
INFO - step3.py: ForkPoolWorker-1: Calling delphi to calculate conformer (205/694) ASN01A0808_002 in /tmp/pbe_data.data.home.schowdhury.Project_kinases.cof_tpl_mg.run_kin.4G5J_ASN01A0808_002
INFO - step3.py: Skipping PBE solver for non-charge conformer (206/694) ILE01A0809_001...
INFO - step3.py: ForkPoolWorker-1: Calling delphi to calculate conformer (207/694) SER01A0811_001 in /tmp/pbe_data.data.home.schowdhury.Project_kinases.cof_tpl_mg.run_kin.4G5J_SER01A0811_001
INFO - step3.py: ForkPoolWorker-1: Calling delphi to calculate conformer (208/694) SER01A0811_002 in /tmp/pbe_data.data.home.schowdhury.Project_kinases.cof_tpl_mg.run_kin.4G5J_SER01A0811_002
INFO - step3.py: ForkPoolWorker-1: Calling delphi to calculate conformer (209/694) SER01A0811_003 in /tmp/pbe_data.data.home.schowdhury.Project_kinases.cof_tpl_mg.run_kin.4G5J_SER01A0811_003
INFO - step3.py: ForkPoolWorker-1: Calling delphi to calculate conformer (210/694) GLN01A0812_001 in /tmp/pbe_data.data.home.schowdhury.Project_kinases.cof_tpl_mg.run_kin.4G5J_GLN01A0812_001
INFO - step3.py: ForkPoolWorker-1: Calling delphi to calculate conformer (211/694) GLN01A0812_002 in /tmp/pbe_data.data.home.schowdhury.Project_kinases.cof_tpl_mg.run_kin.4G5J_GLN01A0812_002
INFO - step3.py: ForkPoolWorker-1: Calling delphi to calculate conformer (212/694) TYR01A0813_001 in /tmp/pbe_data.data.home.schowdhury.Project_kinases.cof_tpl_mg.run_kin.4G5J_TYR01A0813_001
INFO - step3.py: ForkPoolWorker-1: Calling delphi to calculate conformer (213/694) TYR01A0813_002 in /tmp/pbe_data.data.home.schowdhury.Project_kinases.cof_tpl_mg.run_kin.4G5J_TYR01A0813_002
INFO - step3.py: ForkPoolWorker-1: Calling delphi to calculate conformer (214/694) TYR-1A0813_003 in /tmp/pbe_data.data.home.schowdhury.Project_kinases.cof_tpl_mg.run_kin.4G5J_TYR-1A0813_003
INFO - step3.py: Skipping PBE solver for non-charge conformer (215/694) LEU01A0814_001...
INFO - step3.py: Skipping PBE solver for non-charge conformer (216/694) LEU01A0815_001...
INFO - step3.py: ForkPoolWorker-1: Calling delphi to calculate conformer (217/694) ASN01A0816_001 in /tmp/pbe_data.data.home.schowdhury.Project_kinases.cof_tpl_mg.run_kin.4G5J_ASN01A0816_001
INFO - step3.py: ForkPoolWorker-1: Calling delphi to calculate conformer (218/694) ASN01A0816_002 in /tmp/pbe_data.data.home.schowdhury.Project_kinases.cof_tpl_mg.run_kin.4G5J_ASN01A0816_002
INFO - step3.py: Skipping PBE solver for non-charge conformer (219/694) TRP01A0817_001...
INFO - step3.py: ForkPoolWorker-1: Calling delphi to calculate conformer (220/694) CYS01A0818_001 in /tmp/pbe_data.data.home.schowdhury.Project_kinases.cof_tpl_mg.run_kin.4G5J_CYS01A0818_001
INFO - step3.py: ForkPoolWorker-1: Calling delphi to calculate conformer (221/694) CYS01A0818_002 in /tmp/pbe_data.data.home.schowdhury.Project_kinases.cof_tpl_mg.run_kin.4G5J_CYS01A0818_002
INFO - step3.py: ForkPoolWorker-1: Calling delphi to calculate conformer (222/694) CYS01A0818_003 in /tmp/pbe_data.data.home.schowdhury.Project_kinases.cof_tpl_mg.run_kin.4G5J_CYS01A0818_003
INFO - step3.py: ForkPoolWorker-1: Calling delphi to calculate conformer (223/694) CYS-1A0818_004 in /tmp/pbe_data.data.home.schowdhury.Project_kinases.cof_tpl_mg.run_kin.4G5J_CYS-1A0818_004
INFO - step3.py: Skipping PBE solver for non-charge conformer (224/694) VAL01A0819_001...
INFO - step3.py: ForkPoolWorker-1: Calling delphi to calculate conformer (225/694) GLN01A0820_001 in /tmp/pbe_data.data.home.schowdhury.Project_kinases.cof_tpl_mg.run_kin.4G5J_GLN01A0820_001
INFO - step3.py: Skipping PBE solver for non-charge conformer (226/694) ILE01A0821_001...
INFO - step3.py: Skipping PBE solver for non-charge conformer (227/694) ALA01A0822_001...
INFO - step3.py: ForkPoolWorker-1: Calling delphi to calculate conformer (228/694) LYS01A0823_001 in /tmp/pbe_data.data.home.schowdhury.Project_kinases.cof_tpl_mg.run_kin.4G5J_LYS01A0823_001
INFO - step3.py: ForkPoolWorker-1: Calling delphi to calculate conformer (229/694) LYS+1A0823_002 in /tmp/pbe_data.data.home.schowdhury.Project_kinases.cof_tpl_mg.run_kin.4G5J_LYS+1A0823_002
INFO - step3.py: ForkPoolWorker-1: Calling delphi to calculate conformer (230/694) MET01A0825_001 in /tmp/pbe_data.data.home.schowdhury.Project_kinases.cof_tpl_mg.run_kin.4G5J_MET01A0825_001
INFO - step3.py: ForkPoolWorker-1: Calling delphi to calculate conformer (231/694) ASN01A0826_001 in /tmp/pbe_data.data.home.schowdhury.Project_kinases.cof_tpl_mg.run_kin.4G5J_ASN01A0826_001
INFO - step3.py: ForkPoolWorker-1: Calling delphi to calculate conformer (232/694) ASN01A0826_002 in /tmp/pbe_data.data.home.schowdhury.Project_kinases.cof_tpl_mg.run_kin.4G5J_ASN01A0826_002
INFO - step3.py: ForkPoolWorker-1: Calling delphi to calculate conformer (233/694) TYR01A0827_001 in /tmp/pbe_data.data.home.schowdhury.Project_kinases.cof_tpl_mg.run_kin.4G5J_TYR01A0827_001
INFO - step3.py: ForkPoolWorker-1: Calling delphi to calculate conformer (234/694) TYR01A0827_002 in /tmp/pbe_data.data.home.schowdhury.Project_kinases.cof_tpl_mg.run_kin.4G5J_TYR01A0827_002
INFO - step3.py: ForkPoolWorker-1: Calling delphi to calculate conformer (235/694) TYR-1A0827_003 in /tmp/pbe_data.data.home.schowdhury.Project_kinases.cof_tpl_mg.run_kin.4G5J_TYR-1A0827_003
INFO - step3.py: Skipping PBE solver for non-charge conformer (236/694) LEU01A0828_001...
INFO - step3.py: ForkPoolWorker-1: Calling delphi to calculate conformer (237/694) GLU01A0829_001 in /tmp/pbe_data.data.home.schowdhury.Project_kinases.cof_tpl_mg.run_kin.4G5J_GLU01A0829_001
INFO - step3.py: ForkPoolWorker-1: Calling delphi to calculate conformer (238/694) GLU01A0829_002 in /tmp/pbe_data.data.home.schowdhury.Project_kinases.cof_tpl_mg.run_kin.4G5J_GLU01A0829_002
INFO - step3.py: ForkPoolWorker-1: Calling delphi to calculate conformer (239/694) GLU02A0829_003 in /tmp/pbe_data.data.home.schowdhury.Project_kinases.cof_tpl_mg.run_kin.4G5J_GLU02A0829_003
INFO - step3.py: ForkPoolWorker-1: Calling delphi to calculate conformer (240/694) GLU02A0829_004 in /tmp/pbe_data.data.home.schowdhury.Project_kinases.cof_tpl_mg.run_kin.4G5J_GLU02A0829_004
INFO - step3.py: ForkPoolWorker-1: Calling delphi to calculate conformer (241/694) GLU-1A0829_005 in /tmp/pbe_data.data.home.schowdhury.Project_kinases.cof_tpl_mg.run_kin.4G5J_GLU-1A0829_005
INFO - step3.py: ForkPoolWorker-1: Calling delphi to calculate conformer (242/694) ASP01A0830_001 in /tmp/pbe_data.data.home.schowdhury.Project_kinases.cof_tpl_mg.run_kin.4G5J_ASP01A0830_001
INFO - step3.py: ForkPoolWorker-1: Calling delphi to calculate conformer (243/694) ASP01A0830_002 in /tmp/pbe_data.data.home.schowdhury.Project_kinases.cof_tpl_mg.run_kin.4G5J_ASP01A0830_002
INFO - step3.py: ForkPoolWorker-1: Calling delphi to calculate conformer (244/694) ASP02A0830_003 in /tmp/pbe_data.data.home.schowdhury.Project_kinases.cof_tpl_mg.run_kin.4G5J_ASP02A0830_003
INFO - step3.py: ForkPoolWorker-1: Calling delphi to calculate conformer (245/694) ASP02A0830_004 in /tmp/pbe_data.data.home.schowdhury.Project_kinases.cof_tpl_mg.run_kin.4G5J_ASP02A0830_004
INFO - step3.py: ForkPoolWorker-1: Calling delphi to calculate conformer (246/694) ASP-1A0830_005 in /tmp/pbe_data.data.home.schowdhury.Project_kinases.cof_tpl_mg.run_kin.4G5J_ASP-1A0830_005
INFO - step3.py: ForkPoolWorker-1: Calling delphi to calculate conformer (247/694) ARG01A0831_001 in /tmp/pbe_data.data.home.schowdhury.Project_kinases.cof_tpl_mg.run_kin.4G5J_ARG01A0831_001
INFO - step3.py: ForkPoolWorker-1: Calling delphi to calculate conformer (248/694) ARG02A0831_002 in /tmp/pbe_data.data.home.schowdhury.Project_kinases.cof_tpl_mg.run_kin.4G5J_ARG02A0831_002
INFO - step3.py: ForkPoolWorker-1: Calling delphi to calculate conformer (249/694) ARG03A0831_003 in /tmp/pbe_data.data.home.schowdhury.Project_kinases.cof_tpl_mg.run_kin.4G5J_ARG03A0831_003
INFO - step3.py: ForkPoolWorker-1: Calling delphi to calculate conformer (250/694) ARG+1A0831_004 in /tmp/pbe_data.data.home.schowdhury.Project_kinases.cof_tpl_mg.run_kin.4G5J_ARG+1A0831_004
INFO - step3.py: ForkPoolWorker-1: Calling delphi to calculate conformer (251/694) ARG01A0832_001 in /tmp/pbe_data.data.home.schowdhury.Project_kinases.cof_tpl_mg.run_kin.4G5J_ARG01A0832_001
INFO - step3.py: ForkPoolWorker-1: Calling delphi to calculate conformer (252/694) ARG02A0832_002 in /tmp/pbe_data.data.home.schowdhury.Project_kinases.cof_tpl_mg.run_kin.4G5J_ARG02A0832_002
INFO - step3.py: ForkPoolWorker-1: Calling delphi to calculate conformer (253/694) ARG03A0832_003 in /tmp/pbe_data.data.home.schowdhury.Project_kinases.cof_tpl_mg.run_kin.4G5J_ARG03A0832_003
INFO - step3.py: ForkPoolWorker-1: Calling delphi to calculate conformer (254/694) ARG+1A0832_004 in /tmp/pbe_data.data.home.schowdhury.Project_kinases.cof_tpl_mg.run_kin.4G5J_ARG+1A0832_004
INFO - step3.py: Skipping PBE solver for non-charge conformer (255/694) LEU01A0833_001...
INFO - step3.py: Skipping PBE solver for non-charge conformer (256/694) VAL01A0834_001...
INFO - step3.py: ForkPoolWorker-1: Calling delphi to calculate conformer (257/694) HIS01A0835_001 in /tmp/pbe_data.data.home.schowdhury.Project_kinases.cof_tpl_mg.run_kin.4G5J_HIS01A0835_001
INFO - step3.py: ForkPoolWorker-1: Calling delphi to calculate conformer (258/694) HIS01A0835_002 in /tmp/pbe_data.data.home.schowdhury.Project_kinases.cof_tpl_mg.run_kin.4G5J_HIS01A0835_002
INFO - step3.py: ForkPoolWorker-1: Calling delphi to calculate conformer (259/694) HIS02A0835_003 in /tmp/pbe_data.data.home.schowdhury.Project_kinases.cof_tpl_mg.run_kin.4G5J_HIS02A0835_003
INFO - step3.py: ForkPoolWorker-1: Calling delphi to calculate conformer (260/694) HIS02A0835_004 in /tmp/pbe_data.data.home.schowdhury.Project_kinases.cof_tpl_mg.run_kin.4G5J_HIS02A0835_004
INFO - step3.py: ForkPoolWorker-1: Calling delphi to calculate conformer (261/694) HIS+1A0835_005 in /tmp/pbe_data.data.home.schowdhury.Project_kinases.cof_tpl_mg.run_kin.4G5J_HIS+1A0835_005
INFO - step3.py: ForkPoolWorker-1: Calling delphi to calculate conformer (262/694) HIS+1A0835_006 in /tmp/pbe_data.data.home.schowdhury.Project_kinases.cof_tpl_mg.run_kin.4G5J_HIS+1A0835_006
INFO - step3.py: ForkPoolWorker-1: Calling delphi to calculate conformer (263/694) ARG01A0836_001 in /tmp/pbe_data.data.home.schowdhury.Project_kinases.cof_tpl_mg.run_kin.4G5J_ARG01A0836_001
INFO - step3.py: ForkPoolWorker-1: Calling delphi to calculate conformer (264/694) ARG02A0836_002 in /tmp/pbe_data.data.home.schowdhury.Project_kinases.cof_tpl_mg.run_kin.4G5J_ARG02A0836_002
INFO - step3.py: ForkPoolWorker-1: Calling delphi to calculate conformer (265/694) ARG03A0836_003 in /tmp/pbe_data.data.home.schowdhury.Project_kinases.cof_tpl_mg.run_kin.4G5J_ARG03A0836_003
INFO - step3.py: ForkPoolWorker-1: Calling delphi to calculate conformer (266/694) ARG03A0836_004 in /tmp/pbe_data.data.home.schowdhury.Project_kinases.cof_tpl_mg.run_kin.4G5J_ARG03A0836_004
INFO - step3.py: ForkPoolWorker-1: Calling delphi to calculate conformer (267/694) ARG+1A0836_005 in /tmp/pbe_data.data.home.schowdhury.Project_kinases.cof_tpl_mg.run_kin.4G5J_ARG+1A0836_005
INFO - step3.py: ForkPoolWorker-1: Calling delphi to calculate conformer (268/694) ASP01A0837_001 in /tmp/pbe_data.data.home.schowdhury.Project_kinases.cof_tpl_mg.run_kin.4G5J_ASP01A0837_001
INFO - step3.py: ForkPoolWorker-1: Calling delphi to calculate conformer (269/694) ASP01A0837_002 in /tmp/pbe_data.data.home.schowdhury.Project_kinases.cof_tpl_mg.run_kin.4G5J_ASP01A0837_002
INFO - step3.py: ForkPoolWorker-1: Calling delphi to calculate conformer (270/694) ASP02A0837_003 in /tmp/pbe_data.data.home.schowdhury.Project_kinases.cof_tpl_mg.run_kin.4G5J_ASP02A0837_003
INFO - step3.py: ForkPoolWorker-1: Calling delphi to calculate conformer (271/694) ASP02A0837_004 in /tmp/pbe_data.data.home.schowdhury.Project_kinases.cof_tpl_mg.run_kin.4G5J_ASP02A0837_004
INFO - step3.py: ForkPoolWorker-1: Calling delphi to calculate conformer (272/694) ASP-1A0837_005 in /tmp/pbe_data.data.home.schowdhury.Project_kinases.cof_tpl_mg.run_kin.4G5J_ASP-1A0837_005
INFO - step3.py: Skipping PBE solver for non-charge conformer (273/694) LEU01A0838_001...
INFO - step3.py: Skipping PBE solver for non-charge conformer (274/694) ALA01A0839_001...
INFO - step3.py: Skipping PBE solver for non-charge conformer (275/694) ALA01A0840_001...
INFO - step3.py: ForkPoolWorker-1: Calling delphi to calculate conformer (276/694) ARG01A0841_001 in /tmp/pbe_data.data.home.schowdhury.Project_kinases.cof_tpl_mg.run_kin.4G5J_ARG01A0841_001
INFO - step3.py: ForkPoolWorker-1: Calling delphi to calculate conformer (277/694) ARG02A0841_002 in /tmp/pbe_data.data.home.schowdhury.Project_kinases.cof_tpl_mg.run_kin.4G5J_ARG02A0841_002
INFO - step3.py: ForkPoolWorker-1: Calling delphi to calculate conformer (278/694) ARG02A0841_003 in /tmp/pbe_data.data.home.schowdhury.Project_kinases.cof_tpl_mg.run_kin.4G5J_ARG02A0841_003
INFO - step3.py: ForkPoolWorker-1: Calling delphi to calculate conformer (279/694) ARG03A0841_004 in /tmp/pbe_data.data.home.schowdhury.Project_kinases.cof_tpl_mg.run_kin.4G5J_ARG03A0841_004
INFO - step3.py: ForkPoolWorker-1: Calling delphi to calculate conformer (280/694) ARG+1A0841_005 in /tmp/pbe_data.data.home.schowdhury.Project_kinases.cof_tpl_mg.run_kin.4G5J_ARG+1A0841_005
INFO - step3.py: ForkPoolWorker-1: Calling delphi to calculate conformer (281/694) ASN01A0842_001 in /tmp/pbe_data.data.home.schowdhury.Project_kinases.cof_tpl_mg.run_kin.4G5J_ASN01A0842_001
INFO - step3.py: ForkPoolWorker-1: Calling delphi to calculate conformer (282/694) ASN01A0842_002 in /tmp/pbe_data.data.home.schowdhury.Project_kinases.cof_tpl_mg.run_kin.4G5J_ASN01A0842_002
INFO - step3.py: Skipping PBE solver for non-charge conformer (283/694) VAL01A0843_001...
INFO - step3.py: Skipping PBE solver for non-charge conformer (284/694) LEU01A0844_001...
INFO - step3.py: Skipping PBE solver for non-charge conformer (285/694) VAL01A0845_001...
INFO - step3.py: ForkPoolWorker-1: Calling delphi to calculate conformer (286/694) LYS01A0846_001 in /tmp/pbe_data.data.home.schowdhury.Project_kinases.cof_tpl_mg.run_kin.4G5J_LYS01A0846_001
INFO - step3.py: ForkPoolWorker-1: Calling delphi to calculate conformer (287/694) LYS+1A0846_002 in /tmp/pbe_data.data.home.schowdhury.Project_kinases.cof_tpl_mg.run_kin.4G5J_LYS+1A0846_002
INFO - step3.py: ForkPoolWorker-1: Calling delphi to calculate conformer (288/694) THR01A0847_001 in /tmp/pbe_data.data.home.schowdhury.Project_kinases.cof_tpl_mg.run_kin.4G5J_THR01A0847_001
INFO - step3.py: ForkPoolWorker-1: Calling delphi to calculate conformer (289/694) THR01A0847_002 in /tmp/pbe_data.data.home.schowdhury.Project_kinases.cof_tpl_mg.run_kin.4G5J_THR01A0847_002
INFO - step3.py: ForkPoolWorker-1: Calling delphi to calculate conformer (290/694) THR01A0847_003 in /tmp/pbe_data.data.home.schowdhury.Project_kinases.cof_tpl_mg.run_kin.4G5J_THR01A0847_003
INFO - step3.py: Skipping PBE solver for non-charge conformer (291/694) PRO01A0848_001...
INFO - step3.py: ForkPoolWorker-1: Calling delphi to calculate conformer (292/694) GLN01A0849_001 in /tmp/pbe_data.data.home.schowdhury.Project_kinases.cof_tpl_mg.run_kin.4G5J_GLN01A0849_001
INFO - step3.py: ForkPoolWorker-1: Calling delphi to calculate conformer (293/694) GLN01A0849_002 in /tmp/pbe_data.data.home.schowdhury.Project_kinases.cof_tpl_mg.run_kin.4G5J_GLN01A0849_002
INFO - step3.py: ForkPoolWorker-1: Calling delphi to calculate conformer (294/694) HIS01A0850_001 in /tmp/pbe_data.data.home.schowdhury.Project_kinases.cof_tpl_mg.run_kin.4G5J_HIS01A0850_001
INFO - step3.py: ForkPoolWorker-1: Calling delphi to calculate conformer (295/694) HIS02A0850_002 in /tmp/pbe_data.data.home.schowdhury.Project_kinases.cof_tpl_mg.run_kin.4G5J_HIS02A0850_002
INFO - step3.py: ForkPoolWorker-1: Calling delphi to calculate conformer (296/694) HIS+1A0850_003 in /tmp/pbe_data.data.home.schowdhury.Project_kinases.cof_tpl_mg.run_kin.4G5J_HIS+1A0850_003
INFO - step3.py: Skipping PBE solver for non-charge conformer (297/694) VAL01A0851_001...
INFO - step3.py: ForkPoolWorker-1: Calling delphi to calculate conformer (298/694) LYS01A0852_001 in /tmp/pbe_data.data.home.schowdhury.Project_kinases.cof_tpl_mg.run_kin.4G5J_LYS01A0852_001
INFO - step3.py: ForkPoolWorker-1: Calling delphi to calculate conformer (299/694) LYS+1A0852_002 in /tmp/pbe_data.data.home.schowdhury.Project_kinases.cof_tpl_mg.run_kin.4G5J_LYS+1A0852_002
INFO - step3.py: Skipping PBE solver for non-charge conformer (300/694) ILE01A0853_001...
INFO - step3.py: ForkPoolWorker-1: Calling delphi to calculate conformer (301/694) THR01A0854_001 in /tmp/pbe_data.data.home.schowdhury.Project_kinases.cof_tpl_mg.run_kin.4G5J_THR01A0854_001
INFO - step3.py: ForkPoolWorker-1: Calling delphi to calculate conformer (302/694) THR01A0854_002 in /tmp/pbe_data.data.home.schowdhury.Project_kinases.cof_tpl_mg.run_kin.4G5J_THR01A0854_002
INFO - step3.py: ForkPoolWorker-1: Calling delphi to calculate conformer (303/694) ASP01A0855_001 in /tmp/pbe_data.data.home.schowdhury.Project_kinases.cof_tpl_mg.run_kin.4G5J_ASP01A0855_001
INFO - step3.py: ForkPoolWorker-1: Calling delphi to calculate conformer (304/694) ASP01A0855_002 in /tmp/pbe_data.data.home.schowdhury.Project_kinases.cof_tpl_mg.run_kin.4G5J_ASP01A0855_002
INFO - step3.py: ForkPoolWorker-1: Calling delphi to calculate conformer (305/694) ASP02A0855_003 in /tmp/pbe_data.data.home.schowdhury.Project_kinases.cof_tpl_mg.run_kin.4G5J_ASP02A0855_003
INFO - step3.py: ForkPoolWorker-1: Calling delphi to calculate conformer (306/694) ASP02A0855_004 in /tmp/pbe_data.data.home.schowdhury.Project_kinases.cof_tpl_mg.run_kin.4G5J_ASP02A0855_004
INFO - step3.py: ForkPoolWorker-1: Calling delphi to calculate conformer (307/694) ASP-1A0855_005 in /tmp/pbe_data.data.home.schowdhury.Project_kinases.cof_tpl_mg.run_kin.4G5J_ASP-1A0855_005
INFO - step3.py: Skipping PBE solver for non-charge conformer (308/694) PHE01A0856_001...
INFO - step3.py: Skipping PBE solver for non-charge conformer (309/694) LEU01A0858_001...
INFO - step3.py: Skipping PBE solver for non-charge conformer (310/694) ALA01A0859_001...
INFO - step3.py: ForkPoolWorker-1: Calling delphi to calculate conformer (311/694) LYS01A0860_001 in /tmp/pbe_data.data.home.schowdhury.Project_kinases.cof_tpl_mg.run_kin.4G5J_LYS01A0860_001
INFO - step3.py: ForkPoolWorker-1: Calling delphi to calculate conformer (312/694) LYS+1A0860_002 in /tmp/pbe_data.data.home.schowdhury.Project_kinases.cof_tpl_mg.run_kin.4G5J_LYS+1A0860_002
INFO - step3.py: Skipping PBE solver for non-charge conformer (313/694) LEU01A0861_001...
INFO - step3.py: Skipping PBE solver for non-charge conformer (314/694) LEU01A0862_001...
INFO - step3.py: Skipping PBE solver for non-charge conformer (315/694) ALA01A0864_001...
INFO - step3.py: ForkPoolWorker-1: Calling delphi to calculate conformer (316/694) GLU01A0865_001 in /tmp/pbe_data.data.home.schowdhury.Project_kinases.cof_tpl_mg.run_kin.4G5J_GLU01A0865_001
INFO - step3.py: ForkPoolWorker-1: Calling delphi to calculate conformer (317/694) GLU01A0865_002 in /tmp/pbe_data.data.home.schowdhury.Project_kinases.cof_tpl_mg.run_kin.4G5J_GLU01A0865_002
INFO - step3.py: ForkPoolWorker-1: Calling delphi to calculate conformer (318/694) GLU02A0865_003 in /tmp/pbe_data.data.home.schowdhury.Project_kinases.cof_tpl_mg.run_kin.4G5J_GLU02A0865_003
INFO - step3.py: ForkPoolWorker-1: Calling delphi to calculate conformer (319/694) GLU02A0865_004 in /tmp/pbe_data.data.home.schowdhury.Project_kinases.cof_tpl_mg.run_kin.4G5J_GLU02A0865_004
INFO - step3.py: ForkPoolWorker-1: Calling delphi to calculate conformer (320/694) GLU-1A0865_005 in /tmp/pbe_data.data.home.schowdhury.Project_kinases.cof_tpl_mg.run_kin.4G5J_GLU-1A0865_005
INFO - step3.py: ForkPoolWorker-1: Calling delphi to calculate conformer (321/694) GLU01A0866_001 in /tmp/pbe_data.data.home.schowdhury.Project_kinases.cof_tpl_mg.run_kin.4G5J_GLU01A0866_001
INFO - step3.py: ForkPoolWorker-1: Calling delphi to calculate conformer (322/694) GLU01A0866_002 in /tmp/pbe_data.data.home.schowdhury.Project_kinases.cof_tpl_mg.run_kin.4G5J_GLU01A0866_002
INFO - step3.py: ForkPoolWorker-1: Calling delphi to calculate conformer (323/694) GLU02A0866_003 in /tmp/pbe_data.data.home.schowdhury.Project_kinases.cof_tpl_mg.run_kin.4G5J_GLU02A0866_003
INFO - step3.py: ForkPoolWorker-1: Calling delphi to calculate conformer (324/694) GLU02A0866_004 in /tmp/pbe_data.data.home.schowdhury.Project_kinases.cof_tpl_mg.run_kin.4G5J_GLU02A0866_004
INFO - step3.py: ForkPoolWorker-1: Calling delphi to calculate conformer (325/694) GLU-1A0866_005 in /tmp/pbe_data.data.home.schowdhury.Project_kinases.cof_tpl_mg.run_kin.4G5J_GLU-1A0866_005
INFO - step3.py: ForkPoolWorker-1: Calling delphi to calculate conformer (326/694) LYS01A0867_001 in /tmp/pbe_data.data.home.schowdhury.Project_kinases.cof_tpl_mg.run_kin.4G5J_LYS01A0867_001
INFO - step3.py: ForkPoolWorker-1: Calling delphi to calculate conformer (327/694) LYS+1A0867_002 in /tmp/pbe_data.data.home.schowdhury.Project_kinases.cof_tpl_mg.run_kin.4G5J_LYS+1A0867_002
INFO - step3.py: ForkPoolWorker-1: Calling delphi to calculate conformer (328/694) GLU01A0868_001 in /tmp/pbe_data.data.home.schowdhury.Project_kinases.cof_tpl_mg.run_kin.4G5J_GLU01A0868_001
INFO - step3.py: ForkPoolWorker-1: Calling delphi to calculate conformer (329/694) GLU01A0868_002 in /tmp/pbe_data.data.home.schowdhury.Project_kinases.cof_tpl_mg.run_kin.4G5J_GLU01A0868_002
INFO - step3.py: ForkPoolWorker-1: Calling delphi to calculate conformer (330/694) GLU02A0868_003 in /tmp/pbe_data.data.home.schowdhury.Project_kinases.cof_tpl_mg.run_kin.4G5J_GLU02A0868_003
INFO - step3.py: ForkPoolWorker-1: Calling delphi to calculate conformer (331/694) GLU02A0868_004 in /tmp/pbe_data.data.home.schowdhury.Project_kinases.cof_tpl_mg.run_kin.4G5J_GLU02A0868_004
INFO - step3.py: ForkPoolWorker-1: Calling delphi to calculate conformer (332/694) GLU-1A0868_005 in /tmp/pbe_data.data.home.schowdhury.Project_kinases.cof_tpl_mg.run_kin.4G5J_GLU-1A0868_005
INFO - step3.py: ForkPoolWorker-1: Calling delphi to calculate conformer (333/694) TYR01A0869_001 in /tmp/pbe_data.data.home.schowdhury.Project_kinases.cof_tpl_mg.run_kin.4G5J_TYR01A0869_001
INFO - step3.py: ForkPoolWorker-1: Calling delphi to calculate conformer (334/694) TYR-1A0869_002 in /tmp/pbe_data.data.home.schowdhury.Project_kinases.cof_tpl_mg.run_kin.4G5J_TYR-1A0869_002
INFO - step3.py: ForkPoolWorker-1: Calling delphi to calculate conformer (335/694) HIS01A0870_001 in /tmp/pbe_data.data.home.schowdhury.Project_kinases.cof_tpl_mg.run_kin.4G5J_HIS01A0870_001
INFO - step3.py: ForkPoolWorker-1: Calling delphi to calculate conformer (336/694) HIS01A0870_002 in /tmp/pbe_data.data.home.schowdhury.Project_kinases.cof_tpl_mg.run_kin.4G5J_HIS01A0870_002
INFO - step3.py: ForkPoolWorker-1: Calling delphi to calculate conformer (337/694) HIS02A0870_003 in /tmp/pbe_data.data.home.schowdhury.Project_kinases.cof_tpl_mg.run_kin.4G5J_HIS02A0870_003
INFO - step3.py: ForkPoolWorker-1: Calling delphi to calculate conformer (338/694) HIS02A0870_004 in /tmp/pbe_data.data.home.schowdhury.Project_kinases.cof_tpl_mg.run_kin.4G5J_HIS02A0870_004
INFO - step3.py: ForkPoolWorker-1: Calling delphi to calculate conformer (339/694) HIS+1A0870_005 in /tmp/pbe_data.data.home.schowdhury.Project_kinases.cof_tpl_mg.run_kin.4G5J_HIS+1A0870_005
INFO - step3.py: ForkPoolWorker-1: Calling delphi to calculate conformer (340/694) HIS+1A0870_006 in /tmp/pbe_data.data.home.schowdhury.Project_kinases.cof_tpl_mg.run_kin.4G5J_HIS+1A0870_006
INFO - step3.py: Skipping PBE solver for non-charge conformer (341/694) ALA01A0871_001...
INFO - step3.py: ForkPoolWorker-1: Calling delphi to calculate conformer (342/694) GLU01A0872_001 in /tmp/pbe_data.data.home.schowdhury.Project_kinases.cof_tpl_mg.run_kin.4G5J_GLU01A0872_001
INFO - step3.py: ForkPoolWorker-1: Calling delphi to calculate conformer (343/694) GLU01A0872_002 in /tmp/pbe_data.data.home.schowdhury.Project_kinases.cof_tpl_mg.run_kin.4G5J_GLU01A0872_002
INFO - step3.py: ForkPoolWorker-1: Calling delphi to calculate conformer (344/694) GLU02A0872_003 in /tmp/pbe_data.data.home.schowdhury.Project_kinases.cof_tpl_mg.run_kin.4G5J_GLU02A0872_003
INFO - step3.py: ForkPoolWorker-1: Calling delphi to calculate conformer (345/694) GLU02A0872_004 in /tmp/pbe_data.data.home.schowdhury.Project_kinases.cof_tpl_mg.run_kin.4G5J_GLU02A0872_004
INFO - step3.py: ForkPoolWorker-1: Calling delphi to calculate conformer (346/694) GLU-1A0872_005 in /tmp/pbe_data.data.home.schowdhury.Project_kinases.cof_tpl_mg.run_kin.4G5J_GLU-1A0872_005
INFO - step3.py: ForkPoolWorker-1: Calling delphi to calculate conformer (347/694) LYS01A0875_001 in /tmp/pbe_data.data.home.schowdhury.Project_kinases.cof_tpl_mg.run_kin.4G5J_LYS01A0875_001
INFO - step3.py: ForkPoolWorker-1: Calling delphi to calculate conformer (348/694) LYS+1A0875_002 in /tmp/pbe_data.data.home.schowdhury.Project_kinases.cof_tpl_mg.run_kin.4G5J_LYS+1A0875_002
INFO - step3.py: Skipping PBE solver for non-charge conformer (349/694) VAL01A0876_001...
INFO - step3.py: Skipping PBE solver for non-charge conformer (350/694) PRO01A0877_001...
INFO - step3.py: Skipping PBE solver for non-charge conformer (351/694) ILE01A0878_001...
INFO - step3.py: ForkPoolWorker-1: Calling delphi to calculate conformer (352/694) LYS01A0879_001 in /tmp/pbe_data.data.home.schowdhury.Project_kinases.cof_tpl_mg.run_kin.4G5J_LYS01A0879_001
INFO - step3.py: ForkPoolWorker-1: Calling delphi to calculate conformer (353/694) LYS+1A0879_002 in /tmp/pbe_data.data.home.schowdhury.Project_kinases.cof_tpl_mg.run_kin.4G5J_LYS+1A0879_002
INFO - step3.py: Skipping PBE solver for non-charge conformer (354/694) TRP01A0880_001...
INFO - step3.py: ForkPoolWorker-1: Calling delphi to calculate conformer (355/694) MET01A0881_001 in /tmp/pbe_data.data.home.schowdhury.Project_kinases.cof_tpl_mg.run_kin.4G5J_MET01A0881_001
INFO - step3.py: Skipping PBE solver for non-charge conformer (356/694) ALA01A0882_001...
INFO - step3.py: Skipping PBE solver for non-charge conformer (357/694) LEU01A0883_001...
INFO - step3.py: ForkPoolWorker-1: Calling delphi to calculate conformer (358/694) GLU01A0884_001 in /tmp/pbe_data.data.home.schowdhury.Project_kinases.cof_tpl_mg.run_kin.4G5J_GLU01A0884_001
INFO - step3.py: ForkPoolWorker-1: Calling delphi to calculate conformer (359/694) GLU01A0884_002 in /tmp/pbe_data.data.home.schowdhury.Project_kinases.cof_tpl_mg.run_kin.4G5J_GLU01A0884_002
INFO - step3.py: ForkPoolWorker-1: Calling delphi to calculate conformer (360/694) GLU01A0884_003 in /tmp/pbe_data.data.home.schowdhury.Project_kinases.cof_tpl_mg.run_kin.4G5J_GLU01A0884_003
INFO - step3.py: ForkPoolWorker-1: Calling delphi to calculate conformer (361/694) GLU01A0884_004 in /tmp/pbe_data.data.home.schowdhury.Project_kinases.cof_tpl_mg.run_kin.4G5J_GLU01A0884_004
INFO - step3.py: ForkPoolWorker-1: Calling delphi to calculate conformer (362/694) GLU02A0884_005 in /tmp/pbe_data.data.home.schowdhury.Project_kinases.cof_tpl_mg.run_kin.4G5J_GLU02A0884_005
INFO - step3.py: ForkPoolWorker-1: Calling delphi to calculate conformer (363/694) GLU02A0884_006 in /tmp/pbe_data.data.home.schowdhury.Project_kinases.cof_tpl_mg.run_kin.4G5J_GLU02A0884_006
INFO - step3.py: ForkPoolWorker-1: Calling delphi to calculate conformer (364/694) GLU02A0884_007 in /tmp/pbe_data.data.home.schowdhury.Project_kinases.cof_tpl_mg.run_kin.4G5J_GLU02A0884_007
INFO - step3.py: ForkPoolWorker-1: Calling delphi to calculate conformer (365/694) GLU02A0884_008 in /tmp/pbe_data.data.home.schowdhury.Project_kinases.cof_tpl_mg.run_kin.4G5J_GLU02A0884_008
INFO - step3.py: ForkPoolWorker-1: Calling delphi to calculate conformer (366/694) GLU-1A0884_009 in /tmp/pbe_data.data.home.schowdhury.Project_kinases.cof_tpl_mg.run_kin.4G5J_GLU-1A0884_009
INFO - step3.py: ForkPoolWorker-1: Calling delphi to calculate conformer (367/694) GLU-1A0884_010 in /tmp/pbe_data.data.home.schowdhury.Project_kinases.cof_tpl_mg.run_kin.4G5J_GLU-1A0884_010
INFO - step3.py: ForkPoolWorker-1: Calling delphi to calculate conformer (368/694) SER01A0885_001 in /tmp/pbe_data.data.home.schowdhury.Project_kinases.cof_tpl_mg.run_kin.4G5J_SER01A0885_001
INFO - step3.py: ForkPoolWorker-1: Calling delphi to calculate conformer (369/694) SER01A0885_002 in /tmp/pbe_data.data.home.schowdhury.Project_kinases.cof_tpl_mg.run_kin.4G5J_SER01A0885_002
INFO - step3.py: ForkPoolWorker-1: Calling delphi to calculate conformer (370/694) SER01A0885_003 in /tmp/pbe_data.data.home.schowdhury.Project_kinases.cof_tpl_mg.run_kin.4G5J_SER01A0885_003
INFO - step3.py: Skipping PBE solver for non-charge conformer (371/694) ILE01A0886_001...
INFO - step3.py: Skipping PBE solver for non-charge conformer (372/694) LEU01A0887_001...
INFO - step3.py: ForkPoolWorker-1: Calling delphi to calculate conformer (373/694) HIS01A0888_001 in /tmp/pbe_data.data.home.schowdhury.Project_kinases.cof_tpl_mg.run_kin.4G5J_HIS01A0888_001
INFO - step3.py: ForkPoolWorker-1: Calling delphi to calculate conformer (374/694) HIS01A0888_002 in /tmp/pbe_data.data.home.schowdhury.Project_kinases.cof_tpl_mg.run_kin.4G5J_HIS01A0888_002
INFO - step3.py: ForkPoolWorker-1: Calling delphi to calculate conformer (375/694) HIS02A0888_003 in /tmp/pbe_data.data.home.schowdhury.Project_kinases.cof_tpl_mg.run_kin.4G5J_HIS02A0888_003
INFO - step3.py: ForkPoolWorker-1: Calling delphi to calculate conformer (376/694) HIS02A0888_004 in /tmp/pbe_data.data.home.schowdhury.Project_kinases.cof_tpl_mg.run_kin.4G5J_HIS02A0888_004
INFO - step3.py: ForkPoolWorker-1: Calling delphi to calculate conformer (377/694) HIS+1A0888_005 in /tmp/pbe_data.data.home.schowdhury.Project_kinases.cof_tpl_mg.run_kin.4G5J_HIS+1A0888_005
INFO - step3.py: ForkPoolWorker-1: Calling delphi to calculate conformer (378/694) HIS+1A0888_006 in /tmp/pbe_data.data.home.schowdhury.Project_kinases.cof_tpl_mg.run_kin.4G5J_HIS+1A0888_006
INFO - step3.py: ForkPoolWorker-1: Calling delphi to calculate conformer (379/694) ARG01A0889_001 in /tmp/pbe_data.data.home.schowdhury.Project_kinases.cof_tpl_mg.run_kin.4G5J_ARG01A0889_001
INFO - step3.py: ForkPoolWorker-1: Calling delphi to calculate conformer (380/694) ARG02A0889_002 in /tmp/pbe_data.data.home.schowdhury.Project_kinases.cof_tpl_mg.run_kin.4G5J_ARG02A0889_002
INFO - step3.py: ForkPoolWorker-1: Calling delphi to calculate conformer (381/694) ARG03A0889_003 in /tmp/pbe_data.data.home.schowdhury.Project_kinases.cof_tpl_mg.run_kin.4G5J_ARG03A0889_003
INFO - step3.py: ForkPoolWorker-1: Calling delphi to calculate conformer (382/694) ARG+1A0889_004 in /tmp/pbe_data.data.home.schowdhury.Project_kinases.cof_tpl_mg.run_kin.4G5J_ARG+1A0889_004
INFO - step3.py: Skipping PBE solver for non-charge conformer (383/694) ILE01A0890_001...
INFO - step3.py: ForkPoolWorker-1: Calling delphi to calculate conformer (384/694) TYR01A0891_001 in /tmp/pbe_data.data.home.schowdhury.Project_kinases.cof_tpl_mg.run_kin.4G5J_TYR01A0891_001
INFO - step3.py: ForkPoolWorker-1: Calling delphi to calculate conformer (385/694) TYR01A0891_002 in /tmp/pbe_data.data.home.schowdhury.Project_kinases.cof_tpl_mg.run_kin.4G5J_TYR01A0891_002
INFO - step3.py: ForkPoolWorker-1: Calling delphi to calculate conformer (386/694) TYR-1A0891_003 in /tmp/pbe_data.data.home.schowdhury.Project_kinases.cof_tpl_mg.run_kin.4G5J_TYR-1A0891_003
INFO - step3.py: ForkPoolWorker-1: Calling delphi to calculate conformer (387/694) THR01A0892_001 in /tmp/pbe_data.data.home.schowdhury.Project_kinases.cof_tpl_mg.run_kin.4G5J_THR01A0892_001
INFO - step3.py: ForkPoolWorker-1: Calling delphi to calculate conformer (388/694) THR01A0892_002 in /tmp/pbe_data.data.home.schowdhury.Project_kinases.cof_tpl_mg.run_kin.4G5J_THR01A0892_002
INFO - step3.py: ForkPoolWorker-1: Calling delphi to calculate conformer (389/694) HIS01A0893_001 in /tmp/pbe_data.data.home.schowdhury.Project_kinases.cof_tpl_mg.run_kin.4G5J_HIS01A0893_001
INFO - step3.py: ForkPoolWorker-1: Calling delphi to calculate conformer (390/694) HIS01A0893_002 in /tmp/pbe_data.data.home.schowdhury.Project_kinases.cof_tpl_mg.run_kin.4G5J_HIS01A0893_002
INFO - step3.py: ForkPoolWorker-1: Calling delphi to calculate conformer (391/694) HIS02A0893_003 in /tmp/pbe_data.data.home.schowdhury.Project_kinases.cof_tpl_mg.run_kin.4G5J_HIS02A0893_003
INFO - step3.py: ForkPoolWorker-1: Calling delphi to calculate conformer (392/694) HIS02A0893_004 in /tmp/pbe_data.data.home.schowdhury.Project_kinases.cof_tpl_mg.run_kin.4G5J_HIS02A0893_004
INFO - step3.py: ForkPoolWorker-1: Calling delphi to calculate conformer (393/694) HIS+1A0893_005 in /tmp/pbe_data.data.home.schowdhury.Project_kinases.cof_tpl_mg.run_kin.4G5J_HIS+1A0893_005
INFO - step3.py: ForkPoolWorker-1: Calling delphi to calculate conformer (394/694) HIS+1A0893_006 in /tmp/pbe_data.data.home.schowdhury.Project_kinases.cof_tpl_mg.run_kin.4G5J_HIS+1A0893_006
INFO - step3.py: ForkPoolWorker-1: Calling delphi to calculate conformer (395/694) GLN01A0894_001 in /tmp/pbe_data.data.home.schowdhury.Project_kinases.cof_tpl_mg.run_kin.4G5J_GLN01A0894_001
INFO - step3.py: ForkPoolWorker-1: Calling delphi to calculate conformer (396/694) GLN01A0894_002 in /tmp/pbe_data.data.home.schowdhury.Project_kinases.cof_tpl_mg.run_kin.4G5J_GLN01A0894_002
INFO - step3.py: ForkPoolWorker-1: Calling delphi to calculate conformer (397/694) SER01A0895_001 in /tmp/pbe_data.data.home.schowdhury.Project_kinases.cof_tpl_mg.run_kin.4G5J_SER01A0895_001
INFO - step3.py: ForkPoolWorker-1: Calling delphi to calculate conformer (398/694) SER01A0895_002 in /tmp/pbe_data.data.home.schowdhury.Project_kinases.cof_tpl_mg.run_kin.4G5J_SER01A0895_002
INFO - step3.py: ForkPoolWorker-1: Calling delphi to calculate conformer (399/694) ASP01A0896_001 in /tmp/pbe_data.data.home.schowdhury.Project_kinases.cof_tpl_mg.run_kin.4G5J_ASP01A0896_001
INFO - step3.py: ForkPoolWorker-1: Calling delphi to calculate conformer (400/694) ASP01A0896_002 in /tmp/pbe_data.data.home.schowdhury.Project_kinases.cof_tpl_mg.run_kin.4G5J_ASP01A0896_002
INFO - step3.py: ForkPoolWorker-1: Calling delphi to calculate conformer (401/694) ASP02A0896_003 in /tmp/pbe_data.data.home.schowdhury.Project_kinases.cof_tpl_mg.run_kin.4G5J_ASP02A0896_003
INFO - step3.py: ForkPoolWorker-1: Calling delphi to calculate conformer (402/694) ASP02A0896_004 in /tmp/pbe_data.data.home.schowdhury.Project_kinases.cof_tpl_mg.run_kin.4G5J_ASP02A0896_004
INFO - step3.py: ForkPoolWorker-1: Calling delphi to calculate conformer (403/694) ASP-1A0896_005 in /tmp/pbe_data.data.home.schowdhury.Project_kinases.cof_tpl_mg.run_kin.4G5J_ASP-1A0896_005
INFO - step3.py: Skipping PBE solver for non-charge conformer (404/694) VAL01A0897_001...
INFO - step3.py: Skipping PBE solver for non-charge conformer (405/694) TRP01A0898_001...
INFO - step3.py: ForkPoolWorker-1: Calling delphi to calculate conformer (406/694) SER01A0899_001 in /tmp/pbe_data.data.home.schowdhury.Project_kinases.cof_tpl_mg.run_kin.4G5J_SER01A0899_001
INFO - step3.py: ForkPoolWorker-1: Calling delphi to calculate conformer (407/694) SER01A0899_002 in /tmp/pbe_data.data.home.schowdhury.Project_kinases.cof_tpl_mg.run_kin.4G5J_SER01A0899_002
INFO - step3.py: ForkPoolWorker-1: Calling delphi to calculate conformer (408/694) TYR01A0900_001 in /tmp/pbe_data.data.home.schowdhury.Project_kinases.cof_tpl_mg.run_kin.4G5J_TYR01A0900_001
INFO - step3.py: ForkPoolWorker-1: Calling delphi to calculate conformer (409/694) TYR01A0900_002 in /tmp/pbe_data.data.home.schowdhury.Project_kinases.cof_tpl_mg.run_kin.4G5J_TYR01A0900_002
INFO - step3.py: ForkPoolWorker-1: Calling delphi to calculate conformer (410/694) TYR-1A0900_003 in /tmp/pbe_data.data.home.schowdhury.Project_kinases.cof_tpl_mg.run_kin.4G5J_TYR-1A0900_003
INFO - step3.py: Skipping PBE solver for non-charge conformer (411/694) VAL01A0902_001...
INFO - step3.py: ForkPoolWorker-1: Calling delphi to calculate conformer (412/694) THR01A0903_001 in /tmp/pbe_data.data.home.schowdhury.Project_kinases.cof_tpl_mg.run_kin.4G5J_THR01A0903_001
INFO - step3.py: ForkPoolWorker-1: Calling delphi to calculate conformer (413/694) THR01A0903_002 in /tmp/pbe_data.data.home.schowdhury.Project_kinases.cof_tpl_mg.run_kin.4G5J_THR01A0903_002
INFO - step3.py: ForkPoolWorker-1: Calling delphi to calculate conformer (414/694) THR01A0903_003 in /tmp/pbe_data.data.home.schowdhury.Project_kinases.cof_tpl_mg.run_kin.4G5J_THR01A0903_003
INFO - step3.py: Skipping PBE solver for non-charge conformer (415/694) VAL01A0904_001...
INFO - step3.py: Skipping PBE solver for non-charge conformer (416/694) TRP01A0905_001...
INFO - step3.py: ForkPoolWorker-1: Calling delphi to calculate conformer (417/694) GLU01A0906_001 in /tmp/pbe_data.data.home.schowdhury.Project_kinases.cof_tpl_mg.run_kin.4G5J_GLU01A0906_001
INFO - step3.py: ForkPoolWorker-1: Calling delphi to calculate conformer (418/694) GLU01A0906_002 in /tmp/pbe_data.data.home.schowdhury.Project_kinases.cof_tpl_mg.run_kin.4G5J_GLU01A0906_002
INFO - step3.py: ForkPoolWorker-1: Calling delphi to calculate conformer (419/694) GLU02A0906_003 in /tmp/pbe_data.data.home.schowdhury.Project_kinases.cof_tpl_mg.run_kin.4G5J_GLU02A0906_003
INFO - step3.py: ForkPoolWorker-1: Calling delphi to calculate conformer (420/694) GLU02A0906_004 in /tmp/pbe_data.data.home.schowdhury.Project_kinases.cof_tpl_mg.run_kin.4G5J_GLU02A0906_004
INFO - step3.py: ForkPoolWorker-1: Calling delphi to calculate conformer (421/694) GLU-1A0906_005 in /tmp/pbe_data.data.home.schowdhury.Project_kinases.cof_tpl_mg.run_kin.4G5J_GLU-1A0906_005
INFO - step3.py: Skipping PBE solver for non-charge conformer (422/694) LEU01A0907_001...
INFO - step3.py: ForkPoolWorker-1: Calling delphi to calculate conformer (423/694) MET01A0908_001 in /tmp/pbe_data.data.home.schowdhury.Project_kinases.cof_tpl_mg.run_kin.4G5J_MET01A0908_001
INFO - step3.py: ForkPoolWorker-1: Calling delphi to calculate conformer (424/694) THR01A0909_001 in /tmp/pbe_data.data.home.schowdhury.Project_kinases.cof_tpl_mg.run_kin.4G5J_THR01A0909_001
INFO - step3.py: ForkPoolWorker-1: Calling delphi to calculate conformer (425/694) THR01A0909_002 in /tmp/pbe_data.data.home.schowdhury.Project_kinases.cof_tpl_mg.run_kin.4G5J_THR01A0909_002
INFO - step3.py: Skipping PBE solver for non-charge conformer (426/694) PHE01A0910_001...
INFO - step3.py: ForkPoolWorker-1: Calling delphi to calculate conformer (427/694) SER01A0912_001 in /tmp/pbe_data.data.home.schowdhury.Project_kinases.cof_tpl_mg.run_kin.4G5J_SER01A0912_001
INFO - step3.py: ForkPoolWorker-1: Calling delphi to calculate conformer (428/694) SER01A0912_002 in /tmp/pbe_data.data.home.schowdhury.Project_kinases.cof_tpl_mg.run_kin.4G5J_SER01A0912_002
INFO - step3.py: ForkPoolWorker-1: Calling delphi to calculate conformer (429/694) LYS01A0913_001 in /tmp/pbe_data.data.home.schowdhury.Project_kinases.cof_tpl_mg.run_kin.4G5J_LYS01A0913_001
INFO - step3.py: ForkPoolWorker-1: Calling delphi to calculate conformer (430/694) LYS+1A0913_002 in /tmp/pbe_data.data.home.schowdhury.Project_kinases.cof_tpl_mg.run_kin.4G5J_LYS+1A0913_002
INFO - step3.py: Skipping PBE solver for non-charge conformer (431/694) PRO01A0914_001...
INFO - step3.py: ForkPoolWorker-1: Calling delphi to calculate conformer (432/694) TYR01A0915_001 in /tmp/pbe_data.data.home.schowdhury.Project_kinases.cof_tpl_mg.run_kin.4G5J_TYR01A0915_001
INFO - step3.py: ForkPoolWorker-1: Calling delphi to calculate conformer (433/694) TYR-1A0915_002 in /tmp/pbe_data.data.home.schowdhury.Project_kinases.cof_tpl_mg.run_kin.4G5J_TYR-1A0915_002
INFO - step3.py: ForkPoolWorker-1: Calling delphi to calculate conformer (434/694) ASP01A0916_001 in /tmp/pbe_data.data.home.schowdhury.Project_kinases.cof_tpl_mg.run_kin.4G5J_ASP01A0916_001
INFO - step3.py: ForkPoolWorker-1: Calling delphi to calculate conformer (435/694) ASP01A0916_002 in /tmp/pbe_data.data.home.schowdhury.Project_kinases.cof_tpl_mg.run_kin.4G5J_ASP01A0916_002
INFO - step3.py: ForkPoolWorker-1: Calling delphi to calculate conformer (436/694) ASP02A0916_003 in /tmp/pbe_data.data.home.schowdhury.Project_kinases.cof_tpl_mg.run_kin.4G5J_ASP02A0916_003
INFO - step3.py: ForkPoolWorker-1: Calling delphi to calculate conformer (437/694) ASP02A0916_004 in /tmp/pbe_data.data.home.schowdhury.Project_kinases.cof_tpl_mg.run_kin.4G5J_ASP02A0916_004
INFO - step3.py: ForkPoolWorker-1: Calling delphi to calculate conformer (438/694) ASP-1A0916_005 in /tmp/pbe_data.data.home.schowdhury.Project_kinases.cof_tpl_mg.run_kin.4G5J_ASP-1A0916_005
INFO - step3.py: Skipping PBE solver for non-charge conformer (439/694) ILE01A0918_001...
INFO - step3.py: Skipping PBE solver for non-charge conformer (440/694) PRO01A0919_001...
INFO - step3.py: Skipping PBE solver for non-charge conformer (441/694) ALA01A0920_001...
INFO - step3.py: ForkPoolWorker-1: Calling delphi to calculate conformer (442/694) SER01A0921_001 in /tmp/pbe_data.data.home.schowdhury.Project_kinases.cof_tpl_mg.run_kin.4G5J_SER01A0921_001
INFO - step3.py: ForkPoolWorker-1: Calling delphi to calculate conformer (443/694) GLU01A0922_001 in /tmp/pbe_data.data.home.schowdhury.Project_kinases.cof_tpl_mg.run_kin.4G5J_GLU01A0922_001
INFO - step3.py: ForkPoolWorker-1: Calling delphi to calculate conformer (444/694) GLU01A0922_002 in /tmp/pbe_data.data.home.schowdhury.Project_kinases.cof_tpl_mg.run_kin.4G5J_GLU01A0922_002
INFO - step3.py: ForkPoolWorker-1: Calling delphi to calculate conformer (445/694) GLU02A0922_003 in /tmp/pbe_data.data.home.schowdhury.Project_kinases.cof_tpl_mg.run_kin.4G5J_GLU02A0922_003
INFO - step3.py: ForkPoolWorker-1: Calling delphi to calculate conformer (446/694) GLU02A0922_004 in /tmp/pbe_data.data.home.schowdhury.Project_kinases.cof_tpl_mg.run_kin.4G5J_GLU02A0922_004
INFO - step3.py: ForkPoolWorker-1: Calling delphi to calculate conformer (447/694) GLU-1A0922_005 in /tmp/pbe_data.data.home.schowdhury.Project_kinases.cof_tpl_mg.run_kin.4G5J_GLU-1A0922_005
INFO - step3.py: Skipping PBE solver for non-charge conformer (448/694) ILE01A0923_001...
INFO - step3.py: ForkPoolWorker-1: Calling delphi to calculate conformer (449/694) SER01A0924_001 in /tmp/pbe_data.data.home.schowdhury.Project_kinases.cof_tpl_mg.run_kin.4G5J_SER01A0924_001
INFO - step3.py: ForkPoolWorker-1: Calling delphi to calculate conformer (450/694) SER01A0924_002 in /tmp/pbe_data.data.home.schowdhury.Project_kinases.cof_tpl_mg.run_kin.4G5J_SER01A0924_002
INFO - step3.py: ForkPoolWorker-1: Calling delphi to calculate conformer (451/694) SER01A0925_001 in /tmp/pbe_data.data.home.schowdhury.Project_kinases.cof_tpl_mg.run_kin.4G5J_SER01A0925_001
INFO - step3.py: ForkPoolWorker-1: Calling delphi to calculate conformer (452/694) SER01A0925_002 in /tmp/pbe_data.data.home.schowdhury.Project_kinases.cof_tpl_mg.run_kin.4G5J_SER01A0925_002
INFO - step3.py: Skipping PBE solver for non-charge conformer (453/694) ILE01A0926_001...
INFO - step3.py: Skipping PBE solver for non-charge conformer (454/694) LEU01A0927_001...
INFO - step3.py: ForkPoolWorker-1: Calling delphi to calculate conformer (455/694) GLU01A0928_001 in /tmp/pbe_data.data.home.schowdhury.Project_kinases.cof_tpl_mg.run_kin.4G5J_GLU01A0928_001
INFO - step3.py: ForkPoolWorker-1: Calling delphi to calculate conformer (456/694) GLU01A0928_002 in /tmp/pbe_data.data.home.schowdhury.Project_kinases.cof_tpl_mg.run_kin.4G5J_GLU01A0928_002
INFO - step3.py: ForkPoolWorker-1: Calling delphi to calculate conformer (457/694) GLU02A0928_003 in /tmp/pbe_data.data.home.schowdhury.Project_kinases.cof_tpl_mg.run_kin.4G5J_GLU02A0928_003
INFO - step3.py: ForkPoolWorker-1: Calling delphi to calculate conformer (458/694) GLU02A0928_004 in /tmp/pbe_data.data.home.schowdhury.Project_kinases.cof_tpl_mg.run_kin.4G5J_GLU02A0928_004
INFO - step3.py: ForkPoolWorker-1: Calling delphi to calculate conformer (459/694) GLU-1A0928_005 in /tmp/pbe_data.data.home.schowdhury.Project_kinases.cof_tpl_mg.run_kin.4G5J_GLU-1A0928_005
INFO - step3.py: ForkPoolWorker-1: Calling delphi to calculate conformer (460/694) LYS01A0929_001 in /tmp/pbe_data.data.home.schowdhury.Project_kinases.cof_tpl_mg.run_kin.4G5J_LYS01A0929_001
INFO - step3.py: ForkPoolWorker-1: Calling delphi to calculate conformer (461/694) LYS+1A0929_002 in /tmp/pbe_data.data.home.schowdhury.Project_kinases.cof_tpl_mg.run_kin.4G5J_LYS+1A0929_002
INFO - step3.py: ForkPoolWorker-1: Calling delphi to calculate conformer (462/694) GLU01A0931_001 in /tmp/pbe_data.data.home.schowdhury.Project_kinases.cof_tpl_mg.run_kin.4G5J_GLU01A0931_001
INFO - step3.py: ForkPoolWorker-1: Calling delphi to calculate conformer (463/694) GLU01A0931_002 in /tmp/pbe_data.data.home.schowdhury.Project_kinases.cof_tpl_mg.run_kin.4G5J_GLU01A0931_002
INFO - step3.py: ForkPoolWorker-1: Calling delphi to calculate conformer (464/694) GLU02A0931_003 in /tmp/pbe_data.data.home.schowdhury.Project_kinases.cof_tpl_mg.run_kin.4G5J_GLU02A0931_003
INFO - step3.py: ForkPoolWorker-1: Calling delphi to calculate conformer (465/694) GLU02A0931_004 in /tmp/pbe_data.data.home.schowdhury.Project_kinases.cof_tpl_mg.run_kin.4G5J_GLU02A0931_004
INFO - step3.py: ForkPoolWorker-1: Calling delphi to calculate conformer (466/694) GLU-1A0931_005 in /tmp/pbe_data.data.home.schowdhury.Project_kinases.cof_tpl_mg.run_kin.4G5J_GLU-1A0931_005
INFO - step3.py: ForkPoolWorker-1: Calling delphi to calculate conformer (467/694) ARG01A0932_001 in /tmp/pbe_data.data.home.schowdhury.Project_kinases.cof_tpl_mg.run_kin.4G5J_ARG01A0932_001
INFO - step3.py: ForkPoolWorker-1: Calling delphi to calculate conformer (468/694) ARG02A0932_002 in /tmp/pbe_data.data.home.schowdhury.Project_kinases.cof_tpl_mg.run_kin.4G5J_ARG02A0932_002
INFO - step3.py: ForkPoolWorker-1: Calling delphi to calculate conformer (469/694) ARG03A0932_003 in /tmp/pbe_data.data.home.schowdhury.Project_kinases.cof_tpl_mg.run_kin.4G5J_ARG03A0932_003
INFO - step3.py: ForkPoolWorker-1: Calling delphi to calculate conformer (470/694) ARG+1A0932_004 in /tmp/pbe_data.data.home.schowdhury.Project_kinases.cof_tpl_mg.run_kin.4G5J_ARG+1A0932_004
INFO - step3.py: Skipping PBE solver for non-charge conformer (471/694) LEU01A0933_001...
INFO - step3.py: Skipping PBE solver for non-charge conformer (472/694) PRO01A0934_001...
INFO - step3.py: ForkPoolWorker-1: Calling delphi to calculate conformer (473/694) GLN01A0935_001 in /tmp/pbe_data.data.home.schowdhury.Project_kinases.cof_tpl_mg.run_kin.4G5J_GLN01A0935_001
INFO - step3.py: ForkPoolWorker-1: Calling delphi to calculate conformer (474/694) GLN01A0935_002 in /tmp/pbe_data.data.home.schowdhury.Project_kinases.cof_tpl_mg.run_kin.4G5J_GLN01A0935_002
INFO - step3.py: Skipping PBE solver for non-charge conformer (475/694) PRO01A0936_001...
INFO - step3.py: Skipping PBE solver for non-charge conformer (476/694) PRO01A0937_001...
INFO - step3.py: Skipping PBE solver for non-charge conformer (477/694) ILE01A0938_001...
INFO - step3.py: ForkPoolWorker-1: Calling delphi to calculate conformer (478/694) CYS01A0939_001 in /tmp/pbe_data.data.home.schowdhury.Project_kinases.cof_tpl_mg.run_kin.4G5J_CYS01A0939_001
INFO - step3.py: ForkPoolWorker-1: Calling delphi to calculate conformer (479/694) CYS01A0939_002 in /tmp/pbe_data.data.home.schowdhury.Project_kinases.cof_tpl_mg.run_kin.4G5J_CYS01A0939_002
INFO - step3.py: ForkPoolWorker-1: Calling delphi to calculate conformer (480/694) CYS01A0939_003 in /tmp/pbe_data.data.home.schowdhury.Project_kinases.cof_tpl_mg.run_kin.4G5J_CYS01A0939_003
INFO - step3.py: ForkPoolWorker-1: Calling delphi to calculate conformer (481/694) CYS-1A0939_004 in /tmp/pbe_data.data.home.schowdhury.Project_kinases.cof_tpl_mg.run_kin.4G5J_CYS-1A0939_004
INFO - step3.py: ForkPoolWorker-1: Calling delphi to calculate conformer (482/694) THR01A0940_001 in /tmp/pbe_data.data.home.schowdhury.Project_kinases.cof_tpl_mg.run_kin.4G5J_THR01A0940_001
INFO - step3.py: ForkPoolWorker-1: Calling delphi to calculate conformer (483/694) THR01A0940_002 in /tmp/pbe_data.data.home.schowdhury.Project_kinases.cof_tpl_mg.run_kin.4G5J_THR01A0940_002
INFO - step3.py: Skipping PBE solver for non-charge conformer (484/694) ILE01A0941_001...
INFO - step3.py: ForkPoolWorker-1: Calling delphi to calculate conformer (485/694) ASP01A0942_001 in /tmp/pbe_data.data.home.schowdhury.Project_kinases.cof_tpl_mg.run_kin.4G5J_ASP01A0942_001
INFO - step3.py: ForkPoolWorker-1: Calling delphi to calculate conformer (486/694) ASP01A0942_002 in /tmp/pbe_data.data.home.schowdhury.Project_kinases.cof_tpl_mg.run_kin.4G5J_ASP01A0942_002
INFO - step3.py: ForkPoolWorker-1: Calling delphi to calculate conformer (487/694) ASP02A0942_003 in /tmp/pbe_data.data.home.schowdhury.Project_kinases.cof_tpl_mg.run_kin.4G5J_ASP02A0942_003
INFO - step3.py: ForkPoolWorker-1: Calling delphi to calculate conformer (488/694) ASP02A0942_004 in /tmp/pbe_data.data.home.schowdhury.Project_kinases.cof_tpl_mg.run_kin.4G5J_ASP02A0942_004
INFO - step3.py: ForkPoolWorker-1: Calling delphi to calculate conformer (489/694) ASP-1A0942_005 in /tmp/pbe_data.data.home.schowdhury.Project_kinases.cof_tpl_mg.run_kin.4G5J_ASP-1A0942_005
INFO - step3.py: Skipping PBE solver for non-charge conformer (490/694) VAL01A0943_001...
INFO - step3.py: ForkPoolWorker-1: Calling delphi to calculate conformer (491/694) TYR01A0944_001 in /tmp/pbe_data.data.home.schowdhury.Project_kinases.cof_tpl_mg.run_kin.4G5J_TYR01A0944_001
INFO - step3.py: ForkPoolWorker-1: Calling delphi to calculate conformer (492/694) TYR01A0944_002 in /tmp/pbe_data.data.home.schowdhury.Project_kinases.cof_tpl_mg.run_kin.4G5J_TYR01A0944_002
INFO - step3.py: ForkPoolWorker-1: Calling delphi to calculate conformer (493/694) TYR-1A0944_003 in /tmp/pbe_data.data.home.schowdhury.Project_kinases.cof_tpl_mg.run_kin.4G5J_TYR-1A0944_003
INFO - step3.py: ForkPoolWorker-1: Calling delphi to calculate conformer (494/694) MET01A0945_001 in /tmp/pbe_data.data.home.schowdhury.Project_kinases.cof_tpl_mg.run_kin.4G5J_MET01A0945_001
INFO - step3.py: Skipping PBE solver for non-charge conformer (495/694) ILE01A0946_001...
INFO - step3.py: ForkPoolWorker-1: Calling delphi to calculate conformer (496/694) MET01A0947_001 in /tmp/pbe_data.data.home.schowdhury.Project_kinases.cof_tpl_mg.run_kin.4G5J_MET01A0947_001
INFO - step3.py: Skipping PBE solver for non-charge conformer (497/694) VAL01A0948_001...
INFO - step3.py: ForkPoolWorker-1: Calling delphi to calculate conformer (498/694) LYS01A0949_001 in /tmp/pbe_data.data.home.schowdhury.Project_kinases.cof_tpl_mg.run_kin.4G5J_LYS01A0949_001
INFO - step3.py: ForkPoolWorker-1: Calling delphi to calculate conformer (499/694) LYS+1A0949_002 in /tmp/pbe_data.data.home.schowdhury.Project_kinases.cof_tpl_mg.run_kin.4G5J_LYS+1A0949_002
INFO - step3.py: ForkPoolWorker-1: Calling delphi to calculate conformer (500/694) CYS01A0950_001 in /tmp/pbe_data.data.home.schowdhury.Project_kinases.cof_tpl_mg.run_kin.4G5J_CYS01A0950_001
INFO - step3.py: ForkPoolWorker-1: Calling delphi to calculate conformer (501/694) CYS01A0950_002 in /tmp/pbe_data.data.home.schowdhury.Project_kinases.cof_tpl_mg.run_kin.4G5J_CYS01A0950_002
INFO - step3.py: ForkPoolWorker-1: Calling delphi to calculate conformer (502/694) CYS01A0950_003 in /tmp/pbe_data.data.home.schowdhury.Project_kinases.cof_tpl_mg.run_kin.4G5J_CYS01A0950_003
INFO - step3.py: ForkPoolWorker-1: Calling delphi to calculate conformer (503/694) CYS-1A0950_004 in /tmp/pbe_data.data.home.schowdhury.Project_kinases.cof_tpl_mg.run_kin.4G5J_CYS-1A0950_004
INFO - step3.py: Skipping PBE solver for non-charge conformer (504/694) TRP01A0951_001...
INFO - step3.py: ForkPoolWorker-1: Calling delphi to calculate conformer (505/694) MET01A0952_001 in /tmp/pbe_data.data.home.schowdhury.Project_kinases.cof_tpl_mg.run_kin.4G5J_MET01A0952_001
INFO - step3.py: Skipping PBE solver for non-charge conformer (506/694) ILE01A0953_001...
INFO - step3.py: ForkPoolWorker-1: Calling delphi to calculate conformer (507/694) ASP01A0954_001 in /tmp/pbe_data.data.home.schowdhury.Project_kinases.cof_tpl_mg.run_kin.4G5J_ASP01A0954_001
INFO - step3.py: ForkPoolWorker-1: Calling delphi to calculate conformer (508/694) ASP01A0954_002 in /tmp/pbe_data.data.home.schowdhury.Project_kinases.cof_tpl_mg.run_kin.4G5J_ASP01A0954_002
INFO - step3.py: ForkPoolWorker-1: Calling delphi to calculate conformer (509/694) ASP02A0954_003 in /tmp/pbe_data.data.home.schowdhury.Project_kinases.cof_tpl_mg.run_kin.4G5J_ASP02A0954_003
INFO - step3.py: ForkPoolWorker-1: Calling delphi to calculate conformer (510/694) ASP02A0954_004 in /tmp/pbe_data.data.home.schowdhury.Project_kinases.cof_tpl_mg.run_kin.4G5J_ASP02A0954_004
INFO - step3.py: ForkPoolWorker-1: Calling delphi to calculate conformer (511/694) ASP-1A0954_005 in /tmp/pbe_data.data.home.schowdhury.Project_kinases.cof_tpl_mg.run_kin.4G5J_ASP-1A0954_005
INFO - step3.py: Skipping PBE solver for non-charge conformer (512/694) ALA01A0955_001...
INFO - step3.py: ForkPoolWorker-1: Calling delphi to calculate conformer (513/694) ASP01A0956_001 in /tmp/pbe_data.data.home.schowdhury.Project_kinases.cof_tpl_mg.run_kin.4G5J_ASP01A0956_001
INFO - step3.py: ForkPoolWorker-1: Calling delphi to calculate conformer (514/694) ASP01A0956_002 in /tmp/pbe_data.data.home.schowdhury.Project_kinases.cof_tpl_mg.run_kin.4G5J_ASP01A0956_002
INFO - step3.py: ForkPoolWorker-1: Calling delphi to calculate conformer (515/694) ASP02A0956_003 in /tmp/pbe_data.data.home.schowdhury.Project_kinases.cof_tpl_mg.run_kin.4G5J_ASP02A0956_003
INFO - step3.py: ForkPoolWorker-1: Calling delphi to calculate conformer (516/694) ASP02A0956_004 in /tmp/pbe_data.data.home.schowdhury.Project_kinases.cof_tpl_mg.run_kin.4G5J_ASP02A0956_004
INFO - step3.py: ForkPoolWorker-1: Calling delphi to calculate conformer (517/694) ASP-1A0956_005 in /tmp/pbe_data.data.home.schowdhury.Project_kinases.cof_tpl_mg.run_kin.4G5J_ASP-1A0956_005
INFO - step3.py: ForkPoolWorker-1: Calling delphi to calculate conformer (518/694) SER01A0957_001 in /tmp/pbe_data.data.home.schowdhury.Project_kinases.cof_tpl_mg.run_kin.4G5J_SER01A0957_001
INFO - step3.py: ForkPoolWorker-1: Calling delphi to calculate conformer (519/694) SER01A0957_002 in /tmp/pbe_data.data.home.schowdhury.Project_kinases.cof_tpl_mg.run_kin.4G5J_SER01A0957_002
INFO - step3.py: ForkPoolWorker-1: Calling delphi to calculate conformer (520/694) ARG01A0958_001 in /tmp/pbe_data.data.home.schowdhury.Project_kinases.cof_tpl_mg.run_kin.4G5J_ARG01A0958_001
INFO - step3.py: ForkPoolWorker-1: Calling delphi to calculate conformer (521/694) ARG02A0958_002 in /tmp/pbe_data.data.home.schowdhury.Project_kinases.cof_tpl_mg.run_kin.4G5J_ARG02A0958_002
INFO - step3.py: ForkPoolWorker-1: Calling delphi to calculate conformer (522/694) ARG02A0958_003 in /tmp/pbe_data.data.home.schowdhury.Project_kinases.cof_tpl_mg.run_kin.4G5J_ARG02A0958_003
INFO - step3.py: ForkPoolWorker-1: Calling delphi to calculate conformer (523/694) ARG03A0958_004 in /tmp/pbe_data.data.home.schowdhury.Project_kinases.cof_tpl_mg.run_kin.4G5J_ARG03A0958_004
INFO - step3.py: ForkPoolWorker-1: Calling delphi to calculate conformer (524/694) ARG03A0958_005 in /tmp/pbe_data.data.home.schowdhury.Project_kinases.cof_tpl_mg.run_kin.4G5J_ARG03A0958_005
INFO - step3.py: ForkPoolWorker-1: Calling delphi to calculate conformer (525/694) ARG+1A0958_006 in /tmp/pbe_data.data.home.schowdhury.Project_kinases.cof_tpl_mg.run_kin.4G5J_ARG+1A0958_006
INFO - step3.py: Skipping PBE solver for non-charge conformer (526/694) PRO01A0959_001...
INFO - step3.py: ForkPoolWorker-1: Calling delphi to calculate conformer (527/694) LYS01A0960_001 in /tmp/pbe_data.data.home.schowdhury.Project_kinases.cof_tpl_mg.run_kin.4G5J_LYS01A0960_001
INFO - step3.py: ForkPoolWorker-1: Calling delphi to calculate conformer (528/694) LYS+1A0960_002 in /tmp/pbe_data.data.home.schowdhury.Project_kinases.cof_tpl_mg.run_kin.4G5J_LYS+1A0960_002
INFO - step3.py: Skipping PBE solver for non-charge conformer (529/694) PHE01A0961_001...
INFO - step3.py: ForkPoolWorker-1: Calling delphi to calculate conformer (530/694) ARG01A0962_001 in /tmp/pbe_data.data.home.schowdhury.Project_kinases.cof_tpl_mg.run_kin.4G5J_ARG01A0962_001
INFO - step3.py: ForkPoolWorker-1: Calling delphi to calculate conformer (531/694) ARG02A0962_002 in /tmp/pbe_data.data.home.schowdhury.Project_kinases.cof_tpl_mg.run_kin.4G5J_ARG02A0962_002
INFO - step3.py: ForkPoolWorker-1: Calling delphi to calculate conformer (532/694) ARG02A0962_003 in /tmp/pbe_data.data.home.schowdhury.Project_kinases.cof_tpl_mg.run_kin.4G5J_ARG02A0962_003
INFO - step3.py: ForkPoolWorker-1: Calling delphi to calculate conformer (533/694) ARG03A0962_004 in /tmp/pbe_data.data.home.schowdhury.Project_kinases.cof_tpl_mg.run_kin.4G5J_ARG03A0962_004
INFO - step3.py: ForkPoolWorker-1: Calling delphi to calculate conformer (534/694) ARG03A0962_005 in /tmp/pbe_data.data.home.schowdhury.Project_kinases.cof_tpl_mg.run_kin.4G5J_ARG03A0962_005
INFO - step3.py: ForkPoolWorker-1: Calling delphi to calculate conformer (535/694) ARG+1A0962_006 in /tmp/pbe_data.data.home.schowdhury.Project_kinases.cof_tpl_mg.run_kin.4G5J_ARG+1A0962_006
INFO - step3.py: ForkPoolWorker-1: Calling delphi to calculate conformer (536/694) GLU01A0963_001 in /tmp/pbe_data.data.home.schowdhury.Project_kinases.cof_tpl_mg.run_kin.4G5J_GLU01A0963_001
INFO - step3.py: ForkPoolWorker-1: Calling delphi to calculate conformer (537/694) GLU01A0963_002 in /tmp/pbe_data.data.home.schowdhury.Project_kinases.cof_tpl_mg.run_kin.4G5J_GLU01A0963_002
INFO - step3.py: ForkPoolWorker-1: Calling delphi to calculate conformer (538/694) GLU02A0963_003 in /tmp/pbe_data.data.home.schowdhury.Project_kinases.cof_tpl_mg.run_kin.4G5J_GLU02A0963_003
INFO - step3.py: ForkPoolWorker-1: Calling delphi to calculate conformer (539/694) GLU02A0963_004 in /tmp/pbe_data.data.home.schowdhury.Project_kinases.cof_tpl_mg.run_kin.4G5J_GLU02A0963_004
INFO - step3.py: ForkPoolWorker-1: Calling delphi to calculate conformer (540/694) GLU-1A0963_005 in /tmp/pbe_data.data.home.schowdhury.Project_kinases.cof_tpl_mg.run_kin.4G5J_GLU-1A0963_005
INFO - step3.py: Skipping PBE solver for non-charge conformer (541/694) LEU01A0964_001...
INFO - step3.py: Skipping PBE solver for non-charge conformer (542/694) ILE01A0965_001...
INFO - step3.py: Skipping PBE solver for non-charge conformer (543/694) ILE01A0966_001...
INFO - step3.py: ForkPoolWorker-1: Calling delphi to calculate conformer (544/694) GLU01A0967_001 in /tmp/pbe_data.data.home.schowdhury.Project_kinases.cof_tpl_mg.run_kin.4G5J_GLU01A0967_001
INFO - step3.py: ForkPoolWorker-1: Calling delphi to calculate conformer (545/694) GLU01A0967_002 in /tmp/pbe_data.data.home.schowdhury.Project_kinases.cof_tpl_mg.run_kin.4G5J_GLU01A0967_002
INFO - step3.py: ForkPoolWorker-1: Calling delphi to calculate conformer (546/694) GLU02A0967_003 in /tmp/pbe_data.data.home.schowdhury.Project_kinases.cof_tpl_mg.run_kin.4G5J_GLU02A0967_003
INFO - step3.py: ForkPoolWorker-1: Calling delphi to calculate conformer (547/694) GLU02A0967_004 in /tmp/pbe_data.data.home.schowdhury.Project_kinases.cof_tpl_mg.run_kin.4G5J_GLU02A0967_004
INFO - step3.py: ForkPoolWorker-1: Calling delphi to calculate conformer (548/694) GLU-1A0967_005 in /tmp/pbe_data.data.home.schowdhury.Project_kinases.cof_tpl_mg.run_kin.4G5J_GLU-1A0967_005
INFO - step3.py: Skipping PBE solver for non-charge conformer (549/694) PHE01A0968_001...
INFO - step3.py: ForkPoolWorker-1: Calling delphi to calculate conformer (550/694) SER01A0969_001 in /tmp/pbe_data.data.home.schowdhury.Project_kinases.cof_tpl_mg.run_kin.4G5J_SER01A0969_001
INFO - step3.py: ForkPoolWorker-1: Calling delphi to calculate conformer (551/694) SER01A0969_002 in /tmp/pbe_data.data.home.schowdhury.Project_kinases.cof_tpl_mg.run_kin.4G5J_SER01A0969_002
INFO - step3.py: ForkPoolWorker-1: Calling delphi to calculate conformer (552/694) SER01A0969_003 in /tmp/pbe_data.data.home.schowdhury.Project_kinases.cof_tpl_mg.run_kin.4G5J_SER01A0969_003
INFO - step3.py: ForkPoolWorker-1: Calling delphi to calculate conformer (553/694) LYS01A0970_001 in /tmp/pbe_data.data.home.schowdhury.Project_kinases.cof_tpl_mg.run_kin.4G5J_LYS01A0970_001
INFO - step3.py: ForkPoolWorker-1: Calling delphi to calculate conformer (554/694) LYS+1A0970_002 in /tmp/pbe_data.data.home.schowdhury.Project_kinases.cof_tpl_mg.run_kin.4G5J_LYS+1A0970_002
INFO - step3.py: ForkPoolWorker-1: Calling delphi to calculate conformer (555/694) MET01A0971_001 in /tmp/pbe_data.data.home.schowdhury.Project_kinases.cof_tpl_mg.run_kin.4G5J_MET01A0971_001
INFO - step3.py: Skipping PBE solver for non-charge conformer (556/694) ALA01A0972_001...
INFO - step3.py: ForkPoolWorker-1: Calling delphi to calculate conformer (557/694) ARG01A0973_001 in /tmp/pbe_data.data.home.schowdhury.Project_kinases.cof_tpl_mg.run_kin.4G5J_ARG01A0973_001
INFO - step3.py: ForkPoolWorker-1: Calling delphi to calculate conformer (558/694) ARG01A0973_002 in /tmp/pbe_data.data.home.schowdhury.Project_kinases.cof_tpl_mg.run_kin.4G5J_ARG01A0973_002
INFO - step3.py: ForkPoolWorker-1: Calling delphi to calculate conformer (559/694) ARG02A0973_003 in /tmp/pbe_data.data.home.schowdhury.Project_kinases.cof_tpl_mg.run_kin.4G5J_ARG02A0973_003
INFO - step3.py: ForkPoolWorker-1: Calling delphi to calculate conformer (560/694) ARG02A0973_004 in /tmp/pbe_data.data.home.schowdhury.Project_kinases.cof_tpl_mg.run_kin.4G5J_ARG02A0973_004
INFO - step3.py: ForkPoolWorker-1: Calling delphi to calculate conformer (561/694) ARG02A0973_005 in /tmp/pbe_data.data.home.schowdhury.Project_kinases.cof_tpl_mg.run_kin.4G5J_ARG02A0973_005
INFO - step3.py: ForkPoolWorker-1: Calling delphi to calculate conformer (562/694) ARG03A0973_006 in /tmp/pbe_data.data.home.schowdhury.Project_kinases.cof_tpl_mg.run_kin.4G5J_ARG03A0973_006
INFO - step3.py: ForkPoolWorker-1: Calling delphi to calculate conformer (563/694) ARG03A0973_007 in /tmp/pbe_data.data.home.schowdhury.Project_kinases.cof_tpl_mg.run_kin.4G5J_ARG03A0973_007
INFO - step3.py: ForkPoolWorker-1: Calling delphi to calculate conformer (564/694) ARG+1A0973_008 in /tmp/pbe_data.data.home.schowdhury.Project_kinases.cof_tpl_mg.run_kin.4G5J_ARG+1A0973_008
INFO - step3.py: ForkPoolWorker-1: Calling delphi to calculate conformer (565/694) ARG+1A0973_009 in /tmp/pbe_data.data.home.schowdhury.Project_kinases.cof_tpl_mg.run_kin.4G5J_ARG+1A0973_009
INFO - step3.py: ForkPoolWorker-1: Calling delphi to calculate conformer (566/694) ASP01A0974_001 in /tmp/pbe_data.data.home.schowdhury.Project_kinases.cof_tpl_mg.run_kin.4G5J_ASP01A0974_001
INFO - step3.py: ForkPoolWorker-1: Calling delphi to calculate conformer (567/694) ASP01A0974_002 in /tmp/pbe_data.data.home.schowdhury.Project_kinases.cof_tpl_mg.run_kin.4G5J_ASP01A0974_002
INFO - step3.py: ForkPoolWorker-1: Calling delphi to calculate conformer (568/694) ASP02A0974_003 in /tmp/pbe_data.data.home.schowdhury.Project_kinases.cof_tpl_mg.run_kin.4G5J_ASP02A0974_003
INFO - step3.py: ForkPoolWorker-1: Calling delphi to calculate conformer (569/694) ASP02A0974_004 in /tmp/pbe_data.data.home.schowdhury.Project_kinases.cof_tpl_mg.run_kin.4G5J_ASP02A0974_004
INFO - step3.py: ForkPoolWorker-1: Calling delphi to calculate conformer (570/694) ASP-1A0974_005 in /tmp/pbe_data.data.home.schowdhury.Project_kinases.cof_tpl_mg.run_kin.4G5J_ASP-1A0974_005
INFO - step3.py: Skipping PBE solver for non-charge conformer (571/694) PRO01A0975_001...
INFO - step3.py: ForkPoolWorker-1: Calling delphi to calculate conformer (572/694) GLN01A0976_001 in /tmp/pbe_data.data.home.schowdhury.Project_kinases.cof_tpl_mg.run_kin.4G5J_GLN01A0976_001
INFO - step3.py: ForkPoolWorker-1: Calling delphi to calculate conformer (573/694) GLN01A0976_002 in /tmp/pbe_data.data.home.schowdhury.Project_kinases.cof_tpl_mg.run_kin.4G5J_GLN01A0976_002
INFO - step3.py: ForkPoolWorker-1: Calling delphi to calculate conformer (574/694) ARG01A0977_001 in /tmp/pbe_data.data.home.schowdhury.Project_kinases.cof_tpl_mg.run_kin.4G5J_ARG01A0977_001
INFO - step3.py: ForkPoolWorker-1: Calling delphi to calculate conformer (575/694) ARG02A0977_002 in /tmp/pbe_data.data.home.schowdhury.Project_kinases.cof_tpl_mg.run_kin.4G5J_ARG02A0977_002
INFO - step3.py: ForkPoolWorker-1: Calling delphi to calculate conformer (576/694) ARG03A0977_003 in /tmp/pbe_data.data.home.schowdhury.Project_kinases.cof_tpl_mg.run_kin.4G5J_ARG03A0977_003
INFO - step3.py: ForkPoolWorker-1: Calling delphi to calculate conformer (577/694) ARG+1A0977_004 in /tmp/pbe_data.data.home.schowdhury.Project_kinases.cof_tpl_mg.run_kin.4G5J_ARG+1A0977_004
INFO - step3.py: ForkPoolWorker-1: Calling delphi to calculate conformer (578/694) TYR01A0978_001 in /tmp/pbe_data.data.home.schowdhury.Project_kinases.cof_tpl_mg.run_kin.4G5J_TYR01A0978_001
INFO - step3.py: ForkPoolWorker-1: Calling delphi to calculate conformer (579/694) TYR-1A0978_002 in /tmp/pbe_data.data.home.schowdhury.Project_kinases.cof_tpl_mg.run_kin.4G5J_TYR-1A0978_002
INFO - step3.py: Skipping PBE solver for non-charge conformer (580/694) LEU01A0979_001...
INFO - step3.py: Skipping PBE solver for non-charge conformer (581/694) VAL01A0980_001...
INFO - step3.py: Skipping PBE solver for non-charge conformer (582/694) ILE01A0981_001...
INFO - step3.py: ForkPoolWorker-1: Calling delphi to calculate conformer (583/694) GLN01A0982_001 in /tmp/pbe_data.data.home.schowdhury.Project_kinases.cof_tpl_mg.run_kin.4G5J_GLN01A0982_001
INFO - step3.py: ForkPoolWorker-1: Calling delphi to calculate conformer (584/694) GLN01A0982_002 in /tmp/pbe_data.data.home.schowdhury.Project_kinases.cof_tpl_mg.run_kin.4G5J_GLN01A0982_002
INFO - step3.py: ForkPoolWorker-1: Calling delphi to calculate conformer (585/694) ASP01A0984_001 in /tmp/pbe_data.data.home.schowdhury.Project_kinases.cof_tpl_mg.run_kin.4G5J_ASP01A0984_001
INFO - step3.py: ForkPoolWorker-1: Calling delphi to calculate conformer (586/694) ASP01A0984_002 in /tmp/pbe_data.data.home.schowdhury.Project_kinases.cof_tpl_mg.run_kin.4G5J_ASP01A0984_002
INFO - step3.py: ForkPoolWorker-1: Calling delphi to calculate conformer (587/694) ASP02A0984_003 in /tmp/pbe_data.data.home.schowdhury.Project_kinases.cof_tpl_mg.run_kin.4G5J_ASP02A0984_003
INFO - step3.py: ForkPoolWorker-1: Calling delphi to calculate conformer (588/694) ASP02A0984_004 in /tmp/pbe_data.data.home.schowdhury.Project_kinases.cof_tpl_mg.run_kin.4G5J_ASP02A0984_004
INFO - step3.py: ForkPoolWorker-1: Calling delphi to calculate conformer (589/694) ASP-1A0984_005 in /tmp/pbe_data.data.home.schowdhury.Project_kinases.cof_tpl_mg.run_kin.4G5J_ASP-1A0984_005
INFO - step3.py: ForkPoolWorker-1: Calling delphi to calculate conformer (590/694) GLU01A0985_001 in /tmp/pbe_data.data.home.schowdhury.Project_kinases.cof_tpl_mg.run_kin.4G5J_GLU01A0985_001
INFO - step3.py: ForkPoolWorker-1: Calling delphi to calculate conformer (591/694) GLU01A0985_002 in /tmp/pbe_data.data.home.schowdhury.Project_kinases.cof_tpl_mg.run_kin.4G5J_GLU01A0985_002
INFO - step3.py: ForkPoolWorker-1: Calling delphi to calculate conformer (592/694) GLU02A0985_003 in /tmp/pbe_data.data.home.schowdhury.Project_kinases.cof_tpl_mg.run_kin.4G5J_GLU02A0985_003
INFO - step3.py: ForkPoolWorker-1: Calling delphi to calculate conformer (593/694) GLU02A0985_004 in /tmp/pbe_data.data.home.schowdhury.Project_kinases.cof_tpl_mg.run_kin.4G5J_GLU02A0985_004
INFO - step3.py: ForkPoolWorker-1: Calling delphi to calculate conformer (594/694) GLU-1A0985_005 in /tmp/pbe_data.data.home.schowdhury.Project_kinases.cof_tpl_mg.run_kin.4G5J_GLU-1A0985_005
INFO - step3.py: ForkPoolWorker-1: Calling delphi to calculate conformer (595/694) ARG01A0986_001 in /tmp/pbe_data.data.home.schowdhury.Project_kinases.cof_tpl_mg.run_kin.4G5J_ARG01A0986_001
INFO - step3.py: ForkPoolWorker-1: Calling delphi to calculate conformer (596/694) ARG02A0986_002 in /tmp/pbe_data.data.home.schowdhury.Project_kinases.cof_tpl_mg.run_kin.4G5J_ARG02A0986_002
INFO - step3.py: ForkPoolWorker-1: Calling delphi to calculate conformer (597/694) ARG03A0986_003 in /tmp/pbe_data.data.home.schowdhury.Project_kinases.cof_tpl_mg.run_kin.4G5J_ARG03A0986_003
INFO - step3.py: ForkPoolWorker-1: Calling delphi to calculate conformer (598/694) ARG+1A0986_004 in /tmp/pbe_data.data.home.schowdhury.Project_kinases.cof_tpl_mg.run_kin.4G5J_ARG+1A0986_004
INFO - step3.py: ForkPoolWorker-1: Calling delphi to calculate conformer (599/694) MET01A0987_001 in /tmp/pbe_data.data.home.schowdhury.Project_kinases.cof_tpl_mg.run_kin.4G5J_MET01A0987_001
INFO - step3.py: ForkPoolWorker-1: Calling delphi to calculate conformer (600/694) HIS01A0988_001 in /tmp/pbe_data.data.home.schowdhury.Project_kinases.cof_tpl_mg.run_kin.4G5J_HIS01A0988_001
INFO - step3.py: ForkPoolWorker-1: Calling delphi to calculate conformer (601/694) HIS01A0988_002 in /tmp/pbe_data.data.home.schowdhury.Project_kinases.cof_tpl_mg.run_kin.4G5J_HIS01A0988_002
INFO - step3.py: ForkPoolWorker-1: Calling delphi to calculate conformer (602/694) HIS02A0988_003 in /tmp/pbe_data.data.home.schowdhury.Project_kinases.cof_tpl_mg.run_kin.4G5J_HIS02A0988_003
INFO - step3.py: ForkPoolWorker-1: Calling delphi to calculate conformer (603/694) HIS02A0988_004 in /tmp/pbe_data.data.home.schowdhury.Project_kinases.cof_tpl_mg.run_kin.4G5J_HIS02A0988_004
INFO - step3.py: ForkPoolWorker-1: Calling delphi to calculate conformer (604/694) HIS+1A0988_005 in /tmp/pbe_data.data.home.schowdhury.Project_kinases.cof_tpl_mg.run_kin.4G5J_HIS+1A0988_005
INFO - step3.py: ForkPoolWorker-1: Calling delphi to calculate conformer (605/694) HIS+1A0988_006 in /tmp/pbe_data.data.home.schowdhury.Project_kinases.cof_tpl_mg.run_kin.4G5J_HIS+1A0988_006
INFO - step3.py: Skipping PBE solver for non-charge conformer (606/694) LEU01A0989_001...
INFO - step3.py: Skipping PBE solver for non-charge conformer (607/694) PRO01A0990_001...
INFO - step3.py: ForkPoolWorker-1: Calling delphi to calculate conformer (608/694) SER01A0991_001 in /tmp/pbe_data.data.home.schowdhury.Project_kinases.cof_tpl_mg.run_kin.4G5J_SER01A0991_001
INFO - step3.py: ForkPoolWorker-1: Calling delphi to calculate conformer (609/694) SER01A0991_002 in /tmp/pbe_data.data.home.schowdhury.Project_kinases.cof_tpl_mg.run_kin.4G5J_SER01A0991_002
INFO - step3.py: Skipping PBE solver for non-charge conformer (610/694) PRO01A0992_001...
INFO - step3.py: ForkPoolWorker-1: Calling delphi to calculate conformer (611/694) THR01A0993_001 in /tmp/pbe_data.data.home.schowdhury.Project_kinases.cof_tpl_mg.run_kin.4G5J_THR01A0993_001
INFO - step3.py: ForkPoolWorker-1: Calling delphi to calculate conformer (612/694) THR01A0993_002 in /tmp/pbe_data.data.home.schowdhury.Project_kinases.cof_tpl_mg.run_kin.4G5J_THR01A0993_002
INFO - step3.py: ForkPoolWorker-1: Calling delphi to calculate conformer (613/694) ASP01A0994_001 in /tmp/pbe_data.data.home.schowdhury.Project_kinases.cof_tpl_mg.run_kin.4G5J_ASP01A0994_001
INFO - step3.py: ForkPoolWorker-1: Calling delphi to calculate conformer (614/694) ASP01A0994_002 in /tmp/pbe_data.data.home.schowdhury.Project_kinases.cof_tpl_mg.run_kin.4G5J_ASP01A0994_002
INFO - step3.py: ForkPoolWorker-1: Calling delphi to calculate conformer (615/694) ASP02A0994_003 in /tmp/pbe_data.data.home.schowdhury.Project_kinases.cof_tpl_mg.run_kin.4G5J_ASP02A0994_003
INFO - step3.py: ForkPoolWorker-1: Calling delphi to calculate conformer (616/694) ASP02A0994_004 in /tmp/pbe_data.data.home.schowdhury.Project_kinases.cof_tpl_mg.run_kin.4G5J_ASP02A0994_004
INFO - step3.py: ForkPoolWorker-1: Calling delphi to calculate conformer (617/694) ASP-1A0994_005 in /tmp/pbe_data.data.home.schowdhury.Project_kinases.cof_tpl_mg.run_kin.4G5J_ASP-1A0994_005
INFO - step3.py: ForkPoolWorker-1: Calling delphi to calculate conformer (618/694) SER01A0995_001 in /tmp/pbe_data.data.home.schowdhury.Project_kinases.cof_tpl_mg.run_kin.4G5J_SER01A0995_001
INFO - step3.py: ForkPoolWorker-1: Calling delphi to calculate conformer (619/694) SER01A0995_002 in /tmp/pbe_data.data.home.schowdhury.Project_kinases.cof_tpl_mg.run_kin.4G5J_SER01A0995_002
INFO - step3.py: ForkPoolWorker-1: Calling delphi to calculate conformer (620/694) SER01A0995_003 in /tmp/pbe_data.data.home.schowdhury.Project_kinases.cof_tpl_mg.run_kin.4G5J_SER01A0995_003
INFO - step3.py: ForkPoolWorker-1: Calling delphi to calculate conformer (621/694) ASN01A0996_001 in /tmp/pbe_data.data.home.schowdhury.Project_kinases.cof_tpl_mg.run_kin.4G5J_ASN01A0996_001
INFO - step3.py: ForkPoolWorker-1: Calling delphi to calculate conformer (622/694) ASN01A0996_002 in /tmp/pbe_data.data.home.schowdhury.Project_kinases.cof_tpl_mg.run_kin.4G5J_ASN01A0996_002
INFO - step3.py: Skipping PBE solver for non-charge conformer (623/694) PHE01A0997_001...
INFO - step3.py: ForkPoolWorker-1: Calling delphi to calculate conformer (624/694) TYR01A0998_001 in /tmp/pbe_data.data.home.schowdhury.Project_kinases.cof_tpl_mg.run_kin.4G5J_TYR01A0998_001
INFO - step3.py: ForkPoolWorker-1: Calling delphi to calculate conformer (625/694) TYR-1A0998_002 in /tmp/pbe_data.data.home.schowdhury.Project_kinases.cof_tpl_mg.run_kin.4G5J_TYR-1A0998_002
INFO - step3.py: ForkPoolWorker-1: Calling delphi to calculate conformer (626/694) ARG01A0999_001 in /tmp/pbe_data.data.home.schowdhury.Project_kinases.cof_tpl_mg.run_kin.4G5J_ARG01A0999_001
INFO - step3.py: ForkPoolWorker-1: Calling delphi to calculate conformer (627/694) ARG01A0999_002 in /tmp/pbe_data.data.home.schowdhury.Project_kinases.cof_tpl_mg.run_kin.4G5J_ARG01A0999_002
INFO - step3.py: ForkPoolWorker-1: Calling delphi to calculate conformer (628/694) ARG02A0999_003 in /tmp/pbe_data.data.home.schowdhury.Project_kinases.cof_tpl_mg.run_kin.4G5J_ARG02A0999_003
INFO - step3.py: ForkPoolWorker-1: Calling delphi to calculate conformer (629/694) ARG02A0999_004 in /tmp/pbe_data.data.home.schowdhury.Project_kinases.cof_tpl_mg.run_kin.4G5J_ARG02A0999_004
INFO - step3.py: ForkPoolWorker-1: Calling delphi to calculate conformer (630/694) ARG02A0999_005 in /tmp/pbe_data.data.home.schowdhury.Project_kinases.cof_tpl_mg.run_kin.4G5J_ARG02A0999_005
INFO - step3.py: ForkPoolWorker-1: Calling delphi to calculate conformer (631/694) ARG02A0999_006 in /tmp/pbe_data.data.home.schowdhury.Project_kinases.cof_tpl_mg.run_kin.4G5J_ARG02A0999_006
INFO - step3.py: ForkPoolWorker-1: Calling delphi to calculate conformer (632/694) ARG03A0999_007 in /tmp/pbe_data.data.home.schowdhury.Project_kinases.cof_tpl_mg.run_kin.4G5J_ARG03A0999_007
INFO - step3.py: ForkPoolWorker-1: Calling delphi to calculate conformer (633/694) ARG03A0999_008 in /tmp/pbe_data.data.home.schowdhury.Project_kinases.cof_tpl_mg.run_kin.4G5J_ARG03A0999_008
INFO - step3.py: ForkPoolWorker-1: Calling delphi to calculate conformer (634/694) ARG03A0999_009 in /tmp/pbe_data.data.home.schowdhury.Project_kinases.cof_tpl_mg.run_kin.4G5J_ARG03A0999_009
INFO - step3.py: ForkPoolWorker-1: Calling delphi to calculate conformer (635/694) ARG03A0999_010 in /tmp/pbe_data.data.home.schowdhury.Project_kinases.cof_tpl_mg.run_kin.4G5J_ARG03A0999_010
INFO - step3.py: ForkPoolWorker-1: Calling delphi to calculate conformer (636/694) ARG+1A0999_011 in /tmp/pbe_data.data.home.schowdhury.Project_kinases.cof_tpl_mg.run_kin.4G5J_ARG+1A0999_011
INFO - step3.py: ForkPoolWorker-1: Calling delphi to calculate conformer (637/694) ARG+1A0999_012 in /tmp/pbe_data.data.home.schowdhury.Project_kinases.cof_tpl_mg.run_kin.4G5J_ARG+1A0999_012
INFO - step3.py: Skipping PBE solver for non-charge conformer (638/694) ALA01A1000_001...
INFO - step3.py: Skipping PBE solver for non-charge conformer (639/694) LEU01A1001_001...
INFO - step3.py: ForkPoolWorker-1: Calling delphi to calculate conformer (640/694) MET01A1002_001 in /tmp/pbe_data.data.home.schowdhury.Project_kinases.cof_tpl_mg.run_kin.4G5J_MET01A1002_001
INFO - step3.py: ForkPoolWorker-1: Calling delphi to calculate conformer (641/694) ASP01A1003_001 in /tmp/pbe_data.data.home.schowdhury.Project_kinases.cof_tpl_mg.run_kin.4G5J_ASP01A1003_001
INFO - step3.py: ForkPoolWorker-1: Calling delphi to calculate conformer (642/694) ASP01A1003_002 in /tmp/pbe_data.data.home.schowdhury.Project_kinases.cof_tpl_mg.run_kin.4G5J_ASP01A1003_002
INFO - step3.py: ForkPoolWorker-1: Calling delphi to calculate conformer (643/694) ASP02A1003_003 in /tmp/pbe_data.data.home.schowdhury.Project_kinases.cof_tpl_mg.run_kin.4G5J_ASP02A1003_003
INFO - step3.py: ForkPoolWorker-1: Calling delphi to calculate conformer (644/694) ASP02A1003_004 in /tmp/pbe_data.data.home.schowdhury.Project_kinases.cof_tpl_mg.run_kin.4G5J_ASP02A1003_004
INFO - step3.py: ForkPoolWorker-1: Calling delphi to calculate conformer (645/694) ASP-1A1003_005 in /tmp/pbe_data.data.home.schowdhury.Project_kinases.cof_tpl_mg.run_kin.4G5J_ASP-1A1003_005
INFO - step3.py: ForkPoolWorker-1: Calling delphi to calculate conformer (646/694) GLU01A1004_001 in /tmp/pbe_data.data.home.schowdhury.Project_kinases.cof_tpl_mg.run_kin.4G5J_GLU01A1004_001
INFO - step3.py: ForkPoolWorker-1: Calling delphi to calculate conformer (647/694) GLU01A1004_002 in /tmp/pbe_data.data.home.schowdhury.Project_kinases.cof_tpl_mg.run_kin.4G5J_GLU01A1004_002
INFO - step3.py: ForkPoolWorker-1: Calling delphi to calculate conformer (648/694) GLU02A1004_003 in /tmp/pbe_data.data.home.schowdhury.Project_kinases.cof_tpl_mg.run_kin.4G5J_GLU02A1004_003
INFO - step3.py: ForkPoolWorker-1: Calling delphi to calculate conformer (649/694) GLU02A1004_004 in /tmp/pbe_data.data.home.schowdhury.Project_kinases.cof_tpl_mg.run_kin.4G5J_GLU02A1004_004
INFO - step3.py: ForkPoolWorker-1: Calling delphi to calculate conformer (650/694) GLU-1A1004_005 in /tmp/pbe_data.data.home.schowdhury.Project_kinases.cof_tpl_mg.run_kin.4G5J_GLU-1A1004_005
INFO - step3.py: ForkPoolWorker-1: Calling delphi to calculate conformer (651/694) GLU01A1005_001 in /tmp/pbe_data.data.home.schowdhury.Project_kinases.cof_tpl_mg.run_kin.4G5J_GLU01A1005_001
INFO - step3.py: ForkPoolWorker-1: Calling delphi to calculate conformer (652/694) GLU01A1005_002 in /tmp/pbe_data.data.home.schowdhury.Project_kinases.cof_tpl_mg.run_kin.4G5J_GLU01A1005_002
INFO - step3.py: ForkPoolWorker-1: Calling delphi to calculate conformer (653/694) GLU02A1005_003 in /tmp/pbe_data.data.home.schowdhury.Project_kinases.cof_tpl_mg.run_kin.4G5J_GLU02A1005_003
INFO - step3.py: ForkPoolWorker-1: Calling delphi to calculate conformer (654/694) GLU02A1005_004 in /tmp/pbe_data.data.home.schowdhury.Project_kinases.cof_tpl_mg.run_kin.4G5J_GLU02A1005_004
INFO - step3.py: ForkPoolWorker-1: Calling delphi to calculate conformer (655/694) GLU-1A1005_005 in /tmp/pbe_data.data.home.schowdhury.Project_kinases.cof_tpl_mg.run_kin.4G5J_GLU-1A1005_005
INFO - step3.py: ForkPoolWorker-1: Calling delphi to calculate conformer (656/694) ASP01A1006_001 in /tmp/pbe_data.data.home.schowdhury.Project_kinases.cof_tpl_mg.run_kin.4G5J_ASP01A1006_001
INFO - step3.py: ForkPoolWorker-1: Calling delphi to calculate conformer (657/694) ASP01A1006_002 in /tmp/pbe_data.data.home.schowdhury.Project_kinases.cof_tpl_mg.run_kin.4G5J_ASP01A1006_002
INFO - step3.py: ForkPoolWorker-1: Calling delphi to calculate conformer (658/694) ASP02A1006_003 in /tmp/pbe_data.data.home.schowdhury.Project_kinases.cof_tpl_mg.run_kin.4G5J_ASP02A1006_003
INFO - step3.py: ForkPoolWorker-1: Calling delphi to calculate conformer (659/694) ASP02A1006_004 in /tmp/pbe_data.data.home.schowdhury.Project_kinases.cof_tpl_mg.run_kin.4G5J_ASP02A1006_004
INFO - step3.py: ForkPoolWorker-1: Calling delphi to calculate conformer (660/694) ASP-1A1006_005 in /tmp/pbe_data.data.home.schowdhury.Project_kinases.cof_tpl_mg.run_kin.4G5J_ASP-1A1006_005
INFO - step3.py: ForkPoolWorker-1: Calling delphi to calculate conformer (661/694) MET01A1007_001 in /tmp/pbe_data.data.home.schowdhury.Project_kinases.cof_tpl_mg.run_kin.4G5J_MET01A1007_001
INFO - step3.py: ForkPoolWorker-1: Calling delphi to calculate conformer (662/694) ASP01A1008_001 in /tmp/pbe_data.data.home.schowdhury.Project_kinases.cof_tpl_mg.run_kin.4G5J_ASP01A1008_001
INFO - step3.py: ForkPoolWorker-1: Calling delphi to calculate conformer (663/694) ASP01A1008_002 in /tmp/pbe_data.data.home.schowdhury.Project_kinases.cof_tpl_mg.run_kin.4G5J_ASP01A1008_002
INFO - step3.py: ForkPoolWorker-1: Calling delphi to calculate conformer (664/694) ASP02A1008_003 in /tmp/pbe_data.data.home.schowdhury.Project_kinases.cof_tpl_mg.run_kin.4G5J_ASP02A1008_003
INFO - step3.py: ForkPoolWorker-1: Calling delphi to calculate conformer (665/694) ASP02A1008_004 in /tmp/pbe_data.data.home.schowdhury.Project_kinases.cof_tpl_mg.run_kin.4G5J_ASP02A1008_004
INFO - step3.py: ForkPoolWorker-1: Calling delphi to calculate conformer (666/694) ASP-1A1008_005 in /tmp/pbe_data.data.home.schowdhury.Project_kinases.cof_tpl_mg.run_kin.4G5J_ASP-1A1008_005
INFO - step3.py: ForkPoolWorker-1: Calling delphi to calculate conformer (667/694) ASP01A1009_001 in /tmp/pbe_data.data.home.schowdhury.Project_kinases.cof_tpl_mg.run_kin.4G5J_ASP01A1009_001
INFO - step3.py: ForkPoolWorker-1: Calling delphi to calculate conformer (668/694) ASP01A1009_002 in /tmp/pbe_data.data.home.schowdhury.Project_kinases.cof_tpl_mg.run_kin.4G5J_ASP01A1009_002
INFO - step3.py: ForkPoolWorker-1: Calling delphi to calculate conformer (669/694) ASP02A1009_003 in /tmp/pbe_data.data.home.schowdhury.Project_kinases.cof_tpl_mg.run_kin.4G5J_ASP02A1009_003
INFO - step3.py: ForkPoolWorker-1: Calling delphi to calculate conformer (670/694) ASP02A1009_004 in /tmp/pbe_data.data.home.schowdhury.Project_kinases.cof_tpl_mg.run_kin.4G5J_ASP02A1009_004
INFO - step3.py: ForkPoolWorker-1: Calling delphi to calculate conformer (671/694) ASP-1A1009_005 in /tmp/pbe_data.data.home.schowdhury.Project_kinases.cof_tpl_mg.run_kin.4G5J_ASP-1A1009_005
INFO - step3.py: Skipping PBE solver for non-charge conformer (672/694) VAL01A1010_001...
INFO - step3.py: Skipping PBE solver for non-charge conformer (673/694) VAL01A1011_001...
INFO - step3.py: ForkPoolWorker-1: Calling delphi to calculate conformer (674/694) ASP01A1012_001 in /tmp/pbe_data.data.home.schowdhury.Project_kinases.cof_tpl_mg.run_kin.4G5J_ASP01A1012_001
INFO - step3.py: ForkPoolWorker-1: Calling delphi to calculate conformer (675/694) ASP01A1012_002 in /tmp/pbe_data.data.home.schowdhury.Project_kinases.cof_tpl_mg.run_kin.4G5J_ASP01A1012_002
INFO - step3.py: ForkPoolWorker-1: Calling delphi to calculate conformer (676/694) ASP02A1012_003 in /tmp/pbe_data.data.home.schowdhury.Project_kinases.cof_tpl_mg.run_kin.4G5J_ASP02A1012_003
INFO - step3.py: ForkPoolWorker-1: Calling delphi to calculate conformer (677/694) ASP02A1012_004 in /tmp/pbe_data.data.home.schowdhury.Project_kinases.cof_tpl_mg.run_kin.4G5J_ASP02A1012_004
INFO - step3.py: ForkPoolWorker-1: Calling delphi to calculate conformer (678/694) ASP-1A1012_005 in /tmp/pbe_data.data.home.schowdhury.Project_kinases.cof_tpl_mg.run_kin.4G5J_ASP-1A1012_005
INFO - step3.py: Skipping PBE solver for non-charge conformer (679/694) ALA01A1013_001...
INFO - step3.py: ForkPoolWorker-1: Calling delphi to calculate conformer (680/694) ASP01A1014_001 in /tmp/pbe_data.data.home.schowdhury.Project_kinases.cof_tpl_mg.run_kin.4G5J_ASP01A1014_001
INFO - step3.py: ForkPoolWorker-1: Calling delphi to calculate conformer (681/694) ASP01A1014_002 in /tmp/pbe_data.data.home.schowdhury.Project_kinases.cof_tpl_mg.run_kin.4G5J_ASP01A1014_002
INFO - step3.py: ForkPoolWorker-1: Calling delphi to calculate conformer (682/694) ASP02A1014_003 in /tmp/pbe_data.data.home.schowdhury.Project_kinases.cof_tpl_mg.run_kin.4G5J_ASP02A1014_003
INFO - step3.py: ForkPoolWorker-1: Calling delphi to calculate conformer (683/694) ASP02A1014_004 in /tmp/pbe_data.data.home.schowdhury.Project_kinases.cof_tpl_mg.run_kin.4G5J_ASP02A1014_004
INFO - step3.py: ForkPoolWorker-1: Calling delphi to calculate conformer (684/694) ASP-1A1014_005 in /tmp/pbe_data.data.home.schowdhury.Project_kinases.cof_tpl_mg.run_kin.4G5J_ASP-1A1014_005
INFO - step3.py: ForkPoolWorker-1: Calling delphi to calculate conformer (685/694) GLU01A1015_001 in /tmp/pbe_data.data.home.schowdhury.Project_kinases.cof_tpl_mg.run_kin.4G5J_GLU01A1015_001
INFO - step3.py: ForkPoolWorker-1: Calling delphi to calculate conformer (686/694) GLU01A1015_002 in /tmp/pbe_data.data.home.schowdhury.Project_kinases.cof_tpl_mg.run_kin.4G5J_GLU01A1015_002
INFO - step3.py: ForkPoolWorker-1: Calling delphi to calculate conformer (687/694) GLU02A1015_003 in /tmp/pbe_data.data.home.schowdhury.Project_kinases.cof_tpl_mg.run_kin.4G5J_GLU02A1015_003
INFO - step3.py: ForkPoolWorker-1: Calling delphi to calculate conformer (688/694) GLU02A1015_004 in /tmp/pbe_data.data.home.schowdhury.Project_kinases.cof_tpl_mg.run_kin.4G5J_GLU02A1015_004
INFO - step3.py: ForkPoolWorker-1: Calling delphi to calculate conformer (689/694) GLU-1A1015_005 in /tmp/pbe_data.data.home.schowdhury.Project_kinases.cof_tpl_mg.run_kin.4G5J_GLU-1A1015_005
INFO - step3.py: ForkPoolWorker-1: Calling delphi to calculate conformer (690/694) TYR01A1016_001 in /tmp/pbe_data.data.home.schowdhury.Project_kinases.cof_tpl_mg.run_kin.4G5J_TYR01A1016_001
INFO - step3.py: ForkPoolWorker-1: Calling delphi to calculate conformer (691/694) TYR-1A1016_002 in /tmp/pbe_data.data.home.schowdhury.Project_kinases.cof_tpl_mg.run_kin.4G5J_TYR-1A1016_002
INFO - step3.py: ForkPoolWorker-1: Calling delphi to calculate conformer (692/694) 0WN+1A1101_001 in /tmp/pbe_data.data.home.schowdhury.Project_kinases.cof_tpl_mg.run_kin.4G5J_0WN+1A1101_001
INFO - step3.py: ForkPoolWorker-1: Calling delphi to calculate conformer (693/694) 0WN01A1101_002 in /tmp/pbe_data.data.home.schowdhury.Project_kinases.cof_tpl_mg.run_kin.4G5J_0WN01A1101_002
INFO - step3.py: ForkPoolWorker-1: Calling delphi to calculate conformer (694/694) 0WN+aA1101_003 in /tmp/pbe_data.data.home.schowdhury.Project_kinases.cof_tpl_mg.run_kin.4G5J_0WN+aA1101_003
INFO - step3.py:    Time needed: 3087 seconds.
INFO - step3.py:    Post-processing of electrostatic potential.
INFO - step3.py:    Processing ele pairwise interaction...
INFO - step3.py:    Time needed: 2 seconds.
INFO - step3.py:    Making atom connectivity ...
INFO - step3.py:    Time needed: 0 seconds.
INFO - step3.py:    Calculating vdw ...
INFO - step3.py:    Time needed: 9 seconds.
INFO - step3.py:    Calculating torsion energy ...
INFO - step3.py:    Time needed: 0 seconds.
INFO - step3.py:    Composing head3.lst ...
INFO - step3.py:    Time needed: 0 seconds.
INFO - step3.py:    Composing opp files ...
INFO - step3.py:    Time needed: 0 seconds.
INFO - step3.py:    Total time for step3 is 3102 seconds.
Warning: Ligand atom bond to " N  GLY0696A000" was not found
Warning: Ligand atom bond to " N  THR0725A000" was not found
Warning: Ligand atom bond to " N  LYS0757A000" was not found
[SUCCESS]: Step 3 completed successfully.
