   Repacking:
   Repacking 0: 14 1 0
   Repacking 1: 14 1 0
   Repacking 2: 9 1 0
   Repacking 3: 10 1 0
   Repacking 4: 12 0
   Repacking 5: 11 0
   Repacking 6: 8 0
   Repacking 7: 11 0
   Repacking 8: 13 0
   Repacking 9: 9 0
   Repacking 10: 10 1 0
   Repacking 11: 10 0
   Repacking 12: 10 0
   Repacking 13: 8 0
   Repacking 14: 10 1 0
   Repacking 15: 8 1 0
   Repacking 16: 9 1 0
   Repacking 17: 13 1 0
   Repacking 18: 14 2 0
   Repacking 19: 15 0
   Repacking 20: 8 0
   Repacking 21: 10 1 0
   Repacking 22: 14 1 0
   Repacking 23: 9 1 0
   Repacking 24: 13 0
   Repacking 25: 13 1 0
   Repacking 26: 8 1 0
   Repacking 27: 12 2 0
   Repacking 28: 11 0
   Repacking 29: 10 0
   Repacking 30: 10 0
   Repacking 31: 13 0
   Repacking 32: 14 0
   Repacking 33: 14 1 0
   Repacking 34: 12 2 0
   Repacking 35: 11 1 0
   Repacking 36: 15 2 0
   Repacking 37: 7 0
   Repacking 38: 14 0
   Repacking 39: 8 1 0
   Repacking 40: 12 1 0
   Repacking 41: 12 0
   Repacking 42: 16 1 0
   Repacking 43: 9 1 0
   Repacking 44: 9 1 0
   Repacking 45: 12 0
   Repacking 46: 11 1 0
   Repacking 47: 11 0
   Repacking 48: 10 0
   Repacking 49: 11 0
   Repacking 50: 14 2 0
   Repacking 51: 13 1 0
   Repacking 52: 14 1 0
   Repacking 53: 13 1 0
   Repacking 54: 8 1 0
   Repacking 55: 9 1 0
   Repacking 56: 9 0
   Repacking 57: 11 1 0
   Repacking 58: 8 1 0
   Repacking 59: 14 0
   Repacking 60: 8 0
   Repacking 61: 6 0
   Repacking 62: 10 1 0
   Repacking 63: 11 0
   Repacking 64: 7 0
   Repacking 65: 13 1 0
   Repacking 66: 10 1 0
   Repacking 67: 10 1 0
   Repacking 68: 12 1 0
   Repacking 69: 7 1 0
   Repacking 70: 12 1 0
   Repacking 71: 8 0
   Repacking 72: 8 0
   Repacking 73: 13 0
   Repacking 74: 10 1 0
   Repacking 75: 9 0
   Repacking 76: 9 1 0
   Repacking 77: 10 1 0
   Repacking 78: 10 0
   Repacking 79: 11 1 0
   Repacking 80: 10 1 0
   Repacking 81: 13 0
   Repacking 82: 10 2 0
   Repacking 83: 14 1 0
   Repacking 84: 12 0
   Repacking 85: 11 0
   Repacking 86: 10 2 0
   Repacking 87: 13 1 0
   Repacking 88: 12 2 0
   Repacking 89: 9 0
   Repacking 90: 12 1 0
   Repacking 91: 13 0
   Repacking 92: 13 0
   Repacking 93: 12 1 0
   Repacking 94: 14 0
   Repacking 95: 13 1 0
   Repacking 96: 13 0
   Repacking 97: 10 0
   Repacking 98: 9 1 0
   Repacking 99: 16 0
   Repacking 100: 12 1 0
   Repacking 101: 12 1 0
   Repacking 102: 10 0
   Repacking 103: 7 1 0
   Repacking 104: 10 0
   Repacking 105: 12 1 0
   Repacking 106: 12 1 0
   Repacking 107: 10 1 0
   Repacking 108: 9 1 0
   Repacking 109: 13 1 0
   Repacking 110: 13 1 0
   Repacking 111: 13 3 0
   Repacking 112: 14 0
   Repacking 113: 9 0
   Repacking 114: 12 0
   Repacking 115: 14 0
   Repacking 116: 12 1 0
   Repacking 117: 11 3 0
   Repacking 118: 9 1 0
   Repacking 119: 11 1 0
   Repacking 120: 14 0
   Repacking 121: 11 0
   Repacking 122: 8 0
   Repacking 123: 11 2 0
   Repacking 124: 15 1 0
   Repacking 125: 10 2 0
   Repacking 126: 13 1 0
   Repacking 127: 12 1 0
   Repacking 128: 12 0
   Repacking 129: 13 1 0
   Repacking 130: 14 1 0
   Repacking 131: 12 2 0
   Repacking 132: 9 0
   Repacking 133: 11 1 0
   Repacking 134: 12 1 0
   Repacking 135: 11 0
   Repacking 136: 10 2 0
   Repacking 137: 9 2 0
   Repacking 138: 10 0
   Repacking 139: 10 0
   Repacking 140: 12 2 0
   Repacking 141: 9 1 0
   Repacking 142: 8 0
   Repacking 143: 10 0
   Repacking 144: 11 0
   Repacking 145: 9 0
   Repacking 146: 6 1 0
   Repacking 147: 10 1 0
   Repacking 148: 12 1 0
   Repacking 149: 10 1 0
   Repacking 150: 13 0
   Repacking 151: 13 0
   Repacking 152: 10 1 0
   Repacking 153: 13 0
   Repacking 154: 13 2 0
   Repacking 155: 12 1 0
   Repacking 156: 12 0
   Repacking 157: 11 2 0
   Repacking 158: 11 1 0
   Repacking 159: 14 1 0
   Repacking 160: 11 1 0
   Repacking 161: 13 0
   Repacking 162: 10 0
   Repacking 163: 13 0
   Repacking 164: 11 0
   Repacking 165: 14 0
   Repacking 166: 10 0
   Repacking 167: 14 0
   Repacking 168: 10 1 0
   Repacking 169: 8 0
   Repacking 170: 9 0
   Repacking 171: 10 1 0
   Repacking 172: 13 1 0
   Repacking 173: 9 0
   Repacking 174: 12 1 0
   Repacking 175: 6 0
   Repacking 176: 11 0
   Repacking 177: 11 2 0
   Repacking 178: 12 2 0
   Repacking 179: 14 3 0
   Repacking 180: 12 2 0
   Repacking 181: 12 1 0
   Repacking 182: 10 1 0
   Repacking 183: 13 1 0
   Repacking 184: 12 0
   Repacking 185: 11 1 0
   Repacking 186: 16 2 0
   Repacking 187: 14 1 0
   Repacking 188: 13 1 0
   Repacking 189: 10 0
   Repacking 190: 11 2 0
   Repacking 191: 13 0
   Repacking 192: 11 2 0
   Repacking 193: 12 1 0
   Repacking 194: 12 0
   Repacking 195: 14 0
   Repacking 196: 10 1 0
   Repacking 197: 13 1 0
   Repacking 198: 10 1 0
   Repacking 199: 9 0
   Repacking 200: 10 0
   Repacking 201: 11 1 0
   Repacking 202: 12 0
   Repacking 203: 10 1 0
   Repacking 204: 10 1 0
   Repacking 205: 15 1 0
   Repacking 206: 14 1 0
   Repacking 207: 13 1 0
   Repacking 208: 13 1 0
   Repacking 209: 14 0
   Repacking 210: 7 0
   Repacking 211: 11 1 0
   Repacking 212: 14 2 0
   Repacking 213: 10 1 0
   Repacking 214: 9 1 0
   Repacking 215: 9 1 0
   Repacking 216: 9 2 0
   Repacking 217: 9 0
   Repacking 218: 12 0
   Repacking 219: 10 0
   Repacking 220: 11 1 0
   Repacking 221: 11 1 0
   Repacking 222: 10 0
   Repacking 223: 11 0
   Repacking 224: 8 0
   Repacking 225: 15 1 0
   Repacking 226: 15 0
   Repacking 227: 12 0
   Repacking 228: 14 1 0
   Repacking 229: 14 2 0
   Repacking 230: 14 0
   Repacking 231: 10 0
   Repacking 232: 13 1 0
   Repacking 233: 13 0
   Repacking 234: 10 1 0
   Repacking 235: 14 1 0
   Repacking 236: 13 0
   Repacking 237: 10 2 0
   Repacking 238: 10 0
   Repacking 239: 9 0
   Repacking 240: 15 0
   Repacking 241: 8 1 0
   Repacking 242: 13 2 0
   Repacking 243: 13 0
   Repacking 244: 12 0
   Repacking 245: 14 0
   Repacking 246: 9 0
   Repacking 247: 10 0
   Repacking 248: 12 1 0
   Repacking 249: 11 1 0
   Repacking 250: 9 1 0
   Repacking 251: 9 0
   Repacking 252: 11 2 0
   Repacking 253: 12 1 0
   Repacking 254: 11 0
   Repacking 255: 9 0
   Repacking 256: 8 1 0
   Repacking 257: 14 0
   Repacking 258: 14 1 0
   Repacking 259: 9 1 0
   Repacking 260: 13 1 0
   Repacking 261: 10 1 0
   Repacking 262: 13 2 0
   Repacking 263: 11 1 0
   Repacking 264: 11 1 0
   Repacking 265: 10 0
   Repacking 266: 12 0
   Repacking 267: 11 2 0
   Repacking 268: 13 0
   Repacking 269: 10 0
   Repacking 270: 11 1 0
   Repacking 271: 11 2 0
   Repacking 272: 8 0
   Repacking 273: 14 0
   Repacking 274: 11 1 0
   Repacking 275: 13 1 0
   Repacking 276: 13 0
   Repacking 277: 12 1 0
   Repacking 278: 6 0
   Repacking 279: 11 2 0
   Repacking 280: 13 1 0
   Repacking 281: 11 1 0
   Repacking 282: 14 2 0
   Repacking 283: 9 0
   Repacking 284: 10 0
   Repacking 285: 7 1 0
   Repacking 286: 15 0
   Repacking 287: 13 1 0
   Repacking 288: 14 2 0
   Repacking 289: 10 1 0
   Repacking 290: 7 1 0
   Repacking 291: 17 1 0
   Repacking 292: 12 1 0
   Repacking 293: 14 0
   Repacking 294: 15 1 0
   Repacking 295: 12 1 0
   Repacking 296: 7 2 0
   Repacking 297: 8 1 0
   Repacking 298: 13 3 0
   Repacking 299: 12 1 0
   Repacking 300: 11 1 0
   Repacking 301: 12 0
   Repacking 302: 11 1 0
   Repacking 303: 11 0
   Repacking 304: 7 0
   Repacking 305: 7 0
   Repacking 306: 13 0
   Repacking 307: 15 1 0
   Repacking 308: 11 0
   Repacking 309: 14 3 0
   Repacking 310: 10 0
   Repacking 311: 13 0
   Repacking 312: 12 0
   Repacking 313: 9 1 0
   Repacking 314: 11 0
   Repacking 315: 10 1 0
   Repacking 316: 9 0
   Repacking 317: 11 0
   Repacking 318: 10 2 0
   Repacking 319: 13 1 0
   Repacking 320: 15 0
   Repacking 321: 11 2 0
   Repacking 322: 13 0
   Repacking 323: 14 0
   Repacking 324: 8 0
   Repacking 325: 10 2 0
   Repacking 326: 10 1 0
   Repacking 327: 9 0
   Repacking 328: 11 0
   Repacking 329: 10 0
   Repacking 330: 11 0
   Repacking 331: 10 0
   Repacking 332: 10 0
   Repacking 333: 12 2 0
   Repacking 334: 6 1 0
   Repacking 335: 9 1 0
   Repacking 336: 8 1 0
   Repacking 337: 9 0
   Repacking 338: 9 0
   Repacking 339: 10 0
   Repacking 340: 9 1 0
   Repacking 341: 9 1 0
   Repacking 342: 12 1 0
   Repacking 343: 17 1 0
   Repacking 344: 9 0
   Repacking 345: 11 0
   Repacking 346: 12 0
   Repacking 347: 11 0
   Repacking 348: 10 1 0
   Repacking 349: 10 1 0
   Repacking 350: 14 1 0
   Repacking 351: 6 0
   Repacking 352: 13 0
   Repacking 353: 13 0
   Repacking 354: 14 1 0
   Repacking 355: 10 1 0
   Repacking 356: 14 1 0
   Repacking 357: 9 0
   Repacking 358: 12 1 0
   Repacking 359: 13 0
   Repacking 360: 14 1 0
   Repacking 361: 12 0
   Repacking 362: 9 0
   Repacking 363: 11 0
   Repacking 364: 14 1 0
   Repacking 365: 13 1 0
   Repacking 366: 15 1 0
   Repacking 367: 9 0
   Repacking 368: 11 0
   Repacking 369: 15 1 0
   Repacking 370: 15 0
   Repacking 371: 14 0
   Repacking 372: 13 1 0
   Repacking 373: 14 1 0
   Repacking 374: 9 0
   Repacking 375: 11 0
   Repacking 376: 13 0
   Repacking 377: 11 0
   Repacking 378: 10 1 0
   Repacking 379: 13 0
   Repacking 380: 9 0
   Repacking 381: 9 2 0
   Repacking 382: 8 1 0
   Repacking 383: 14 0
   Repacking 384: 17 0
   Repacking 385: 9 1 0
   Repacking 386: 11 2 0
   Repacking 387: 11 1 0
   Repacking 388: 11 1 0
   Repacking 389: 13 2 0
   Repacking 390: 10 0
   Repacking 391: 9 1 0
   Repacking 392: 12 1 0
   Repacking 393: 9 1 0
   Repacking 394: 11 1 0
   Repacking 395: 11 1 0
   Repacking 396: 11 2 0
   Repacking 397: 7 1 0
   Repacking 398: 12 0
   Repacking 399: 8 1 0
   Repacking 400: 11 1 0
   Repacking 401: 14 1 0
   Repacking 402: 12 2 0
   Repacking 403: 12 2 0
   Repacking 404: 12 0
   Repacking 405: 14 1 0
   Repacking 406: 11 1 0
   Repacking 407: 13 0
   Repacking 408: 14 1 0
   Repacking 409: 11 1 0
   Repacking 410: 12 0
   Repacking 411: 11 1 0
   Repacking 412: 11 0
   Repacking 413: 13 1 0
   Repacking 414: 12 1 0
   Repacking 415: 10 0
   Repacking 416: 11 1 0
   Repacking 417: 16 1 0
   Repacking 418: 18 1 0
   Repacking 419: 11 0
   Repacking 420: 11 1 0
   Repacking 421: 10 1 0
   Repacking 422: 9 0
   Repacking 423: 14 0
   Repacking 424: 9 0
   Repacking 425: 14 1 0
   Repacking 426: 12 0
   Repacking 427: 9 0
   Repacking 428: 11 1 0
   Repacking 429: 9 2 0
   Repacking 430: 12 1 0
   Repacking 431: 11 0
   Repacking 432: 7 0
   Repacking 433: 9 1 0
   Repacking 434: 15 1 0
   Repacking 435: 12 0
   Repacking 436: 11 1 0
   Repacking 437: 10 1 0
   Repacking 438: 14 2 0
   Repacking 439: 17 1 0
   Repacking 440: 9 0
   Repacking 441: 14 1 0
   Repacking 442: 13 0
   Repacking 443: 12 2 0
   Repacking 444: 14 1 0
   Repacking 445: 8 1 0
   Repacking 446: 12 0
   Repacking 447: 12 3 0
   Repacking 448: 10 0
   Repacking 449: 10 0
   Repacking 450: 12 1 0
   Repacking 451: 11 1 0
   Repacking 452: 6 0
   Repacking 453: 9 0
   Repacking 454: 8 0
   Repacking 455: 10 1 0
   Repacking 456: 12 0
   Repacking 457: 10 1 0
   Repacking 458: 12 1 0
   Repacking 459: 10 2 0
   Repacking 460: 13 1 0
   Repacking 461: 13 1 0
   Repacking 462: 11 0
   Repacking 463: 11 2 0
   Repacking 464: 10 0
   Repacking 465: 10 1 0
   Repacking 466: 13 0
   Repacking 467: 12 1 0
   Repacking 468: 11 1 0
   Repacking 469: 10 0
   Repacking 470: 11 1 0
   Repacking 471: 13 0
   Repacking 472: 11 1 0
   Repacking 473: 5 0
   Repacking 474: 7 0
   Repacking 475: 15 1 0
   Repacking 476: 10 0
   Repacking 477: 13 1 0
   Repacking 478: 8 1 0
   Repacking 479: 9 0
   Repacking 480: 10 0
   Repacking 481: 9 1 0
   Repacking 482: 14 1 0
   Repacking 483: 9 0
   Repacking 484: 11 1 0
   Repacking 485: 11 1 0
   Repacking 486: 9 1 0
   Repacking 487: 7 0
   Repacking 488: 10 0
   Repacking 489: 13 0
   Repacking 490: 14 0
   Repacking 491: 12 0
   Repacking 492: 12 1 0
   Repacking 493: 7 0
   Repacking 494: 12 2 0
   Repacking 495: 10 1 0
   Repacking 496: 16 1 0
   Repacking 497: 13 0
   Repacking 498: 16 1 0
   Repacking 499: 13 2 0
   Repacking 500: 14 1 0
   Repacking 501: 10 2 0
   Repacking 502: 13 1 0
   Repacking 503: 11 0
   Repacking 504: 12 1 0
   Repacking 505: 9 1 0
   Repacking 506: 12 0
   Repacking 507: 10 1 0
   Repacking 508: 16 0
   Repacking 509: 12 0
   Repacking 510: 12 1 0
   Repacking 511: 11 0
   Repacking 512: 14 1 0
   Repacking 513: 12 0
   Repacking 514: 12 1 0
   Repacking 515: 10 0
   Repacking 516: 8 0
   Repacking 517: 14 1 0
   Repacking 518: 15 1 0
   Repacking 519: 8 1 0
   Repacking 520: 10 0
   Repacking 521: 10 1 0
   Repacking 522: 13 0
   Repacking 523: 10 1 0
   Repacking 524: 10 1 0
   Repacking 525: 10 1 0
   Repacking 526: 12 1 0
   Repacking 527: 10 1 0
   Repacking 528: 14 1 0
   Repacking 529: 13 0
   Repacking 530: 11 0
   Repacking 531: 12 1 0
   Repacking 532: 11 1 0
   Repacking 533: 9 1 0
   Repacking 534: 13 1 0
   Repacking 535: 8 0
   Repacking 536: 9 0
   Repacking 537: 12 1 0
   Repacking 538: 12 2 0
   Repacking 539: 11 0
   Repacking 540: 14 0
   Repacking 541: 9 0
   Repacking 542: 6 1 0
   Repacking 543: 9 0
   Repacking 544: 14 1 0
   Repacking 545: 10 0
   Repacking 546: 15 2 0
   Repacking 547: 12 1 0
   Repacking 548: 12 2 0
   Repacking 549: 11 1 0
   Repacking 550: 11 0
   Repacking 551: 10 1 0
   Repacking 552: 13 0
   Repacking 553: 12 0
   Repacking 554: 12 1 0
   Repacking 555: 8 0
   Repacking 556: 15 1 0
   Repacking 557: 11 0
   Repacking 558: 11 0
   Repacking 559: 11 1 0
   Repacking 560: 12 0
   Repacking 561: 13 0
   Repacking 562: 11 2 0
   Repacking 563: 13 0
   Repacking 564: 15 1 0
   Repacking 565: 11 1 0
   Repacking 566: 14 1 0
   Repacking 567: 10 0
   Repacking 568: 12 0
   Repacking 569: 8 0
   Repacking 570: 13 0
   Repacking 571: 11 0
   Repacking 572: 13 1 0
   Repacking 573: 12 2 0
   Repacking 574: 13 2 0
   Repacking 575: 6 1 0
   Repacking 576: 14 1 0
   Repacking 577: 11 0
   Repacking 578: 10 0
   Repacking 579: 10 1 0
   Repacking 580: 13 1 0
   Repacking 581: 15 1 0
   Repacking 582: 9 0
   Repacking 583: 11 0
   Repacking 584: 12 2 0
   Repacking 585: 9 2 0
   Repacking 586: 11 0
   Repacking 587: 12 1 0
   Repacking 588: 10 3 0
   Repacking 589: 10 0
   Repacking 590: 14 1 0
   Repacking 591: 13 1 0
   Repacking 592: 9 1 0
   Repacking 593: 12 2 0
   Repacking 594: 11 0
   Repacking 595: 11 0
   Repacking 596: 13 1 0
   Repacking 597: 11 0
   Repacking 598: 12 1 0
   Repacking 599: 11 2 0
   Repacking 600: 12 0
   Repacking 601: 11 1 0
   Repacking 602: 10 1 0
   Repacking 603: 9 1 0
   Repacking 604: 14 0
   Repacking 605: 11 0
   Repacking 606: 10 0
   Repacking 607: 12 1 0
   Repacking 608: 12 1 0
   Repacking 609: 12 1 0
   Repacking 610: 14 1 0
   Repacking 611: 14 3 0
   Repacking 612: 12 1 0
   Repacking 613: 11 2 0
   Repacking 614: 15 1 0
   Repacking 615: 9 1 0
   Repacking 616: 8 0
   Repacking 617: 14 0
   Repacking 618: 10 0
   Repacking 619: 12 2 0
   Repacking 620: 11 0
   Repacking 621: 11 1 0
   Repacking 622: 11 1 0
   Repacking 623: 13 1 0
   Repacking 624: 12 1 0
   Repacking 625: 12 1 0
   Repacking 626: 9 0
   Repacking 627: 14 2 0
   Repacking 628: 11 0
   Repacking 629: 10 0
   Repacking 630: 12 0
   Repacking 631: 11 0
   Repacking 632: 10 1 0
   Repacking 633: 11 0
   Repacking 634: 12 0
   Repacking 635: 17 0
   Repacking 636: 10 0
   Repacking 637: 11 2 0
   Repacking 638: 9 0
   Repacking 639: 12 0
   Repacking 640: 10 2 0
   Repacking 641: 8 0
   Repacking 642: 12 0
   Repacking 643: 12 1 0
   Repacking 644: 8 0
   Repacking 645: 10 0
   Repacking 646: 14 1 0
   Repacking 647: 10 0
   Repacking 648: 14 2 0
   Repacking 649: 12 1 0
   Repacking 650: 11 0
   Repacking 651: 11 0
   Repacking 652: 12 0
   Repacking 653: 14 1 0
   Repacking 654: 12 0
   Repacking 655: 8 0
   Repacking 656: 10 1 0
   Repacking 657: 8 0
   Repacking 658: 11 1 0
   Repacking 659: 9 0
   Repacking 660: 2 0
   Repacking 661: 13 1 0
   Repacking 662: 9 0
   Repacking 663: 12 1 0
   Repacking 664: 10 2 0
   Repacking 665: 13 0
   Repacking 666: 9 0
   Repacking 667: 13 0
   Repacking 668: 7 0
   Repacking 669: 15 1 0
   Repacking 670: 9 1 0
   Repacking 671: 10 0
   Repacking 672: 8 0
   Repacking 673: 13 1 0
   Repacking 674: 12 0
   Repacking 675: 12 0
   Repacking 676: 8 0
   Repacking 677: 12 0
   Repacking 678: 10 0
   Repacking 679: 9 0
   Repacking 680: 10 0
   Repacking 681: 10 1 0
   Repacking 682: 13 1 0
   Repacking 683: 5 1 0
   Repacking 684: 10 0
   Repacking 685: 11 0
   Repacking 686: 9 0
   Repacking 687: 11 1 0
   Repacking 688: 14 2 0
   Repacking 689: 10 0
   Repacking 690: 12 0
   Repacking 691: 14 1 0
   Repacking 692: 14 2 0
   Repacking 693: 10 0
   Repacking 694: 12 1 0
   Repacking 695: 12 0
   Repacking 696: 14 2 0
   Repacking 697: 10 1 0
   Repacking 698: 14 1 0
   Repacking 699: 9 1 0
   Repacking 700: 8 0
   Repacking 701: 13 0
   Repacking 702: 8 1 0
   Repacking 703: 13 0
   Repacking 704: 10 2 0
   Repacking 705: 8 0
   Repacking 706: 13 0
   Repacking 707: 13 2 0
   Repacking 708: 11 3 0
   Repacking 709: 12 0
   Repacking 710: 11 1 0
   Repacking 711: 12 0
   Repacking 712: 13 1 0
   Repacking 713: 10 0
   Repacking 714: 11 0
   Repacking 715: 10 0
   Repacking 716: 10 0
   Repacking 717: 10 0
   Repacking 718: 10 1 0
   Repacking 719: 10 1 0
   Repacking 720: 9 1 0
   Repacking 721: 10 0
   Repacking 722: 10 2 0
   Repacking 723: 12 1 0
   Repacking 724: 12 0
   Repacking 725: 9 1 0
   Repacking 726: 13 2 0
   Repacking 727: 12 0
   Repacking 728: 11 0
   Repacking 729: 13 0
   Repacking 730: 11 0
   Repacking 731: 10 2 0
   Repacking 732: 12 2 0
   Repacking 733: 10 0
   Repacking 734: 11 1 0
   Repacking 735: 13 1 0
   Repacking 736: 9 2 0
   Repacking 737: 9 0
   Repacking 738: 8 1 0
   Repacking 739: 11 0
   Repacking 740: 12 1 0
   Repacking 741: 15 2 0
   Repacking 742: 12 0
   Repacking 743: 9 0
   Repacking 744: 13 0
   Repacking 745: 16 1 0
   Repacking 746: 10 0
   Repacking 747: 9 1 0
   Repacking 748: 8 0
   Repacking 749: 12 0
   Repacking 750: 9 1 0
   Repacking 751: 10 0
   Repacking 752: 13 0
   Repacking 753: 19 1 0
   Repacking 754: 13 0
   Repacking 755: 10 0
   Repacking 756: 8 1 0
   Repacking 757: 12 1 0
   Repacking 758: 10 2 0
   Repacking 759: 10 2 0
   Repacking 760: 12 0
   Repacking 761: 6 0
   Repacking 762: 13 1 0
   Repacking 763: 13 1 0
   Repacking 764: 9 0
   Repacking 765: 10 0
   Repacking 766: 12 1 0
   Repacking 767: 11 0
   Repacking 768: 9 1 0
   Repacking 769: 11 1 0
   Repacking 770: 13 1 0
   Repacking 771: 11 1 0
   Repacking 772: 13 2 0
   Repacking 773: 4 1 0
   Repacking 774: 8 0
   Repacking 775: 11 1 0
   Repacking 776: 13 1 0
   Repacking 777: 5 0
   Repacking 778: 6 1 0
   Repacking 779: 12 2 0
   Repacking 780: 10 1 0
   Repacking 781: 12 0
   Repacking 782: 11 0
   Repacking 783: 13 0
   Repacking 784: 11 1 0
   Repacking 785: 6 0
   Repacking 786: 14 1 0
   Repacking 787: 11 0
   Repacking 788: 11 0
   Repacking 789: 9 1 0
   Repacking 790: 16 0
   Repacking 791: 13 1 0
   Repacking 792: 14 0
   Repacking 793: 16 1 0
   Repacking 794: 8 0
   Repacking 795: 12 1 0
   Repacking 796: 7 0
   Repacking 797: 11 0
   Repacking 798: 14 1 0
   Repacking 799: 10 1 0
   Repacking 800: 10 1 0
   Repacking 801: 14 2 0
   Repacking 802: 14 1 0
   Repacking 803: 13 0
   Repacking 804: 11 0
   Repacking 805: 9 2 0
   Repacking 806: 12 2 0
   Repacking 807: 13 0
   Repacking 808: 13 0
   Repacking 809: 11 1 0
   Repacking 810: 10 0
   Repacking 811: 11 1 0
   Repacking 812: 10 0
   Repacking 813: 9 0
   Repacking 814: 11 0
   Repacking 815: 11 1 0
   Repacking 816: 8 0
   Repacking 817: 16 1 0
   Repacking 818: 13 0
   Repacking 819: 13 1 0
   Repacking 820: 10 0
   Repacking 821: 13 1 0
   Repacking 822: 10 0
   Repacking 823: 8 0
   Repacking 824: 9 1 0
   Repacking 825: 11 0
   Repacking 826: 12 0
   Repacking 827: 13 1 0
   Repacking 828: 10 0
   Repacking 829: 5 0
   Repacking 830: 11 0
   Repacking 831: 8 1 0
   Repacking 832: 13 2 0
   Repacking 833: 12 1 0
   Repacking 834: 10 2 0
   Repacking 835: 10 0
   Repacking 836: 8 0
   Repacking 837: 9 0
   Repacking 838: 9 1 0
   Repacking 839: 10 1 0
   Repacking 840: 11 1 0
   Repacking 841: 10 0
   Repacking 842: 13 0
   Repacking 843: 11 0
   Repacking 844: 6 0
   Repacking 845: 11 1 0
   Repacking 846: 6 0
   Repacking 847: 14 2 0
   Repacking 848: 13 1 0
   Repacking 849: 13 2 0
   Repacking 850: 12 2 0
   Repacking 851: 10 0
   Repacking 852: 17 0
   Repacking 853: 11 0
   Repacking 854: 9 1 0
   Repacking 855: 5 0
   Repacking 856: 7 1 0
   Repacking 857: 14 0
   Repacking 858: 13 1 0
   Repacking 859: 11 0
   Repacking 860: 9 0
   Repacking 861: 11 0
   Repacking 862: 13 1 0
   Repacking 863: 8 1 0
   Repacking 864: 11 0
   Repacking 865: 11 1 0
   Repacking 866: 11 1 0
   Repacking 867: 16 1 0
   Repacking 868: 11 1 0
   Repacking 869: 9 2 0
   Repacking 870: 16 1 0
   Repacking 871: 13 2 0
   Repacking 872: 10 0
   Repacking 873: 7 0
   Repacking 874: 13 0
   Repacking 875: 7 0
   Repacking 876: 14 1 0
   Repacking 877: 9 1 0
   Repacking 878: 14 1 0
   Repacking 879: 14 1 0
   Repacking 880: 10 2 0
   Repacking 881: 12 0
   Repacking 882: 14 1 0
   Repacking 883: 8 1 0
   Repacking 884: 11 1 0
   Repacking 885: 13 1 0
   Repacking 886: 17 1 0
   Repacking 887: 12 0
   Repacking 888: 11 1 0
   Repacking 889: 9 0
   Repacking 890: 14 0
   Repacking 891: 9 0
   Repacking 892: 11 1 0
   Repacking 893: 11 1 0
   Repacking 894: 5 1 0
   Repacking 895: 15 2 0
   Repacking 896: 13 1 0
   Repacking 897: 14 0
   Repacking 898: 9 0
   Repacking 899: 13 0
   Repacking 900: 11 0
   Repacking 901: 16 1 0
   Repacking 902: 8 1 0
   Repacking 903: 13 2 0
   Repacking 904: 11 1 0
   Repacking 905: 10 0
   Repacking 906: 14 1 0
   Repacking 907: 7 1 0
   Repacking 908: 6 0
   Repacking 909: 6 0
   Repacking 910: 13 2 0
   Repacking 911: 12 1 0
   Repacking 912: 14 2 0
   Repacking 913: 13 2 0
   Repacking 914: 13 1 0
   Repacking 915: 10 2 0
   Repacking 916: 9 0
   Repacking 917: 8 2 0
   Repacking 918: 13 1 0
   Repacking 919: 16 1 0
   Repacking 920: 11 0
   Repacking 921: 6 0
   Repacking 922: 11 1 0
   Repacking 923: 10 1 0
   Repacking 924: 12 0
   Repacking 925: 9 0
   Repacking 926: 12 1 0
   Repacking 927: 7 1 0
   Repacking 928: 12 0
   Repacking 929: 13 0
   Repacking 930: 9 0
   Repacking 931: 10 1 0
   Repacking 932: 13 1 0
   Repacking 933: 13 1 0
   Repacking 934: 13 0
   Repacking 935: 6 1 0
   Repacking 936: 16 1 0
   Repacking 937: 10 1 0
   Repacking 938: 14 0
   Repacking 939: 12 0
   Repacking 940: 11 2 0
   Repacking 941: 14 1 0
   Repacking 942: 10 1 0
   Repacking 943: 11 1 0
   Repacking 944: 10 1 0
   Repacking 945: 7 0
   Repacking 946: 12 0
   Repacking 947: 14 1 0
   Repacking 948: 6 0
   Repacking 949: 8 1 0
   Repacking 950: 9 0
   Repacking 951: 12 3 0
   Repacking 952: 10 0
   Repacking 953: 14 0
   Repacking 954: 7 0
   Repacking 955: 7 1 0
   Repacking 956: 15 0
   Repacking 957: 15 0
   Repacking 958: 13 1 0
   Repacking 959: 12 1 0
   Repacking 960: 9 1 0
   Repacking 961: 7 0
   Repacking 962: 13 0
   Repacking 963: 14 1 0
   Repacking 964: 11 1 0
   Repacking 965: 7 0
   Repacking 966: 11 0
   Repacking 967: 11 0
   Repacking 968: 11 0
   Repacking 969: 10 1 0
   Repacking 970: 11 2 0
   Repacking 971: 12 0
   Repacking 972: 11 0
   Repacking 973: 6 0
   Repacking 974: 13 0
   Repacking 975: 16 0
   Repacking 976: 11 2 0
   Repacking 977: 13 1 0
   Repacking 978: 7 0
   Repacking 979: 11 0
   Repacking 980: 10 0
   Repacking 981: 11 0
   Repacking 982: 12 0
   Repacking 983: 11 1 0
   Repacking 984: 12 0
   Repacking 985: 10 0
   Repacking 986: 12 2 0
   Repacking 987: 14 1 0
   Repacking 988: 12 1 0
   Repacking 989: 12 0
   Repacking 990: 14 0
   Repacking 991: 13 2 0
   Repacking 992: 13 0
   Repacking 993: 15 0
   Repacking 994: 10 0
   Repacking 995: 8 2 0
   Repacking 996: 4 0
   Repacking 997: 9 2 0
   Repacking 998: 8 0
   Repacking 999: 14 0
   Repacking 1000: 8 0
   Repacking 1001: 10 0
   Repacking 1002: 9 1 0
   Repacking 1003: 9 0
   Repacking 1004: 11 2 0
   Repacking 1005: 11 1 0
   Repacking 1006: 11 1 0
   Repacking 1007: 11 0
   Repacking 1008: 14 0
   Repacking 1009: 12 0
   Repacking 1010: 15 0
   Repacking 1011: 7 1 0
   Repacking 1012: 9 0
   Repacking 1013: 14 2 0
   Repacking 1014: 7 0
   Repacking 1015: 11 0
   Repacking 1016: 15 0
   Repacking 1017: 13 2 0
   Repacking 1018: 6 1 0
   Repacking 1019: 11 0
   Repacking 1020: 11 0
   Repacking 1021: 9 1 0
   Repacking 1022: 12 0
   Repacking 1023: 12 0
   Repacking 1024: 15 0
   Repacking 1025: 7 0
   Repacking 1026: 10 1 0
   Repacking 1027: 15 0
   Repacking 1028: 11 0
   Repacking 1029: 12 1 0
   Repacking 1030: 10 1 0
   Repacking 1031: 15 1 0
   Repacking 1032: 15 1 0
   Repacking 1033: 11 1 0
   Repacking 1034: 15 0
   Repacking 1035: 9 0
   Repacking 1036: 13 0
   Repacking 1037: 8 0
   Repacking 1038: 12 0
   Repacking 1039: 11 0
   Repacking 1040: 15 2 0
   Repacking 1041: 10 0
   Repacking 1042: 8 0
   Repacking 1043: 13 0
   Repacking 1044: 11 1 0
   Repacking 1045: 12 0
   Repacking 1046: 9 1 0
   Repacking 1047: 15 1 0
   Repacking 1048: 12 0
   Repacking 1049: 7 0
   Repacking 1050: 16 1 0
   Repacking 1051: 11 0
   Repacking 1052: 13 1 0
   Repacking 1053: 11 0
   Repacking 1054: 8 0
   Repacking 1055: 12 2 0
   Repacking 1056: 9 1 0
   Repacking 1057: 14 1 0
   Repacking 1058: 12 1 0
   Repacking 1059: 14 0
   Repacking 1060: 9 0
   Repacking 1061: 6 1 0
   Repacking 1062: 10 1 0
   Repacking 1063: 7 0
   Repacking 1064: 8 0
   Repacking 1065: 8 0
   Repacking 1066: 12 2 0
   Repacking 1067: 13 1 0
   Repacking 1068: 12 0
   Repacking 1069: 8 1 0
   Repacking 1070: 12 0
   Repacking 1071: 15 1 0
   Repacking 1072: 12 0
   Repacking 1073: 9 1 0
   Repacking 1074: 16 0
   Repacking 1075: 9 2 0
   Repacking 1076: 8 1 0
   Repacking 1077: 12 0
   Repacking 1078: 14 1 0
   Repacking 1079: 14 2 0
   Repacking 1080: 8 1 0
   Repacking 1081: 12 1 0
   Repacking 1082: 14 1 0
   Repacking 1083: 13 1 0
   Repacking 1084: 9 0
   Repacking 1085: 12 0
   Repacking 1086: 16 1 0
   Repacking 1087: 13 1 0
   Repacking 1088: 11 2 0
   Repacking 1089: 5 1 0
   Repacking 1090: 9 1 0
   Repacking 1091: 13 1 0
   Repacking 1092: 8 2 0
   Repacking 1093: 13 0
   Repacking 1094: 8 1 0
   Repacking 1095: 16 2 0
   Repacking 1096: 13 1 0
   Repacking 1097: 13 0
   Repacking 1098: 11 0
   Repacking 1099: 11 0
   Repacking 1100: 14 1 0
   Repacking 1101: 8 2 0
   Repacking 1102: 9 0
   Repacking 1103: 15 1 0
   Repacking 1104: 13 2 0
   Repacking 1105: 11 0
   Repacking 1106: 13 0
   Repacking 1107: 7 0
   Repacking 1108: 16 0
   Repacking 1109: 10 2 0
   Repacking 1110: 15 0
   Repacking 1111: 10 0
   Repacking 1112: 15 1 0
   Repacking 1113: 14 0
   Repacking 1114: 4 0
   Repacking 1115: 8 1 0
   Repacking 1116: 10 0
   Repacking 1117: 10 1 0
   Repacking 1118: 7 2 0
   Repacking 1119: 13 0
   Repacking 1120: 13 1 0
   Repacking 1121: 13 2 0
   Repacking 1122: 13 1 0
   Repacking 1123: 12 0
   Repacking 1124: 10 1 0
   Repacking 1125: 12 0
   Repacking 1126: 14 0
   Repacking 1127: 11 1 0
   Repacking 1128: 15 1 0
   Repacking 1129: 12 0
   Repacking 1130: 12 1 0
   Repacking 1131: 10 1 0
   Repacking 1132: 7 1 0
   Repacking 1133: 12 0
   Repacking 1134: 11 1 0
   Repacking 1135: 12 1 0
   Repacking 1136: 11 0
   Repacking 1137: 9 0
   Repacking 1138: 11 0
   Repacking 1139: 11 1 0
   Repacking 1140: 14 1 0
   Repacking 1141: 11 1 0
   Repacking 1142: 9 0
   Repacking 1143: 11 1 0
   Repacking 1144: 12 0
   Repacking 1145: 5 1 0
   Repacking 1146: 11 1 0
   Repacking 1147: 10 0
   Repacking 1148: 11 1 0
   Repacking 1149: 10 0
   Repacking 1150: 12 0
   Repacking 1151: 11 1 0
   Repacking 1152: 10 1 0
   Repacking 1153: 11 0
   Repacking 1154: 9 0
   Repacking 1155: 8 0
   Repacking 1156: 13 2 0
   Repacking 1157: 8 0
   Repacking 1158: 11 0
   Repacking 1159: 10 1 0
   Repacking 1160: 12 2 0
   Repacking 1161: 12 1 0
   Repacking 1162: 10 0
   Repacking 1163: 11 0
   Repacking 1164: 8 1 0
   Repacking 1165: 10 1 0
   Repacking 1166: 13 1 0
   Repacking 1167: 12 0
   Repacking 1168: 15 1 0
   Repacking 1169: 6 1 0
   Repacking 1170: 11 1 0
   Repacking 1171: 14 0
   Repacking 1172: 10 0
   Repacking 1173: 9 0
   Repacking 1174: 10 0
   Repacking 1175: 13 0
   Repacking 1176: 8 2 0
   Repacking 1177: 13 0
   Repacking 1178: 8 0
   Repacking 1179: 8 1 0
   Repacking 1180: 9 1 0
   Repacking 1181: 9 0
   Repacking 1182: 10 0
   Repacking 1183: 13 1 0
   Repacking 1184: 11 1 0
   Repacking 1185: 12 0
   Repacking 1186: 11 1 0
   Repacking 1187: 9 0
   Repacking 1188: 10 1 0
   Repacking 1189: 10 2 0
   Repacking 1190: 14 2 0
   Repacking 1191: 9 2 0
   Repacking 1192: 10 0
   Repacking 1193: 14 1 0
   Repacking 1194: 10 0
   Repacking 1195: 12 1 0
   Repacking 1196: 14 0
   Repacking 1197: 13 1 0
   Repacking 1198: 8 0
   Repacking 1199: 13 0
   Repacking 1200: 9 1 0
   Repacking 1201: 14 0
   Repacking 1202: 12 0
   Repacking 1203: 13 0
   Repacking 1204: 14 2 0
   Repacking 1205: 11 2 0
   Repacking 1206: 9 1 0
   Repacking 1207: 14 2 0
   Repacking 1208: 11 0
   Repacking 1209: 19 1 0
   Repacking 1210: 8 1 0
   Repacking 1211: 12 2 0
   Repacking 1212: 12 0
   Repacking 1213: 8 0
   Repacking 1214: 12 1 0
   Repacking 1215: 11 1 0
   Repacking 1216: 12 1 0
   Repacking 1217: 7 0
   Repacking 1218: 11 0
   Repacking 1219: 10 1 0
   Repacking 1220: 11 0
   Repacking 1221: 12 1 0
   Repacking 1222: 11 1 0
   Repacking 1223: 14 0
   Repacking 1224: 5 0
   Repacking 1225: 11 1 0
   Repacking 1226: 8 0
   Repacking 1227: 16 1 0
   Repacking 1228: 8 0
   Repacking 1229: 11 0
   Repacking 1230: 12 0
   Repacking 1231: 14 0
   Repacking 1232: 15 1 0
   Repacking 1233: 9 2 0
   Repacking 1234: 12 3 0
   Repacking 1235: 11 0
   Repacking 1236: 10 0
   Repacking 1237: 8 0
   Repacking 1238: 12 1 0
   Repacking 1239: 12 0
   Repacking 1240: 15 2 0
   Repacking 1241: 12 0
   Repacking 1242: 12 0
   Repacking 1243: 11 0
   Repacking 1244: 9 0
   Repacking 1245: 9 1 0
   Repacking 1246: 9 1 0
   Repacking 1247: 13 1 0
   Repacking 1248: 10 1 0
   Repacking 1249: 14 0
   Repacking 1250: 12 2 0
   Repacking 1251: 13 0
   Repacking 1252: 12 1 0
   Repacking 1253: 12 1 0
   Repacking 1254: 11 1 0
   Repacking 1255: 9 0
   Repacking 1256: 8 1 0
   Repacking 1257: 12 0
   Repacking 1258: 9 2 0
   Repacking 1259: 11 1 0
   Repacking 1260: 13 0
   Repacking 1261: 9 0
   Repacking 1262: 8 1 0
   Repacking 1263: 9 2 0
   Repacking 1264: 13 0
   Repacking 1265: 14 3 0
   Repacking 1266: 15 0
   Repacking 1267: 11 1 0
   Repacking 1268: 13 0
   Repacking 1269: 11 1 0
   Repacking 1270: 7 1 0
   Repacking 1271: 9 0
   Repacking 1272: 12 0
   Repacking 1273: 11 1 0
   Repacking 1274: 15 1 0
   Repacking 1275: 12 1 0
   Repacking 1276: 10 2 0
   Repacking 1277: 12 0
   Repacking 1278: 11 0
   Repacking 1279: 12 1 0
   Repacking 1280: 12 1 0
   Repacking 1281: 12 0
   Repacking 1282: 6 1 0
   Repacking 1283: 12 0
   Repacking 1284: 17 0
   Repacking 1285: 10 0
   Repacking 1286: 12 1 0
   Repacking 1287: 13 1 0
   Repacking 1288: 10 1 0
   Repacking 1289: 11 0
   Repacking 1290: 11 0
   Repacking 1291: 7 2 0
   Repacking 1292: 14 0
   Repacking 1293: 11 1 0
   Repacking 1294: 14 1 0
   Repacking 1295: 12 0
   Repacking 1296: 11 0
   Repacking 1297: 8 1 0
   Repacking 1298: 14 1 0
   Repacking 1299: 12 1 0
   Repacking 1300: 14 1 0
   Repacking 1301: 15 0
   Repacking 1302: 13 1 0
   Repacking 1303: 11 1 0
   Repacking 1304: 10 1 0
   Repacking 1305: 14 0
   Repacking 1306: 13 0
   Repacking 1307: 10 1 0
   Repacking 1308: 13 1 0
   Repacking 1309: 10 2 0
   Repacking 1310: 12 2 0
   Repacking 1311: 10 1 0
   Repacking 1312: 13 0
   Repacking 1313: 9 1 0
   Repacking 1314: 10 0
   Repacking 1315: 9 0
   Repacking 1316: 8 0
   Repacking 1317: 11 0
   Repacking 1318: 13 0
   Repacking 1319: 12 0
   Repacking 1320: 11 0
   Repacking 1321: 10 1 0
   Repacking 1322: 7 0
   Repacking 1323: 11 0
   Repacking 1324: 11 0
   Repacking 1325: 8 1 0
   Repacking 1326: 9 1 0
   Repacking 1327: 13 1 0
   Repacking 1328: 11 0
   Repacking 1329: 11 1 0
   Repacking 1330: 15 0
   Repacking 1331: 8 0
   Repacking 1332: 12 0
   Repacking 1333: 16 1 0
   Repacking 1334: 15 0
   Repacking 1335: 7 0
   Repacking 1336: 10 1 0
   Repacking 1337: 6 0
   Repacking 1338: 12 0
   Repacking 1339: 12 0
   Repacking 1340: 12 1 0
   Repacking 1341: 11 0
   Repacking 1342: 11 0
   Repacking 1343: 11 0
   Repacking 1344: 10 1 0
   Repacking 1345: 12 0
   Repacking 1346: 16 0
   Repacking 1347: 8 0
   Repacking 1348: 12 1 0
   Repacking 1349: 11 0
   Repacking 1350: 12 0
   Repacking 1351: 10 2 0
   Repacking 1352: 9 0
   Repacking 1353: 11 1 0
   Repacking 1354: 14 2 0
   Repacking 1355: 9 1 0
   Repacking 1356: 10 2 0
   Repacking 1357: 11 2 0
   Repacking 1358: 9 0
   Repacking 1359: 11 1 0
   Repacking 1360: 11 1 0
   Repacking 1361: 12 1 0
   Repacking 1362: 13 1 0
   Repacking 1363: 11 2 0
   Repacking 1364: 13 0
   Repacking 1365: 11 1 0
   Repacking 1366: 11 1 0
   Repacking 1367: 11 0
   Repacking 1368: 12 1 0
   Repacking 1369: 11 1 0
   Repacking 1370: 11 2 0
   Repacking 1371: 16 1 0
   Repacking 1372: 7 1 0
   Repacking 1373: 12 1 0
   Repacking 1374: 9 0
   Repacking 1375: 10 0
   Repacking 1376: 9 0
   Repacking 1377: 11 1 0
   Repacking 1378: 13 0
   Repacking 1379: 15 2 0
   Repacking 1380: 11 1 0
   Repacking 1381: 10 0
   Repacking 1382: 11 0
   Repacking 1383: 11 0
   Repacking 1384: 9 0
   Repacking 1385: 12 0
   Repacking 1386: 7 0
   Repacking 1387: 15 2 0
   Repacking 1388: 12 0
   Repacking 1389: 11 1 0
   Repacking 1390: 11 2 0
   Repacking 1391: 9 1 0
   Repacking 1392: 12 0
   Repacking 1393: 9 0
   Repacking 1394: 12 2 0
   Repacking 1395: 10 1 0
   Repacking 1396: 8 2 0
   Repacking 1397: 10 0
   Repacking 1398: 12 0
   Repacking 1399: 12 0
   Repacking 1400: 13 1 0
   Repacking 1401: 11 1 0
   Repacking 1402: 9 1 0
   Repacking 1403: 13 0
   Repacking 1404: 13 2 0
   Repacking 1405: 13 1 0
   Repacking 1406: 10 1 0
   Repacking 1407: 13 1 0
   Repacking 1408: 8 1 0
   Repacking 1409: 11 1 0
   Repacking 1410: 11 0
   Repacking 1411: 9 0
   Repacking 1412: 10 1 0
   Repacking 1413: 10 1 0
   Repacking 1414: 11 0
   Repacking 1415: 11 1 0
   Repacking 1416: 11 0
   Repacking 1417: 9 0
   Repacking 1418: 7 0
   Repacking 1419: 10 1 0
   Repacking 1420: 13 0
   Repacking 1421: 12 0
   Repacking 1422: 11 2 0
   Repacking 1423: 11 0
   Repacking 1424: 14 2 0
   Repacking 1425: 7 0
   Repacking 1426: 10 0
   Repacking 1427: 13 1 0
   Repacking 1428: 11 1 0
   Repacking 1429: 7 0
   Repacking 1430: 11 1 0
   Repacking 1431: 14 1 0
   Repacking 1432: 12 2 0
   Repacking 1433: 12 3 0
   Repacking 1434: 11 0
   Repacking 1435: 13 1 0
   Repacking 1436: 6 0
   Repacking 1437: 10 0
   Repacking 1438: 14 0
   Repacking 1439: 12 0
   Repacking 1440: 10 0
   Repacking 1441: 10 1 0
   Repacking 1442: 9 1 0
   Repacking 1443: 13 1 0
   Repacking 1444: 13 1 0
   Repacking 1445: 10 0
   Repacking 1446: 10 0
   Repacking 1447: 12 2 0
   Repacking 1448: 9 1 0
   Repacking 1449: 8 0
   Repacking 1450: 15 0
   Repacking 1451: 9 0
   Repacking 1452: 13 1 0
   Repacking 1453: 12 0
   Repacking 1454: 13 0
   Repacking 1455: 12 1 0
   Repacking 1456: 8 0
   Repacking 1457: 10 1 0
   Repacking 1458: 8 0
   Repacking 1459: 12 0
   Repacking 1460: 11 0
   Repacking 1461: 13 1 0
   Repacking 1462: 11 1 0
   Repacking 1463: 12 1 0
   Repacking 1464: 10 2 0
   Repacking 1465: 10 1 0
   Repacking 1466: 9 0
   Repacking 1467: 12 2 0
   Repacking 1468: 12 0
   Repacking 1469: 7 0
   Repacking 1470: 12 0
   Repacking 1471: 15 0
   Repacking 1472: 14 0
   Repacking 1473: 10 1 0
   Repacking 1474: 11 0
   Repacking 1475: 7 0
   Repacking 1476: 14 2 0
   Repacking 1477: 11 0
   Repacking 1478: 11 0
   Repacking 1479: 9 0
   Repacking 1480: 9 0
   Repacking 1481: 13 1 0
   Repacking 1482: 12 1 0
   Repacking 1483: 10 0
   Repacking 1484: 10 0
   Repacking 1485: 12 2 0
   Repacking 1486: 11 0
   Repacking 1487: 13 0
   Repacking 1488: 12 0
   Repacking 1489: 12 0
   Repacking 1490: 10 1 0
   Repacking 1491: 7 0
   Repacking 1492: 11 0
   Repacking 1493: 15 1 0
   Repacking 1494: 11 1 0
   Repacking 1495: 14 1 0
   Repacking 1496: 9 2 0
   Repacking 1497: 7 1 0
   Repacking 1498: 12 0
   Repacking 1499: 11 2 0
   Repacking 1500: 10 0
   Repacking 1501: 12 1 0
   Repacking 1502: 12 0
   Repacking 1503: 8 0
   Repacking 1504: 10 2 0
   Repacking 1505: 13 1 0
   Repacking 1506: 13 1 0
   Repacking 1507: 12 0
   Repacking 1508: 12 3 0
   Repacking 1509: 12 0
   Repacking 1510: 12 2 0
   Repacking 1511: 10 0
   Repacking 1512: 9 0
   Repacking 1513: 8 0
   Repacking 1514: 13 1 0
   Repacking 1515: 11 1 0
   Repacking 1516: 10 1 0
   Repacking 1517: 13 1 0
   Repacking 1518: 10 0
   Repacking 1519: 14 0
   Repacking 1520: 9 0
   Repacking 1521: 11 0
   Repacking 1522: 11 0
   Repacking 1523: 13 1 0
   Repacking 1524: 10 1 0
   Repacking 1525: 10 0
   Repacking 1526: 11 1 0
   Repacking 1527: 12 0
   Repacking 1528: 12 0
   Repacking 1529: 12 2 0
   Repacking 1530: 12 0
   Repacking 1531: 10 1 0
   Repacking 1532: 14 1 0
   Repacking 1533: 10 0
   Repacking 1534: 14 0
   Repacking 1535: 12 1 0
   Repacking 1536: 11 2 0
   Repacking 1537: 10 1 0
   Repacking 1538: 10 1 0
   Repacking 1539: 12 0
   Repacking 1540: 9 0
   Repacking 1541: 9 0
   Repacking 1542: 13 1 0
   Repacking 1543: 7 1 0
   Repacking 1544: 9 0
   Repacking 1545: 7 1 0
   Repacking 1546: 14 1 0
   Repacking 1547: 13 1 0
   Repacking 1548: 11 1 0
   Repacking 1549: 12 1 0
   Repacking 1550: 9 1 0
   Repacking 1551: 9 1 0
   Repacking 1552: 12 0
   Repacking 1553: 6 0
   Repacking 1554: 12 1 0
   Repacking 1555: 7 0
   Repacking 1556: 10 0
   Repacking 1557: 14 0
   Repacking 1558: 13 1 0
   Repacking 1559: 13 1 0
   Repacking 1560: 10 0
   Repacking 1561: 10 0
   Repacking 1562: 12 0
   Repacking 1563: 13 1 0
   Repacking 1564: 11 2 0
   Repacking 1565: 13 1 0
   Repacking 1566: 11 0
   Repacking 1567: 11 1 0
   Repacking 1568: 11 0
   Repacking 1569: 13 1 0
   Repacking 1570: 14 1 0
   Repacking 1571: 13 1 0
   Repacking 1572: 9 1 0
   Repacking 1573: 14 0
   Repacking 1574: 13 2 0
   Repacking 1575: 13 0
   Repacking 1576: 12 2 0
   Repacking 1577: 12 1 0
   Repacking 1578: 12 1 0
   Repacking 1579: 12 1 0
   Repacking 1580: 14 0
   Repacking 1581: 8 0
   Repacking 1582: 13 1 0
   Repacking 1583: 14 1 0
   Repacking 1584: 11 1 0
   Repacking 1585: 11 0
   Repacking 1586: 12 1 0
   Repacking 1587: 11 1 0
   Repacking 1588: 14 0
   Repacking 1589: 12 0
   Repacking 1590: 6 1 0
   Repacking 1591: 11 0
   Repacking 1592: 12 1 0
   Repacking 1593: 8 0
   Repacking 1594: 14 1 0
   Repacking 1595: 10 1 0
   Repacking 1596: 8 0
   Repacking 1597: 12 1 0
   Repacking 1598: 11 1 0
   Repacking 1599: 12 1 0
   Repacking 1600: 11 2 0
   Repacking 1601: 13 1 0
   Repacking 1602: 12 0
   Repacking 1603: 11 0
   Repacking 1604: 13 0
   Repacking 1605: 13 1 0
   Repacking 1606: 13 0
   Repacking 1607: 10 2 0
   Repacking 1608: 11 0
   Repacking 1609: 9 0
   Repacking 1610: 9 0
   Repacking 1611: 12 1 0
   Repacking 1612: 10 1 0
   Repacking 1613: 10 1 0
   Repacking 1614: 9 1 0
   Repacking 1615: 12 1 0
   Repacking 1616: 15 1 0
   Repacking 1617: 14 3 0
   Repacking 1618: 10 0
   Repacking 1619: 11 1 0
   Repacking 1620: 18 0
   Repacking 1621: 9 0
   Repacking 1622: 14 1 0
   Repacking 1623: 12 2 0
   Repacking 1624: 8 1 0
   Repacking 1625: 13 0
   Repacking 1626: 12 0
   Repacking 1627: 8 1 0
   Repacking 1628: 8 0
   Repacking 1629: 11 1 0
   Repacking 1630: 8 0
   Repacking 1631: 11 1 0
   Repacking 1632: 8 1 0
   Repacking 1633: 13 0
   Repacking 1634: 11 0
   Repacking 1635: 13 0
   Repacking 1636: 11 1 0
   Repacking 1637: 11 1 0
   Repacking 1638: 11 0
   Repacking 1639: 13 0
   Repacking 1640: 9 1 0
   Repacking 1641: 10 1 0
   Repacking 1642: 8 0
   Repacking 1643: 12 1 0
   Repacking 1644: 11 1 0
   Repacking 1645: 12 0
   Repacking 1646: 9 0
   Repacking 1647: 8 0
   Repacking 1648: 7 0
   Repacking 1649: 12 1 0
   Repacking 1650: 15 1 0
   Repacking 1651: 13 1 0
   Repacking 1652: 7 1 0
   Repacking 1653: 10 1 0
   Repacking 1654: 13 0
   Repacking 1655: 12 0
   Repacking 1656: 13 0
   Repacking 1657: 9 1 0
   Repacking 1658: 14 0
   Repacking 1659: 12 1 0
   Repacking 1660: 15 1 0
   Repacking 1661: 11 0
   Repacking 1662: 11 0
   Repacking 1663: 11 0
   Repacking 1664: 10 2 0
   Repacking 1665: 9 1 0
   Repacking 1666: 9 2 0
   Repacking 1667: 14 1 0
   Repacking 1668: 14 1 0
   Repacking 1669: 11 1 0
   Repacking 1670: 14 0
   Repacking 1671: 10 0
   Repacking 1672: 10 0
   Repacking 1673: 14 2 0
   Repacking 1674: 12 0
   Repacking 1675: 10 0
   Repacking 1676: 11 2 0
   Repacking 1677: 11 1 0
   Repacking 1678: 9 0
   Repacking 1679: 10 0
   Repacking 1680: 14 1 0
   Repacking 1681: 8 0
   Repacking 1682: 10 0
   Repacking 1683: 14 1 0
   Repacking 1684: 13 1 0
   Repacking 1685: 10 0
   Repacking 1686: 13 0
   Repacking 1687: 11 0
   Repacking 1688: 15 0
   Repacking 1689: 12 2 0
   Repacking 1690: 11 1 0
   Repacking 1691: 14 1 0
   Repacking 1692: 12 0
   Repacking 1693: 12 0
   Repacking 1694: 14 2 0
   Repacking 1695: 5 0
   Repacking 1696: 14 0
   Repacking 1697: 7 1 0
   Repacking 1698: 11 1 0
   Repacking 1699: 15 1 0
   Repacking 1700: 11 0
   Repacking 1701: 11 0
   Repacking 1702: 10 1 0
   Repacking 1703: 13 0
   Repacking 1704: 14 0
   Repacking 1705: 11 1 0
   Repacking 1706: 11 1 0
   Repacking 1707: 13 1 0
   Repacking 1708: 16 0
   Repacking 1709: 13 0
   Repacking 1710: 12 0
   Repacking 1711: 9 2 0
   Repacking 1712: 12 1 0
   Repacking 1713: 13 0
   Repacking 1714: 11 0
   Repacking 1715: 12 0
   Repacking 1716: 10 0
   Repacking 1717: 14 2 0
   Repacking 1718: 7 0
   Repacking 1719: 15 2 0
   Repacking 1720: 14 2 0
   Repacking 1721: 10 0
   Repacking 1722: 10 1 0
   Repacking 1723: 8 0
   Repacking 1724: 12 0
   Repacking 1725: 10 1 0
   Repacking 1726: 8 0
   Repacking 1727: 12 1 0
   Repacking 1728: 12 1 0
   Repacking 1729: 9 1 0
   Repacking 1730: 8 0
   Repacking 1731: 11 1 0
   Repacking 1732: 14 0
   Repacking 1733: 15 1 0
   Repacking 1734: 10 2 0
   Repacking 1735: 13 1 0
   Repacking 1736: 10 1 0
   Repacking 1737: 12 0
   Repacking 1738: 13 0
   Repacking 1739: 8 0
   Repacking 1740: 16 1 0
   Repacking 1741: 13 0
   Repacking 1742: 10 1 0
   Repacking 1743: 11 1 0
   Repacking 1744: 8 0
   Repacking 1745: 16 0
   Repacking 1746: 12 0
   Repacking 1747: 11 2 0
   Repacking 1748: 12 1 0
   Repacking 1749: 17 2 0
   Repacking 1750: 11 1 0
   Repacking 1751: 10 0
   Repacking 1752: 11 0
   Repacking 1753: 9 0
   Repacking 1754: 15 1 0
   Repacking 1755: 9 1 0
   Repacking 1756: 14 1 0
   Repacking 1757: 8 0
   Repacking 1758: 9 1 0
   Repacking 1759: 12 1 0
   Repacking 1760: 9 0
   Repacking 1761: 14 3 0
   Repacking 1762: 11 1 0
   Repacking 1763: 14 2 0
   Repacking 1764: 10 0
   Repacking 1765: 8 0
   Repacking 1766: 14 1 0
   Repacking 1767: 13 1 0
   Repacking 1768: 11 0
   Repacking 1769: 9 0
   Repacking 1770: 9 1 0
   Repacking 1771: 11 0
   Repacking 1772: 14 0
   Repacking 1773: 9 1 0
   Repacking 1774: 9 0
   Repacking 1775: 13 1 0
   Repacking 1776: 14 1 0
   Repacking 1777: 10 0
   Repacking 1778: 9 1 0
   Repacking 1779: 12 1 0
   Repacking 1780: 13 0
   Repacking 1781: 13 0
   Repacking 1782: 11 1 0
   Repacking 1783: 10 1 0
   Repacking 1784: 13 2 0
   Repacking 1785: 12 0
   Repacking 1786: 13 1 0
   Repacking 1787: 11 2 0
   Repacking 1788: 6 0
   Repacking 1789: 10 0
   Repacking 1790: 11 0
   Repacking 1791: 13 0
   Repacking 1792: 14 1 0
   Repacking 1793: 5 0
   Repacking 1794: 12 2 0
   Repacking 1795: 13 0
   Repacking 1796: 15 1 0
   Repacking 1797: 9 2 0
   Repacking 1798: 16 0
   Repacking 1799: 8 0
   Repacking 1800: 9 0
   Repacking 1801: 13 1 0
   Repacking 1802: 6 0
   Repacking 1803: 11 1 0
   Repacking 1804: 9 1 0
   Repacking 1805: 12 1 0
   Repacking 1806: 14 2 0
   Repacking 1807: 12 1 0
   Repacking 1808: 6 0
   Repacking 1809: 12 1 0
   Repacking 1810: 11 0
   Repacking 1811: 7 0
   Repacking 1812: 15 2 0
   Repacking 1813: 9 0
   Repacking 1814: 5 0
   Repacking 1815: 10 0
   Repacking 1816: 9 1 0
   Repacking 1817: 10 0
   Repacking 1818: 12 0
   Repacking 1819: 12 1 0
   Repacking 1820: 14 2 0
   Repacking 1821: 15 1 0
   Repacking 1822: 9 1 0
   Repacking 1823: 6 0
   Repacking 1824: 12 0
   Repacking 1825: 9 0
   Repacking 1826: 16 0
   Repacking 1827: 13 1 0
   Repacking 1828: 6 1 0
   Repacking 1829: 10 1 0
   Repacking 1830: 10 0
   Repacking 1831: 15 3 0
   Repacking 1832: 13 0
   Repacking 1833: 8 1 0
   Repacking 1834: 4 0
   Repacking 1835: 14 1 0
   Repacking 1836: 12 0
   Repacking 1837: 11 1 0
   Repacking 1838: 9 1 0
   Repacking 1839: 12 1 0
   Repacking 1840: 13 1 0
   Repacking 1841: 17 0
   Repacking 1842: 10 1 0
   Repacking 1843: 12 0
   Repacking 1844: 10 1 0
   Repacking 1845: 12 0
   Repacking 1846: 10 1 0
   Repacking 1847: 14 0
   Repacking 1848: 13 0
   Repacking 1849: 15 1 0
   Repacking 1850: 11 1 0
   Repacking 1851: 7 1 0
   Repacking 1852: 12 1 0
   Repacking 1853: 13 0
   Repacking 1854: 12 0
   Repacking 1855: 14 0
   Repacking 1856: 10 1 0
   Repacking 1857: 11 2 0
   Repacking 1858: 12 1 0
   Repacking 1859: 9 0
   Repacking 1860: 13 2 0
   Repacking 1861: 11 1 0
   Repacking 1862: 14 2 0
   Repacking 1863: 9 0
   Repacking 1864: 14 1 0
   Repacking 1865: 12 2 0
   Repacking 1866: 11 0
   Repacking 1867: 13 1 0
   Repacking 1868: 12 1 0
   Repacking 1869: 10 0
   Repacking 1870: 12 1 0
   Repacking 1871: 14 1 0
   Repacking 1872: 14 0
   Repacking 1873: 7 1 0
   Repacking 1874: 9 0
   Repacking 1875: 12 1 0
   Repacking 1876: 12 1 0
   Repacking 1877: 12 1 0
   Repacking 1878: 14 0
   Repacking 1879: 11 0
   Repacking 1880: 11 0
   Repacking 1881: 11 1 0
   Repacking 1882: 13 0
   Repacking 1883: 12 1 0
   Repacking 1884: 11 0
   Repacking 1885: 9 0
   Repacking 1886: 13 1 0
   Repacking 1887: 10 0
   Repacking 1888: 9 1 0
   Repacking 1889: 17 2 0
   Repacking 1890: 13 0
   Repacking 1891: 11 0
   Repacking 1892: 12 1 0
   Repacking 1893: 13 0
   Repacking 1894: 12 0
   Repacking 1895: 7 0
   Repacking 1896: 16 2 0
   Repacking 1897: 16 0
   Repacking 1898: 11 1 0
   Repacking 1899: 14 2 0
   Repacking 1900: 11 1 0
   Repacking 1901: 13 1 0
   Repacking 1902: 13 0
   Repacking 1903: 13 1 0
   Repacking 1904: 14 2 0
   Repacking 1905: 9 0
   Repacking 1906: 11 0
   Repacking 1907: 13 0
   Repacking 1908: 15 1 0
   Repacking 1909: 9 1 0
   Repacking 1910: 12 1 0
   Repacking 1911: 9 1 0
   Repacking 1912: 11 1 0
   Repacking 1913: 15 0
   Repacking 1914: 10 1 0
   Repacking 1915: 11 0
   Repacking 1916: 13 1 0
   Repacking 1917: 10 0
   Repacking 1918: 11 0
   Repacking 1919: 13 1 0
   Repacking 1920: 11 1 0
   Repacking 1921: 8 0
   Repacking 1922: 11 2 0
   Repacking 1923: 11 2 0
   Repacking 1924: 12 1 0
   Repacking 1925: 5 0
   Repacking 1926: 13 0
   Repacking 1927: 14 0
   Repacking 1928: 13 0
   Repacking 1929: 8 0
   Repacking 1930: 12 1 0
   Repacking 1931: 11 1 0
   Repacking 1932: 14 1 0
   Repacking 1933: 14 0
   Repacking 1934: 10 0
   Repacking 1935: 9 0
   Repacking 1936: 10 0
   Repacking 1937: 11 1 0
   Repacking 1938: 12 0
   Repacking 1939: 13 0
   Repacking 1940: 12 1 0
   Repacking 1941: 13 1 0
   Repacking 1942: 13 0
   Repacking 1943: 13 1 0
   Repacking 1944: 12 0
   Repacking 1945: 11 0
   Repacking 1946: 14 2 0
   Repacking 1947: 12 1 0
   Repacking 1948: 11 1 0
   Repacking 1949: 9 1 0
   Repacking 1950: 13 1 0
   Repacking 1951: 11 1 0
   Repacking 1952: 5 1 0
   Repacking 1953: 13 1 0
   Repacking 1954: 6 0
   Repacking 1955: 13 2 0
   Repacking 1956: 10 0
   Repacking 1957: 9 0
   Repacking 1958: 10 1 0
   Repacking 1959: 11 0
   Repacking 1960: 10 1 0
   Repacking 1961: 8 2 0
   Repacking 1962: 12 0
   Repacking 1963: 9 0
   Repacking 1964: 8 1 0
   Repacking 1965: 11 1 0
   Repacking 1966: 7 1 0
   Repacking 1967: 10 0
   Repacking 1968: 13 1 0
   Repacking 1969: 12 0
   Repacking 1970: 15 1 0
   Repacking 1971: 12 1 0
   Repacking 1972: 12 1 0
   Repacking 1973: 10 1 0
   Repacking 1974: 10 3 0
   Repacking 1975: 8 0
   Repacking 1976: 14 0
   Repacking 1977: 14 1 0
   Repacking 1978: 10 1 0
   Repacking 1979: 12 1 0
   Repacking 1980: 11 1 0
   Repacking 1981: 7 1 0
   Repacking 1982: 7 0
   Repacking 1983: 10 0
   Repacking 1984: 10 1 0
   Repacking 1985: 10 0
   Repacking 1986: 7 0
   Repacking 1987: 11 0
   Repacking 1988: 11 0
   Repacking 1989: 12 0
   Repacking 1990: 8 0
   Repacking 1991: 10 0
   Repacking 1992: 11 0
   Repacking 1993: 12 1 0
   Repacking 1994: 16 0
   Repacking 1995: 10 0
   Repacking 1996: 9 0
   Repacking 1997: 9 0
   Repacking 1998: 10 2 0
   Repacking 1999: 17 1 0
   Repacking 2000: 10 0
   Repacking 2001: 8 0
   Repacking 2002: 14 1 0
   Repacking 2003: 8 0
   Repacking 2004: 11 0
   Repacking 2005: 12 0
   Repacking 2006: 14 1 0
   Repacking 2007: 13 1 0
   Repacking 2008: 14 2 0
   Repacking 2009: 11 0
   Repacking 2010: 13 0
   Repacking 2011: 14 1 0
   Repacking 2012: 12 0
   Repacking 2013: 9 0
   Repacking 2014: 13 1 0
   Repacking 2015: 11 2 0
   Repacking 2016: 10 1 0
   Repacking 2017: 11 1 0
   Repacking 2018: 14 0
   Repacking 2019: 11 0
   Repacking 2020: 9 0
   Repacking 2021: 11 0
   Repacking 2022: 8 2 0
   Repacking 2023: 12 0
   Repacking 2024: 13 1 0
   Repacking 2025: 12 1 0
   Repacking 2026: 7 1 0
   Repacking 2027: 13 0
   Repacking 2028: 10 0
   Repacking 2029: 11 1 0
   Repacking 2030: 13 0
   Repacking 2031: 12 0
   Repacking 2032: 13 1 0
   Repacking 2033: 14 1 0
   Repacking 2034: 12 0
   Repacking 2035: 9 0
   Repacking 2036: 10 0
   Repacking 2037: 13 1 0
   Repacking 2038: 11 1 0
   Repacking 2039: 14 1 0
   Repacking 2040: 9 0
   Repacking 2041: 8 0
   Repacking 2042: 11 0
   Repacking 2043: 9 0
   Repacking 2044: 17 1 0
   Repacking 2045: 13 2 0
   Repacking 2046: 11 2 0
   Repacking 2047: 10 2 0
   Repacking 2048: 13 0
   Repacking 2049: 13 1 0
   Repacking 2050: 9 0
   Repacking 2051: 13 1 0
   Repacking 2052: 13 0
   Repacking 2053: 11 1 0
   Repacking 2054: 7 0
   Repacking 2055: 15 0
   Repacking 2056: 15 0
   Repacking 2057: 12 2 0
   Repacking 2058: 12 1 0
   Repacking 2059: 8 0
   Repacking 2060: 15 3 0
   Repacking 2061: 11 1 0
   Repacking 2062: 11 0
   Repacking 2063: 12 0
   Repacking 2064: 7 0
   Repacking 2065: 13 2 0
   Repacking 2066: 9 1 0
   Repacking 2067: 14 0
   Repacking 2068: 12 0
   Repacking 2069: 11 1 0
   Repacking 2070: 12 1 0
   Repacking 2071: 13 0
   Repacking 2072: 11 1 0
   Repacking 2073: 12 1 0
   Repacking 2074: 12 0
   Repacking 2075: 8 0
   Repacking 2076: 13 1 0
   Repacking 2077: 10 1 0
   Repacking 2078: 11 2 0
   Repacking 2079: 8 0
   Repacking 2080: 14 1 0
   Repacking 2081: 9 0
   Repacking 2082: 18 2 0
   Repacking 2083: 10 0
   Repacking 2084: 15 2 0
   Repacking 2085: 15 0
   Repacking 2086: 12 2 0
   Repacking 2087: 11 0
   Repacking 2088: 14 0
   Repacking 2089: 11 1 0
   Repacking 2090: 12 1 0
   Repacking 2091: 11 0
   Repacking 2092: 12 0
   Repacking 2093: 14 1 0
   Repacking 2094: 15 1 0
   Repacking 2095: 9 0
   Repacking 2096: 11 1 0
   Repacking 2097: 12 1 0
   Repacking 2098: 13 1 0
   Repacking 2099: 12 0
   Repacking 2100: 11 0
   Repacking 2101: 13 0
   Repacking 2102: 9 1 0
   Repacking 2103: 15 2 0
   Repacking 2104: 13 0
   Repacking 2105: 11 0
   Repacking 2106: 10 0
   Repacking 2107: 12 0
   Repacking 2108: 14 1 0
   Repacking 2109: 13 0
   Repacking 2110: 12 1 0
   Repacking 2111: 8 0
   Repacking 2112: 12 0
   Repacking 2113: 9 0
   Repacking 2114: 14 1 0
   Repacking 2115: 15 1 0
   Repacking 2116: 11 0
   Repacking 2117: 15 2 0
   Repacking 2118: 15 0
   Repacking 2119: 9 0
   Repacking 2120: 13 2 0
   Repacking 2121: 13 1 0
   Repacking 2122: 7 1 0
   Repacking 2123: 11 0
   Repacking 2124: 13 0
   Repacking 2125: 13 1 0
   Repacking 2126: 14 2 0
   Repacking 2127: 11 0
   Repacking 2128: 13 1 0
   Repacking 2129: 9 0
   Repacking 2130: 15 1 0
   Repacking 2131: 13 0
   Repacking 2132: 13 2 0
   Repacking 2133: 15 0
   Repacking 2134: 12 1 0
   Repacking 2135: 13 0
   Repacking 2136: 10 0
   Repacking 2137: 10 0
   Repacking 2138: 8 0
   Repacking 2139: 13 0
   Repacking 2140: 12 0
   Repacking 2141: 12 0
   Repacking 2142: 12 1 0
   Repacking 2143: 6 0
   Repacking 2144: 12 1 0
   Repacking 2145: 8 0
   Repacking 2146: 10 2 0
   Repacking 2147: 10 1 0
   Repacking 2148: 8 1 0
   Repacking 2149: 15 3 0
   Repacking 2150: 10 0
   Repacking 2151: 15 1 0
   Repacking 2152: 10 0
   Repacking 2153: 7 2 0
   Repacking 2154: 17 1 0
   Repacking 2155: 10 1 0
   Repacking 2156: 11 1 0
   Repacking 2157: 6 1 0
   Repacking 2158: 14 2 0
   Repacking 2159: 14 0
   Repacking 2160: 9 1 0
   Repacking 2161: 12 1 0
   Repacking 2162: 9 1 0
   Repacking 2163: 9 1 0
   Repacking 2164: 12 2 0
   Repacking 2165: 4 0
   Repacking 2166: 14 1 0
   Repacking 2167: 10 0
   Repacking 2168: 8 1 0
   Repacking 2169: 8 1 0
   Repacking 2170: 9 0
   Repacking 2171: 11 1 0
   Repacking 2172: 13 1 0
   Repacking 2173: 12 0
   Repacking 2174: 14 2 0
   Repacking 2175: 10 0
   Repacking 2176: 13 0
   Repacking 2177: 11 1 0
   Repacking 2178: 13 2 0
   Repacking 2179: 16 0
   Repacking 2180: 13 0
   Repacking 2181: 8 0
   Repacking 2182: 8 0
   Repacking 2183: 12 1 0
   Repacking 2184: 15 1 0
   Repacking 2185: 7 0
   Repacking 2186: 11 1 0
   Repacking 2187: 12 2 0
   Repacking 2188: 13 1 0
   Repacking 2189: 11 0
   Repacking 2190: 14 0
   Repacking 2191: 11 0
   Repacking 2192: 12 0
   Repacking 2193: 10 0
   Repacking 2194: 8 1 0
   Repacking 2195: 10 1 0
   Repacking 2196: 8 1 0
   Repacking 2197: 13 1 0
   Repacking 2198: 12 0
   Repacking 2199: 11 0
   Repacking 2200: 8 1 0
   Repacking 2201: 9 0
   Repacking 2202: 11 1 0
   Repacking 2203: 10 0
   Repacking 2204: 14 1 0
   Repacking 2205: 13 0
   Repacking 2206: 13 0
   Repacking 2207: 9 0
   Repacking 2208: 11 0
   Repacking 2209: 14 1 0
   Repacking 2210: 11 0
   Repacking 2211: 13 1 0
   Repacking 2212: 12 1 0
   Repacking 2213: 10 3 0
   Repacking 2214: 10 0
   Repacking 2215: 16 2 0
   Repacking 2216: 12 0
   Repacking 2217: 15 0
   Repacking 2218: 14 0
   Repacking 2219: 14 1 0
   Repacking 2220: 11 1 0
   Repacking 2221: 9 1 0
   Repacking 2222: 12 0
   Repacking 2223: 10 1 0
   Repacking 2224: 12 1 0
   Repacking 2225: 11 3 0
   Repacking 2226: 7 0
   Repacking 2227: 11 0
   Repacking 2228: 13 0
   Repacking 2229: 10 0
   Repacking 2230: 12 0
   Repacking 2231: 10 0
   Repacking 2232: 13 2 0
   Repacking 2233: 11 0
   Repacking 2234: 14 0
   Repacking 2235: 12 2 0
   Repacking 2236: 11 0
   Repacking 2237: 14 0
   Repacking 2238: 11 1 0
   Repacking 2239: 11 1 0
   Repacking 2240: 15 1 0
   Repacking 2241: 14 1 0
   Repacking 2242: 11 0
   Repacking 2243: 9 1 0
   Repacking 2244: 7 0
   Repacking 2245: 12 1 0
   Repacking 2246: 13 1 0
   Repacking 2247: 8 0
   Repacking 2248: 14 1 0
   Repacking 2249: 11 0
   Repacking 2250: 15 1 0
   Repacking 2251: 8 0
   Repacking 2252: 7 1 0
   Repacking 2253: 8 1 0
   Repacking 2254: 16 2 0
   Repacking 2255: 13 2 0
   Repacking 2256: 13 0
   Repacking 2257: 13 0
   Repacking 2258: 14 2 0
   Repacking 2259: 8 0
   Repacking 2260: 9 1 0
   Repacking 2261: 13 0
   Repacking 2262: 14 0
   Repacking 2263: 9 0
   Repacking 2264: 10 0
   Repacking 2265: 10 0
   Repacking 2266: 11 1 0
   Repacking 2267: 9 0
   Repacking 2268: 13 1 0
   Repacking 2269: 12 0
   Repacking 2270: 12 0
   Repacking 2271: 11 1 0
   Repacking 2272: 11 1 0
   Repacking 2273: 7 0
   Repacking 2274: 12 3 0
   Repacking 2275: 12 0
   Repacking 2276: 13 0
   Repacking 2277: 13 1 0
   Repacking 2278: 12 0
   Repacking 2279: 11 1 0
   Repacking 2280: 12 0
   Repacking 2281: 11 0
   Repacking 2282: 7 0
   Repacking 2283: 13 1 0
   Repacking 2284: 10 0
   Repacking 2285: 14 2 0
   Repacking 2286: 13 1 0
   Repacking 2287: 12 0
   Repacking 2288: 13 0
   Repacking 2289: 10 0
   Repacking 2290: 12 0
   Repacking 2291: 9 1 0
   Repacking 2292: 13 1 0
   Repacking 2293: 13 1 0
   Repacking 2294: 13 1 0
   Repacking 2295: 11 1 0
   Repacking 2296: 10 1 0
   Repacking 2297: 13 1 0
   Repacking 2298: 7 2 0
   Repacking 2299: 10 0
   Repacking 2300: 13 0
   Repacking 2301: 10 0
   Repacking 2302: 14 2 0
   Repacking 2303: 16 2 0
   Repacking 2304: 10 0
   Repacking 2305: 9 0
   Repacking 2306: 13 1 0
   Repacking 2307: 8 0
   Repacking 2308: 13 1 0
   Repacking 2309: 9 0
   Repacking 2310: 14 1 0
   Repacking 2311: 9 1 0
   Repacking 2312: 12 2 0
   Repacking 2313: 11 0
   Repacking 2314: 14 1 0
   Repacking 2315: 11 1 0
   Repacking 2316: 8 0
   Repacking 2317: 10 0
   Repacking 2318: 8 0
   Repacking 2319: 9 0
   Repacking 2320: 11 0
   Repacking 2321: 13 2 0
   Repacking 2322: 10 1 0
   Repacking 2323: 13 0
   Repacking 2324: 12 0
   Repacking 2325: 12 2 0
   Repacking 2326: 9 0
   Repacking 2327: 12 0
   Repacking 2328: 17 1 0
   Repacking 2329: 9 0
   Repacking 2330: 11 1 0
   Repacking 2331: 11 1 0
   Repacking 2332: 14 2 0
   Repacking 2333: 11 0
   Repacking 2334: 12 0
   Repacking 2335: 15 2 0
   Repacking 2336: 10 0
   Repacking 2337: 13 1 0
   Repacking 2338: 11 1 0
   Repacking 2339: 13 0
   Repacking 2340: 12 0
   Repacking 2341: 12 1 0
   Repacking 2342: 11 0
   Repacking 2343: 13 1 0
   Repacking 2344: 8 1 0
   Repacking 2345: 9 1 0
   Repacking 2346: 12 1 0
   Repacking 2347: 14 1 0
   Repacking 2348: 11 1 0
   Repacking 2349: 15 1 0
   Repacking 2350: 9 1 0
   Repacking 2351: 11 0
   Repacking 2352: 13 1 0
   Repacking 2353: 12 2 0
   Repacking 2354: 11 0
   Repacking 2355: 12 0
   Repacking 2356: 9 1 0
   Repacking 2357: 10 1 0
   Repacking 2358: 9 1 0
   Repacking 2359: 11 1 0
   Repacking 2360: 13 1 0
   Repacking 2361: 13 0
   Repacking 2362: 9 1 0
   Repacking 2363: 13 2 0
   Repacking 2364: 12 0
   Repacking 2365: 7 0
   Repacking 2366: 14 0
   Repacking 2367: 11 0
   Repacking 2368: 13 0
   Repacking 2369: 14 0
   Repacking 2370: 8 0
   Repacking 2371: 11 0
   Repacking 2372: 14 0
   Repacking 2373: 12 0
   Repacking 2374: 11 1 0
   Repacking 2375: 10 1 0
   Repacking 2376: 10 0
   Repacking 2377: 16 2 0
   Repacking 2378: 10 0
   Repacking 2379: 14 1 0
   Repacking 2380: 12 0
   Repacking 2381: 11 1 0
   Repacking 2382: 10 1 0
   Repacking 2383: 16 0
   Repacking 2384: 12 1 0
   Repacking 2385: 14 0
   Repacking 2386: 10 1 0
   Repacking 2387: 13 0
   Repacking 2388: 10 2 0
   Repacking 2389: 12 0
   Repacking 2390: 13 1 0
   Repacking 2391: 16 0
   Repacking 2392: 13 1 0
   Repacking 2393: 10 0
   Repacking 2394: 12 2 0
   Repacking 2395: 14 0
   Repacking 2396: 6 0
   Repacking 2397: 13 0
   Repacking 2398: 15 0
   Repacking 2399: 10 1 0
   Repacking 2400: 12 0
   Repacking 2401: 14 2 0
   Repacking 2402: 7 0
   Repacking 2403: 13 1 0
   Repacking 2404: 13 1 0
   Repacking 2405: 10 0
   Repacking 2406: 8 1 0
   Repacking 2407: 11 1 0
   Repacking 2408: 7 2 0
   Repacking 2409: 13 1 0
   Repacking 2410: 11 2 0
   Repacking 2411: 8 0
   Repacking 2412: 13 0
   Repacking 2413: 11 1 0
   Repacking 2414: 9 0
   Repacking 2415: 12 1 0
   Repacking 2416: 10 0
   Repacking 2417: 9 0
   Repacking 2418: 9 1 0
   Repacking 2419: 8 0
   Repacking 2420: 15 1 0
   Repacking 2421: 9 1 0
   Repacking 2422: 13 0
   Repacking 2423: 9 1 0
   Repacking 2424: 10 0
   Repacking 2425: 10 0
   Repacking 2426: 6 0
   Repacking 2427: 11 0
   Repacking 2428: 11 0
   Repacking 2429: 8 0
   Repacking 2430: 11 1 0
   Repacking 2431: 11 1 0
   Repacking 2432: 9 0
   Repacking 2433: 13 0
   Repacking 2434: 13 0
   Repacking 2435: 12 2 0
   Repacking 2436: 13 1 0
   Repacking 2437: 10 2 0
   Repacking 2438: 14 1 0
   Repacking 2439: 9 0
   Repacking 2440: 12 1 0
   Repacking 2441: 13 1 0
   Repacking 2442: 14 2 0
   Repacking 2443: 10 0
   Repacking 2444: 11 1 0
   Repacking 2445: 8 0
   Repacking 2446: 14 0
   Repacking 2447: 8 0
   Repacking 2448: 15 2 0
   Repacking 2449: 9 0
   Repacking 2450: 12 0
   Repacking 2451: 8 0
   Repacking 2452: 9 0
   Repacking 2453: 11 0
   Repacking 2454: 10 1 0
   Repacking 2455: 11 0
   Repacking 2456: 16 1 0
   Repacking 2457: 10 1 0
   Repacking 2458: 12 1 0
   Repacking 2459: 11 1 0
   Repacking 2460: 9 0
   Repacking 2461: 12 1 0
   Repacking 2462: 13 1 0
   Repacking 2463: 13 2 0
   Repacking 2464: 10 0
   Repacking 2465: 15 0
   Repacking 2466: 11 0
   Repacking 2467: 11 1 0
   Repacking 2468: 11 0
   Repacking 2469: 12 1 0
   Repacking 2470: 11 0
   Repacking 2471: 6 0
   Repacking 2472: 9 1 0
   Repacking 2473: 12 1 0
   Repacking 2474: 14 1 0
   Repacking 2475: 13 1 0
   Repacking 2476: 7 1 0
   Repacking 2477: 7 1 0
   Repacking 2478: 15 1 0
   Repacking 2479: 12 0
   Repacking 2480: 14 0
   Repacking 2481: 11 1 0
   Repacking 2482: 9 1 0
   Repacking 2483: 12 0
   Repacking 2484: 6 1 0
   Repacking 2485: 8 2 0
   Repacking 2486: 6 3 0
   Repacking 2487: 10 0
   Repacking 2488: 8 1 0
   Repacking 2489: 8 1 0
   Repacking 2490: 11 0
   Repacking 2491: 11 2 0
   Repacking 2492: 11 0
   Repacking 2493: 13 0
   Repacking 2494: 12 1 0
   Repacking 2495: 8 1 0
   Repacking 2496: 12 1 0
   Repacking 2497: 7 1 0
   Repacking 2498: 10 0
   Repacking 2499: 12 0
   Repacking 2500: 15 3 0
   Repacking 2501: 12 2 0
   Repacking 2502: 9 2 0
   Repacking 2503: 10 3 0
   Repacking 2504: 12 0
   Repacking 2505: 10 1 0
   Repacking 2506: 10 0
   Repacking 2507: 6 0
   Repacking 2508: 7 0
   Repacking 2509: 11 0
   Repacking 2510: 10 1 0
   Repacking 2511: 12 1 0
   Repacking 2512: 10 1 0
   Repacking 2513: 9 0
   Repacking 2514: 13 1 0
   Repacking 2515: 11 0
   Repacking 2516: 14 1 0
   Repacking 2517: 13 1 0
   Repacking 2518: 13 1 0
   Repacking 2519: 10 0
   Repacking 2520: 10 0
   Repacking 2521: 13 1 0
   Repacking 2522: 11 1 0
   Repacking 2523: 10 0
   Repacking 2524: 9 0
   Repacking 2525: 12 1 0
   Repacking 2526: 12 1 0
   Repacking 2527: 10 1 0
   Repacking 2528: 10 1 0
   Repacking 2529: 14 2 0
   Repacking 2530: 12 1 0
   Repacking 2531: 10 0
   Repacking 2532: 10 1 0
   Repacking 2533: 12 1 0
   Repacking 2534: 9 0
   Repacking 2535: 14 1 0
   Repacking 2536: 15 1 0
   Repacking 2537: 12 1 0
   Repacking 2538: 10 0
   Repacking 2539: 9 0
   Repacking 2540: 12 1 0
   Repacking 2541: 11 2 0
   Repacking 2542: 10 0
   Repacking 2543: 8 0
   Repacking 2544: 9 1 0
   Repacking 2545: 12 1 0
   Repacking 2546: 13 2 0
   Repacking 2547: 12 1 0
   Repacking 2548: 7 0
   Repacking 2549: 12 0
   Repacking 2550: 12 1 0
   Repacking 2551: 12 3 0
   Repacking 2552: 7 1 0
   Repacking 2553: 8 0
   Repacking 2554: 11 0
   Repacking 2555: 11 1 0
   Repacking 2556: 12 1 0
   Repacking 2557: 13 1 0
   Repacking 2558: 12 0
   Repacking 2559: 8 0
   Repacking 2560: 9 1 0
   Repacking 2561: 10 0
   Repacking 2562: 12 0
   Repacking 2563: 9 0
   Repacking 2564: 12 1 0
   Repacking 2565: 12 0
   Repacking 2566: 12 1 0
   Repacking 2567: 13 0
   Repacking 2568: 15 1 0
   Repacking 2569: 14 0
   Repacking 2570: 12 1 0
   Repacking 2571: 7 0
   Repacking 2572: 9 1 0
   Repacking 2573: 10 1 0
   Repacking 2574: 12 2 0
   Repacking 2575: 16 0
   Repacking 2576: 11 0
   Repacking 2577: 11 1 0
   Repacking 2578: 14 1 0
   Repacking 2579: 10 1 0
   Repacking 2580: 13 1 0
   Repacking 2581: 7 1 0
   Repacking 2582: 12 1 0
   Repacking 2583: 9 0
   Repacking 2584: 13 1 0
   Repacking 2585: 11 1 0
   Repacking 2586: 13 2 0
   Repacking 2587: 13 1 0
   Repacking 2588: 16 2 0
   Repacking 2589: 11 1 0
   Repacking 2590: 8 0
   Repacking 2591: 13 0
   Repacking 2592: 8 0
   Repacking 2593: 10 1 0
   Repacking 2594: 9 0
   Repacking 2595: 11 0
   Repacking 2596: 13 0
   Repacking 2597: 17 1 0
   Repacking 2598: 16 1 0
   Repacking 2599: 9 0
   Repacking 2600: 10 1 0
   Repacking 2601: 11 1 0
   Repacking 2602: 10 2 0
   Repacking 2603: 10 1 0
   Repacking 2604: 12 0
   Repacking 2605: 10 0
   Repacking 2606: 12 0
   Repacking 2607: 9 2 0
   Repacking 2608: 12 0
   Repacking 2609: 8 0
   Repacking 2610: 14 1 0
   Repacking 2611: 6 0
   Repacking 2612: 10 0
   Repacking 2613: 10 2 0
   Repacking 2614: 12 0
   Repacking 2615: 13 0
   Repacking 2616: 12 0
   Repacking 2617: 14 0
   Repacking 2618: 8 0
   Repacking 2619: 11 1 0
   Repacking 2620: 12 1 0
   Repacking 2621: 9 1 0
   Repacking 2622: 12 1 0
   Repacking 2623: 11 0
   Repacking 2624: 11 2 0
   Repacking 2625: 10 0
   Repacking 2626: 12 1 0
   Repacking 2627: 11 0
   Repacking 2628: 9 0
   Repacking 2629: 12 0
   Repacking 2630: 8 0
   Repacking 2631: 9 0
   Repacking 2632: 14 1 0
   Repacking 2633: 10 1 0
   Repacking 2634: 15 0
   Repacking 2635: 11 0
   Repacking 2636: 11 1 0
   Repacking 2637: 10 1 0
   Repacking 2638: 15 1 0
   Repacking 2639: 12 1 0
   Repacking 2640: 8 0
   Repacking 2641: 10 1 0
   Repacking 2642: 11 0
   Repacking 2643: 12 0
   Repacking 2644: 12 0
   Repacking 2645: 11 0
   Repacking 2646: 9 2 0
   Repacking 2647: 14 1 0
   Repacking 2648: 13 2 0
   Repacking 2649: 12 1 0
   Repacking 2650: 13 0
   Repacking 2651: 13 1 0
   Repacking 2652: 9 1 0
   Repacking 2653: 11 1 0
   Repacking 2654: 12 1 0
   Repacking 2655: 14 0
   Repacking 2656: 9 0
   Repacking 2657: 8 0
   Repacking 2658: 12 0
   Repacking 2659: 8 1 0
   Repacking 2660: 12 1 0
   Repacking 2661: 13 1 0
   Repacking 2662: 16 2 0
   Repacking 2663: 7 1 0
   Repacking 2664: 7 1 0
   Repacking 2665: 13 1 0
   Repacking 2666: 14 1 0
   Repacking 2667: 13 0
   Repacking 2668: 13 0
   Repacking 2669: 12 2 0
   Repacking 2670: 15 1 0
   Repacking 2671: 10 0
   Repacking 2672: 14 0
   Repacking 2673: 14 1 0
   Repacking 2674: 10 2 0
   Repacking 2675: 15 1 0
   Repacking 2676: 9 0
   Repacking 2677: 15 1 0
   Repacking 2678: 14 1 0
   Repacking 2679: 12 2 0
   Repacking 2680: 13 1 0
   Repacking 2681: 9 0
   Repacking 2682: 11 1 0
   Repacking 2683: 12 0
   Repacking 2684: 14 1 0
   Repacking 2685: 13 0
   Repacking 2686: 12 0
   Repacking 2687: 14 1 0
   Repacking 2688: 10 0
   Repacking 2689: 12 1 0
   Repacking 2690: 12 2 0
   Repacking 2691: 9 0
   Repacking 2692: 13 0
   Repacking 2693: 9 1 0
   Repacking 2694: 7 1 0
   Repacking 2695: 10 0
   Repacking 2696: 8 0
   Repacking 2697: 9 1 0
   Repacking 2698: 12 1 0
   Repacking 2699: 12 1 0
   Repacking 2700: 15 0
   Repacking 2701: 13 1 0
   Repacking 2702: 12 0
   Repacking 2703: 10 0
   Repacking 2704: 9 1 0
   Repacking 2705: 10 1 0
   Repacking 2706: 9 0
   Repacking 2707: 10 1 0
   Repacking 2708: 11 0
   Repacking 2709: 16 0
   Repacking 2710: 13 1 0
   Repacking 2711: 8 0
   Repacking 2712: 9 1 0
   Repacking 2713: 12 1 0
   Repacking 2714: 6 0
   Repacking 2715: 10 1 0
   Repacking 2716: 11 1 0
   Repacking 2717: 12 1 0
   Repacking 2718: 14 1 0
   Repacking 2719: 12 2 0
   Repacking 2720: 14 0
   Repacking 2721: 12 1 0
   Repacking 2722: 11 1 0
   Repacking 2723: 8 0
   Repacking 2724: 12 1 0
   Repacking 2725: 9 1 0
   Repacking 2726: 12 0
   Repacking 2727: 13 1 0
   Repacking 2728: 12 1 0
   Repacking 2729: 8 0
   Repacking 2730: 14 1 0
   Repacking 2731: 12 1 0
   Repacking 2732: 13 2 0
   Repacking 2733: 12 1 0
   Repacking 2734: 7 0
   Repacking 2735: 10 0
   Repacking 2736: 13 1 0
   Repacking 2737: 12 1 0
   Repacking 2738: 9 0
   Repacking 2739: 13 0
   Repacking 2740: 13 1 0
   Repacking 2741: 13 1 0
   Repacking 2742: 7 1 0
   Repacking 2743: 10 0
   Repacking 2744: 7 0
   Repacking 2745: 12 0
   Repacking 2746: 16 1 0
   Repacking 2747: 11 1 0
   Repacking 2748: 10 0
   Repacking 2749: 7 0
   Repacking 2750: 10 2 0
   Repacking 2751: 10 0
   Repacking 2752: 11 1 0
   Repacking 2753: 10 0
   Repacking 2754: 12 0
   Repacking 2755: 12 1 0
   Repacking 2756: 11 0
   Repacking 2757: 12 0
   Repacking 2758: 10 0
   Repacking 2759: 13 3 0
   Repacking 2760: 10 1 0
   Repacking 2761: 10 1 0
   Repacking 2762: 9 1 0
   Repacking 2763: 13 1 0
   Repacking 2764: 11 0
   Repacking 2765: 11 1 0
   Repacking 2766: 14 1 0
   Repacking 2767: 12 0
   Repacking 2768: 10 0
   Repacking 2769: 14 3 0
   Repacking 2770: 11 1 0
   Repacking 2771: 6 0
   Repacking 2772: 11 1 0
   Repacking 2773: 8 1 0
   Repacking 2774: 12 2 0
   Repacking 2775: 11 0
   Repacking 2776: 12 0
   Repacking 2777: 10 0
   Repacking 2778: 6 1 0
   Repacking 2779: 11 0
   Repacking 2780: 12 0
   Repacking 2781: 12 0
   Repacking 2782: 9 0
   Repacking 2783: 11 1 0
   Repacking 2784: 11 1 0
   Repacking 2785: 10 1 0
   Repacking 2786: 9 1 0
   Repacking 2787: 6 0
   Repacking 2788: 11 0
   Repacking 2789: 9 0
   Repacking 2790: 10 0
   Repacking 2791: 9 1 0
   Repacking 2792: 12 1 0
   Repacking 2793: 15 0
   Repacking 2794: 8 1 0
   Repacking 2795: 12 1 0
   Repacking 2796: 13 1 0
   Repacking 2797: 11 1 0
   Repacking 2798: 11 0
   Repacking 2799: 11 0
   Repacking 2800: 12 1 0
   Repacking 2801: 8 0
   Repacking 2802: 12 0
   Repacking 2803: 9 1 0
   Repacking 2804: 12 3 0
   Repacking 2805: 14 1 0
   Repacking 2806: 15 1 0
   Repacking 2807: 8 0
   Repacking 2808: 14 0
   Repacking 2809: 13 1 0
   Repacking 2810: 14 0
   Repacking 2811: 16 2 0
   Repacking 2812: 14 1 0
   Repacking 2813: 14 1 0
   Repacking 2814: 15 2 0
   Repacking 2815: 9 1 0
   Repacking 2816: 8 1 0
   Repacking 2817: 12 1 0
   Repacking 2818: 12 1 0
   Repacking 2819: 12 2 0
   Repacking 2820: 10 2 0
   Repacking 2821: 8 0
   Repacking 2822: 11 0
   Repacking 2823: 7 0
   Repacking 2824: 8 1 0
   Repacking 2825: 14 1 0
   Repacking 2826: 10 1 0
   Repacking 2827: 9 2 0
   Repacking 2828: 10 0
   Repacking 2829: 8 0
   Repacking 2830: 14 0
   Repacking 2831: 11 0
   Repacking 2832: 12 1 0
   Repacking 2833: 13 1 0
   Repacking 2834: 18 1 0
   Repacking 2835: 13 0
   Repacking 2836: 7 1 0
   Repacking 2837: 10 1 0
   Repacking 2838: 13 1 0
   Repacking 2839: 10 1 0
   Repacking 2840: 14 0
   Repacking 2841: 15 0
   Repacking 2842: 11 0
   Repacking 2843: 11 0
   Repacking 2844: 10 0
   Repacking 2845: 14 1 0
   Repacking 2846: 13 1 0
   Repacking 2847: 12 1 0
   Repacking 2848: 12 0
   Repacking 2849: 12 0
   Repacking 2850: 12 2 0
   Repacking 2851: 12 2 0
   Repacking 2852: 15 1 0
   Repacking 2853: 15 0
   Repacking 2854: 8 0
   Repacking 2855: 8 0
   Repacking 2856: 14 2 0
   Repacking 2857: 7 0
   Repacking 2858: 10 0
   Repacking 2859: 7 1 0
   Repacking 2860: 10 0
   Repacking 2861: 12 1 0
   Repacking 2862: 13 0
   Repacking 2863: 13 1 0
   Repacking 2864: 14 1 0
   Repacking 2865: 12 0
   Repacking 2866: 10 1 0
   Repacking 2867: 9 0
   Repacking 2868: 11 0
   Repacking 2869: 13 1 0
   Repacking 2870: 13 1 0
   Repacking 2871: 9 0
   Repacking 2872: 11 0
   Repacking 2873: 10 1 0
   Repacking 2874: 10 0
   Repacking 2875: 11 2 0
   Repacking 2876: 12 1 0
   Repacking 2877: 12 2 0
   Repacking 2878: 9 0
   Repacking 2879: 13 1 0
   Repacking 2880: 8 1 0
   Repacking 2881: 9 0
   Repacking 2882: 13 0
   Repacking 2883: 10 1 0
   Repacking 2884: 12 0
   Repacking 2885: 11 0
   Repacking 2886: 9 1 0
   Repacking 2887: 10 1 0
   Repacking 2888: 14 1 0
   Repacking 2889: 9 2 0
   Repacking 2890: 7 1 0
   Repacking 2891: 8 1 0
   Repacking 2892: 13 0
   Repacking 2893: 9 0
   Repacking 2894: 10 1 0
   Repacking 2895: 13 1 0
   Repacking 2896: 10 0
   Repacking 2897: 9 1 0
   Repacking 2898: 8 0
   Repacking 2899: 12 2 0
   Repacking 2900: 11 0
   Repacking 2901: 11 1 0
   Repacking 2902: 11 2 0
   Repacking 2903: 11 1 0
   Repacking 2904: 11 0
   Repacking 2905: 14 3 0
   Repacking 2906: 12 1 0
   Repacking 2907: 8 1 0
   Repacking 2908: 12 0
   Repacking 2909: 13 0
   Repacking 2910: 11 2 0
   Repacking 2911: 15 0
   Repacking 2912: 11 1 0
   Repacking 2913: 10 1 0
   Repacking 2914: 14 1 0
   Repacking 2915: 10 1 0
   Repacking 2916: 12 2 0
   Repacking 2917: 9 1 0
   Repacking 2918: 11 0
   Repacking 2919: 12 0
   Repacking 2920: 10 2 0
   Repacking 2921: 8 0
   Repacking 2922: 12 3 0
   Repacking 2923: 10 0
   Repacking 2924: 16 3 0
   Repacking 2925: 16 1 0
   Repacking 2926: 13 0
   Repacking 2927: 10 0
   Repacking 2928: 16 0
   Repacking 2929: 12 2 0
   Repacking 2930: 10 1 0
   Repacking 2931: 7 1 0
   Repacking 2932: 11 1 0
   Repacking 2933: 13 0
   Repacking 2934: 13 1 0
   Repacking 2935: 12 0
   Repacking 2936: 12 0
   Repacking 2937: 10 0
   Repacking 2938: 15 1 0
   Repacking 2939: 12 0
   Repacking 2940: 9 0
   Repacking 2941: 8 0
   Repacking 2942: 11 1 0
   Repacking 2943: 11 0
   Repacking 2944: 9 0
   Repacking 2945: 10 0
   Repacking 2946: 11 2 0
   Repacking 2947: 10 1 0
   Repacking 2948: 9 0
   Repacking 2949: 8 0
   Repacking 2950: 9 2 0
   Repacking 2951: 11 0
   Repacking 2952: 14 1 0
   Repacking 2953: 10 0
   Repacking 2954: 12 0
   Repacking 2955: 10 1 0
   Repacking 2956: 13 1 0
   Repacking 2957: 9 0
   Repacking 2958: 10 0
   Repacking 2959: 13 0
   Repacking 2960: 11 0
   Repacking 2961: 12 0
   Repacking 2962: 13 0
   Repacking 2963: 12 2 0
   Repacking 2964: 14 1 0
   Repacking 2965: 12 0
   Repacking 2966: 9 0
   Repacking 2967: 14 1 0
   Repacking 2968: 11 0
   Repacking 2969: 16 1 0
   Repacking 2970: 7 1 0
   Repacking 2971: 15 2 0
   Repacking 2972: 12 1 0
   Repacking 2973: 15 1 0
   Repacking 2974: 13 1 0
   Repacking 2975: 9 0
   Repacking 2976: 7 0
   Repacking 2977: 11 1 0
   Repacking 2978: 15 2 0
   Repacking 2979: 7 0
   Repacking 2980: 5 0
   Repacking 2981: 13 1 0
   Repacking 2982: 8 0
   Repacking 2983: 9 2 0
   Repacking 2984: 7 0
   Repacking 2985: 11 1 0
   Repacking 2986: 13 0
   Repacking 2987: 10 0
   Repacking 2988: 10 1 0
   Repacking 2989: 12 1 0
   Repacking 2990: 15 2 0
   Repacking 2991: 14 0
   Repacking 2992: 8 0
   Repacking 2993: 14 1 0
   Repacking 2994: 11 0
   Repacking 2995: 9 0
   Repacking 2996: 9 1 0
   Repacking 2997: 9 0
   Repacking 2998: 10 1 0
   Repacking 2999: 15 2 0
   Repacking 3000: 7 1 0
   Repacking 3001: 10 0
   Repacking 3002: 15 2 0
   Repacking 3003: 10 1 0
   Repacking 3004: 12 0
   Repacking 3005: 8 1 0
   Repacking 3006: 6 0
   Repacking 3007: 9 0
   Repacking 3008: 12 2 0
   Repacking 3009: 12 1 0
   Repacking 3010: 7 0
   Repacking 3011: 9 1 0
   Repacking 3012: 10 0
   Repacking 3013: 8 0
   Repacking 3014: 10 0
   Repacking 3015: 8 0
   Repacking 3016: 11 1 0
   Repacking 3017: 10 0
   Repacking 3018: 12 1 0
   Repacking 3019: 12 1 0
   Repacking 3020: 9 1 0
   Repacking 3021: 10 0
   Repacking 3022: 8 0
   Repacking 3023: 13 0
   Repacking 3024: 11 0
   Repacking 3025: 9 0
   Repacking 3026: 10 2 0
   Repacking 3027: 13 1 0
   Repacking 3028: 7 1 0
   Repacking 3029: 8 0
   Repacking 3030: 11 1 0
   Repacking 3031: 9 0
   Repacking 3032: 13 1 0
   Repacking 3033: 5 1 0
   Repacking 3034: 10 0
   Repacking 3035: 11 2 0
   Repacking 3036: 7 0
   Repacking 3037: 10 1 0
   Repacking 3038: 12 1 0
   Repacking 3039: 12 1 0
   Repacking 3040: 10 1 0
   Repacking 3041: 10 0
   Repacking 3042: 11 1 0
   Repacking 3043: 12 1 0
   Repacking 3044: 11 2 0
   Repacking 3045: 10 0
   Repacking 3046: 13 1 0
   Repacking 3047: 12 0
   Repacking 3048: 15 1 0
   Repacking 3049: 9 1 0
   Repacking 3050: 12 0
   Repacking 3051: 11 1 0
   Repacking 3052: 11 0
   Repacking 3053: 13 0
   Repacking 3054: 5 0
   Repacking 3055: 13 1 0
   Repacking 3056: 9 0
   Repacking 3057: 12 2 0
   Repacking 3058: 15 1 0
   Repacking 3059: 12 0
   Repacking 3060: 12 0
   Repacking 3061: 12 0
   Repacking 3062: 12 1 0
   Repacking 3063: 11 0
   Repacking 3064: 12 1 0
   Repacking 3065: 9 0
   Repacking 3066: 11 0
   Repacking 3067: 13 0
   Repacking 3068: 12 0
   Repacking 3069: 12 1 0
   Repacking 3070: 13 1 0
   Repacking 3071: 10 1 0
   Repacking 3072: 9 1 0
   Repacking 3073: 14 0
   Repacking 3074: 10 0
   Repacking 3075: 12 3 0
   Repacking 3076: 16 0
   Repacking 3077: 12 3 0
   Repacking 3078: 15 1 0
   Repacking 3079: 12 1 0
   Repacking 3080: 10 0
   Repacking 3081: 10 0
   Repacking 3082: 11 2 0
   Repacking 3083: 12 1 0
   Repacking 3084: 8 1 0
   Repacking 3085: 13 2 0
   Repacking 3086: 10 1 0
   Repacking 3087: 14 0
   Repacking 3088: 4 0
   Repacking 3089: 13 0
   Repacking 3090: 9 1 0
   Repacking 3091: 14 0
   Repacking 3092: 11 2 0
   Repacking 3093: 18 3 0
   Repacking 3094: 10 1 0
   Repacking 3095: 9 2 0
   Repacking 3096: 10 0
   Repacking 3097: 10 1 0
   Repacking 3098: 11 1 0
   Repacking 3099: 11 1 0
   Repacking 3100: 9 1 0
   Repacking 3101: 9 0
   Repacking 3102: 9 1 0
   Repacking 3103: 8 0
   Repacking 3104: 6 0
   Repacking 3105: 15 0
   Repacking 3106: 9 0
   Repacking 3107: 14 1 0
   Repacking 3108: 9 0
   Repacking 3109: 13 0
   Repacking 3110: 8 0
   Repacking 3111: 12 0
   Repacking 3112: 10 1 0
   Repacking 3113: 14 1 0
   Repacking 3114: 11 1 0
   Repacking 3115: 11 2 0
   Repacking 3116: 14 1 0
   Repacking 3117: 15 2 0
   Repacking 3118: 11 0
   Repacking 3119: 12 0
   Repacking 3120: 10 1 0
   Repacking 3121: 13 1 0
   Repacking 3122: 11 0
   Repacking 3123: 8 1 0
   Repacking 3124: 13 0
   Repacking 3125: 9 1 0
   Repacking 3126: 8 0
   Repacking 3127: 13 1 0
   Repacking 3128: 14 0
   Repacking 3129: 6 0
   Repacking 3130: 9 0
   Repacking 3131: 8 0
   Repacking 3132: 11 0
   Repacking 3133: 11 1 0
   Repacking 3134: 12 1 0
   Repacking 3135: 11 1 0
   Repacking 3136: 11 1 0
   Repacking 3137: 10 0
   Repacking 3138: 12 1 0
   Repacking 3139: 11 0
   Repacking 3140: 11 1 0
   Repacking 3141: 9 1 0
   Repacking 3142: 12 3 0
   Repacking 3143: 8 2 0
   Repacking 3144: 13 0
   Repacking 3145: 10 2 0
   Repacking 3146: 10 1 0
   Repacking 3147: 9 1 0
   Repacking 3148: 9 0
   Repacking 3149: 6 0
   Repacking 3150: 12 1 0
   Repacking 3151: 12 2 0
   Repacking 3152: 13 1 0
   Repacking 3153: 13 0
   Repacking 3154: 9 0
   Repacking 3155: 13 3 0
   Repacking 3156: 13 0
   Repacking 3157: 10 0
   Repacking 3158: 11 0
   Repacking 3159: 11 1 0
   Repacking 3160: 10 0
   Repacking 3161: 13 0
   Repacking 3162: 12 2 0
   Repacking 3163: 9 1 0
   Repacking 3164: 14 1 0
   Repacking 3165: 10 1 0
   Repacking 3166: 10 1 0
   Repacking 3167: 8 0
   Repacking 3168: 11 0
   Repacking 3169: 10 1 0
   Repacking 3170: 10 1 0
   Repacking 3171: 10 1 0
   Repacking 3172: 10 2 0
   Repacking 3173: 8 0
   Repacking 3174: 11 0
   Repacking 3175: 13 1 0
   Repacking 3176: 8 1 0
   Repacking 3177: 12 0
   Repacking 3178: 12 0
   Repacking 3179: 9 0
   Repacking 3180: 12 1 0
   Repacking 3181: 10 1 0
   Repacking 3182: 9 0
   Repacking 3183: 12 0
   Repacking 3184: 10 0
   Repacking 3185: 12 1 0
   Repacking 3186: 13 1 0
   Repacking 3187: 11 1 0
   Repacking 3188: 9 0
   Repacking 3189: 8 1 0
   Repacking 3190: 10 0
   Repacking 3191: 14 0
   Repacking 3192: 6 0
   Repacking 3193: 9 1 0
   Repacking 3194: 8 0
   Repacking 3195: 11 0
   Repacking 3196: 12 1 0
   Repacking 3197: 12 0
   Repacking 3198: 12 0
   Repacking 3199: 10 1 0
   Repacking 3200: 7 2 0
   Repacking 3201: 13 0
   Repacking 3202: 10 1 0
   Repacking 3203: 11 1 0
   Repacking 3204: 12 1 0
   Repacking 3205: 6 1 0
   Repacking 3206: 7 0
   Repacking 3207: 16 1 0
   Repacking 3208: 13 0
   Repacking 3209: 14 2 0
   Repacking 3210: 8 0
   Repacking 3211: 13 0
   Repacking 3212: 10 0
   Repacking 3213: 9 1 0
   Repacking 3214: 10 1 0
   Repacking 3215: 15 1 0
   Repacking 3216: 8 0
   Repacking 3217: 11 1 0
   Repacking 3218: 8 0
   Repacking 3219: 10 1 0
   Repacking 3220: 11 0
   Repacking 3221: 10 0
   Repacking 3222: 7 1 0
   Repacking 3223: 14 2 0
   Repacking 3224: 5 0
   Repacking 3225: 4 0
   Repacking 3226: 10 0
   Repacking 3227: 18 0
   Repacking 3228: 15 1 0
   Repacking 3229: 13 0
   Repacking 3230: 10 1 0
   Repacking 3231: 12 1 0
   Repacking 3232: 12 1 0
   Repacking 3233: 14 0
   Repacking 3234: 13 0
   Repacking 3235: 11 0
   Repacking 3236: 9 0
   Repacking 3237: 10 0
   Repacking 3238: 9 0
   Repacking 3239: 11 2 0
   Repacking 3240: 12 1 0
   Repacking 3241: 9 0
   Repacking 3242: 15 1 0
   Repacking 3243: 11 0
   Repacking 3244: 12 1 0
   Repacking 3245: 9 1 0
   Repacking 3246: 7 1 0
   Repacking 3247: 9 1 0
   Repacking 3248: 7 0
   Repacking 3249: 10 1 0
   Repacking 3250: 10 0
   Repacking 3251: 12 0
   Repacking 3252: 12 2 0
   Repacking 3253: 11 1 0
   Repacking 3254: 13 0
   Repacking 3255: 11 2 0
   Repacking 3256: 6 0
   Repacking 3257: 12 0
   Repacking 3258: 9 1 0
   Repacking 3259: 8 1 0
   Repacking 3260: 13 2 0
   Repacking 3261: 8 1 0
   Repacking 3262: 10 1 0
   Repacking 3263: 15 1 0
   Repacking 3264: 9 0
   Repacking 3265: 9 2 0
   Repacking 3266: 11 1 0
   Repacking 3267: 9 1 0
   Repacking 3268: 9 1 0
   Repacking 3269: 9 0
   Repacking 3270: 11 0
   Repacking 3271: 8 0
   Repacking 3272: 13 0
   Repacking 3273: 7 0
   Repacking 3274: 9 0
   Repacking 3275: 9 1 0
   Repacking 3276: 14 0
   Repacking 3277: 14 1 0
   Repacking 3278: 8 1 0
   Repacking 3279: 13 1 0
   Repacking 3280: 12 1 0
   Repacking 3281: 11 1 0
   Repacking 3282: 13 0
   Repacking 3283: 14 0
   Repacking 3284: 13 1 0
   Repacking 3285: 12 0
   Repacking 3286: 16 1 0
   Repacking 3287: 14 0
   Repacking 3288: 10 0
   Repacking 3289: 8 0
   Repacking 3290: 8 0
   Repacking 3291: 12 0
   Repacking 3292: 12 1 0
   Repacking 3293: 11 1 0
   Repacking 3294: 12 0
   Repacking 3295: 13 0
   Repacking 3296: 12 1 0
   Repacking 3297: 8 1 0
   Repacking 3298: 11 0
   Repacking 3299: 7 0
   Repacking 3300: 13 0
   Repacking 3301: 9 0
   Repacking 3302: 9 1 0
   Repacking 3303: 9 0
   Repacking 3304: 13 1 0
   Repacking 3305: 11 2 0
   Repacking 3306: 13 1 0
   Repacking 3307: 14 1 0
   Repacking 3308: 11 1 0
   Repacking 3309: 7 1 0
   Repacking 3310: 16 1 0
   Repacking 3311: 8 1 0
   Repacking 3312: 14 0
   Repacking 3313: 10 1 0
   Repacking 3314: 9 0
   Repacking 3315: 10 0
   Repacking 3316: 12 0
   Repacking 3317: 13 1 0
   Repacking 3318: 15 1 0
   Repacking 3319: 15 1 0
   Repacking 3320: 14 0
   Repacking 3321: 12 0
   Repacking 3322: 13 1 0
   Repacking 3323: 13 1 0
   Repacking 3324: 11 0
   Repacking 3325: 12 0
   Repacking 3326: 13 1 0
   Repacking 3327: 8 0
   Repacking 3328: 8 0
   Repacking 3329: 15 1 0
   Repacking 3330: 12 2 0
   Repacking 3331: 14 0
   Repacking 3332: 12 1 0
   Repacking 3333: 12 1 0
   Repacking 3334: 10 1 0
   Repacking 3335: 10 1 0
   Repacking 3336: 11 1 0
   Repacking 3337: 9 2 0
   Repacking 3338: 13 2 0
   Repacking 3339: 12 0
   Repacking 3340: 10 0
   Repacking 3341: 9 0
   Repacking 3342: 8 0
   Repacking 3343: 10 1 0
   Repacking 3344: 11 0
   Repacking 3345: 8 1 0
   Repacking 3346: 10 0
   Repacking 3347: 9 1 0
   Repacking 3348: 15 1 0
   Repacking 3349: 7 1 0
   Repacking 3350: 7 1 0
   Repacking 3351: 16 0
   Repacking 3352: 13 3 0
   Repacking 3353: 10 1 0
   Repacking 3354: 11 1 0
   Repacking 3355: 10 2 0
   Repacking 3356: 13 1 0
   Repacking 3357: 11 1 0
   Repacking 3358: 13 1 0
   Repacking 3359: 12 0
   Repacking 3360: 7 1 0
   Repacking 3361: 13 0
   Repacking 3362: 11 2 0
   Repacking 3363: 14 0
   Repacking 3364: 13 1 0
   Repacking 3365: 11 1 0
   Repacking 3366: 11 1 0
   Repacking 3367: 11 1 0
   Repacking 3368: 12 0
   Repacking 3369: 13 1 0
   Repacking 3370: 14 2 0
   Repacking 3371: 8 0
   Repacking 3372: 13 2 0
   Repacking 3373: 10 1 0
   Repacking 3374: 11 1 0
   Repacking 3375: 10 1 0
   Repacking 3376: 13 0
   Repacking 3377: 14 2 0
   Repacking 3378: 10 0
   Repacking 3379: 11 1 0
   Repacking 3380: 12 1 0
   Repacking 3381: 11 2 0
   Repacking 3382: 13 0
   Repacking 3383: 14 0
   Repacking 3384: 15 0
   Repacking 3385: 12 1 0
   Repacking 3386: 10 2 0
   Repacking 3387: 13 2 0
   Repacking 3388: 8 1 0
   Repacking 3389: 10 0
   Repacking 3390: 13 1 0
   Repacking 3391: 11 0
   Repacking 3392: 7 1 0
   Repacking 3393: 8 1 0
   Repacking 3394: 11 0
   Repacking 3395: 13 0
   Repacking 3396: 11 0
   Repacking 3397: 6 1 0
   Repacking 3398: 10 1 0
   Repacking 3399: 11 1 0
   Repacking 3400: 12 1 0
   Repacking 3401: 11 0
   Repacking 3402: 9 1 0
   Repacking 3403: 11 2 0
   Repacking 3404: 11 0
   Repacking 3405: 6 1 0
   Repacking 3406: 11 1 0
   Repacking 3407: 12 1 0
   Repacking 3408: 13 2 0
   Repacking 3409: 15 2 0
   Repacking 3410: 12 0
   Repacking 3411: 17 1 0
   Repacking 3412: 14 1 0
   Repacking 3413: 11 1 0
   Repacking 3414: 10 0
   Repacking 3415: 9 3 0
   Repacking 3416: 12 0
   Repacking 3417: 8 0
   Repacking 3418: 11 1 0
   Repacking 3419: 11 1 0
   Repacking 3420: 13 3 0
   Repacking 3421: 10 1 0
   Repacking 3422: 9 0
   Repacking 3423: 9 0
   Repacking 3424: 8 1 0
   Repacking 3425: 10 1 0
   Repacking 3426: 16 0
   Repacking 3427: 10 1 0
   Repacking 3428: 10 0
   Repacking 3429: 7 0
   Repacking 3430: 9 0
   Repacking 3431: 12 0
   Repacking 3432: 11 0
   Repacking 3433: 13 1 0
   Repacking 3434: 8 1 0
   Repacking 3435: 13 1 0
   Repacking 3436: 11 0
   Repacking 3437: 15 0
   Repacking 3438: 13 0
   Repacking 3439: 11 0
   Repacking 3440: 9 0
   Repacking 3441: 6 1 0
   Repacking 3442: 11 0
   Repacking 3443: 16 0
   Repacking 3444: 16 2 0
   Repacking 3445: 10 2 0
   Repacking 3446: 7 0
   Repacking 3447: 15 1 0
   Repacking 3448: 14 1 0
   Repacking 3449: 7 0
   Repacking 3450: 12 0
   Repacking 3451: 8 0
   Repacking 3452: 13 0
   Repacking 3453: 17 0
   Repacking 3454: 14 0
   Repacking 3455: 12 0
   Repacking 3456: 11 1 0
   Repacking 3457: 9 1 0
   Repacking 3458: 9 1 0
   Repacking 3459: 10 0
   Repacking 3460: 9 0
   Repacking 3461: 10 0
   Repacking 3462: 12 1 0
   Repacking 3463: 14 0
   Repacking 3464: 12 0
   Repacking 3465: 12 1 0
   Repacking 3466: 8 1 0
   Repacking 3467: 7 0
   Repacking 3468: 9 1 0
   Repacking 3469: 11 0
   Repacking 3470: 11 0
   Repacking 3471: 11 0
   Repacking 3472: 7 0
   Repacking 3473: 9 0
   Repacking 3474: 11 1 0
   Repacking 3475: 10 0
   Repacking 3476: 12 1 0
   Repacking 3477: 13 1 0
   Repacking 3478: 10 2 0
   Repacking 3479: 13 0
   Repacking 3480: 12 0
   Repacking 3481: 10 0
   Repacking 3482: 9 0
   Repacking 3483: 12 0
   Repacking 3484: 8 0
   Repacking 3485: 11 0
   Repacking 3486: 14 1 0
   Repacking 3487: 15 0
   Repacking 3488: 8 1 0
   Repacking 3489: 12 1 0
   Repacking 3490: 12 0
   Repacking 3491: 13 1 0
   Repacking 3492: 9 0
   Repacking 3493: 9 0
   Repacking 3494: 16 1 0
   Repacking 3495: 12 0
   Repacking 3496: 12 0
   Repacking 3497: 11 0
   Repacking 3498: 11 1 0
   Repacking 3499: 7 1 0
   Repacking 3500: 5 0
   Repacking 3501: 13 2 0
   Repacking 3502: 14 2 0
   Repacking 3503: 11 0
   Repacking 3504: 11 0
   Repacking 3505: 13 2 0
   Repacking 3506: 10 1 0
   Repacking 3507: 13 1 0
   Repacking 3508: 9 1 0
   Repacking 3509: 9 0
   Repacking 3510: 13 1 0
   Repacking 3511: 12 0
   Repacking 3512: 12 0
   Repacking 3513: 9 0
   Repacking 3514: 17 2 0
   Repacking 3515: 12 1 0
   Repacking 3516: 14 1 0
   Repacking 3517: 7 0
   Repacking 3518: 14 0
   Repacking 3519: 13 0
   Repacking 3520: 14 1 0
   Repacking 3521: 7 1 0
   Repacking 3522: 7 0
   Repacking 3523: 11 0
   Repacking 3524: 13 0
   Repacking 3525: 12 1 0
   Repacking 3526: 13 1 0
   Repacking 3527: 10 1 0
   Repacking 3528: 10 0
   Repacking 3529: 8 1 0
   Repacking 3530: 11 0
   Repacking 3531: 10 0
   Repacking 3532: 8 1 0
   Repacking 3533: 13 1 0
   Repacking 3534: 15 0
   Repacking 3535: 10 0
   Repacking 3536: 10 1 0
   Repacking 3537: 14 1 0
   Repacking 3538: 12 0
   Repacking 3539: 12 1 0
   Repacking 3540: 9 0
   Repacking 3541: 9 1 0
   Repacking 3542: 17 0
   Repacking 3543: 7 0
   Repacking 3544: 11 0
   Repacking 3545: 8 0
   Repacking 3546: 10 2 0
   Repacking 3547: 12 0
   Repacking 3548: 15 0
   Repacking 3549: 8 0
   Repacking 3550: 12 1 0
   Repacking 3551: 8 1 0
   Repacking 3552: 10 1 0
   Repacking 3553: 10 2 0
   Repacking 3554: 14 1 0
   Repacking 3555: 11 0
   Repacking 3556: 12 0
   Repacking 3557: 11 0
   Repacking 3558: 10 0
   Repacking 3559: 9 0
   Repacking 3560: 10 1 0
   Repacking 3561: 11 1 0
   Repacking 3562: 18 2 0
   Repacking 3563: 13 2 0
   Repacking 3564: 9 1 0
   Repacking 3565: 13 1 0
   Repacking 3566: 10 1 0
   Repacking 3567: 11 1 0
   Repacking 3568: 11 0
   Repacking 3569: 13 1 0
   Repacking 3570: 13 1 0
   Repacking 3571: 13 1 0
   Repacking 3572: 12 1 0
   Repacking 3573: 12 0
   Repacking 3574: 6 1 0
   Repacking 3575: 13 2 0
   Repacking 3576: 14 0
   Repacking 3577: 11 2 0
   Repacking 3578: 13 0
   Repacking 3579: 12 0
   Repacking 3580: 10 0
   Repacking 3581: 12 0
   Repacking 3582: 9 0
   Repacking 3583: 8 0
   Repacking 3584: 10 0
   Repacking 3585: 8 0
   Repacking 3586: 8 0
   Repacking 3587: 15 0
   Repacking 3588: 8 0
   Repacking 3589: 9 0
   Repacking 3590: 12 0
   Repacking 3591: 15 1 0
   Repacking 3592: 14 1 0
   Repacking 3593: 13 0
   Repacking 3594: 11 0
   Repacking 3595: 14 1 0
   Repacking 3596: 9 0
   Repacking 3597: 14 3 0
   Repacking 3598: 9 0
   Repacking 3599: 11 0
   Repacking 3600: 11 0
   Repacking 3601: 12 1 0
   Repacking 3602: 11 1 0
   Repacking 3603: 7 1 0
   Repacking 3604: 15 1 0
   Repacking 3605: 9 0
   Repacking 3606: 13 0
   Repacking 3607: 14 1 0
   Repacking 3608: 13 1 0
   Repacking 3609: 13 1 0
   Repacking 3610: 11 1 0
   Repacking 3611: 11 1 0
   Repacking 3612: 11 0
   Repacking 3613: 14 0
   Repacking 3614: 14 1 0
   Repacking 3615: 9 0
   Repacking 3616: 7 1 0
   Repacking 3617: 11 0
   Repacking 3618: 11 0
   Repacking 3619: 8 1 0
   Repacking 3620: 13 1 0
   Repacking 3621: 10 0
   Repacking 3622: 11 0
   Repacking 3623: 10 0
   Repacking 3624: 7 1 0
   Repacking 3625: 9 0
   Repacking 3626: 12 1 0
   Repacking 3627: 13 0
   Repacking 3628: 11 2 0
   Repacking 3629: 10 0
   Repacking 3630: 10 1 0
   Repacking 3631: 9 0
   Repacking 3632: 13 0
   Repacking 3633: 9 0
   Repacking 3634: 14 1 0
   Repacking 3635: 13 1 0
   Repacking 3636: 12 1 0
   Repacking 3637: 13 0
   Repacking 3638: 6 0
   Repacking 3639: 13 0
   Repacking 3640: 8 0
   Repacking 3641: 12 2 0
   Repacking 3642: 9 1 0
   Repacking 3643: 9 0
   Repacking 3644: 15 0
   Repacking 3645: 7 0
   Repacking 3646: 11 0
   Repacking 3647: 7 1 0
   Repacking 3648: 9 0
   Repacking 3649: 11 0
   Repacking 3650: 11 0
   Repacking 3651: 8 0
   Repacking 3652: 11 0
   Repacking 3653: 9 1 0
   Repacking 3654: 10 0
   Repacking 3655: 10 1 0
   Repacking 3656: 11 1 0
   Repacking 3657: 13 0
   Repacking 3658: 9 1 0
   Repacking 3659: 12 0
   Repacking 3660: 10 0
   Repacking 3661: 18 1 0
   Repacking 3662: 10 0
   Repacking 3663: 13 2 0
   Repacking 3664: 12 0
   Repacking 3665: 16 1 0
   Repacking 3666: 12 1 0
   Repacking 3667: 10 1 0
   Repacking 3668: 12 0
   Repacking 3669: 10 0
   Repacking 3670: 10 0
   Repacking 3671: 12 1 0
   Repacking 3672: 11 0
   Repacking 3673: 8 0
   Repacking 3674: 14 1 0
   Repacking 3675: 10 0
   Repacking 3676: 17 2 0
   Repacking 3677: 12 1 0
   Repacking 3678: 12 1 0
   Repacking 3679: 14 2 0
   Repacking 3680: 12 0
   Repacking 3681: 11 0
   Repacking 3682: 12 1 0
   Repacking 3683: 9 1 0
   Repacking 3684: 11 0
   Repacking 3685: 9 1 0
   Repacking 3686: 12 2 0
   Repacking 3687: 14 1 0
   Repacking 3688: 10 1 0
   Repacking 3689: 11 2 0
   Repacking 3690: 10 0
   Repacking 3691: 10 0
   Repacking 3692: 15 1 0
   Repacking 3693: 12 1 0
   Repacking 3694: 9 0
   Repacking 3695: 13 0
   Repacking 3696: 10 0
   Repacking 3697: 14 1 0
   Repacking 3698: 11 0
   Repacking 3699: 11 1 0
   Repacking 3700: 9 0
   Repacking 3701: 11 1 0
   Repacking 3702: 14 1 0
   Repacking 3703: 8 0
   Repacking 3704: 13 0
   Repacking 3705: 10 1 0
   Repacking 3706: 7 0
   Repacking 3707: 13 2 0
   Repacking 3708: 10 0
   Repacking 3709: 14 1 0
   Repacking 3710: 11 1 0
   Repacking 3711: 11 1 0
   Repacking 3712: 13 0
   Repacking 3713: 8 1 0
   Repacking 3714: 12 1 0
   Repacking 3715: 11 0
   Repacking 3716: 14 1 0
   Repacking 3717: 13 1 0
   Repacking 3718: 12 1 0
   Repacking 3719: 14 2 0
   Repacking 3720: 12 1 0
   Repacking 3721: 12 0
   Repacking 3722: 9 0
   Repacking 3723: 9 0
   Repacking 3724: 13 1 0
   Repacking 3725: 10 1 0
   Repacking 3726: 14 1 0
   Repacking 3727: 12 0
   Repacking 3728: 11 0
   Repacking 3729: 9 0
   Repacking 3730: 9 0
   Repacking 3731: 11 1 0
   Repacking 3732: 10 1 0
   Repacking 3733: 10 1 0
   Repacking 3734: 7 0
   Repacking 3735: 9 0
   Repacking 3736: 11 1 0
   Repacking 3737: 13 1 0
   Repacking 3738: 5 0
   Repacking 3739: 13 0
   Repacking 3740: 13 1 0
   Repacking 3741: 14 0
   Repacking 3742: 14 1 0
   Repacking 3743: 13 1 0
   Repacking 3744: 12 0
   Repacking 3745: 10 0
   Repacking 3746: 10 0
   Repacking 3747: 11 1 0
   Repacking 3748: 10 0
   Repacking 3749: 11 1 0
   Repacking 3750: 11 1 0
   Repacking 3751: 12 1 0
   Repacking 3752: 11 2 0
   Repacking 3753: 10 0
   Repacking 3754: 11 2 0
   Repacking 3755: 11 0
   Repacking 3756: 9 0
   Repacking 3757: 13 2 0
   Repacking 3758: 8 0
   Repacking 3759: 11 0
   Repacking 3760: 11 1 0
   Repacking 3761: 10 0
   Repacking 3762: 13 0
   Repacking 3763: 10 1 0
   Repacking 3764: 12 1 0
   Repacking 3765: 10 0
   Repacking 3766: 10 0
   Repacking 3767: 10 1 0
   Repacking 3768: 10 1 0
   Repacking 3769: 16 0
   Repacking 3770: 12 1 0
   Repacking 3771: 15 2 0
   Repacking 3772: 6 1 0
   Repacking 3773: 14 1 0
   Repacking 3774: 10 1 0
   Repacking 3775: 11 1 0
   Repacking 3776: 9 1 0
   Repacking 3777: 14 2 0
   Repacking 3778: 9 0
   Repacking 3779: 15 1 0
   Repacking 3780: 10 1 0
   Repacking 3781: 13 1 0
   Repacking 3782: 9 0
   Repacking 3783: 13 1 0
   Repacking 3784: 10 2 0
   Repacking 3785: 12 1 0
   Repacking 3786: 13 0
   Repacking 3787: 11 1 0
   Repacking 3788: 12 0
   Repacking 3789: 7 0
   Repacking 3790: 5 1 0
   Repacking 3791: 7 2 0
   Repacking 3792: 11 1 0
   Repacking 3793: 9 1 0
   Repacking 3794: 10 0
   Repacking 3795: 14 0
   Repacking 3796: 10 1 0
   Repacking 3797: 13 1 0
   Repacking 3798: 13 0
   Repacking 3799: 8 0
   Repacking 3800: 12 1 0
   Repacking 3801: 10 0
   Repacking 3802: 12 0
   Repacking 3803: 11 0
   Repacking 3804: 14 2 0
   Repacking 3805: 12 1 0
   Repacking 3806: 13 1 0
   Repacking 3807: 10 1 0
   Repacking 3808: 5 0
   Repacking 3809: 15 0
   Repacking 3810: 13 0
   Repacking 3811: 10 0
   Repacking 3812: 13 1 0
   Repacking 3813: 18 1 0
   Repacking 3814: 9 0
   Repacking 3815: 10 1 0
   Repacking 3816: 10 1 0
   Repacking 3817: 14 1 0
   Repacking 3818: 13 0
   Repacking 3819: 15 1 0
   Repacking 3820: 12 0
   Repacking 3821: 13 1 0
   Repacking 3822: 11 0
   Repacking 3823: 13 1 0
   Repacking 3824: 15 0
   Repacking 3825: 12 1 0
   Repacking 3826: 11 1 0
   Repacking 3827: 10 1 0
   Repacking 3828: 16 2 0
   Repacking 3829: 14 0
   Repacking 3830: 14 2 0
   Repacking 3831: 12 1 0
   Repacking 3832: 15 1 0
   Repacking 3833: 16 1 0
   Repacking 3834: 10 0
   Repacking 3835: 11 2 0
   Repacking 3836: 12 0
   Repacking 3837: 12 1 0
   Repacking 3838: 11 1 0
   Repacking 3839: 14 0
   Repacking 3840: 11 0
   Repacking 3841: 13 0
   Repacking 3842: 10 0
   Repacking 3843: 13 0
   Repacking 3844: 12 1 0
   Repacking 3845: 13 1 0
   Repacking 3846: 6 1 0
   Repacking 3847: 12 2 0
   Repacking 3848: 13 0
   Repacking 3849: 9 0
   Repacking 3850: 14 1 0
   Repacking 3851: 9 0
   Repacking 3852: 10 0
   Repacking 3853: 11 1 0
   Repacking 3854: 15 2 0
   Repacking 3855: 11 1 0
   Repacking 3856: 15 1 0
   Repacking 3857: 14 1 0
   Repacking 3858: 12 1 0
   Repacking 3859: 13 0
   Repacking 3860: 10 0
   Repacking 3861: 7 1 0
   Repacking 3862: 10 2 0
   Repacking 3863: 7 1 0
   Repacking 3864: 14 0
   Repacking 3865: 12 0
   Repacking 3866: 13 0
   Repacking 3867: 15 1 0
   Repacking 3868: 12 0
   Repacking 3869: 11 1 0
   Repacking 3870: 10 2 0
   Repacking 3871: 9 3 0
   Repacking 3872: 11 1 0
   Repacking 3873: 12 0
   Repacking 3874: 12 1 0
   Repacking 3875: 12 1 0
   Repacking 3876: 13 0
   Repacking 3877: 10 0
   Repacking 3878: 14 1 0
   Repacking 3879: 14 1 0
   Repacking 3880: 12 0
   Repacking 3881: 7 0
   Repacking 3882: 13 1 0
   Repacking 3883: 12 1 0
   Repacking 3884: 9 0
   Repacking 3885: 10 2 0
   Repacking 3886: 15 0
   Repacking 3887: 9 1 0
   Repacking 3888: 11 0
   Repacking 3889: 10 1 0
   Repacking 3890: 9 0
   Repacking 3891: 8 0
   Repacking 3892: 12 0
   Repacking 3893: 15 1 0
   Repacking 3894: 9 2 0
   Repacking 3895: 4 1 0
   Repacking 3896: 9 1 0
   Repacking 3897: 14 1 0
   Repacking 3898: 11 0
   Repacking 3899: 9 1 0
   Repacking 3900: 9 0
   Repacking 3901: 10 0
   Repacking 3902: 10 0
   Repacking 3903: 12 1 0
   Repacking 3904: 13 0
   Repacking 3905: 12 1 0
   Repacking 3906: 9 0
   Repacking 3907: 14 0
   Repacking 3908: 11 1 0
   Repacking 3909: 12 0
   Repacking 3910: 9 0
   Repacking 3911: 18 2 0
   Repacking 3912: 8 0
   Repacking 3913: 12 3 0
   Repacking 3914: 11 0
   Repacking 3915: 8 0
   Repacking 3916: 8 1 0
   Repacking 3917: 11 0
   Repacking 3918: 10 2 0
   Repacking 3919: 13 0
   Repacking 3920: 10 1 0
   Repacking 3921: 13 0
   Repacking 3922: 11 1 0
   Repacking 3923: 10 1 0
   Repacking 3924: 13 0
   Repacking 3925: 9 0
   Repacking 3926: 10 0
   Repacking 3927: 14 2 0
   Repacking 3928: 15 1 0
   Repacking 3929: 11 0
   Repacking 3930: 4 0
   Repacking 3931: 10 0
   Repacking 3932: 9 1 0
   Repacking 3933: 9 0
   Repacking 3934: 11 0
   Repacking 3935: 15 0
   Repacking 3936: 11 0
   Repacking 3937: 11 0
   Repacking 3938: 12 1 0
   Repacking 3939: 12 2 0
   Repacking 3940: 15 0
   Repacking 3941: 10 1 0
   Repacking 3942: 10 0
   Repacking 3943: 7 1 0
   Repacking 3944: 13 2 0
   Repacking 3945: 10 1 0
   Repacking 3946: 11 0
   Repacking 3947: 11 0
   Repacking 3948: 9 0
   Repacking 3949: 12 1 0
   Repacking 3950: 8 1 0
   Repacking 3951: 6 0
   Repacking 3952: 10 2 0
   Repacking 3953: 11 0
   Repacking 3954: 9 1 0
   Repacking 3955: 11 2 0
   Repacking 3956: 10 0
   Repacking 3957: 14 0
   Repacking 3958: 12 0
   Repacking 3959: 14 2 0
   Repacking 3960: 13 0
   Repacking 3961: 10 2 0
   Repacking 3962: 8 1 0
   Repacking 3963: 10 0
   Repacking 3964: 7 0
   Repacking 3965: 15 1 0
   Repacking 3966: 8 0
   Repacking 3967: 12 1 0
   Repacking 3968: 12 0
   Repacking 3969: 8 0
   Repacking 3970: 9 1 0
   Repacking 3971: 10 0
   Repacking 3972: 14 0
   Repacking 3973: 12 1 0
   Repacking 3974: 14 1 0
   Repacking 3975: 11 0
   Repacking 3976: 13 0
   Repacking 3977: 7 0
   Repacking 3978: 11 1 0
   Repacking 3979: 14 2 0
   Repacking 3980: 8 0
   Repacking 3981: 11 1 0
   Repacking 3982: 10 2 0
   Repacking 3983: 11 1 0
   Repacking 3984: 11 0
   Repacking 3985: 9 1 0
   Repacking 3986: 9 1 0
   Repacking 3987: 9 0
   Repacking 3988: 11 1 0
   Repacking 3989: 11 1 0
   Repacking 3990: 10 0
   Repacking 3991: 13 2 0
   Repacking 3992: 13 1 0
   Repacking 3993: 13 1 0
   Repacking 3994: 10 0
   Repacking 3995: 13 1 0
   Repacking 3996: 13 2 0
   Repacking 3997: 11 1 0
   Repacking 3998: 8 1 0
   Repacking 3999: 11 0
   Repacking 4000: 12 0
   Repacking 4001: 12 1 0
   Repacking 4002: 8 1 0
   Repacking 4003: 12 1 0
   Repacking 4004: 14 1 0
   Repacking 4005: 13 1 0
   Repacking 4006: 15 1 0
   Repacking 4007: 11 1 0
   Repacking 4008: 13 1 0
   Repacking 4009: 12 1 0
   Repacking 4010: 12 1 0
   Repacking 4011: 13 1 0
   Repacking 4012: 9 1 0
   Repacking 4013: 10 0
   Repacking 4014: 10 0
   Repacking 4015: 11 1 0
   Repacking 4016: 13 2 0
   Repacking 4017: 11 1 0
   Repacking 4018: 14 0
   Repacking 4019: 10 1 0
   Repacking 4020: 11 0
   Repacking 4021: 8 1 0
   Repacking 4022: 13 1 0
   Repacking 4023: 10 0
   Repacking 4024: 8 1 0
   Repacking 4025: 13 1 0
   Repacking 4026: 12 0
   Repacking 4027: 10 2 0
   Repacking 4028: 13 1 0
   Repacking 4029: 12 0
   Repacking 4030: 9 0
   Repacking 4031: 7 0
   Repacking 4032: 14 1 0
   Repacking 4033: 10 1 0
   Repacking 4034: 17 1 0
   Repacking 4035: 11 0
   Repacking 4036: 9 0
   Repacking 4037: 14 1 0
   Repacking 4038: 10 0
   Repacking 4039: 13 0
   Repacking 4040: 10 1 0
   Repacking 4041: 11 1 0
   Repacking 4042: 12 0
   Repacking 4043: 10 0
   Repacking 4044: 16 1 0
   Repacking 4045: 10 0
   Repacking 4046: 14 1 0
   Repacking 4047: 17 1 0
   Repacking 4048: 12 0
   Repacking 4049: 14 1 0
   Repacking 4050: 11 1 0
   Repacking 4051: 10 1 0
   Repacking 4052: 14 1 0
   Repacking 4053: 15 3 0
   Repacking 4054: 10 1 0
   Repacking 4055: 14 0
   Repacking 4056: 13 2 0
   Repacking 4057: 10 1 0
   Repacking 4058: 13 0
   Repacking 4059: 14 0
   Repacking 4060: 9 1 0
   Repacking 4061: 9 0
   Repacking 4062: 10 0
   Repacking 4063: 11 0
   Repacking 4064: 10 0
   Repacking 4065: 14 0
   Repacking 4066: 8 1 0
   Repacking 4067: 12 0
   Repacking 4068: 8 0
   Repacking 4069: 10 1 0
   Repacking 4070: 12 1 0
   Repacking 4071: 11 0
   Repacking 4072: 15 2 0
   Repacking 4073: 9 1 0
   Repacking 4074: 10 1 0
   Repacking 4075: 6 1 0
   Repacking 4076: 10 0
   Repacking 4077: 8 0
   Repacking 4078: 10 1 0
   Repacking 4079: 9 1 0
   Repacking 4080: 11 0
   Repacking 4081: 12 0
   Repacking 4082: 11 0
   Repacking 4083: 7 1 0
   Repacking 4084: 12 1 0
   Repacking 4085: 12 2 0
   Repacking 4086: 17 2 0
   Repacking 4087: 11 0
   Repacking 4088: 14 2 0
   Repacking 4089: 12 0
   Repacking 4090: 12 1 0
   Repacking 4091: 12 0
   Repacking 4092: 11 1 0
   Repacking 4093: 13 0
   Repacking 4094: 17 0
   Repacking 4095: 11 0
   Repacking 4096: 9 0
   Repacking 4097: 11 0
   Repacking 4098: 14 2 0
   Repacking 4099: 9 0
   Repacking 4100: 10 1 0
   Repacking 4101: 14 2 0
   Repacking 4102: 11 1 0
   Repacking 4103: 10 1 0
   Repacking 4104: 10 0
   Repacking 4105: 10 0
   Repacking 4106: 7 2 0
   Repacking 4107: 7 0
   Repacking 4108: 9 0
   Repacking 4109: 13 1 0
   Repacking 4110: 12 1 0
   Repacking 4111: 10 0
   Repacking 4112: 11 1 0
   Repacking 4113: 12 1 0
   Repacking 4114: 13 0
   Repacking 4115: 12 0
   Repacking 4116: 11 0
   Repacking 4117: 16 1 0
   Repacking 4118: 11 2 0
   Repacking 4119: 14 1 0
   Repacking 4120: 9 0
   Repacking 4121: 14 2 0
   Repacking 4122: 11 1 0
   Repacking 4123: 12 0
   Repacking 4124: 10 2 0
   Repacking 4125: 14 0
   Repacking 4126: 11 1 0
   Repacking 4127: 11 1 0
   Repacking 4128: 12 0
   Repacking 4129: 8 1 0
   Repacking 4130: 12 1 0
   Repacking 4131: 14 2 0
   Repacking 4132: 6 1 0
   Repacking 4133: 15 2 0
   Repacking 4134: 10 1 0
   Repacking 4135: 7 1 0
   Repacking 4136: 13 0
   Repacking 4137: 14 0
   Repacking 4138: 14 0
   Repacking 4139: 10 0
   Repacking 4140: 10 1 0
   Repacking 4141: 16 0
   Repacking 4142: 11 0
   Repacking 4143: 11 1 0
   Repacking 4144: 10 0
   Repacking 4145: 10 0
   Repacking 4146: 15 1 0
   Repacking 4147: 15 1 0
   Repacking 4148: 8 1 0
   Repacking 4149: 15 2 0
   Repacking 4150: 12 0
   Repacking 4151: 12 1 0
   Repacking 4152: 9 0
   Repacking 4153: 10 1 0
   Repacking 4154: 9 2 0
   Repacking 4155: 14 1 0
   Repacking 4156: 14 1 0
   Repacking 4157: 9 0
   Repacking 4158: 13 0
   Repacking 4159: 10 0
   Repacking 4160: 11 0
   Repacking 4161: 8 1 0
   Repacking 4162: 14 0
   Repacking 4163: 16 1 0
   Repacking 4164: 16 3 0
   Repacking 4165: 10 1 0
   Repacking 4166: 11 0
   Repacking 4167: 11 2 0
   Repacking 4168: 8 0
   Repacking 4169: 13 0
   Repacking 4170: 9 0
   Repacking 4171: 13 1 0
   Repacking 4172: 18 1 0
   Repacking 4173: 15 2 0
   Repacking 4174: 10 0
   Repacking 4175: 13 1 0
   Repacking 4176: 9 0
   Repacking 4177: 10 0
   Repacking 4178: 11 0
   Repacking 4179: 13 0
   Repacking 4180: 15 1 0
   Repacking 4181: 10 0
   Repacking 4182: 12 1 0
   Repacking 4183: 15 0
   Repacking 4184: 12 0
   Repacking 4185: 11 0
   Repacking 4186: 12 1 0
   Repacking 4187: 12 1 0
   Repacking 4188: 9 1 0
   Repacking 4189: 12 1 0
   Repacking 4190: 14 0
   Repacking 4191: 8 2 0
   Repacking 4192: 9 1 0
   Repacking 4193: 8 1 0
   Repacking 4194: 12 1 0
   Repacking 4195: 11 1 0
   Repacking 4196: 14 0
   Repacking 4197: 10 2 0
   Repacking 4198: 16 1 0
   Repacking 4199: 7 1 0
   Repacking 4200: 11 1 0
   Repacking 4201: 5 0
   Repacking 4202: 13 1 0
   Repacking 4203: 13 0
   Repacking 4204: 12 1 0
   Repacking 4205: 13 0
   Repacking 4206: 11 0
   Repacking 4207: 9 0
   Repacking 4208: 9 0
   Repacking 4209: 9 1 0
   Repacking 4210: 10 0
   Repacking 4211: 13 1 0
   Repacking 4212: 11 1 0
   Repacking 4213: 11 0
   Repacking 4214: 10 0
   Repacking 4215: 9 1 0
   Repacking 4216: 13 0
   Repacking 4217: 15 0
   Repacking 4218: 8 0
   Repacking 4219: 10 3 0
   Repacking 4220: 11 1 0
   Repacking 4221: 13 1 0
   Repacking 4222: 11 1 0
   Repacking 4223: 11 0
   Repacking 4224: 12 1 0
   Repacking 4225: 13 2 0
   Repacking 4226: 12 1 0
   Repacking 4227: 13 1 0
   Repacking 4228: 12 2 0
   Repacking 4229: 9 0
   Repacking 4230: 11 1 0
   Repacking 4231: 13 1 0
   Repacking 4232: 14 1 0
   Repacking 4233: 10 1 0
   Repacking 4234: 14 1 0
   Repacking 4235: 7 0
   Repacking 4236: 11 0
   Repacking 4237: 13 2 0
   Repacking 4238: 7 0
   Repacking 4239: 15 1 0
   Repacking 4240: 11 3 0
   Repacking 4241: 9 1 0
   Repacking 4242: 8 0
   Repacking 4243: 12 0
   Repacking 4244: 12 2 0
   Repacking 4245: 16 1 0
   Repacking 4246: 13 0
   Repacking 4247: 12 1 0
   Repacking 4248: 8 0
   Repacking 4249: 14 0
   Repacking 4250: 11 0
   Repacking 4251: 9 0
   Repacking 4252: 7 0
   Repacking 4253: 16 2 0
   Repacking 4254: 9 1 0
   Repacking 4255: 8 1 0
   Repacking 4256: 12 0
   Repacking 4257: 16 2 0
   Repacking 4258: 12 1 0
   Repacking 4259: 13 0
   Repacking 4260: 12 2 0
   Repacking 4261: 12 2 0
   Repacking 4262: 14 0
   Repacking 4263: 12 1 0
   Repacking 4264: 14 1 0
   Repacking 4265: 8 1 0
   Repacking 4266: 13 0
   Repacking 4267: 10 1 0
   Repacking 4268: 11 1 0
   Repacking 4269: 11 2 0
   Repacking 4270: 11 1 0
   Repacking 4271: 12 1 0
   Repacking 4272: 11 1 0
   Repacking 4273: 11 1 0
   Repacking 4274: 14 0
   Repacking 4275: 12 0
   Repacking 4276: 14 0
   Repacking 4277: 16 1 0
   Repacking 4278: 12 1 0
   Repacking 4279: 8 2 0
   Repacking 4280: 11 1 0
   Repacking 4281: 12 2 0
   Repacking 4282: 9 0
   Repacking 4283: 10 2 0
   Repacking 4284: 11 0
   Repacking 4285: 15 2 0
   Repacking 4286: 11 0
   Repacking 4287: 10 1 0
   Repacking 4288: 9 0
   Repacking 4289: 10 1 0
   Repacking 4290: 10 1 0
   Repacking 4291: 11 0
   Repacking 4292: 11 0
   Repacking 4293: 14 0
   Repacking 4294: 8 0
   Repacking 4295: 11 0
   Repacking 4296: 11 1 0
   Repacking 4297: 11 1 0
   Repacking 4298: 10 0
   Repacking 4299: 12 1 0
   Repacking 4300: 10 1 0
   Repacking 4301: 10 1 0
   Repacking 4302: 10 2 0
   Repacking 4303: 11 0
   Repacking 4304: 11 2 0
   Repacking 4305: 14 1 0
   Repacking 4306: 10 0
   Repacking 4307: 12 1 0
   Repacking 4308: 9 1 0
   Repacking 4309: 15 1 0
   Repacking 4310: 11 1 0
   Repacking 4311: 9 1 0
   Repacking 4312: 8 1 0
   Repacking 4313: 9 1 0
   Repacking 4314: 10 1 0
   Repacking 4315: 13 1 0
   Repacking 4316: 11 0
   Repacking 4317: 10 2 0
   Repacking 4318: 11 1 0
   Repacking 4319: 9 1 0
   Repacking 4320: 10 0
   Repacking 4321: 10 0
   Repacking 4322: 12 1 0
   Repacking 4323: 10 0
   Repacking 4324: 11 1 0
   Repacking 4325: 15 0
   Repacking 4326: 9 2 0
   Repacking 4327: 11 1 0
   Repacking 4328: 11 1 0
   Repacking 4329: 13 1 0
   Repacking 4330: 8 0
   Repacking 4331: 13 2 0
   Repacking 4332: 14 0
   Repacking 4333: 15 1 0
   Repacking 4334: 11 1 0
   Repacking 4335: 11 0
   Repacking 4336: 12 0
   Repacking 4337: 13 0
   Repacking 4338: 12 0
   Repacking 4339: 11 0
   Repacking 4340: 8 1 0
   Repacking 4341: 10 0
   Repacking 4342: 10 1 0
   Repacking 4343: 6 0
   Repacking 4344: 13 1 0
   Repacking 4345: 12 0
   Repacking 4346: 14 1 0
   Repacking 4347: 11 0
   Repacking 4348: 9 1 0
   Repacking 4349: 11 2 0
   Repacking 4350: 12 0
   Repacking 4351: 8 1 0
   Repacking 4352: 14 1 0
   Repacking 4353: 11 0
   Repacking 4354: 10 0
   Repacking 4355: 12 1 0
   Repacking 4356: 13 0
   Repacking 4357: 12 0
   Repacking 4358: 15 0
   Repacking 4359: 8 1 0
   Repacking 4360: 13 2 0
   Repacking 4361: 8 1 0
   Repacking 4362: 13 1 0
   Repacking 4363: 10 1 0
   Repacking 4364: 16 2 0
   Repacking 4365: 13 2 0
   Repacking 4366: 11 2 0
   Repacking 4367: 12 0
   Repacking 4368: 8 1 0
   Repacking 4369: 14 1 0
   Repacking 4370: 14 0
   Repacking 4371: 14 0
   Repacking 4372: 10 0
   Repacking 4373: 15 1 0
   Repacking 4374: 8 1 0
   Repacking 4375: 13 0
   Repacking 4376: 12 1 0
   Repacking 4377: 10 3 0
   Repacking 4378: 9 1 0
   Repacking 4379: 9 1 0
   Repacking 4380: 10 1 0
   Repacking 4381: 11 1 0
   Repacking 4382: 13 2 0
   Repacking 4383: 7 1 0
   Repacking 4384: 9 0
   Repacking 4385: 13 1 0
   Repacking 4386: 10 1 0
   Repacking 4387: 7 1 0
   Repacking 4388: 9 1 0
   Repacking 4389: 11 0
   Repacking 4390: 8 1 0
   Repacking 4391: 14 2 0
   Repacking 4392: 10 0
   Repacking 4393: 16 0
   Repacking 4394: 11 1 0
   Repacking 4395: 8 1 0
   Repacking 4396: 14 1 0
   Repacking 4397: 10 0
   Repacking 4398: 7 0
   Repacking 4399: 13 1 0
   Repacking 4400: 10 1 0
   Repacking 4401: 11 1 0
   Repacking 4402: 10 0
   Repacking 4403: 10 1 0
   Repacking 4404: 9 0
   Repacking 4405: 9 1 0
   Repacking 4406: 10 0
   Repacking 4407: 12 0
   Repacking 4408: 11 0
   Repacking 4409: 9 1 0
   Repacking 4410: 9 0
   Repacking 4411: 11 1 0
   Repacking 4412: 12 1 0
   Repacking 4413: 12 1 0
   Repacking 4414: 7 0
   Repacking 4415: 8 0
   Repacking 4416: 10 1 0
   Repacking 4417: 10 1 0
   Repacking 4418: 11 1 0
   Repacking 4419: 9 0
   Repacking 4420: 12 0
   Repacking 4421: 10 0
   Repacking 4422: 13 0
   Repacking 4423: 12 0
   Repacking 4424: 11 1 0
   Repacking 4425: 16 0
   Repacking 4426: 10 2 0
   Repacking 4427: 14 0
   Repacking 4428: 14 0
   Repacking 4429: 9 0
   Repacking 4430: 10 0
   Repacking 4431: 10 1 0
   Repacking 4432: 12 1 0
   Repacking 4433: 11 2 0
   Repacking 4434: 9 1 0
   Repacking 4435: 11 0
   Repacking 4436: 11 1 0
   Repacking 4437: 12 1 0
   Repacking 4438: 15 1 0
   Repacking 4439: 12 0
   Repacking 4440: 10 2 0
   Repacking 4441: 10 0
   Repacking 4442: 13 1 0
   Repacking 4443: 15 0
   Repacking 4444: 10 2 0
   Repacking 4445: 13 0
   Repacking 4446: 11 1 0
   Repacking 4447: 7 0
   Repacking 4448: 14 0
   Repacking 4449: 13 0
   Repacking 4450: 15 1 0
   Repacking 4451: 12 0
   Repacking 4452: 10 0
   Repacking 4453: 13 1 0
   Repacking 4454: 11 2 0
   Repacking 4455: 9 1 0
   Repacking 4456: 13 2 0
   Repacking 4457: 12 1 0
   Repacking 4458: 12 1 0
   Repacking 4459: 14 1 0
   Repacking 4460: 13 1 0
   Repacking 4461: 10 1 0
   Repacking 4462: 8 0
   Repacking 4463: 14 1 0
   Repacking 4464: 11 0
   Repacking 4465: 12 1 0
   Repacking 4466: 13 0
   Repacking 4467: 13 2 0
   Repacking 4468: 16 2 0
   Repacking 4469: 10 2 0
   Repacking 4470: 9 0
   Repacking 4471: 10 1 0
   Repacking 4472: 10 0
   Repacking 4473: 12 1 0
   Repacking 4474: 12 0
   Repacking 4475: 7 1 0
   Repacking 4476: 10 1 0
   Repacking 4477: 14 1 0
   Repacking 4478: 7 0
   Repacking 4479: 14 0
   Repacking 4480: 14 0
   Repacking 4481: 14 2 0
   Repacking 4482: 9 1 0
   Repacking 4483: 9 0
   Repacking 4484: 13 0
   Repacking 4485: 10 1 0
   Repacking 4486: 11 0
   Repacking 4487: 10 0
   Repacking 4488: 7 1 0
   Repacking 4489: 11 1 0
   Repacking 4490: 11 0
   Repacking 4491: 13 0
   Repacking 4492: 11 0
   Repacking 4493: 12 2 0
   Repacking 4494: 13 0
   Repacking 4495: 8 1 0
   Repacking 4496: 8 2 0
   Repacking 4497: 8 2 0
   Repacking 4498: 11 1 0
   Repacking 4499: 16 0
   Repacking 4500: 11 1 0
   Repacking 4501: 9 1 0
   Repacking 4502: 13 1 0
   Repacking 4503: 9 1 0
   Repacking 4504: 9 1 0
   Repacking 4505: 10 1 0
   Repacking 4506: 10 1 0
   Repacking 4507: 12 1 0
   Repacking 4508: 13 2 0
   Repacking 4509: 11 1 0
   Repacking 4510: 14 2 0
   Repacking 4511: 11 1 0
   Repacking 4512: 12 2 0
   Repacking 4513: 10 0
   Repacking 4514: 11 0
   Repacking 4515: 9 0
   Repacking 4516: 10 0
   Repacking 4517: 8 1 0
   Repacking 4518: 10 1 0
   Repacking 4519: 11 0
   Repacking 4520: 11 0
   Repacking 4521: 12 0
   Repacking 4522: 16 1 0
   Repacking 4523: 8 1 0
   Repacking 4524: 14 1 0
   Repacking 4525: 14 2 0
   Repacking 4526: 12 1 0
   Repacking 4527: 10 0
   Repacking 4528: 11 1 0
   Repacking 4529: 13 0
   Repacking 4530: 10 0
   Repacking 4531: 12 0
   Repacking 4532: 11 3 0
   Repacking 4533: 5 1 0
   Repacking 4534: 12 1 0
   Repacking 4535: 8 2 0
   Repacking 4536: 12 1 0
   Repacking 4537: 13 0
   Repacking 4538: 11 1 0
   Repacking 4539: 12 0
   Repacking 4540: 10 1 0
   Repacking 4541: 14 1 0
   Repacking 4542: 8 1 0
   Repacking 4543: 13 0
   Repacking 4544: 13 0
   Repacking 4545: 10 0
   Repacking 4546: 11 1 0
   Repacking 4547: 13 1 0
   Repacking 4548: 11 2 0
   Repacking 4549: 16 1 0
   Repacking 4550: 10 1 0
   Repacking 4551: 12 0
   Repacking 4552: 8 0
   Repacking 4553: 14 2 0
   Repacking 4554: 10 1 0
   Repacking 4555: 15 1 0
   Repacking 4556: 13 1 0
   Repacking 4557: 15 1 0
   Repacking 4558: 14 0
   Repacking 4559: 11 1 0
   Repacking 4560: 16 0
   Repacking 4561: 12 0
   Repacking 4562: 7 0
   Repacking 4563: 12 0
   Repacking 4564: 12 0
   Repacking 4565: 10 1 0
   Repacking 4566: 12 2 0
   Repacking 4567: 11 0
   Repacking 4568: 6 0
   Repacking 4569: 11 1 0
   Repacking 4570: 11 0
   Repacking 4571: 12 0
   Repacking 4572: 13 0
   Repacking 4573: 10 1 0
   Repacking 4574: 12 0
   Repacking 4575: 3 0
   Repacking 4576: 9 0
   Repacking 4577: 10 2 0
   Repacking 4578: 11 1 0
   Repacking 4579: 12 1 0
   Repacking 4580: 8 0
   Repacking 4581: 11 1 0
   Repacking 4582: 6 0
   Repacking 4583: 11 0
   Repacking 4584: 10 0
   Repacking 4585: 11 1 0
   Repacking 4586: 13 0
   Repacking 4587: 12 0
   Repacking 4588: 14 1 0
   Repacking 4589: 11 2 0
   Repacking 4590: 11 0
   Repacking 4591: 12 1 0
   Repacking 4592: 13 1 0
   Repacking 4593: 9 0
   Repacking 4594: 8 2 0
   Repacking 4595: 10 0
   Repacking 4596: 14 0
   Repacking 4597: 12 1 0
   Repacking 4598: 7 1 0
   Repacking 4599: 11 0
   Repacking 4600: 12 1 0
   Repacking 4601: 11 2 0
   Repacking 4602: 12 1 0
   Repacking 4603: 14 0
   Repacking 4604: 13 1 0
   Repacking 4605: 10 0
   Repacking 4606: 11 1 0
   Repacking 4607: 12 0
   Repacking 4608: 11 0
   Repacking 4609: 14 0
   Repacking 4610: 15 3 0
   Repacking 4611: 10 2 0
   Repacking 4612: 12 0
   Repacking 4613: 9 0
   Repacking 4614: 13 2 0
   Repacking 4615: 15 1 0
   Repacking 4616: 12 0
   Repacking 4617: 11 0
   Repacking 4618: 14 0
   Repacking 4619: 11 0
   Repacking 4620: 12 0
   Repacking 4621: 15 1 0
   Repacking 4622: 9 0
   Repacking 4623: 10 2 0
   Repacking 4624: 11 0
   Repacking 4625: 9 1 0
   Repacking 4626: 12 1 0
   Repacking 4627: 13 0
   Repacking 4628: 17 1 0
   Repacking 4629: 11 0
   Repacking 4630: 11 0
   Repacking 4631: 9 0
   Repacking 4632: 16 2 0
   Repacking 4633: 12 0
   Repacking 4634: 13 1 0
   Repacking 4635: 12 1 0
   Repacking 4636: 11 2 0
   Repacking 4637: 13 1 0
   Repacking 4638: 14 0
   Repacking 4639: 5 0
   Repacking 4640: 9 1 0
   Repacking 4641: 8 0
   Repacking 4642: 10 1 0
   Repacking 4643: 11 0
   Repacking 4644: 8 2 0
   Repacking 4645: 15 1 0
   Repacking 4646: 7 1 0
   Repacking 4647: 11 0
   Repacking 4648: 11 1 0
   Repacking 4649: 10 1 0
   Repacking 4650: 15 0
   Repacking 4651: 7 0
   Repacking 4652: 10 1 0
   Repacking 4653: 12 0
   Repacking 4654: 16 2 0
   Repacking 4655: 16 0
   Repacking 4656: 12 0
   Repacking 4657: 9 1 0
   Repacking 4658: 11 1 0
   Repacking 4659: 13 2 0
   Repacking 4660: 9 0
   Repacking 4661: 15 1 0
   Repacking 4662: 13 0
   Repacking 4663: 11 2 0
   Repacking 4664: 10 2 0
   Repacking 4665: 11 0
   Repacking 4666: 15 1 0
   Repacking 4667: 10 0
   Repacking 4668: 12 0
   Repacking 4669: 11 1 0
   Repacking 4670: 9 0
   Repacking 4671: 11 1 0
   Repacking 4672: 13 1 0
   Repacking 4673: 10 1 0
   Repacking 4674: 8 0
   Repacking 4675: 12 2 0
   Repacking 4676: 9 0
   Repacking 4677: 11 1 0
   Repacking 4678: 10 0
   Repacking 4679: 10 1 0
   Repacking 4680: 13 1 0
   Repacking 4681: 12 1 0
   Repacking 4682: 12 0
   Repacking 4683: 12 2 0
   Repacking 4684: 7 1 0
   Repacking 4685: 11 1 0
   Repacking 4686: 10 1 0
   Repacking 4687: 12 0
   Repacking 4688: 11 0
   Repacking 4689: 14 0
   Repacking 4690: 10 1 0
   Repacking 4691: 13 1 0
   Repacking 4692: 14 1 0
   Repacking 4693: 14 1 0
   Repacking 4694: 11 1 0
   Repacking 4695: 10 0
   Repacking 4696: 12 0
   Repacking 4697: 11 1 0
   Repacking 4698: 8 1 0
   Repacking 4699: 8 0
   Repacking 4700: 9 0
   Repacking 4701: 8 1 0
   Repacking 4702: 11 0
   Repacking 4703: 11 1 0
   Repacking 4704: 16 1 0
   Repacking 4705: 10 0
   Repacking 4706: 9 0
   Repacking 4707: 10 0
   Repacking 4708: 14 1 0
   Repacking 4709: 6 0
   Repacking 4710: 8 0
   Repacking 4711: 10 2 0
   Repacking 4712: 14 1 0
   Repacking 4713: 12 1 0
   Repacking 4714: 13 1 0
   Repacking 4715: 10 1 0
   Repacking 4716: 14 0
   Repacking 4717: 11 1 0
   Repacking 4718: 13 0
   Repacking 4719: 9 0
   Repacking 4720: 13 2 0
   Repacking 4721: 9 0
   Repacking 4722: 13 1 0
   Repacking 4723: 11 0
   Repacking 4724: 9 0
   Repacking 4725: 14 1 0
   Repacking 4726: 10 0
   Repacking 4727: 13 1 0
   Repacking 4728: 9 0
   Repacking 4729: 10 0
   Repacking 4730: 9 1 0
   Repacking 4731: 10 0
   Repacking 4732: 7 1 0
   Repacking 4733: 10 1 0
   Repacking 4734: 12 2 0
   Repacking 4735: 8 1 0
   Repacking 4736: 10 0
   Repacking 4737: 13 1 0
   Repacking 4738: 8 1 0
   Repacking 4739: 10 0
   Repacking 4740: 12 0
   Repacking 4741: 12 2 0
   Repacking 4742: 14 0
   Repacking 4743: 11 0
   Repacking 4744: 12 1 0
   Repacking 4745: 11 0
   Repacking 4746: 12 0
   Repacking 4747: 14 1 0
   Repacking 4748: 13 1 0
   Repacking 4749: 15 1 0
   Repacking 4750: 12 0
   Repacking 4751: 14 1 0
   Repacking 4752: 12 0
   Repacking 4753: 13 1 0
   Repacking 4754: 12 1 0
   Repacking 4755: 14 2 0
   Repacking 4756: 8 1 0
   Repacking 4757: 11 0
   Repacking 4758: 12 0
   Repacking 4759: 12 0
   Repacking 4760: 13 1 0
   Repacking 4761: 9 0
   Repacking 4762: 9 1 0
   Repacking 4763: 13 2 0
   Repacking 4764: 8 0
   Repacking 4765: 10 1 0
   Repacking 4766: 11 0
   Repacking 4767: 12 1 0
   Repacking 4768: 10 1 0
   Repacking 4769: 13 0
   Repacking 4770: 11 0
   Repacking 4771: 11 1 0
   Repacking 4772: 11 1 0
   Repacking 4773: 15 0
   Repacking 4774: 12 1 0
   Repacking 4775: 12 0
   Repacking 4776: 12 0
   Repacking 4777: 9 1 0
   Repacking 4778: 10 0
   Repacking 4779: 11 0
   Repacking 4780: 13 0
   Repacking 4781: 17 1 0
   Repacking 4782: 9 1 0
   Repacking 4783: 17 2 0
   Repacking 4784: 11 2 0
   Repacking 4785: 10 0
   Repacking 4786: 13 0
   Repacking 4787: 12 0
   Repacking 4788: 12 1 0
   Repacking 4789: 10 0
   Repacking 4790: 14 2 0
   Repacking 4791: 8 0
   Repacking 4792: 11 0
   Repacking 4793: 12 1 0
   Repacking 4794: 12 0
   Repacking 4795: 9 0
   Repacking 4796: 11 0
   Repacking 4797: 12 1 0
   Repacking 4798: 6 2 0
   Repacking 4799: 9 1 0
   Repacking 4800: 15 0
   Repacking 4801: 15 1 0
   Repacking 4802: 16 1 0
   Repacking 4803: 12 1 0
   Repacking 4804: 17 2 0
   Repacking 4805: 15 1 0
   Repacking 4806: 12 1 0
   Repacking 4807: 9 0
   Repacking 4808: 12 0
   Repacking 4809: 13 0
   Repacking 4810: 9 1 0
   Repacking 4811: 13 1 0
   Repacking 4812: 8 1 0
   Repacking 4813: 13 0
   Repacking 4814: 13 0
   Repacking 4815: 13 1 0
   Repacking 4816: 9 1 0
   Repacking 4817: 10 1 0
   Repacking 4818: 9 1 0
   Repacking 4819: 11 0
   Repacking 4820: 8 0
   Repacking 4821: 8 0
   Repacking 4822: 10 0
   Repacking 4823: 10 1 0
   Repacking 4824: 9 0
   Repacking 4825: 9 0
   Repacking 4826: 13 0
   Repacking 4827: 12 2 0
   Repacking 4828: 8 1 0
   Repacking 4829: 12 0
   Repacking 4830: 12 1 0
   Repacking 4831: 13 1 0
   Repacking 4832: 12 0
   Repacking 4833: 13 0
   Repacking 4834: 14 0
   Repacking 4835: 10 0
   Repacking 4836: 11 1 0
   Repacking 4837: 11 0
   Repacking 4838: 13 0
   Repacking 4839: 11 0
   Repacking 4840: 11 1 0
   Repacking 4841: 13 0
   Repacking 4842: 11 0
   Repacking 4843: 14 1 0
   Repacking 4844: 9 1 0
   Repacking 4845: 8 0
   Repacking 4846: 11 0
   Repacking 4847: 13 0
   Repacking 4848: 17 2 0
   Repacking 4849: 14 0
   Repacking 4850: 11 1 0
   Repacking 4851: 12 0
   Repacking 4852: 12 0
   Repacking 4853: 11 1 0
   Repacking 4854: 10 0
   Repacking 4855: 11 1 0
   Repacking 4856: 12 0
   Repacking 4857: 6 1 0
   Repacking 4858: 10 0
   Repacking 4859: 9 1 0
   Repacking 4860: 10 0
   Repacking 4861: 11 0
   Repacking 4862: 10 0
   Repacking 4863: 15 0
   Repacking 4864: 11 0
   Repacking 4865: 9 2 0
   Repacking 4866: 12 0
   Repacking 4867: 10 0
   Repacking 4868: 11 0
   Repacking 4869: 14 0
   Repacking 4870: 12 1 0
   Repacking 4871: 14 2 0
   Repacking 4872: 11 1 0
   Repacking 4873: 14 1 0
   Repacking 4874: 13 1 0
   Repacking 4875: 11 1 0
   Repacking 4876: 11 0
   Repacking 4877: 7 1 0
   Repacking 4878: 8 0
   Repacking 4879: 12 1 0
   Repacking 4880: 14 0
   Repacking 4881: 9 1 0
   Repacking 4882: 10 0
   Repacking 4883: 10 0
   Repacking 4884: 11 2 0
   Repacking 4885: 13 1 0
   Repacking 4886: 13 1 0
   Repacking 4887: 13 1 0
   Repacking 4888: 11 1 0
   Repacking 4889: 11 1 0
   Repacking 4890: 14 2 0
   Repacking 4891: 13 2 0
   Repacking 4892: 14 1 0
   Repacking 4893: 12 0
   Repacking 4894: 11 2 0
   Repacking 4895: 8 1 0
   Repacking 4896: 12 1 0
   Repacking 4897: 11 0
   Repacking 4898: 8 0
   Repacking 4899: 8 0
   Repacking 4900: 10 0
   Repacking 4901: 12 2 0
   Repacking 4902: 12 1 0
   Repacking 4903: 10 2 0
   Repacking 4904: 10 0
   Repacking 4905: 11 1 0
   Repacking 4906: 11 1 0
   Repacking 4907: 10 0
   Repacking 4908: 15 0
   Repacking 4909: 13 1 0
   Repacking 4910: 6 0
   Repacking 4911: 12 1 0
   Repacking 4912: 10 0
   Repacking 4913: 13 1 0
   Repacking 4914: 11 0
   Repacking 4915: 7 1 0
   Repacking 4916: 9 1 0
   Repacking 4917: 14 0
   Repacking 4918: 9 0
   Repacking 4919: 10 0
   Repacking 4920: 11 1 0
   Repacking 4921: 12 1 0
   Repacking 4922: 14 1 0
   Repacking 4923: 12 3 0
   Repacking 4924: 13 0
   Repacking 4925: 14 1 0
   Repacking 4926: 10 1 0
   Repacking 4927: 8 1 0
   Repacking 4928: 12 0
   Repacking 4929: 12 1 0
   Repacking 4930: 10 1 0
   Repacking 4931: 11 1 0
   Repacking 4932: 13 0
   Repacking 4933: 14 0
   Repacking 4934: 11 1 0
   Repacking 4935: 12 3 0
   Repacking 4936: 11 1 0
   Repacking 4937: 11 0
   Repacking 4938: 7 0
   Repacking 4939: 14 1 0
   Repacking 4940: 13 1 0
   Repacking 4941: 9 1 0
   Repacking 4942: 9 0
   Repacking 4943: 14 2 0
   Repacking 4944: 14 0
   Repacking 4945: 12 0
   Repacking 4946: 10 0
   Repacking 4947: 9 0
   Repacking 4948: 14 2 0
   Repacking 4949: 12 0
   Repacking 4950: 9 1 0
   Repacking 4951: 11 1 0
   Repacking 4952: 17 1 0
   Repacking 4953: 12 0
   Repacking 4954: 13 1 0
   Repacking 4955: 11 2 0
   Repacking 4956: 14 1 0
   Repacking 4957: 14 1 0
   Repacking 4958: 10 2 0
   Repacking 4959: 7 1 0
   Repacking 4960: 9 0
   Repacking 4961: 8 1 0
   Repacking 4962: 12 1 0
   Repacking 4963: 9 0
   Repacking 4964: 13 0
   Repacking 4965: 9 0
   Repacking 4966: 11 1 0
   Repacking 4967: 14 1 0
   Repacking 4968: 6 1 0
   Repacking 4969: 10 2 0
   Repacking 4970: 10 0
   Repacking 4971: 12 2 0
   Repacking 4972: 13 0
   Repacking 4973: 13 1 0
   Repacking 4974: 15 0
   Repacking 4975: 12 1 0
   Repacking 4976: 10 0
   Repacking 4977: 12 0
   Repacking 4978: 13 0
   Repacking 4979: 9 1 0
   Repacking 4980: 12 1 0
   Repacking 4981: 13 2 0
   Repacking 4982: 9 2 0
   Repacking 4983: 12 2 0
   Repacking 4984: 10 0
   Repacking 4985: 17 2 0
   Repacking 4986: 12 0
   Repacking 4987: 9 0
   Repacking 4988: 12 1 0
   Repacking 4989: 13 1 0
   Repacking 4990: 14 1 0
   Repacking 4991: 12 0
   Repacking 4992: 10 1 0
   Repacking 4993: 14 3 0
   Repacking 4994: 14 0
   Repacking 4995: 11 0
   Repacking 4996: 14 2 0
   Repacking 4997: 11 0
   Repacking 4998: 8 0
   Repacking 4999: 11 0
   Configure atoms for hydrogen relaxation...
   TYR A1096 (n_subres= 2,n_conf=  3) has  10 neighbors and               8 states... Loop over     8 states...
   CYS A1097 (n_subres= 2,n_conf=  5) has   4 neighbors and               8 states... Loop over     8 states...
   THR A1102 (n_subres= 1,n_conf=  4) has   6 neighbors and              16 states... Loop over    16 states...
   SER A1103 (n_subres= 1,n_conf=  3) has   8 neighbors and              48 states... Loop over    48 states...
   SER A1104 (n_subres= 2,n_conf=  5) has   8 neighbors and              24 states... Loop over    24 states...
   SER A1106 (n_subres= 1,n_conf=  3) has   5 neighbors and              12 states... Loop over    12 states...
   ASP A1107 (n_subres= 3,n_conf=  6) has   7 neighbors and              12 states... Loop over    12 states...
   GLU A1110 (n_subres= 3,n_conf=  6) has   8 neighbors and              12 states... Loop over    12 states...
   THR A1117 (n_subres= 1,n_conf=  3) has   4 neighbors and               2 states... Loop over     2 states...
   GLU A1129 (n_subres= 3,n_conf=  6) has   2 neighbors and               3 states... Loop over     3 states...
   TYR A1131 (n_subres= 2,n_conf=  4) has   8 neighbors and               6 states... Loop over     6 states...
   GLU A1132 (n_subres= 3,n_conf=  6) has   8 neighbors and              96 states... Loop over    96 states...
   THR A1151 (n_subres= 1,n_conf=  4) has  10 neighbors and              12 states... Loop over    12 states...
   GLU A1154 (n_subres= 3,n_conf=  6) has   4 neighbors and               3 states... Loop over     3 states...
   CYS A1156 (n_subres= 2,n_conf=  5) has   7 neighbors and              36 states... Loop over    36 states...
   SER A1157 (n_subres= 1,n_conf=  3) has   6 neighbors and             108 states... Randomly pick   100 states...
   GLU A1158 (n_subres= 3,n_conf=  6) has   5 neighbors and              27 states... Loop over    27 states...
   ASP A1160 (n_subres= 6,n_conf= 11) has  10 neighbors and             324 states... Randomly pick   100 states...
   GLU A1161 (n_subres= 3,n_conf=  6) has   9 neighbors and             432 states... Randomly pick   100 states...
   ASP A1163 (n_subres= 3,n_conf=  6) has  10 neighbors and            7776 states... Randomly pick   100 states...
   GLU A1167 (n_subres= 3,n_conf=  6) has  11 neighbors and              72 states... Loop over    72 states...
   SER A1172 (n_subres= 1,n_conf=  4) has   8 neighbors and               4 states... Loop over     4 states...
   CYS A1182 (n_subres= 2,n_conf=  5) has  11 neighbors and               4 states... Loop over     4 states...
   SER A1186 (n_subres= 1,n_conf=  3) has   9 neighbors and              24 states... Loop over    24 states...
   SER A1189 (n_subres= 1,n_conf=  3) has   5 neighbors and               8 states... Loop over     8 states...
   GLU A1197 (n_subres= 3,n_conf=  6) has  10 neighbors and              96 states... Loop over    96 states...
   ASP A1203 (n_subres= 3,n_conf=  6) has   8 neighbors and             192 states... Randomly pick   100 states...
   SER A1206 (n_subres= 1,n_conf=  4) has   6 neighbors and              72 states... Loop over    72 states...
   GLU A1210 (n_subres= 3,n_conf=  6) has   7 neighbors and              48 states... Loop over    48 states...
   THR A1211 (n_subres= 1,n_conf=  4) has   9 neighbors and              12 states... Loop over    12 states...
   SER A1216 (n_subres= 1,n_conf=  3) has   5 neighbors and               4 states... Loop over     4 states...
   SER A1219 (n_subres= 1,n_conf=  3) has   3 neighbors and               1 states... Loop over     1 states...
   SER A1220 (n_subres= 1,n_conf=  2) has   5 neighbors and               1 states... Loop over     1 states...
   ASP A1225 (n_subres= 3,n_conf=  6) has  11 neighbors and              72 states... Loop over    72 states...
   ASP A1232 (n_subres= 3,n_conf=  6) has  12 neighbors and            2304 states... Randomly pick   100 states...
   CYS A1235 (n_subres= 2,n_conf=  5) has  10 neighbors and            1152 states... Randomly pick   100 states...
   CYS A1237 (n_subres= 2,n_conf=  5) has  12 neighbors and             108 states... Randomly pick   100 states...
   TYR A1239 (n_subres= 2,n_conf=  4) has  11 neighbors and             144 states... Randomly pick   100 states...
   GLU A1241 (n_subres= 3,n_conf=  6) has  10 neighbors and             108 states... Randomly pick   100 states...
   GLU A1242 (n_subres= 3,n_conf=  6) has   6 neighbors and             216 states... Randomly pick   100 states...
   ASP A1249 (n_subres= 3,n_conf=  6) has   9 neighbors and             576 states... Randomly pick   100 states...
   CYS A1255 (n_subres= 2,n_conf=  5) has  10 neighbors and               4 states... Loop over     4 states...
   THR A1258 (n_subres= 1,n_conf=  3) has   8 neighbors and              48 states... Loop over    48 states...
   CYS A1259 (n_subres= 2,n_conf=  5) has   6 neighbors and               8 states... Loop over     8 states...
   ASP A1270 (n_subres= 3,n_conf=  6) has   7 neighbors and             576 states... Randomly pick   100 states...
   ASP A1276 (n_subres= 3,n_conf=  6) has   6 neighbors and             144 states... Randomly pick   100 states...
   TYR A1278 (n_subres= 2,n_conf=  4) has  11 neighbors and             256 states... Randomly pick   100 states...
   CYS A1288 (n_subres= 2,n_conf=  5) has   5 neighbors and               4 states... Loop over     4 states...
   GLU A1299 (n_subres= 3,n_conf=  6) has  11 neighbors and              72 states... Loop over    72 states...
   GLU A1303 (n_subres= 3,n_conf=  6) has   4 neighbors and               9 states... Loop over     9 states...
   THR A1307 (n_subres= 1,n_conf=  4) has   9 neighbors and              24 states... Loop over    24 states...
   SER A1308 (n_subres= 1,n_conf=  3) has   7 neighbors and              18 states... Loop over    18 states...
   THR A1310 (n_subres= 1,n_conf=  3) has  14 neighbors and             144 states... Randomly pick   100 states...
   ASP A1311 (n_subres= 3,n_conf=  6) has  14 neighbors and             216 states... Randomly pick   100 states...
   THR A1312 (n_subres= 1,n_conf=  3) has  11 neighbors and             144 states... Randomly pick   100 states...
   SER A1314 (n_subres= 1,n_conf=  3) has  11 neighbors and               3 states... Loop over     3 states...
   GLU A1321 (n_subres= 3,n_conf=  6) has  14 neighbors and              48 states... Loop over    48 states...
   SER A1324 (n_subres= 1,n_conf=  3) has   7 neighbors and               6 states... Loop over     6 states...
   TYR A1327 (n_subres= 2,n_conf=  3) has   9 neighbors and              48 states... Loop over    48 states...
   TYR A1330 (n_subres= 2,n_conf=  4) has  13 neighbors and              32 states... Loop over    32 states...
   SER A1332 (n_subres= 1,n_conf=  3) has   3 neighbors and               2 states... Loop over     2 states...
   SER A1334 (n_subres= 1,n_conf=  3) has   5 neighbors and              24 states... Loop over    24 states...
   GLU A1337 (n_subres= 3,n_conf=  6) has   6 neighbors and              12 states... Loop over    12 states...
   GLU A1340 (n_subres= 3,n_conf=  6) has   6 neighbors and               6 states... Loop over     6 states...
   THR A1343 (n_subres= 1,n_conf=  3) has   9 neighbors and              18 states... Loop over    18 states...
   SER A1344 (n_subres= 1,n_conf=  3) has   4 neighbors and               3 states... Loop over     3 states...
   ASP A1349 (n_subres= 3,n_conf=  6) has   5 neighbors and               6 states... Loop over     6 states...
   CYS A1354 (n_subres= 2,n_conf=  5) has   9 neighbors and               4 states... Loop over     4 states...
   TYR A1359 (n_subres= 2,n_conf=  4) has  13 neighbors and             192 states... Randomly pick   100 states...
   THR A1363 (n_subres= 1,n_conf=  3) has   8 neighbors and             128 states... Randomly pick   100 states...
   CYS A1365 (n_subres= 2,n_conf=  5) has  12 neighbors and              16 states... Loop over    16 states...
   GLU A1371 (n_subres= 3,n_conf=  6) has   5 neighbors and              36 states... Loop over    36 states...
   ASP A1372 (n_subres= 3,n_conf=  6) has   6 neighbors and             864 states... Randomly pick   100 states...
   GLU A1381 (n_subres= 3,n_conf=  6) has   7 neighbors and              72 states... Loop over    72 states...
   GLU A1384 (n_subres= 3,n_conf=  6) has   8 neighbors and             144 states... Randomly pick   100 states...
   TYR A1385 (n_subres= 2,n_conf=  3) has   8 neighbors and             864 states... Randomly pick   100 states...
   CYS A1386 (n_subres= 2,n_conf=  5) has  13 neighbors and              48 states... Loop over    48 states...
   THR A1387 (n_subres= 1,n_conf=  4) has  10 neighbors and             288 states... Randomly pick   100 states...
   ASP A1389 (n_subres= 3,n_conf=  6) has   9 neighbors and              72 states... Loop over    72 states...
   ASP A1391 (n_subres= 3,n_conf=  6) has   5 neighbors and              18 states... Loop over    18 states...
   THR A1395 (n_subres= 1,n_conf=  3) has   7 neighbors and               2 states... Loop over     2 states...
   GLU A1400 (n_subres= 3,n_conf=  6) has   6 neighbors and              96 states... Loop over    96 states...
   TYR A1401 (n_subres= 2,n_conf=  4) has   4 neighbors and               8 states... Loop over     8 states...
